3.192215320009614880e-06 2.383739954381767941e-06 2.105417248684853758e-06 1.720119170271350955e-06 9.174866076343873565e-07 9.009055558618965302e-07 1.555160699377059263e-06 1.072331404675575987e-06 3.500400256430499578e-07 2.848081765478228575e-06 1.134634361672915564e-07
2.255524276895739687e-06 2.456253494802031526e-06 2.430397752507257912e-06 1.241306808960233823e-06 9.171957656684803423e-06 1.538794576319387543e-06 2.508354786642112577e-07 1.869681843747761492e-07 2.730935960761715425e-07 3.129750307163814828e-06 8.037633280912541359e-07
4.826082826246979145e-06 4.111607207782670449e-06 3.505821677659622385e-06 2.639627684174180198e-06 1.198259564928118873e-06 6.145381035067610154e-07 9.893116506865796144e-07 3.024836057077393787e-07 1.140812934671553117e-07 1.203468281937508163e-07 2.682108258359212916e-06
4.423413178181114301e-06 2.318557949540534448e-06 1.593623478591863758e-06 1.084698622138780256e-06 9.439677995372920151e-07 1.083162378534110776e-06 5.384179573087595239e-07 2.608564594557605596e-06 2.909962080965077332e-06 1.596230455097104972e-07 6.772157490193267608e-07
6.882759054289214636e-06 5.209748204176449050e-06 8.223496065638870932e-06 3.769120556579792010e-06 1.481607580834034274e-06 7.957187589552260823e-07 5.392526588059589117e-07 2.947746308455673143e-07 1.174962574803147721e-07 2.199887485313041536e-07 2.218044547602646635e-07
1.265093817426501126e-05 8.468064825730933594e-06 4.339683872881140505e-06 1.982249639108476141e-06 1.166781170696860020e-06 5.450246560132311257e-07 3.835087907987563862e-07 2.017082803567260516e-07 1.207283424011258366e-07 1.860304391521972350e-06 1.274848723466267587e-06
6.434502376202329188e-06 3.311903891012793834e-06 2.641948271149649484e-06 2.040029601325486458e-06 1.064307665192338398e-06 9.275669748799765685e-07 6.013284746937305935e-07 1.296993234947876509e-06 3.231849133468441039e-07 2.106608560522492174e-07 4.580820444684065591e-07
8.899458270581929120e-06 5.250960960201698919e-06 4.246361931491670212e-06 3.666180547704453158e-06 2.845726893653043514e-06 3.539380396232448013e-05 4.577888657014540669e-07 2.497213712878964261e-07 7.733389746779381707e-08 1.130687173455445365e-06 1.107282632762576845e-06
3.560623535464149261e-06 3.225702049039517059e-06 2.682368101337041766e-06 2.046145299795644605e-06 1.522114319300467957e-06 1.309915604671100824e-06 2.087075571933727086e-06 1.535511343474739856e-06 1.996265036880913061e-07 2.165016754157887548e-07 1.577679296772578927e-07
6.332361264402263377e-06 4.674068359264683351e-06 3.310977713543649126e-06 1.802773876792565996e-06 7.731769858810909913e-07 5.086557214943166680e-07 4.002872458363238617e-07 7.006308743218124750e-07 4.122032767030011063e-07 1.026823254794004798e-06 1.971169593076360861e-06
4.216955921229388496e-06 2.225447309395178025e-06 1.515582894469688172e-06 2.191659699228015068e-06 3.383834692744722974e-06 1.166441356053910315e-06 9.904930983527426743e-07 3.037091949425251219e-06 3.253291679220864304e-07 3.768455112126718895e-06 1.523622944195485589e-06
4.249436161666492656e-06 3.325579180711143711e-06 2.227515708082121193e-06 1.119638861965056066e-06 7.752368749154185112e-07 6.816784426537742407e-07 4.725122991837546548e-07 4.742550646432795965e-07 1.127028708998750100e-07 7.793838725573308428e-08 1.163517765040446403e-07
4.821706326534803271e-06 3.462309848079029461e-06 1.640807591491988430e-06 7.302474065245483711e-07 5.314088873131300326e-07 4.051641032186968832e-07 3.158081142197506888e-07 2.332178205020693825e-07 5.819264415026197993e-07 1.006525564823295275e-06 1.916409373470027048e-06
9.525846799524494195e-06 5.749150808993908685e-06 2.455723082990392988e-06 1.449499766148868847e-06 1.024905246555088322e-06 7.168636977733964478e-07 6.022440765372251813e-07 3.456518190814318506e-07 2.074011695591270802e-07 2.058883719835055281e-06 1.333885196334772970e-06
1.062089440996129576e-05 8.627880770968173406e-06 3.407066712451665402e-06 2.184048063929599747e-06 1.301307808914357336e-06 1.209450426539028240e-06 8.496354913884698290e-07 3.345309802725580764e-07 3.736066164259609329e-07 6.180781710188201414e-08 5.816309387592701055e-08
2.673097122502505489e-06 1.944142915388985564e-06 1.178709631102064012e-06 8.986538749434505365e-07 8.282828511600953894e-07 5.487022470464355454e-07 3.761066510496017982e-07 3.204476923922876721e-07 3.790854329691342172e-07 5.963088479375122891e-07 1.152455488958131352e-06
5.487703680318734898e-06 3.466567369370391927e-06 3.487946321399162467e-06 2.641537568743220530e-06 1.077646958902668766e-06 6.163694788799172730e-07 4.106009399981414038e-07 2.338958006819166140e-07 9.950190923835610963e-07 2.484959951807205795e-07 5.134322754914054294e-07
5.022444991710358059e-06 3.213543660550837599e-06 1.953525849456417431e-06 1.361089414872309376e-06 9.229605361442387917e-07 6.194028547993732927e-07 4.841984918439282407e-07 9.618431295408929099e-07 3.061750524281262953e-07 2.205447944215493598e-06 1.225816573902266017e-07
5.815377463657258955e-06 5.998329359605285624e-06 7.296905187094779428e-06 5.747574234159638773e-06 2.644151455911519478e-06 1.488068266951437454e-06 6.438516744707078778e-07 3.008965138219814760e-07 1.064768923322301048e-07 4.677500468807808420e-08 5.536842938664726453e-08
1.172957203781102261e-05 1.040551808975197681e-05 7.263947183473391233e-06 3.906602552236344157e-06 1.598788918956183179e-06 8.961587350830813485e-07 4.761193090272371245e-07 2.579397116023507013e-07 1.036744535155115520e-07 2.489352858616498244e-07 2.762573106009068743e-07
9.912724219290612615e-06 8.844319242492964167e-06 3.994151264972434528e-06 1.634790911955088476e-06 8.292535950835519208e-07 6.591898887441705691e-07 3.768944112681015402e-07 2.467305685680113829e-07 1.811692374453314750e-07 2.429102251046208585e-06 3.141029689004272904e-08
4.196921070558211640e-06 2.974687168193411200e-06 1.767940907962143555e-06 1.002524432528595400e-06 7.472063273766204903e-07 5.311491534146446368e-07 4.735490428338465179e-07 4.756918775717734703e-07 8.975354304324201344e-07 1.773116613564080460e-07 4.753361535767669565e-07
4.985439124392517389e-06 4.441837780563527436e-06 3.432942362412822179e-06 2.006011121429333834e-06 1.466019020112612593e-06 9.172410338405436838e-07 5.425421645748010591e-07 3.471813930285830606e-07 1.926831242954855697e-07 2.819051789459375890e-07 1.731612848025101067e-06
9.397538173692596505e-06 7.649046816740103028e-06 5.281838231665404799e-06 2.539077398618426729e-06 1.341738422865598893e-06 7.363192149897594540e-07 4.677717314157605553e-07 4.138190404027578608e-07 1.566614888628077703e-07 1.457849724281698170e-07 8.758571932564514979e-07
2.494379006434575832e-06 2.497276078218523958e-06 9.533999539245045813e-07 6.053028529262192216e-07 5.052123655005704372e-07 3.161126627142246509e-07 2.357390253991909336e-07 1.677700337237221158e-07 1.430480188865779615e-07 3.983037831196974796e-07 8.670340271004743853e-08
4.880673333152230729e-06 3.292986346499661223e-06 2.021621205685317837e-06 1.312669671611494828e-06 7.931746433395007668e-07 5.161399131427294623e-07 3.608154257273292437e-07 2.934814061236246403e-07 2.789599157206465397e-07 1.263223402350038282e-06 6.973186234772716273e-08
1.273496360285900146e-05 6.614732581040534641e-06 2.958510811821065105e-06 2.068097850493464646e-06 1.143098204855587512e-06 6.598590631763975458e-07 9.952651095628317779e-07 2.916368688026757414e-07 1.027106464837016308e-07 5.905697609186621857e-08 4.614459834591232619e-06
2.991527262283528260e-06 2.426136790064319229e-06 2.152050703168173005e-06 1.608327685786483931e-06 1.438478358233923527e-06 8.884034515251014122e-07 5.703531630868476721e-07 3.613029296922566516e-07 1.301191781477207585e-07 2.703687939489667127e-07 2.815896524322100901e-06
2.229665869193057209e-06 3.120538996626639660e-06 3.438975633306765305e-06 2.675621813797612054e-06 1.294461481343075221e-06 9.204174990203103274e-07 3.705598491036672577e-06 2.251223671960845310e-07 7.775479758608297746e-07 5.537200459886044878e-08 4.210445270819879063e-08
1.126094089274915378e-05 3.632984803990609925e-06 2.767698403427046078e-06 2.223538034857798398e-06 2.252141391303716275e-06 1.116115729836705269e-06 1.418851586003407837e-06 3.182703501918049492e-07 4.661575176706456739e-07 1.461174909774614192e-06 6.563569625938458262e-07
5.526561266848154045e-06 3.753753144703468303e-06 2.664513381089684071e-06 1.455391838223832170e-06 9.642537345529112526e-07 6.504685327802670004e-07 1.009358720865458663e-06 3.089942102974072320e-07 2.113506267770521350e-07 2.536971514964436715e-07 7.354180957866512261e-08
4.094471773889990569e-06 2.374651071583811919e-06 1.684716031615074632e-06 1.289829050570145127e-06 8.054953249798516688e-07 5.268211541964239286e-07 3.334326971872698572e-07 2.913569570082827737e-07 1.243891861569188384e-07 7.885586907942158382e-08 1.541783044106872592e-06
4.175731586115862791e-06 2.757920462088441460e-06 1.375255222505379005e-06 9.417017642303069497e-07 6.652666255599187025e-07 4.471282318807107087e-07 3.198556466891177777e-07 2.423330268264968371e-07 1.205192981039729202e-06 7.900019221811515389e-08 4.704498821424453588e-06
3.827314269540278866e-06 2.526552990952159076e-06 2.006756332273162183e-06 1.282487975816808804e-06 1.245415021842923073e-06 1.290802607463417468e-06 3.763914603626334073e-06 4.595664867224049034e-07 1.407377341751806469e-06 1.037623243892121313e-06 3.230273077362712397e-07
5.452560538074048363e-06 3.972868971829325616e-06 3.735730686679850039e-06 1.124089759722115680e-06 7.482478035366463706e-07 6.073094652990722142e-07 4.194833709037553990e-07 2.771626347881028013e-07 1.462173254561266922e-07 3.006841321937257756e-08 4.430130829559149604e-08
5.731884663874812318e-06 3.766767402646995316e-06 3.004516508846297668e-06 5.705074098708747699e-06 1.490154759932871945e-06 7.346006648429750243e-07 5.338655223440970340e-07 2.330369602835515431e-07 9.417073422822076343e-08 1.293273279910543553e-07 4.977051163790156318e-07
7.554142154388757249e-06 5.338860985090768120e-06 3.399386518891835508e-06 2.087881194090683475e-06 1.212541790175762101e-06 1.101292682947672397e-06 4.620546373708637648e-07 2.225190898285224327e-07 1.357948753823180377e-07 6.174562185190741418e-08 1.731786689844536984e-07
1.008737301781327448e-05 8.388171120390333808e-06 5.430227684880006415e-06 3.865102538901586265e-06 1.497089563228013193e-06 5.860664413191708158e-07 3.033313413705342428e-07 2.084621552996503564e-07 1.828035180903593825e-07 3.264638177920786588e-06 1.438811093082861261e-07
7.235049629920748222e-06 4.695022203703452512e-06 2.785976200528220489e-06 1.721862176239844360e-06 6.941438457555845889e-07 3.970030669079868933e-07 3.026934083549730790e-07 1.891248382836078222e-06 4.356520521598536913e-07 4.405701526517531884e-06 1.020435581726962621e-07
5.427898061455246969e-06 4.757195499931503135e-06 3.379818233644969203e-06 1.930437356339407542e-06 1.316783104737968720e-06 8.237776126384492329e-07 4.790651484512720389e-07 5.357182507942016363e-07 1.920431584154078655e-07 1.996165428073504194e-07 2.586391901749791316e-07
5.066595269151549868e-06 4.364345988550540326e-06 3.097357391488977617e-06 2.665172157005446023e-06 1.430064580605636101e-06 8.381117486376584928e-07 7.335732207132234511e-07 3.656318221882163604e-06 2.006859910369294668e-07 5.705263191881560363e-07 3.257659365445521478e-07
9.387945135258319082e-06 5.044218732349246613e-06 3.942771843851375052e-06 2.441202688686529130e-06 1.316327860682277047e-06 7.994702840529060180e-07 4.510039853106303859e-07 3.735500276518997952e-07 2.088906725466925814e-06 2.197417526544857985e-07 1.697423096817343631e-08
9.618137078468518811e-06 7.012778220101035984e-06 3.293270055687647382e-06 1.463032178254782063e-06 1.284991490777519096e-06 5.306019651556446145e-07 1.900649923981781703e-07 6.702519201121500868e-08 1.823202070503873006e-08 4.377216132962026631e-07 9.745443493008961627e-07
7.084307605873144048e-06 5.422813111184837631e-06 3.156231161952828014e-06 2.298809450196072132e-06 1.380424600013615240e-06 7.859748690272326088e-07 4.565123291657134538e-07 1.570198962206867533e-06 1.303603219559839733e-07 4.414557413949663209e-08 6.888236805365931801e-08
1.142155849054449568e-05 5.596458301306185415e-06 3.597160761389163689e-06 2.183877411603310940e-06 1.258081811019254811e-06 6.456149526877124414e-07 4.184279534303321851e-07 2.286056994071845624e-07 1.254402675250674396e-06 1.859518380424355583e-06 2.614743134936167084e-07
8.207199842075721378e-06 4.812790278742888970e-06 2.751335931844110077e-06 1.271054131201893631e-06 8.748424638074034040e-07 5.140435092841681580e-07 3.077499847253278465e-07 1.742827749257432990e-07 1.486618176073903421e-07 7.724402450756625834e-07 6.895367862517213111e-07
8.580477772117359479e-06 5.945717869993175789e-06 4.283938119308033349e-06 2.435912189665245177e-06 1.057330156782999310e-06 6.795291511147443652e-07 2.112187455700517207e-06 5.004535170048500684e-07 5.345728224788356872e-07 7.253973841610332292e-08 3.142231746232139889e-06
6.302207509254887898e-06 4.420688476759314214e-06 4.455058271670362050e-06 2.053553964029272183e-06 1.320245732429445872e-06 9.510288645645046529e-07 7.306402054311911073e-07 3.329270782216089048e-07 1.550489186660239069e-07 7.237695251173575259e-07 1.295713290871004479e-06
6.401753883375646358e-06 3.409070138299667542e-06 2.732849971190152561e-06 1.997926728356081573e-06 1.021518321916142526e-06 7.450643499348332352e-07 4.388080290537962208e-07 2.817272126571911786e-07 4.310120146895577628e-07 1.342720233933342739e-06 6.042394060270170742e-08
4.755462904635681015e-06 3.273759742999488897e-06 1.626455056299365532e-05 1.586238747900136198e-06 1.030497312715791452e-06 1.360478904649188562e-06 4.492979218752734580e-07 1.853209428327627049e-06 2.427652157572446517e-07 7.019136685061172816e-08 5.620430473193129559e-07
8.238594814971448769e-06 5.304172500157620713e-06 3.391033558791796434e-06 1.951078940811680854e-06 1.556218617924579138e-06 1.101658593683058815e-06 6.302300105002424477e-07 3.642301692732470094e-07 2.368490784040134843e-07 1.357575591265022585e-07 5.331406523758944856e-07
5.552153836191981508e-06 3.774540367582190339e-06 2.330227966389663275e-06 1.239939562990428131e-06 7.913940367930215975e-07 4.706004137163379419e-07 3.635119193716825341e-07 1.545188294643044425e-07 1.092411940123204061e-07 8.946166819437772692e-08 3.142942856171027852e-06
5.310344038722036805e-06 4.348165184561128045e-06 4.405428094846438168e-06 3.825603217474156736e-06 1.324309472532861249e-06 7.693016772856471791e-07 4.349234517127314521e-06 5.546986378874059153e-07 1.917336744886696889e-07 5.136807978731607372e-06 2.945068318394624848e-07
2.557821646757309558e-06 2.986259908344543295e-06 2.009848582759822494e-06 2.037497022400995533e-06 1.663882608328064627e-06 1.206457592061691439e-06 4.503527612266471861e-07 2.497691600606221640e-07 1.444621271998455630e-07 7.174134210379667812e-08 4.446741973916970476e-07
8.129304729662047659e-06 7.425547749500003321e-06 4.640177022650766871e-06 2.919359092058350616e-06 2.385052213394821135e-06 1.219535537446834343e-05 4.865866745764891119e-07 3.037309399856086480e-07 5.728607681287176040e-07 5.931149753714100668e-07 3.723726555289567375e-08
7.069480857379398918e-06 5.772484964863147205e-06 4.178243255251257891e-06 2.496484081478701840e-06 1.258034390661036674e-06 5.838722389956437316e-07 5.273401412897316871e-07 3.321195182080095707e-07 1.295727699948488000e-07 7.961767421215401357e-08 7.054890101366036851e-08
8.401908329092625606e-06 4.983119260503568470e-05 3.247563377752327959e-06 2.324461419187256812e-06 2.188663919899492226e-06 1.706353380117336677e-06 4.882074141085850099e-07 3.782095530008420728e-07 1.580117710242656035e-07 1.832631737869309934e-07 7.046307219229278922e-07
1.439577278886836066e-05 1.013256517198457771e-05 5.684795459394219213e-06 3.349041026239047514e-06 1.505036046787031555e-06 7.678256618888995596e-07 3.481074716772979170e-07 1.576371805630960834e-07 2.628400440015998771e-07 1.810888046542241261e-07 1.226160220157546983e-06
6.406911776501533249e-06 4.295444938400697989e-06 2.303881670415937941e-06 1.382625840618745747e-06 7.470657449002833132e-07 4.780529759206138668e-07 3.214668736017635643e-07 2.346168952955854136e-07 2.195266530969598246e-07 1.424096951487082383e-06 2.830200609967696401e-07
9.022200426821023371e-06 4.465383532843302225e-06 2.833804206156506372e-06 1.680100104746225409e-06 1.101124131517645239e-06 7.463248664990056890e-07 4.155126433194497924e-07 2.245483961385558104e-07 2.985438133383676260e-07 4.100397659733184978e-07 1.412069046338189284e-06
7.043230629757043112e-06 5.651984832530308147e-06 4.225587441406012865e-06 2.968287663004376889e-06 1.886439305637429367e-06 7.633208954661587056e-07 1.725822965263508602e-06 2.165435879233647447e-07 9.831403031971395483e-08 9.172540772746413843e-07 1.771346031283650044e-07
7.245171329397454298e-06 6.681149589920955702e-06 6.903247123500177380e-06 3.946791191750241618e-06 1.967302533716229008e-06 8.988950109060661540e-07 5.174970893548119871e-07 2.956268362420006133e-07 1.672644006861367128e-07 1.239603908475715724e-07 2.812119217827350154e-08
1.147251945321761209e-05 6.336989933331383287e-06 3.286654269744823004e-06 2.297814958437502356e-06 1.455857515765030258e-06 8.442751613845894959e-07 4.237133025964422607e-07 2.884890288848082136e-07 1.957160578493726627e-07 2.333734445165888548e-06 4.017529798497933888e-07
2.919101573367335976e-06 2.250870343577518086e-06 9.346504321223786217e-06 1.433595097122292104e-06 8.829342010094003962e-07 5.494965181117734740e-07 6.565041446593501196e-07 5.291429255972605362e-06 2.846738664591877993e-07 3.342297256034968971e-07 1.493604023687462755e-07
1.067945445864223622e-05 5.029661461308467542e-06 2.914103239310147227e-06 2.092822358722514127e-06 1.750300913403945592e-06 7.801855469993137380e-07 4.760624228514244826e-07 4.094053750287762662e-07 2.190321957228348535e-07 1.273818845997202624e-07 1.047189981655351382e-07
7.007219196947536984e-06 4.975806177752918833e-06 2.875776188142203785e-06 1.639890312489616353e-06 9.204965446229318264e-07 3.909133280471996932e-07 4.875994233240302537e-07 4.278133167315450628e-07 3.761809904504694480e-07 8.136213917227003880e-07 1.536598776813798381e-06
6.198087923955590726e-06 3.216560156604289115e-06 2.323800286359022612e-06 1.362638686932000122e-06 1.017771557680341387e-06 1.436079582414155222e-06 4.562198197362312143e-07 4.160464652630394226e-07 2.716733703202320742e-06 9.998920363863968587e-08 1.254891649671827711e-06
8.102367655236793786e-06 3.930650778885035370e-06 2.558873741230844544e-06 2.067552137863980625e-06 1.455861066115399468e-06 8.563262974982377562e-07 5.045746219667990171e-07 3.660013572049472656e-07 8.893586072883279972e-08 2.781522318941607808e-08 1.600116212598979899e-08
5.741165688050947575e-06 3.971760614733056500e-06 2.459110136063644592e-06 2.310033157962535005e-06 3.717774285381807304e-06 5.110277589567453768e-07 3.140734452272153264e-07 1.794447204059542446e-07 1.927395077769709106e-07 5.483442792140549972e-06 1.236326849300681408e-07
6.650646360108712381e-06 5.903892850830163892e-06 3.699366098823603750e-06 1.782667521178438841e-06 1.207453730845899783e-06 6.992477652805325048e-07 5.474461290702251546e-07 3.051678369577694926e-07 1.564607934745467982e-07 2.169297649275807028e-06 2.058036417304772192e-07
6.963039128081733312e-06 5.421312592029388678e-06 4.209255062732525443e-06 3.525988039027102636e-06 2.323638067044067097e-06 6.483144669142223145e-07 5.068893004991986655e-07 8.876879540382276751e-07 1.501212428758409373e-07 2.638891321000137764e-07 1.176192868819871063e-07
6.098362348539146770e-06 4.924940172270949417e-06 2.555573872396371844e-06 1.473248243644946681e-06 9.897005886317746019e-07 8.090312507465053503e-07 3.687116927301072164e-07 2.029404106403213007e-07 9.428538727873907558e-08 2.733714309805845109e-08 9.577702257747561570e-08
4.638546183897511941e-06 3.012332123354041667e-06 2.172914414999534418e-06 1.295730365661969453e-06 8.359473398730348470e-07 5.898907777891895533e-07 3.731538831438489914e-07 2.523199298234290302e-07 3.238427238929684948e-07 5.764952399779792596e-07 1.264048158540199003e-07
8.017042569265806783e-06 5.167728680634370445e-06 3.534728221108793759e-06 2.206987138850773378e-06 5.376588495280034801e-06 1.094710325292902036e-06 5.342354782921178995e-07 1.972603127951213959e-07 9.092591058065202479e-08 5.430542144008983866e-08 1.874505949818557225e-07
1.041707794383682694e-05 4.912005111435680875e-06 3.441998637626124918e-06 2.279708483395405064e-06 1.127209454719499827e-06 8.102672853422060888e-07 6.019579968337796425e-07 3.472019847872711557e-07 1.931537091504744901e-07 4.903992149588716884e-07 7.160391195123866727e-07
2.353572762526947546e-06 1.902759564948152250e-06 3.179585932538796194e-06 2.417574258141075828e-06 9.497022824233129807e-07 5.382748756477191240e-07 3.021676541442696412e-07 1.811436951051973390e-07 1.446674957520360085e-07 2.976261047805653730e-07 1.357930817952669850e-06
8.690141891609394939e-06 5.770675351595133527e-06 4.053199699292342699e-06 4.424260989310022340e-05 2.912276789690642317e-06 9.706839477741023300e-07 5.216668322753476286e-07 2.727786031093363358e-07 1.137087946583218249e-07 4.877218728891954187e-08 2.857807378190936006e-07
1.408599513820245469e-05 1.098299219803375129e-05 4.650197801454788858e-06 2.704192034415764842e-06 1.790182009091604378e-06 9.889839367353990238e-07 5.453659041601980546e-07 2.253531764443844765e-07 1.044862883521283640e-07 3.813650069822293278e-07 3.042827809889697239e-07
9.082086141225536349e-06 8.619883575318295152e-06 2.948101877035834279e-06 2.128532334217380218e-06 1.274807735951001220e-06 8.312705077320593861e-07 4.896021716942689445e-07 2.811166702090175650e-07 1.487014961749003676e-07 1.273374184542553306e-07 3.939814416163038964e-07
8.127011935756314935e-06 6.636269689371539087e-06 7.079097714206569823e-06 3.639255586814299009e-06 2.943978162570529502e-05 1.325959679053726926e-06 5.898674375102936169e-07 3.430022573591606795e-07 2.669136667480057528e-07 6.101262030533916782e-08 3.111532256410764520e-08
1.434105783773548300e-05 6.983028629702470977e-06 4.799420621375136812e-06 3.296933542287427138e-06 2.696416996194139908e-06 9.759661649888469406e-07 5.909545607538191473e-07 3.101504659254316175e-07 1.970127726551618385e-07 1.030248451961655030e-07 5.994302721068220205e-08
1.219111208835690904e-05 7.475117524340861570e-06 3.074888844226732260e-06 1.560765620251885747e-06 9.729164830250986516e-07 5.194394425228566949e-07 3.503772551036736431e-07 2.602542118463284210e-07 1.211338520400322300e-07 2.238371149938433292e-07 3.847987698887867078e-08
6.669136107823476989e-06 5.678521962355766304e-06 4.157718331974559393e-06 2.195135868788522076e-06 1.182899500804421369e-05 1.116057182509726955e-06 7.052545531664338654e-07 2.141290811568298713e-07 9.343349369889219388e-08 2.628022571071036953e-08 6.320630986948268488e-09
8.680618763775516193e-06 5.394500596983986127e-06 2.886233840248483823e-06 2.484006717636721835e-06 1.458222794062121781e-06 2.969167820409202501e-06 1.067928973794786408e-06 1.893218821677360038e-07 1.816449265177509859e-07 1.930996421457346924e-07 3.956796492337097350e-08
1.073034376081122793e-05 9.187292327065027479e-06 5.504669284640948945e-06 2.938985749624966763e-06 1.239658984142504444e-06 6.171851237791847878e-07 5.335937342040297971e-07 3.526803306882656589e-07 1.047174638430400167e-07 7.218896152902619590e-08 5.654662832679964171e-08
7.158890503597719957e-06 4.776664593106498442e-06 2.891365545690690804e-06 1.982425729794273716e-06 1.093742597443042114e-06 7.236164008446543011e-07 8.459814448858747608e-07 2.190580711283328554e-06 6.266148783467895134e-07 2.742595770428143884e-08 1.861249252031826635e-07
3.683943952294818057e-06 3.392690366184230227e-06 2.649370802627972185e-06 1.119660268687689878e-05 2.089705066495112818e-06 1.285909756204809887e-06 9.663772961126922148e-06 3.259591107794530483e-07 4.614186823636064638e-07 4.962669410333977321e-08 3.375611220360163771e-07
1.541809752843459160e-05 6.233483322162195768e-06 3.178296942781016731e-06 2.084856425348351985e-06 1.225239724057047917e-06 7.963808000443541707e-07 5.486607034198598323e-07 3.696883832831688129e-07 1.933429459958989069e-07 1.899143477328464512e-07 8.324196403059096048e-07
2.646056693975829693e-06 1.607206820038850234e-06 2.238136614729547203e-06 4.863708887366946809e-06 1.550929583652293192e-06 1.065903158450053225e-06 2.715915719846940692e-06 3.630708739252256539e-07 1.187597215550274771e-06 1.261520884637232270e-07 1.231775353703315663e-07
6.862170432171206133e-06 5.556443079333902885e-06 5.048574933341151682e-06 3.215937284332341560e-06 1.763983391008942302e-06 9.107118367702598627e-07 3.866467741979385058e-07 2.146566752689551424e-07 1.615294302120149819e-07 8.826994673117183503e-08 3.714134386075672892e-08
2.162657164462348212e-05 1.557419436998940660e-05 6.713357652451235709e-06 3.715405733379042984e-06 2.397201250264631072e-06 1.128355650655507492e-06 3.005038795895222177e-06 2.457414717050816251e-07 1.564259129702408235e-07 7.866545802854698602e-08 4.013490456546718912e-08
4.765202486985773178e-06 4.091005000342099472e-06 2.555954611828590881e-06 2.477232497292890242e-06 2.252577289772069609e-06 5.337609475155382375e-06 6.498699720898279892e-07 5.021323784508889330e-07 1.763486475031996188e-07 5.172409807075661794e-08 9.986385918871071331e-08
7.041257551520228682e-06 7.473705590919630728e-06 2.578302428589823629e-06 1.687082632473115979e-06 1.261305238367739189e-06 8.747984734934376054e-07 5.786151168338112334e-07 1.839797462328685367e-07 8.255926519116174404e-08 1.243052830735971257e-07 1.329201205435898660e-07
1.061778813679119861e-05 9.968775350921099950e-06 7.186262174720117263e-06 2.800770930326462741e-06 1.394816234595303003e-06 8.707749817223446922e-07 3.943044712783594807e-07 2.209045327102748472e-07 1.411450351668398469e-07 3.844504713023027694e-07 8.900028446784620836e-08
3.992138224647080684e-06 3.600580934361159567e-06 2.140123655732259135e-06 1.513866951352407310e-06 1.041111110024013741e-06 6.778635927459928916e-07 7.128357438127990904e-07 7.946505071362077929e-07 8.826018974984762437e-08 8.756484582333185083e-08 9.172368568717380232e-09
9.964975810267424832e-06 4.807024143655531405e-06 3.064466326881233257e-06 2.289403713561284975e-06 1.446616088351573482e-06 8.579081703836639602e-07 4.852810953907146629e-07 2.527183519530132360e-07 1.819676865432452998e-07 6.176836248819167815e-08 1.879990239905769661e-06
3.296882031891847212e-06 2.759539276782853016e-06 2.237554579449815214e-06 3.005029934972004593e-06 2.172426476360266465e-06 1.010227265972153894e-06 3.756436037402670261e-07 1.914937456490236786e-07 2.427860409180515782e-07 9.215236083124707134e-08 1.779509959844535565e-06
6.674823645529881932e-06 3.803171313226597704e-06 2.858863564922153152e-06 1.361590639778852347e-06 9.433067049413480567e-07 5.258266296239586067e-07 3.997951206021154347e-07 3.070937744657402299e-07 1.707357148557188584e-06 2.550828371408805839e-07 6.409680172950546178e-07
5.922576914132488401e-06 4.275998751615106469e-06 3.476149647487896747e-06 2.447466302635949178e-06 1.363835697223732924e-06 8.813862853947030102e-07 5.261185003365404973e-07 3.309328415096403965e-07 2.017583727534475048e-07 5.547897277371412973e-07 1.260752237739084023e-06
4.618995976049569178e-06 3.447915755613444269e-06 2.666675890189365459e-06 2.263880927167269520e-06 1.328689700589328459e-06 5.804450540241122135e-07 4.077132773642939070e-07 2.051150311473822512e-07 1.647069441000485166e-07 1.431979682652760011e-07 8.472021825884347844e-08
4.551396449934148051e-06 2.571409738841668712e-06 2.090070864911929526e-06 1.334332649509450122e-06 2.411126560866431147e-06 1.283433356193330343e-06 5.166977519049237300e-06 3.012237226677876949e-07 2.088322550512413363e-07 6.866926219346007702e-08 3.522268630346310884e-08
7.566464454789003901e-06 6.074231316247815476e-06 5.999145778977230083e-06 2.961068236775800320e-06 1.528751502267129968e-06 8.338005519508187846e-07 5.200360572426807962e-07 3.061772520101741795e-07 1.008067520295780044e-07 4.308468174610925537e-08 1.961393992885751437e-08
1.830284550984000017e-05 1.202748220194235524e-05 4.626478805112859271e-06 2.391029308245858587e-06 1.158999426303193191e-06 7.985972756509600988e-07 3.274994745081150924e-07 1.720151971473216831e-07 7.293479626969352895e-07 1.210379608897131793e-07 2.504135129884789310e-08
1.143524450531027684e-05 8.140063793773945493e-06 3.539732886903801347e-06 2.724900708195916579e-06 1.452736335138834487e-06 8.061651859371055066e-07 5.365912091307075145e-07 3.591772003542292033e-07 2.056529264478504248e-07 1.003921155772211602e-07 1.263228808214690070e-08
4.900238898171746488e-06 3.833005234187719136e-06 3.271285750355094953e-06 2.092270307638195104e-06 4.077741463338008601e-06 9.584480068901726290e-07 3.258807028738064503e-07 2.463764821733511790e-07 1.118218091326388371e-07 8.618053566365276585e-08 3.384201656716916730e-07
5.805251716895871071e-06 4.990812808423070526e-06 3.009695495685104839e-06 1.744464589800251915e-06 1.325029349986284179e-06 2.372040925442143599e-06 6.535667630078878941e-07 3.038868890837013550e-07 1.564689673909434336e-07 1.329341255667772999e-06 1.343601598987269324e-07
6.258147190188238391e-06 4.524687845465650345e-06 2.596038994150375878e-06 1.708437209151457754e-06 1.148958238084505142e-06 1.223748541076849643e-06 4.284694643893943196e-07 2.235313001016884970e-07 1.040486730615609376e-07 3.881614656219092949e-08 1.093869011236385666e-06
4.975982255064008573e-06 4.159026944367119986e-06 6.616094573451724965e-06 1.952599300588968005e-06 9.758463512863436615e-07 5.415547167409100784e-07 3.425394187163036310e-07 1.675817251935960304e-07 1.043796347518780945e-07 2.518343130901679551e-07 5.699111321501955408e-07
8.697169174837128292e-06 4.502344820643045843e-06 3.163058140933193170e-06 2.014075158695050466e-06 1.257983339009151431e-06 8.860893912570901993e-07 6.603216400588437952e-07 3.430482573690232127e-07 2.351781317973567301e-07 9.602848958814040243e-08 3.312709616202422113e-08
5.402115174166157906e-06 3.455868129964430580e-06 2.061680144568086431e-06 1.172470391721213461e-06 7.359697625342840595e-07 7.357518860338949428e-07 1.629539179836044765e-06 5.852011503044768605e-07 2.560387958806894621e-07 1.351503706193208264e-07 4.775204653833051691e-08
4.405416231198632936e-06 3.089812128059226656e-06 2.069853618693564094e-06 2.086818194186643083e-06 1.145336825503437137e-06 8.441716252835873585e-07 6.973834064421871268e-07 3.007757388265099431e-07 1.307708124744660941e-07 7.471945289553285149e-07 9.399958816391513821e-08
3.542207974973793190e-06 3.066345827643417749e-06 2.606620028337497286e-06 2.699659653182042110e-05 1.062621901925885292e-06 7.651988256519549818e-07 4.965674408541912063e-07 2.314111354496789590e-07 1.039693957989621595e-07 8.925760104450539222e-07 3.767718526909804274e-08
7.527364465318034908e-06 5.533007548716529804e-06 2.819800234360571218e-06 1.923514225690491224e-06 1.462560481594322242e-06 1.065706592220232594e-06 1.352812984996238727e-06 5.773706625135956288e-07 1.717504802545681623e-07 8.373569118012786559e-07 1.710622165082216108e-08
6.503809612720683608e-06 6.702044771318588832e-06 4.420265634707958091e-06 2.389111656368274741e-06 1.371034833798500630e-06 8.683589718384026885e-07 4.486524813634834741e-07 2.680052680326804000e-07 9.412055260978477822e-08 5.159232411935581004e-08 8.878648977425439291e-08
5.578446243903961989e-06 3.445240434415400619e-06 3.044644363144020723e-06 2.035766890444339527e-06 1.098755898913983142e-06 3.535993225257115573e-06 5.203046207570024797e-06 5.243753517062035138e-07 8.675327360136847821e-08 3.543209909658050092e-08 2.654527409723498551e-07
5.667472728650823392e-06 5.344445146119595226e-06 3.558046117382869444e-06 2.275977400625404309e-06 1.330325533530049472e-06 9.912817911686820106e-07 6.359646672603300446e-07 5.003738917412613552e-07 1.807424728412367104e-07 5.003854182052399456e-07 1.448371713093980806e-07
4.534954878490176061e-06 3.446277391821016521e-06 2.625049818357232697e-06 2.507896684214332786e-06 1.806232933116358498e-06 1.657120429171273317e-06 6.589029369639036021e-07 3.201715263306934857e-07 1.774718824749617192e-07 8.124434883104276635e-08 5.622221081821216109e-08
9.821569526080736542e-06 5.615791143161630231e-06 2.576363340890913928e-06 1.930966694599748783e-06 1.311707639900686922e-06 5.833182998304399774e-07 3.485714622612906192e-07 2.692682839965309210e-07 1.379571845988218815e-07 1.153679570267336376e-07 4.765865195755778732e-07
9.566783299766611526e-06 5.574005288318353980e-06 4.484534665366366179e-06 6.573417825704031975e-06 1.732928604973418480e-06 1.301937746441922605e-06 6.301792191261570026e-07 2.848295417069905212e-07 6.523439773656616391e-08 2.503933181293860360e-08 7.474980629020589083e-09
5.546886030967711987e-06 4.402109032553758277e-06 2.273296767863876759e-06 1.362610213492060473e-06 1.456972083925909120e-06 9.361264391542995504e-07 4.982609074539702966e-07 3.237857235858370628e-07 1.456235626157765482e-07 2.273900885915894377e-07 3.672672300522137872e-08
4.563309719782744202e-06 3.348982605144466911e-06 2.402227056406976408e-06 4.515282813518924581e-06 1.049930820733576917e-05 6.556491802270625485e-07 5.153858821719914186e-07 5.450353773380937047e-07 4.731349782894295773e-07 1.442330539316003715e-07 2.082584991873335534e-08
6.782318450992577840e-06 4.423177659772124547e-06 3.221063971622327200e-06 2.128962037211575811e-06 1.191276042307618278e-06 7.679900516726102384e-07 4.880791088315165284e-07 1.298260488022172308e-06 9.568159581835189155e-08 1.012339110809016254e-07 1.562454525129696383e-06
1.236076804009567914e-06 1.679446559116406658e-06 6.462970102086523954e-07 4.038049161023165985e-07 4.836086762291871462e-07 2.349237730288310860e-07 3.986246447763108479e-07 5.030649917638485258e-06 2.060990830460817767e-07 5.633266455224329763e-08 3.362721114691741311e-08
3.931097834656250549e-06 3.829577215517191303e-06 3.739799076687414883e-06 2.557902187628800938e-06 2.330714710978877202e-06 3.005668324168759617e-06 2.074481640744993957e-06 5.294256787816972085e-07 9.503148148478152981e-08 2.132084226142982915e-07 7.790803061929517070e-09
9.620880107187953665e-06 7.404479442178271393e-06 6.486250945026754684e-06 4.591068830080213788e-06 2.075397105362577161e-06 5.996693047078366205e-07 3.065865860100764079e-07 2.054078962383031926e-07 2.371301227200983358e-07 7.042070014348865452e-08 9.648736017556383536e-08
1.061273422821398182e-05 6.613754833246943193e-06 4.387818334212875854e-06 2.243662888339688438e-06 1.237944006622951446e-06 7.622933944839700177e-07 1.274067677372982663e-06 5.121471624346212000e-07 1.227319706063618368e-07 2.710003975543315427e-07 7.607082394744896441e-09
4.672303007169007357e-06 4.451027577706303306e-06 3.845487001812840377e-06 2.125418089155160646e-06 1.218666041630587473e-06 1.119723710654999443e-06 2.288545857267124964e-06 5.277783932182040772e-07 3.046210911074219602e-07 1.706363395751240742e-07 1.128457094441752433e-07
6.906617832633306595e-06 7.697035137805951892e-06 6.201620835365822022e-06 7.534918040025394749e-06 6.457594610541813463e-06 6.735958735639905960e-07 3.259782928868386877e-07 1.030412499005090283e-07 1.807061381217748047e-07 2.281683792366374610e-08 6.522462604994214448e-08
1.361301860643769823e-05 8.521656223214811148e-06 4.175080197839535972e-06 2.088989801720190597e-06 1.170516781770359576e-06 6.757879559202970471e-07 4.004311443687575012e-07 2.528492643083071496e-07 2.280967549426132984e-07 3.621111205483791796e-07 1.117819899999589104e-07
1.298398428722083502e-05 6.272803773223636526e-06 3.195215267499837878e-06 2.034037442075666307e-06 1.320852716783207457e-06 6.290016743143529504e-07 7.075475570382459049e-07 1.555028477651687671e-06 1.697583804836724946e-07 1.437071174785985549e-07 1.275287658840652984e-08
6.596583990807911487e-07 9.952931999002196527e-07 6.678984679107833364e-07 4.181881495243971150e-07 3.735801728091003528e-07 2.624071102772277729e-07 2.691484614887136853e-07 1.002770765529326659e-06 1.498061147741727893e-07 6.920619612655238492e-07 2.497755336029673711e-08
2.990423755843276014e-06 2.265696783872338952e-06 1.681389390826313840e-06 1.087997117063097416e-06 1.296086763613403173e-06 9.550342165254822899e-07 5.477319337631106889e-07 3.990044251122786877e-07 2.727603289593874081e-07 1.870314680007474649e-06 6.596940928045200135e-08
4.842803185148914791e-06 3.769126477328592305e-06 3.923328939233692402e-06 3.372857500399241276e-06 2.867136734232535632e-06 2.242594552358033271e-06 3.620228605332198997e-07 2.025259003990901389e-07 6.175227739595703407e-08 2.251569571718365006e-08 2.367547189119512076e-08
8.550249013407541137e-06 4.378247427503081723e-06 3.619767444150368795e-06 1.800534068015768236e-06 1.077775719517193648e-06 6.485956885140674188e-07 2.750151780934063085e-07 2.185701757866294435e-07 8.617790277302441726e-08 4.416487013414270567e-08 8.158897873540863249e-08
6.323097893650400550e-06 7.242230673586316709e-06 4.579749487120393037e-06 1.473079456250437003e-05 3.802766944265572976e-06 2.639320811104050456e-06 8.563051770543744303e-07 8.808786513756537790e-07 1.150304683871031711e-07 3.411903962283304567e-08 6.853451238806576370e-08
7.483190485631200364e-06 5.420933289641533440e-06 2.928440760361844680e-06 2.043276540226101481e-06 1.093472891179192165e-06 7.330318353849321966e-07 5.484631583415622209e-07 3.436720690922166299e-07 5.847154028146152568e-07 3.987960250769373702e-08 2.705106334224432613e-08
1.091328137554874105e-05 6.678081664025395783e-06 3.451106094529350868e-06 2.221468267891410710e-06 1.299599521226839738e-06 5.579161933050148336e-07 7.224682487658011980e-07 1.965444051768978047e-07 1.033560961043232843e-07 5.056382405876668811e-08 3.053346997337795012e-08
5.183561627898189127e-06 3.933393842039991608e-06 2.575422289893406272e-05 2.997838973003985438e-06 2.002123387971779819e-06 1.356463755225432923e-06 5.823514391194403828e-07 3.043956219722793116e-07 1.695840567396783071e-07 3.829354154713558662e-08 6.521030646026553525e-09
1.079502615469229759e-05 6.283513421849906444e-06 3.795290559382965257e-06 2.324268745117493575e-06 1.232333967663467264e-06 6.964376992674553902e-07 6.096255228132752917e-07 4.588097682951426177e-07 1.250439764029408888e-07 1.425806204758267727e-08 1.650361557352107572e-07
4.858459211700416308e-06 3.699520598320009340e-06 3.320552929329300842e-06 2.706449551796757629e-06 1.627546798955199495e-06 7.616294450850386369e-07 3.618579695481360671e-07 2.015119772873190094e-07 9.649923034947439541e-08 1.439009733162396125e-07 1.221914504172299625e-06
2.249896827116204742e-06 1.596357243685433553e-06 1.586146235056232241e-06 2.977402958278706030e-06 6.445251124177724970e-07 5.557235433679004925e-07 1.207205856303383826e-06 1.333060809903951467e-06 1.042250558623410391e-07 2.777597469743850908e-07 4.284535776022588291e-08
1.209641411109399183e-05 9.965578124044569797e-06 6.469534941588383886e-06 2.904123465046632721e-06 1.242378303288748367e-06 8.236397244192935248e-07 3.963641032035825602e-07 2.107477327393121504e-07 1.073220435059624886e-07 6.818108772157205977e-08 4.066836697860672555e-08
1.888896689620810424e-05 7.263974123330142608e-06 4.656021227193729990e-06 2.525435879326876176e-06 1.339425640143647772e-06 7.726433110407695043e-07 5.377158275863421233e-07 2.444820911090456892e-07 1.813496414925640194e-07 5.377777055436388630e-08 4.757797203214613974e-08
6.608665730393018125e-06 4.422618095542629540e-06 2.749868083916644312e-06 2.238562529407555373e-06 1.140834392884357218e-06 5.757592489323665805e-07 2.619150918648853700e-07 1.065140828405439632e-07 1.248665964685085801e-07 2.135153694482311860e-08 1.555277028910976053e-07
2.783840864455978518e-06 2.204346261003796195e-06 2.156787937503432774e-06 1.733660286870715306e-06 6.632789924926674928e-06 2.135178641596589689e-06 5.057054563136881443e-07 2.061528378683412232e-07 1.273894551187273504e-07 3.263776176135793111e-07 1.880502709585260873e-07
6.653926417097440499e-06 4.673164606888102330e-06 2.889735806186393961e-06 1.521909022028052778e-06 2.179879087561792199e-06 1.039115461063333715e-06 5.731455498385063110e-07 2.289755729186145710e-07 4.118305997405792277e-07 9.720265603112080754e-08 6.446800509253561011e-09
5.639099276899859274e-06 3.230808398307155133e-06 2.135874012492951492e-06 1.757347845124119034e-06 1.185279563820543672e-06 6.511818797221717395e-07 4.278649876038919868e-07 6.769816693847642237e-07 4.173738793259119938e-07 5.412389788857506575e-07 2.955664916933023444e-06
6.315226869678162598e-06 4.646237022359452324e-06 2.521567214316770839e-06 1.222740068085612834e-06 8.454219992112615128e-07 6.795921124325897823e-07 6.875488101236149397e-07 1.811632577482610423e-06 5.705230475696363716e-07 6.980615135142172921e-08 1.654657821331479255e-07
4.761465126068404668e-06 3.258146132146225243e-06 2.404911420790816610e-06 1.850789216597610100e-06 1.387858657815652852e-06 9.148482683874834605e-07 5.948907702811052370e-07 3.420198693767122811e-07 1.477706472384962845e-07 1.080365036540400771e-07 1.053011248584329032e-08
7.428792222213591935e-06 6.102414293083395771e-06 3.295418645987231735e-06 2.206722420742624272e-06 1.553633930347281693e-06 8.879943956725317796e-07 5.590038854809275996e-07 1.205264345515209768e-06 3.302040141247733343e-07 4.639754750886714718e-08 3.558395865962017381e-08
1.297342742685303367e-05 6.554314078475536692e-06 2.821199330562709916e-06 1.626837191449229167e-06 1.348301360791904158e-06 8.725245802364525539e-07 1.326995264919096535e-06 7.497165243274270540e-07 3.433371869003370287e-06 1.335720414281253815e-07 1.981757980798573885e-07
4.516199497352609052e-06 3.641925439527684877e-06 8.735565689923391488e-06 3.216707582779753782e-06 1.666258929125561013e-06 3.126902948408076944e-06 1.845875373954354675e-06 2.944267345638438740e-07 1.506374181690240830e-07 9.070060233675116806e-08 4.903568059894463392e-08
4.291844942149995039e-06 2.744175437366052982e-06 1.835219771218766225e-06 1.346496770796373895e-06 8.252996842661911981e-07 1.611065920178506221e-06 8.053812828394290687e-06 2.429316071470334565e-07 9.170857221571544246e-08 2.940101460119800011e-08 8.486367013117974649e-09
8.597436905657947651e-06 4.667830611639945028e-06 3.055301194912183848e-06 2.219071083797936260e-06 1.252283021473149628e-06 9.441522882416868047e-07 5.827886068908711557e-07 3.131976058253942395e-07 3.071411861604292018e-06 1.482623071050384425e-06 5.604867726975818336e-08
1.184106958060968012e-05 9.258533414341507418e-06 9.103441385722592415e-06 5.398645956947801618e-06 1.482294719492008814e-06 1.106183660272934674e-06 5.330196849079580779e-07 2.693563390069502549e-07 8.707501035830739111e-08 2.181410497404553708e-08 2.917064607573062833e-08
9.180077041912199041e-06 1.779102968200492072e-05 1.047219948825566263e-05 2.311167770137603651e-06 1.519445357474654721e-06 1.113245819399187431e-06 3.323100824234734557e-07 2.118581267993982205e-07 4.981576021093162906e-08 4.739690279448834300e-08 5.103251114898961372e-09
1.084452887108753017e-05 9.379792982085172255e-06 4.937174031028522414e-06 2.591960197057574368e-06 1.426489270439571410e-06 8.053484647649382842e-07 5.097376735488652132e-07 3.534320346880706733e-07 2.057005998941360134e-06 1.373367545074378926e-07 3.423596027412041234e-08
4.437774566378835015e-06 3.227333714065351670e-06 1.802219743236123584e-06 1.480241231232175957e-06 1.130040397240303337e-06 8.151911780128994855e-07 6.489446565958572263e-07 4.406811755274423606e-07 2.897306736955547569e-07 1.380638084014330836e-07 7.387043849712200857e-07
5.543493144839529996e-06 3.332738607189525580e-06 1.893469942224131881e-06 1.144020189246414848e-06 6.738119605605442618e-07 5.179064805540283157e-07 2.670105667216399319e-07 1.370957211514581393e-07 9.375331633299661752e-08 1.028601295891090994e-07 3.691053769437602414e-08
1.230284156892887516e-05 7.458844890971192363e-06 4.511075011683315011e-06 2.522669174103466125e-06 1.560706833491895594e-06 1.081148414909809716e-06 6.670454379937142768e-07 4.712908754968833751e-07 5.114460955927863861e-07 2.537052489558689392e-08 1.983102816777135895e-08
8.286091449492420023e-06 5.770340759882067699e-06 3.673107636397863863e-06 1.509697234530826493e-06 8.053738437942432422e-07 4.189936744013201952e-07 2.575461824305456234e-07 1.658925867879078198e-07 9.761998840510513333e-08 1.807238634532455866e-07 1.412583337881772040e-07
2.745935430346394364e-06 1.850103693148715301e-06 1.088802251729158646e-06 8.874530730150372693e-07 7.966316883911896622e-07 5.451695212126789221e-07 3.385425020994438744e-07 2.731406059536657599e-07 2.015035422312166568e-07 4.317847217372172352e-07 1.634252818747232314e-07
4.014658213285804806e-06 2.817364829914609359e-06 1.936701373665999377e-06 1.626877151086533159e-06 9.462548770468141899e-07 1.223392867903514873e-06 8.327546063797771429e-07 2.615851446299616589e-07 2.141842949817492115e-07 6.509367913226059813e-07 1.757162750457061509e-08
2.330922834779202999e-06 1.809269552486668355e-06 8.668069017726346014e-07 6.991394618308046456e-07 1.067888269026448057e-06 8.797284204785534876e-07 2.905962791421545980e-07 1.818944694109912889e-06 5.242545927797531540e-07 1.490252477543241807e-07 1.756841057156226780e-07
1.443480075428047404e-05 6.573951196367232476e-06 4.408218039056522823e-06 2.206014726712919239e-06 1.278600939764621134e-06 7.102029696287175805e-07 4.402239376432011868e-07 5.199813624842627572e-07 1.795443357246580546e-07 5.449031520129116023e-07 3.307016972694000249e-08
6.353642039009247231e-06 6.169268023215943534e-06 5.382478010628393614e-06 2.384405015454185919e-06 1.720021989618836641e-06 8.216417903656465199e-07 5.093300816481030225e-07 3.741373142489763727e-07 2.463683734728544249e-07 2.292269933025314420e-07 6.994419186741795865e-08
1.095324132096038668e-05 6.315663139196818012e-06 4.305782844891904041e-06 2.670658311119159511e-06 1.641228932105717100e-06 6.928631269915297095e-07 2.567930391008121598e-06 5.419850888485322689e-07 2.186632411946959539e-07 1.294682878170992666e-07 2.277336397663773652e-07
4.759252052423403430e-06 4.953296474718848267e-06 3.059655971881208780e-06 1.524400214401110653e-06 1.066718429806118216e-06 7.385070874817077245e-07 4.431571614486713180e-07 4.605555482053579894e-07 1.747968849135093399e-07 8.976057479445359748e-08 4.261235395886895725e-07
4.411307589620069531e-06 2.905278120202943366e-06 2.121910384556257485e-06 1.611789174641743584e-06 1.310868742196824756e-06 7.267945112268322109e-07 4.801907552810814246e-07 5.626780213949202454e-07 5.824618989596282613e-08 2.063576996058533327e-08 9.015779301169411958e-09
4.585150668398295155e-06 3.437221442517867004e-06 8.226860698725700885e-06 5.011918910359961493e-06 1.870736749231604583e-06 9.378769041532642826e-07 3.593762138678533412e-07 1.336846715707156261e-07 5.120067945456698418e-08 2.413925107910844944e-08 1.091822558947360777e-06
5.578953194757106540e-06 3.354755726793389251e-06 2.257388912339109842e-06 2.617426066118744731e-06 2.191530076352624417e-06 5.686948548818007728e-06 4.197401009945613811e-07 1.752362250658260973e-07 9.259907156495624573e-08 7.561768637871371976e-08 3.597563711830054963e-07
9.097972928799773611e-06 9.420919976017278117e-06 4.499677112761933527e-06 2.471801890960825542e-06 1.534552403491121477e-06 1.176687575896710822e-06 6.122622295199244307e-07 3.030324269345220209e-07 1.432167984315975515e-07 1.408923354720851173e-07 2.534917951467015423e-08
3.680266889651989003e-06 3.338474921981164287e-06 2.288038122406101856e-06 1.285147829969795076e-06 7.530655768891201074e-07 5.546787768188605733e-07 3.282933245212693409e-07 7.043573759953491003e-07 6.080192329544511586e-07 5.016410302268032772e-08 1.511632072673460957e-07
2.734432512546361465e-06 3.201013291883349453e-06 2.746742460193836893e-06 2.084471805441671579e-06 1.190600697305430731e-06 7.757332690252760174e-07 6.073998414611098654e-07 6.233436903375613835e-07 2.244169931921233959e-07 5.949005981124350330e-08 4.376853584523229455e-08
1.135082316145498912e-05 6.246568482605575468e-06 3.088922062698081320e-06 2.531295940990105181e-06 1.874045632514160341e-06 9.004492587916211650e-07 4.601734911436220413e-07 4.396528993936848505e-07 1.264789470119301647e-07 1.924659274383708086e-07 3.619678214477496378e-08
3.208917883300066994e-06 2.814398702786879479e-06 2.147261182988082751e-06 1.726622154625251786e-06 7.488293635123647585e-07 8.125598709837651049e-07 1.713036790254477915e-06 2.321284096735395302e-07 3.028965484890971167e-07 6.910646387323270423e-08 4.258267957846920531e-08
1.089277831700084209e-05 5.708668666856874328e-06 2.560323943312260816e-06 1.772838986591422504e-06 1.462952143549410715e-06 1.096419853814075441e-06 6.189720341228188340e-07 5.811296295830250006e-07 2.038740721039009122e-07 2.689012697800244057e-08 1.373198424160832639e-08
6.698254490170826823e-06 3.089845278618842027e-06 1.830570609621034074e-06 1.507660316418578083e-06 1.575328474819067660e-06 1.061364780420124581e-06 4.391010160970949508e-07 2.417619637988790607e-07 1.782520655276146502e-07 1.389655642522315175e-07 1.059705292177013924e-06
1.045985173594698066e-05 7.394602692367189125e-06 3.332682108028895449e-06 1.725093031456730999e-06 1.181359560082019342e-06 1.342529460367623514e-06 5.382117825767786735e-07 2.824848759850056952e-07 2.023089349620446036e-07 8.337536470581607820e-08 2.042314870692687569e-07
6.909878509598502022e-06 5.104203669516538320e-06 2.973707762869607645e-06 1.981801191545174973e-06 1.010423675750676287e-06 8.026687901503122748e-07 3.461873635814847515e-07 2.508525759467527298e-07 8.845553663120331995e-08 4.137497726689842156e-08 2.707156520958352484e-07
1.167867361393815547e-05 8.617622671168531661e-06 6.202287086150864037e-06 4.458889833331812090e-06 1.307537755523771323e-06 6.602316960098915859e-07 3.858067346068574395e-07 2.038727641860868448e-07 1.003705921464804333e-07 8.200251158059976216e-08 2.225431972364417975e-06
3.869110497690432018e-06 3.680345905448189821e-06 2.756918974675397632e-06 2.353652692440843307e-06 1.074564443892329950e-05 1.029812944566457539e-06 7.188165676104805354e-07 3.560843831686207154e-07 1.300620635775142703e-07 1.559770163858216276e-07 1.058711170470124664e-06
6.760488368989813114e-06 2.988196143106681809e-06 2.129071181565732500e-06 1.785031979582434806e-06 1.028068470319058811e-06 6.974597990931662775e-07 4.823095118355082255e-07 3.023446643320616618e-07 1.344283457213843855e-06 6.453479852469341797e-08 2.536021096853752485e-08
1.175653835847792185e-05 6.317254443244241608e-06 4.276863377953361103e-06 1.973227576404967818e-06 1.038626320187781350e-06 7.097925678663275102e-07 3.253649145210165117e-07 1.510874918316173605e-07 9.277627826628753030e-08 9.798960560735891569e-08 1.513978340758222107e-08
7.894265310799331977e-06 5.689061483040698685e-06 2.484513929384697075e-06 1.558956563862392306e-06 3.226243871788957115e-06 1.631452096149091822e-06 8.359223923663537455e-07 2.407987704703262909e-07 1.810048709611881633e-07 7.782731357536802387e-08 1.547429481179145116e-08
4.356921011115995062e-06 2.774620832595676608e-06 1.583963658415655252e-06 1.191742419039456690e-06 8.227952540648071510e-07 5.028298500133872981e-07 3.631288543368080618e-07 2.161420129189782529e-07 1.653595524808957387e-07 2.630092282622131493e-06 1.232318616510806099e-07
6.941593913932680686e-06 5.992111890484347330e-06 4.036325558149411073e-06 2.434380608526146268e-06 8.947915603466172921e-07 6.200445633782542829e-07 3.380192530813102879e-07 2.381509150178904299e-07 3.143375876746888768e-07 1.953113131629967069e-06 9.900648926232004911e-08
3.858137593308495177e-06 3.553579369368517958e-06 5.173014441726380344e-06 1.299262422512416022e-06 5.293828279657983261e-07 2.911671949565945595e-07 2.293880975181659702e-07 3.105408086833153417e-07 2.297549915583238339e-07 1.515004128940371206e-07 3.617835304373955531e-08
2.688116482126378172e-06 1.832924164715976881e-06 1.906219106273642800e-06 1.149154535388450239e-06 7.455595473127780446e-07 1.288476926890712716e-06 3.818438852190555788e-07 1.064378276827239374e-06 8.458218573209033017e-07 6.778725204137497639e-08 3.955646218060994551e-08
2.914053545155226113e-06 1.954782878112667077e-06 1.427882853138939527e-06 3.532085307482047286e-07 1.937964001350839332e-07 1.801159992073277708e-07 4.138093313759759880e-07 2.890210052843690999e-07 1.549310074354134468e-07 8.449871927278500941e-08 1.422134646694862004e-06
6.996878282835006428e-06 4.358724226849075018e-06 2.470846823693323403e-06 2.521964819597713163e-06 3.562956030557598376e-06 1.188137987883079652e-06 4.602315053350096229e-07 7.154768729702537224e-07 7.702353938382943044e-08 1.161299430017149042e-08 3.071275822681948838e-09
8.868713876185304804e-06 6.537282275373684934e-06 7.611773838927113009e-06 3.184040846009688860e-06 1.346986500992382030e-06 8.572332090718694760e-07 4.976539045714816811e-07 2.890009275764646651e-07 1.553982537621127765e-07 6.824063502784722212e-08 4.373902894658442623e-08
6.155822984642729388e-06 5.800096325465424136e-06 5.256143701086363883e-06 3.483211939473808803e-06 2.042399857162746299e-06 6.262331349178796860e-07 5.963030771683671253e-07 3.541276265017296691e-07 1.296157046596243127e-07 5.668020235970938263e-08 1.738921509513162766e-07
2.596826337925147251e-05 7.589848512407474895e-06 2.718416915324336689e-06 1.618685207441751692e-06 1.092801750917893752e-06 8.242586419908641087e-07 3.948961141245677435e-07 2.702241630154634407e-07 1.663686179994333777e-07 9.759917065535213810e-08 4.588903434846218028e-08
3.536933894223805896e-06 3.115709337777536404e-06 2.418404415578720893e-06 1.549145961953747331e-06 1.439427658821923390e-06 9.175173730396963308e-07 1.671543402790304719e-06 3.527312643134828061e-07 1.600562368452526975e-06 3.673291484500367848e-07 3.459514698823005066e-08
9.578940049823435248e-06 6.628066769002404896e-06 7.015006474224738324e-06 3.687950455092184338e-06 1.874929388629663883e-06 8.347668715878407943e-07 4.593127991660194010e-07 2.110370574603377178e-07 1.560707548527210409e-07 1.281250040618126582e-07 5.388565004281824656e-07
8.590604098992669045e-06 7.189549014694782664e-06 5.256834476572285450e-06 3.016317995885115528e-06 1.956532576816908046e-06 9.968667552929032918e-07 5.500048304009710765e-07 4.640249329474291610e-07 1.017414981616955233e-07 2.744422849183482919e-07 1.149065159116645708e-08
4.478160048494757537e-06 3.393214707924826210e-06 3.419896880153869228e-06 1.879189889834553189e-06 1.119376768212087558e-06 9.025356672443963608e-07 7.387796810178846866e-07 2.812057722395809699e-07 6.533384528698250111e-07 6.325830084020099066e-08 1.049891652151592531e-06
1.619458601535026052e-05 9.970380822477762546e-06 1.080520222473920642e-05 5.467893411780668459e-06 2.538033541822652060e-06 1.009754310265637066e-06 4.280133699180325966e-07 2.302139606949428477e-07 1.137810663819098507e-07 4.702935419780765460e-08 4.236520676889009013e-08
4.577542287581792611e-06 5.284872623247377144e-06 3.570676199454404084e-06 2.987878134948176621e-06 7.137015053164724080e-06 8.709838672302485753e-07 4.219064422309182360e-07 1.538385507027897619e-07 1.619959721691135106e-07 1.016860589956379296e-07 2.012370988357761991e-08
4.786046642042889514e-06 3.274958901537179271e-06 2.454349969232535370e-06 2.288369513959679253e-06 1.232269150468390528e-06 1.401827431100540427e-06 7.650240277441014829e-06 2.183380650177102184e-07 6.033908650808787223e-08 2.393963455002424807e-07 8.977742641720482148e-09
1.155573542039524962e-05 6.695838887471542019e-06 6.059031130274226052e-06 3.250251075345908045e-06 1.939683299175379354e-06 1.088939142208290451e-06 6.096622430551074389e-07 3.780635851529474884e-07 1.945765686324786320e-07 7.911138681195286277e-08 8.492197485091972602e-08
8.542638317841595987e-06 5.973490471597272065e-06 3.087170132284127386e-06 1.842416533352108499e-06 8.819977712960611471e-07 6.008952179982483938e-07 5.901090725869867949e-07 1.308941381083713325e-07 9.343613367892308227e-08 1.555765920093122839e-06 5.572246719362901685e-07
6.522561188980674686e-06 4.620276463544491736e-06 2.190664197079049437e-06 1.629307531739455223e-06 1.889040749835388518e-06 5.879045236520108023e-06 1.007806043524565931e-06 2.642280371425218205e-07 1.241087910402070652e-07 5.027894636382365880e-08 1.274982323834732548e-08
1.388539703269531696e-05 5.769227817918378712e-06 3.482869012183648570e-06 2.974411198263749988e-06 1.644862691276301718e-06 1.052836683301192933e-06 5.721672958011262519e-07 2.907359370787152482e-07 1.168627692720324146e-07 3.706274415166138242e-07 7.702535905816887110e-08
9.264342501139769204e-06 4.450476838998663746e-06 2.894728891161837379e-06 1.746720139028166428e-06 1.320769451890577595e-06 3.938170470419483402e-06 1.601397342059131290e-06 2.422727137566068393e-07 1.244057378294034996e-07 2.344817190437485847e-08 6.379454329157292364e-09
6.458562058544317446e-06 3.978490114242612718e-06 2.604311009734257087e-06 2.113081854608739466e-06 1.101637097189251008e-05 3.690412908212668040e-06 6.045873960708845012e-07 2.164317709811473281e-07 2.043436272917789383e-07 5.008159410919589529e-08 6.426094460911044919e-08
3.762953449716164901e-06 7.663728271344481263e-06 7.396339569801911171e-06 1.094323360353621519e-06 7.410694781868868252e-07 3.054409714174736769e-06 2.141002006848929658e-06 2.482951508067525625e-07 1.373501852804701369e-07 2.202017203807999855e-07 2.575212808157368237e-08
7.739243325870216966e-06 4.157093349892227967e-06 3.118559917983168358e-06 1.884717115639743519e-06 1.093787262407780477e-06 8.030506011611560029e-07 5.790597360336464187e-07 3.029971136389136264e-07 2.011294055044928373e-07 5.338611153014939648e-08 6.930933759525987842e-09
2.853255318863851399e-06 2.544332176692491970e-06 1.524515496879607362e-06 9.160730127802995001e-07 6.792550811397147024e-07 4.441010617707533393e-07 2.452169293245351666e-07 1.491375681210367099e-07 1.401733013548208052e-07 1.803386387044909502e-06 2.469618863402110958e-07
1.234062755065413077e-05 6.479016219444632793e-06 2.702844472349462657e-06 1.381825679525539609e-06 9.571289439981865844e-07 6.998682316929650870e-07 1.181542576361353683e-06 2.873673173790485556e-06 1.200740237658355462e-07 5.181561415072677494e-08 3.394926356642924784e-07
6.291836096840430449e-06 4.086975504156442832e-06 2.069453459826398900e-06 1.223761178737227228e-06 9.348567586150860907e-07 9.532443882439456083e-07 2.297652398202010529e-06 4.607747278011954523e-07 4.159863881272755227e-07 1.424308687845710016e-07 4.019519771020582927e-08
5.497571761368030782e-06 5.424351730538490316e-06 4.907375830902708854e-06 2.809435572140653230e-06 1.269244674379787673e-06 8.757690107127336187e-07 5.891236220066847116e-07 4.025734601222479131e-07 3.967019674347849636e-07 7.292383083922277785e-08 2.306425324221707690e-08
6.163947419393972530e-07 7.020645456963503893e-07 7.012175989919938982e-07 8.994268656726126219e-07 2.879914343755090687e-07 2.858597414637498043e-07 2.124831061537506660e-07 1.917785317001174440e-07 5.907474205260452366e-07 1.094533463573081353e-07 1.061747842488575719e-07
8.509004217083831405e-06 6.477378692230795531e-06 3.728274041792848792e-06 3.168120511219582039e-06 1.937222571058962057e-06 1.309662808424785658e-06 5.014245511772534513e-06 4.806471514385399209e-07 6.379641578973661544e-08 3.034520254617205525e-08 7.989182244186788694e-09
3.885959481727516195e-06 3.993930951853001286e-06 2.343668622394317130e-06 1.495370641322278062e-06 1.072791884320259258e-06 6.431068765951101977e-07 4.138934245907481888e-07 3.695041795668420570e-07 1.228459051842846833e-07 1.100089460569674046e-07 5.208392753104606711e-08
1.080666964668409644e-05 6.514141116662301508e-06 3.341523590547189557e-06 1.701335223365006927e-06 1.256066179586308536e-06 2.621016892206251096e-06 3.976877275655038353e-07 1.604689850050649437e-07 1.009727773852261229e-07 1.015274188140533628e-07 2.781261367374199509e-08
6.548572910439429320e-06 4.533056265647843745e-06 3.149808895645884302e-06 1.613338342051521243e-06 1.516245548248498329e-06 7.315311713873273078e-07 4.881095495859005774e-07 3.186130209656092636e-07 1.833091405559042777e-07 3.724134352553076668e-06 4.430842280014788721e-07
4.972275191683165237e-06 3.225363969041813909e-06 2.805507110070628815e-06 1.788015766823638201e-06 1.477250957715549188e-06 7.514662332514324514e-07 5.031925279973955919e-07 7.545423893402541566e-07 1.323232808030071356e-07 6.632057260561403660e-08 7.635130783499118789e-09
5.321612745060755102e-06 3.891725015154064438e-06 3.269932177763185965e-06 2.067905549342934676e-06 1.600950650230627088e-06 8.786126745188038316e-07 2.797043393098923109e-07 1.327641129783408082e-06 3.199740330858555153e-07 2.057741453675348824e-06 4.229426397395724364e-08
1.108056236739063700e-05 5.862370261973558062e-06 4.072156166944456320e-06 2.307263490676726633e-06 1.068882558537750184e-06 5.538592396188704914e-07 3.740395445961929475e-07 2.817757405751019973e-07 2.080425803229648126e-07 2.324417486775427631e-07 6.914403772483204080e-07
9.361131839926658301e-06 6.330217907398021443e-06 4.347562156428010870e-06 2.717307173446202438e-06 1.635964846196760932e-06 7.858122086497481569e-07 1.129137162161566916e-06 1.862696540736066091e-07 8.400692668058748110e-08 1.222207433127024491e-07 4.049403400888666504e-06
5.198184498573733467e-06 3.351180434632353884e-06 2.897508172701785216e-06 1.416749718110159666e-06 1.114773107149241346e-06 6.350060213121376616e-07 4.025358772515082515e-07 2.953868435958293750e-07 2.564345958333250937e-06 6.724901466834179808e-08 1.343498732942075483e-08
5.990554998628888396e-06 3.478706398083925252e-06 2.487701780247019391e-06 1.548277446667248501e-06 9.624347111222477248e-07 6.656675100898503150e-07 3.517228242836651426e-07 1.949413727850062841e-07 1.149847111226852223e-07 5.635225604322738166e-07 3.912620302456355606e-07
7.158020660363288084e-06 4.175731030752522501e-06 2.093454548351032717e-06 1.242823272881405880e-06 8.161744218693384798e-07 8.169296162034610531e-07 9.382904049625480635e-06 1.818438033673991986e-06 3.068084473245302020e-07 1.732558140120373044e-07 1.064261038968417462e-07
1.195757448983526149e-05 6.494990041594160840e-06 3.518700890275698982e-06 2.020273825420292854e-06 9.867271329001348929e-07 3.636444717972539018e-06 7.992650341067530660e-07 2.758142525536964891e-07 1.142772112191276709e-07 6.174698007472156453e-08 6.660845821081332890e-09
2.518927077772147614e-06 1.215268581552889417e-06 7.289975511295974570e-07 6.275349964626444454e-07 6.629996297868963329e-07 4.388162065450004895e-07 6.723067395941598295e-07 2.484230433441294464e-07 1.101125352578238412e-07 1.061557117858190921e-07 4.293455105274024123e-08
3.225302737354196500e-06 2.666211117911399800e-06 2.094094319312743017e-06 2.397214970128646080e-06 1.365475880976772195e-06 2.524492215525738485e-06 4.961013360769034544e-06 9.559495957333334320e-07 9.275731675743125721e-07 9.186189235881795069e-08 1.249602669632476021e-07
1.092357624512475781e-05 5.659528880375518851e-06 3.831791560118578025e-06 4.912668710328637550e-06 1.545170575065246663e-06 6.889077122909253288e-07 2.998342749864376807e-07 1.757820125171623146e-07 2.315088140314659230e-07 7.285006305764757752e-08 1.216558213328027060e-08
1.399957688210223727e-05 1.520391806066143967e-05 1.098468208422394435e-05 3.621588763968591260e-06 1.566997613428584814e-06 8.437790114637564297e-07 3.776424045007471617e-07 1.982845870050263886e-07 1.031000927302527990e-07 1.338498573335807204e-07 1.958456039576706518e-07
1.182702710853267031e-05 9.207650018605715496e-06 4.781212000561206310e-06 2.170690917684561660e-06 1.466919381549104554e-06 8.264735249084207469e-07 4.844606489936299517e-07 3.261059098282988907e-07 1.556348974322747155e-07 6.723457269452260253e-08 3.671035619298751371e-08
4.379538696947590086e-06 3.511812364168538325e-06 2.214321392715627868e-06 1.633670103457319646e-06 8.561153863553032799e-07 4.257352926692193646e-07 2.616223182562849859e-07 7.498869180004400241e-07 2.159312542437519821e-06 1.185593359029937214e-07 2.346474423081258687e-08
6.701219981009096980e-06 4.873613419063359644e-06 3.844655551435825582e-06 2.667463484605645045e-06 1.407549444853708489e-06 8.466996182753268639e-07 5.291092695245340462e-07 3.179232103152685497e-07 1.675441154422897958e-07 7.151545873155907229e-08 1.284511745229507259e-08
3.733637486044195168e-06 3.480765174834489524e-06 3.806873309411693992e-06 3.240214325643319082e-06 3.727492466233113506e-06 8.217239044099896776e-07 5.885533640280477884e-07 4.813736774150360585e-07 2.097065558752971795e-07 2.367336918147427922e-08 3.117558822497259357e-09
3.658342528835167166e-06 3.048438995497627204e-06 2.706176795524470331e-06 1.971492226881386547e-06 3.179975499025600514e-06 2.410518232771546331e-06 4.524218705070098657e-07 2.453316515530983208e-07 1.071651519064084602e-07 5.451989639911094749e-08 2.350808150964851820e-07
6.078091238793650460e-06 3.931103938914145096e-06 2.007005247837517472e-06 1.166706490637119359e-06 7.141375546504778224e-07 4.595300997530266115e-07 3.261947233573253665e-07 2.708253768547079501e-06 1.748355077059474368e-07 6.403778123954055395e-08 2.946401649998374884e-07
4.216597482928092700e-06 2.438688057838501024e-06 2.098241493073217677e-06 1.426810742116927652e-06 5.013850514879187832e-07 3.329084577965793196e-07 3.516908256452571753e-07 1.909098265259707099e-06 2.099761407752402663e-07 1.682599382355175235e-07 5.857453621647737937e-08
8.489283514480533962e-07 1.167326994306854956e-06 1.333063041078394878e-06 1.065180918245766406e-06 6.381751310790729418e-07 6.807666182715775444e-07 5.673363001439503064e-07 1.574813606354866686e-07 3.457524747881583971e-07 3.529586509717076658e-08 6.465148495625725995e-08
5.025343803033764167e-06 2.916207817420246934e-06 2.475127963472307403e-06 1.930382151420169342e-06 1.454139852179843004e-06 8.129142950171671946e-07 6.628534598907251140e-07 2.444790403289383509e-07 1.417836546668304826e-07 3.742567525289798985e-07 2.363159256823481389e-08
1.277660772023605013e-05 7.416771233445087881e-06 5.380649111467585640e-06 1.480979978411547105e-05 4.448794787061962487e-06 5.807422094094755429e-07 3.588166580601760062e-07 2.367586814870975098e-07 4.839768618265971842e-07 7.371627045621337129e-08 2.470650556620388705e-08
7.440816414651417903e-06 1.131842111894563232e-05 9.022386917793398907e-06 3.450943216451362605e-06 1.738005936670477041e-06 1.192911646028586880e-06 3.557840275592564384e-07 1.367692066187356823e-07 4.403070717364137856e-08 1.289649667676919132e-08 3.329192822151047403e-07
2.769545851218346358e-06 2.014501119803656683e-06 1.501744435533947858e-06 1.007388784444549843e-06 8.366132630569296168e-07 3.208874508097821884e-06 7.469204789098448418e-07 1.324476312861709091e-06 4.669995114204039576e-07 1.088720826474076138e-07 4.611266324217658540e-08
2.811188870191401010e-06 2.302424116824344318e-06 1.881816350335373530e-06 1.335893323321158488e-06 7.702452353282107930e-07 3.518184141191933651e-07 4.387835433546253816e-07 9.327904293142672208e-08 6.582522791078228638e-08 1.008989268060742111e-07 5.981055989544587676e-07
1.121380750532813687e-05 6.671461732579587464e-06 4.011789222027428981e-06 3.803215303342266102e-06 1.720728303014748923e-06 8.724964146788151943e-07 4.209768475031663160e-07 2.276807484472256916e-07 6.759960848575039163e-07 4.885571817427674465e-08 1.079424239582611951e-08
9.142667596752901670e-06 6.375100888777882874e-06 3.774963742628546136e-06 2.666135802098797753e-06 1.459249118763814525e-06 8.721218525063232069e-07 1.666165057606572376e-06 3.043871314409258693e-07 1.027899368821604909e-07 2.897540702865281157e-07 3.693520938718833230e-08
1.002803519046484186e-05 7.670214953906172138e-06 4.226939063613677977e-06 2.507123225485018654e-06 1.439405318653585610e-06 8.275389972660616500e-07 5.251416039287963965e-07 2.715403035698437402e-07 1.629294407571582225e-07 1.711872143218875465e-07 2.456197991486997148e-08
7.145929703526237343e-06 4.341917875746585460e-06 4.689013699556868420e-06 2.413268305425005507e-06 1.064211691453856206e-06 1.439297692200711044e-06 5.443931472480994975e-07 4.261203486886329671e-07 8.067550096241100814e-07 7.282033094192618620e-08 1.016539637846819947e-07
7.295238168931839171e-07 2.341471200096298409e-06 1.739211248350199150e-06 1.020028266892136835e-06 4.921384953898621655e-07 5.060693121962647042e-07 3.703090812504911557e-06 2.346645006711866079e-07 8.149111838263472241e-08 4.532648320787228470e-08 3.167890598284588722e-08
6.298279818229084894e-06 3.151543443679745593e-06 2.157108665697236493e-06 1.453043938041254566e-06 1.096747217552408723e-06 1.408879486807659350e-06 5.086126169133073590e-07 1.428231270720210594e-06 2.765203183976240852e-07 2.216500051117962270e-08 3.399489698583902982e-08
1.027875227574040627e-05 5.279266158230179361e-06 3.945527470373852895e-06 2.496087608921643485e-06 1.629628553653452839e-06 1.188357132170621295e-06 4.532319266507973183e-07 3.168264805798963333e-07 1.692658067546338150e-07 1.345216217450179072e-07 2.594380858960486139e-07
1.452653056200155205e-05 1.200016659399957018e-05 5.437851085604475293e-06 2.767454390449063105e-06 1.241324664922535325e-06 8.305705324072107481e-07 5.831285157141533509e-07 2.464834380441718136e-07 1.294805914379911998e-07 7.738992107208700179e-08 5.125735429849642431e-07
4.505444715349771866e-06 2.742052289937602803e-06 1.654131828635401782e-06 1.088812371265353974e-06 8.482240120589662545e-07 6.401139006679640858e-07 5.764087629514219431e-07 3.966587116152826468e-06 2.259633925152956060e-07 5.872977157135988091e-08 1.055029799273466179e-08
1.493871536536972263e-05 5.851099838634622731e-06 3.347981883872251654e-06 2.394693830821111603e-06 1.222195192513176660e-06 6.407843198969624110e-07 4.207383426707739821e-07 3.232942262022109138e-07 1.835910655547194322e-07 9.625917675772545117e-08 3.410447626080527436e-08
9.039324847619780817e-06 6.968491691817821214e-06 4.996957154930214103e-06 2.452171905777815158e-06 9.832117757137682025e-07 9.219025789094157040e-07 1.426694537458610338e-06 2.289450095023442673e-07 1.396705918405386720e-07 8.708455293323677877e-08 6.377135989263087589e-08
5.452985336891939553e-06 3.804215821601551406e-06 2.740330837972012864e-06 1.556456605828260231e-06 9.769828589123228774e-07 6.787944992785589809e-07 5.885561449208322933e-07 4.774624087261547698e-07 2.109701223053771704e-07 1.694803842440150741e-07 4.517744332283054110e-08
4.983541396830404464e-06 4.146699127607239135e-06 2.715584262644882787e-06 1.852947033870453318e-06 1.059507483703224240e-06 5.322596233571304105e-07 7.402407091559369598e-07 1.677268261937975462e-06 1.790519368915763588e-07 1.904107429487555830e-07 1.505667314261925516e-06
1.142420857183791601e-05 7.049918760415445430e-06 5.624852702550525550e-06 2.415394729258469596e-06 1.330069428484737938e-06 7.160311787807308329e-07 5.129248678891342859e-07 3.092081471540548607e-07 1.755847429417472292e-07 1.418290632420810461e-07 4.425804432878248152e-08
8.745355405253096053e-06 3.761806515710390172e-06 2.714819224068882093e-06 2.063118625271485391e-06 1.972122731551576116e-06 1.260284834684499678e-06 6.284483425159271463e-07 3.601391296462986435e-07 1.722880887360983811e-07 9.893179892773809811e-08 1.442924386203981185e-07
1.231079816853980569e-05 5.438471742895031644e-06 3.300311295401958191e-06 2.242431262566697251e-06 2.458731788924156113e-06 6.200733364229720939e-07 4.390382847034064026e-07 2.338295218469406004e-07 1.717391282121638477e-07 7.000770840351439956e-08 2.449137758500003383e-07
4.508916293070307822e-06 3.812226976530886926e-06 2.512748960487051393e-06 2.251323094775894533e-06 1.552032105463517625e-06 8.642783187840613885e-07 4.513518780074425193e-07 2.630542711001925607e-07 6.811906618319831464e-08 2.378643837160381221e-08 8.268148710932237755e-08
5.873587747495096364e-06 5.248027820739712281e-06 4.396797138145762914e-06 1.924544864411009253e-06 1.087857232995412016e-06 7.243830670053384122e-07 4.341867316011657515e-07 2.720880015479756812e-07 1.992741600765240133e-07 2.926571293324604743e-07 3.153496000673113059e-08
4.901683626805378951e-06 4.429872758599652952e-06 3.705782562022246272e-06 2.206036990380122406e-06 1.393372543581447145e-06 1.106973872728446676e-06 7.677452877704823768e-07 3.935974303845414953e-07 2.910396477602825137e-07 1.475051535148149212e-07 2.158971489370342727e-07
1.023087099448719914e-05 5.641523149314706744e-06 3.723463253571301289e-06 3.064607752757489722e-06 1.752677882202510955e-06 7.672884821700309417e-07 5.125252475829421177e-07 2.910500122828102649e-07 1.805781756140121886e-07 1.835976628632457853e-07 2.880532316449522830e-07
4.519875199899106891e-06 3.303178681661984249e-06 2.113430457381768558e-06 3.651414745517199917e-06 1.625771167861541434e-06 7.758657117756345064e-07 3.124601106860531796e-07 2.801327478843062813e-07 3.507374659753175085e-07 6.640786722879363318e-08 4.444235909089941399e-08
1.009156092515577751e-05 5.431720192804104892e-06 3.471765922549700026e-06 2.387016385225238566e-06 1.353387825709442208e-06 8.168179499853610005e-07 4.634157366374028217e-07 2.424157292441815873e-07 7.434961362002498314e-07 5.487804549934798620e-08 9.737633151315149944e-09
2.117337629566850603e-05 1.388154324537067438e-05 9.331674413557593519e-06 2.833319107402466016e-06 1.455393911499653840e-06 7.845548069168265936e-07 4.513416066205054396e-07 2.807072006279367956e-07 1.559570176807979472e-07 4.402509763779113015e-07 4.821805081266721728e-08
4.287317391959501662e-06 3.569557572947265244e-06 2.565506345952482069e-06 1.421734838416687734e-06 1.054126637938249244e-06 9.253789663688937539e-07 6.902873466443305814e-07 4.312926636797275996e-07 2.199791455502416392e-07 9.008996674115518257e-08 3.015910801573056016e-08
5.498486654261004769e-06 3.335155216127366675e-06 2.697681254173120825e-06 1.899128813264854889e-06 1.195933098630313272e-06 4.809417059326079952e-06 1.025118704958371425e-06 2.381983377397593262e-07 3.326651640900445859e-07 1.650391005195633260e-06 8.668146612825933368e-08
6.181175572448193200e-06 5.320352427455508307e-06 3.521691258859701108e-06 2.118740924055840166e-06 1.290026965409689316e-06 9.048469628647062868e-07 1.407772497284068557e-06 3.753532452299776523e-07 8.207330013771271244e-07 5.404628292865393234e-08 1.907894006060504430e-08
2.536868947744494020e-06 1.582880003701252338e-06 1.173095376276302357e-06 4.930248838111459960e-07 4.197297908310395289e-07 5.716670219764393353e-07 3.598108663938887520e-07 2.030125637528794076e-07 1.388814345024294750e-07 8.314195980351001327e-07 4.594555728066493056e-08
2.458563114444962375e-06 2.476207753125842591e-06 2.694445257699883992e-06 1.591158250944530324e-06 4.780738234868928132e-06 8.663293817972016090e-07 4.737799997280865930e-07 3.456698734015050654e-07 1.902742529766736837e-07 9.507942649559843222e-08 3.492770718605128588e-08
9.518757868132995481e-06 5.910335816017595719e-06 3.369465228605001074e-06 2.390862167733280587e-06 4.697390074298905547e-06 1.753910419889657602e-06 6.872285482765663892e-07 6.870397305743903691e-07 4.387401998923537665e-07 5.760435771129271676e-08 2.358177661207445525e-08
1.463828548916392955e-06 8.804500484518687191e-07 7.975990224307628879e-07 8.023327330695018852e-07 4.086548446684707708e-07 2.167789413552812294e-07 1.717780699977502611e-07 1.091786392262174749e-07 7.637492547895803306e-07 1.919585208318971412e-07 3.470093647853487034e-08
6.270290587706720853e-06 4.091588089268456315e-06 2.899553681237817370e-06 2.056377900557337727e-06 1.527470084407486685e-06 1.002228369734805960e-06 5.750265837667107988e-07 3.562377910031756849e-07 1.836498208531490435e-07 8.224829016694077347e-08 2.537783852316841622e-08
3.935613148710931593e-06 2.465793081790086458e-06 2.356665897491100900e-06 1.720735724008942009e-06 1.089505846237871984e-06 9.947019547296010149e-07 6.015519241065128855e-07 3.851153499250274895e-07 2.712820783675261650e-07 1.095913087182341602e-07 2.466251474417132861e-07
6.632143516964879248e-06 4.575430461861600770e-06 2.066781836429403377e-06 1.360622968939193133e-06 8.760585191347479587e-07 6.915809849800063456e-07 8.949932233815624958e-07 3.075648164774626612e-07 1.479450752920232904e-07 2.189278559029592804e-08 1.197237146740384342e-08
5.067959749129384292e-06 2.756094640007960206e-06 1.650999861836094760e-06 1.459449409043178070e-06 1.391318251397944498e-06 1.359478923124441163e-06 5.968493892693980004e-06 8.121008416412816624e-07 1.827149239878459185e-07 7.038389454014809571e-08 3.028047935229090741e-07
7.389412556114545271e-06 3.631384799884939042e-06 1.853973810165815833e-06 1.152721424891912133e-06 8.803573531010227176e-07 6.103376366653263264e-07 3.666168574856920443e-07 2.036100641715539523e-07 1.342388607651787639e-07 1.354764718332365039e-07 1.317609911275937393e-07
1.266649558269643731e-05 8.988032073446127116e-06 4.907234748867845024e-06 1.881865553219185251e-06 9.724749181049101902e-07 5.646722644810051758e-07 3.097205917060113019e-07 9.708266867409739545e-07 1.918459179006005544e-07 1.734076600250660847e-07 3.613650569227135129e-08
7.148624530601108246e-06 4.797592949627784575e-06 2.793401460996210287e-06 1.665981442636825028e-06 1.240419839382552145e-06 1.855068577330190887e-06 4.575937988001234914e-07 1.879097497689665354e-07 9.228285004559825026e-08 4.003047546513442931e-08 1.809734130629859767e-08
4.595189251830454539e-06 3.732425578427307235e-06 2.318688086132822930e-06 1.568730542746157199e-06 1.407358569173980588e-06 1.471088078560381052e-06 3.902901314600573296e-06 2.389970763912255564e-07 8.569751623382652424e-08 4.027501692747573256e-08 2.207307399953553242e-07
4.412368152014336857e-06 3.515149008570323299e-06 2.483793363990590214e-06 1.959687114978920325e-06 4.107291794652961741e-06 3.736952843566452547e-06 6.844543296910680276e-07 3.265322707308413370e-07 4.513864021156350108e-08 3.683876854168925818e-08 7.178822269350247894e-07
1.199891451252320349e-05 9.213828894743864947e-06 7.153260688612571149e-06 3.737075111498809871e-06 1.968399524463172483e-06 7.054769549486023653e-07 3.765140584806242069e-07 2.958109127966125429e-07 6.011192968489827767e-08 1.624736726940023411e-07 5.710735796544864802e-07
9.421089172786935534e-06 7.734838936632453072e-06 2.863522351840721771e-06 1.760272442823675051e-06 1.037258452493901584e-06 8.000201558803224202e-07 5.238903102858147254e-07 5.916244101264124768e-07 1.963907643975120251e-07 3.728974507198657055e-08 2.447397261666645769e-08
4.302557355245573164e-06 2.637263911958079170e-06 1.986395066278270065e-06 1.471691115285696047e-06 1.123948647963341918e-06 6.170128842717115699e-07 4.751491466301882135e-07 1.208152778587760339e-06 2.110130629089660093e-07 8.199687497674433935e-08 2.900505199158536363e-08
7.649175149674893750e-06 3.045501065901703343e-05 6.463011739512280567e-06 1.985656626050469079e-06 1.252926475074327890e-06 6.679979623207489489e-07 9.366838796894407034e-07 2.746288424814493975e-07 1.438811346529809543e-07 8.635055295265313124e-08 4.759670538382470947e-08
4.416741008839884935e-06 2.912554889415695413e-06 2.366861709877807413e-06 2.237069111345450540e-06 2.552118503360201589e-06 1.030305039309641651e-06 1.852373232186852643e-06 1.925971307006123264e-07 1.572716454876701300e-07 7.129796393782297875e-07 1.511024450355600561e-07
9.810956858232741524e-06 5.541433309543328883e-06 3.311726169112984397e-06 1.969643236241864633e-06 1.171399643581042575e-06 7.286012634948556283e-07 4.786032102136692044e-07 2.756268725920487887e-07 6.630432893265966936e-07 1.565068640199660186e-07 1.347662841460698839e-08
3.840392999466711150e-06 3.421510100906527254e-06 3.348979643507903816e-06 1.901509531199903036e-06 1.337470385442473857e-06 8.557236161776196625e-07 6.420383772787010896e-07 5.030701220687624888e-07 8.998031198543361005e-07 1.790220559671507142e-06 4.268605335743332838e-08
4.803215295782615376e-06 3.530057270763379222e-06 1.324184509216520244e-06 1.372309873445441604e-06 1.011706167182633661e-06 7.490600691664879761e-07 8.205812034394338402e-07 3.236794142623886993e-06 1.781999770412888760e-07 9.234522851496469562e-08 1.554700572637563951e-07
8.982619080992014442e-06 5.923334301762037764e-06 3.109160709606402223e-06 1.839423084715789222e-06 1.181685807080784628e-06 6.639134312810515925e-07 3.102989837748243771e-07 1.889865000124984836e-07 1.466884546044083026e-07 5.250811128187116574e-08 3.381643550652592039e-08
6.548494810971139031e-07 5.715730079029037479e-07 5.096153650083927216e-07 4.729769244346446366e-07 4.441244196933860340e-06 1.049133970540665392e-06 2.175813122386637502e-07 1.374255957415522941e-07 9.891721940781444016e-08 1.736959099683136226e-07 3.926528859774078832e-08
8.558151536758625604e-06 5.404566235872789011e-06 3.437745876241448546e-06 2.093930361764775350e-06 1.371751191090427984e-06 9.002153375116287810e-07 5.070333204516281546e-07 3.931344792786576092e-07 1.179239116244059798e-07 5.612363536226343125e-08 2.401181292365845918e-08
4.242501522971464470e-06 3.384739945562390409e-06 2.582355846290615909e-06 1.685361652553354987e-06 1.395129525960338477e-06 3.307274141636480231e-06 6.185430270996375450e-07 2.332465893810689151e-07 6.526688786075232510e-08 1.438271863592492991e-07 4.160982069302526679e-08
4.362538661136853108e-06 2.592603949724093096e-06 1.652097501878396848e-06 2.001965213197185854e-06 1.228490692701349295e-06 9.654885076188558592e-07 9.051387030281447053e-07 7.107508588571249980e-07 5.924891414051427815e-07 7.859379900749991524e-08 4.766506692465506459e-08
6.995636669171832830e-06 5.755827946874125678e-06 3.637903367702792947e-06 2.944034082289881214e-06 1.702310128892565298e-06 1.048568185346094809e-06 9.106814149770929969e-07 2.337318872722311004e-07 1.164514680819030223e-07 4.669020575951097076e-08 1.237480307377542989e-08
1.140413718959930876e-05 6.969216929889362588e-06 4.141438647143829551e-06 2.496878938102842731e-06 1.595217485228847757e-06 9.912050972258381431e-07 6.237437632594712758e-07 2.460388889663895124e-07 1.426763638548890122e-07 1.293821803201491566e-06 4.709023747480028814e-08
1.025060221703004135e-05 7.343840714227187773e-06 2.826166772153295491e-06 2.063242471050510700e-06 1.350352432605489908e-06 1.180738054633067718e-06 4.514993613469886858e-07 4.983150810754335002e-07 1.534026703299046236e-07 5.696134524367151710e-08 2.844885727302115824e-08
3.198224628529590106e-06 2.860503757058065744e-06 1.651426927006933529e-06 1.124066985201450218e-06 3.136092819477753504e-06 7.521420718260819104e-07 8.031166660300682770e-07 3.234089726410055091e-07 1.221074917818243578e-07 9.060438840702208704e-07 1.573002541268044658e-07
5.526949020915289318e-06 4.006662809117839420e-06 1.968291393116684164e-06 1.412706404818808096e-06 1.046484158073238260e-06 5.420328591545103886e-07 2.671342670639904845e-07 1.975672550786729596e-07 2.794320821345038988e-07 4.473514236461254730e-08 1.774806198373065677e-07
7.608839320487329620e-06 5.841418899864076668e-06 4.046562570204710815e-06 1.841280558187601962e-06 1.283751423477764452e-06 7.435671374739965380e-07 2.471445454651294531e-07 1.520439903970410542e-07 1.054938270872911650e-07 1.767152407182665502e-07 5.744571530861653589e-08
8.012006199439094942e-06 4.970676773645615320e-06 3.573836658875630664e-06 1.716116987676742551e-06 1.090532892184866073e-06 5.968897034805383887e-07 5.895897407906911584e-07 3.214735455626784558e-07 5.651645442562694267e-07 4.120853297218575476e-07 6.237049354146935547e-08
4.398324658901061125e-06 3.566355287813210469e-06 3.492883953936752549e-06 2.629935173868642045e-06 1.429498917545239156e-06 1.005787153311101494e-06 9.441595522502207537e-07 4.940038817941308158e-07 7.687395131222601736e-08 9.258373706757183362e-07 8.372344377123360358e-08
7.940444758661108552e-06 5.004674959158866141e-06 2.707462470967525434e-06 1.242530812128100952e-06 9.581906929569252033e-07 7.228101121497015668e-07 4.291704456811068134e-07 2.503615880236263064e-07 1.693416153987718556e-06 4.731974519903207399e-07 3.059597755416179722e-08
6.320273832319026720e-06 4.793526066688659214e-06 2.821149829856550416e-06 1.492645187078795478e-06 1.000260954218399403e-06 6.235934890273623848e-07 5.449654848247161887e-07 3.689174371149632996e-07 2.224098033869165153e-07 1.071631237864446815e-07 4.673955467058549279e-08
3.697944926721051103e-06 4.865294142743014716e-06 2.033029788600185007e-06 1.636461590156930563e-06 9.744967932297668565e-07 4.983953572138427403e-07 3.309753593666925431e-07 1.800752477045729628e-07 1.187848544059424336e-07 1.642127605916176189e-07 9.797828713130444130e-08
4.788180814444308830e-06 4.154162890290792159e-06 2.539123404120224629e-06 1.544175030249098862e-06 7.166273778025870570e-07 2.197681886132242260e-07 1.592139264991390011e-07 9.699258555375826181e-08 1.003832071147896960e-07 4.859203785626052865e-08 3.325158549457217064e-08
3.934066969509291357e-06 2.970046443411118834e-06 2.263858266248365790e-06 1.432306662873259900e-06 8.995200731720434005e-07 6.478818303040925800e-07 7.409897450600198493e-07 1.855648847665985924e-06 3.078100430912299469e-07 6.769269984948463389e-08 2.460237504551061700e-07
3.510837209624134636e-06 2.247648170416881577e-06 2.215262863588949904e-06 2.003881005678196425e-06 1.314267741640957918e-06 8.475330662519359982e-07 1.111792909153575010e-06 4.979316188023557234e-07 1.897030332838284606e-07 5.978181879318536918e-07 1.216738951055311312e-08
6.126436149223669279e-06 3.067884143389419229e-06 2.452063639179995051e-06 1.749694738437515944e-06 9.927013267931247871e-07 7.567951554620866495e-07 2.485690545251188981e-06 1.577528154449529059e-06 3.155669138410072985e-07 3.154303897595851411e-08 7.267206974174573051e-09
3.148346895720011844e-06 2.002618301640354261e-06 1.824822427758922483e-06 1.186295062028162002e-06 9.579681531772877725e-07 6.286729316722910778e-07 4.738533741670051268e-07 3.746068916501154049e-07 1.281606678427868919e-07 2.560982626836796445e-07 6.740595964870314566e-08
6.815937283999088990e-06 4.295873490560507112e-06 3.262339163143943889e-06 5.083004126194212173e-06 2.040239025649996958e-06 1.373501888212856551e-06 1.965701260473367325e-06 3.452617171672594046e-07 2.434169675131545835e-07 5.412265153687290002e-08 5.700279587998056365e-09
1.088854039712572248e-05 5.895013660069497670e-06 4.165450911943534236e-06 2.932995948353008430e-06 2.014069535358914583e-06 1.146120355288106570e-06 5.962797749025867848e-07 3.191149890459255926e-07 1.519976066368490360e-07 6.998630820797049843e-08 6.815196737186427196e-08
1.289329439987132118e-05 6.283680432227680585e-06 2.840352076464599431e-06 1.777423469441569738e-06 8.302919692816764667e-07 4.008312311536187839e-07 3.454227001374571213e-07 2.046664135029863525e-07 1.140078631515248804e-07 1.239053498689058713e-07 5.949844529180067390e-08
4.832552728542004261e-06 3.187446525826273300e-06 3.932902793527509606e-06 1.420105417022709192e-06 7.540778373353419075e-07 4.609601210078751650e-07 4.200557054286118017e-07 7.218173012301167139e-07 4.044816633455173688e-07 1.860523545532905414e-07 3.844649795714772197e-08
6.578436476070548691e-06 4.254152474309825212e-06 2.878215959902601068e-06 2.122294492248864973e-06 9.928078546515872465e-07 1.422459394808859309e-06 5.253195624430424832e-07 2.436915525417960473e-07 2.203098479513193985e-07 4.412207997308552345e-08 4.635637674776532043e-08
5.074005062181871505e-06 4.149028814765299478e-06 2.718182099137652643e-06 1.757935625822720655e-06 1.171250917469034172e-06 8.220474988985405532e-07 1.624177029357651031e-06 3.207775376320895524e-07 4.771098928658081148e-07 7.196318118151967879e-08 1.379010944771629401e-08
4.591922923017915874e-06 3.348004321249996130e-06 2.746625664457932288e-06 1.665243724302840282e-06 7.558538366208802065e-07 3.738164929422874949e-07 2.142526855529822055e-07 2.322451406082651370e-07 4.832591317372254738e-07 1.252782071471123398e-07 2.716129538583395664e-07
9.265048872791985608e-07 4.160320929246414069e-07 3.770218339689055854e-07 3.481497358826194440e-07 2.561448665216799014e-07 4.571032025604646598e-07 3.329518914164669931e-07 1.180423264309953747e-07 5.724563465514857601e-08 6.254062028842066294e-08 6.602802374741475966e-07
8.585920694049665916e-06 4.665863580509207517e-06 2.783878265379907376e-06 1.856129777637789998e-06 8.261060058122160723e-07 5.426516984782301671e-07 3.030147140701287813e-07 1.863750757977151756e-07 3.500597000758752754e-07 1.410771542125160349e-06 7.289884816968925065e-07
6.680148405810785168e-07 6.886099262424958643e-07 2.449867411241103467e-07 3.127044303530330260e-07 2.116415458972681427e-07 1.982155870851711120e-07 2.479402910789117177e-06 3.052424144870327951e-07 9.914615603358403907e-08 8.361808921105221497e-08 2.316109643839407686e-08
2.161507586934384241e-06 2.271764564236119534e-06 1.759654187905470391e-06 8.870654572749255065e-07 8.647510384992763885e-07 7.775148090678297694e-07 4.140913389924820111e-07 4.077817884773463076e-07 2.489301505039133547e-07 2.692102895599665067e-06 2.593502350543487127e-07
4.755824749000027264e-06 5.835209984698489897e-06 1.941034986893213049e-05 2.721943817982435991e-06 1.619038376464411392e-06 9.666722426489194514e-07 3.213373685348928613e-07 1.824966278590325121e-07 8.538913417432318644e-08 2.592357083103577016e-08 2.663890352755254432e-08
6.529495671078932442e-06 5.119877350995637354e-06 4.030041516775305133e-06 1.627602532326951081e-06 1.300891304601671553e-06 7.307289429093023688e-07 5.095570000184726650e-07 3.518049833627784778e-07 1.944088678401708666e-07 8.822019626659206753e-08 5.097948215723735069e-08
7.175717422493376000e-06 4.405463976099564680e-06 2.054681405705949645e-06 1.748573611688920447e-06 1.119136379367486880e-06 5.916688915495273457e-07 3.241699344671610068e-07 2.091385493836934671e-07 5.256702887584056737e-07 1.663300300704666139e-07 3.875879872089587354e-07
7.663858186439635671e-06 4.949782743894613541e-06 3.203998265144174857e-06 2.927976550722626700e-06 1.326410575047257713e-06 7.126849698846796167e-07 3.760457256616282210e-07 1.754307718456512984e-07 3.154486205553865391e-07 4.866983855571358171e-07 1.424975388253188059e-08
2.547423807146321999e-06 1.929209863508763545e-06 1.411017633515913615e-06 9.865994503150387874e-07 5.412515047131220765e-07 7.236173022498486971e-07 1.147318562097486932e-06 1.520892544914761039e-06 8.468722120561161340e-07 2.832723060787991263e-07 1.826931383895460364e-07
5.919977249263091843e-06 3.576876235861395118e-06 3.522211076658234674e-06 2.073464933180543260e-06 1.361505200168087784e-06 5.885537342747736286e-07 9.217742854233587211e-07 3.095108877090135458e-07 1.470983731763565886e-07 6.611500283642481323e-08 6.342041827169215968e-08
6.374121754432610663e-07 5.971422825110180790e-07 4.547618929866339938e-07 3.674847873598129849e-07 2.849987407606147348e-07 1.848866629115709795e-07 2.307049227819397707e-07 1.617861619018318152e-07 2.721642744709960211e-07 8.078116003654375279e-08 2.060940966357173347e-07
1.168411562081809532e-06 9.117037718845184025e-07 8.351302381492356157e-07 5.843003686742002378e-07 7.642322821370152300e-07 4.046405418043592745e-07 1.989215269842303815e-07 1.710177951052580586e-07 2.452927718914852244e-07 7.701800950038971778e-08 1.507004336951245780e-07
2.107330558200035536e-06 1.933534175349644805e-06 1.322828334032890222e-06 1.052186309212717772e-06 5.961176356005783524e-07 7.477481436182955073e-07 3.130017636463729912e-06 4.458431162616057035e-07 1.734940538111547611e-07 7.503075379103758038e-08 1.082662152458730286e-07
8.671768100996794763e-06 5.904495657970367496e-06 3.300305635075420858e-06 1.882379186625529448e-06 1.093221090163083305e-06 1.140344998715327454e-06 4.149801936458736730e-07 2.412363115420724131e-07 1.906724507719371166e-07 4.287246467910229024e-08 1.660360943451882819e-07
1.219032185440980625e-05 5.512503600690953241e-06 2.537178164459453563e-06 1.611405939167035520e-06 1.057513015256791726e-06 7.510821314265382378e-07 7.337958893494965766e-07 2.253454913142603853e-07 1.388656364010712890e-07 5.256295096220311333e-08 3.387141109467031951e-08
1.092295736006646983e-06 6.346184185133413857e-07 9.601168737321067061e-07 5.550530065036488436e-07 4.675684586004569071e-07 4.007190151429975096e-07 2.312182819972164811e-07 1.094289885626560905e-07 1.847465638781876226e-07 9.420913754536829157e-08 5.031861048697253803e-07
9.356106284533455858e-06 6.633444651520432464e-06 4.441185241151820566e-06 2.883295129702886154e-06 1.090800531604469731e-06 6.073591210026788953e-07 2.913550699909356819e-07 1.726162935419502807e-07 1.244188492179665967e-07 8.002215619666836827e-08 1.426760362486545719e-06
1.080719711229494974e-05 9.446891709630328483e-06 4.749708040044877469e-06 2.132038917422342182e-06 1.087577365135236988e-06 6.335900019981149331e-07 3.737830449424246663e-07 4.158406586415259208e-07 1.644977176127830219e-07 8.750993298431720078e-08 6.294522823548585053e-07
7.003809751309441547e-06 4.736021972879606162e-06 3.550188163323524507e-06 2.413792857222059327e-06 1.791767667420173516e-06 6.828190637321030286e-07 4.274495560197527125e-07 2.702694840357191462e-07 1.261704219756217231e-07 1.051164615332069403e-07 2.051064673912459845e-07
9.386038789988241385e-06 5.559772016838274450e-06 3.619553712529625404e-06 2.359711607973017562e-06 1.691414534736763034e-06 1.008354673472107535e-06 5.860315967566187776e-07 3.183124024389814697e-07 1.529058771367788638e-07 1.196260901275176578e-07 1.687674653939241511e-08
4.150546524883392792e-06 3.625249068460687397e-06 4.553657467037406772e-06 3.285988226597735298e-06 1.193845945388978726e-06 9.136809554589024229e-07 6.810589546519692454e-06 1.383861174755397934e-06 1.075222504923069526e-07 2.760288224662612427e-08 2.902380701135770966e-09
8.144075847070401814e-06 4.875888925403317000e-06 2.555861096047470979e-06 1.408083840421563374e-06 9.606496219017710397e-07 4.970353647362522878e-07 4.953606529860369230e-07 2.610988361836088851e-07 5.276757720897119459e-07 1.123073669046731773e-08 5.336434037447529402e-08
6.913269070077423238e-06 5.075635788008711695e-06 3.285832863148276339e-06 2.920773877888296637e-06 3.048888049516470183e-06 1.028488222678676496e-06 4.902628042680559155e-07 2.887728446599166502e-07 1.273705971322335461e-07 5.326144674107730422e-08 4.034584586657697816e-08
1.460471100598007399e-06 1.081278187391041753e-06 9.618327421084039363e-07 5.979837097604515881e-07 5.673934625283043611e-07 3.608505187300766280e-07 3.372609953264790027e-07 1.075908731745579106e-06 6.210216982792731190e-07 2.795963867225426175e-07 3.813552430599244284e-07
9.508407712680505753e-06 5.575966462037339070e-06 2.073395048521107964e-06 1.478996388448224606e-06 9.839176198252865186e-07 6.558799058012137524e-07 4.404055168201750654e-07 2.405012789669590417e-07 1.410436566496869480e-07 1.188401998611781109e-07 2.261726534346586643e-08
7.654495116679912933e-07 5.831196794347271631e-07 3.999249605502055404e-07 2.788420300259267581e-07 1.975675321075637700e-07 1.593179306453631989e-07 2.816073153403724536e-07 2.865338813405490755e-06 2.513372750460973735e-07 5.706357188202416769e-07 3.775876770747253249e-08
5.133647733239578719e-06 1.044557361681072530e-05 3.619463826354086131e-06 1.829632502347005870e-06 1.304749658355107456e-06 6.808824038711952251e-07 3.387208292383812181e-07 1.389711574737597627e-07 6.353391405142593521e-08 2.940981581600450637e-08 1.186832685758918683e-08
8.038031699690385064e-06 5.927453717744647978e-06 4.073055592986617911e-06 1.607141307764886481e-06 1.082849296491350815e-06 5.833951566587733108e-07 3.380101635408423982e-07 2.069428430949590788e-07 1.057482634923998824e-07 1.785779857807372540e-06 4.334897945464014656e-07
6.374550642407440021e-06 3.746645878410909267e-06 2.531664298240955171e-06 1.772139525141148786e-06 1.216886400073539986e-06 6.124174264676384801e-07 3.614041350278093736e-07 1.002351634797106520e-06 1.036330829689324947e-07 2.521345125507671639e-08 1.134743127259856125e-06
7.387766434694092486e-06 5.696991915934220848e-06 5.051504383512710903e-06 4.471067595093828100e-06 4.746901809159765157e-06 9.899780994157351137e-07 3.423923056077626908e-07 1.982773813442934837e-07 1.364755221314396053e-07 1.596610030592354761e-07 4.048075781918460129e-07
3.236592979948822279e-06 1.887076536554423631e-06 1.356878423568511846e-06 1.149265878047052730e-06 8.914507900811218927e-07 1.344518698813386536e-06 1.328574022850402520e-06 1.748968301039836384e-06 3.053939111270092118e-07 7.133088012017424604e-07 7.340617519505698564e-08
1.204673873934009244e-05 7.669188849701517643e-06 4.187477525823425115e-06 2.671710814643613566e-06 1.577135132096531762e-06 8.678323317565982517e-07 4.949464762861742601e-07 2.370017112072789454e-07 1.236916249960821911e-07 3.642299196564376669e-08 1.670438762338603012e-08
9.030002124093754288e-06 1.825744773035913352e-05 3.087121223401913389e-06 1.620983778696338633e-06 9.788652810287129455e-07 4.865221652583329359e-07 2.836459135216870360e-07 1.239804995986644767e-07 6.058630392920378353e-08 6.663196814833272777e-07 2.397549259774657883e-07
3.044250600810300270e-06 2.843918838565023424e-06 2.988975310462614351e-06 1.528988003106252545e-06 8.784688107880309369e-07 4.502704748631685478e-07 3.016568081179140049e-07 2.286695595233374111e-07 1.032375755589388491e-06 5.648378272568581748e-08 4.831791043436809797e-08
6.864906482624695822e-06 4.091946808071753979e-06 2.379881609226173851e-06 1.422596684284214899e-06 1.105351549382571049e-06 6.271976350134506733e-07 3.888911592245589750e-07 2.297965812569340956e-07 1.708118212721266657e-07 8.485953189424523983e-08 1.318492914247818896e-07
2.803881677744956457e-06 2.489245356551883914e-06 1.709540600754250017e-06 6.454073677749626573e-07 3.412950668996592244e-07 3.427311038297862745e-07 2.148508212725015984e-07 4.476974169794009190e-07 1.008616845858454318e-06 5.561716357765327258e-08 2.224372494810290233e-08
9.748299919267588439e-06 8.166028105762279706e-06 5.104363543027082386e-06 2.683818015902208944e-06 1.414789880940315117e-06 6.180359172482716098e-07 3.866719030473300590e-07 2.161405004707901127e-07 1.366969874679733177e-07 4.024782791342613847e-07 4.783314837245766813e-08
8.157613858844528821e-06 8.542136239882874068e-06 4.974672050050622111e-06 2.365284986196890263e-06 1.699713110544127742e-06 1.204560259136960378e-06 6.026490182681963576e-07 2.730548028164187698e-07 1.125156793131113935e-07 4.226776189925196427e-08 1.571048355093187935e-08
4.412087196560509021e-06 3.649986854555018926e-06 1.869154444132169491e-06 7.137181049644108214e-07 2.129084023196652502e-07 1.652409364013968930e-07 1.722539953003401320e-07 1.643351153925453648e-07 9.807218043070358536e-08 1.060132244235791835e-07 3.385370532765801492e-08
5.746070865495169965e-06 3.133559791739939494e-06 2.172519648967233773e-06 1.439167187807756243e-06 1.001779096147757133e-06 1.176866375951306947e-06 3.161054610154621517e-07 5.916089898878394745e-07 1.016868996510551581e-06 8.646145427792462733e-08 1.821963530274494087e-08
4.753315153017221129e-06 4.183108337882181304e-06 2.893803858506201240e-06 2.650505506125081499e-06 5.760369055447668160e-07 4.254589977844542199e-07 5.851985486400787102e-07 6.180799601050961426e-07 1.561071561367301160e-07 7.853905024473499839e-08 5.090996905557255183e-08
7.285620996352598322e-06 5.594396548456161056e-06 2.719835428914369492e-06 2.360104930886079426e-06 1.217120430759256359e-06 6.223583454028186421e-07 3.921540720545803434e-07 2.481356825602313538e-07 1.386916378724328867e-07 7.728216505689227130e-08 3.458311889873858850e-08
3.487615174293264128e-05 4.520905557943700508e-06 2.966212961014421137e-06 2.596908838454518460e-06 2.431446262369903547e-06 9.290562787403093706e-07 5.532271174733587069e-07 3.190963222744150547e-07 1.962847434116703551e-07 3.403521795028170383e-08 1.942250852841940967e-08
1.328255809867937457e-05 6.672244609748447391e-06 3.693805711681723211e-06 2.695729777977725258e-06 1.583607394578863905e-06 8.262428973790264842e-07 5.051092991596384991e-07 2.892703465240214128e-07 2.233599246925517122e-07 8.228794413084805893e-08 1.706697915344023130e-07
7.213140332949289943e-06 6.065115556731153608e-06 4.668947529411103449e-06 2.070126242631482963e-06 9.128588743881476349e-07 4.264266227962077041e-07 2.302304692148911452e-07 1.698972021281340827e-07 3.974497300109520057e-07 3.329004655912109605e-07 3.054072940253260047e-08
7.017967133626759989e-06 4.629824884971311498e-06 2.419240745973727853e-06 2.030986125460104144e-06 1.246260309652308913e-06 1.539027646287523979e-06 4.427814704052712090e-07 3.689408155570826228e-07 1.115246261221474393e-07 3.285711154446520151e-08 1.411456259718222962e-08
2.967618326890334499e-06 2.667387948304688742e-06 2.399222314664059950e-06 2.651893716012102451e-06 1.619227851792610883e-06 1.126949623378787495e-06 2.615675153379365067e-06 2.623506109001097317e-07 1.846587062607306162e-07 7.373442975988180486e-08 6.600180903383562411e-08
5.835980189221562360e-06 3.898479217231909492e-06 3.558746585344126002e-06 2.145784919206578939e-06 9.607116018596558711e-07 7.537238908796647108e-07 6.490212016120108313e-07 2.644938371799476533e-06 1.655725318539994648e-07 1.072494339567127741e-06 8.256807490209562665e-08
4.440263210608840322e-06 2.338187152126438190e-06 1.367606881293557178e-06 8.263154348049579726e-07 6.726935049772304633e-07 3.865829846180772248e-07 2.716556201096081069e-07 2.020595685558057273e-07 3.116545775802763053e-06 1.387945764978727748e-07 2.586578998204543339e-08
1.555919553999869087e-05 8.599457015962707184e-06 3.999161431087957735e-06 2.920319759521098917e-06 1.571652180048100978e-06 9.284128136103187640e-07 4.609987413825678282e-07 3.166236514533877735e-07 1.406619417258155083e-07 9.102464065976623189e-08 3.469101096656216634e-08
5.003556677710170331e-06 3.534426667263758282e-06 2.624486112244125532e-06 1.668970508960116701e-06 1.506241806904866563e-06 1.973639780732033751e-06 1.021491090028729829e-06 5.517051669852389153e-07 1.057216969109273765e-07 1.494744501259297086e-07 7.430458095294601424e-08
7.347569651444748930e-06 4.244786678902233827e-06 2.524138667197962483e-06 1.832375075709632479e-06 1.984682633255448014e-06 1.234782494820009675e-06 3.689632646677820595e-07 2.944516247563040267e-07 3.789633047791708801e-06 1.828717472595354016e-07 4.756921156524475780e-08
1.238161710446577787e-05 8.937836542843215367e-06 5.127295637179561002e-06 2.029468327949909963e-06 1.341500769520574722e-06 6.855243328427117074e-07 4.235395367488032283e-07 2.993344052259327101e-07 1.844054759918430152e-07 3.188055689584252417e-07 2.484216756443067997e-08
5.984948659792716622e-06 4.668717190153783673e-06 2.675333691738207382e-06 1.732982638863777609e-06 1.008124703575503477e-06 6.262864879146905976e-07 3.635959747318281620e-07 2.599714119558591590e-07 1.830529122507934224e-07 1.107303007697593781e-07 5.340850507622248095e-07
5.881571160702648700e-06 2.934327238339706300e-06 2.381423203377863698e-06 1.888035005696039792e-06 1.033397646866258332e-06 7.785305738684593715e-07 5.428472201761798828e-07 2.976781266743791851e-07 1.167755524780225009e-06 1.093843859011941023e-07 1.064215430030930866e-06
7.961660441511035632e-06 3.837094590446876938e-06 2.235585160806665675e-06 1.904367315965101134e-06 1.138513148033724226e-06 6.518294948748325670e-07 4.177057001294983859e-07 2.873732726925873643e-07 1.289598216388316902e-07 1.179049803684369812e-07 2.416626987404406282e-08
4.880808459776918323e-06 3.450055921313167448e-06 4.029180018895366808e-06 2.991349829185527185e-06 2.908990760758321448e-06 1.053069364215006994e-06 3.073388436908897122e-07 1.073624440259565849e-07 4.006016159412165217e-08 1.634712260247869578e-06 1.040264060200318378e-07
8.710866822367302318e-06 5.990856940436341157e-06 3.319296164992126923e-06 2.038647894857570187e-06 1.436093772238106641e-06 8.717524140068082682e-07 5.337073523584078656e-07 3.208127694643036094e-07 1.307862474472523617e-07 6.847955983077093720e-08 3.548912068270157364e-08
4.097540023085686032e-06 3.498435021473779537e-06 2.847264618181163847e-06 1.585123165823723383e-06 1.196799182612010441e-06 7.536884348377628647e-07 5.940530927314033632e-07 4.520919108073426381e-07 6.547189969213514458e-07 1.343454674891506879e-06 6.860106572897019051e-08
4.296159937324424935e-06 2.616011254419487965e-06 2.836193244396361976e-06 2.049940568279512237e-06 1.243848570618913275e-06 8.324547473897012581e-07 6.082785861319120380e-07 4.504818114695617134e-07 2.926372689876269115e-06 3.793185130309178047e-07 7.328350161332088639e-08
1.449866632163829894e-06 1.261962169211502895e-06 6.741576432956947775e-07 3.853224842033074014e-06 5.055595284764471560e-07 3.291232588633512335e-07 1.530061067622961482e-06 1.481014343322213004e-07 8.287788260852829996e-08 4.827317057808665844e-08 3.088271373662572686e-08
4.503760514724400042e-06 2.975841380700365090e-06 1.570610853433393437e-06 9.511657899068449985e-07 6.955012822832501924e-07 5.243045566720611524e-07 2.929040279837188977e-07 1.569650775426450049e-07 8.212695736178022018e-08 3.684810146737042251e-08 3.048567545319899438e-08
2.186108797202568521e-06 2.107880782672713279e-06 1.955725359652904381e-06 1.940677347648292332e-06 1.079556448146539446e-06 4.913156934748623685e-07 4.211648982878448509e-07 2.188495781735529568e-07 1.654439640433834766e-07 5.610871161925358539e-07 4.759876077704201050e-08
2.943403278951881530e-06 3.058837518052946106e-06 2.340944202385422377e-06 1.635995424866313544e-06 9.806543609108670674e-07 1.548355417304893772e-06 3.706844526225236832e-06 3.821360753661955394e-07 1.787302501818470086e-07 8.427217003620334928e-08 1.634189244409405416e-08
4.712297733971386601e-06 9.209905246961840939e-06 3.137524858451306983e-06 2.854261934102059123e-06 1.500406747876905343e-06 8.697886345282308983e-07 4.856324166573447006e-07 5.791653335694916191e-07 1.615427990937181520e-07 1.030680229522877302e-07 1.158983427960009126e-07
7.728201710478658774e-06 4.992890777781256587e-06 2.304351614238743542e-05 2.017993260887326410e-06 1.228248724879601662e-06 8.227777099330156991e-07 4.973712666372826544e-07 7.763197992074725856e-07 1.006590126508378213e-07 2.687129359224828583e-08 7.589915597292629284e-08
6.215436943717358659e-06 3.198078099267014213e-06 1.849544678045750267e-06 1.279628738856416437e-06 8.768633284223422547e-07 5.014388496743677981e-07 2.283889475077487527e-07 1.799462397731858973e-07 1.564318255050282884e-07 1.185214391503517574e-06 3.005946118377194009e-08
1.155969239677894377e-05 6.450938542564626007e-06 4.182261819724576816e-06 2.854686595368076193e-06 1.566657188775933522e-06 7.393926554016364493e-07 3.874453930261064644e-07 2.591665435296886295e-07 1.894507387661630021e-07 7.729880774004460500e-07 5.315356512340174624e-08
4.189451044684475624e-06 2.546704787738252537e-06 1.365179149711630002e-06 9.618954274667921136e-07 1.157723749259023113e-06 7.059758315555424309e-07 4.665722813944985981e-07 2.077924959944623481e-07 1.092528424459603601e-07 4.081743515217553966e-07 9.976600231136685181e-08
6.867970096712724101e-06 4.549595498859046419e-06 3.828737126931937487e-06 2.234749175356249506e-06 2.846127759854005464e-06 1.534755125254245473e-06 4.918063606585255389e-07 2.903936356107810577e-07 8.602082793784700988e-08 2.685502621464856761e-08 2.742467189683456578e-07
9.374376735261825903e-06 6.184714172212072913e-06 4.067198933232697783e-06 1.796169202710469570e-06 1.265076316901715938e-06 9.967799848894307092e-07 6.518702296920214281e-07 1.465845992844944356e-06 5.354788681913435759e-07 1.099804792950013923e-07 3.894810943817446225e-08
8.568721841610395384e-06 5.519299381789329689e-06 3.903433901647105878e-06 2.051320383972860632e-06 1.087551734486000623e-06 6.645015956704997568e-07 5.191829793751936949e-07 2.132422957755539108e-07 9.454511555378328276e-08 2.548726608846147795e-08 3.013520921028785575e-08
4.251165553447102885e-06 3.683438294715540359e-06 2.125259032943921495e-06 1.982326580763700071e-06 9.402540937125165348e-07 6.392732910694863013e-07 2.759275798824061175e-07 1.826865678834331204e-07 1.551350091188943607e-07 1.134815582813325385e-07 5.050953678465181418e-08
3.803130714373714204e-06 4.354102771598291249e-05 4.092847829354458491e-06 5.504937330690163407e-06 2.853561908377598370e-06 5.294099571645572180e-06 7.966895054212867388e-07 2.394094248883949155e-07 8.440654296283585301e-08 1.550753536133249574e-08 2.730685068529293930e-09
4.969687200716435907e-06 3.115111971725094457e-06 2.218422628889718894e-06 1.604395450544420109e-06 1.009416875947841239e-06 7.058792715405985236e-07 4.975143177840480562e-07 3.461452897830594304e-07 7.804297860686665512e-07 1.417524474146428419e-07 1.593868315845010530e-08
3.566894817521309646e-06 3.113632256237370654e-06 2.438491539004812356e-06 1.775474655852696052e-06 1.052163569565798470e-06 8.502931801759960496e-07 8.158943555755658268e-07 3.001386921771247598e-07 1.088898573094628669e-07 5.619483454792775438e-08 4.667030403455756581e-08
9.969971158962527615e-06 5.677298913668860860e-06 3.734724612247930701e-06 1.454330690061721744e-06 9.392986641437335215e-07 6.489509705439872920e-07 6.733468397814600497e-07 2.427279146650860103e-06 1.842706537449792758e-07 6.945954294145608486e-08 2.092303449330780533e-08
1.060311910577007187e-05 6.141535856074312772e-06 2.964092532873526590e-06 1.812640255612984862e-06 1.074422985758796344e-06 7.900170272685066829e-07 6.007863367621147362e-07 2.285486119119798427e-07 1.536842722622189233e-07 1.693700626932968648e-07 4.389331308682880997e-08
3.811838780884399105e-06 2.596685363281539360e-06 1.773851905243798734e-06 1.115281709000309561e-06 7.854642083112911843e-07 6.046358289558065361e-07 5.116250874077007290e-07 3.159221966634811304e-07 2.610210790502191943e-07 8.200625711519814887e-07 1.575841894795928415e-08
3.991203436637035032e-06 3.398079660337438480e-06 3.530502112259054387e-06 2.530908967815282137e-06 1.404495959603304420e-06 1.654681268467605423e-06 1.980010992482999950e-06 2.080140807240690930e-07 1.004804206802071335e-07 3.979108586831290906e-08 1.128159034463984546e-08
6.509095165533025343e-06 4.590459497575315221e-06 3.442115103599409521e-06 3.884623215728253598e-06 3.965295308352188985e-06 6.450728531772200099e-07 2.917561707724046760e-07 1.498254557527385556e-07 1.168454932227140257e-07 2.447055755029651609e-08 1.831776657936615104e-07
1.404703294622716684e-05 8.116311775773040122e-06 5.662733324363429841e-06 2.704909439353157016e-06 1.217599863262216231e-06 5.950082200267255644e-07 3.935234703284176828e-07 3.927925151282883574e-07 3.190571828397957336e-07 2.723344845382979785e-08 2.774052696114477642e-07
4.405968684369042246e-06 3.518133231168155719e-06 1.834786266632887283e-06 1.086100654414076617e-06 8.502768563793801723e-07 4.582108220837736650e-07 3.584417438262054082e-07 1.622830474288825429e-07 1.094600655514475121e-07 1.274097986485239030e-07 6.185194337517904090e-07
5.954880066566349785e-06 1.472827128825110896e-05 4.593250956667433269e-06 3.430826151238164420e-06 1.354993663773174571e-06 8.799706049826993870e-07 3.354011658948018896e-07 1.363951055583513159e-07 7.942313434931038435e-08 1.103443106311625940e-06 2.778521093741699195e-08
6.416544647701377332e-06 5.165571360678498393e-06 3.762514888247820859e-06 2.181766060085461531e-06 1.312309901677395900e-06 7.154465751447229187e-07 3.560944967979918157e-07 2.066004721966022518e-07 1.347243035702679723e-07 8.779121735690576969e-07 1.118770909341578021e-07
7.295843091964769069e-06 4.152829095835221552e-06 2.703732249244380900e-06 1.873345041495497268e-06 1.341560593453744629e-06 6.738849563266553723e-07 3.729281584132810665e-07 2.262217704988452430e-07 3.777338076766009458e-07 5.889324039605724217e-07 5.452599190795370431e-09
6.665755149778679532e-06 6.570926895155992867e-06 4.014448643105058773e-06 2.094283781976335426e-06 1.293304668455985536e-06 8.297441786045033060e-07 4.606963019781645181e-07 2.343220530257350107e-07 8.599512873068224958e-08 2.894248114942506551e-08 2.517836861381581600e-08
2.295618575331895449e-05 4.388208828086698926e-06 2.447504685718839401e-06 2.020954208026139985e-06 1.098250967631591008e-06 1.403573375225560720e-06 4.305589015573254406e-07 1.336329450630668194e-07 2.226595000044263719e-08 3.811857149863274105e-09 4.611744900067722983e-10
2.510524471295518654e-06 2.040631890409570344e-06 1.687460949120907440e-06 9.044335955265761080e-07 5.056444536020890979e-07 2.727038237807984626e-07 5.017147228244228193e-07 1.837575862811163159e-07 1.500194882524723692e-07 1.355111544283405688e-07 7.607068565616052548e-07
1.073318213000008404e-05 5.620687235002613727e-06 2.280525167737170171e-06 1.711586570977117131e-06 1.287885764739684028e-06 6.698229873503741011e-07 4.734882290190034171e-07 2.179274611705190824e-07 1.932326957068787193e-07 5.822905714860545853e-08 3.004398647839708467e-08
1.296332580761124455e-05 8.358772298101474133e-06 3.553607788866676526e-06 2.244623264875039430e-06 1.162134393876551402e-06 6.993827832532022257e-07 3.886362088374431316e-07 1.976104792827612214e-07 1.180094986789920542e-07 4.989960485105220757e-08 2.269574767838786917e-08
4.792967259663584696e-06 4.417357090244625904e-06 2.567020273367480060e-06 1.660416403584310554e-06 1.049552150706999490e-06 5.839371432811909955e-07 4.023033426198219136e-07 4.380972806107784302e-07 1.627902208076650210e-07 2.907639697756655665e-08 7.119525026493892103e-09
1.217851939559928312e-05 5.978778717936880297e-06 3.923709658099144681e-06 2.427003782841001406e-06 1.373772040239499718e-06 6.800856794288030109e-07 3.768945855397291734e-07 1.393530025908572270e-07 8.262577935777199364e-08 5.532021052830791155e-08 8.546804075458978269e-07
3.707199201152499616e-06 3.139696205971764354e-06 2.783971827700706229e-06 8.551562838922089255e-07 5.891038772216308122e-07 3.619584191667943156e-07 3.035583871786400676e-07 2.620093050852169359e-07 1.962959673780176347e-07 3.346365682388250972e-07 4.264284506005867820e-07
4.014874467521782575e-06 3.177179032572557858e-06 2.090646510901230657e-06 1.581606868801087293e-06 9.222758705999448315e-07 6.467571349947172002e-07 6.258614702076966139e-07 3.594097859689550032e-07 9.356386631849286268e-07 1.665921112594829775e-07 6.454913493175490404e-08
1.830867619327548568e-06 1.807740895129378860e-06 1.235887312334043564e-06 7.704519705346543097e-07 6.209638134111045666e-07 2.910344854632541737e-07 3.850172288720951623e-07 1.487322325196496950e-06 2.091841151035290479e-07 1.829467946786515034e-07 6.249344828040129686e-08
3.700289652690317146e-06 2.365729909662412835e-06 1.536611824951166270e-06 1.251654082101541144e-06 7.989255139282752623e-07 7.906711504485080365e-07 2.841698970596089389e-06 4.574184813368842446e-07 8.716803361816202574e-07 1.217381769037216905e-07 2.613836052027107963e-08
4.586319109346976247e-06 4.235243576892339271e-06 3.224196686225407777e-06 1.608820764048404010e-06 1.070538729424307336e-06 8.829887583705695446e-07 4.778948853793720875e-06 4.229941205437300573e-07 1.675326744353157260e-07 1.839176054035762421e-08 5.424615201577594262e-09
7.471871992140194570e-06 3.053062692479013034e-06 2.919821796209344887e-06 1.826152934894411027e-06 1.024443415153957907e-06 1.006533989769792825e-06 3.398345667848669089e-07 2.074848025782946232e-07 1.996519659159562552e-07 6.012666494883185214e-07 4.623115112291861949e-07
8.916376244793112199e-06 4.261751017244041295e-06 2.741954532235807607e-06 1.387600717331927666e-06 9.129707920672560204e-07 7.158115993630832459e-07 5.711302667958484585e-07 2.227568197508688130e-07 1.122389959898383860e-07 2.874398396640931900e-07 4.509683268063804844e-07
2.477213829789551020e-06 1.576780324719030254e-06 8.744287405646681725e-07 8.950886942380429171e-07 8.488501340613109882e-07 4.231205499530785864e-07 5.200688609839755347e-07 8.242286272559882444e-07 1.346624744729457866e-07 4.146359670882384205e-08 5.961888328164460765e-08
1.293361145899231687e-05 7.100034497796305717e-06 2.008251424676837218e-06 1.339179750488796295e-06 8.580510377411757858e-07 5.506669735007196339e-07 3.248404330371048323e-07 2.073928384663640101e-07 1.219382130768510559e-07 7.476430349006723782e-08 7.582793800918862255e-08
6.546042016042405472e-06 6.419197060991484481e-06 2.997533747021793961e-06 1.914941515396011630e-06 1.367629449644262403e-06 1.078030396398080319e-06 3.298942390599191861e-07 1.205222195130340116e-07 4.346163314748245300e-08 2.740575500347866706e-08 5.048356382372126542e-07
4.687356005857877272e-06 3.403377783122125082e-06 2.955290852507526216e-06 2.093995107274273420e-06 3.769475662585365930e-07 3.161791023745219054e-07 1.554022257659459800e-07 2.948979660350339780e-07 1.095313044037619390e-07 1.569599542141378593e-07 2.527305508480473524e-08
6.788729612970865099e-06 4.046704691680285951e-06 2.719566695121013236e-06 2.369973936803830108e-06 1.185677755782341887e-06 1.025796255649301848e-06 1.465092914507589875e-06 3.092867680545720705e-07 1.334138279810073417e-07 1.234851299416326299e-06 1.152723387798013714e-07
1.389144190854928951e-06 3.861452962486903915e-07 5.102765822064186234e-07 2.260942525045813387e-07 1.492744264031529816e-07 1.102194005181377806e-07 7.040058017037445166e-08 5.718453545700517144e-08 1.187588172326009212e-07 8.643523681199941229e-07 6.656365277997478340e-07
4.248239967640288373e-06 3.343594777271632093e-06 2.968039268369894138e-06 1.437107136311615609e-06 1.290067731206986568e-06 1.137584608996353407e-06 3.412802444315239337e-07 1.878637149285920710e-07 3.344957628630455922e-07 5.378820756317296188e-07 2.767406654246448460e-08
1.193085322855065415e-05 6.440321274948038103e-06 3.923983640977157522e-06 2.184856265029631007e-06 1.257723706562900257e-06 7.063991024947352660e-07 4.431696801322959265e-07 2.751891615514085937e-07 1.477925153700505293e-07 8.347933936064312524e-08 2.924011173200688359e-08
3.648880626831274894e-06 2.898585027688636598e-06 2.513973003465263755e-06 1.671262666615253691e-06 1.095618154772265707e-06 8.380195213872985545e-07 5.899038058252409006e-07 3.648358298128692369e-07 2.202783739887636735e-07 6.959688038851574800e-08 1.818565587906919981e-08
4.295363222728166469e-06 2.939696408870311198e-06 1.720054461518735824e-06 3.515390225281206313e-06 1.362017393615154643e-06 5.043657552720891803e-07 3.380092239019766205e-07 1.892379507385771488e-07 7.395122600258301125e-08 4.754827731870645204e-08 7.721836082802232104e-09
2.549582408969830957e-06 2.180303845415217649e-06 1.385711485650990744e-06 9.605525715780493407e-07 8.475397316505524928e-07 8.013870419605837137e-07 4.417197367084981240e-07 2.890660810687966564e-07 1.583951847314619611e-07 1.025827712888827465e-07 1.558918411618112081e-08
1.051129311866768079e-06 2.762429779736255583e-06 1.405851775680361254e-06 2.433406656787063302e-06 9.707962831736610778e-07 2.886777773254284678e-07 2.186469191652568523e-07 4.928470004060934221e-07 9.862376314764118860e-08 4.077760885996668743e-08 2.139407799312433702e-08
3.563977804600963149e-06 3.856375979780677489e-06 1.226286194666720252e-05 2.145896868299168794e-06 1.301450088886504417e-06 6.232726358766925187e-07 2.659357626388365800e-07 1.552505754329072750e-07 6.312456786797172949e-08 2.174145638932838327e-08 7.404490639152895807e-09
1.060847285879891106e-05 8.191887825298144229e-06 4.899950374038195541e-06 2.731921500440807919e-06 1.585649031439563929e-06 6.745238536171146234e-07 4.996174395434619479e-07 9.166299546685691022e-07 1.570074924508496534e-07 9.253297062541455460e-08 1.795439037700583998e-08
1.264924196608778642e-05 9.412976588849004532e-06 4.377917945581087710e-06 2.487471755912805942e-06 1.657263795120517390e-06 8.779147895359118817e-07 4.883278383017675824e-07 4.431464427342634855e-07 1.076790428529957294e-07 5.131330493899659342e-08 2.858097220838737057e-08
5.169257771198711409e-06 3.951108592856479902e-06 2.376602101194020239e-06 2.286655894195833962e-06 9.280678929047477089e-06 2.066974239903740225e-06 4.302077592136065778e-07 1.848871602828244115e-07 2.303643738901914601e-07 1.026637719322198334e-07 1.270732477535227284e-08
1.124825794889397623e-05 6.723830284644078832e-06 3.493665030987332196e-06 1.685400338823747534e-06 1.199077626325347928e-06 7.943897517939300744e-07 5.407612173649101585e-07 2.853594797398995037e-07 1.501013682897430383e-07 6.003153699862726975e-08 1.825266105181499313e-08
7.372079537814783752e-06 4.888786542940021270e-06 2.261216499432540207e-06 1.341200012302090075e-06 9.026087377371431062e-07 8.318859910700337784e-07 9.392248014258495338e-07 1.747395946552833472e-07 1.851249240376321922e-07 7.296302931175847499e-07 1.309366567371609347e-08
3.585987161142702569e-06 3.276525932387763993e-06 2.157033090099329249e-06 1.619481259291477174e-06 1.529108112322680900e-06 7.369853214259259692e-07 3.315318705404155555e-07 1.833829212350890443e-07 7.450360795348027300e-08 9.751201715780204490e-09 3.534980803559966127e-09
1.776019738684062626e-05 9.902729378591940208e-06 5.136443429285995969e-06 2.623331030140897211e-06 1.469348908263539499e-06 7.821907432741495059e-07 5.043160168440260393e-07 3.484979952972579112e-07 2.979916678455170715e-07 8.900892785124465948e-07 4.228879913444869382e-08
1.362466119064967110e-06 8.889772874981795318e-07 1.751361562256005103e-06 1.640311847436377906e-06 7.793692277334906938e-07 6.075278490704548444e-07 7.742733401435686998e-07 1.896274686712425678e-06 1.675793885970794530e-07 4.390571587989425353e-08 4.577136840407504078e-08
4.613155848742342292e-06 3.533686686093023622e-06 2.230216184565665645e-06 1.642264263151209141e-06 1.145149533164464001e-06 9.094172663563427196e-07 4.628309385935465162e-07 1.762219250931056702e-07 7.811986680253808587e-08 2.111733590808615633e-07 3.243765974984006323e-07
2.944505903051797185e-06 1.826938238486346665e-06 1.606857764318683354e-06 1.108337714302119979e-06 8.077245525312451193e-07 7.776517131342373037e-07 5.003212866092280527e-07 3.261927087673369549e-07 2.057175306444938752e-07 1.035948840045071930e-07 3.503460334382830040e-08
1.678492334244413006e-05 5.640811925691213837e-06 4.011926234958234559e-06 2.340879013806661134e-06 1.011836886842318964e-06 8.296270231938813406e-07 3.101696140480474742e-07 2.331327753441139954e-07 7.410953916446090089e-07 6.674653882308469245e-08 5.319941750148954501e-08
1.632293122928673391e-05 7.204740141539426634e-06 3.520657262695157606e-06 1.908685450808307010e-06 1.018704408648247853e-06 6.683548593608090062e-07 4.205755418496013590e-07 2.312360895984518047e-07 1.155035515714334788e-07 4.622578520671757097e-08 2.232550974452629369e-08
8.627361636861231696e-06 5.962633251619640081e-06 5.342280975753242465e-06 6.076071970826070481e-06 2.301785937180546606e-06 7.739505165401109667e-07 5.364867845125614365e-07 4.725251546841138961e-07 7.105647738388808449e-08 1.972944128184196039e-08 4.367210086227893913e-09
4.168334323259318781e-06 2.730357433201774476e-06 3.335286056958296538e-06 1.581300969702013098e-06 1.007945594900278842e-06 1.232179377488486312e-06 3.281200771733863804e-06 3.070162691096670737e-07 1.037338565288952220e-07 3.431535256450555067e-08 2.509139930041132388e-07
6.860976183140481832e-06 5.124740722127560146e-06 2.885679062876989354e-06 2.358726302305334497e-06 1.548885914770780549e-06 1.330212375226525287e-06 8.063109404051512049e-07 2.123246957760784913e-06 2.908864598650667012e-07 1.320726557251825330e-07 6.696741146239935104e-08
1.200082811422366886e-05 6.934888281576163279e-06 3.935406247246295950e-06 2.127383155012374031e-06 1.239610089590206231e-06 7.239515228185822583e-07 4.172630190322366032e-07 2.369232224504440163e-07 1.006517631697525304e-07 4.459996989599363111e-08 4.251064852176306045e-08
7.885043617813813197e-06 5.812965750897322703e-06 3.344107596453024044e-06 2.394694666011505721e-06 1.316120821368132823e-06 6.305609119648298446e-07 3.644637348432680595e-07 1.789166346332415492e-07 7.834293617795935401e-08 1.043111637208398438e-07 1.931053616918722333e-06
1.033232523181281186e-05 7.003647170475863919e-06 3.848196684675995075e-06 1.975160851393610840e-06 1.456486096577004046e-06 1.008712183145294753e-06 7.665222452429665323e-07 2.496979931719409564e-07 1.330213952510434535e-07 6.042440590881979109e-08 1.470834800173201380e-08
6.313457741219139818e-06 3.612889367585271213e-06 3.035369963978734897e-06 1.515704040585854564e-06 7.939834137351789768e-07 4.415630705654325134e-07 2.581356084627199744e-07 1.464958026343547666e-07 8.403344956411830116e-08 3.523786196725967847e-08 4.811514866638791663e-08
6.202406445336329346e-06 4.537843142997094996e-06 2.627588979141673872e-06 1.599283607304191785e-06 9.320553511034337011e-07 6.791273758048243169e-07 3.120653312537693423e-07 1.764320256371125197e-07 8.013709475197582126e-08 1.325628790514572400e-08 3.562150331561480185e-09
1.826342960955201991e-06 1.641373788757204113e-06 1.086904984523166299e-06 7.698938431739651468e-07 8.615363716063207307e-07 2.156601474252578741e-06 5.050921760306854996e-07 5.145063177002162501e-07 1.955057546472032909e-06 1.005369662385626255e-07 2.045199892498608434e-06
1.963882641978103863e-07 2.604003467176996059e-07 3.177037074739909484e-07 3.252449652038163803e-07 3.930831327777721774e-07 3.491259268464624658e-07 2.128294236885405944e-07 1.161419455478108132e-06 4.326653259894921938e-07 3.993985862940536772e-08 2.689752233842727950e-08
3.947757922129414948e-06 3.269233170784689010e-06 2.085579836107707974e-06 1.727452354753229702e-06 1.488404501358346747e-06 1.247331776056198912e-06 4.699824902630963526e-06 2.956149559988123172e-07 9.854707535633474001e-08 3.666892516712235491e-08 6.417600648629144887e-08
2.540783329377780794e-06 2.462534247000974898e-06 1.975563455753929497e-06 1.613699605492707472e-06 1.315615894943632402e-06 6.525761322692980672e-07 1.598229096990400991e-06 2.720351520073702281e-07 2.386191067250987841e-07 3.111003270314920975e-07 1.068620321639015813e-07
9.058259233320611268e-06 4.410076868223132065e-06 2.118727316696412409e-06 1.520431084871391687e-06 1.055578754737047955e-06 5.499286010013394857e-07 3.059121087856143645e-07 1.712191987017323825e-07 6.892154528972730584e-08 3.970178923815373824e-08 1.769663590928758953e-06
8.681604523803539096e-06 7.754124127831864250e-06 6.498026175659129760e-06 4.789307652891517690e-06 2.417024481525462900e-06 4.203417648163134231e-06 4.334892205782878975e-07 2.251275896684330268e-07 1.927284985043832487e-07 2.466283615552972930e-08 4.667871592727206809e-09
3.208886162748442849e-06 2.372056859407953952e-06 2.109749494701035880e-06 2.035536041580949419e-06 1.950232456503112983e-06 1.071217085694156252e-06 7.703616989418168235e-07 6.364997639140766133e-07 1.238064104915610344e-07 8.691145627160207037e-08 5.761656522185800225e-08
5.622312152942732822e-06 4.450059059772610727e-06 4.120856768827720270e-06 2.819613808420417369e-06 1.775690516128780460e-06 7.007260907090234402e-07 4.128100441456122191e-07 2.545230199313983006e-07 1.114788925098980310e-06 4.353745681539940446e-07 8.323789062088305683e-08
7.238229445840280807e-06 5.721409522534953397e-06 4.082228402162681962e-06 3.208730530056682046e-06 2.022080834893263390e-06 2.472679695778595851e-06 5.279561420905975903e-07 2.531026620419326620e-07 1.367146729704970437e-07 4.259256758451550065e-08 2.416946461652904603e-08
9.203623105020126055e-06 4.321675423217140235e-06 2.575865050303100404e-06 1.797487272042570964e-06 1.043176647635341323e-06 6.670886705725506694e-07 4.031015045843581366e-07 2.526455771092075596e-07 1.641015147168239522e-07 1.054485587365138004e-07 3.887388746614507588e-08
4.972107177134511686e-06 3.119932242727255546e-06 2.068760054992323808e-06 1.863757512148918645e-06 1.322113956829968862e-06 9.698991079857842094e-07 6.262536293821399414e-07 1.243561837498552204e-07 5.823965371955744267e-08 1.909630586529111865e-08 8.959453333950026748e-09
8.644171636715449123e-06 4.246016050699512072e-06 2.617858204343293520e-06 1.581694939339798907e-06 9.903006219555104415e-07 7.982014255475420238e-07 5.660932614440441907e-07 7.216053364383134873e-07 1.033709368866882576e-06 9.251653312433647643e-08 5.209200344168113339e-08
8.206115517081739044e-06 3.566889935444326076e-06 2.078843820631409314e-06 1.022744334775465079e-06 7.034878947118708860e-07 4.601250150863479686e-07 3.906542926411897259e-07 2.984337089834702188e-07 2.724552175012504407e-07 1.495637073790743202e-07 3.729878364997602834e-08
8.582943319469107739e-06 5.673592312408579305e-06 2.975700696482584033e-06 2.105206130758420787e-06 2.619934814029472910e-06 3.212998552969606899e-06 6.680671033704684932e-07 3.679725128772705797e-07 1.049972835308319263e-07 4.815530269046058818e-08 6.895966311714732860e-08
4.275787344224570075e-06 2.711000198124960276e-06 2.000331451793431420e-06 1.638182123835724734e-06 1.094635363160008045e-06 4.454704737766272509e-07 2.990779718010448291e-07 1.907277727441631838e-07 9.178629791002914751e-08 6.233033216384436520e-08 1.113019123184524637e-06
6.563585743160834393e-06 2.936919250524106238e-06 1.877152065914684486e-06 1.638258568253908608e-06 8.012713038059905376e-07 4.965032339976973517e-07 4.147345754400676905e-07 2.416586647810474187e-07 7.032216722408954788e-07 1.687931690054264680e-06 1.167100719274718516e-07
3.355050098551081225e-06 2.994168036573998811e-06 1.625769942526705184e-06 1.280942140156126239e-06 1.094026933361506252e-06 1.031957517148017926e-06 5.698142790284567625e-07 3.588267857497500769e-07 3.292698500231807720e-07 2.724015314604662997e-07 4.082633451888524825e-08
7.021459308093277611e-06 4.207496768138736458e-06 3.588267858914235795e-06 2.848629398905512789e-06 7.503091596770238195e-06 1.172717069593590092e-06 4.237297943585517369e-07 1.913841068658219933e-07 6.246397787182436281e-08 3.045068682485928402e-08 2.400633592568804717e-08
8.128726367414320476e-06 4.214181841953028865e-06 1.828470892233085912e-06 1.305655342281103180e-06 1.174847941296159045e-06 9.707982441812587712e-07 3.010360601130376080e-07 8.446305077239987114e-07 1.506337050192756978e-06 4.424017207633850655e-08 6.141640449547035110e-09
9.897223112457781351e-06 4.947002586064381371e-06 2.925250221171285653e-06 1.990981742047115914e-06 1.422087469858756811e-06 7.148742432202890042e-07 2.920265446174597135e-07 3.289162094125086145e-07 4.186151141229072699e-08 1.001651010325673147e-08 4.032317166445174770e-09
1.721333601373822065e-06 1.424799346934820775e-06 2.971073258241211268e-06 8.094611809156172472e-07 3.487124810835429163e-07 2.857366958952265726e-07 1.542726519085152033e-07 3.571816584565293233e-07 1.853612038066557699e-06 2.651838687564803061e-07 7.080550960498347340e-08
1.431013309203003894e-05 7.943720718228556430e-06 6.954991339278699605e-06 6.825210834485352860e-06 2.290129038364759053e-06 9.086452729942322141e-07 4.905815570092186033e-07 2.457350155219295769e-07 1.211634575834895260e-07 4.953465572719449334e-08 6.549690559905349409e-09
3.803713517288063952e-06 3.180936960373807642e-06 2.078416437659391953e-06 1.575465030328459666e-06 1.378357175311475599e-06 6.102974657764933353e-07 3.989944534574006053e-07 1.895046705139246371e-07 8.843291401944888319e-08 3.530688879197830821e-07 5.264740943440403285e-08
3.871495860335841710e-06 3.158487416352433050e-06 2.873786383369784265e-06 2.272029711732521194e-06 2.054501612683386081e-06 1.123103559757051648e-05 3.622192673709309857e-07 1.573950497262561935e-07 5.550799135304438153e-08 2.596332779220851537e-08 2.186293895166286946e-08
8.090522229217263038e-06 8.425957769408836439e-06 5.051840910809881259e-06 1.962369823631516804e-06 1.184187629095408884e-06 1.291442582737788697e-06 3.009663964588413246e-07 1.654643506891425585e-06 1.847449502198086579e-07 4.284408791681172755e-08 5.128264609317147916e-07
1.155778111416598501e-05 6.146340185847105264e-06 3.352381205546735822e-06 1.629091365721846679e-06 1.193790404743826675e-06 8.476078548676933003e-07 5.490262179107579642e-07 3.074283473606960433e-07 1.086684304680564195e-07 2.807968568234805643e-08 1.360336274356055124e-08
7.885270622380507601e-06 3.854332953212255540e-06 2.848450939430907191e-06 1.297289428379351575e-06 8.721332644002800799e-07 6.335448595927779468e-07 4.872585161007997269e-07 2.307110505155313069e-07 1.306490401642707444e-07 6.922494230351240670e-08 5.842074117071351263e-08
2.810274843171329695e-06 2.266934637305272391e-06 1.789965798492276316e-06 1.351760571566011062e-06 9.121708228231209544e-07 6.642822901393823009e-07 4.263575658532491324e-07 2.684363087136209051e-07 1.582891778444329819e-07 8.723805715130414377e-08 1.246568281926055069e-06
7.500724708244858040e-06 8.469978174036557974e-06 5.557591724233615073e-06 2.870668485897241063e-06 2.048061142955073056e-06 8.759362836157319235e-07 5.150063592477191576e-07 2.482437918441181403e-07 2.471998667230252396e-07 4.674682041719752562e-08 1.468076393347849425e-08
1.089069165844169612e-05 5.100238277887272662e-06 3.490622830014668600e-06 1.993330262216670095e-06 9.145469015232943889e-07 3.748872342498348185e-07 2.965415842120397785e-07 2.568304181283960452e-07 2.262003285731650659e-07 7.599758676486516330e-08 1.090046616839738568e-06
1.526931568673528729e-06 2.861628978511372565e-06 2.351077662308937370e-06 1.833090545782659267e-06 9.529914424021606575e-07 5.721855570777031169e-07 2.759297916036876270e-07 1.943318497346459995e-07 1.465486831444891159e-07 7.552156066984650403e-08 1.452657033830603072e-07
8.793301927747828502e-06 6.047535217032797402e-06 2.954215070772412577e-06 2.018775447269920631e-06 1.624035244144469922e-06 9.716969931443593455e-07 5.139124675307827967e-07 2.683679989834860416e-07 5.269919070195327569e-07 5.934776385590286816e-08 2.420316019223673047e-07
1.041547734060343307e-05 1.261148810077634626e-05 6.908713792814880926e-06 3.352079583124937578e-06 1.600138490307452640e-06 7.431890800303985542e-07 4.709311339106194752e-07 2.469899178021660158e-07 1.170570458854086137e-07 5.294634508239146774e-08 2.709103541893290581e-08
6.065944937902256612e-06 5.305332320703471218e-06 3.238259812163917704e-06 1.714179256377795080e-06 8.304059191305847421e-07 4.751690948072575853e-07 2.985010208012473493e-07 1.794242691419507333e-07 1.160883006666110682e-07 7.548916097209828165e-08 4.931585059716435045e-08
9.722600236085257569e-06 7.011353303996407231e-06 5.812356300709304451e-06 3.474614163393352753e-06 1.376401596151197217e-06 7.492726979131289676e-07 3.829315302586673381e-07 1.917112254027062348e-07 2.199785628398881846e-07 1.566085408778909404e-06 3.976566389603725952e-08
9.021800139942945387e-07 3.947127846365656477e-07 4.890641692802613336e-07 6.814442741641050485e-07 4.252139734906133346e-07 3.886269088164257957e-07 3.392324047312124542e-07 3.223242824836114086e-07 2.929141696739144767e-07 1.469401172261640886e-07 9.630260998276511646e-08
4.633294753378249434e-06 3.128301235233446629e-06 2.073890361091556886e-06 2.061537615868216659e-06 1.182745873438585174e-06 8.842750784423904461e-07 3.659828583137960509e-07 2.128874230219813437e-07 3.736094396419364640e-07 8.844470028284340485e-08 9.893736625974607978e-07
1.995900073113366015e-06 1.453091091325952980e-06 1.162577865745883829e-06 6.024279797973098926e-07 4.410276247713317958e-07 9.971923387787594532e-07 5.242431669157403271e-07 1.447744383738521234e-07 9.760765717139983940e-08 5.854141712634472331e-08 2.392645863273364639e-07
2.980527603683433571e-06 1.932882370620732374e-06 1.297482553616331658e-06 7.930321410282121120e-07 7.217962784766161910e-07 7.005404982149722552e-07 9.464239373340716619e-07 1.114967267542269722e-06 1.026615493067192874e-07 1.511355183810703650e-07 1.350926884348691873e-07
4.053446170378962964e-06 3.612739046926890495e-06 2.034811086508291094e-06 1.095909841502488297e-06 9.478451185235789435e-07 7.803157122421694708e-07 5.363280346684134990e-07 4.189910903697223691e-07 2.027583223889466221e-07 8.948674197620295645e-08 3.544783806465176781e-07
5.266376349638339868e-06 4.196266150997223097e-06 2.546285232676948183e-06 1.714458657706055443e-06 1.248005510448105027e-06 1.046107484711593299e-06 4.615922789659968165e-07 4.693670274568624026e-07 1.649548640066463963e-07 2.442796851783948629e-07 1.933075616809043177e-07
3.523206419908680099e-06 2.551946977752351734e-06 1.906908536953889492e-06 1.208066738421888016e-06 9.134209725713925062e-07 6.764182039080035014e-07 5.380430601941333887e-07 1.692436813178361540e-07 8.784964045866168401e-08 4.427786515329700993e-08 2.347595694869044662e-07
6.125910030834375142e-06 3.852842808358531309e-06 2.979472816530875446e-06 1.736712926016533360e-06 1.382510931058185709e-06 9.353039870972890673e-07 6.646987934452540178e-07 3.866749257948732200e-07 2.428955177551337651e-07 8.654913372824317632e-08 3.648510101729210605e-08
2.662293831944049215e-06 2.913773488826036190e-06 2.044920506489591561e-06 1.409853108340878232e-06 1.029467809356949914e-06 9.519016757328088421e-07 1.031387669822825633e-06 2.600890185984872552e-07 8.273066650828756493e-08 3.237448909488952398e-08 1.248754550512357633e-08
8.015226191629237662e-06 4.609707857971960259e-06 4.687691066642628246e-06 2.991714136599151417e-06 1.763791444306282922e-06 1.814643504527824988e-06 4.028134752104782619e-07 2.222241502333220083e-07 1.131583577527637103e-07 1.309789798565385373e-07 4.602839126387468764e-08
4.206336869849671967e-06 2.981611239383497313e-06 2.101817328475382530e-06 1.460746277135211335e-06 1.177314130029244181e-06 5.624730735587641933e-07 4.527867979907356284e-07 3.638290711585015311e-07 2.115249785565732623e-07 1.794254041102061234e-07 1.876337285567498764e-07
1.287284380983330912e-05 7.039549448144803582e-06 3.935719064735457512e-06 1.840419291092003853e-06 9.673381767909219174e-07 6.152145616149833373e-07 5.990772506141418391e-07 9.109369421065964504e-07 1.582049308383686906e-07 5.605155791851845726e-08 8.900811842951198781e-09
1.561341288791836724e-06 8.437193515864317885e-07 5.330330358522450591e-07 4.302976982888437895e-07 3.192551380001638016e-07 2.134300482354739035e-07 3.156382473681211870e-07 1.771259633377286513e-07 1.608865409316305239e-07 8.859706053782617889e-07 3.167715177832746274e-08
1.296947602745099893e-05 9.283892257696330891e-06 1.656742692463538972e-05 2.324124202951587126e-06 2.173920552882903169e-06 4.400825533049036904e-06 7.625302724486870306e-07 1.080244958590474717e-07 9.911509193895985510e-08 1.714335064544158978e-08 6.378111325102587374e-09
6.267139111726166209e-06 3.683608903904438043e-06 2.295521410024760292e-06 1.161840512323067085e-06 7.840961695046119504e-07 5.268960831180885345e-07 2.548400677445123699e-07 3.745642293994446725e-07 8.764011163230355867e-08 3.285323441517831264e-08 3.582596936165086207e-07
8.694120711673341818e-06 4.883777270534569763e-06 2.824491025966218286e-06 1.700140097099088360e-06 1.355802316993997122e-06 9.536785097261343912e-07 1.441664532877791449e-06 2.948238178606986242e-07 1.831826584177973436e-07 1.182924780553603114e-07 4.178464539922723073e-08
5.178166372393793472e-06 4.128987111584427454e-06 3.745352368909010531e-06 2.321213122419056276e-06 1.433139556772389874e-06 1.162811725755328057e-06 4.799645932341914307e-07 2.387058633054975462e-07 1.044372093842877188e-07 8.200347181887573020e-08 8.567934088586501222e-08
3.236318349127782336e-06 4.824730442492674007e-06 2.396228787581154762e-06 1.729747245711991437e-06 1.154253252353055767e-06 6.950584365269304309e-07 5.836327814551890691e-07 2.202628790438748272e-07 1.534176071499406422e-07 5.306756797234111557e-08 1.888264294332011353e-06
9.529191624841445356e-06 5.908948817469288260e-06 7.196510625652498645e-06 3.360515069166905915e-06 1.404951719702413063e-06 7.291255806352260842e-07 3.581336400800142927e-07 1.824770256227802182e-07 7.466725773315371719e-08 2.607067755362383320e-08 3.501925447645704829e-07
1.301663234861680860e-05 8.241645365957890211e-06 3.440263931846856383e-06 1.755415588248548651e-06 1.008267410607181265e-06 6.230440817706817479e-07 3.761287224338305192e-07 3.390256482922942103e-07 1.621100788524314378e-07 6.538646922241329713e-08 2.711674495504933659e-08
7.461239335508273863e-06 6.491878241895122184e-06 3.582803908858101566e-06 2.226892864301441838e-06 1.482730955830129306e-06 8.649209268341699736e-07 5.334329491547938250e-07 3.174434968764975095e-07 1.972269922235007809e-07 1.021965092616965110e-07 8.261663503243992326e-08
4.654993875730836355e-06 3.397989691590740146e-06 1.446557198562487480e-06 8.318745831103546805e-07 4.703850873163621845e-07 3.501470907403762799e-07 2.680394126909493865e-07 5.994682133581615019e-06 1.482790432389258633e-07 1.569657233764349200e-07 6.007826353833277380e-09
8.373548543064438849e-06 8.302577435433267856e-06 3.481125472423885016e-06 2.035143158474663994e-06 1.041300605252367602e-06 5.678539454678374820e-07 3.658416051598620082e-07 2.217941215936730011e-07 1.226164135774868474e-07 7.137149396760207796e-08 1.537150772685595368e-07
3.787482713290376472e-06 2.259054241948198355e-06 1.683722195864715832e-06 1.431006677536149108e-06 1.439002010411353074e-06 1.047784958585985878e-06 8.682676470494037986e-07 4.122585744248453913e-07 2.231225207842321094e-07 1.356043162137212449e-07 2.767542375503797255e-07
4.166408301943453223e-06 3.341680854123556190e-06 2.013221624181657795e-06 1.560821609031613900e-06 1.494960184520313777e-06 6.090044472135808915e-07 2.622379901750064422e-07 6.350273763511121502e-07 1.241145055675517009e-07 5.360641265936086921e-08 3.019038711538590713e-08
1.212861841852534414e-05 6.599273218356872463e-06 4.092131784269455854e-06 2.760952510291850082e-06 2.994511070684878239e-06 1.087533210049681601e-06 7.179780219020226922e-07 4.066522663691978053e-07 1.924347225139061517e-07 8.898685011851986739e-08 3.586458757096268298e-08
4.493701559229302091e-06 3.419325509570996048e-06 2.791669660244391816e-06 2.573956176098040781e-06 4.987959934419477043e-06 4.343028411173900529e-06 8.294434868995769824e-07 1.915174604572809354e-07 5.957259108030283826e-08 1.127638418014107555e-07 5.278139283268686322e-09
4.238095532992134367e-06 2.418642956082476008e-06 2.023117624371282635e-06 1.308493540924828175e-06 8.654136981520286886e-07 4.842891949289143967e-07 2.834573967016549906e-07 1.512288938379484058e-07 6.873502540652156264e-08 1.832500462047255650e-08 3.167373145179036711e-08
3.583661465163553556e-06 2.790405376050496735e-06 2.244405413323015275e-06 2.324490060055774457e-06 1.386274101876227353e-06 9.010519693324569187e-07 2.905971763721874469e-06 4.297846664372459905e-07 1.688156927001893456e-07 3.498711094441821403e-08 7.573610132226535113e-09
1.020284418345705372e-05 5.240371871503760111e-06 4.101367091067996814e-06 2.164693660999303721e-06 8.852997291877181606e-07 5.492270891691799854e-07 8.973300636853506290e-07 5.699384001602662566e-07 1.326809027028585269e-07 7.019582160093274019e-08 8.112392282918221822e-08
7.591907673163250660e-06 5.589170697864781358e-06 4.684205518583068558e-06 4.049133608423912733e-06 1.443431950244547605e-06 7.526228041367949004e-07 3.946510811075655153e-07 1.978907259445132476e-07 8.010492771046009597e-08 2.747718230766480645e-08 5.229500959345254203e-09
4.057830873395361949e-06 3.039146826761703352e-06 1.598804310791890269e-06 1.434163353876852649e-06 1.014746317466335244e-06 7.091516397474340855e-07 5.867447395067354592e-07 2.041965644302522305e-07 6.681680925561000999e-08 2.753223000050395333e-08 2.060116809052178665e-08
4.774999944505099118e-06 4.435641776866045730e-06 3.302754380052008734e-06 1.836927735995219523e-06 8.122645199634657554e-07 4.246940220492410475e-07 3.176295638665253681e-07 1.257429901640311925e-07 1.157801307146492847e-07 1.863025934897618914e-07 4.180431662902025535e-08
3.915136020077651546e-06 3.148125021829646754e-06 1.707138912536947999e-06 1.937524217242228711e-06 2.158212536709510043e-06 6.105393607135784696e-06 1.017279193248375681e-06 9.193612893495556864e-07 6.093836613336523530e-08 1.193525372845538743e-08 2.116395503670947256e-07
3.029097341087877897e-06 2.637040549069182621e-06 2.124364265399311460e-06 1.403206061107741567e-06 1.162035953377073795e-06 9.228384527360913444e-07 2.946291339197272373e-07 1.745463509351176827e-07 1.377892781419716619e-07 1.034236368836093949e-07 1.105928483640873261e-07
1.023599820177833821e-05 6.808500146462527860e-06 4.574265351381733789e-06 3.283677589489252499e-06 2.258668431539908556e-06 2.224350295830654342e-06 6.971422904335420115e-07 1.658129678523828503e-07 2.921514726419950019e-08 6.648891090941256137e-09 1.557151128336314188e-09
3.725821043656251659e-06 2.848514390082699451e-06 1.950545448028779967e-06 1.341030298710036757e-06 8.511934355627302631e-07 5.412197831344487774e-07 3.107075505423221759e-07 1.822831908824789131e-07 1.711534973260064487e-06 2.111268653225615394e-06 6.051051274067183562e-08
4.462890191984708591e-06 4.791041701759011747e-06 3.125981277041603258e-06 2.445090436800132871e-06 1.294116617462570470e-06 8.122337507321928147e-07 3.553733106412759668e-07 1.825639830091404755e-07 1.023313689596683212e-07 3.655941621159559021e-08 1.215456574716217661e-08
4.942014647518004431e-06 5.237817371775421896e-06 6.593113571687512740e-06 4.487113004081862288e-06 2.772961786062561473e-06 7.390068603399395636e-07 5.310515861891784725e-07 2.211150632567678953e-07 7.710275198674868766e-07 3.329197545273569561e-08 4.423789636444408527e-09
4.308980501912611138e-06 3.118134740783115919e-06 1.874283192576049118e-06 1.372321674822669136e-06 8.231182096815663212e-07 5.460354787728905576e-07 6.282141627556925092e-07 3.800730112364372243e-06 7.796351647787779658e-07 1.170273262345037426e-07 1.468626330018881176e-07
1.162840968066504271e-05 8.929525186147009664e-06 4.693614602207769212e-06 2.557114469836579625e-06 1.454662565877477923e-06 1.040191528820428896e-06 6.554322092556933654e-07 3.811639382188585412e-07 1.974396288777096487e-07 1.230080800524234095e-07 2.782473311629128110e-08
1.428272643196116419e-05 8.409195504052239582e-06 3.839634074367155947e-06 2.201543908042050151e-06 1.225190454419692153e-06 1.840676317060811853e-06 3.927820491809149832e-07 1.870821157176474214e-07 6.288619778681243647e-08 1.572510477281700262e-08 8.523104299348977208e-08
9.532772833436741671e-06 5.385421790608242276e-06 2.730140677707231412e-06 1.884770567196173255e-06 1.003645087112955426e-06 6.110888671346112378e-07 3.273229404417063139e-07 2.006926008243456337e-07 1.090653270802918273e-07 2.093320685417014123e-07 5.250687064891049814e-09
6.713783925878647625e-06 4.942237019365516332e-06 2.743848826167697885e-06 2.306068731020311855e-06 3.302020334142904799e-06 9.185398705898367627e-07 5.873694350384526091e-07 4.278173244290126150e-07 4.703003028213586437e-07 4.743267136752193423e-08 1.537619953883362894e-08
6.996793856763785092e-06 8.624361346788429419e-06 4.256596024106267075e-06 1.772972294455613818e-06 1.109323682655321068e-06 7.291152686519635298e-07 4.530525493988884933e-07 3.105617783971561074e-07 1.795122428881356750e-07 1.019647111907052832e-07 5.636757710514966262e-07
6.656149429588129858e-06 4.832045467442344681e-06 3.760567308771647477e-06 2.538480931963056866e-06 2.538949813897352757e-06 8.307099069701490621e-07 4.783899123805949676e-07 4.018042039140703750e-07 1.149526006200997598e-07 1.368964987521620778e-08 2.333753923226272622e-08
9.428193868104873680e-06 5.186793985946908861e-06 3.142599786490055631e-06 1.729815596064998105e-06 1.517137756527196487e-06 7.831212872902855998e-07 6.892736873508502166e-07 2.283944414225357536e-07 8.937760983885594839e-08 4.601759625173495645e-07 5.992733591135352912e-07
6.290983774339584191e-06 7.475796122431407195e-06 5.328430353172400830e-06 2.607078575701489276e-06 1.252827211028736040e-06 6.594245555521091155e-07 3.829125444222257502e-07 1.691410026046392224e-07 7.203358582246048018e-08 2.333996219497398814e-08 1.675101727289776618e-07
2.520512133429785488e-06 2.032416289951078579e-06 1.267409609539966725e-06 9.748752722284649626e-07 8.647649691497825779e-07 2.014426871293385847e-06 4.719501288211756538e-07 3.150209855476344853e-07 1.074951991558797955e-07 4.913999605745345801e-08 3.182241830478151224e-08
6.323211873235266000e-06 2.597572266839128753e-06 1.896659880276344637e-06 1.416316842960317885e-06 1.005958793050683174e-06 5.651933804256463639e-07 3.334422542615627919e-07 2.955068084438124340e-07 9.712305141438539420e-08 2.801354417633469574e-08 2.067289559082413083e-08
1.065726891630917795e-05 5.787552953460381238e-06 2.895256997902748457e-06 1.961780558182507218e-06 1.425859105499305137e-06 9.446357972017802621e-07 4.751902091463819832e-07 2.881770041285774986e-07 1.248388731660348818e-07 3.415700679949726105e-08 1.135464025419795988e-08
1.040918624294000844e-05 7.149290693312247164e-06 3.273044483851059260e-06 1.654071060249748109e-06 1.214601201320482115e-06 7.167517614953460237e-07 4.525586521178969321e-07 3.139768656209458971e-07 1.754323438954226746e-07 1.172238558595500773e-07 1.366181130570443065e-07
5.111038426074995570e-06 3.721272291339381348e-06 3.522795871065473870e-06 1.357552279149818038e-06 7.587531713911062433e-07 5.435256062593297176e-07 3.393726965071815574e-07 2.402546355011374372e-07 2.441105098273466048e-07 5.858027968221927358e-08 1.047804165718893717e-06
8.112775476912545907e-06 7.295665871661331831e-06 3.433272179080699583e-06 1.492783283816325622e-06 1.506693585225518110e-06 6.895247960957213700e-07 3.450560165474219302e-07 1.993771347528225371e-07 9.647384424155342548e-08 3.414885674145524421e-08 3.338998823194513566e-08
2.657872333023452551e-06 1.539317601477207591e-06 9.401352060186055289e-07 6.336663990337314420e-07 2.365295932573930306e-07 1.463057581038862440e-07 1.030944017212007720e-07 8.972787793273483924e-08 7.091771779492532589e-08 4.760380778533757737e-08 4.051109821806772177e-08
6.415836892004198787e-06 4.745017667085443729e-06 3.328896310298545622e-06 1.860949771171414548e-06 1.654048097595403649e-06 7.780047040323646217e-07 4.583236167732237983e-07 2.988745287967450144e-07 4.200629309868192230e-07 5.199784662194868256e-08 2.267163495546337051e-08
9.095333877998354475e-07 8.661785172100390362e-07 3.591154078492048628e-07 4.413073455142438433e-07 2.973489016557394858e-07 2.085750738724820522e-07 1.044152301933999089e-07 7.112794994988953481e-08 6.407698340110091451e-08 4.076535719018537907e-08 7.901088397843184917e-08
6.930137462967346871e-06 3.288822395514772618e-06 2.034811598832925105e-06 1.398485664814142147e-06 7.864096705829066136e-07 4.836963884634805967e-07 3.615072666652041907e-07 3.246488498747108636e-06 3.026281166789586867e-07 5.279268203101411751e-08 1.867561147699978466e-08
3.483000255884485057e-06 2.819171759940269450e-06 2.000295433787065967e-06 1.642373201972477706e-06 8.812590320084290105e-07 6.553106264595361301e-07 5.671217733268615818e-07 1.926414114110841935e-06 2.497864018061013337e-07 5.139066406983278976e-08 2.277524395654499840e-08
2.246414483234701308e-05 6.527462105303166478e-06 3.885258166624874802e-06 2.166343401942633437e-06 1.226384103151987842e-06 7.546836475787565693e-07 3.057331642669538300e-07 1.873655743618701320e-07 5.373035938915558950e-07 5.348082960840568319e-08 1.621470662025025396e-08
5.537172902115645689e-06 3.832479736952125509e-06 2.353719421285494202e-06 2.509959973968537777e-06 4.724045766023062377e-06 1.168442058640268182e-06 3.421748125991772745e-07 4.211818391374319600e-07 7.830455976098216913e-08 1.224321676333655323e-08 8.235645002370436849e-10
9.992166663690947332e-06 6.302253784007635848e-06 4.057796374894059483e-06 1.612929925034622336e-06 9.437496233867564870e-07 5.120749274190069076e-07 3.330460117456147974e-07 3.768482044701928987e-07 8.933940107728724557e-08 3.691781970763759405e-08 4.013571743680008303e-08
6.222790365451808690e-06 4.279138631611511504e-06 2.801608712030912300e-06 1.531976217373190143e-06 1.177663598592986009e-06 6.045193925991396200e-06 8.532232461532232660e-07 2.995988433491915505e-07 1.123932692005132018e-07 7.386856796213944624e-08 1.265913649073826207e-08
5.657714703092966661e-06 3.846302529743267269e-06 2.914210466797223218e-06 2.626699114116742473e-06 1.666733737481775347e-06 1.330034607838363395e-06 3.242415456092912976e-06 2.980426292410464606e-07 1.458583865801974043e-07 4.767846514005672363e-08 1.526406279276952374e-06
2.995210438327352498e-06 3.000976682434826114e-06 2.557668961442293972e-06 1.779659696025549053e-06 1.492963452766660662e-06 1.110889440330217115e-06 4.487679174568755184e-07 2.298775167930323801e-07 1.073072315940192562e-07 9.824025891356610917e-08 2.058118617097528771e-07
1.419168270460312637e-05 8.070008560447251557e-06 4.810962672991608223e-06 1.868578738127733570e-06 1.254544707762645051e-06 8.128417683670397834e-07 4.681090666714664439e-07 2.829180826675251448e-07 1.371297546750442229e-07 1.035064289527935518e-07 2.715815145047781016e-07
4.955168931249246711e-06 3.454732288568933774e-06 3.073918917590161552e-06 2.398351632635904132e-06 1.571909346995982799e-06 8.054119588839637086e-07 2.572495491303436625e-06 5.017870485697949681e-07 9.827699475192594908e-08 4.977678354620704863e-08 3.517468588679083199e-08
1.593787800269172008e-05 9.568380310006079672e-06 3.633900389113095505e-06 1.679660006474490879e-06 1.158999887566722589e-06 6.665771855414278372e-07 3.234774297310439346e-07 1.794454544222567063e-07 1.176850915743177169e-07 9.163047091267334417e-07 1.009153924863222791e-07
1.628580008130546271e-06 9.721525963666703722e-07 4.737515954980305238e-07 2.030917198769695428e-07 1.712575300850417371e-07 2.210910339704731149e-07 1.736774167161217563e-07 1.043869618707903663e-07 9.214454584239282082e-08 7.474065176775966176e-08 6.436112837045419144e-08
1.798930117264942512e-06 7.037786708886637289e-07 7.820792289678577813e-07 4.520309871786466457e-07 3.346187555808155193e-07 3.724765003191816222e-07 6.434730563759298968e-07 1.308888953592267436e-07 1.535621864547360917e-07 7.341547422684383885e-08 5.796685289077596336e-08
6.557545226123818270e-06 3.945184907222340570e-06 2.341291501039756671e-06 1.419787809860802609e-06 9.930689065528257276e-07 7.858086617850858612e-07 8.050977660159403912e-07 4.885613720829369425e-07 2.251331440881847337e-06 1.565279399839361040e-07 1.190714394523788026e-07
7.311020939661679911e-06 4.407499425747219087e-06 2.175813829117087130e-06 1.623025497052643540e-06 1.044313182483860862e-06 5.765645900208378541e-07 3.479551686169557124e-07 2.166055603447412378e-07 9.378782272969700213e-08 3.477020906348025767e-07 1.136765996379456773e-07
9.394675101066390672e-06 6.077828763043356978e-06 3.586883386212449411e-06 2.133926711940289612e-06 1.502283144502088572e-06 8.807255649633424041e-07 5.064325923729686128e-07 1.856765791597539182e-07 8.032327171341732573e-08 2.234212350263181125e-07 1.894546192478431298e-07
4.457223306426439498e-06 3.520392733900939819e-06 2.312343897520589169e-06 1.623403480132812558e-06 1.081433029342795285e-06 7.166702230877748871e-07 9.737632767646410775e-07 1.791842182700708387e-07 1.146142990984923649e-07 3.993174552449997778e-08 3.389965531293997356e-08
5.536402955990011973e-06 4.856176569919276606e-06 3.204087315129155790e-06 1.400855026272034922e-06 9.312575187346358427e-07 6.361068967951530920e-07 3.819158929774798282e-07 2.781615479535091155e-07 1.315889667279814445e-07 1.089108518639892668e-07 4.945876163770246531e-08
6.392100503954939851e-06 4.942579001792080276e-06 2.628341092749862472e-06 1.685077342951634255e-06 9.933967717220457462e-07 5.463717982320960791e-07 2.613434603694397602e-07 1.821024153147854962e-07 8.875122558865848448e-08 1.185916983130752858e-07 2.433868213073327111e-06
6.452338504904078027e-06 3.426021758747018943e-06 3.291852286207394866e-06 2.106782057747622957e-06 1.126369976238564989e-06 7.759280755672166112e-07 5.113592713888933106e-07 2.748893171644328707e-07 3.114766495812071162e-07 8.592835319817420757e-08 1.667928790956270828e-08
5.127684395317966304e-06 4.416732918241006048e-06 2.750778171446998876e-06 1.707245736726361492e-06 1.049577360393805851e-06 9.469188755970199036e-07 2.115978304722893295e-06 6.393836886757756798e-07 5.192723026047816199e-08 8.399036258743546014e-09 5.876434207362461909e-09
3.526919617102061084e-06 2.430805824159404439e-06 1.893225896156098704e-06 1.256491529360005769e-06 7.730907201656331245e-07 2.796770746584724024e-07 1.600964409639901326e-07 1.328605136300040426e-07 6.465804976055627135e-08 3.926737461710301842e-08 3.345812983084252689e-08
3.006892597718176470e-06 2.499647654609449555e-06 2.543805220964238998e-06 2.221015273300332708e-06 1.882237558952011915e-06 9.568538521081811344e-07 9.852592973244563546e-07 3.329421136722456909e-07 1.388581167102443244e-06 9.680212570350269454e-07 1.826331154993977004e-08
7.635861835485268316e-06 6.706327215245691013e-06 1.048813769877370590e-05 3.012615700768880134e-06 1.464355820720247940e-06 8.095375995896378000e-07 3.508769489770239926e-07 3.408821916206219663e-07 7.302917776685782963e-08 2.898042546935895743e-08 2.330544204040971880e-09
1.085726023761077415e-05 6.106216573544582850e-06 2.595229275859466275e-06 1.471771766078068383e-06 1.464663976938272489e-06 7.594719841311899528e-07 3.243583924083620659e-07 6.068763862617608794e-07 2.455972025710945909e-07 1.709584170933124237e-07 3.618381820806561306e-08
1.032484168484990252e-05 5.264261717608121036e-06 5.223580244608138493e-06 8.967844894163383191e-05 1.499502197242890538e-06 9.077182684580921419e-07 5.035140881508065860e-07 1.624231839129544511e-07 6.021275388446029109e-08 2.449930756150853853e-08 2.657020210623127953e-08
3.237754832572702054e-06 2.739196600094997622e-06 2.334666005489477994e-06 1.113422683856768551e-06 5.231222635853442277e-07 3.402037466752406087e-07 2.170870656179851148e-07 2.462322243492140250e-07 1.829574830631623775e-06 6.714019648956385507e-08 1.129907857654712118e-08
6.762468518356416629e-06 4.390341552125576111e-06 2.870085862291356482e-06 1.666669475801693797e-06 1.115578259087592496e-06 6.082574678244975745e-07 4.051917670061755531e-07 1.557123136956943734e-07 4.804131606715336233e-08 4.903554456328065545e-09 6.864867920294509729e-10
1.786750253621453938e-05 1.290433887605538436e-05 7.966603502196143487e-06 1.640238502212653651e-06 9.325621393898962116e-07 4.677960519882363193e-07 2.364480594266758831e-07 1.007813480188360004e-07 1.213360815089630378e-07 4.657324013787074809e-07 2.243601662781879061e-08
5.351268824619094160e-06 4.045859695879500248e-06 2.550796354905104156e-06 1.662480572507127524e-06 8.354540511546691270e-07 6.812282652073984248e-07 4.345729845172672759e-07 3.458399156942121509e-07 1.538106721318151892e-07 1.092154903886598379e-06 1.004676516050113627e-07
4.245741679465980732e-06 3.553655284200566349e-06 1.987342033465247163e-06 1.538919174030610805e-06 1.035294326890513078e-06 7.500455036341823709e-07 1.870687758730910128e-07 1.587263648787852329e-07 3.539386599479351756e-07 9.687500697924724065e-08 3.001298610972661435e-08
1.050214803432400299e-05 6.486808842356369608e-06 2.314005915162788467e-06 1.654451701773766527e-06 1.188484231875820216e-06 5.487461408984522021e-07 3.101163067456964341e-07 1.995505085573060158e-07 2.269205759120009742e-07 1.694348647635443155e-07 5.587290422088644877e-08
2.215469917880620598e-06 2.060295865607218572e-06 1.838320666139996593e-06 1.114141633698523498e-06 1.006105130605727412e-06 7.198412315121865670e-07 7.527740673022449331e-07 2.333353760605873721e-07 1.057823319557969773e-07 1.937500810567064476e-07 1.948789125921407216e-08
4.320725356474917881e-06 3.146145258726807521e-06 3.151101066281260303e-06 1.965026514900391015e-06 1.571348875910094385e-06 6.107241716872407378e-06 5.872437242491591541e-07 2.410642083643163688e-07 1.076300980328139668e-07 5.772120507836447768e-08 1.522849500446167399e-07
3.941398344280552556e-06 3.306897420841057987e-06 2.391903621428470588e-06 1.847437588193763727e-06 1.195424592997476244e-06 6.348400747264454617e-07 5.860796865932391026e-07 5.903080211737299161e-07 1.144090715364879793e-07 7.238448034496023960e-07 9.523565138238502803e-08
6.293501009644167420e-06 3.710955416196477524e-06 2.380699610289225320e-06 1.707056731187176270e-06 9.343384178672947321e-07 7.379396463662637055e-07 1.131166308142050851e-06 7.323738466376027420e-07 2.382126421988427731e-07 3.314893754294273690e-08 6.880755753688688296e-09
7.260237618510033526e-06 5.973012206527802160e-06 3.201782987313066134e-06 2.983869170598646151e-06 1.687861397087621336e-06 7.905669441210853150e-07 3.818976804860370873e-07 2.703272642378840555e-07 1.380087239716949183e-07 4.340350202284547136e-07 3.868497830014172834e-06
9.623564090863138891e-06 8.279307199954718830e-06 4.615946877253914892e-06 1.996646859002169162e-06 9.689972510085222519e-07 4.524755870558077901e-07 3.130734417615650716e-07 2.103990342701850817e-07 1.779156872048630637e-07 1.038222984200176292e-07 5.303940446916634064e-08
8.215414393722387130e-06 5.409175835092229533e-06 3.003602716955733143e-06 1.315822964526033127e-06 6.360525444023834762e-07 3.727579375443417976e-07 1.685004727518417154e-07 1.004180839408574398e-07 6.561007130153451378e-08 4.231078386555560017e-08 3.944739952779058430e-08
5.495600459785195757e-06 2.679960634884268404e-06 1.288089797931768793e-06 9.512626393423618237e-07 5.130343591928540681e-07 3.455076317142382030e-07 2.710544299803904043e-07 2.089244335268170196e-07 1.297155665266650314e-07 1.089649805941169066e-07 3.893649979794697996e-08
2.231643753907377003e-06 2.368687958661019874e-06 1.570380339996014789e-06 1.429965285451099289e-06 1.127927065743718707e-06 6.234760316476500972e-07 3.938353084113593387e-07 2.281890891682973581e-07 1.267884314149548352e-07 4.764211353546123170e-08 9.947688850606427665e-09
6.782876016334028422e-06 6.735496245200094559e-06 5.009809684197724446e-06 4.285562717325743736e-06 1.971710346560812629e-06 7.655684365502142689e-07 4.333073492900141539e-07 1.131491013722883114e-06 2.330840108115592945e-07 8.473568947892236315e-08 2.000329992528731680e-08
7.947566037828102905e-07 1.353887059841478775e-06 1.475287460572021805e-06 4.393566712463026549e-07 6.986557168140981439e-07 3.492831455074629221e-06 4.577769323301846148e-07 2.066787302250704653e-07 1.589285613460012086e-07 1.147652373876466484e-07 3.636638576486025925e-08
5.999468395710238531e-06 1.907614937178290899e-05 2.985429176990983862e-06 1.659945925996659437e-06 9.108141501793259877e-07 5.292098198391056624e-07 6.190471710418845444e-07 1.541485783925336667e-07 6.457604353808041191e-08 3.918219764892325639e-08 3.208478810755160004e-09
6.411628241782616097e-06 5.142665246690937737e-06 3.186842547304286417e-06 1.063801267757994247e-06 4.749490455059348221e-07 2.406635561198213016e-07 1.523268568283271165e-07 1.262756970159312584e-07 1.422947867027309412e-07 4.444130573778428876e-07 3.318289660527640997e-08
1.197609235748208849e-05 5.733657558967745559e-06 3.702742440989380578e-06 1.889590689419462659e-06 9.780942348233865917e-07 6.458652120964232080e-07 4.169345397936220832e-07 1.879214654214281388e-07 7.580582670587333307e-08 7.098867465917961794e-08 5.201864280745775395e-09
4.334933583659916752e-06 2.669476571123889846e-06 1.615384147043880765e-06 1.115292406918232971e-06 7.446944548826008569e-07 5.490706722387941339e-07 1.591110675005015042e-06 2.360286259922848646e-06 1.499921291439993354e-07 3.010299693900850986e-08 1.315071351518360764e-08
3.270066871703117004e-06 2.107017116026490265e-06 1.396200718403176810e-06 9.800294634254538290e-07 7.790915693381277149e-07 5.627564839649321434e-07 1.167590081362229581e-06 3.208697789293107499e-06 1.882202742816528697e-07 6.712915295097988616e-07 5.364593134090352776e-08
7.658735185446145051e-06 3.401987109895326881e-06 1.926520023813899135e-06 1.293217635329509031e-06 8.322330510313169105e-07 6.699122512774574019e-07 4.076390866817528202e-07 2.964558567725323215e-07 9.632791903758930855e-08 4.407556751480822358e-08 1.322807124198538561e-08
6.553161160699312020e-06 3.419549412725837914e-06 2.040659707264888649e-06 1.477619877352996583e-06 9.200292567020251565e-07 7.177629993455955465e-07 3.530918148514729449e-07 1.934055115322352480e-07 2.332167225547413568e-06 1.232340655479513322e-07 1.626495764497291401e-07
1.687408892761684169e-05 9.740310850904172009e-06 4.833435222209175038e-06 3.763813725065470979e-06 1.567821243571361762e-06 8.394207484730388326e-07 5.296968925974890342e-07 2.865274095468567892e-07 1.568613999894612022e-07 8.114406582182733727e-08 3.767507036044804880e-08
7.245176658889855045e-06 3.071785024318945870e-06 2.010335119778447065e-06 1.561920185325290598e-06 1.103698861394397295e-06 5.634061528060729269e-07 3.411845497283406285e-07 1.787977820473514850e-07 8.683544175346597681e-08 5.589545047812553121e-08 1.369408151126130188e-06
4.274372998533449268e-06 3.235134306934900639e-06 1.578200066229861672e-06 1.247398314206692912e-06 7.749159706434023083e-07 4.729614207134154427e-07 4.534215022447585127e-06 1.948717278050973882e-06 1.576253226368524552e-07 3.839126375935586271e-08 1.641133880161855355e-08
1.240901837669175896e-05 6.890275534310640328e-06 4.037291275930339573e-06 1.732289801998035286e-06 8.547146055561073954e-07 5.398497834880741091e-07 3.242040923234340504e-07 1.891183458631886124e-07 1.057176215570832684e-07 5.124053464503408416e-08 2.619402977093037426e-08
1.087565604352211430e-05 6.683307502485286702e-06 3.001306854364072174e-06 1.854737846956512451e-06 1.147528515178059685e-06 7.079846613644611092e-07 5.239744973669599848e-07 2.957250856952879213e-07 1.645585535639418882e-07 7.180228835468961621e-08 2.058744330404927907e-08
5.386977382871391662e-06 3.424794056381742767e-06 2.629518281600415190e-06 1.675490393437693343e-06 1.180371474210351766e-06 5.531618454050372130e-07 1.665689179302871475e-06 4.571165511345483138e-07 5.041807658498212221e-08 3.471718289292343630e-08 4.930067163863562821e-07
7.902658135301752969e-06 4.835624093780115614e-06 2.770497146084173909e-06 1.569280297957840473e-06 1.540296576463424817e-06 1.186713848541876675e-06 5.951743227431752297e-07 4.015210170108122645e-07 1.107880626225713594e-07 5.669191501744191557e-08 2.968829806605289970e-08
1.802278295300534091e-06 1.772138437687871572e-06 1.693000124381267058e-06 7.921465678341482496e-07 9.006863427825296074e-07 3.890650220325503352e-07 4.143157851085357082e-07 2.474626860744792593e-07 3.326779235874934973e-07 7.106899421085080386e-08 3.262845685551115067e-08
5.299965124547662054e-06 4.941467501014941440e-06 2.661896218733116252e-06 1.500234335053730460e-06 1.541308282194900313e-06 6.195810021063824430e-07 4.950926255386787806e-06 5.335606635059493934e-07 1.225453263346166943e-07 5.893684537715533675e-08 3.058585144342014203e-08
1.085033148510529115e-05 9.545139159570506924e-06 4.691892865925967714e-06 2.015149591484418130e-06 1.293198364868729015e-06 7.475559475396788038e-07 3.890068677914640699e-07 2.327066757308573025e-07 1.192533356464323182e-07 9.646420377512730584e-08 2.103656093265488601e-08
4.273706418118772271e-06 2.599891905745993826e-06 2.419563801820698235e-06 1.988510035287983768e-06 1.435839985098071351e-06 9.142772118445282703e-07 1.528710172651202448e-06 1.847630978350386490e-07 8.685139812758705325e-08 5.614448911824218967e-08 6.274298383871063773e-09
3.809501005440052097e-06 3.086778083570294622e-06 2.454667248716996204e-06 1.936382531416877061e-06 1.355715421765528399e-06 1.036077811319106320e-06 4.005041329980875884e-07 2.189670440507175589e-07 1.321680723355606708e-07 7.315860447653715576e-08 3.726664729931591553e-08
5.098725688195985635e-06 3.387197819473489484e-06 1.996186788647790448e-06 1.258083061030265268e-06 7.601274521096924471e-07 5.209153453135269528e-07 3.434289355784392233e-07 2.360971701873213704e-07 1.189402289194726854e-07 5.039280033692780509e-08 4.681280254378208942e-08
8.489075236206616027e-06 6.178325695422845971e-06 3.539773919782049341e-06 2.144635413171701416e-06 8.388685746295025603e-07 4.663572180264115146e-07 2.581057060323273441e-07 1.615628132938833606e-07 1.097315979773287831e-07 5.154987952025256307e-07 6.370501783468681585e-08
6.320780369628507711e-06 4.022527292470389085e-06 2.822661778554275639e-06 1.264056514842267869e-06 1.122227826736087261e-06 8.464614821978005102e-07 3.967827505348258738e-07 2.087101365744025929e-07 1.227315588824656339e-07 8.461704404805516694e-08 1.138875724503856587e-07
5.300061693385904969e-06 3.675818265831803826e-06 2.518109471612354238e-06 1.223519404953537489e-06 1.937535830735523003e-06 1.126844731088876950e-06 9.553778727979888719e-07 1.714681136395786935e-07 7.726334469870205842e-08 2.157431997103786359e-08 5.570686155738657250e-09
4.642695041545397467e-06 2.635365072149432848e-06 1.909820997285583248e-06 1.285477376957838943e-06 5.955299823686181248e-07 4.649125071963279836e-07 3.073109303412544360e-07 6.566754451669893379e-07 1.777318307831224701e-07 7.933679487046498694e-08 5.585095294384879680e-07
4.694088801105549635e-06 6.157644910667012814e-06 4.425723446422423339e-06 2.397357919426227954e-05 1.875315220293460082e-06 5.788949288739349256e-07 3.953740749810003475e-07 1.208221396309385068e-07 4.455675099449577138e-08 1.222492111370750931e-08 4.199241278881481808e-09
7.734253316639148470e-06 5.165551380363491019e-06 3.315275995000020437e-06 1.551174427928362673e-06 1.087628029408193756e-06 6.400538431423864318e-07 3.536551884388216903e-07 2.890784906132222277e-07 1.146297889688452292e-06 1.015156767697131691e-07 8.878784723983180868e-08
5.452700206799368301e-06 4.143188152733628574e-06 3.393829754671661291e-06 2.115716896464086187e-06 1.165139561419822892e-06 6.882291368729495665e-07 8.843620528209515768e-07 2.754699498195176027e-07 9.211392493823502527e-08 3.128570642899399080e-07 1.061406643608744128e-08
4.002434490925172970e-06 3.290738765934059665e-06 2.006931103506830703e-06 7.402950973708243874e-07 3.839012734699078878e-07 2.874014389370085666e-07 1.110384635201692891e-07 7.759781551933632967e-08 6.638382391086188316e-08 5.996543871428466852e-08 3.511753092738277678e-08
5.590475753657896117e-06 3.228935153747656131e-06 2.067377499534468586e-06 1.227526316216726996e-06 7.002547387797622476e-07 4.195605897344119218e-07 2.510914065132268170e-07 4.121976798240027002e-07 2.933233118032895156e-06 9.481878935580235610e-08 6.414243574089084754e-08
1.058584606163065970e-05 5.948478930039504242e-06 3.576328722461864798e-06 2.337465285993664755e-06 1.609131163923244783e-06 6.624512291271733322e-07 2.571150739457743988e-06 5.112350654992912031e-07 1.673743003546245875e-07 7.170579641668750358e-08 2.957009347964181568e-08
4.406730994111381524e-06 3.676240653149910891e-06 2.683684729784806740e-06 1.940903295802149635e-06 9.958911504374350732e-07 5.165964299472089103e-07 3.121135422745143696e-07 3.668138542972032062e-07 9.513244682704651436e-08 4.077670046195372509e-07 2.734726122376952180e-08
9.193501138021137542e-07 1.009780422943919093e-06 8.901967934916188530e-07 1.189154030913964946e-06 1.112477472634175428e-06 8.277175947503037007e-07 4.466402615227264004e-07 2.004215245372314807e-07 1.016805083714117690e-07 2.145932764164714523e-07 3.440148270120972665e-08
3.917047371878499306e-06 1.622551970964418565e-06 1.760370208491473550e-06 1.012723282334057115e-06 9.246925443366478126e-07 1.131465789397072718e-06 1.685357219227959987e-06 1.727856168027290274e-07 8.338855759979753039e-08 1.042986389395155218e-07 5.230164053037155379e-07
1.720335172794667559e-05 1.149330956234200087e-05 5.207824681234059333e-06 2.440794589634941566e-06 1.501060894747933834e-06 7.177379578536980054e-07 4.525630850394709856e-07 2.346245377107351415e-07 1.642557887090892747e-07 3.313877425523976383e-08 1.341985841887112967e-08
8.275144367118114809e-06 5.580711752993021674e-06 2.857481679725334526e-06 1.565306050753393875e-06 9.303428416323344345e-07 4.972958925481750671e-07 1.413136194595843286e-06 6.155797065849252219e-07 1.067704326937421799e-07 8.069299075802169272e-08 1.504465208796954671e-07
1.763771474325884303e-06 1.191113785072626982e-06 1.278814781989869681e-06 8.846782330452242544e-07 5.548511368146748727e-07 3.066357183564073533e-07 2.660673631232044521e-07 2.383299510973176782e-07 9.683650878979150641e-07 1.112440491393447183e-06 5.344451080369122006e-08
7.957624326398081972e-06 5.415519604478458031e-06 2.633617233760739152e-06 1.118338526096618025e-06 9.614608303612921905e-07 4.005239685326902690e-07 2.664440148306485222e-07 2.016337812479812473e-07 3.258676341306315247e-07 1.894888670010882298e-06 3.694860877636972420e-07
5.886810905172182499e-06 3.766544453813732757e-06 2.981924782158751013e-06 1.955663439937065573e-06 1.293553864427207340e-06 7.687449851166945292e-07 4.212918180496144913e-07 2.312734283298051422e-07 1.101291937434726659e-07 5.786266726526296861e-08 9.422615663524024307e-09
5.872226724794375697e-06 2.854020816877428120e-06 2.434423151844289996e-06 1.759428270937104628e-06 7.308544248063765475e-07 4.581438480378768590e-07 2.276781380151858515e-07 3.557243483381499071e-07 4.632463647219422362e-07 2.697926884274352428e-06 1.695971912639437096e-07
4.927946700646568484e-06 3.447696757232230630e-06 1.877386942795075181e-06 1.364313606329119757e-06 1.000656160347192461e-06 5.512712576798014783e-07 4.104786367851884072e-07 4.649476396711376859e-06 3.477246518665800620e-07 2.990268406002185811e-07 2.712840328137556295e-08
6.232704120851540190e-06 4.114175185917717438e-06 3.657028435100948763e-06 2.743294970213934925e-06 1.190583621424393858e-06 8.332447173262746827e-07 4.637362473664596860e-07 6.716260191618656646e-07 9.074902469313874241e-08 4.083921567076561426e-08 1.152129738142463024e-08
8.741715543976758413e-06 6.788359984632048985e-06 4.040477380162418785e-06 2.409571457999074819e-06 1.736322245214041325e-06 1.391307716973196555e-06 2.255485378146405355e-06 1.695240265100512569e-07 9.535682227925425672e-08 1.191787274354948274e-06 7.146476466445697796e-07
1.214355085035715852e-05 4.885892436437434258e-06 2.473912192524756299e-06 1.480912993631331026e-06 9.645099333924781895e-07 7.108190121309453357e-07 3.911121410242425036e-07 2.449589432943093482e-07 1.867916959264263844e-06 1.477832746271192210e-07 8.648705031469305036e-08
1.239078247915128568e-05 1.054250625600265979e-05 3.508217639328081552e-06 3.019333978290455912e-06 1.946296788330642805e-06 1.155880730443067264e-06 6.168392903729839457e-07 2.708358064356452857e-07 1.051830359091097726e-07 3.709879125841898207e-08 9.387656766874519262e-09
9.468421313649418860e-06 8.374562549807282357e-06 4.954039481668908575e-06 2.609925875158708289e-06 3.184340000126669449e-05 3.467047176760541605e-06 3.635677604196408675e-07 1.479957767580058987e-07 4.445107154654980082e-08 2.729546496713724243e-08 1.728453328915039474e-07
3.908238133861058396e-06 3.926862775947031758e-06 3.304507275828261959e-06 2.115451526857656048e-06 1.083588574337935592e-06 6.240495152397315203e-07 3.704344875682540623e-07 1.724369969715949220e-07 6.955241202166430892e-08 6.222568455976284419e-08 7.233232366291365608e-08
8.626613880202134327e-06 7.612879006232779756e-06 3.152718978496968976e-06 1.361509479058125502e-06 9.184422935322981262e-07 5.985039593355641000e-07 3.313453743204398301e-07 1.964660821483287173e-07 1.075318330873514665e-07 7.582251147375834178e-08 2.157742959838981010e-08
3.923081003676122437e-06 3.598373820549902300e-06 1.372992214722657328e-06 6.693665253872144532e-07 3.341396683457602914e-07 4.779951210856192569e-07 4.190735963018298953e-07 1.540374510767444643e-06 9.488392606317428549e-08 8.722781095976408999e-08 3.117518579059731479e-08
6.310740857068499416e-06 3.856229474718415659e-06 2.414323665105351089e-06 1.923380066206059382e-06 1.469989712749111555e-06 1.183379473905407646e-06 9.806821090956609279e-07 2.375241351381100779e-06 2.059374488930526545e-07 6.762034526668382371e-08 1.996590230128734238e-07
1.016667876750458193e-05 4.881145545815494618e-06 3.340636948059476987e-06 2.014918396105519339e-06 9.553818363126694661e-07 5.512309474759534652e-07 2.966540847124692609e-07 2.374946839774198109e-07 1.191933918080738682e-07 2.406098920616771943e-08 5.477027509123850636e-09
6.641851309364552151e-06 3.925242523991412581e-06 2.642096572273938430e-06 1.411155493910250776e-06 8.182089807453639250e-07 6.218645120687157002e-07 6.305597800040953504e-07 2.309173317940765387e-07 1.058407496496849418e-07 4.569039391224429702e-08 3.775557142589239737e-08
9.342991606031599830e-06 5.842381811290604663e-06 2.805517703581549975e-06 1.807694844084682547e-06 8.665418269934216105e-07 6.355200745368977293e-07 5.444505382804818060e-07 3.892423072594486940e-07 7.348782800392357649e-08 1.746525906878779816e-08 4.929056698208065113e-09
1.052571439545558651e-05 6.669417274929134818e-06 4.175689192210388868e-06 1.764239777561342246e-06 1.157033227944614992e-06 8.253320058125557548e-07 3.594200772155344021e-07 2.147774655447388899e-07 1.493316174449334010e-07 6.461401749403418420e-08 5.056710962607368645e-08
7.482361373381667214e-06 5.204200676413600674e-06 3.495269143697447986e-06 2.419952814657937346e-06 1.330191605268179446e-06 7.131236620601855738e-07 3.346569787790181635e-07 1.628720795151939725e-07 6.139474807469675247e-08 2.139284391041943162e-08 2.962044744936117857e-09
1.198295600545338609e-05 4.829068377013463607e-06 1.991692817961518784e-06 1.335051913023761906e-06 8.925440159514568926e-07 6.079691438824301616e-07 3.176554958655110407e-07 1.654309687040360880e-07 7.021124516763594105e-08 3.029853247923432925e-08 3.033015445237110467e-08
4.494276297499073713e-06 2.901943942828436402e-06 3.216698052530924247e-06 2.003695686895868417e-06 1.130168726858566623e-06 7.123444233180008797e-07 4.409602521189717730e-07 2.436412502291286174e-07 1.548774958635249567e-07 7.159298817057199501e-08 8.624015834079233827e-08
2.314458905528966502e-06 1.906312990432870439e-06 1.777171589005638981e-06 1.488135412415045208e-06 1.171231626931167521e-06 7.540658720635971225e-07 3.731112013665003562e-07 1.959501251757978314e-07 1.807083858739252900e-07 3.526679706090508902e-08 9.955044478253965745e-09
9.762139515083537749e-07 8.682155123729334133e-07 6.206741368660478112e-07 6.882859036977143186e-07 6.190080975536084136e-07 8.955497532019870760e-07 4.147378223297685154e-07 1.512001698368430962e-07 1.129742183298094566e-07 1.056106041028458782e-07 3.984054074009723282e-08
4.301897039931753401e-06 2.865473972528469313e-06 1.068626968828881899e-06 7.729542012060869694e-07 8.376467901566823966e-07 1.381899653327154794e-06 2.962294133197286145e-07 1.590380571148272202e-07 8.753732965938563623e-08 7.537923202206617181e-08 6.353546145625320933e-08
2.895045708745713005e-06 2.142210399200521214e-06 1.417637610503196486e-06 9.993132717267011968e-07 6.558057811307403188e-07 4.597015310562801135e-07 2.999577750572998956e-07 2.893492535154050665e-07 1.797208409103285963e-07 1.408521581259426426e-07 3.263323245336946524e-07
9.703811950723161681e-06 7.723123822161324228e-06 5.479089414557833573e-06 2.330655136639702864e-06 1.406683511742247796e-06 6.881412403970237361e-07 3.333976901405910505e-07 2.299861012075139678e-07 1.091389206813137136e-07 6.942567852409312511e-08 6.159038570860250282e-08
5.707065173175521045e-06 3.872292288980175670e-06 3.101942131763841973e-06 2.247644323151542069e-06 1.173243151011450811e-06 7.542877913120417435e-07 2.620508991090831840e-06 1.498735642192336360e-07 4.839961781525592088e-08 3.408628177486775701e-08 1.463782105864442632e-08
8.815929569770436348e-06 5.341906094689224701e-06 3.886139080851116745e-06 2.818064133821862073e-06 1.729838506566884493e-06 8.590386391904434280e-07 6.438923806625790110e-07 3.048554895231453751e-07 1.638093183986734440e-07 6.250611445221940988e-08 1.184739539033167688e-08
4.870043080168609909e-06 2.896963195696224625e-06 2.047679482865575984e-06 1.547868001182802737e-06 1.185623386221355384e-06 8.442534386328874375e-07 2.034333441652119464e-06 1.027060640016203349e-06 1.110671262661975125e-07 2.734344121601714198e-08 1.215404932281324988e-07
4.961860674800638570e-06 4.433399828780730165e-06 2.499347867927357547e-06 1.891083312770515181e-06 1.305441966712250318e-06 1.888420707664072602e-06 5.672269408289909817e-07 1.402042001451743932e-06 1.439839366328351565e-07 2.494388581989370189e-08 1.105659722378731724e-08
6.200370728885426066e-06 5.904293601986620091e-06 4.495491497131774987e-06 3.228634949797090540e-06 1.154091476868680661e-06 6.608774784531670035e-07 4.375737375118739977e-07 2.207808905901510103e-07 8.220515089629260036e-08 1.416019591929150722e-07 1.123656669190480801e-07
1.496076779145151316e-05 1.688280348024041196e-05 6.053314502499441553e-06 2.582755301026634132e-06 1.354886195810257893e-06 8.127658581820342637e-07 5.670841101565881218e-07 2.241171982865114335e-07 7.243976558549818404e-08 1.675306308358458730e-08 3.499521228932113787e-09
6.836163786724931884e-06 3.681704625418419018e-06 2.514861998741893133e-06 1.618249934172763064e-06 1.641216253771266527e-06 1.106247089333112989e-06 5.046646390443318652e-07 5.214315245336812617e-07 6.332687560210161506e-07 6.625827637840911583e-08 2.935733604863910080e-08
1.780624886179711135e-05 3.278031686567675718e-06 1.730372365065173685e-06 1.544777234828386382e-06 1.032007942988404692e-06 7.823636702398155127e-07 7.943960181322858214e-07 1.433987952909811721e-07 1.502220184045544955e-07 1.955521918414526952e-08 1.673465410703768198e-09
5.507263716173135939e-06 6.665463394679472838e-06 4.308989838745862844e-06 3.664568615770784527e-06 1.577130531088340039e-06 5.712358642278521840e-07 2.683153490574577649e-07 4.144844555336262077e-07 1.284323054756489588e-07 8.209121728231846033e-08 3.135595470173176229e-08
8.326688940919090408e-06 6.519124130943274576e-06 3.085846783931835071e-06 8.079215695781280691e-07 5.124901006481922249e-07 6.234805122530908766e-07 2.298354014648520439e-07 1.614186216256247546e-07 1.102161163868959666e-07 7.382896258065838336e-08 3.731333493755709071e-08
5.548028999703509910e-06 4.168907427615823403e-06 3.243365524407064580e-06 1.852304126857213193e-06 9.700423787588703896e-07 6.480991818607966836e-07 5.216329342803690125e-07 7.192382770516293815e-07 7.629584114543689642e-08 3.036716420053910928e-08 4.308880552288363280e-07
6.289210745037915077e-06 5.283684343566538384e-06 2.891687632719426813e-06 1.685222849758474339e-06 9.074840833919266561e-07 6.266617537600477796e-07 5.030570412332573285e-07 2.805865952775396987e-07 1.642553899067688001e-07 8.708427332348732057e-08 3.831183309084434538e-08
2.686756887287734805e-06 1.787163345319850581e-06 2.127791606477259469e-06 1.358349547524401309e-06 8.894080690473437995e-07 5.609457075211860379e-07 8.016478396306073251e-07 2.632211655108768988e-07 4.709424249183438691e-07 2.557759644647505622e-08 2.917969115950377308e-08
6.954138301459163819e-06 5.114225685230287917e-06 4.576934802989007526e-06 1.836098981752326081e-06 1.562414904546102815e-06 1.150115379299428897e-06 4.434202976054121948e-07 2.832293211716738329e-07 4.531807199157704118e-07 3.170825114140278327e-07 1.064341820016298209e-07
8.408938635388708225e-06 4.296758608118502320e-06 2.496562622956334176e-06 1.486990113739131898e-06 1.094848762363813087e-06 5.713628709866672127e-07 4.043669057475170678e-07 1.495368781133409437e-06 2.886810173218848001e-07 8.036686603939845167e-08 7.940958055393149564e-08
7.960979145700212216e-06 6.167710868469518280e-06 6.637565995376326767e-06 6.442345779650422487e-06 1.175448150110093709e-06 5.788316553688574612e-07 3.649749501487224433e-07 3.758336208016191702e-07 8.906946761181631991e-08 1.551798557230758700e-08 3.540740209024562795e-09
9.824690531892814858e-06 8.285009073004662562e-06 2.483100107065371102e-06 1.704582055461254304e-06 9.914271914344525216e-07 7.029247985608795267e-07 4.435420086961503245e-07 2.644354782047046348e-07 1.384450623197668554e-07 1.107937178709460093e-07 2.587157148161151265e-08
1.586209838607717656e-05 9.646241362373757499e-06 4.588353792127560693e-06 2.523275751081118511e-06 1.481890499228942312e-06 8.819208419026753674e-07 4.645946890832814662e-07 2.562347002509652362e-07 1.197470569440176223e-07 8.364203059298205605e-08 3.364942607091989407e-08
5.377300841657085110e-06 3.540068158393276236e-06 4.458763978226680385e-06 1.364100818667614423e-06 8.255244200266640041e-07 6.601702598217008930e-07 3.880566795367348336e-07 2.434149454549400446e-07 9.987705129976095116e-08 3.315067652047667207e-08 5.596369226512419453e-09
9.601953598367372753e-06 4.852229293744098283e-06 3.068645646035953506e-06 2.176341226361104616e-06 1.089117468265819613e-06 9.080020723437447403e-07 5.142107949283097473e-07 2.093282421191467889e-07 8.418628874181652235e-08 2.051073971238557275e-08 1.020177056925335977e-08
8.648080561975006439e-06 4.692636967832555170e-06 3.185530820044488951e-06 2.159909616862888987e-06 1.147997538121008211e-06 5.938783372587636129e-07 3.394600411145852805e-07 6.023884933090537572e-07 6.566981640060691047e-07 5.398363984702402985e-08 1.594860875188461813e-08
4.860396138129791969e-06 3.009710092259560473e-06 1.912372845712867760e-06 1.438785578880246044e-06 1.013583088101950559e-06 6.826005997061878722e-07 3.954731492673328310e-07 1.600855486258167900e-07 8.402465972281772960e-08 4.041233762643849885e-08 5.053905203409296543e-09
8.747212937225988920e-06 6.671436504586777468e-06 4.041437219948986472e-06 2.419905288762263612e-06 6.853233879776216394e-06 8.527446265554963798e-07 3.779918003477694703e-07 1.307279766252012619e-07 5.588198693202603235e-08 5.086115184603663777e-08 2.166498442330783615e-09
4.894048498452380416e-06 3.019314183180755490e-06 2.057112372124172652e-06 1.226687709597333599e-06 9.713956081014058110e-07 3.227743864010991851e-06 4.543074683070180203e-07 3.139607787002587639e-07 9.025493828864183913e-08 2.071517652195308118e-08 2.821489737941044082e-09
9.349721326366816187e-06 4.727020146619043692e-06 2.929344614317715183e-06 1.994437497157412481e-06 1.202426218444255592e-06 7.169001918693888187e-07 3.656047430194285978e-07 2.546822117019575660e-07 1.051234172555087971e-07 1.159984879492011057e-07 3.252365638623795354e-07
3.605088525916308589e-06 2.872324213155609763e-06 1.498566443841969456e-06 1.234259679208358183e-06 9.101892835912261047e-07 1.045003676400785015e-06 2.305868552860817220e-06 4.309353100441204110e-07 5.715356461389235310e-08 3.872816688361027282e-08 2.745666470127882018e-07
1.063557724955862948e-05 7.872016197977653440e-06 4.647262594417746489e-06 2.219623019252935538e-06 1.213685436065648678e-06 6.092589062406736581e-07 3.591783784763258643e-07 1.892954067904109841e-07 1.128578651642839100e-07 6.954781618915062574e-08 3.075512534688418189e-08
8.002506979605573549e-07 2.667877763819501329e-07 1.823521083619995795e-07 1.807282533487382279e-07 1.777182086058692904e-07 1.177162591673987176e-07 7.924711364557829163e-08 1.531634435572891004e-07 4.825307827858611259e-08 2.818526516907777096e-08 6.548417999938274831e-08
1.921695604723354594e-06 2.250030718189928817e-06 2.400654809109726363e-06 2.027165252853083299e-06 7.446028163727082215e-06 1.180540117391289314e-06 7.739033693658791175e-07 1.644732578778306936e-07 7.602312358367322643e-08 2.664883340114978678e-08 3.566095695698487721e-09
1.184351863111723753e-05 5.031891057635349366e-06 4.403032164784763554e-06 3.868817315904863637e-06 2.299252757968045362e-06 7.111210335562637082e-07 3.849220091908253166e-07 2.044341074694009437e-07 1.635849965888349420e-07 3.251029056757904096e-08 1.189041359433789122e-08
4.891669708106992034e-06 4.132703634736727759e-06 2.910309098607766550e-06 7.881778830404304222e-06 1.680195299545205691e-06 1.081736992984570231e-06 6.640562141425732302e-07 1.448527937847413208e-07 5.059149173007576339e-08 1.381410757443248589e-08 1.976574435460677415e-08
6.944430072182869103e-06 6.582313452601288942e-06 5.147493398676907474e-06 1.784498117103926995e-06 1.106578430573566900e-06 6.039651939165550896e-07 4.076393642572195920e-07 2.220187198184596779e-07 1.361495049109030818e-07 7.191528654472320670e-08 4.788738444428399491e-08
5.559780898869243489e-06 2.919199679768955715e-06 3.319146007818038837e-06 1.893158703782979839e-06 1.193614005587076182e-06 7.675942482944566681e-07 5.620001379685717433e-07 5.146772416732694826e-07 2.178191914222590577e-07 1.651760237541517350e-07 1.143513435947104510e-07
5.221998232129858284e-06 5.145213635916376045e-06 3.995133894973081196e-06 2.011772712437745845e-06 1.737371191280316321e-06 8.739550337304717444e-07 4.354990121544913630e-07 2.306894613173786528e-07 9.174070682775386161e-08 2.786288920175792805e-08 6.554735655583149750e-09
1.957931546252747650e-06 1.100242626409642822e-06 1.054321226615104878e-06 7.310587178272327457e-07 5.831899767460674027e-07 5.328842693159913771e-07 4.669616867806153157e-07 1.492202838252811706e-07 1.442106761651943833e-07 1.113911052014152946e-07 9.251093967003608639e-08
6.068813830680662768e-06 4.870223943270271809e-06 3.474308039660846602e-06 1.006005183064481950e-05 4.752848851440104674e-06 1.300208509416265566e-06 5.956347410387976954e-07 1.466306753797303464e-07 2.372762012959057467e-07 2.981070148815371206e-08 2.368153783804809776e-09
6.226002527319415847e-06 4.830356156092794301e-06 3.586935622752236154e-06 1.756659077662323168e-06 1.088119106833130667e-06 4.563537298960613394e-07 3.449696632420810036e-07 1.472814442610582837e-07 7.993812938812546736e-08 5.839098791600695500e-08 5.958236089736102385e-08
7.625032661692584587e-06 4.694691285839077365e-06 3.301563334482099869e-06 1.735073476740766359e-06 1.783289355519229045e-06 3.069142363890613654e-06 6.400294921097176116e-07 2.635076824194462858e-07 8.789067737452396449e-08 2.005533003608966768e-08 1.748091180143109205e-06
7.638574541140524343e-06 4.083724360789363373e-06 2.694459600418417951e-06 2.280593397582252886e-06 1.222224299104558037e-06 1.302105774724564027e-06 5.354902085772117131e-07 1.597241444457145082e-07 6.534590960578639235e-08 2.558545762695908416e-08 8.056296926393721821e-09
9.195399441819767026e-06 7.319376470722038147e-06 4.865410948512603528e-06 2.444306863844602867e-06 3.365247777995615203e-06 1.182005271493031229e-06 8.164183132729420430e-07 4.210878226839838773e-07 2.386453945551722906e-07 2.226580037613320515e-07 6.506196375900401256e-07
6.947416434761516366e-06 4.854130413169162571e-06 3.592477143837133784e-06 3.022343534568357419e-06 2.168997711776689576e-06 2.092201643580954684e-06 6.864348126770587117e-07 4.135938811876900961e-07 1.367331860516237438e-07 5.153693452342174559e-08 1.417415049617710214e-08
8.377081317274294369e-06 3.978643636573338614e-06 2.580210760393617850e-06 1.733181672952316591e-06 1.070566937752206117e-06 6.655290353410302856e-07 4.239178288050213929e-07 3.697126500118133278e-07 3.287355644254489988e-07 4.905160052506467914e-08 2.230051459747402178e-08
3.869964131082150988e-06 3.424417123945570991e-06 2.715860557751691849e-06 1.132165548739917693e-06 5.704003953841885511e-07 5.753329283675077280e-07 3.886955208890658797e-07 4.197634897920994181e-07 1.706141829432093497e-07 2.446545182810756955e-07 4.028339623702451293e-08
3.981805184153861733e-06 7.348060314263740473e-06 4.140935731884899284e-06 5.765749411398053291e-06 2.387680977341495256e-06 9.616045959506550143e-07 6.025733922697791445e-07 1.333699712319769495e-07 6.745283757722500764e-08 9.691470147892521850e-08 6.193691336516009512e-08
4.788265553896822652e-06 3.224464978045082496e-06 1.843146045145063323e-06 9.661610812717236375e-07 6.763542405977578408e-07 4.380583543465984220e-07 2.796693936836382218e-06 6.054796342603402236e-07 1.438578168769148777e-07 5.476231701124626166e-07 5.255065441852921717e-08
3.600777825789868207e-06 2.381631691347240381e-06 2.292139542102728701e-06 1.595559637379152734e-06 3.779598459185539825e-06 1.186024228224654697e-06 3.092375270027688556e-07 1.673439717375148365e-07 1.213133808236285248e-06 4.345879247851461285e-08 4.356286364829917051e-07
2.964085098816608868e-06 2.454898996233210355e-06 2.046569731272545575e-06 1.454593888560419311e-06 1.354203499762256573e-06 1.209907056800797681e-06 5.437666359407774459e-07 2.837319907479998991e-07 1.803067382951470195e-07 1.629611180818241541e-07 1.006404116708953462e-07
5.199599300701110930e-06 4.629612019022903116e-06 3.090310876469547993e-06 1.783997862222153515e-06 1.057902847825140872e-06 7.619050384088597574e-07 4.224120364161525900e-07 2.494131464074988009e-07 1.219035737085543800e-07 6.639796311810838968e-08 6.803028058251725434e-08
4.312362347376523397e-06 3.396632453912828878e-06 2.254443932067342592e-06 1.583663759899987023e-06 1.211695440863480798e-06 7.425291274835214279e-07 4.075518860990422181e-07 2.651075316180118746e-07 1.936782978733623718e-07 8.962368496201712810e-08 1.874965744282257034e-08
1.432433358102830950e-05 6.366009055163031859e-06 3.053353218538685619e-06 1.812681929175928332e-06 1.159027062292625696e-06 6.134518774876215782e-07 3.624115440937785809e-07 1.995317138978872246e-07 1.791337690118270453e-07 3.898692763554642623e-08 1.330918842013725451e-08
9.018887343450622050e-06 8.210504349224761881e-06 6.156289133364565631e-06 1.010527700445636574e-05 1.364321590137539279e-06 6.714106075516692562e-07 2.759185200945318711e-07 1.202383158037246280e-07 6.664809516640572656e-08 3.012607752160144893e-08 9.032249210420848926e-09
1.551187210412123340e-05 7.932008622258177096e-06 6.532699041012781258e-06 3.709757395313473521e-06 1.692155408047601662e-06 7.768272546206592562e-07 4.509036981386180157e-07 2.997062463033866242e-07 1.638960681804462966e-07 7.476611339229771999e-08 2.971457892188448734e-08
4.441971704699140834e-06 4.854202975652731565e-06 2.695221567456739259e-06 2.530996753950510270e-06 1.350570075081318138e-06 8.577944481277799447e-07 4.444089371841678350e-07 4.333403038098651698e-07 1.795133413342772847e-07 7.175218722086223587e-08 2.822870538459955094e-08
5.008275370937947737e-06 7.255349658459524001e-06 4.686953841236230641e-06 2.153926361758366861e-06 1.754755554902533130e-06 9.284782307962863545e-07 3.553587604825234114e-07 1.672606073361438424e-07 7.156675119726837993e-08 2.957501429884218013e-08 2.735947064481606604e-07
5.758288847976109209e-06 3.167172372387697653e-06 2.018713437850099394e-06 1.245928831630977800e-06 2.174539285844902860e-06 2.900938987249721102e-06 5.580047316576971579e-07 1.631397193770423733e-07 5.984102942877716922e-08 2.864147719437234429e-08 2.057107867944389637e-08
6.407573839333068534e-06 3.140790713234230174e-06 1.618209318426967442e-06 1.287984290572605887e-06 1.016234093059850514e-06 2.190379358285914387e-06 2.978263148065628086e-07 1.663879300123361133e-07 2.163131606978703766e-07 1.154139680806715834e-07 1.189408226498773126e-08
6.734377403819946248e-06 5.599168234937099942e-06 3.836076240814665061e-06 2.708633653274931767e-05 1.280495919288273454e-06 5.718286415733998001e-07 3.995653386605718259e-07 2.608194012155863756e-07 9.091466807701468786e-08 6.553953112744407031e-08 8.130121415966550735e-07
9.749749291946354534e-06 5.856256780351921514e-06 3.882433242637144508e-06 2.664795968234996239e-06 1.120323483175842820e-06 6.726430578742440312e-07 5.261304847442059754e-07 3.028219351499437700e-07 1.592967204262758857e-07 9.607971868289146846e-08 5.472543491531555015e-08
6.718122590130786221e-06 3.706645236889274895e-06 1.896984172643039650e-06 1.183741795732666648e-06 1.017556782972283644e-06 7.032993362737798202e-07 3.571562292062397996e-07 3.025579620450552669e-07 1.454467550486393880e-07 2.155156265930137772e-07 4.260781830894151149e-08
2.936665055717693299e-06 3.353368442377399371e-06 2.954917132210000397e-06 2.301388843878645886e-06 1.448375181681700420e-06 1.078993065612229171e-06 5.788006966076447653e-07 3.426006516056100182e-07 2.243813635356201684e-07 7.814350368880696626e-08 1.905420225926112956e-08
1.091734789534890669e-06 1.954571527684052842e-06 1.808266462907647057e-06 1.021547139116196281e-06 6.063944437112807660e-07 3.061655504006921639e-07 1.493713815560658805e-07 1.447599046129119584e-07 1.821807850744370664e-07 1.669021038500976160e-07 2.710769044218635767e-08
9.402057246400605364e-06 5.567894986082472956e-06 5.212022712240003019e-06 2.956898254013311368e-06 1.662124962902868152e-06 7.241515847987100465e-07 3.550123752346441538e-07 2.217293045549512418e-07 1.182014810283003090e-07 5.748995425221069653e-08 5.841480106027059964e-08
1.637875035941155660e-06 1.662572677243834171e-06 1.557976778006366926e-06 2.448764885164470668e-06 8.195605880418592335e-07 6.225305020251003104e-07 1.118734462412556555e-06 2.157034049814253629e-06 4.081663005075725358e-07 4.289430222369370111e-07 1.228107696003318579e-07
9.456255344467182926e-06 5.756692541680779252e-06 3.605634839637505059e-06 3.199102544441972808e-06 1.476389619591263826e-06 8.279903233402572626e-07 3.629618406045995378e-07 1.361289110315142138e-07 6.022950001692073061e-08 2.400646491689387129e-08 6.742710249118825019e-08
1.496230589755578447e-06 1.008516230947774774e-06 1.184545697135222997e-06 1.202045718557022973e-06 9.970032804967477467e-07 5.483032050040360976e-07 2.064092546713727670e-07 1.465801155157227332e-07 9.648986301875470419e-08 6.521486598182825372e-08 4.882355997416896895e-08
7.492761108627633226e-06 6.320275061441823744e-06 3.584415272027958718e-06 1.126317040281643642e-06 8.718681063031285242e-07 1.672825481977460242e-06 1.150465611622615292e-06 2.330515861225737623e-07 1.652956612203033842e-07 4.910624441117503300e-08 1.208807428445712009e-08
8.980280814374249951e-06 6.624238216720156481e-06 4.060751067786131909e-06 2.557403906778662405e-06 1.234365953460401839e-06 9.711906127342563863e-07 3.233548272747129354e-07 2.103199457853940741e-07 1.365890949291126930e-07 4.006351520392664450e-08 9.642690922614795140e-09
3.077613879636116691e-06 2.619952608402457053e-06 1.974133375385958103e-06 1.188701728863773354e-06 8.106588655342847653e-07 5.729811228624770908e-07 3.850272201480837274e-07 2.064575265601792667e-07 1.580560955474579838e-07 2.993504927782372242e-07 2.802123411172250264e-08
5.374100330955315164e-06 5.730567125125200676e-06 5.490905375289460735e-06 3.253323751661269006e-06 1.686365754927080666e-06 8.409533703129088122e-07 2.937918443790633420e-07 1.392984949043096324e-07 1.677129728471728321e-07 2.050636111006660881e-08 5.348380727598467452e-09
8.707542273310917409e-06 6.657063546024919578e-06 3.209457449497989362e-06 2.018970163674935693e-06 2.063996552843843278e-06 1.888706936725100839e-06 5.090437283065621162e-07 2.714736897340177050e-07 7.241138484039338918e-08 6.044153241537357787e-09 8.043109409444475023e-09
5.479708891127719424e-06 3.841571401084445487e-06 3.093446300824528686e-06 1.734610141758719732e-06 1.084539631396279951e-06 6.549317404508120187e-07 1.903777487313705277e-06 1.452608782513518394e-07 7.617295274921150883e-08 1.118275461983237067e-07 3.613226286172261583e-08
8.790720398263458639e-06 4.631903447561810671e-06 3.352629125131389607e-06 1.821619665923393952e-06 1.125479050850307880e-06 6.447877522645360029e-07 4.356500054708017487e-07 2.592081068947775622e-07 1.515841149228656159e-07 1.744682653289583536e-07 3.325030721079184356e-08
4.128877218205814313e-06 3.610250714881832576e-06 2.052832804320024347e-06 1.446620077036121648e-06 9.751007437681233960e-07 6.213099785154702339e-07 5.512250372971333241e-07 1.603879259242042786e-07 4.696675909942927906e-08 1.058464389174231298e-08 2.297022304363543978e-08
2.947466059897013780e-06 2.549544038584051857e-06 1.877295996342633181e-06 1.254731679231622922e-06 9.371478134239180782e-07 2.258733383687982335e-06 7.761784086825433854e-07 3.555701624072332237e-07 1.212244459766480732e-07 4.684440378865738061e-08 3.606393191268361131e-08
4.668332030567009982e-06 3.313023624900995742e-06 2.317578485715734199e-06 1.885721340282940891e-06 1.513081678296538604e-06 2.245460423900284681e-06 3.983453294551488795e-07 1.509278472411219714e-07 7.888700969171537757e-08 3.598142821988036345e-08 1.046412838177068912e-07
9.737552371301020976e-06 8.127259706639013769e-06 4.619763740922026258e-06 1.961275697480838163e-06 1.120244715752901946e-06 6.119853798102824463e-07 3.099733235487987340e-07 3.731496163105310792e-07 6.573414324656434340e-08 2.286057431175739665e-08 4.203139061993197539e-09
8.796049718880507136e-06 4.622373990746447658e-06 4.103813120823553770e-06 2.482306119209084790e-06 1.564974525288938470e-06 7.413621027774845188e-07 3.734723383470308073e-07 9.137364033195685405e-07 1.239726880772053600e-07 4.580001126999974584e-08 8.675790320482604694e-08
3.166720978855753334e-06 2.029477879276348861e-06 1.565845983672944749e-06 1.106973947563259535e-06 6.673630202356312895e-07 5.139001393319307621e-07 3.643924026316321252e-07 1.390663430512392453e-06 4.854031052917259616e-07 4.190973982473305353e-08 9.581568329847252410e-08
8.659273607689288218e-06 5.348198846195651206e-06 3.115479710535002053e-06 1.563175106491336953e-06 9.492129045895905842e-07 6.066740324448455907e-07 3.330003208628858307e-07 1.766348590807149982e-07 9.761006115851411117e-08 6.143297341391335629e-08 4.223155926927093910e-09
7.876304828366518379e-06 5.104536419062632237e-06 3.409782681109957279e-06 2.206559729888895542e-06 1.416132745425108228e-06 1.482253031337823379e-06 5.125175278390010784e-07 1.011288949540972809e-07 3.695220292962025821e-08 7.467288891015600347e-09 3.029915335079990246e-09
5.811571601207676574e-06 3.871047692628792020e-06 2.833394080154411955e-06 2.303873941416306845e-06 9.258858385495318303e-06 1.421565209350324967e-06 6.355674977339054957e-07 3.463891281204920581e-07 1.178538368812061524e-07 1.939858601467246775e-08 4.022391197696197121e-09
9.234514880073479298e-06 1.166150006644106117e-05 5.952738489627177026e-06 2.213532629048957819e-06 1.774332841734139671e-06 1.115574291459500105e-06 6.272419392721725340e-07 2.631265155387643705e-07 1.179352596401016237e-07 2.251955680481280166e-08 1.119223361254832518e-08
1.372746644995240005e-06 6.958899237841069275e-07 6.724654959255174343e-07 5.873253001489882809e-07 9.609019002273621638e-07 5.631247432610723122e-07 2.962632570728553584e-07 1.710245330225209760e-07 2.066875502293500389e-07 9.643520390595058522e-08 1.135417590582585269e-07
6.383417601588625589e-06 6.183472271485055178e-06 4.397577547537656721e-06 2.767202460612871939e-06 2.993942369396299715e-06 8.784635789645018604e-07 3.831881164978621175e-07 2.070710634030214580e-07 1.506471562380163598e-07 1.070927559016907818e-07 6.734008125788223358e-08
3.736345297253198062e-06 3.244355071367899426e-06 2.185068342513507569e-06 1.366314910990134115e-06 1.297654758192971765e-06 8.473331719935835896e-07 5.982900024482151072e-07 4.573210522997726621e-07 1.522325621191523464e-07 7.658047972187864651e-08 4.669392825941488260e-08
4.265885539168602175e-06 3.074460895635812663e-06 2.429917613042217459e-06 6.028454761512003966e-06 1.904481487596723288e-06 7.238423975561039321e-07 4.250688616848180164e-07 1.925059664621734154e-07 7.966838210195520364e-08 1.527761043910041837e-08 4.219675288607267689e-09
1.135309547514107289e-05 5.536888218390553040e-06 3.096239663375906960e-06 2.819679325728046570e-06 9.923486492466907076e-07 5.782641032322448392e-07 3.375085200525344003e-07 1.849736486437195159e-07 2.202447763112477151e-07 3.504762356908517978e-08 2.529195671487070582e-08
7.661174323095612811e-06 3.094979586915751749e-06 1.734200489033725707e-06 1.088065273193868193e-06 6.832742692644155528e-07 4.953885436651774084e-07 5.398060381715774177e-07 1.500754551596751685e-07 7.136789431503368861e-08 2.647065873449718164e-08 7.751419478124908376e-09
5.466859588173338158e-06 3.667469494391439463e-06 2.216104828509126929e-06 1.520218390628565230e-06 1.326689128605107940e-06 8.461909735758988834e-07 4.193170630209955766e-07 2.194614786477153173e-07 9.646047770237308845e-08 3.713780296239745941e-08 8.586893994777875143e-09
8.730099402964542479e-06 7.767667345446146437e-06 1.467655367755354938e-05 5.324965022557318256e-06 2.012730924936269312e-06 7.719696675597137134e-07 3.246775567746035782e-07 1.362192005975696952e-07 6.988888572289480720e-08 3.550882149119434296e-08 3.449560932935760627e-07
8.229534447413977888e-06 4.704405585107811673e-06 2.654262749450486444e-06 3.458819709786347326e-06 1.489958519863687848e-06 7.109890106115692208e-07 4.212501672149277948e-07 1.676883907961262913e-07 7.078264207828022169e-08 2.788893871922060473e-08 1.067823609419535820e-08
8.585074546691089066e-06 6.401036728316816189e-06 4.214751142868394991e-06 1.976996799421800190e-06 9.368511386856891323e-07 5.040899461126996647e-07 3.431260056464983104e-07 1.966559191912566330e-07 9.047184442627444697e-08 3.515733685436494021e-08 4.306447779611883329e-07
9.159352184845261912e-06 6.183644973311616594e-06 3.935141036250338064e-06 2.419190191545462699e-06 1.550666244449697820e-06 8.377611655729176235e-07 5.460751394987261958e-07 2.482471989959847660e-07 5.081527144202833015e-07 4.692364852790538725e-08 3.360537133610875950e-08
2.883435864662094601e-06 2.339709313481210879e-06 1.904018511716525523e-06 1.310945368862764522e-06 9.924378938227882619e-07 5.899594571743395628e-07 5.163515278535512580e-07 1.480831588420387159e-07 1.010071129832542500e-07 5.697279862903522602e-08 2.756938030511560589e-07
7.879542835061139011e-06 4.409381415577367838e-06 2.423877584739736949e-06 1.472641580435627931e-06 7.390878105263977102e-07 4.602946139384443780e-07 2.635389817159311453e-07 5.161258953829282844e-07 2.196423720083788782e-07 5.437394103152120494e-08 3.627566687993608713e-08
6.922050285931599177e-06 4.231812536227447432e-06 2.715296401968364530e-06 2.377484196441029679e-06 3.598092748063199103e-06 6.554124881879096961e-07 2.920136799433826642e-07 1.490750948552459905e-07 6.904589634443860423e-08 9.880776577655202554e-08 8.135753640814711109e-09
7.055420109759768465e-06 4.525449681220817276e-06 2.872576084636613757e-06 1.595479824743260493e-06 1.670108513736182563e-06 3.664619191176499516e-06 7.752475745144545640e-07 2.093139651252772809e-07 8.185849850318571666e-08 2.573946619646607542e-08 5.552863946352772382e-08
1.003552012051581090e-05 8.048932854891157528e-06 5.013839074777586660e-06 3.276638443594484893e-06 1.674582680158872555e-06 7.301948422003772282e-07 4.936899365277212743e-07 3.049819330427452457e-07 1.604431258625219567e-07 6.944705965715551902e-08 7.952995976555538720e-08
9.166467924511343134e-06 5.529456757709682219e-06 2.798945324654651950e-06 2.234004830371288916e-06 1.852713172120890226e-06 7.756872716051446168e-07 1.781160779247226169e-06 1.523500946462505447e-07 5.126635614237030852e-08 1.980093001144446790e-08 2.919187795079888615e-09
1.029385789105778169e-05 4.784664007774750220e-06 3.128599859047206008e-06 1.885638709249467844e-06 1.102456756582364240e-06 6.915052925310251751e-07 4.198768561109437952e-07 3.596800234944491627e-07 1.154804669072609160e-07 3.316408900552960805e-07 2.173578931090734009e-08
6.717854512293827088e-06 4.703819366052538826e-06 1.831184304236055124e-06 9.370680280090107955e-07 5.634581223125802587e-07 4.405842477495359535e-07 2.448651099186230479e-07 1.570766500633747919e-07 1.474416528921803188e-07 6.382900479998861490e-08 3.462598166024549888e-08
8.403652442143098346e-06 6.642454928681663649e-06 4.519545486821263378e-06 2.009769938715330563e-06 9.252431244636330081e-07 6.055281776323368836e-07 3.502780972708524063e-07 1.998709899287141244e-07 9.948224618032513137e-08 3.814904524735984301e-08 5.656178875330517203e-07
5.242809885808685417e-06 2.652423233127026678e-06 1.830407805549853048e-06 1.945141386169786706e-06 9.760473736126869438e-07 5.242751506974058106e-07 3.680173415582569943e-07 5.513910138455164785e-07 5.798546377704936274e-08 1.745249492919795457e-07 2.768771789962832848e-07
1.167164052907062237e-05 7.025029393237238552e-06 4.218610806936965995e-06 1.661732152014334407e-06 9.301496592551007355e-07 5.742815616475938279e-07 4.383663795503130916e-07 1.008782024150975994e-06 1.624803377062956583e-07 7.512356029161153695e-08 1.591458317482033435e-08
1.289247012029400667e-05 7.112154675829033789e-06 4.354166163473460855e-06 2.031275539188138967e-06 1.136594001295948862e-06 6.785389271803270794e-07 3.668791994547733325e-07 1.956395138222535580e-07 8.484993394726040103e-08 1.691900907432175226e-07 1.875691795799970999e-08
8.186848314635386349e-06 6.752078503008882581e-06 3.654204939711562218e-06 2.821316776039433479e-06 1.134561034963490880e-06 4.714279452207726693e-07 3.053887554442090059e-07 1.758082286089421915e-07 1.212354093996500114e-07 6.321033447421629456e-08 6.748893367817736680e-07
1.027083660367239582e-05 7.288347928001666498e-06 4.468151759593376092e-06 1.979530364464314122e-06 9.248037350728351113e-07 4.974126798079988456e-07 2.809015595235167314e-07 2.550970034050867660e-07 4.412423036966519507e-08 1.134107086653847119e-08 1.469149972962086944e-09
5.099450965203461495e-06 2.520861830232911300e-06 2.018382978802838899e-06 1.256077041059995312e-06 8.350818115877656273e-07 5.373967805648856378e-07 4.228826101845574979e-07 2.904905110986526072e-07 1.367687674734366785e-07 7.450146116108204685e-08 1.786213176417217432e-08
1.140182562178087917e-05 8.132213078198341282e-06 4.869017130698282505e-06 2.298550614795052338e-06 1.721431229698398611e-06 9.841914578818899065e-07 3.328254092325530202e-07 2.291375221554513610e-07 6.507351300276961031e-08 2.997339647460995128e-08 3.315656550688368705e-08
2.306352654984500937e-06 1.593547956147705575e-06 1.610385359160747169e-06 1.757109580275740248e-06 3.157206675227106681e-06 1.776737362374561648e-06 1.924155840737177052e-06 1.911238539253552855e-07 8.954578469993973075e-08 3.815236524653347588e-08 3.676666518831765551e-08
4.805620380737782654e-06 3.031462655758256970e-06 1.747690335622255601e-06 1.180460669107907248e-06 6.976411672320681184e-07 4.057885577627113890e-07 3.617452069223902331e-07 1.180747395256749088e-06 1.502220757003444679e-06 1.144839674589891620e-07 1.814646588939422150e-08
3.103670723421398282e-06 2.031803344272360932e-06 1.971372746825338645e-06 1.412564906251471588e-06 8.178995668428645383e-07 2.992761958510480739e-06 7.553624430922762226e-07 3.650634080953360884e-07 1.804305983067638415e-07 5.227760113409422449e-08 2.324586936846721320e-08
1.198581309711552264e-05 6.817407384131548285e-06 3.379655041502841407e-06 2.047656270248839092e-06 1.272222581381948899e-06 6.383607225836538014e-07 3.559885338408802842e-07 2.182583235085445543e-07 1.236272864314194012e-07 1.142812192284790938e-07 5.569366309954082122e-08
5.109266235019230147e-06 2.661358193179098247e-06 2.058330452068087242e-06 1.591915457373020619e-06 9.063296187849755886e-07 6.033579098286324364e-07 2.913424491837036195e-06 1.946549967175323971e-06 1.794193164439371227e-07 4.855131191043441453e-08 7.071526652824479886e-08
4.497420304650726588e-06 3.238833196013524520e-06 2.160956772291757573e-06 1.197470037251589978e-06 8.054969616356319934e-07 4.647958424317779939e-07 1.423495668661591141e-06 1.776257129071847306e-06 1.021772698369651521e-07 1.807730723251876183e-08 8.633508686051407495e-09
1.110539277646960741e-05 5.237547182685627947e-06 2.866476893526187807e-06 2.353815657513355076e-06 1.718283650927909040e-06 1.047911798433670045e-06 5.287276251652820264e-07 3.151120686655074916e-07 1.702988624445741999e-07 7.025411250537061183e-08 1.180292221537826057e-07
4.770656741599850530e-06 4.482154095061925807e-06 2.736982132695338445e-06 1.426899974133221723e-06 1.525677283255318949e-06 1.095087475080642295e-06 2.630252959606581017e-07 1.170141284577197361e-07 1.858769918720835448e-06 1.833784659831005138e-07 3.045246569807673711e-08
1.272892198372221504e-05 6.034514719727737801e-06 3.928060413470076180e-06 1.925599246126707502e-06 1.157290294038836318e-06 7.515127781500315607e-07 3.903038638346411512e-07 1.946654692577152902e-07 9.072315556636786973e-08 4.579168991363670381e-08 1.429166901708888663e-08
4.334800746221056479e-06 2.411990175992780623e-06 1.900950938889563107e-06 1.488180623326326337e-06 8.385902610858546648e-07 4.884376353670381121e-07 3.123480214817763350e-07 2.494786951095176664e-07 8.899490509008097124e-08 5.805414046713933004e-07 1.853483862844346666e-07
5.219625105737736771e-06 5.380223998132210602e-06 2.776973978971975913e-06 1.821159516507582933e-06 1.354667605213192304e-06 1.105847340539340876e-06 4.295159742459608493e-07 1.034430452083762589e-07 3.105129153124604936e-08 1.709851616463659867e-06 2.726706803433512084e-07
2.587923745765518607e-06 2.324361821073023165e-06 1.550183359196621212e-06 1.200512456487471547e-06 7.363875843434360887e-07 5.103223657515262063e-07 3.880018177337373742e-07 4.784252080196418580e-07 1.597165960169570077e-07 1.090771413779263942e-07 5.335796245950992529e-07
1.349886744183755083e-05 3.835918687627725644e-06 2.406164921760675878e-06 2.115641498487495511e-06 1.464114098647374565e-06 1.042296968900357029e-06 5.087612980407122228e-07 3.265284628870382926e-07 1.131842946164921889e-07 6.948253843493848049e-08 1.653872770203412079e-08
1.029022357534366820e-05 6.161385869217261709e-06 3.572950089610385528e-06 2.442876099445356959e-06 1.272441835474823923e-06 6.831585271475609624e-07 3.768549644993236960e-07 4.798378164106515314e-07 9.144573158629963934e-07 4.838587757801767653e-08 8.572639494814018578e-09
3.404463594458324916e-06 3.274045733447636688e-06 2.500963558853787623e-06 1.601691288777461901e-06 1.356531570220560407e-06 1.096867949237043572e-06 5.522727231033541521e-07 6.023485829812415939e-07 2.010617755091923029e-07 1.877818204813861905e-08 5.253910087605254445e-08
5.948912302240007490e-06 3.891913358270552831e-06 2.073060030757155299e-06 1.528400801990218674e-06 8.562739044359330808e-07 6.093996943092741680e-07 4.179609339483402200e-07 4.892847730354123835e-07 4.564909915013828112e-07 3.758068069618596808e-07 4.673809463853065369e-08
4.528150705251680933e-06 2.851138851113632554e-06 1.976491271612133178e-06 1.337354190627571528e-06 1.149409895179786723e-06 8.560385029213244601e-07 5.487782776321871873e-07 3.445601215757837999e-07 2.045052234009238075e-07 9.500826136736309271e-08 8.151177459114157711e-08
4.462861023070733855e-06 4.245742940507667692e-06 4.212504516217157838e-06 2.094505351291398448e-06 1.163849446111875673e-06 7.810665642202708868e-07 4.277195459328275497e-07 2.628525032483741758e-07 4.822371464036324603e-07 1.704501183052097661e-07 1.361429905124517769e-07
8.061325915787355553e-06 4.145966433831359752e-06 2.847320677624564590e-06 1.515146943641616062e-06 1.074695407226141515e-06 8.305015593546577468e-07 5.675271595599929811e-07 3.459788712157827146e-07 1.247955440362873297e-07 4.302873285721611794e-08 1.708786734089070042e-08
6.404775016645860155e-06 3.784779433027975375e-06 2.689374620165208989e-06 1.524005853212902464e-06 1.024873847051177331e-06 8.335900714713883750e-07 4.901525391048449743e-07 3.001019962674114595e-07 1.817985693920648934e-07 1.081056540399059498e-07 5.960201716299523369e-08
1.749155125823864768e-05 8.794623504188199886e-06 3.803974806148036589e-06 2.216930276426910993e-06 1.278823689331999434e-06 7.631877133483235150e-07 4.637360106476710119e-07 2.709597582973026961e-07 1.327005906801248005e-07 5.205001484589277875e-08 3.978897901602542965e-08
7.577298843323467907e-06 4.474049386541636132e-06 2.823757815446420181e-06 1.716191834643347357e-06 1.167599522560957535e-06 1.045948384220313461e-06 5.565860561972782315e-07 2.582032410745517373e-07 1.343476506959884776e-07 6.190716692183772864e-08 1.670714862840708262e-08
9.511604749302410972e-06 5.942700073509832972e-06 3.017636596523407388e-06 1.847439069607501813e-06 2.206305915067998448e-06 8.265089030249170078e-07 5.134745775519091301e-07 6.668359756397760206e-07 9.251099474506436002e-08 6.023605689311143587e-08 1.770711823945520063e-08
8.166604897959608874e-06 7.079553850268256219e-06 4.099722171510686289e-06 2.220248572404908801e-06 1.588498403429292332e-06 7.662645858848349056e-07 3.086163301248207817e-07 1.533167011929760717e-07 6.791397511172308706e-08 4.246948738740689764e-08 5.058624915466065948e-09
6.713577754715725013e-06 4.074742635363842050e-06 2.168251298979179193e-06 1.994594009954848495e-06 1.396065573880647676e-06 5.320877425700969647e-07 2.653876010048492660e-07 1.827725180356929527e-07 3.629597764057799713e-07 1.157961739002010204e-06 2.010766373500209216e-08
9.867155197533261611e-06 9.692062684097219559e-06 6.029813332256587386e-06 3.555406822631908447e-06 1.970575067808362617e-06 9.232009301778759596e-07 4.511854941020695002e-07 2.734461938445353755e-07 1.189267834155163372e-07 6.631998301814644226e-08 3.039839797573580794e-08
1.174384248132527881e-05 8.344462391710815599e-06 4.288509283236557249e-06 2.021249742554999321e-06 1.262284423693955990e-06 6.579364243068082232e-07 3.648583557978204003e-07 1.761003937069625414e-07 8.588443973359020276e-08 2.812161726861510068e-08 6.042023957590058552e-09
1.594792945943352761e-06 1.632374065640110078e-06 1.093703152529210097e-06 1.178315577496406281e-06 8.031542436164343960e-07 4.995657980985730058e-07 4.796197497040670128e-07 3.070787937900302073e-07 9.511219391266039521e-07 2.105878700339529826e-07 3.264907969489973404e-08
1.009941069333658713e-05 3.937847684639894835e-06 1.682637830615115116e-06 1.333710934567162987e-06 8.413486468258443768e-07 6.421232290603237234e-07 4.251509828239465686e-07 2.986141081243309613e-07 2.253241852106209058e-07 8.406493168873021184e-08 4.761793223543236577e-08
1.177502120700017055e-05 6.204034451967308185e-06 4.452910378440743770e-06 2.542317501309560107e-06 1.522898336588624540e-06 1.600716515615463100e-06 5.319316925550480073e-07 1.807200880075129915e-07 5.942295539408590129e-08 3.417656154105957115e-08 6.148636150237379650e-08
8.476554332829328492e-06 4.144607676721118522e-06 2.371670166072636967e-06 1.550649601436862603e-06 1.002662722952977321e-06 6.670075423764021378e-07 3.900708854044993456e-07 2.026970996630085745e-07 1.332618735442393498e-07 7.911046388060864210e-08 4.351615507701513778e-08
6.257072085219317210e-06 4.271711955003365650e-06 2.846309185391401997e-06 1.856748676887939465e-06 8.732220462336573113e-07 4.296749333732711770e-07 2.174483849575770394e-07 1.589520363275877733e-07 2.135070583597922851e-07 1.799814653521560549e-06 6.421474190245895491e-08
7.926545801349374685e-06 6.636441031941697324e-06 3.062946157488825225e-06 2.511075409486780973e-06 1.784510071678808421e-06 9.361725934591311723e-07 6.504027980955039566e-07 1.851853849614012054e-07 6.442717745660207551e-08 2.189013745346852823e-08 1.705583641067510143e-08
4.748130151887168875e-06 2.960045208330890159e-06 1.777457787580582642e-06 8.827426370026576838e-07 6.644349022047409084e-07 4.175469223299961829e-07 2.864159757369262913e-07 8.748186962011739537e-07 2.884264440958852023e-07 3.832570235240030157e-08 1.884873812145270201e-07
4.639721428060487506e-06 4.915139768019444499e-06 4.474166601905316172e-06 7.990057036065913095e-06 2.685396610598434213e-06 8.824106181661417970e-07 2.177678080097221514e-07 1.656858353811573907e-07 2.541954103109378333e-08 3.727195818269763920e-08 2.900374851316856935e-09
1.022040624147047311e-05 6.713368037788356388e-06 4.716167902032684120e-06 1.930176460019965744e-06 8.974155549197188203e-07 5.921644913514119094e-07 3.420421725457513765e-07 1.670101238859959408e-07 8.316997430825710848e-08 6.249503560277295711e-08 2.958546568840781259e-08
7.398493149302944727e-06 3.879331131567926932e-06 2.207063541106272776e-06 1.185311828869875763e-06 7.518599133530356158e-07 5.057468602627393804e-07 3.200931519490627226e-07 2.388037012594012190e-07 1.182199734870603200e-07 6.653923128235464974e-08 1.547950926825098141e-07
6.934679322490276247e-06 3.240432358592875408e-06 1.909872397533655163e-06 1.214209293400734776e-06 7.960610141384150518e-07 5.472370431630852247e-07 3.003433714359425005e-07 1.628681096079531313e-07 1.132712630953447252e-07 4.319494876304394016e-08 7.138953137434589049e-09
7.184588266059422112e-06 6.380922129715500046e-06 4.695300996536525469e-06 2.059419827405459169e-06 1.316018074449315723e-06 1.852934954953788990e-06 3.525764424501525450e-07 1.764838368490204518e-07 9.507294278572247421e-08 1.103115965141783596e-07 1.191264198724983834e-06
1.461358721102994095e-06 7.240896210396110945e-07 4.996821248953353324e-07 6.514588605538494121e-07 3.961712213841008694e-07 2.106166564071063572e-07 1.588155446344179079e-07 1.416546987214506744e-07 9.914949833515427770e-08 1.702965753311370749e-07 4.585523880197478388e-08
4.161751590912687799e-06 3.256064328004269289e-06 2.321743531209963990e-06 1.499720772755501064e-06 9.453548135845305221e-07 5.632388608288626085e-07 6.809340533252476104e-07 3.096759253426648948e-07 7.430859434534756510e-08 7.910220771822166547e-07 3.206646032040329346e-08
6.824820068425893908e-06 4.467237644321958019e-06 3.031475784623751188e-06 2.657496782341272056e-06 1.264355977829613283e-06 8.292049491569547746e-07 7.759986125586256481e-07 1.795496737013363135e-07 8.130112093108146542e-08 2.114214671752761020e-08 8.195669461888161099e-09
1.538368463973832268e-05 9.625489417410309156e-06 8.913469974940818136e-06 4.686329009653431723e-06 1.311881180024671116e-06 8.022251332976399972e-07 4.909637168826865000e-07 3.167167771857829141e-07 1.495793917641163704e-07 9.416044541810645136e-08 4.406881973322108831e-08
3.994976351997994707e-06 2.733380986885939088e-06 1.858092125857988435e-06 8.896706696896675035e-07 8.340165308456401194e-07 5.432211403493118041e-07 2.687794879477289062e-07 3.103475127637607650e-07 7.654571280925475189e-08 2.559333002410551965e-07 2.088060909549880369e-08
9.253954432551777293e-07 1.164807650419281373e-06 3.730862276939529569e-07 2.220148425792308838e-07 2.155764525359524172e-07 2.035753105125841927e-07 1.519212874118305256e-07 8.214856332729282236e-08 1.330457186148049103e-07 4.173994672545645995e-08 2.233986302388583896e-08
7.195476733752807476e-06 3.557900831050860100e-06 2.468918957161991911e-06 1.504333406303028782e-06 9.425353141833939256e-07 6.412391296518566049e-07 3.804534795674833973e-07 1.766865147639021524e-07 1.042127315912403247e-07 1.629470090852631995e-07 8.450066699499717177e-09
6.057584693748662445e-06 4.760770867617739965e-06 4.114635379757237366e-06 2.834996143851411736e-06 2.826165277366225490e-05 6.001332789933692119e-07 3.173304696085660715e-07 2.117192199472851912e-07 5.720596713386780900e-08 2.267177205050946758e-08 5.739712542775841912e-09
1.031221847764621258e-05 5.788164170803941161e-06 3.342981020981784225e-06 2.026145894754552834e-06 1.325288966636937263e-06 7.881591415383832921e-07 4.362514798017632420e-07 2.164054216600491037e-07 8.350260128674500340e-08 2.889725243393790863e-08 1.428814146123256501e-08
5.048034685895564680e-06 4.500891152076648496e-06 2.673443467007646080e-06 1.426544189145535841e-06 9.556428147836991191e-07 5.660084149309121729e-07 3.584649415253322940e-07 2.498491623201287519e-07 1.461591945427995652e-07 6.263858790173142990e-08 2.087340976984442532e-08
2.510518548175625807e-06 1.751308243504668380e-06 1.470788218867857038e-06 1.057248621959658360e-06 5.262132186425997704e-07 3.314824126098524084e-07 2.672196228713168378e-07 1.398250723738174171e-07 8.203722975295289742e-08 5.978502909500909328e-08 3.399354757628994762e-08
5.943545876100314015e-06 1.285512724356981156e-05 5.574348124354013834e-06 3.775870194332606767e-06 1.407042173665108931e-06 6.299402596705072853e-07 3.009679313115828034e-07 1.464990636137141062e-07 5.316032521641465677e-08 2.312686209090886811e-08 2.706144252780868692e-07
6.798891615648351209e-06 4.046141143803525904e-06 2.639399773264833329e-06 1.863521709083938536e-06 9.375449967533017445e-07 4.647131833016381096e-07 2.541957383679458558e-07 1.113539044758348151e-07 5.061048118684169629e-08 9.909226476015346901e-08 7.187310893447508906e-08
6.744827343491670409e-06 4.629046584403990311e-06 2.164787964489583743e-06 1.406587704470149324e-06 1.059691998051112698e-06 5.927783398038694732e-07 3.728760956016572536e-07 2.041520950256589452e-07 1.124117787784457279e-07 6.286133591568866723e-08 1.211622001989689964e-08
7.841373281983233265e-06 8.760481959034382456e-06 7.953339606119950493e-06 3.838787231766717647e-06 1.721980954759541363e-06 9.506699417514420761e-07 3.144010717449764126e-07 2.055974134804712608e-07 2.119200617784698561e-07 2.724464317443985655e-08 7.935414471872768194e-09
7.830523219734761568e-06 4.729476762060820753e-06 2.536921500402650952e-06 1.620228123453705804e-06 9.196162105686909210e-07 5.311134592677927452e-07 3.017367067022346397e-07 1.776951410139329898e-07 1.140026417360368630e-07 5.015415222974062961e-08 4.757580295895759630e-08
9.768143463120586496e-06 3.993738561471185788e-06 2.442001295720823571e-06 1.905589666516217042e-06 1.114349370200815008e-06 5.757926957057866349e-07 3.797363016308527879e-07 2.208707209871875547e-07 1.078255073856930914e-07 5.433726636582930554e-08 2.231435384206976153e-08
7.898851160846692181e-06 5.648823388833098993e-06 2.693100194061047528e-06 2.032207908474674397e-06 1.563039717976225038e-06 7.078353779623162782e-07 3.901664927846498037e-07 2.107504491877660472e-07 1.284750053050884916e-07 7.865752715681896922e-07 1.358038361081426058e-07
8.132089483223156441e-06 3.202772290601543450e-06 2.037143109558114182e-06 1.828801085257527433e-06 1.375862778038489923e-06 7.472209917056727155e-07 4.454583497293415967e-07 2.681798196051795125e-07 1.560236679833409611e-07 8.830834405004028736e-08 7.881519268757114961e-08
9.814417356767270677e-06 6.304193206067738762e-06 3.709312925358770952e-06 2.086342627767399972e-06 1.024934289681503758e-06 5.776332942770497096e-07 9.285470281749011917e-07 1.967450608714181111e-07 8.634562060829775236e-08 4.310169567435607259e-08 1.775531201007170750e-08
1.710430021500880566e-06 1.223507963726212166e-06 1.164686942383863586e-06 1.112100316707242012e-06 5.883472970761015555e-07 3.554183273097983912e-07 3.176614548347216217e-07 2.484257841397009466e-07 9.253684124568575339e-07 9.878228311155571974e-08 6.355312185723698334e-08
1.769042838076497758e-06 3.087151939479871374e-06 3.033285866416747421e-06 1.533627990360942884e-06 7.282531449816954588e-07 3.153786314697595684e-07 2.405154684899507073e-07 1.273099540742641547e-07 9.349765355634690300e-08 6.137108011008752199e-08 4.937641785564520319e-08
9.999347015801673591e-06 5.694190348456625908e-06 7.691322593710353656e-06 8.325157071092446188e-06 1.700090037566908776e-06 6.618148207116832592e-07 3.332842089773162978e-07 1.900265902825959263e-07 1.102885984629703287e-07 3.931540726679183918e-08 2.024753098748771842e-08
2.038909246888681930e-06 1.758616993262503880e-06 1.875079431854694234e-06 1.587084575252336906e-06 8.380369658249145950e-07 4.886718384866225371e-07 3.414442066420921903e-07 1.498092370299586829e-07 7.481417217587027075e-08 3.432903348732461349e-08 1.872018508805506129e-08
1.094841066143903210e-05 7.532310257745749102e-06 4.035154991789020320e-06 1.950600483641700900e-06 1.011721631171983896e-06 5.803771878993450929e-07 3.655515747181343120e-07 2.398623723478545213e-07 1.230953057425468269e-07 3.905073524112920516e-08 2.947415614758379127e-07
5.873296340675113226e-06 4.276636784276317691e-06 3.440910902165212408e-06 2.031287375733464868e-06 1.466352703935864372e-06 1.986486102592365018e-06 1.167027456626516891e-06 1.737362674220839065e-07 5.873746000281833623e-08 9.977565833117159148e-09 1.189724429205604265e-08
1.866930570855986303e-06 1.107833834689175572e-06 1.157302643980719812e-06 9.813343170536693870e-07 7.639819197784383817e-07 5.727874619191290934e-07 3.741724525787771055e-07 2.223149730075163558e-07 1.304430848829540917e-07 8.307945700894771435e-08 3.973503485393579167e-08
2.472786303533320993e-06 1.429753213855621289e-06 1.376117876181426504e-06 8.291140231060796264e-07 5.391003163611728748e-07 3.380885890474017592e-07 3.558258895301746973e-07 3.411392884026402953e-07 7.657445522843540641e-08 4.310852941700675196e-08 2.469212250862272065e-08
8.435456296284120925e-06 7.842499941706211581e-06 3.956649388354801303e-06 2.937227871690432229e-06 1.859078774723118586e-06 7.577806050632211869e-07 3.538459499109034976e-07 2.596215556683174334e-07 2.745573993867874107e-07 7.767927499384039817e-08 2.991923383115101623e-08
8.848886330385800065e-06 6.065809378837648185e-06 5.869197407859002453e-06 2.858405307698711450e-06 2.805189520840445513e-06 7.012233338767264239e-07 3.738292917927580161e-07 2.290414476244212533e-07 1.309254867594425727e-07 8.810265260462590827e-08 2.920816745915273081e-08
6.486677506006450593e-06 6.482860380813102573e-06 5.172135382324710736e-06 1.322526843359865703e-05 1.026523233852771739e-06 1.031792917392583304e-06 3.114858460781320773e-07 1.830998087073535714e-07 1.260471409368492458e-07 5.223654614596822897e-08 1.899489542208032460e-08
4.532233956692863134e-06 2.957426495172498178e-06 2.271326485007032920e-06 1.549901525807027265e-06 1.009981971425033719e-06 7.258211323426186867e-07 4.901252138503550715e-07 1.704392085234976175e-07 2.085699939661600004e-07 1.791305286024685680e-07 2.906311625005009910e-08
8.840504825758210879e-06 5.329047631607574847e-06 2.378693856836161212e-06 1.414989411598178083e-06 9.324463942966904524e-07 6.306266768025043612e-07 3.568294367660195053e-07 1.952854708779084387e-07 8.594143372453354437e-08 4.210806578476431917e-08 3.914433774024491076e-08
9.307334040667572547e-06 6.734209792951900484e-06 3.178634739912631692e-06 2.218562210584505413e-06 1.374560424047869376e-06 8.409792405485402835e-07 5.440816044697132078e-07 3.092307287405146009e-07 3.437910085285258881e-07 7.923615203667612071e-08 3.894290362269061877e-08
2.912715968170563620e-06 2.243581831482428728e-06 1.812682290509627059e-06 1.318389339957728851e-06 9.821164485795401957e-07 5.925960592589443746e-07 4.306445173576994435e-07 2.343278828577787259e-07 8.520315951460609874e-08 1.763515142640011846e-08 4.745696280783334491e-09
2.625530029193646639e-06 1.629305094114616542e-06 1.207300940310721847e-06 8.536086545708447452e-07 7.529848623215644826e-07 6.754765117387428095e-07 5.320429484420136532e-07 2.285883888288653476e-07 7.369911451904379756e-08 3.512551691679690111e-08 1.880061830018438831e-08
4.776449112189704020e-06 3.787806756915419336e-06 2.354607128602917519e-06 1.500811546000919084e-06 1.059586230776057737e-06 6.570804234128830908e-07 5.040187561340452105e-07 2.838684954240498465e-07 1.309860433502416415e-07 5.332968371032906570e-08 2.534569248412579229e-08
5.512228735476036835e-06 3.828932583669429641e-06 2.349347795481223080e-06 1.479138998296821905e-06 1.088809671404496022e-06 5.716047581087135664e-07 5.365132254958083834e-07 1.646976529935600304e-07 5.819654035917479932e-08 7.541791666041861260e-08 5.311324648334104208e-09
1.516502724483493118e-05 9.154432110269436715e-06 3.348484989572703404e-06 2.101921770797537986e-06 1.227454964939122161e-06 6.748062289923460228e-07 3.791783878143365854e-07 1.815062126376028985e-07 8.178891537744292517e-08 4.206782143714447514e-08 1.631593268252995080e-08
5.239289889048523156e-06 3.794672011543055342e-06 3.389152448452313023e-06 1.957238803260118651e-06 1.397886863728688768e-06 5.517291132801267027e-07 2.602598003970827375e-07 1.365592600508990723e-07 1.543469473569105063e-07 3.595716857674607341e-08 7.320034868542826853e-07
4.436929793886362173e-06 4.419316502817785025e-06 2.486485064274496976e-06 2.116087149982033719e-06 8.093775847913509431e-07 4.544433465953296419e-07 2.819264849955773152e-07 2.790716199775875847e-07 6.100686235757578252e-07 4.631309681029909043e-08 5.383996136941912279e-07
3.657448424645025566e-06 3.752083677481313359e-06 1.906511435569829088e-06 1.262858434487984791e-06 7.643582817233780033e-07 5.466108596931197434e-07 2.860178261669169128e-07 1.813401700431191278e-07 9.414798796130306144e-08 3.334942259140437790e-08 7.314003137556053708e-08
7.964819899813178561e-06 5.979835458207840277e-06 3.681444509664908172e-06 2.676255267836768331e-06 1.549940133440489929e-06 9.652231023109854329e-07 3.634960848171740051e-07 1.153656482984900125e-07 6.129268892897292748e-08 8.735052362262968375e-07 9.656377822707598627e-08
9.064046135951645030e-06 5.764831785795056308e-06 2.957562236376446515e-06 1.773079517644331545e-06 1.282952584155216869e-06 9.240071309879553988e-07 6.724261238487791172e-07 3.685495506510203219e-07 1.625664461275244411e-07 6.620246948463332209e-08 1.031558021596416334e-07
2.934500317033441930e-06 3.027722955109665126e-06 3.025792965457421191e-06 1.287276457354080295e-06 9.471646990643404818e-07 8.551516157219987211e-07 3.818835599310883894e-07 1.888073909876458326e-07 1.031463683826003626e-07 9.017171506226718547e-08 5.563947420628044928e-07
8.410132613738340612e-06 5.591500951786970175e-06 2.729527757565752020e-06 1.679613290039674083e-06 1.154747053913844832e-06 7.103119977026166922e-07 3.691785790589626597e-07 2.303168468220337037e-07 1.818161355987785009e-07 2.893371658113856666e-08 9.940296311153883861e-09
5.563727002852672594e-06 3.794866932187443926e-06 3.307197462535255551e-06 1.599397945723925759e-06 1.002980963379255030e-06 5.080324006844523327e-07 2.381536775696982361e-07 1.208833519451194293e-07 8.898739620106684984e-08 5.547741899029916223e-08 3.200525346869765338e-08
8.991715447435149252e-06 6.298164162284890553e-06 8.855655967605702901e-06 2.936586839106144010e-06 1.554083338198426774e-06 8.152703061632862658e-07 3.364709239939436199e-07 1.557119535408397217e-07 7.657964900561492726e-08 2.806166639837842122e-08 7.050981871021718853e-09
2.687569756860792454e-06 2.494064396427968048e-06 2.305195235970901929e-06 1.634981194056171609e-06 1.007105125362825843e-06 8.862033043968740074e-07 4.892424660393055092e-07 3.055322649563094261e-07 1.994267110287007719e-07 8.201273798863940595e-08 1.564080828909895166e-08
5.253731213838151623e-06 3.694108691410910293e-06 3.359306207392778423e-06 1.864727291617729180e-06 9.781084127812019949e-07 4.901163399017117348e-07 3.318420773699689591e-07 1.956927514704317235e-07 1.031257957949616140e-07 7.849660142308160154e-08 5.945609563519369174e-09
6.558283778951026339e-06 3.772687718788558897e-06 2.328828064054176010e-06 1.631405427867060674e-06 1.319054694622415033e-06 8.470879148561351637e-07 3.577771891499434520e-07 1.341842384777059842e-07 6.394681547551202857e-08 2.331046653222759170e-08 5.817770848965131006e-09
5.184857523124647121e-07 5.429620383129761004e-07 6.587709699174711318e-07 5.820205422372964660e-07 6.378473226607532339e-07 4.891483197278062302e-07 4.318085189326080216e-07 1.321771895951596202e-06 1.698637357743162372e-07 1.298462416471525848e-07 6.619949125963779695e-08
7.665195391571280324e-06 7.132587851627050218e-06 3.348646010479170182e-06 1.847214437737480707e-06 1.086898111845732700e-06 6.525651817432116047e-07 3.942749576332102046e-07 2.131136054674611863e-07 7.968148345585510866e-08 3.532304809012044113e-08 1.848584999409577675e-07
3.966088918472551905e-06 3.437125224727093195e-06 2.438408786756977382e-06 5.172018962486162772e-06 7.899998494996683767e-07 6.971348501200240423e-06 6.470540399038413832e-07 1.598035177197063601e-07 7.354334974995682480e-08 1.453124444236850832e-08 1.498460187985339282e-08
4.473317529655206633e-06 3.738721938834407126e-06 3.144293025753083562e-06 2.188848925348796343e-06 1.363042538821153182e-06 7.095003006094360466e-07 3.487209718435694199e-07 1.854883416077331091e-07 8.623617946542143640e-08 2.552613855646793042e-08 5.830822576587324364e-09
4.931029229827993267e-06 2.244577121360571322e-06 1.443997531504909038e-06 1.040344241862739151e-06 6.716189713732704272e-07 4.576572472702639696e-07 3.208673925884375502e-07 1.555891080032258871e-06 3.094195683094925993e-07 5.856391052377111983e-08 3.126207857720936841e-08
5.459224088768196517e-06 3.889785954038197043e-06 2.763263957053786900e-06 1.960967868656464786e-06 1.485448086461650898e-06 9.596224649982732781e-07 4.683485796460982186e-07 2.008960042900753952e-07 9.078304728748112755e-08 1.128869772737388466e-07 9.416783975047102404e-09
7.419474186424799757e-06 4.321332940300157224e-06 2.557995573838686540e-06 1.196346800857769753e-06 1.009069870401104168e-06 6.089060975137431586e-07 3.372040188188146193e-07 2.032564584033985122e-07 1.320792357664633386e-07 1.137632893556452460e-07 1.165179363021082412e-08
6.012339478205409165e-06 4.499877182287485020e-06 2.537788675828271776e-06 1.718454151648761336e-06 9.304704481503717246e-07 6.134903145817652541e-07 5.550736141281182734e-07 1.279270653475989880e-06 7.685441726695525637e-08 2.779041224329328503e-08 9.606090572996866799e-09
4.800390552135847413e-06 4.200039308146772485e-06 2.351347093110742237e-06 1.434545028488728119e-06 8.934873633974762510e-07 5.796092288597579683e-07 3.184460728023995400e-07 1.849088614179488503e-07 1.062072715457411935e-07 3.035449507396507026e-07 3.263749238996017918e-08
5.833583922775920563e-06 3.243202180986203422e-06 2.086633200026447974e-06 1.354976519668181093e-06 9.552946720427229986e-07 9.150437143280397596e-07 4.807015447610160093e-07 1.379540736482279861e-06 2.350777246561547215e-07 1.583301217571080959e-07 1.694974818186830557e-08
6.005961093221645622e-06 3.784345408794259718e-06 2.364572041433539728e-06 1.547421290908078337e-06 1.064888363361651509e-06 7.621305571795197044e-07 4.255704481914542241e-07 2.806266919324983661e-07 2.538128557398127122e-07 8.666045980121982746e-08 4.221632135040155450e-08
3.925761343157375992e-06 2.757867242901042163e-06 1.414257855213557190e-06 1.166447118367560412e-06 7.818651845299567507e-07 5.060288297616938215e-07 3.643050144987741101e-07 5.690188020220234831e-07 1.867425070174683390e-07 4.148148472770981598e-08 1.524511201254447638e-08
9.950728362134036658e-06 5.496455275730025812e-06 2.888220544587313295e-06 2.412709656889064925e-06 9.423295372599114869e-07 5.422098200206019769e-07 1.902705942705555118e-07 8.777601014266783835e-08 4.962109246670818012e-08 2.220070051976421041e-08 1.217280157758731184e-08
8.864355931018530233e-06 9.450037566776508402e-06 7.101410818494841263e-06 3.289853587689174305e-06 1.813414501269997104e-06 1.041164753422770684e-06 5.773535587474572968e-07 2.901222203052362232e-07 1.560986668049304134e-07 8.029429331597547158e-08 4.587628691797207421e-08
1.188574536957461880e-05 7.099428382294817433e-06 3.225204757011024821e-06 1.731094382858496465e-06 9.108384933321293559e-07 5.121659891617845849e-07 3.230161438138542181e-07 1.588354115272006794e-07 4.877684879075827372e-08 1.447870963950351584e-08 1.754635167765915234e-07
7.607797218880482381e-06 4.352521762816277392e-06 2.112337199803772888e-06 1.474164813772272922e-06 1.928262451245776437e-06 2.061868375969050857e-06 8.468170626274192657e-07 2.067695516031205759e-07 6.398197312080630537e-08 5.595348809493686377e-08 1.229967157419876514e-07
6.944142816292953571e-06 4.451589432221746943e-06 2.822114132312287988e-06 2.248885941686389240e-06 1.516019621316806304e-06 7.152119316050450840e-07 3.766850914061549985e-07 2.485833334762759194e-07 1.079257752867686696e-07 5.079403793652303689e-08 2.210205423466417061e-08
3.906135601124615951e-06 3.499903237511457905e-06 1.848008476190742681e-06 1.350819400340685243e-06 7.990687608839027790e-07 5.966889090607408826e-07 3.392044905786829588e-07 2.623152327262002541e-07 1.312763831582856061e-07 7.613198094436896081e-08 6.448606664072429582e-08
5.990101259529864906e-06 4.898919857502691337e-06 4.016931251291681297e-06 3.170484168521162568e-06 1.548260763722202032e-06 5.370492752628631477e-07 2.681602799606830040e-07 1.767083524265979823e-07 9.075443772408089072e-08 3.820207709294496661e-08 1.641608012548015952e-07
1.192490058139758906e-05 3.922339246923716508e-06 2.226768601024714656e-06 1.380128645354333118e-06 8.183050821842596040e-07 6.829241831953517480e-07 3.926227033820367301e-07 2.267437978985185348e-07 7.670094277429699170e-08 1.248500552258622856e-07 8.960173406090047626e-08
5.175460885375228955e-06 3.853251262508930895e-06 2.461415345580357676e-06 1.415078048355276114e-06 8.884048452969704265e-07 6.189962142676191612e-07 3.467079759090391723e-07 1.926307010170243830e-07 9.030993104226684534e-08 6.849604450221286960e-08 4.078878347474705036e-09
9.485506308198201979e-06 5.270329484430017431e-06 2.909027358588370626e-06 7.179693404854464236e-06 1.358069280779100183e-06 6.548146555866324372e-07 3.391351504234985144e-07 1.699757318379055748e-07 9.250424970571074994e-08 8.697633513293832210e-08 1.851707471188902257e-08
4.383606498328803273e-06 3.108461150222022442e-06 2.118684276438100968e-06 1.306497541976992980e-06 8.319284957575229049e-07 4.512814557277569827e-07 2.743868832328861300e-07 5.995522332464967445e-07 1.296954908530288305e-07 1.183691954817788103e-06 1.671410486027104391e-07
5.103794271388524085e-06 4.128484324277421756e-06 2.024255366302903132e-06 1.584297515682717453e-06 8.524016400213178105e-07 5.388491671880060369e-07 3.500326631947969746e-07 2.295776667289132487e-07 1.179038148338970893e-07 4.912305442504422978e-08 1.706519364285826550e-08
4.819136133853932713e-06 6.018841404919087214e-06 1.879262059698908337e-06 1.210609680016404980e-06 7.299481590974192581e-07 4.806107090792914867e-07 3.313877313771118591e-07 2.148982656178995019e-07 1.078855440243364387e-07 8.214837827241968935e-07 3.570455102502113512e-08
5.048288234749448719e-06 5.016872197108691300e-06 2.317675007029092543e-06 1.293621379239364667e-06 7.775508406697153355e-07 4.887249246302398071e-07 3.428743844816467767e-07 2.623526888871399837e-07 1.147125566847452399e-07 1.784734389294225980e-08 1.426509335274636065e-09
1.144562474780058318e-06 1.008341829666502439e-06 9.219616737886313083e-07 9.398537249325148218e-07 4.854912869578284513e-07 4.312761043695146657e-07 3.496060152996560787e-07 2.386914813802718426e-07 3.394379635964452874e-07 1.374054758795976395e-07 5.202441307437646671e-08
3.318612887497821730e-06 2.307017664731656278e-06 1.820672204732227966e-06 1.485860346189065566e-06 2.011369852501783413e-06 2.343145414946640900e-06 2.479859272519526313e-07 1.333657119734237511e-07 8.780193572321557367e-08 3.993635313977533656e-08 1.848478079510017515e-08
6.884343406199986600e-06 5.297099137095978374e-06 3.140594203252658798e-06 1.419423662296750777e-06 1.011679200122110308e-06 5.941193749609543602e-07 4.215795069133264062e-07 3.215508290666628233e-07 1.520465774211857689e-07 7.403948142228127782e-08 2.965981955250978521e-08
3.149380727861903396e-06 2.517694727834719294e-06 1.631488147212508769e-06 1.344453823422509665e-06 8.367098707626290631e-07 6.826712916816756872e-07 6.556886721410704957e-07 1.499704317579606440e-07 5.109838646972690795e-08 1.013153607004342286e-08 1.347494620559070253e-09
5.470487387100425559e-06 4.924158356782857001e-06 4.521693143126130464e-06 2.679547155332148709e-06 1.125077205023924061e-06 5.340046601435834736e-07 3.001671240039541254e-07 1.824929143628395835e-07 9.693839401490155029e-08 4.087736666953397730e-08 1.555504656357676034e-08
7.100200971260830707e-06 5.565413000667272909e-06 4.300945584559943787e-06 2.529655148168817515e-06 1.142259464491790691e-06 6.609048943590799910e-07 3.509214723881656208e-07 2.250596997854835876e-07 7.846661748292650176e-08 3.463058868582249401e-07 2.080469403541668265e-08
3.257263144676506853e-06 3.101604127439572746e-06 2.336340073106737555e-06 1.687509584394007091e-06 1.033078455607316896e-06 5.843853136899704323e-07 3.141881648249540211e-07 1.684995948248326799e-07 1.314186558396767172e-07 3.579060455190879356e-08 1.036870550319975249e-07
8.342493188637729859e-06 6.093008307019062162e-06 4.425845564126894586e-06 2.526767083842503247e-06 1.273905992496404211e-06 7.852210141278080720e-07 5.097693591975527487e-07 1.548030807129170977e-07 9.677140092296106856e-08 1.778562722701372847e-08 3.962157096892741318e-09
2.447859390298811374e-06 2.596583091265503341e-06 2.590946759674855652e-06 9.125873565725569355e-07 5.403319101485108839e-07 4.269146487313563859e-07 3.354641553913390140e-07 1.013384901649046834e-07 6.401359040740977322e-08 4.228006398666092445e-08 2.614655493552580046e-08
6.468607607520515676e-06 4.117728092714154046e-06 2.818234716968901624e-06 1.673553094864933560e-06 8.424029624243117554e-07 4.880031598092041912e-07 3.200529985832929668e-07 1.991815815588422741e-07 1.423463713243091612e-07 8.735684592405690848e-08 5.794673302054776887e-08
1.123808655325715058e-05 5.917032174303213532e-06 2.969486306749459189e-06 1.636950036236897303e-06 8.810800369010324860e-07 6.123642999493922627e-07 5.002859734368933922e-07 1.498240376292410903e-07 6.869421464741772344e-08 2.771750992241392915e-08 1.150336245462091982e-08
4.149074797459733656e-06 4.460297525850194615e-06 4.024736509188676551e-06 1.643764193575427875e-06 1.265344397857882158e-06 2.180962242609127646e-06 8.583955634912484132e-07 3.580751187907006635e-07 5.365492759292603390e-08 9.603922218748039505e-08 1.376581876560075699e-08
3.190921466251448889e-06 2.000759978215510014e-06 1.600147454227402638e-06 2.012218035421368683e-06 8.517036629474658350e-07 5.022661539088208028e-07 3.901666622429469102e-07 3.424170202006304023e-07 2.458969855316624309e-07 1.241023026101816427e-07 1.576406108339877035e-07
2.331496138290075121e-06 1.868572148157385464e-06 2.250061470326084872e-06 1.022708165811082584e-06 7.250939259408964139e-07 6.562297247739330496e-07 1.883662201790237970e-06 4.281792743351342767e-07 1.861360033108551402e-07 9.851898315358502132e-08 1.257716953311275317e-06
1.281684442587167181e-05 6.005599955786978827e-06 3.667421125081889138e-06 2.052357461513315721e-06 1.160422549979604078e-06 6.979408621323614099e-07 3.736617412995962297e-07 1.893453918188416738e-07 1.220750854502286140e-07 4.739376613767333282e-08 3.796569953130647583e-08
3.546774317955895717e-06 2.631988573498052736e-06 2.114527665495699479e-06 1.778829151402870884e-06 1.129353430603037893e-06 7.885106755875230407e-07 4.989138652016727246e-07 5.366680999048588147e-07 1.728179124710997662e-06 1.766565733344768246e-07 9.311780639218797883e-08
2.477337335146726430e-06 2.711613775992855706e-06 1.778159582146204770e-06 1.175070884033256026e-06 8.101923411310553191e-07 4.755304023768309818e-07 3.020408451134266234e-07 3.118210158971392060e-07 1.336861394683680045e-07 1.026634405393596563e-07 4.997063084200414484e-08
1.287431696447611875e-05 7.378109735825134586e-06 3.641874952997357582e-06 1.710084823995544130e-06 9.894395737866294237e-07 6.133846052741714157e-07 3.528954395095948358e-07 2.528994492442267115e-07 1.361494351958043714e-07 5.518418029316092620e-08 1.581713494594263389e-08
8.163653949235794491e-06 4.238199837838272586e-06 4.103033913777845630e-06 2.229658916370164469e-06 9.561724401363486160e-07 5.829598069733822692e-07 3.259666981903414715e-07 1.685506180423515173e-07 5.613566990352219414e-08 1.936638435858872095e-08 1.205055567534792547e-08
8.438998948580357334e-06 4.570164416931332605e-06 3.454284185348578012e-06 1.752238242788170035e-06 9.865856476370072444e-07 5.997562712305013199e-07 3.652160416346844039e-07 2.295549555134233452e-07 1.008062494378046748e-07 9.649079743474363567e-08 1.250653461660762938e-07
4.012014461009952346e-06 3.035979019750257362e-06 2.204071401250202643e-06 1.417003747468405074e-06 2.199654573604446680e-06 9.410383060691632152e-07 3.363290328560456728e-07 1.608557705431001689e-07 6.575401413051524923e-08 1.792970334962038331e-08 4.299573793538286163e-09
7.049606790599846375e-06 6.115492235780589180e-06 3.102669806550396834e-06 2.640009391465416654e-06 1.624940781113596771e-06 6.826132233161518059e-07 4.287328921926825357e-07 1.835600512807265813e-07 6.123638415469669421e-08 1.717705365654192690e-08 4.526100515855556043e-09
2.868293639656181213e-06 2.965378949832058458e-06 2.195718146087005499e-06 1.510493920342525248e-06 8.008835396479653108e-07 5.569911816184091290e-07 4.722949114055492402e-07 2.110094596437483531e-07 1.276031697021038485e-07 6.026567841817217125e-07 1.223512246715143965e-08
3.849242643703111172e-06 2.577593910904249848e-06 1.568257705181032410e-06 1.133027756703271009e-06 1.148719266084627184e-06 4.344217563863592573e-06 1.170053669631186923e-06 2.848905678264973721e-07 2.341137892290712495e-07 6.789875156919454821e-08 5.926763801646437709e-08
3.441747525898128026e-06 2.300868088342594475e-06 2.603154257800692089e-06 1.529875281227284317e-06 7.311649914173200471e-07 4.981084390319652832e-07 3.242466851183234623e-07 8.928676446123277449e-07 1.716283880853818058e-07 5.733873626974236229e-07 1.334667289271282828e-07
1.003238283544623259e-05 5.193770561277434183e-06 3.517355377319620051e-06 2.086593362216214389e-06 1.639734860575596137e-06 1.182821127268115585e-06 4.393506475459684711e-07 1.877688278852964694e-07 8.453509027223338939e-08 1.097550961685206558e-07 1.983320673897242368e-08
3.411181647119425368e-06 2.809958792765376227e-06 1.892603694582910869e-06 1.280012444669222583e-06 1.215093126791996843e-06 7.812529743373062273e-07 5.912860284924085092e-07 3.490278422186503351e-07 1.543948959207144012e-07 5.802166058418753206e-08 1.359388252053997467e-08
2.381585616757963315e-06 3.269362743850017089e-06 2.639207544992012289e-06 2.034476547652060692e-06 8.402281062195417406e-07 4.714500637398097661e-07 3.276055228550350415e-07 3.094798183038099302e-07 1.848333210027518491e-07 1.068025513941556045e-07 5.340098380102822620e-08
2.315246338614499997e-06 1.489243028157032165e-06 8.293691865245256619e-07 5.308710124446900275e-07 9.282451421604140877e-07 4.204475574801415410e-07 2.177280936239162061e-07 1.182668842942435217e-07 2.762680861453237655e-07 8.506256524416777778e-08 9.631825026269985332e-08
5.253466621477554333e-06 4.632680572686121211e-06 4.080540308362886956e-06 1.956967894265817008e-06 9.895465951211279878e-07 6.667982869237009084e-07 3.424446739143298723e-07 2.221641326023852738e-07 6.238130539862086753e-08 1.747435090812026252e-08 2.439993333216845964e-09
4.759223618606218957e-06 2.542273517112498429e-06 2.125198237942122410e-06 1.577873431293995433e-06 1.083112932942935034e-06 6.288770983734715025e-07 2.955231100183374633e-07 1.584403981182434659e-07 7.219642762917995820e-08 2.967522450307173500e-08 1.287733463912625762e-08
7.479603540785729001e-06 1.458081629420428003e-05 2.828028301688244263e-06 2.229728342877583430e-06 1.245774115203932727e-06 8.661413177121018810e-07 4.661727614183187698e-07 2.685720226184668287e-07 1.132522248396665193e-07 1.092113270819412321e-07 1.776429633199651037e-08
1.100638283353601523e-05 5.042367878683715617e-06 2.154853229005497207e-06 1.416140691547181582e-06 1.232373209045813005e-06 6.680379964569984964e-07 4.058236828923676654e-07 2.066882940723013944e-07 1.037755821937538051e-07 4.316935092980243932e-08 1.569794933591804309e-08
6.037292058132937142e-06 4.870011084974883186e-06 2.999748948553657104e-06 2.002436733694724813e-06 1.210996656829140300e-06 7.300783677225499039e-07 4.993753467559132400e-07 2.966312812116072710e-07 1.882982334783163632e-07 1.430569549623003939e-07 6.761889226996169237e-08
3.331859221318277724e-06 3.804326151961390270e-06 1.914708354798792391e-06 1.550667299638342979e-06 1.026167223386222269e-06 6.421830636476692815e-07 3.838357930735259673e-07 1.958786720724820697e-07 1.240576589917993632e-07 6.658911119955657555e-08 1.360410416636821410e-07
9.061592205444427367e-06 8.112073241663962482e-06 3.994556515683806059e-06 2.046371092940335073e-06 7.283524901835748171e-07 3.901908510347008672e-07 3.586830647154500618e-07 9.164543019857972350e-08 4.651857745188188849e-08 4.289875870567102458e-07 1.092254649783705567e-07
4.688128838001719324e-06 4.638168251128819354e-06 1.787983552760548257e-06 1.255033311530049583e-06 9.938150973194281319e-07 1.129832664288089116e-06 3.265273946609988589e-07 1.180521927690061901e-07 5.153680455640729793e-08 2.358270808995641079e-08 1.314110056990451769e-07
3.953174184720238956e-06 2.664845209286828095e-06 2.223161240528646558e-06 1.594894186313516805e-06 9.959246606033197077e-07 7.127633981494417871e-07 4.425934310650869115e-07 2.055930116346501232e-07 8.329463828217472226e-08 2.526970421413312420e-08 2.899116000484908764e-08
7.498504256593971324e-06 4.304569851883178649e-06 3.115191948722004806e-06 2.434144560102843758e-06 1.022482826139286854e-06 6.146299285916775496e-07 3.598711859094535742e-07 1.898041496132513588e-07 1.203600601504164877e-07 6.633146151539444667e-07 9.532344391740051863e-08
4.566872836389511054e-06 3.675352854112872086e-06 2.464304246815321524e-06 1.324990946721697692e-06 7.130811036509026347e-07 5.479009588874798924e-07 3.134666884848426287e-07 4.037728129090449223e-07 2.257327059738607201e-06 1.695803363046766278e-07 7.858172517168385425e-08
6.803250342755812805e-06 3.383960192663786829e-06 2.212811497607197584e-06 2.204205927739257333e-06 1.475243300054419564e-06 9.072317940586673029e-07 5.394669266009732299e-07 2.600445737549037244e-07 2.495255988382321737e-07 4.725187624907235958e-08 1.014233932099385360e-08
6.408519377312802509e-06 3.764913367573176230e-06 1.499068684099165409e-06 9.090423219802770478e-07 8.540014918874851293e-07 4.847060986140174500e-07 2.883402281300059318e-07 1.118599042150017969e-07 5.802392738992417648e-08 9.552336635517411525e-08 7.225478406736436961e-09
7.563668327500049379e-06 5.359214379663711340e-06 4.784108871113519524e-06 5.191097428718572496e-06 1.383344052497076288e-06 4.146330730412986576e-07 1.591703144430793508e-07 7.730377529675450532e-08 1.223930966930089331e-07 1.258779826941622126e-07 1.423145916192985965e-07
1.130458423410630806e-05 6.719077291158880158e-06 4.716462765780666222e-06 2.653059043613778110e-06 1.471886433207952794e-06 1.051850526350558073e-06 4.692702838655444158e-07 2.099243364994997185e-07 1.985703751752482790e-07 3.644001664088277582e-08 9.702910682690571285e-09
4.733375810508038919e-06 3.312268576608603730e-06 2.529259221707267705e-06 1.841766449134832866e-06 1.080443125512762736e-06 8.093168687268961644e-07 2.956529710585269246e-06 5.765415837475401112e-07 2.368937411943565707e-07 1.364638242066053851e-07 8.357763454097150642e-08
4.084231693320841137e-06 3.324971132893093147e-06 1.689767825505094397e-06 1.733460650100718346e-06 9.288982630226238912e-07 6.881925778620989117e-07 4.477086673289340339e-07 2.087711200910376146e-07 1.254310786432876140e-07 4.804086667461568853e-08 1.524667798241555042e-08
6.348226899353338850e-06 5.759655714890363940e-06 4.071368058711987583e-06 2.600294701316047110e-06 1.248380917836524554e-06 6.211734426370785614e-07 3.900899423203274482e-07 1.792500878521921637e-07 1.105022222064668919e-07 6.162096930271721370e-08 4.257189148880010269e-08
6.685452432485435443e-06 4.913425715125751827e-06 2.816744324197867238e-06 2.011667895578351397e-06 1.013096351898428455e-06 6.004823950790494492e-07 3.712678456571176055e-07 2.063488570936004240e-07 9.984404324016818612e-08 3.949377305020405960e-08 2.533084310802919563e-08
8.811944193283324873e-06 6.285636143735460007e-06 4.217090639898527746e-06 2.394742805513282351e-06 1.200356333164993835e-06 8.161897160100362622e-07 3.942931211076519165e-07 2.978650958796688103e-07 1.285777325487900878e-07 5.153268924956514783e-08 8.943592877573337766e-08
4.909166080549903245e-06 2.142228940258368295e-06 1.677872460168340498e-06 1.693928027906469161e-06 1.764341964331406894e-06 5.837687626241868387e-07 3.509193157673413066e-07 2.236823753028689267e-07 1.114717367869949367e-07 9.546939870687503206e-07 9.300989464255294329e-08
8.850434762081450368e-06 6.827333046369630423e-06 3.942407909666883798e-06 2.336493843950650697e-06 1.275832685418417132e-06 6.027225693034747409e-07 3.601187877027706550e-07 1.755880920042716003e-07 3.208255393110109757e-07 5.049422305356847156e-08 1.567085636836810951e-08
3.859282700148118083e-06 3.578753454108588641e-06 3.344374754220628593e-06 1.596636262489235565e-06 1.033258825457019328e-06 5.197377337285496106e-07 2.422152073706126339e-07 1.002396062544035165e-07 3.981039357912511475e-08 3.299636672965295445e-07 2.794450607861285829e-07
3.306394171531541489e-06 2.806687297885852186e-06 1.472025134253297537e-06 1.452223935829818005e-06 1.160713659128964214e-06 8.385056742876387699e-07 4.081906818162676383e-07 2.610776736559383259e-07 1.169594967318516018e-07 7.402355450858831875e-08 4.071602095673516064e-08
6.278437593131883236e-06 3.338384455184035405e-06 2.400154184660329673e-06 1.592522091136696278e-06 1.041921565863889023e-06 6.460791413171232921e-07 3.621425012448237615e-07 2.032958837413262747e-07 1.249868256959765126e-07 4.902387852889012208e-08 8.676893745504900626e-08
3.808156843787383257e-06 2.380123917507048032e-06 1.661418992270652180e-06 9.621490636104516278e-07 8.011460968768817234e-07 3.678412668822267197e-07 2.025530518116984123e-07 1.498343703770250676e-07 4.689373947753927125e-08 8.943888567417380265e-08 3.206462625422633945e-07
8.616301654378522354e-06 5.469483261898290354e-06 5.877902427059859495e-06 1.935847418627499812e-06 1.297530119514892860e-06 7.928804147617183690e-07 3.595902410876625432e-07 1.622846442279886381e-07 9.421888155775132683e-08 4.223623731301398595e-08 4.357928479414219224e-08
1.227867064221200460e-05 6.408058961841658734e-06 3.563059219410175079e-06 1.834397957550380266e-06 1.220873421991282309e-06 8.096836711275742895e-07 4.957663458009382361e-07 3.151100794826919847e-07 3.102952086556036074e-07 1.321432312672834286e-07 6.789338601942203716e-08
8.641047630964184513e-06 8.336318137197269907e-06 4.922732864303608897e-06 1.479858779848863897e-06 7.486132047025423152e-07 4.462708827979443258e-07 2.585958761418472824e-07 1.603381456132820420e-07 1.173777181018795645e-07 6.144271317157782029e-08 3.618727839215144676e-08
7.934458159273800393e-06 1.648318884786428859e-05 6.861724789654734357e-06 3.358110243830165212e-06 2.208995188187625271e-06 1.380641144793024989e-06 6.343425211597736947e-07 2.725202972300678861e-07 1.657523505636820431e-07 5.148763211172770822e-08 5.313954394928137270e-08
6.700428711385811552e-06 3.930015337222492376e-06 2.844863215905358935e-06 2.098301877348312040e-06 1.209445152237083791e-06 6.733087071350668217e-07 4.404120811223477576e-07 2.848165265899377250e-07 1.859725756803854226e-07 5.413319135785613763e-08 7.118904802786944048e-08
1.495530610356678998e-05 1.458818270180925631e-05 4.730226077019136680e-06 1.425004030492406850e-06 9.992410626249796410e-07 5.435633479632123003e-07 3.201311010385345650e-07 1.972176991869301720e-07 1.183806958514989402e-07 6.735013555796765870e-08 4.106061679966132892e-08
7.274409576589362327e-06 7.195423345282610899e-06 5.924671009001537762e-06 3.373356879691421276e-06 2.370414234344941847e-06 9.069604980781355300e-07 4.698246384423060967e-07 2.526787650260024062e-07 1.303484055834050171e-07 5.669285768744683223e-08 2.047419856864546313e-08
3.478729179195125377e-06 2.672243764606673744e-06 1.980582338033614743e-06 1.663701552539923543e-06 1.100156355279109888e-06 8.624966647875492870e-07 5.753361355296335265e-07 2.917776871511174640e-07 1.422176988638981406e-07 6.679323180123063205e-08 9.831002279381917297e-08
7.171058860426710733e-06 5.281136038986299353e-06 3.140607045565913814e-06 1.949067364520605391e-06 1.042058840640367631e-06 5.777742762660938830e-07 3.410991031142431244e-07 1.782853988772906309e-07 8.447619669311626551e-08 4.390569279303861098e-08 6.210773253401437993e-08
3.108743385892761847e-06 2.634142459082227286e-06 2.143247195006234447e-06 1.374392695080375799e-06 1.082759656102377919e-06 7.507846106086094224e-07 4.056747513975197434e-07 4.463448068046261652e-07 2.919905554890659291e-07 1.690338808672975139e-07 1.337090197762600747e-07
3.132914301391871533e-06 3.091490852957719213e-06 2.240285484971453863e-06 1.525078557990750353e-06 7.259508272709063832e-07 8.394310476988018964e-07 3.370650129979529879e-07 2.171172004112924893e-06 6.293231558073849063e-07 4.877388366555389792e-08 4.283354109949385239e-09
7.018933723340696429e-06 4.549319677599314690e-06 2.351265767794663290e-06 1.502138778600674729e-06 1.085876983246640848e-06 6.124197819436205646e-07 3.548404911364776020e-07 2.486345090963632541e-07 7.974291245783229279e-08 3.605648662221335070e-07 4.130915059833171026e-08
2.257329165476062367e-06 4.257765422607272918e-06 4.236980322027121813e-06 2.338008771158543019e-06 1.372285869079128146e-05 9.284420759253285740e-07 3.600796851451366085e-07 9.677555488542784160e-08 2.107696624187093951e-08 1.274409683121401106e-07 1.406688877019005065e-08
2.988417595177791401e-07 1.566054327747381530e-07 2.878587315427949524e-07 3.531281092719610066e-07 2.531119487751610306e-07 2.273709355967042520e-07 5.974743710197115580e-08 3.093900336389174090e-08 1.990124230436387087e-08 6.408486533844222588e-08 1.635353922705479159e-07
4.469488579652843354e-06 2.322814413270904112e-06 1.490629474834300929e-06 1.021045931601024203e-06 6.765263653755867236e-07 4.197033322457104370e-07 2.378169143216178248e-07 1.419478828265617395e-07 1.458268735580371793e-07 3.093386464036784072e-08 3.361656111032573272e-09
4.927114520241256117e-06 3.417817014625979169e-06 2.638548406487492727e-06 1.634570338658600899e-06 1.154875054610695171e-06 6.434044304194637719e-07 4.571971237476019041e-07 2.149227286259482598e-07 2.282995293895859334e-07 6.087070836251342793e-08 3.442088770525761283e-08
8.376316457863590368e-06 6.534589825411324194e-06 4.281614830780953810e-06 2.122032759238705432e-06 9.305938416813089729e-07 5.490238139057351263e-07 2.962663263453726604e-07 1.417094457925012190e-07 8.330762179186311941e-08 3.687303196508895373e-08 1.876234709163411630e-08
3.771046060616638487e-06 2.794282844079032937e-06 1.798080148242953586e-06 1.508386741597880224e-06 9.723178328826967247e-07 6.275201767753548488e-07 4.600114817819346801e-07 1.445855147443763714e-07 7.538282195377241948e-08 2.335297337999724170e-07 2.788493130686685192e-07
4.114016272798289237e-06 2.576597974989516263e-06 2.167373018542657535e-06 7.434371718629121470e-06 2.006189769423890018e-06 8.553909775931480386e-07 6.964091576839111169e-07 1.935547923517769139e-07 6.524692615290351378e-08 2.712310023346193360e-08 2.216454003616565579e-08
1.048844518199582077e-05 6.019570961247636800e-06 3.136463440652586688e-06 1.556902599084377481e-06 1.187125046870569709e-06 6.015556105709322927e-07 3.598690359394053304e-07 2.998959196426296545e-07 2.177608851797128562e-07 1.774728304672377294e-07 2.027820730737228318e-08
7.207504270369183179e-06 3.654258744963659382e-06 2.021198049701065278e-06 1.201987187507954110e-06 7.060376350898297880e-07 4.186552921510645537e-07 2.813401473828233769e-07 1.396089508342650574e-07 5.647218292952866516e-08 1.917272778339212403e-08 7.403662678204451450e-09
5.273915144686347733e-06 3.467844555847791904e-06 2.715751741151071362e-06 1.593153160026487538e-06 1.204113857245821682e-06 1.993143277986903704e-06 1.507053528433110523e-06 2.822807203359986224e-07 2.479172281854839785e-07 2.918863199770157875e-08 4.578378951983568086e-09
5.190423246727889440e-06 3.275669997286170655e-06 2.220767918604402336e-06 1.454529949621069031e-06 1.117750823998259385e-06 9.375711642757929063e-07 4.998588632707330469e-07 2.647904509876528790e-07 1.493781151899314381e-07 5.840119607763858756e-08 2.287247662216477202e-08
4.301397114901817691e-06 2.236844762043596230e-06 1.512091774959330576e-06 1.273648953789068140e-06 8.313477006994072916e-07 5.830327509603885840e-07 3.569244260856436706e-07 2.057950808332486473e-07 7.407562942320033039e-08 3.310274803154832554e-08 1.586577465982446688e-08
4.836363629551131377e-06 3.629075158276945469e-06 2.746359604922047114e-06 1.571849362750022739e-06 6.667722212270612015e-07 4.255044051800877640e-07 5.492288426278756494e-07 1.878639751104072387e-06 1.093909545192844491e-07 2.467972596646120633e-08 2.441445116420787869e-07
5.150871149708853443e-06 2.997778934179174089e-06 1.604031720425470674e-06 1.183721197385685562e-06 9.016193081111816777e-07 5.566778476788563599e-07 3.376157449687462298e-07 1.907363794647428574e-07 9.624979183286120046e-08 4.472880219839254605e-08 2.949552125946189930e-08
4.534688676342585835e-06 2.985544283704279795e-06 1.487334484141358236e-06 1.229412058612778729e-06 9.839460963652651105e-07 1.445347525966920380e-06 2.765861629999139417e-06 1.096652337405046096e-06 2.621969144497227541e-07 8.124776015662408500e-08 2.354684246369357395e-08
3.357335532183536962e-06 3.062572540931793452e-06 2.006450036000859098e-06 1.269892570399684622e-06 1.071096128205751647e-06 1.128150760520788842e-06 1.429722084577997823e-06 2.165998663889474552e-07 9.719411155951236031e-08 2.609483256206373949e-08 6.852342294413040004e-09
3.689215371237268897e-06 2.549707687994179464e-06 1.859423158341225824e-06 1.136797015006901558e-06 1.207446161692499753e-06 9.443736207450519087e-07 6.281611018272869201e-07 1.373998424690603057e-07 5.210199207835023301e-08 1.795858435996007305e-08 1.103665939879057306e-08
8.743275598654783994e-06 8.349945464298463122e-06 4.818467147978405270e-06 2.142965411624171863e-06 1.766467224620825232e-06 6.997067657768342724e-07 2.887142268015602213e-07 1.483459669656113191e-07 3.910127047144985163e-07 2.562296703460715228e-08 5.610756111786174534e-09
4.161785631001579484e-06 2.491906064132354186e-06 1.692666879180813513e-06 9.936310005060669402e-07 8.218106234094446177e-07 5.578705771529666136e-07 3.304205879657951475e-07 2.071230229231443847e-07 1.225379043073856668e-07 5.900353218342573897e-08 2.568870293135005475e-08
6.769045286337925555e-06 3.046139488744925277e-06 2.019245082874336558e-06 1.376634754055531215e-06 8.714231222480831916e-07 5.782149467769458768e-07 3.612127720773686115e-07 2.521669374633622473e-07 2.602485023521221675e-07 3.126629659798336884e-08 7.477311396432083537e-09
2.609494225937408692e-06 2.403587578073246533e-06 1.636963155540731459e-06 1.079457320876083185e-06 7.708861065143478390e-07 4.644241247859888213e-07 3.159862873045928263e-07 1.724719223967243905e-07 5.106520293770444195e-08 1.281509191198149490e-08 3.378720667560154247e-09
1.679660808282578569e-06 1.103254411443214644e-06 7.135289377866272884e-07 5.021612100952647764e-07 1.024053977142130953e-06 3.614024787358979193e-06 2.581638770072740661e-07 1.119466374812142370e-07 5.599784098702791723e-08 2.676505915260554608e-08 1.952598733329592535e-08
3.375746342498158183e-06 2.888692393524589752e-06 1.786402065105842413e-06 1.478251015871011359e-06 1.023576045591248966e-06 7.336383966150184487e-07 7.888721233290276927e-07 1.469722044538132801e-07 5.767612459954715148e-08 5.371634447612652231e-07 2.657776886296212080e-07
4.102661963631805156e-06 2.705161177981118309e-06 2.820388102864587667e-06 2.774769286196657189e-06 1.267358565698556406e-06 6.559731217996313515e-07 3.881139263201850185e-07 2.802360646299554389e-07 1.107844081689218672e-07 5.035670076352561262e-08 2.449585783075239881e-08
3.004966461090883056e-06 2.450289615790835050e-06 1.655340215652644958e-06 1.629903234313332875e-06 3.966877475618677744e-06 1.229369462929677538e-06 4.102357396282159625e-07 1.496076214573688339e-07 8.085139036590776350e-08 2.563526387721927785e-08 2.365555797250673486e-09
4.250707098048216436e-06 3.391452580107719708e-06 2.022219724236113680e-06 1.045758515169858668e-06 8.078684837292624888e-07 5.698124315126507257e-07 3.366374647544751568e-07 2.137051609290447070e-07 8.017603834687979951e-08 1.601835144986013891e-08 7.088243924153559075e-08
5.685783655037227468e-06 2.979424864659036310e-06 2.048830452111322266e-06 2.646603679931314525e-06 4.717420008176805086e-06 1.069324226516682765e-06 8.826125881478574934e-07 5.733431695307880929e-07 3.967916741615815724e-07 3.527459164113472446e-08 1.265199869445159603e-08
8.123462282239892856e-06 6.595726927888975654e-06 2.657245783491619091e-06 1.413988992756257929e-06 8.875044530040665320e-07 5.948496720224833092e-07 2.486995822925189267e-07 1.513457890823805051e-07 6.001799373096593121e-07 2.405791674109208060e-08 6.702531266593325805e-09
6.079943944563573550e-06 3.325149294995881226e-06 1.632403522742097315e-06 1.096358940375085166e-06 5.947060768379773340e-07 3.916636571457851490e-07 3.583026945975518375e-07 3.226325210196171878e-07 1.036120821415670067e-07 5.080907584960401648e-07 1.176973001271803970e-07
2.491862140842815684e-06 1.365188484051006859e-06 1.612206167459469873e-06 6.068233734575386472e-07 4.162184362540239585e-07 4.218163063014500742e-07 2.995420618861405703e-07 1.998292679145589147e-07 1.299510641699200674e-07 1.299772039029962238e-07 1.038191137908235527e-06
2.382578217180081251e-06 3.033258939282754904e-06 1.971325154018883390e-06 2.078416452996278716e-06 8.040387998204133252e-07 5.454058820731938663e-07 3.587982417559017662e-07 1.795320998505972463e-07 5.717919086474547791e-08 1.179555101328674842e-08 1.145765703730262023e-08
5.849159074330110157e-06 4.467035641105493480e-06 2.232260645482473424e-06 1.601941203666829791e-06 1.245828174164811356e-06 1.074514349288294762e-06 4.408698166043100685e-07 2.455077251650596549e-07 1.795302014635861429e-07 9.439281988567569754e-08 4.992564908112151380e-08
1.080040945123021471e-05 5.091436084006416378e-06 2.108243062977293618e-06 1.240761434173451504e-06 1.020663768153390989e-06 7.062624862057799751e-07 3.823860378875914744e-07 1.788096119890199051e-07 1.610046157548537773e-07 9.264346487658229396e-08 6.985611221786815970e-08
7.483275642643223630e-06 3.189467083236491855e-06 2.043691932994188377e-06 1.365501576516898353e-06 1.051018029095150858e-06 7.188949040746986200e-07 4.941244416822005439e-07 3.457463395970310041e-07 1.630157649717704597e-07 9.195017453336201773e-08 3.489301501892080524e-08
5.965101435108052693e-06 2.954604483267832993e-06 1.919992835917857808e-06 1.528087743566271316e-06 1.003600374417322857e-06 8.388921683657777243e-07 4.215402761180930126e-07 2.116666549146763641e-07 1.086427706135918862e-07 3.039761225499721540e-07 1.979624605387423331e-08
1.079768715256987949e-05 6.336355445920380987e-06 3.959840980953692794e-06 2.029375015538345448e-06 1.074271335521373683e-06 5.459562059665292827e-07 3.595220192639655337e-07 1.966439607452524204e-07 8.818122953688109764e-08 4.913971823669199966e-08 5.636411906863862258e-08
8.301559146111585675e-06 5.178963661343415202e-06 3.582751585457957101e-06 3.799432389224479467e-06 1.391014579524419856e-06 7.825147956626515700e-07 3.550919018212794390e-07 2.192224872046610228e-07 9.004998579028457291e-08 2.603100266194798435e-07 5.381310946707521426e-08
9.355849852573323841e-06 5.221466301923106192e-06 2.337859068637343858e-06 1.520365116166114351e-06 9.709210949220361921e-07 6.843952912076016659e-07 3.634466735260723545e-07 2.292339249827661807e-07 1.860440067580368533e-07 3.045359232316245806e-07 5.409032537220196466e-08
3.011051820103665389e-06 2.203232475021197100e-06 1.365138305642142665e-06 9.305558214234404232e-07 5.336654882155458816e-07 5.644687485438308163e-07 4.660114925222095111e-07 1.266036605222203469e-07 6.802380209488682503e-08 3.613741854173239745e-08 4.678575647924345398e-09
5.016713645382580240e-06 4.144344175910256455e-06 2.942027425946335507e-06 1.754158367182260882e-06 1.042001243502334685e-06 6.269893522411464784e-07 4.141799585458710977e-07 2.217056452904348354e-07 1.211574235196751777e-07 5.266755791220962446e-08 9.392774546918409997e-09
5.812826959633069591e-06 5.483500773457508163e-06 5.266886809381553012e-06 2.995370449839033993e-06 1.648078217058757420e-06 6.507077523589328910e-07 4.038277378741791689e-07 3.070240855040730135e-07 1.166395343832599039e-07 4.131749454486233818e-08 8.008949833191853249e-08
4.691366225109012583e-06 1.962531792026681935e-06 1.442804387159854289e-06 1.009701172472276625e-06 6.465686223776477101e-07 4.161989229588252970e-07 2.511015769979214026e-07 1.687930028479423980e-07 1.022884469700809064e-07 4.818175262650306350e-08 2.216539277536184619e-08
7.895604594337462786e-06 3.560687656228309436e-06 2.520920238166255429e-06 1.602919023726764022e-06 8.834938125777955737e-07 6.745830059259806972e-07 4.518803223442376810e-07 2.286121282556829273e-07 1.039759467696565339e-07 1.596399082720516327e-07 3.532252611532702233e-08
1.235234028449665555e-05 8.660819903684744013e-06 5.386102015088072142e-06 3.013407177690391474e-06 1.538458473112910544e-06 8.398148467673992012e-07 4.945100771033215161e-07 3.426711589054300481e-07 2.288443269759661839e-07 8.027507150341849639e-08 2.644968409714033289e-08
9.848468753920246524e-06 7.346362730441939219e-06 4.282273873143656838e-06 4.140990055567044366e-06 2.668248381728674265e-06 2.070749706933592967e-06 5.030167766252639110e-07 1.911273260893028750e-07 6.975535244536331745e-08 1.809906972205398462e-08 6.529389422567467531e-09
1.431611728033299579e-05 1.012652796558588682e-05 4.796489474480822788e-06 2.813823041134716037e-06 1.446382974665705958e-06 8.532092023884350873e-07 4.783351325168121802e-07 2.194778639335161040e-07 1.163854301518955508e-07 6.878639828944490165e-08 5.410269378871287219e-08
8.726231952921682233e-06 5.087759613641189274e-06 3.059559793592314098e-06 1.774542208715899458e-06 1.134153945883395640e-06 5.742932296690495699e-07 3.229849247297924888e-07 1.600140071667477976e-07 1.391678493294577272e-07 2.063114252694149954e-08 5.627472908984135089e-09
2.805819881464645329e-06 5.769534067886219660e-06 1.558432681719225805e-05 1.668833396007776642e-06 9.297060861844037525e-07 5.306561173303617073e-07 2.655880704676524734e-07 1.357966398107676244e-07 5.812806022303654871e-08 1.968051328843358118e-08 6.773833989872560580e-09
6.010987009731160869e-06 3.680986401937484316e-06 1.822678181421029882e-06 1.338143503115789713e-06 1.386591406268595361e-06 1.233410869312852950e-06 4.077432081612496759e-07 1.694872221567118938e-07 7.744594338743800105e-08 2.564135419300838312e-08 4.622648245175363009e-09
7.486204708057681387e-06 3.589915527404361063e-06 2.353865458121313205e-06 1.474621455740547396e-06 7.133885421157399213e-07 4.190580443187106984e-07 2.433720021997674773e-07 2.323597969837426077e-07 3.004574043997837600e-07 7.288912014479437654e-08 1.266653094742483992e-08
3.642514039968999826e-06 2.531846809042608638e-06 1.718461335355497580e-06 1.422925868543485763e-06 7.817440769343341712e-07 4.788050593797388535e-07 3.559309945647255388e-07 1.812579283657724884e-07 9.874841401515202794e-08 4.222974101030702955e-07 1.496101688115288283e-08
3.760654149992660209e-06 2.683181627268158291e-06 1.415449083136175046e-06 1.519981484773011392e-06 6.999860179292549260e-07 5.016811393816837188e-07 4.564301691856164136e-07 1.504756848021926649e-06 2.068929249277904853e-07 1.033207416331689892e-07 1.680461609012509103e-07
2.420131304281734142e-07 5.559039415164863306e-07 4.759768461776854349e-07 4.693950761934654352e-07 2.070744938006442154e-07 1.375308307199934184e-07 1.187861282147531635e-07 1.199220419018060912e-07 3.682904911919507473e-07 5.348350289679853281e-08 1.145340897328004862e-07
4.205690932305342627e-06 2.782338295275054178e-06 2.066298256229650160e-06 1.143608951556331572e-06 7.783799803197278783e-07 4.770332911246396318e-07 3.418832076063599451e-07 2.082957309376205810e-07 2.052954306940098653e-07 1.198323072118233384e-06 3.788716732022513750e-08
6.867759556528903420e-06 5.142926460384682745e-06 3.395632420918464946e-06 1.770722458410568290e-06 9.002576798553709152e-07 4.877614718993657237e-07 4.135816422321173112e-07 4.286397298394089907e-07 1.793758644445451392e-07 6.855318635564069763e-08 4.980570456006337384e-08
1.296754993792191164e-05 6.682239110133983613e-06 3.270637180624319032e-06 1.965646263159791997e-06 1.117280711999864261e-06 1.801631387898077557e-06 3.871474057926833751e-07 1.771872898234825195e-07 8.685366964907234288e-08 4.280442583461479953e-08 2.743652024689598445e-08
8.005090901457568623e-06 5.380799909853936896e-06 6.430879942686483780e-06 3.542238893425805681e-06 1.696637554432014595e-06 1.019621784174169013e-06 3.300707165147035874e-07 1.513024594181421666e-07 1.172815875201987482e-07 6.176454712021526556e-08 3.237215348059825499e-08
1.090339364334484786e-05 7.343201217521010731e-06 4.590619082767838027e-06 3.835913993681127384e-06 1.903884996197356867e-06 9.620466312371471198e-07 3.137080032107986312e-07 1.696591108881193385e-07 6.097927478970372678e-08 1.074020691529815320e-07 1.146251594954600410e-07
3.009398315676323479e-06 2.413985662571808615e-06 1.437474589641029072e-06 1.046945900146996789e-06 1.204769680985734816e-06 5.534051410077102034e-07 2.807945546278545074e-07 1.644611024775570752e-07 8.267320613754727952e-08 3.445641416800734454e-08 7.223059722277461562e-08
1.211943357417129249e-06 9.756645909187687137e-07 4.086676103585434665e-07 5.238621697256787093e-07 2.436778405909339338e-07 1.857514181238405987e-07 5.249153463590710539e-07 1.990141889191061915e-07 6.969509120781973440e-08 5.312487407883524943e-08 9.563997944406660932e-07
5.508440760847319358e-06 5.384917273085866458e-06 8.708572796266969470e-06 3.182588329757634277e-06 5.919054488831382188e-06 1.245634150674729912e-06 4.024462640997167493e-07 1.914253235903573893e-07 9.224307844742529469e-08 2.635541031247805281e-08 7.132387852266727327e-09
6.018502528534527677e-06 4.195384713275624965e-06 2.848100664745815653e-06 1.550577884764679592e-06 1.006157352704895612e-06 7.527401386562413436e-07 7.220309389578075211e-07 2.942156321637698308e-07 1.433018088520615039e-07 5.340094178029232348e-08 1.725037490102158891e-08
5.843132639755004018e-06 3.830484377947587168e-06 2.648305180572438697e-06 2.085212746700186052e-06 9.213631223034775408e-07 5.309313170352937088e-07 3.267229389102651415e-07 1.186993255179930569e-07 6.560860460245831965e-08 2.352404053381819814e-08 4.877412085673878089e-09
3.717487244827957215e-06 2.929250489034145515e-06 2.227233107030839583e-06 1.322903564930431896e-06 8.920217397114843539e-07 5.827557731866122946e-07 4.029427482478757708e-07 1.529881812174878469e-07 8.983380919905142335e-08 3.766209919728284590e-08 1.067747262111038743e-08
7.839344263124489918e-06 5.290759887579641682e-06 3.369958601747327841e-06 1.814919841366459971e-06 9.939202056798119656e-07 7.052391634437982691e-07 3.352996571518449144e-07 1.813668619806495202e-07 8.996922391060281438e-08 3.787784741620938274e-08 1.057468424383993287e-07
8.829778015275840638e-06 6.279462909567791383e-06 2.972443739324882098e-06 1.530258089976851859e-06 1.237697216373203654e-06 1.024907613083132162e-06 5.999879481577592335e-07 1.757020374319157011e-07 6.484726319553452447e-08 3.144675449191982824e-08 5.570840918098787535e-09
2.147021567878620855e-06 1.800962496476527292e-06 1.025955545091264196e-06 1.392971732281477725e-06 1.066025445625423206e-06 6.096417243660729278e-07 3.963271513339563890e-07 2.487141674292720458e-07 1.956133920098088916e-07 1.151339576515899481e-07 5.171724449014886719e-08
4.078059239295774610e-06 2.744088785157323231e-06 1.018961907091180022e-06 8.458019091084659105e-07 6.923765901789255738e-07 4.291807031529309431e-07 2.819755979500699033e-07 2.036382286434551098e-07 1.056567261792146385e-07 8.897462310445130863e-08 3.954730279903161032e-08
1.685204995520580171e-05 6.723519803482949417e-06 4.979495111299480443e-06 2.676848060917812498e-06 1.172382612435361825e-06 7.242419230680002480e-07 3.790817599670075991e-07 1.581973533849042720e-07 5.260120238416332342e-08 1.872106722829999704e-08 6.470299382115056996e-09
7.466643557790762154e-06 6.463595428204324014e-06 3.585118222813223647e-06 2.375330661168064986e-06 2.358910502806581789e-06 1.188358677874099515e-06 4.385851901608073858e-07 2.679218656972085107e-07 1.642051083102244421e-07 9.749289701094154328e-08 4.576228190645646757e-08
8.537014148715541071e-06 4.635339830212754526e-06 2.625315506987713906e-06 1.868679289227741262e-06 1.203783531905029181e-06 9.743864766697485348e-07 3.231103421172521331e-07 2.368093085225902832e-07 1.163350261874107553e-07 1.342775364580993109e-07 2.627915384472290550e-08
1.293419925763628515e-05 1.099092102387024823e-05 6.512343338255515720e-06 4.516904599236352858e-06 2.584980687010292463e-06 1.211290741188625268e-06 7.343872845104763119e-07 3.992579545935644583e-07 1.749622582295620602e-07 1.076098223192392649e-07 8.081772679315192563e-08
7.529089572082244694e-06 5.263452568788109501e-06 9.976641915864556382e-06 1.957515755935549136e-06 1.465815195093534638e-06 6.077367325780858698e-07 3.608981581998378867e-07 4.903747023894004479e-07 1.119783331125349863e-07 5.011156922966782593e-08 1.395666911396563198e-08
4.904167048071560194e-06 2.575281875922827296e-06 1.898194609564524294e-06 1.277397857286510587e-06 5.719173382091130394e-07 4.485778895682094767e-07 2.874031585668935952e-07 2.251791032612103072e-07 5.582693123105320603e-08 1.771670273920299622e-08 4.045758508743114028e-09
9.704612481763695147e-06 6.274383823946364385e-06 3.814937692712105290e-06 1.855239273357251913e-06 1.117331161710380423e-06 8.697650957150476716e-07 4.708109274120463699e-07 2.766470637259868759e-07 9.102542734422387641e-08 7.105139569983301622e-08 1.076668798826753112e-08
6.472572263006688542e-06 4.615103458813576546e-06 4.913714959791231913e-06 2.211999455448004186e-06 1.036436080103491071e-06 6.630215330075141545e-07 3.901070455447055718e-07 2.136807397258058820e-07 1.202607749971878226e-07 5.105933877811459724e-08 2.236518163700854078e-08
7.649006768490147410e-06 5.194159570575985634e-06 2.653688693033903829e-06 1.769332682015734183e-06 1.114289429527676486e-06 6.375500241285195902e-07 4.029023914407746963e-07 2.499737495984792832e-07 9.268762449120283852e-08 3.950068804169264641e-08 1.525146315094004770e-08
1.887567583697714142e-06 1.217632407189169061e-06 1.097689421050110411e-06 5.491961034311070729e-07 6.885205436544899026e-07 5.285862552340036690e-07 4.917154601850680770e-07 2.695031634137097481e-07 1.103609924301521583e-07 4.840649190774988803e-08 2.148374392359009433e-08
1.013999542131936755e-05 9.266777693618705286e-06 4.154985963819921154e-06 1.610558377555930784e-06 8.623256542598874735e-07 5.325735563174115075e-07 3.060052040397465893e-07 2.129331295049571394e-07 1.200451127151882687e-07 4.571697322300390251e-08 1.614543013139675827e-08
6.226617396603641230e-06 5.442888051071369276e-06 2.865221789091141865e-06 2.005882684784183110e-06 1.654126000345164707e-06 7.002960493446658112e-07 3.168655839335519326e-07 1.816182610748505538e-07 8.433451221933703474e-08 2.130302340587505999e-08 4.175713165751952447e-09
6.911516400268583992e-06 3.923041593861397743e-06 2.192599124544739361e-06 1.196478749815706485e-06 7.594106430357246189e-07 4.012499179857559135e-07 4.091604814390117141e-07 4.866437371860116898e-07 3.819051112042753458e-07 7.426753656260736813e-08 1.594290307285575364e-08
3.402973711342258379e-06 2.870388704587911778e-06 2.198755416683315532e-06 1.073816427772260959e-05 3.729095005982040675e-06 9.730448061101703461e-07 4.078532919444392111e-07 1.730343996303649941e-07 9.405948736434947702e-08 3.166593586571476473e-08 1.398125507907817686e-08
2.380689325182710147e-06 1.647485176598449438e-06 8.721676571848135677e-07 7.937407807352098111e-07 4.428919168196557101e-07 3.503240729965268813e-07 3.123923430909165817e-07 5.068082886655991214e-06 7.679727863982565303e-07 1.618241446450517735e-07 4.232877270513668578e-08
5.480467137865959041e-06 3.364966998779868639e-06 1.753101204173307515e-06 1.297917623971404249e-06 7.554741223212648250e-07 5.201337966767609997e-07 2.931634510755098481e-07 1.651945051105256986e-07 7.774435990932442831e-08 3.536939910771152404e-08 1.046380195239598902e-08
6.472940893275781541e-06 4.788730509556590452e-06 3.081020798916598572e-06 1.760528190926233600e-06 1.012726611972211213e-06 6.245677423180592853e-07 3.438961298189417241e-07 1.511658456255318053e-07 8.509693343265679896e-08 2.687933297704028749e-08 5.291578131344156610e-08
6.639998912387822747e-06 3.298954381454744984e-06 2.601306147290168438e-06 2.359100454768519505e-06 1.280500929430973057e-06 6.605004759018802308e-07 3.932488795625685927e-07 2.874271246561300082e-07 1.709020498960675222e-07 6.517135402253244826e-08 7.950157310677948035e-08
4.611082543954459258e-06 4.006806264474996778e-06 3.515698947726079349e-06 2.862173522615006248e-06 1.348018807675240885e-06 1.022211699541944294e-06 4.038939912981169223e-07 3.073267627925197530e-07 1.833607186422614941e-07 1.016644820898681487e-07 4.802567320533077316e-08
3.589486492779295534e-06 2.420810356989229931e-06 1.960466058660853437e-06 1.068835426012519794e-06 7.294896817624296127e-07 8.818414625390612140e-07 3.326787557075265368e-07 1.997845585499881826e-06 3.775039301891871919e-07 4.887074172658985319e-08 8.058745232371813600e-09
5.086034214089969625e-07 4.047003845925512495e-07 4.980789781836923517e-07 4.513441081384020497e-07 4.025201960212187081e-07 3.472138165337847801e-07 2.769509551930338573e-07 1.730890503696829953e-07 9.210331907474104249e-08 4.764518845317907231e-08 2.779261138714119414e-08
5.599806193395051152e-06 4.850955097492493620e-06 2.300043516099598253e-06 1.643793306155885302e-06 1.346582754170768899e-06 7.102775317748689383e-07 4.375553320036835506e-07 2.706788719959274890e-07 1.054617798170407950e-07 3.411332418980066113e-08 2.415825093809680821e-08
2.804412309216398563e-06 2.294291221473859474e-06 1.627264917627188904e-06 1.253997804767844956e-06 8.321100678663283936e-07 5.203637770532036467e-07 3.219252948409988435e-07 1.766034644196484966e-07 9.086484583562158068e-08 4.778406815387937846e-08 1.680584099739102670e-08
3.702107130124414231e-06 2.272612133691100880e-06 1.615126997894111882e-06 1.043905698101195443e-06 8.068328393766972114e-07 9.611160961605184007e-07 4.257412368930774295e-07 3.988538273797180017e-07 1.110624482249230241e-07 3.229360514465848605e-07 2.578823103169290559e-08
4.297146134310787155e-06 2.813780483266237800e-06 2.399180961291523871e-06 1.842466705840361046e-06 9.058944051577717569e-07 4.961624561739813938e-07 3.672858400200378873e-07 1.730539004942714289e-07 1.762784124762896414e-07 2.564727420055578863e-08 5.885927598347546069e-09
3.839655928815896928e-06 3.719680102103564779e-06 2.488314677217304765e-06 2.084296758401953968e-06 1.085376915532661779e-06 6.602981729791858527e-07 3.319437194931338311e-07 7.097792028055909180e-07 6.614013719336965179e-07 4.129946219016336985e-08 7.053546747656875367e-09
6.658674245847901944e-06 3.771447770368839090e-06 1.294939781802986466e-06 1.001382379830895472e-06 6.522939610895451419e-07 4.671447177200613826e-07 3.677231937000219638e-07 1.725027723284012246e-07 7.333761489134720373e-08 2.869285838783568914e-08 1.115556401400710666e-08
5.499152621670143440e-06 4.513825454388156336e-06 2.787649357734503351e-06 1.475894967128466716e-06 9.058819612697244890e-07 4.802597754629362933e-07 3.222475657803839729e-07 1.719151477641780290e-07 8.822054250928616884e-08 3.828761951464866846e-08 6.676699804001231700e-09
1.199124568982080256e-05 6.055340692017334615e-06 3.154283274444728419e-06 1.843008253461870919e-06 1.350406889046794889e-06 7.640026586824458883e-07 4.520662733737488185e-07 2.490321272672584166e-07 1.223034613640860858e-07 7.730114423603251170e-08 2.486670480968000713e-08
4.958686370364025071e-06 4.127438970335867392e-06 2.516827846950616381e-06 1.397235243634978658e-06 8.762596077121364818e-07 9.587477305306000232e-07 4.790009232222984509e-07 2.698830234765058881e-07 1.506662993514750416e-06 4.718320705656950849e-08 1.183611950163483078e-07
8.360053422902846945e-06 3.538797106157559763e-06 2.045306787754314901e-06 1.635853939187118864e-06 1.074281390592627735e-06 6.275534181515889756e-07 3.556193698520995193e-07 2.002271869257872615e-07 1.234911867687962629e-07 6.586923023909496086e-08 3.518270364501960951e-07
4.129136611176073503e-06 3.778006823790594245e-06 2.290348120713608715e-06 1.350743676361164133e-06 9.482902758249629429e-07 5.432006428031433459e-07 3.407373693894250428e-07 1.941325196127843554e-07 1.291130251989925081e-07 3.629662832706031013e-08 1.627614325499622695e-08
1.372760729341495695e-05 7.663044783508266011e-06 4.556038139023026218e-06 2.554490937111142062e-06 1.491623416128688514e-06 1.100694315652865176e-06 4.319421712378891792e-07 1.840484779766642108e-07 8.838077270746176578e-08 3.930295849846683029e-08 2.227133096798391583e-08
8.430858983987393090e-06 6.541703017756995693e-06 3.365759528364213334e-06 2.601046837340175766e-06 1.593113725820717079e-06 8.797974914732575646e-07 3.674745084216806244e-07 2.062372122186239125e-07 8.434702349221852012e-08 4.736498620414887972e-08 1.291948921709742143e-08
8.125479228556849621e-06 4.725834025608952952e-06 1.027898884146000055e-05 4.284753456400184712e-06 1.008727659537826996e-06 4.832999552832814230e-07 2.583054138236950440e-07 1.125343277849951842e-07 6.605848886984794350e-08 2.329378160428088453e-08 6.509319066130655279e-09
7.679664580891831015e-06 4.818599018940369573e-06 3.828133540510452486e-06 2.722433213129025209e-06 1.393016285923823617e-06 5.710346766577237507e-07 2.335246850666064793e-07 1.557091575723016972e-07 9.187670033754901507e-08 4.737422373087332993e-08 1.748074485129401659e-08
8.803482566517031603e-06 4.660322932189579366e-06 3.017649169215985860e-06 2.173670017100239590e-06 1.448777675259059750e-06 6.735597459940541291e-07 3.565949797694074080e-07 1.709573155374040417e-07 8.437911643386487497e-08 3.425806958328447692e-08 2.977381102531911092e-07
3.428021921705232267e-06 2.082697506715799632e-06 1.603841411866500494e-06 1.246437755718497066e-06 8.317154639485445441e-07 5.596269022300348529e-07 3.295668466495607147e-07 1.927166754563243924e-07 8.744749115751585803e-08 3.047602272912226991e-08 7.927499772595072152e-09
6.059239418904521913e-06 3.672676037122454077e-06 2.258483611448389604e-06 1.607549311678059093e-06 1.404743542775509540e-06 5.404400166338129041e-06 5.952722979383575286e-07 3.987772257133057350e-07 2.326727974776567416e-07 1.067429682950147808e-07 8.380602355915849697e-08
4.200634935556696579e-06 3.018906123660492036e-06 1.656338267878821598e-06 1.017622307800862168e-06 6.395986328300776742e-07 4.502225278712240219e-07 2.835650483411477875e-07 1.469363352833198259e-07 8.479858625855738706e-08 3.190781604084660000e-08 3.207686609447215162e-09
7.145984773082316771e-06 4.137031799106124965e-06 2.525256557560784144e-06 1.683594907300744040e-06 9.831078915227217064e-07 6.037526520918201994e-07 3.282739079893630155e-07 1.604022434020179476e-07 6.276981222765585927e-08 1.824790685082814339e-08 5.475655848244825322e-09
2.466406385563686857e-06 3.031943696323522795e-06 1.673842966306949465e-06 1.031080344850690881e-06 1.009258357584340338e-06 8.550572526978817932e-07 5.176457586133618597e-07 9.080762643906441997e-07 2.240467622515610608e-07 1.093095798418568072e-07 2.946569888097799143e-08
2.336389504206400991e-06 2.166250635519618806e-06 1.250463016531009637e-06 1.168610256742713278e-06 1.161853551587350230e-06 8.914518083088150298e-07 4.436214586778871309e-07 1.316572832455235044e-07 5.841660027589120188e-08 2.066351533407370517e-08 6.350014084630609650e-09
5.325727060194756598e-06 6.329950371852369283e-06 6.082948122197235534e-06 3.088641952255114136e-06 1.358776692063935912e-06 7.071246117207403273e-07 3.425522953608880426e-07 4.856826152356114276e-07 9.060701734320153163e-08 2.997533881306268821e-08 6.732537158842905184e-09
8.790537383657835355e-07 4.778704716046091976e-07 4.322863639816565030e-07 3.326910805390316473e-07 3.551052449181209425e-07 4.620991978846573971e-07 2.023379296619627727e-06 1.539055732161782811e-07 5.897748591853117541e-08 4.013473986875009240e-08 2.130884932869916274e-08
2.682438520715462799e-06 2.406233422432015013e-06 1.812106821616210806e-06 1.436682757107766698e-06 9.839712348555944043e-07 6.297041900948060018e-07 2.034633587917031264e-06 2.336900034326299470e-07 1.882679935192790307e-07 5.895801428587569436e-07 7.440712512730582528e-08
5.689890185568682476e-06 3.447087361202437269e-06 2.320484108348750156e-06 1.565329081171084777e-06 9.663252925941248103e-07 8.243421254800278790e-07 1.722842017703978928e-06 1.456448869509560961e-07 4.711739002529366399e-08 5.926221399030597123e-09 4.342766950014933161e-08
7.963719696294897869e-06 4.857895392693376846e-06 4.016785094054028581e-06 2.441151337880518699e-06 1.043702920037652163e-06 5.794496316603494818e-07 3.071227691436449285e-07 2.250083821027708068e-07 1.251612345125184804e-07 4.029002597749442109e-08 1.273845237883650289e-08
5.257800522952033552e-06 3.037796411210311672e-06 2.344755391239083146e-06 1.673197179708768118e-06 1.108556611006915505e-06 1.195582712388644346e-06 3.421535882157543485e-07 2.405240955420994625e-07 8.944477573740592871e-08 4.728632378508569998e-08 2.482738697439065915e-08
8.806067594263074279e-06 5.486671968819933273e-06 3.771649099069071661e-06 1.766340055291674168e-06 1.215643483096906002e-06 8.033322327814299586e-07 4.078464189026556080e-07 2.605713528848195014e-07 8.602297584676798879e-08 1.483361652770501694e-06 2.722370186320832527e-08
4.307349124932962890e-06 3.265117194286191035e-06 2.036197216925762696e-06 1.157892335627314084e-06 9.715309451921524467e-07 2.013894945731256759e-06 5.863788561026963587e-07 5.921859234342658427e-07 9.620067229093938326e-08 3.852072814130218577e-08 2.341321282906307514e-07
1.255577552773725322e-05 6.157556187222391592e-06 4.002579280832601862e-06 2.122653436584253352e-06 8.829707369040514939e-07 4.655113396358393943e-07 5.597307121440388381e-07 7.106482379175090378e-07 8.408675032866660782e-08 3.638600713456484005e-08 3.316945129150082246e-08
3.523697954149798436e-06 2.897120388202107589e-06 2.048667550700610379e-06 1.691418333332448496e-06 1.292735170553477397e-06 1.113319543769875713e-06 2.419479128338514994e-06 2.837550890699879707e-07 5.826369457127092882e-08 1.595175015726996973e-08 4.085029203370610279e-07
5.841420552785386633e-07 6.100451609631960042e-07 6.646964510367850592e-07 1.038815888760923307e-06 4.975964114566344160e-07 3.482232456712003914e-07 2.876573598341667532e-07 3.021400292264204072e-07 1.705894358059093165e-06 8.983470858838742297e-08 3.420628057678724951e-08
2.979566767374368727e-06 3.369879081103443845e-06 2.119026622823080303e-06 1.169073504936089122e-06 9.399628761876156912e-07 6.541138183154121516e-07 2.790548571765400268e-07 1.773537509093380249e-07 9.958793199214234960e-08 6.094284462471842510e-08 2.177903076382418357e-07
4.163540555566364213e-06 2.872991517195717865e-06 1.803345621566032475e-06 1.143652549301848538e-06 7.115571293890980459e-07 4.940107165333732235e-07 1.488225914397639174e-06 3.392267860409086097e-07 7.935720612854419142e-08 1.614907959440164834e-08 4.470855445391915984e-09
3.874333166572551644e-06 2.466223003179107133e-06 2.689834492335975442e-06 8.365273009659687900e-06 2.850129804898186268e-06 5.355010552549254839e-07 3.395745247280280628e-07 7.810648437637787929e-07 3.587968383634361236e-08 9.641594941750571098e-09 3.032605234666899647e-09
3.841939289332475803e-06 2.939513085735898740e-06 1.741793551037352034e-06 1.040345214380890518e-06 6.544367308011912849e-07 4.423395531495306922e-07 2.868789320849994674e-07 1.680019985606824386e-07 7.868394919186123962e-08 2.714176691576111520e-08 1.950125791347021098e-08
2.451185450411723532e-06 2.328747320017120611e-06 1.963835118004657689e-06 1.325764225094746361e-06 9.377994179307979903e-07 7.371785542079051201e-07 4.269287656847659907e-07 5.796307213817215166e-07 1.104320337849178703e-07 5.453512504928843868e-08 4.639429716724675844e-08
6.048598486159607059e-06 3.494940704111984578e-06 3.194406016602027902e-06 1.462967718507632785e-06 1.032498306295331864e-06 6.607693185219577638e-07 2.745101029978769557e-07 1.325729517405083761e-07 8.007629517914253826e-08 2.450129120659112634e-08 7.199019674264293365e-07
4.962857834798084279e-06 4.175571990774875613e-06 2.650820743613516616e-06 2.064191723261904083e-06 1.003468029975913850e-06 5.791972248676574453e-07 3.586908523875119731e-07 6.201890373161976614e-07 5.702748163584972291e-08 2.264146214491192764e-08 2.428365780615404943e-08
7.154180394932004615e-06 4.791419575092528979e-06 3.393638031985882820e-06 1.813360421917996916e-06 8.363359575806604959e-07 4.695241926339171262e-07 3.399949290262822697e-07 4.058322523146791372e-07 1.266090514793598127e-07 7.605601780306713141e-08 1.381725797386816514e-08
8.431361928555929991e-06 3.840833346340515057e-06 2.824529847266432283e-06 1.489485694561714004e-06 1.102067574850005089e-06 6.332137612843994396e-07 4.187969822040890174e-07 2.042211843380790315e-07 1.043065374007592099e-07 3.889224831469653765e-08 3.369044853125488804e-07
4.752370123702619501e-06 2.200708558764907889e-06 1.653597339173044509e-06 1.424848415377485393e-06 1.284968951670274434e-06 2.744869450132697986e-06 3.897981446129071647e-07 2.131456672166088021e-07 9.105276676024350268e-08 1.846187723613798973e-08 4.679299405777658445e-09
5.031768450814769833e-06 3.663571247183119999e-06 2.906469113966663769e-06 1.491348559312893002e-06 9.166011054693220304e-07 7.632570079509583467e-07 3.051286727570472706e-07 1.377530139300159415e-07 6.150330498252012468e-08 1.883433536991788906e-08 2.103927742978662968e-09
1.639087530614338791e-06 5.852291719746810942e-07 4.372870865591703728e-07 3.638347729592266387e-07 3.934001864607915898e-07 3.318793335650758428e-07 1.500128648279205398e-07 3.592560813559492646e-07 2.363877463780724320e-07 7.208098975392075463e-08 2.154135899212111401e-08
5.827848109786435627e-06 4.347008241923895878e-06 2.410237696934215688e-06 1.175229154619137539e-06 6.394343179035739238e-07 4.255333015778037197e-07 3.421193076342092188e-07 1.804678031498423768e-07 1.075283004491080238e-07 5.449548026013557739e-08 1.279511389870776323e-08
4.477058277780199546e-06 3.074523508408917118e-06 2.510118734544632332e-06 1.503820435354621797e-06 9.135043516399134083e-07 5.237928260889676702e-07 3.086088898164209666e-07 1.762474170301197840e-07 9.591560197168311509e-08 2.532559502325599420e-07 1.061222605663282162e-08
7.407585160535238828e-06 3.236809454173616623e-06 2.147192274661261353e-06 2.883232004231243628e-06 1.415166246964450534e-06 6.908364406055348154e-07 2.987550250136983380e-07 1.629167839946368384e-07 4.600308154184760608e-08 1.249023492654814846e-08 2.363658855082284704e-07
7.865833699010192867e-06 3.958711494525886629e-06 2.544707382814697312e-06 1.724535400913403748e-06 1.100832849755360004e-06 7.134530001973233159e-07 3.191682412367499344e-07 1.996867899047762774e-07 1.055743054157086406e-07 4.782688050155765919e-08 1.407433112448884465e-08
2.274992511709680488e-06 2.136919567683471061e-06 1.585215587386067436e-06 1.116672253461229424e-06 6.219802881352642803e-07 4.051334650724742018e-07 2.558310057837457966e-07 9.600994724934925305e-07 1.449380690983691430e-06 6.936410661513978336e-08 1.748974662706185404e-08
5.129584192261626691e-06 3.215718492444049539e-06 2.151681839476612266e-06 1.308167578213444411e-06 8.968124116579533351e-07 1.009635672260650094e-06 1.611627851267584139e-06 3.851132401602555492e-07 2.026673043354682344e-07 2.044880902184771999e-07 5.936081275588548138e-09
9.187952033163695805e-06 6.081373901968781231e-06 3.094084195369484348e-06 1.764107855269788239e-06 1.204909660315055167e-06 6.870682107896231081e-07 3.747090096465964738e-07 2.546874937178328126e-07 2.315841157040558086e-07 6.278842233624843097e-08 1.357806406757872353e-08
6.612084191645542988e-06 2.754430710909952735e-06 1.949811373508414181e-06 1.113506504945919485e-06 8.034434885735476080e-07 5.441446856635442252e-07 3.298184958470774344e-07 1.833733315392781834e-07 8.802207922887719721e-08 4.895975320387060680e-08 2.553531673860549863e-08
1.210143705229296670e-05 1.125630897452966226e-05 3.892195917715698891e-06 1.439918020387318848e-06 9.106306551836014216e-07 5.873597507322760563e-07 4.056431206478123465e-07 2.639062998855949231e-07 1.558261917945988681e-07 1.012947576973484613e-07 5.392602746189621933e-08
4.508091104437912650e-06 3.177221800220409549e-06 2.590445048823448739e-06 1.388791592250524753e-06 8.154475999244034101e-07 4.175777470790830632e-07 2.665066647163218313e-07 7.861901322647240309e-07 1.061759786470529652e-07 6.458743482667482200e-08 1.281060616578906808e-07
5.334705759683650632e-06 4.589018272496943032e-06 3.313921695438793744e-06 1.723626414953812672e-06 1.124234128689076650e-06 7.686966056724081196e-07 6.613029318717384269e-07 5.788025215458791784e-07 1.311268252543799361e-07 4.740187529739234770e-08 3.106478390284861433e-08
3.184475837414585442e-06 1.962212041763185141e-06 1.700436078597221820e-06 1.006837432964692054e-06 7.833362446255653362e-07 5.314070970312612560e-07 3.564694412189655861e-07 2.228489064628700634e-07 1.294255861898376502e-07 1.242539955104724827e-07 2.137384051059276950e-08
8.781218432456897025e-06 4.499130549027635728e-06 2.590676506785624898e-06 2.192143753778284308e-06 1.024271967225547868e-06 5.547725631630631237e-07 3.151133005979832118e-07 2.110011441219856261e-07 1.274794995900913358e-07 6.381814543053863418e-08 3.342170983224766587e-08
1.145215225063305678e-05 4.857778814244965223e-06 2.880120733799075950e-06 1.835637869705452757e-06 1.248285049460471730e-06 7.680200910460571289e-07 5.479392037599255504e-07 3.255168978581593464e-07 1.791033411412646662e-07 8.253542653820568862e-08 3.319197139917791268e-08
8.029024292126299539e-06 5.463342364145703011e-06 3.500349098797810364e-06 2.048342174164353437e-06 9.227129519575027125e-06 7.583140526703037051e-07 3.272720691465562671e-07 2.335800707792472500e-07 6.082153138757450291e-08 2.361741149758025795e-08 1.020853098640219465e-08
8.714803675976007127e-06 7.189635886109387214e-06 5.298925299026544924e-06 2.758376645261847544e-06 1.236688354275717751e-06 7.517214023579193446e-07 3.429722702328626804e-07 1.765925774852749951e-07 9.126511308375918710e-08 7.829860415655055966e-08 2.064173919414188711e-08
4.844841567479549699e-06 3.347290691855794997e-06 2.775258834944580110e-06 1.586909351479099347e-06 7.946225870142899406e-07 4.891889569014353056e-07 5.442290395810029851e-07 1.763431601118397994e-07 7.976019067121353277e-08 2.674600009585670371e-08 3.236892230401774552e-08
3.167680052716697265e-06 2.636206910784124373e-06 2.337707095399641669e-06 1.314243877074934334e-06 8.749758169581770441e-07 5.394193853253398374e-07 3.009125615615778528e-07 1.355165536298186816e-07 7.726073007474705049e-08 1.657386024228667248e-08 5.743220484297029588e-09
5.036357935660933193e-06 3.786104760810707896e-06 2.227309401233817465e-06 1.534762851837678030e-06 1.022734504786344287e-06 6.745473713476994620e-07 4.975206597264359754e-07 2.770344324616866069e-07 1.484079796082413010e-07 6.985416928629602672e-08 2.506916449841548807e-08
4.245888018646661190e-06 4.326584418764433914e-06 2.652160334697203507e-06 2.103012018455875036e-06 1.411180779382097179e-06 5.834692370429484957e-07 1.258668883891411973e-06 3.110695639072793255e-07 4.439686361666511513e-08 3.067735704251045478e-08 5.776999607183385252e-08
3.956310649217139133e-06 3.071751527079995056e-06 2.035372728032785883e-06 1.401976553934562210e-06 8.496295922674667145e-07 6.083834086203204761e-07 4.459888250438639300e-07 2.665774091927152091e-07 1.639468057217953537e-07 1.476552470901600964e-07 6.309285430902715382e-08
3.688888812056911321e-06 2.214599641744363885e-06 1.496152384069838322e-06 7.602175295486319192e-07 7.595262339397025531e-07 2.744600391832384454e-07 4.438978920836891589e-07 1.331333402884694471e-06 2.091131457988379297e-06 6.457352323560910622e-08 1.112868604581736117e-08
7.879069901988001738e-06 3.280226559804149625e-06 2.586952750119357831e-06 1.969098121121862825e-06 1.017934417189416941e-06 6.497517964127469343e-07 4.538199483490199722e-07 2.465844571550732532e-07 1.349285110380087536e-07 6.077594381782983808e-08 2.861313779810038347e-08
7.741293743940086890e-06 3.782817526067163214e-06 3.174633054634245890e-06 2.078207293346230593e-06 1.071599969623146714e-06 6.682937016881083269e-07 1.011859460353567126e-06 1.683759880202543655e-07 7.200906781204824783e-08 3.182193543657406335e-08 1.915349444071013882e-08
2.795764847812529532e-06 1.571584604041232895e-06 2.183518156627989527e-06 1.134944924848740610e-06 4.620322541476365581e-07 2.572864694035566178e-07 1.706650607524780299e-07 1.675981543901304772e-07 1.090292477784329126e-07 7.565530673485682355e-08 4.685045356732735012e-08
1.256470325180229880e-05 8.945861158506740956e-06 4.064445802594111789e-06 2.381606347876030736e-06 1.335624045719887426e-06 6.956988857636504362e-07 3.345882456096537837e-07 1.823323961749623066e-07 9.469900187405022461e-08 4.207967504255225114e-08 1.942570510816423791e-08
3.106338869486817874e-06 2.498919633385620515e-06 2.021840160263765480e-06 1.567061001305774748e-06 1.747363060781685236e-06 3.459190197850556784e-06 5.854407149638619014e-07 1.559287688015453970e-07 5.093748692443289645e-08 1.130306289419629624e-08 5.208468800224690933e-10
6.798865965286080640e-06 3.810869350280155514e-06 2.550453597009701171e-06 1.940344596354287060e-06 1.099581685290363293e-06 6.017584984062852964e-07 3.745361301009813700e-07 1.585775605275982122e-07 5.621172531249588083e-08 2.129213572701947247e-08 4.476749162899329522e-09
1.417536107626133390e-05 9.153474115685225856e-06 4.236225303350045025e-06 2.303274790969795830e-06 1.385825051075845510e-06 8.738577996810975263e-07 4.798655392601247568e-07 2.308446239340542096e-07 1.144514243113778742e-07 9.030669985642921205e-08 1.063958175519420935e-07
9.483784681933285000e-06 4.850006253283450116e-06 2.595548930828600883e-06 1.835146700907618473e-06 9.900150548235269611e-07 5.705084262088425897e-07 3.694505740884674369e-07 1.848436447052290602e-07 9.061868209094625533e-08 3.648046439142084886e-08 4.130234952434912882e-09
4.346733371303020384e-06 2.674114279529548236e-06 1.913697279891747783e-06 1.440336085159159534e-06 8.619409692860289663e-07 4.904833410688429518e-07 2.870773515082948099e-07 1.726454176627343000e-07 8.224506727624543370e-08 3.193734373753005334e-08 7.576256184945298049e-09
5.392395464105902718e-06 3.635434903963373387e-06 2.280209760864288316e-06 1.161485414553224158e-06 5.986324847332122253e-07 4.105490321000234368e-07 2.876409260514592343e-07 1.709248989123961546e-07 9.157271591904195173e-08 4.967721044609992993e-08 7.384825541103497908e-08
3.965202787800634820e-06 3.366828977568315990e-06 2.220369450443171330e-06 1.693194661945386552e-06 1.101109865188487943e-06 6.131186392795704901e-07 4.608893169978444637e-07 2.051989374303953801e-07 6.001397660974355209e-08 7.947788976607930830e-08 3.875273454942941271e-09
4.768191039980674139e-06 4.107701058540620362e-06 3.028847463832840092e-06 2.180874606052533988e-06 1.139036822205311231e-06 5.718897539866907586e-07 2.300779218648275298e-07 1.008184265504500187e-07 4.001127225402823890e-08 3.696784774608878649e-08 4.602289271713550642e-09
8.427541249535242887e-06 4.902765983741109619e-06 2.812397283863868523e-06 1.742760443990279813e-06 1.182836173498470800e-06 5.744018341913348338e-07 3.041431381738109193e-07 1.283356575859803228e-07 7.254649317298971904e-08 2.223222410667404105e-08 1.606983101392017257e-08
1.074844787892406182e-05 6.164604555644912176e-06 2.635387159754218790e-06 1.323174495154247250e-06 9.224271624378240353e-07 5.322617599506332868e-07 3.251018037051940990e-07 2.074303723469168735e-07 9.933265449857919243e-08 4.489053316175886938e-08 1.555999703530210720e-08
6.296849537249175092e-06 2.186068968692257372e-06 1.769472190019201263e-06 1.369082062369251616e-06 8.445346341412876176e-07 5.542008797270774500e-07 3.580344336698958297e-07 3.585219291058264631e-07 4.856328215847250588e-08 1.326126045514742905e-08 3.744192358585376975e-08
2.033208715702448053e-06 1.428786134584944095e-06 1.326495132281523308e-06 1.262381624323637333e-06 8.768464191818109106e-07 6.997735260376963057e-07 4.170078108474657777e-07 1.868220915495779415e-07 5.880064577404668004e-08 1.462425527367115819e-08 3.033550575221964478e-08
1.186729864115746969e-05 6.943683405343947840e-06 3.219622777908677453e-06 1.898991561482969436e-06 1.265020223518518362e-06 7.015439439421565772e-07 3.893463951954102111e-07 2.546731103685535070e-07 1.526567709832917770e-07 8.081539296868111121e-08 4.274819095029259084e-08
2.948322159348022779e-06 1.774512258967155889e-06 1.097349698732802645e-06 7.576268792052407911e-07 4.405812259164900611e-07 3.198266180461980635e-07 2.624128908888597320e-07 2.575575510512175362e-07 1.433410243104688300e-07 9.979414345366787139e-08 4.581602838297768896e-08
6.963004363552245072e-06 4.936092960703181270e-06 3.934030813213610500e-06 2.262786930078672826e-06 1.422162156939651828e-06 5.550939493806411452e-06 1.460648375888509479e-06 1.184688557894961866e-07 4.470607301973306539e-08 1.748516998169358182e-08 6.506654720898798323e-09
2.514413731692554846e-06 1.549621335661892668e-06 1.573258914387872770e-06 1.521883251826969179e-06 8.872608037656077427e-07 6.156928528411270088e-07 4.346307106799072086e-07 2.676496948291430750e-07 1.300665172159856103e-07 7.420373657752223309e-08 8.631239077347480366e-08
9.305965246395991988e-06 5.315301930294905290e-06 2.524655840518786134e-06 1.451993134012948917e-06 8.963346721977577221e-07 4.986458900280890966e-07 2.833436184276221911e-07 8.689029143630691726e-07 4.022496950843616732e-07 3.502632951631909848e-08 8.806243304820988314e-09
5.982951593165168239e-06 5.556482979431351802e-06 3.157284781236486085e-06 1.317714575041283470e-06 8.757853173297459446e-07 3.948359225862111584e-07 1.852210629903096833e-07 1.348849652601967542e-07 5.998843040935471569e-07 7.886548852013005264e-08 5.554300099394920172e-07
6.390213200625534525e-06 4.163348097159444529e-06 2.137373084953387514e-06 1.483375742685343620e-06 7.599140653184679855e-07 4.672630654500136933e-07 3.252290876563741735e-07 3.695291442860097994e-07 2.062317804740008410e-07 1.207308553330998368e-07 9.303312123754108479e-08
3.071480022905745353e-06 2.592940890230212625e-06 3.645688900276533027e-06 1.927633713705218647e-06 9.698980254142052045e-07 4.967985460218214428e-07 3.947877013825507592e-07 2.593167683288122054e-07 1.456320713095736904e-07 8.353378564623611059e-08 3.897495325412373267e-08
8.251239201795811264e-06 6.710821387215199682e-06 4.563561589478306929e-06 2.179213236790531591e-06 1.354535774286831059e-06 7.953315632693220341e-07 5.035870981698210330e-07 3.079001842303926209e-07 1.755810623878841027e-07 1.026495023742159427e-07 7.325171388525749697e-08
7.018196428329706044e-06 3.515570493447521244e-06 2.545446854095749176e-06 1.578209149234153396e-06 1.047061330593019215e-06 6.296021469775786466e-07 3.251917905445752136e-07 2.599590245682310597e-07 9.772969483482590946e-08 4.948382700010516050e-08 2.755738908404826309e-07
3.722063269504621114e-06 3.796927753932957453e-06 2.575909672846175025e-06 4.903887262096212277e-06 5.372835713538148719e-06 1.639974366468238697e-06 3.797689178892898508e-06 2.446464548706977887e-07 8.837511666957284083e-08 2.591711773324756770e-08 9.463488375414207238e-09
2.354911448476601425e-06 1.791918189866453893e-06 1.626831616253758315e-06 1.419586477907568804e-06 1.005022977807405287e-06 7.791993866967765936e-07 8.003753493960543294e-07 3.981207026020337226e-07 2.189307544443190977e-07 9.586582508828225385e-08 4.345904578484287178e-08
7.974731024160638902e-06 4.222640961510612488e-06 3.071286857595335203e-06 1.716905316560418639e-06 1.006283805104478358e-06 6.075125652890515339e-07 3.717313181496531167e-07 2.121833468712198930e-07 8.659085754466426917e-08 4.132780609748516972e-08 1.680040181179530164e-08
7.073778321443361994e-06 5.023798999039461090e-06 3.709958347524907424e-06 2.545922107676127417e-06 1.205574925587729838e-06 9.425858216359862245e-07 4.605862338693410594e-07 2.170197347666604608e-07 1.777732035186739102e-07 2.849095717195449071e-08 5.385374888555077238e-09
8.822297187450121216e-06 3.732478671887388639e-06 2.215362341147150456e-06 1.587631096250608873e-06 1.163802839985355552e-06 6.910637565787614812e-07 3.719756765895829584e-07 2.170708141442941394e-07 9.381607269316821553e-08 5.877137807791267662e-08 7.093684369252712296e-09
6.324151639784321973e-06 4.107389136648202370e-06 4.619226232322846649e-06 1.248988205993138206e-06 8.459638445195146952e-07 4.340292453106915166e-07 2.589023337076650195e-07 1.710812362147397176e-07 8.158089968086871917e-08 3.905521845309242693e-08 1.930254660059046660e-08
5.729079915111614388e-06 4.428646299170543906e-06 2.039749126080199028e-06 1.806727995030843658e-06 9.321618677097052955e-07 6.552930029484875072e-07 1.491585863115866807e-06 3.351216105926119004e-07 1.245006377442053355e-07 3.270817126766469671e-08 1.272795005959943234e-08
8.720003130781161388e-06 5.974765413731699838e-06 3.950238154862099137e-06 3.851318043253598482e-06 1.219207207536072226e-06 7.767760949371266707e-07 5.209700171505021321e-07 3.279687489617634566e-07 2.220098606072592901e-07 1.008481865434485210e-07 5.575536017599234432e-08
4.598919859921140139e-06 3.493317350624667441e-06 2.116597563324311487e-06 1.442311146370319341e-06 1.021965610715666921e-06 6.219808360240297722e-07 3.032229655305387625e-07 1.592640638799215222e-07 7.073271883653002815e-08 2.373811525477819728e-08 1.134872598752206972e-08
8.807992995928512744e-06 7.405431753813146288e-06 3.760913688739484707e-06 2.500379056827538130e-06 1.321362250325441100e-06 5.623565342267823659e-07 2.979012265849278011e-07 1.652528940884909516e-07 6.938809932159874383e-08 2.921309548602846676e-08 8.960077657900773864e-09
8.438914798035008190e-06 4.135336349360799257e-06 2.069115235054889550e-06 1.465884089967598562e-06 1.023283731936108808e-06 5.595507976755469287e-07 2.618179005726789791e-07 1.964505780469051587e-07 5.731789073711798368e-08 1.391562949972156077e-08 2.616901839053813262e-07
4.414137071884028933e-06 3.817614376242275288e-06 2.247504040374023828e-06 1.984640152876555842e-06 1.455990473431632292e-06 1.562987291551242334e-06 4.757786994480837460e-07 1.122752920184168014e-06 7.385529596398772950e-08 2.136263997759643433e-07 3.240651941337019267e-08
9.221717010589287411e-06 5.952724851472537053e-06 2.603607626663778927e-06 1.691817351441926514e-06 1.081185776914872649e-06 6.907317716856360706e-07 3.508920704204741750e-07 2.088965915804440904e-07 1.122995422780472199e-07 4.786234527883047737e-08 1.765764855899335048e-08
3.749441505830031457e-06 2.967555606621023673e-06 2.950168521968365958e-06 1.899344817544087183e-06 1.449916006848587378e-06 1.068983966751647000e-06 8.044062467436597517e-07 2.806460719068108714e-07 7.012750754212860427e-08 2.693299674671129713e-08 1.725212421283408882e-07
3.937349224052935562e-06 3.020596432349150485e-06 2.807702523502422432e-06 2.303417884309786540e-06 1.285465228097471135e-06 6.661184442887948829e-07 3.371376570406875826e-07 3.501744360270219552e-07 5.055033021974203717e-08 1.643633835355670150e-08 4.270772768876473518e-09
5.714142936454746535e-06 3.400049475100918533e-06 2.203766308788681424e-06 1.702743430271609811e-06 8.897367491557677024e-07 4.983064677111913241e-07 3.321437280557302470e-07 2.062135922174793870e-07 9.242188611322779302e-08 5.635656887812512422e-07 2.824495431958146891e-08
7.516381404816386906e-06 5.680281161923891250e-06 3.700142397098378964e-06 1.508409823365233816e-06 1.054911344805422579e-06 5.994900946672932972e-07 3.408714686232061709e-07 1.589594774232534408e-07 1.144232501487063469e-07 3.983014367248512844e-08 1.795590673696477638e-08
7.169850766720305042e-06 4.678849831905454524e-06 2.627971692451036458e-06 1.780025072417792863e-06 1.382262952050912774e-06 4.257720904845403715e-07 2.388301679600881805e-07 1.239714656555127742e-07 8.484049597554510992e-08 2.281067553589726196e-08 3.032556909232527153e-09
2.882670275680994805e-06 1.759812884723448524e-06 2.077959013013711902e-06 1.231479613388370786e-06 1.200439029545092799e-06 8.673667089431033051e-07 3.111091453829509077e-06 1.389951633074699435e-06 1.093208582576353455e-07 4.830909139776712058e-08 9.440900508543599160e-08
8.321041389815998229e-06 3.372426021570480021e-06 1.906600359457840384e-06 1.377499351344153743e-06 9.848255731126786686e-07 6.373107119546636427e-07 3.744908754302031747e-07 2.109085179462634867e-07 1.031961862243544037e-07 4.935663475415641885e-08 2.107435414953170018e-08
7.416185057027765462e-06 5.622849173886403196e-06 2.818854255904878093e-06 2.048266840097613700e-06 1.070727802726272122e-06 6.614942601971580067e-07 3.216460939842122494e-07 1.824172725926962093e-07 1.283023442908181052e-07 4.060104657177827075e-08 1.749514524212762580e-08
4.831716282726729946e-06 4.522244038935651610e-06 2.722396796615373880e-06 1.854825817427779127e-06 1.261749094625886543e-06 1.003478708844274222e-06 7.179152939937326323e-07 3.693064624938604887e-07 1.970366251998703501e-07 1.016650953024696467e-07 3.877847715040417430e-08
3.559605349689027851e-06 4.007570624603459861e-06 2.410707650207673490e-06 1.696931766135737496e-06 1.164116213849975167e-06 7.945030493267763342e-07 8.848315331593704320e-07 3.480844872662486091e-07 1.019484012705616127e-07 5.960426323136073321e-08 8.267001023735227201e-08
8.126860866055620616e-06 3.784281783234307536e-06 2.977630595496336958e-06 1.569659422269660518e-06 1.021338348980578334e-06 6.606004560766349212e-07 3.782441526994562010e-07 2.099946635437855871e-07 9.462265373356541774e-08 2.776720771984049092e-08 1.274324285588279686e-08
3.146081810632772277e-06 2.790389640233042592e-06 1.847077714487618987e-06 9.154494301297749819e-07 1.066459345839472637e-06 5.452877818728325436e-07 2.645294712186228967e-07 2.994538297797894543e-07 1.506061432130638931e-07 7.578352453727974095e-08 4.591285179369442005e-08
3.108409311890862840e-06 3.450044019019399717e-06 2.939025327634443152e-06 1.763637195924589690e-06 8.462857820243959669e-07 7.138493520578744078e-07 4.604329157547220662e-07 2.501160376597979981e-07 1.683954848646204769e-07 8.038157695900869968e-08 4.282271032798443102e-08
4.155517178717458628e-06 3.268351907551419769e-06 2.460844333346732937e-06 1.713260461879051436e-06 8.056111381464118925e-07 5.041978067433917533e-07 3.407506721084874833e-07 1.920424509691152877e-07 1.063905041152875669e-07 4.872005630987908945e-08 1.302752278719691768e-08
5.960612147765052296e-06 3.795983726390396001e-06 2.034710184062452023e-06 1.488360089067063807e-06 9.619481584687618465e-07 5.824566335723871243e-07 3.789149469540596807e-07 2.373134182324739725e-07 1.227245376519963552e-07 1.998562869041990337e-07 2.291749557126147093e-08
8.679057584556322690e-06 9.105922483270509986e-06 3.856191174894182175e-06 2.669725900634074433e-06 1.708980447504650134e-06 9.019691216620513381e-07 7.301688911973432516e-07 2.518888614508340391e-07 7.566539711353413275e-08 2.654208468954157426e-08 7.010968568276260113e-09
3.075142815303020095e-06 2.320713933339565456e-06 1.953236323079744276e-06 1.365874246430271440e-06 7.665473889443024452e-07 5.447217400869281678e-07 4.173686953371088050e-07 6.392877353217406393e-07 1.298391761847617933e-07 3.819773765725597100e-08 1.059928303495806951e-07
5.154895850957552493e-06 3.744837314987761289e-06 2.458277475280250975e-06 1.512407919883130894e-06 1.071248417166043858e-06 6.634290487994117952e-07 1.128845532028081358e-06 2.765957709500801005e-07 1.620109505954166598e-07 2.980114862831492609e-08 1.802040943841768890e-07
6.638310481615892738e-06 3.020781132251113616e-06 2.069510033818848053e-06 1.589202763620273896e-06 1.231813244746863445e-06 8.974394179749220288e-07 8.249622384004146711e-07 2.178748536312817772e-07 8.717193861348146070e-08 3.735955319572640929e-08 9.930609324669684953e-09
5.169959214178893478e-06 4.182837471678128731e-06 2.871307194417549112e-06 2.115403162653822123e-06 1.072710617047294074e-06 5.754363500303978594e-07 3.427793039969181958e-07 1.610770914338752560e-07 1.796618562930841380e-07 2.719148195890521905e-07 1.458353505951803473e-08
2.864558067892501780e-06 3.263639090049839526e-06 2.556124942789744749e-06 1.334870860010963873e-06 7.965798373603947787e-07 5.339543493428655832e-07 3.220397079959229558e-07 1.723101561903070174e-07 9.624023362099636044e-08 4.003099271242967803e-08 1.491995208858818008e-08
4.115860213614764062e-06 3.094238764746460452e-06 2.668803347689506141e-06 1.555693270535903485e-06 1.040110045999885037e-06 7.903064211524813638e-07 4.009442347406997616e-07 2.354371668099685978e-07 1.007216577657219865e-07 3.616245060989925208e-08 7.577725758477310733e-08
8.909797433756923169e-06 6.299451238655107069e-06 3.152230982920820124e-06 1.898984245213446024e-06 1.147839895053346164e-06 6.298372375934137762e-07 5.228840377800043854e-07 2.060553188768439125e-06 2.794487830032564811e-07 5.440848008402933513e-08 2.991190190012469609e-08
3.421306108191062991e-06 3.897379643919821987e-06 2.326108415416780639e-06 2.101047515717834558e-06 1.104230817428987705e-06 1.161034106842978869e-06 1.640318751391565262e-06 3.674761316468936730e-07 1.865397004020157054e-07 1.388291939900035761e-07 5.338127733748437510e-08
7.696153203205847505e-06 4.830647339580988213e-06 3.823670546536204898e-06 2.211303550502734246e-06 1.179842166576891884e-06 6.725925841749721445e-07 3.666833819464028103e-07 2.030172887193783156e-07 1.158039794376776725e-07 5.703130766003585737e-08 7.998475247721965776e-08
7.328379737703115782e-06 7.129568275332599033e-06 5.515189318191457129e-06 3.156926225215823946e-06 1.029537779285680479e-06 6.521214612745534459e-07 3.736867497162322856e-07 1.970383863881558834e-07 1.013881447424179997e-07 2.158450754525466541e-08 7.611063823635245666e-08
3.999197946299099759e-06 3.388102074539837725e-06 1.642596511331423135e-06 1.326015421732062648e-06 1.023657048642940234e-06 2.018504073038081841e-06 2.637045834584362890e-06 4.205623716160549241e-07 1.276615246854119032e-07 4.283537317243156500e-08 8.342523561045569719e-07
5.171702124060544694e-06 3.742286881600792737e-06 3.029104281285515011e-06 2.336025271176329428e-06 8.988642027474592872e-07 6.511671229654128585e-07 3.309915975881281129e-07 1.716111522962517149e-07 5.987250049966548562e-08 3.172405429068678257e-08 4.519977047655329659e-08
7.984312356644278116e-06 5.237377484762710913e-06 3.746510034823850734e-06 1.772150761768412995e-06 1.261000436118558959e-06 7.710359419396266127e-07 4.494118822295509016e-07 2.697279971514051349e-07 1.099342123005406288e-07 4.737709671707881536e-08 1.105104476911101646e-08
1.130131827400053418e-05 7.762271964179266623e-06 4.491301535389762898e-06 2.180386702764665087e-06 1.210987273395889039e-06 7.025256921334693851e-07 3.642309476170753280e-07 1.749251103349953781e-07 9.313922991574256053e-08 2.227692847784513620e-07 9.136377116305079157e-09
5.500307763598439770e-06 3.317206322648975933e-06 2.469408554578027489e-06 1.790739216125605266e-06 8.955818677358655103e-07 6.642776884089194431e-07 2.726805831316113716e-07 2.418091752615671534e-07 4.169284544888881128e-07 2.131756776873510129e-08 1.609827183536192180e-08
9.450854181826644156e-06 4.875526574104503745e-06 2.292365033026646770e-06 1.362072953734941780e-06 8.377355615024219077e-07 4.257857535314047567e-07 2.952427334329954106e-07 1.958055039147166471e-07 1.128450179091978180e-07 5.027747811785675422e-08 1.225624469110777627e-08
4.385155506071635400e-06 3.067794663343916868e-06 2.361956820793652998e-06 1.339028652288939853e-06 1.085898110657777599e-06 7.514863158479065967e-07 1.851660160775818755e-06 1.238534640210866480e-06 1.101453334589689068e-07 2.505317021534812192e-08 4.834083443216275856e-09
4.067530289724573679e-06 2.906621116596861120e-06 1.966742653917084037e-06 1.320078865600071980e-06 1.098447005449241163e-06 9.337644907143857244e-06 4.302026803819348403e-07 1.671727932948981744e-07 7.003720116049908009e-08 2.884501506073429986e-08 1.381490762352533951e-08
3.693639356522733386e-06 2.507618445377742206e-06 1.652841560812024298e-06 1.716908213703120636e-06 6.033696713573716351e-06 1.243098723639102592e-06 3.255480490204284927e-07 1.471105491928166790e-07 5.774285969521994782e-08 1.985112636063460118e-08 6.700178244937913742e-09
2.781433104315809010e-06 2.502813619568351856e-06 2.228373166323056234e-06 1.562198025271803749e-06 1.274900969638050737e-06 5.202330728069927670e-07 2.550992196368993995e-07 1.518092899756930656e-07 7.582951055066529811e-08 3.269326378727481397e-08 1.246948344472553422e-08
2.778326497118496544e-06 1.858897797229812802e-06 1.652345681081150255e-06 1.226607596599136961e-06 8.519000518429169211e-07 4.848003627730980251e-07 3.231145368535126727e-07 2.383202587222079141e-07 1.916129392315677702e-07 3.949522932253456305e-08 2.128305627404732654e-08
4.152323286622238890e-06 2.650080986615860398e-06 2.248082256528963316e-06 1.390624415492127435e-06 8.171430319432173569e-07 4.701789466039100138e-07 2.507838028458206320e-07 1.386756403213702376e-07 1.244785366934041432e-07 2.908185454824529952e-08 4.027173116685807097e-09
6.404078538757448294e-06 5.294192686675740866e-06 4.326064473558548084e-06 1.493529990211206525e-06 8.442982268134031255e-07 5.126589489311436712e-07 2.525578641532833309e-07 1.312093447106879043e-07 6.415640760136570807e-08 3.115628341126936858e-08 1.079791940158087542e-08
9.181681791363377370e-06 5.272062899210239595e-06 4.737605693766681254e-06 1.325722054102729455e-06 8.550417088051271177e-07 5.007784266612163876e-07 2.477205279115315978e-07 1.700526003527293204e-07 1.104951071477339698e-07 5.251671394931469443e-08 2.963208372186315994e-08
1.134469427502664477e-05 7.874165346101359567e-06 4.547243204120255678e-06 2.301130717547190715e-06 1.292370793706451884e-06 6.868648041190902453e-07 3.365620451391101243e-07 1.794225143076205175e-07 8.906468501001245152e-08 2.623949528914075800e-08 9.989986226941566387e-09
5.913158288137947655e-06 3.006520075281982362e-06 1.742351716316297573e-06 1.143818188462736507e-06 6.822888625043184982e-07 4.905293416059030265e-07 2.894299659015756193e-07 1.792944861516077075e-07 1.385059334673553832e-07 6.300487747868113995e-08 2.767150946857339224e-08
6.572842140562877071e-06 3.116223241569535046e-06 2.076874193227236339e-06 1.512680464162305283e-06 1.163453715639985149e-06 5.278775301407436028e-07 2.551634666146455832e-07 1.110478524904946861e-07 4.602470940135039307e-07 5.214123717559864145e-08 8.442709356186039498e-09
4.695009513285072365e-06 2.386918234819452113e-06 1.620218367371078561e-06 1.141192350408797971e-06 6.556266026343237676e-07 4.739321909683252721e-07 2.997759045961001972e-07 1.579486443914185168e-07 6.341245065893379996e-08 3.171734030324142933e-08 1.388030540345090714e-08
8.752933404252692085e-06 5.609260312465729892e-06 4.650619785870992204e-06 1.733547338041514978e-06 1.085223873246622000e-06 1.013800828380843561e-06 4.992122036733435583e-06 1.458352031078719260e-07 5.124409186449904261e-08 1.983320997115000199e-08 5.034505540160220546e-09
8.659809524108243934e-06 4.888180119055751327e-06 3.958015540551485460e-06 2.370672979383774897e-06 9.987281190814230566e-07 5.912316712475595211e-07 2.271704310017522369e-07 1.495388524381901736e-07 6.056952623394186445e-08 1.855354387966297098e-08 1.617913452090258972e-08
1.585392488271954284e-05 5.999756347261465382e-06 2.673995535113689336e-06 1.674595218714547509e-06 9.361181949985548140e-07 5.244013578510980269e-07 2.881632655649534985e-07 1.615555581274501150e-07 8.587469206813702511e-08 2.580513514784519552e-08 5.083790480250187338e-09
4.848144205001264152e-06 2.572074389151233142e-06 1.993654048890598216e-06 1.307604962351701827e-06 8.242052658813171577e-07 6.850954592085277114e-07 4.363134358960661895e-07 2.435595897398767512e-07 1.631641882941855919e-07 1.061778683267037019e-07 5.912004052475595799e-08
3.766438634332049426e-06 2.718718131108443224e-06 1.715561233789254941e-06 1.054966476320985681e-06 6.107970662716764884e-07 3.749931587955479213e-07 2.200747142039128970e-07 1.265911690668227496e-07 7.136587122696855353e-08 3.808638607870657112e-08 4.386888515194831431e-08
1.025392042939827709e-05 4.978957010229935362e-06 2.612951762107452000e-06 1.439815505853885640e-06 8.716809422934277342e-07 5.323207478059168576e-07 3.407787650261330095e-07 2.073463421131915331e-07 9.904813066846287381e-08 3.902869548655965061e-08 2.168075515149301262e-08
3.561171865400798415e-06 3.686423057815182890e-06 2.589239128945809036e-06 1.303714356184530460e-06 8.864868125465717479e-07 1.020204772510067931e-06 1.962144622780515559e-06 1.926333078671100670e-07 7.466359038876409592e-08 3.083989242326893043e-08 9.522414212991188015e-09
5.382315933532514580e-06 4.199351590778546863e-06 2.927432814409897394e-06 5.182929442400811581e-06 1.746238431444426406e-06 7.944133450800406847e-07 3.710197260038472319e-07 1.711141599307468551e-07 9.958267200635674445e-08 4.056136313857424766e-08 8.109699315656679016e-09
2.387148727749452025e-06 2.521123568624098361e-06 2.259791217938942966e-06 1.785099272086825717e-06 1.204258321978461500e-06 6.087229413766367884e-07 4.089458554482591180e-07 2.562091450293308035e-07 1.135440637395836194e-07 4.769441543334273085e-08 1.404764552397086924e-08
5.254340216542758398e-06 3.007833131735880450e-06 3.023282121566314974e-06 1.745476122450664354e-06 8.360903543843260374e-07 4.830708379022953513e-07 2.733012402798473942e-07 3.006885915320537390e-07 1.361530269193432004e-07 4.046875703116990114e-08 1.306546660706988262e-08
1.005190017758610314e-05 8.930956302908097042e-06 4.525626489669956662e-06 2.690118890619992966e-06 1.204079060400016919e-06 6.434258539170224624e-07 3.971823264011472672e-07 2.264858315124523950e-07 1.174859861174940704e-07 5.429187581795000209e-08 2.606901876076335211e-08
3.617153937103343050e-06 2.868325294265302774e-06 2.379540763932396504e-06 1.585694906904565611e-06 1.056443949289065909e-06 1.368748656867900047e-06 2.994247759178241763e-07 9.396304631637971030e-08 1.279025413682100097e-08 2.344411344437742867e-09 2.120181133520618323e-07
3.200742239011319459e-06 2.480542583653493756e-06 1.179940964019032479e-06 8.762116753444822350e-07 8.688159742653392919e-07 1.263481353479536764e-06 3.415349660476699850e-07 1.244910686825302895e-07 3.976695604226129860e-07 8.680130642641780874e-08 4.204660356519853825e-08
4.537002885329983832e-06 3.298210012936048839e-06 2.213714229726133741e-06 1.384223694995212464e-06 1.049323943362152310e-06 6.224008552488549903e-07 3.877439750039145327e-07 2.360450773915044600e-07 1.158780821766526851e-07 3.904847526878991396e-08 1.730678164360664637e-08
9.838171331124815778e-06 4.079261141241143951e-06 2.542037414784641301e-06 1.327237050692822669e-06 9.089909185800474048e-07 6.315955195977290903e-07 3.168707184431333481e-07 2.002650584379715133e-07 1.291718381094361355e-07 5.340201095127536033e-08 1.321074935365964918e-08
5.086030246029420751e-06 2.410558582489535226e-06 2.042405378228095330e-06 1.160356879727821851e-06 8.212853292013562628e-07 3.078062679111399284e-06 1.073413554454109400e-06 1.956148547118635567e-07 8.149174374008689180e-08 2.962281434645052118e-08 1.182673922014179518e-07
7.278123367571381735e-06 5.722850484893747064e-06 3.357127525583211633e-06 1.566102956202456178e-06 9.555493385548966149e-07 5.242010323606833912e-07 3.062498787110833786e-07 1.700303240335713090e-07 8.030643713144725948e-08 3.839851647154854545e-08 7.364595734428029948e-08
8.472420775616407957e-06 4.758519909397280856e-06 2.232853551432670785e-06 1.363788739366966321e-06 1.056598547235246985e-06 6.225395340386573314e-07 4.075452615234034507e-07 2.831258338271209430e-07 2.016340978304066421e-07 1.341623243961168285e-07 9.776198982784203807e-08
1.220360451304325892e-05 8.649280604234605975e-06 4.279478693611587394e-06 1.954028887730904010e-06 1.047086868421709020e-06 7.236626862985868551e-07 2.764888615270133719e-07 1.530488017486584901e-07 8.529796847992907001e-08 4.643224582892314840e-08 1.186957075690758948e-08
3.685065798397328233e-06 2.334814634694410748e-06 2.142572956619314681e-06 1.702454091154121475e-06 9.954535836650054716e-07 3.467647875870373972e-06 2.754646185796204927e-07 1.444877672055681912e-07 5.253633019249891852e-08 2.054313147585000669e-08 4.114409392344445868e-08
4.102247797532015398e-06 3.036687117058039796e-06 2.090921827903374027e-06 1.348899797664389264e-06 1.111360786154678711e-06 8.067597853553713695e-07 3.822097968163777996e-07 1.622080350566121487e-07 8.780065378684145435e-08 5.610311915222320037e-08 9.479791162515628084e-09
8.626224463561166955e-06 5.587810208016771960e-06 3.122784071218983334e-06 1.747997808099631534e-06 8.182684403211491936e-07 5.308382129346298983e-07 2.793710769768538011e-07 1.493038896862865475e-07 8.159900594447545199e-08 3.179195844922435792e-08 9.267251832428019849e-09
6.479721206223543043e-06 4.325471084041824854e-06 2.264458777979840884e-06 1.345041135923387111e-06 7.870189663105350075e-07 5.784545224579235215e-07 3.363554952169023661e-07 8.065436776956085153e-07 1.464702840414212199e-07 4.172159089281729785e-08 7.607255110535252014e-09
4.954935946233911049e-06 3.985437904337694518e-06 2.456293898463748618e-06 1.576397382558534465e-06 1.114412953088309699e-06 7.057882094352959330e-07 1.842701548752839979e-06 1.901381697679204497e-07 4.605871593139628482e-08 1.936555778176239547e-08 3.811409204364533227e-09
7.021183606658790715e-06 4.511829793060960663e-06 3.363216924186942529e-06 2.501015355578580012e-06 1.170147008084149631e-06 6.643007071973588452e-07 3.284712552416608578e-07 1.570908702854760090e-07 1.066475854062379344e-07 4.855992479044852090e-08 7.116904512513819719e-08
3.381880209427548631e-06 2.508826255324485690e-06 2.369039158348151353e-06 1.382341273206292533e-06 8.039404235420568654e-07 5.000260461775119685e-07 3.554948407944907490e-07 2.444232543665205391e-07 1.612224014745184828e-07 8.440087222240497914e-08 7.303354808465865896e-08
5.958790613688596027e-07 6.866506226669872575e-07 9.185633253994623581e-07 5.566913983345457537e-07 3.531826449334469301e-07 3.336814232397853207e-07 2.724896797418447699e-07 8.117313075258786382e-08 5.312008223598382400e-08 4.417745758233905806e-08 3.077554086421433830e-08
3.956250976643659244e-06 2.399201777826586238e-06 2.490313325863619184e-06 2.485304436686035434e-06 3.286054404321293104e-06 1.004790114414788040e-06 7.118511110586051691e-07 7.801056699051284766e-07 1.562193221794529371e-07 1.945342898983087646e-08 5.943376246468625188e-09
2.962047252804879573e-06 2.253980555851015080e-06 1.845840701329275712e-06 1.132816091974286952e-06 7.176032881972028056e-07 5.543345745554376037e-07 3.334137544837313357e-07 1.473873531503685230e-07 7.243322569897533991e-08 2.418840179124281452e-08 7.453272094917889684e-09
6.089727281008387823e-06 5.524393727355713820e-06 2.495385585777594859e-06 1.552607609822428903e-06 3.009674660187376545e-06 5.602543468373669710e-07 2.812252220339021396e-07 1.460346521406511496e-07 8.196703606161230995e-08 3.094342671062621021e-08 5.801421208069076959e-09
2.947071464212135962e-06 2.398879974475000416e-06 3.780566892596030859e-06 1.652740198277432293e-06 9.538941604203393355e-07 6.820243196771565843e-07 7.779060053831079952e-07 1.922666874934544355e-07 1.324911673959957002e-07 1.760798438031114223e-08 1.695433288461592230e-08
7.642160573980797544e-06 2.350223436785597920e-06 2.298748191987732018e-06 1.444339953131984108e-06 8.366121739162616577e-07 6.642506435039314908e-07 4.451803889041010489e-07 2.663939365241648219e-07 1.711279276029616430e-07 7.093861108263598101e-08 3.731015652348750878e-08
4.472005689616691985e-06 3.583408010993849074e-06 2.819080366437232444e-06 1.749266654830152936e-06 1.472982947172390893e-06 6.646610395571002209e-07 4.001103485766929515e-07 2.315814263461826280e-07 1.263015721585315575e-07 4.505414173196387499e-08 1.447657142479260827e-08
8.451586711028182770e-06 6.294411373824511080e-06 4.245379647170239658e-06 5.556955828195876129e-06 1.817412967834061150e-06 1.083943012022051309e-06 4.530703241990772310e-07 2.143946209957363637e-07 9.899804062065056450e-08 2.730077244719210415e-08 6.003573258265723021e-09
9.058166456348960868e-06 4.822571813105959087e-06 2.800319674367144426e-06 1.915672086939847321e-06 1.309193651251670689e-06 6.692718673439277820e-07 3.323073844334064591e-07 1.924519881876939691e-07 9.611870281613869727e-08 4.771143365753617750e-08 1.806845012169496184e-07
6.195894706292039497e-06 3.051129101420677113e-06 1.868859684609176446e-06 1.172258183006182510e-06 7.043735180957969414e-07 4.576210597255747433e-07 2.676436267539936878e-07 1.520076062776149100e-07 7.496758312273808775e-08 3.759117227954653255e-08 1.180041348867082604e-08
6.286676586012697732e-06 3.187985605920408440e-06 2.307223910341678511e-06 1.405889961237751840e-06 9.368552120503509556e-07 6.017780743882227093e-07 8.758492682642399112e-07 2.821890059825097839e-07 1.145260583348339649e-07 2.999503315335183980e-08 8.845797020308280038e-09
1.930820676838363821e-06 1.588018055183789037e-06 1.377177669661198699e-06 7.157408365893923027e-07 7.154566826770686495e-07 4.796672519842681007e-07 3.912135724554070599e-07 2.580166598750239789e-07 1.557016101677867332e-07 8.336297850629855505e-08 3.748799535061506066e-08
7.547417713638291131e-06 4.987987401657521046e-06 2.426606075223285400e-06 1.256504665304558786e-06 9.763296365140204730e-07 5.674547141735981481e-07 3.398853447069055402e-07 2.315693624169094745e-07 5.924598763972136384e-07 4.308681818339731935e-08 1.698607163457586872e-08
7.105683644682530641e-06 6.186379551384643390e-06 4.117774750424860587e-06 2.444857344503184942e-06 1.391668165618575014e-06 7.567605670115279069e-07 4.513078713031413812e-07 2.153524310720379122e-07 1.390132143304408248e-07 7.291218049581893054e-08 5.008362313968388828e-08
4.940927507569779088e-06 3.385448352118031792e-06 2.407758892136768729e-06 1.827703858861511182e-06 1.882410140374086289e-06 3.448655599688071216e-06 3.063637600964918551e-07 1.390625511706730543e-07 3.796277641645220753e-08 1.064687364203055642e-07 3.175543229316382882e-09
4.348536690268527084e-06 2.694716653876442315e-06 1.895459088874105954e-06 1.344209111458629902e-06 9.434588606733219477e-07 6.822929640162812526e-07 3.065905820118483379e-07 1.510546773959309048e-07 7.725864783359804564e-08 3.880596591682079477e-08 1.851522608477640750e-08
3.556107082767238414e-06 2.606948577757178746e-06 1.529209235393516523e-06 1.041679441428105677e-06 6.410978941441524878e-07 4.189989267352239645e-07 2.952179852839839045e-07 2.030395789888899186e-06 1.240528143122980229e-06 7.349820808599692668e-08 1.721677391240735546e-08
8.030244610830217266e-06 4.979016809046376309e-06 3.180655835553974668e-06 2.375842600911352533e-06 1.511080753357149729e-06 6.904644286469460026e-07 3.187269517165861148e-07 1.610809871684496977e-07 8.672878418282664121e-08 5.727487082012352440e-08 1.892587191591989563e-08
4.799711884270857726e-06 3.356606109122676846e-06 2.210485983768773379e-06 1.930994564778175092e-06 1.008765850075676868e-06 6.263395736876262387e-07 5.072958534530576886e-07 4.301026401484621789e-07 5.446162159614668174e-08 4.379307325359593427e-08 2.770622623221090213e-08
1.033211807822652485e-05 7.029890437854123628e-06 4.280201009467309631e-06 2.608146337805807766e-06 1.389190290321705979e-06 7.261684923594108820e-07 4.027692474222339806e-07 2.442981584273261356e-07 1.199697288339435363e-07 6.627704467176414133e-08 3.121849294093967849e-08
7.767148221184302554e-06 5.631013608689227514e-06 2.984424595488866473e-06 1.522460300420751565e-06 1.280899984520702529e-06 6.830595179503572801e-07 6.070670154638087395e-07 1.600909535331851164e-06 1.697094151326467073e-07 4.231659118581343864e-08 7.856230605144185664e-08
3.540593804679807048e-06 2.404008576876010329e-06 1.690164362647861656e-06 1.360219880501001381e-06 8.290947144946845211e-07 5.606448137982316852e-07 3.466108360384294811e-07 2.447817130697591113e-07 9.252967444327995328e-08 4.321839884551980702e-08 1.481161994270913016e-08
5.168749598546791831e-06 3.790154269109614284e-06 3.157184203846091475e-06 1.829676769729479321e-06 1.148043939510564035e-06 6.434118461913939121e-07 4.032725644257519200e-07 3.765903911546002432e-07 7.668113295453582710e-08 2.070246086077662269e-08 6.701253094268844746e-09
5.372727219488776113e-06 4.706968112379526183e-06 2.291427231123143330e-06 1.520972696851200964e-06 1.374115943079772953e-06 7.725868502005260174e-07 5.793843606571753073e-07 3.327386106370520376e-07 2.038190863814653123e-07 9.642543901290695157e-08 4.926185157242430673e-08
1.335654990810180249e-05 6.923752058761704586e-06 4.367015372716826339e-06 2.876364591659429218e-06 1.091035581627211822e-06 6.091686969908184602e-07 3.450257208704602891e-07 1.735589669131385831e-07 8.962219998540487221e-08 4.273649852060618219e-08 6.610593818163203757e-08
5.130131771362200995e-06 3.724512413654399558e-06 2.308975641058714931e-06 1.913444901733034069e-06 1.112559714816076778e-06 2.807856172214144840e-06 3.503767271260603014e-06 2.175866044443865657e-07 7.138010451304888979e-08 1.588847890706662567e-08 9.905258440846166740e-09
4.784896750295715284e-06 3.140233965074897498e-06 2.614306553841820788e-06 1.750155008180303291e-06 1.111445000505656260e-06 6.055702618717025529e-07 3.743941224851336503e-07 2.130365880758556830e-07 1.132611306777461924e-07 5.741770837793521993e-08 3.055673196817203641e-08
5.227337214443761845e-06 2.859155637457792922e-06 1.596178599075958570e-06 1.146684930338248987e-06 7.509451358540787976e-07 5.233885081972329629e-07 3.287920822356625687e-07 1.994612013901348288e-07 9.851197247973943028e-08 5.186629800185282341e-08 1.077449336966340036e-08
1.173793704365890153e-05 5.707470441942104579e-06 2.560105962162685048e-06 1.521107636278772407e-06 9.669095770834542600e-07 5.797525103583179515e-07 3.775151734579945476e-07 2.331711737083330321e-07 1.227408562861556626e-07 5.428749012382298103e-08 2.804436832148835515e-08
3.788892598020382038e-06 4.343853356435831301e-06 2.977319160342339276e-06 1.881779368342398712e-06 9.190905206283401975e-07 6.417582896719005586e-07 2.027206502420739816e-06 3.734743555329460269e-07 1.001877893633805746e-07 6.031888605336364054e-08 3.081574081192123390e-08
4.935244791258264735e-06 3.045551295690092291e-06 2.291551483590156741e-06 1.737887644706610961e-06 1.084725720905506264e-06 6.973821307119785855e-07 3.371178596491210584e-07 1.995577226296177381e-07 1.302314520344885827e-07 3.853258118261910612e-08 8.441597809328340356e-09
7.610081922653076437e-06 1.983161601193288371e-05 3.517162971142152041e-06 2.464377738918458149e-06 1.310646689121187605e-06 6.200114099432139424e-07 3.350441008389251589e-07 1.356381226367561504e-07 5.758701440868098530e-08 2.090158654352959527e-08 4.849957781818959110e-09
8.279727816716604913e-06 6.350162107009447455e-06 8.872711326406464415e-06 3.896901806069753905e-06 9.406221542283809869e-07 5.425545720622564577e-07 3.116104216412379424e-07 1.403416306411127608e-07 5.803475012061969820e-08 1.692417326059413523e-08 4.911061818841227947e-09
9.094148184607426993e-06 5.009680829098975263e-06 2.633681692213572534e-06 1.351832368479525908e-06 1.295151926934425359e-06 6.355829423970092748e-07 3.915835152464612382e-07 2.629324614818305822e-07 1.317677060019152586e-07 5.822407244115723399e-08 5.641808379339404920e-08
6.265148295606239180e-06 5.019643410210803528e-06 3.057983121699495752e-06 2.297614556743760680e-06 1.525141169510227411e-06 8.544042998959165470e-07 4.901655087049585347e-07 2.252031162028474293e-07 1.206277591286159039e-07 4.885286975516566826e-08 4.015752625047317050e-08
5.315507455777064441e-06 4.079113559008136806e-06 3.473969330137403597e-06 1.987775749582730571e-06 1.346247115389204272e-06 5.223239810900590010e-07 2.948801136338090163e-07 1.834094829324599782e-07 1.480635535469369707e-07 7.028133534430740854e-08 1.659362158106938409e-08
5.896812082554619825e-06 2.399675288347250274e-06 1.862469983668952335e-06 1.080165528977164043e-06 7.397991421173385791e-07 4.376466677993141660e-07 3.235807896423704045e-07 3.831805258169831491e-06 4.523941442519568196e-07 7.586384713150191579e-08 2.003879609236673214e-08
1.029882868642757255e-05 7.232797792795695185e-06 4.242723208988431082e-06 1.633369349163304976e-06 8.512595007905410907e-07 5.282272128397076050e-07 3.080148221681988645e-07 1.864841576978381567e-07 9.103196877320453039e-08 4.563568710518886792e-08 2.663998978201853183e-08
9.637186834942264990e-06 6.579119212313273501e-06 3.543097012550616490e-06 3.560315158720829444e-06 1.755423508033081611e-06 1.061711103646847166e-06 3.967847247212676331e-07 1.349928269450143840e-07 5.514839681077538338e-08 3.175009678067542060e-08 1.890559382995850754e-09
8.199276009076942890e-06 4.517319866456093146e-06 2.791109852348509591e-06 1.771000032742790270e-06 1.111842810334557220e-06 6.302499250372158366e-07 3.706420838124026152e-07 2.206625632118803667e-07 1.546430144651884713e-07 1.144891091008557088e-07 8.673846125508365137e-08
3.351253482962835930e-06 2.030495787235576321e-06 1.421327079729275596e-06 1.079567516411325883e-06 7.703599675077440636e-07 4.433136248621666543e-07 3.067095295733170134e-07 1.624930372016561988e-06 1.684858706070108313e-07 4.280430733647387169e-08 5.521375148156861517e-08
3.529454624798522928e-06 2.507325215251855294e-06 1.817736384474309475e-06 1.364940283336216559e-06 1.144451270392172504e-06 1.589483464860183486e-06 3.145972132042476748e-07 2.107033456006717585e-07 1.150558095377194543e-07 5.994982561155319999e-08 1.757118381872280767e-08
6.630298141494013966e-06 2.779410618925414196e-06 2.160306472376917022e-06 1.254385855076898359e-06 8.339605853447301697e-07 8.933471456491720946e-07 2.980814165729312668e-07 2.356414136777386970e-07 8.811336719901246632e-08 3.574643033323637290e-08 9.124509688860253005e-08
1.182425775295458038e-05 6.692712631250983560e-06 2.802151197729567619e-06 1.600707344595237943e-06 7.892275305405108022e-07 4.982035136522977293e-07 3.174666455565676703e-07 1.476201592768083972e-07 7.343919680351812147e-08 4.094960766345201238e-08 1.946186041233822701e-08
9.318297288950690838e-06 5.886235176312193669e-06 3.028496069116934514e-06 2.107950869471205224e-06 1.285741724552877017e-06 5.705788751993068657e-07 3.400470052788466004e-07 1.848233341193490406e-07 9.672589540341457356e-08 4.847835130042065133e-08 2.905871697961804285e-08
5.864302711773961218e-06 3.095852655378012349e-06 1.996721792765947903e-06 1.220127126496599229e-06 9.622432354849533628e-07 8.366666424671322997e-07 1.199393504017833697e-06 1.428721215577510781e-07 7.302076904150272018e-08 4.129401517649941227e-08 1.355239480836226459e-08
6.755039215259173627e-06 5.663910232418153856e-06 5.362776622334669319e-06 2.829899133035844244e-06 1.194718939196198622e-06 6.095093289711862793e-07 3.270767272759716194e-07 1.609077983651506451e-07 1.566185559404260405e-07 5.020853592391965367e-08 4.329879731670011420e-08
1.200539609265336657e-06 1.275304781553045357e-06 1.304126963636577460e-06 1.145719275482752699e-06 1.094063247326549218e-06 1.142750033005529219e-06 8.911981253336484095e-07 2.271717211216231693e-07 1.052906236465614727e-07 2.277453161479371831e-08 3.474012417223513542e-08
5.612148147099103992e-06 4.003607868599808002e-06 2.280581836408003482e-06 1.362601016841560444e-06 7.995076140128280137e-07 5.362618877210643001e-07 3.185666558809011516e-07 1.631231918778227560e-07 8.539753751295751092e-08 3.659114357634686899e-08 9.533383367593712091e-09
9.226787838234115291e-06 8.520281003374506504e-06 4.471663253652607865e-06 2.727623183018088674e-06 1.727710771331053081e-06 8.490509774730895994e-07 4.330344136880808364e-07 2.774361919984842133e-07 8.864574878116460559e-08 1.800744916209758639e-08 4.847623461169564113e-08
1.674682579170769303e-06 1.812860819837005879e-06 5.789900145975143750e-07 3.303180993940426871e-07 3.523825216556999264e-07 2.351199075472822119e-07 1.561130798160766840e-07 9.606957997959376972e-08 6.304457642192242734e-08 4.242302992655852950e-08 7.206698509503313075e-08
6.371998777613555356e-06 4.018570678045060977e-06 2.826956231226458431e-06 1.684378150585014169e-06 1.125554753077931002e-06 9.565835621349340002e-07 5.672170351751802943e-07 3.381419242480693484e-07 2.044059963365278008e-07 1.087134680183481025e-07 8.493868210299713015e-08
5.850998180464254667e-06 4.991678288136618802e-06 3.021016837111229346e-06 1.835063006650784169e-06 1.086518452343565365e-06 6.102398829592948154e-07 3.682985310921140396e-07 2.236901693273734605e-07 8.653834833888775303e-08 3.732172645534801178e-08 1.396068482292295042e-08
3.708102813264242573e-06 4.236778534090867246e-06 2.483845276392619848e-06 1.248705742023008249e-06 6.027549575939807452e-07 6.234761969775245007e-07 3.775501600054635087e-07 5.377403348519994623e-07 5.533419415778165783e-08 1.431957923687500699e-07 2.476243606733209687e-09
2.433617340556783650e-06 2.339535923171981759e-06 1.284339289401584713e-06 9.177524885643266432e-07 6.180371191282286374e-07 4.580943757472632487e-07 8.942341174029631527e-07 3.196937392296356977e-07 8.917000173923266620e-08 4.144708022779014143e-08 9.380258804109079312e-09
3.299245777230873269e-06 2.269472424654080917e-06 2.120790428992562199e-06 1.371421051518886172e-06 8.445398665702611277e-07 6.677391341987176924e-07 5.821015856168988966e-07 1.689383000850430377e-07 1.471458423737961381e-07 2.703400097343540174e-08 5.255179910128044928e-09
4.722031151985484597e-06 3.607604277148737438e-06 2.465289074576738696e-06 1.212003408062578028e-06 6.429009215568998888e-07 3.639494474532441858e-07 2.361343032918705627e-07 3.600021189452126220e-06 9.951694732440053412e-07 6.662135272559052935e-08 1.411537582843050869e-08
1.424195200545343075e-05 4.473863426613161804e-06 3.273713817058670723e-06 1.741910781740023926e-06 1.163823082981199642e-06 8.235979118198121494e-07 5.635997054912989944e-07 1.163592993667933399e-07 5.190077744930874041e-08 1.046364301328636388e-07 7.262550102182413414e-09
9.777237073678852309e-06 4.154108772417317693e-06 2.239670018761354932e-06 1.555117054533206154e-06 1.147883555255390609e-06 8.115781823983936235e-07 5.584633048816954482e-07 3.800078483047157634e-07 1.879348282837215536e-07 6.517295106880872636e-08 1.245014909046269938e-07
1.677705170046224661e-06 1.473727533403114202e-06 1.183069935300836292e-06 8.240697443239175928e-07 9.151850875195012383e-07 9.247931781930291193e-07 3.750958152946536223e-07 1.044610515219924743e-06 2.087081150354339148e-07 5.045759768161678444e-08 2.849200059109989543e-08
6.124730024202255010e-06 3.643085693797612797e-06 2.438535989184230968e-06 1.634776180628692409e-06 1.014423417731868556e-06 6.320169745040627415e-07 4.873146823202503238e-07 1.720431656529247288e-06 1.226016670354522576e-07 3.455309662108251056e-08 1.432531338866737898e-08
4.311318236742139983e-06 3.030769269148380342e-06 2.244383682527142008e-06 1.388693994411238055e-06 8.196622883707985826e-07 4.697296780642705916e-07 2.784646540438172406e-07 1.613854969801795235e-07 1.073086579196126840e-07 3.972449841889791281e-08 2.101662095486857627e-08
8.171958712540389240e-06 3.974707445450467411e-06 2.395706817006925180e-06 1.329062408323455748e-06 9.106152160678237754e-07 5.363280392528922934e-07 2.763642513689431297e-07 1.321780419063497354e-07 8.019269876291528169e-08 1.446257860739798233e-08 2.462859720171177486e-09
7.003114799775744032e-06 4.104792797995356132e-06 2.262722753269162304e-06 1.592440392776918501e-06 1.069357363345720843e-06 3.019844124644373378e-06 6.431696376892540173e-07 1.475016992244684290e-07 5.594713234974081087e-08 1.209722066096242688e-08 1.936732877091887116e-09
8.640318449924369173e-06 4.776633840910185260e-06 3.724898070886976158e-06 3.586573528582622084e-06 1.237869187076632310e-06 5.834364307703361343e-07 3.599027571939789445e-07 2.335153931956213391e-07 1.114026724856225139e-07 2.566856925991462216e-08 7.011550083343958889e-09
1.072233533318074495e-05 5.841147585538345340e-06 3.101897523708166042e-06 1.505277833523689731e-06 6.293070327901052875e-07 5.486195182151041199e-07 3.792363375262888341e-07 1.782339379601756275e-07 9.196595360242094212e-08 4.474561619061438777e-08 2.567899938158515730e-08
4.566373446403305890e-06 2.871608497715690718e-06 3.478934896905915088e-06 5.803813111802593407e-06 2.114732781079709256e-06 5.995720685128981949e-07 4.258251778920527185e-07 1.744929876721175255e-07 5.638147805611354444e-08 1.747568869647112391e-08 7.136476956801975670e-09
3.393713129431461101e-06 1.989338236945712661e-06 1.454970614843270177e-06 1.026207628094408969e-06 7.232326313766943054e-07 1.047737238357933383e-06 4.289037052245271814e-07 1.645343885679008768e-07 9.537565872793432794e-08 4.763803964440328576e-08 2.063572607410031725e-08
5.032855582534099739e-06 4.410222977231334393e-06 2.590282449458870114e-06 1.429119872604350689e-06 7.247912095933750729e-07 5.283489100605811261e-07 1.260242816882255448e-06 7.441745086217650315e-07 1.410451373669407317e-07 9.314339427032044259e-08 7.964588500106934637e-09
4.818024105025811590e-06 3.074073824568055286e-06 2.344608139322863073e-06 1.458528318563180677e-06 8.739875176707671369e-07 5.444200917531273408e-07 2.956602670162189911e-07 1.486599618280620296e-07 5.153316920039618969e-08 2.310830441382631595e-08 3.360662708738669641e-09
5.270125549100905325e-06 4.850399200947428195e-06 4.166592729710058656e-06 2.194530143564663172e-06 1.190046485653342347e-06 7.005644776828510776e-07 3.466831600579443125e-07 1.155440387282414711e-07 3.729345241838593582e-08 6.077241011992899105e-09 1.274014594709696130e-08
3.752880884809601505e-06 2.175181506885313738e-06 1.381177099436201899e-06 1.124865663256994115e-06 6.998086562807447420e-07 3.662873824201009842e-07 2.417271124335980059e-07 1.691473503333016132e-07 1.060045379804930631e-07 4.804036794563550991e-08 1.610079985572121417e-08
2.207167130262752799e-06 2.251882361531045883e-06 1.248821213624200590e-06 9.629971008419850504e-07 6.992227495821077790e-07 1.184197711362451629e-06 2.480813323318388860e-06 5.944404290133681806e-07 7.847253114350502009e-08 3.647271139229934132e-08 2.029365163297310771e-08
1.864887893452154603e-06 1.638416527126737283e-06 1.368193748644584305e-06 1.007543405374525039e-06 6.905021267577950403e-07 7.231038868687791660e-07 6.433291288082547640e-07 2.914292588155635736e-07 6.119838058921015223e-08 2.110224748258148257e-08 8.146575805859279804e-09
5.403628644690375433e-06 3.461651239993410060e-06 2.032678722955258490e-06 1.380143437956238413e-06 7.533856009688619330e-07 5.123321134878404445e-07 2.656487922515501094e-07 2.026737677656199329e-07 1.044675632201033468e-07 4.346512589008421992e-08 2.797970963332810262e-08
3.756562225675424748e-06 1.997127826629062828e-06 1.771609851908293714e-06 1.195525366298973974e-06 8.288867965286114287e-07 4.633985067053978820e-07 2.741761881940074701e-07 1.446312688400657167e-07 1.099473059300856987e-07 2.263383201763601221e-08 7.641314474435708276e-09
8.454120519472794817e-06 6.784160859216196465e-06 3.311661717905915214e-06 2.231251991223215781e-06 1.577287391642626344e-06 6.590289557837195243e-07 4.387627531452035496e-07 1.053695604462159500e-06 1.676357284882438718e-07 2.107307139572511646e-08 3.884660391280775011e-09
4.217154876648999443e-06 2.888201380233627851e-06 2.728645352835143774e-06 1.818505705575354416e-06 1.264855926015097677e-06 8.979179023709625749e-07 1.608004258072721895e-06 4.902466612015653040e-07 2.961445272814175521e-07 1.680659457638284541e-07 9.101814241737819832e-08
3.250331705151522924e-06 3.007099715089218297e-06 2.415113210808286089e-06 1.160663665648520160e-06 1.059963783747141751e-06 8.055988213612236842e-07 5.561704765654697883e-07 3.331960900347308358e-07 1.688850815186517426e-07 8.493141560504604139e-08 9.378214328819679437e-08
5.016265744053239387e-06 3.727844782328396940e-06 3.555296644198324905e-06 1.474085678821174439e-06 1.501287446963549865e-06 1.211773123839822371e-06 3.408166466185596403e-07 1.653353361483196437e-07 4.496263081439537634e-08 7.355011839904200229e-09 3.448457902884727508e-09
9.768433098207139297e-06 4.245502823249987397e-06 2.638082229569990501e-06 1.614988733692695386e-06 1.127242296107359830e-06 6.610744906869663898e-07 3.987581010343642842e-07 2.293406539626966203e-07 1.088132946245012760e-07 4.069119189394400246e-08 1.795880107109308823e-08
4.304705537161219719e-06 3.437338360138223840e-06 2.024824510651381304e-06 1.471643593348237133e-06 8.053043133730871162e-07 5.419191242690881498e-07 3.145210647804809151e-07 1.824552664996780635e-07 9.059896560190936293e-08 4.611258180854034180e-08 3.874751652118262345e-08
5.770144805804852226e-06 3.692641583441851966e-06 3.548703497560385867e-06 1.769143128459887528e-06 1.082110106805430084e-06 6.678981253078693379e-07 4.136380852289077739e-07 2.905530437942421399e-07 6.837991838423125877e-08 2.524356194288922731e-08 8.494804547553397312e-09
7.267797738317449476e-06 5.427435053462751789e-06 2.349008280735932555e-06 1.356489839461014772e-06 8.164140548282079359e-07 4.613160566658414207e-07 2.290266197448501195e-07 1.547384633908058654e-07 7.342324855469561391e-08 2.717429264977761463e-08 7.086699275980143388e-09
5.926365286310943453e-06 4.626091269535891533e-06 2.227318604011828372e-06 1.512474345989283795e-06 1.025568686963069992e-06 5.247836298500415555e-07 2.531586851630179157e-07 1.457400648870793421e-07 9.373606670538536218e-08 2.258210120028126703e-08 5.477333654074496970e-09
1.087271851375903620e-05 7.615481912661387682e-06 3.046202555343071006e-06 1.496655804733061682e-06 8.785711284996049409e-07 4.958918086069993968e-07 2.896712307415071880e-07 1.591830855761227675e-07 7.286070685628827642e-08 3.415410667466282445e-08 3.197946323379582061e-08
5.018111574215469219e-06 3.491114381086319316e-06 1.533263790528652893e-06 1.073695847016608472e-06 7.707731173977179579e-07 4.025817119745167082e-07 3.082903827994415797e-07 7.700189425628856164e-07 2.305728518536413377e-07 3.904748792981169568e-08 2.391395296308624444e-08
4.256698132342305330e-06 3.421715266368705709e-06 1.923359373098006782e-06 1.172598646447206043e-06 6.975058591669528049e-07 4.735132751870933567e-07 3.137374662553086163e-07 1.710176227927189002e-07 8.284709181205116137e-08 3.136435331590216737e-08 1.267425948146858327e-08
5.430044384254080832e-06 3.054397984551511437e-06 1.969487695854505782e-06 1.226772474900164300e-06 8.294880055366998359e-07 5.672518375104386180e-07 3.218339382194999147e-07 1.745130198638383309e-07 3.399284972955896182e-07 4.419776437881652733e-08 1.788429499804711055e-08
3.709393362354301459e-06 3.313292080290037388e-06 1.901844826276908754e-06 1.240302256664877811e-06 8.971471941737295764e-07 4.975187924329678620e-07 3.031765121431062087e-07 1.682885046802049971e-07 1.337852829252041295e-07 2.462351043684054208e-08 8.112835568144526964e-09
8.736333364842311598e-06 3.748120085491262240e-06 2.244364014099127171e-06 1.302242213866991505e-06 8.738985561038063889e-07 3.778725879616814993e-07 2.473216326967145740e-07 1.929589980562681541e-07 3.707672563688433452e-08 7.599741691704595016e-09 3.965725932802632899e-08
6.845627226768382998e-06 4.224439688722093603e-06 2.724654712858840986e-06 1.952739088029972554e-06 1.138077991513274704e-06 7.504102191335998146e-07 4.504705391520334469e-07 1.719676603835713586e-07 9.138448431436548037e-08 4.110605305287043136e-08 1.455178855004856523e-08
8.718634231327673876e-06 5.430035313040942378e-06 4.320048361279693375e-06 1.959683582428734203e-06 1.121594588651560659e-06 5.913919627949281659e-07 3.532211413578335077e-07 2.069961208999104031e-07 7.527431741800791535e-08 4.529160569479630724e-08 4.544149348487159439e-08
6.665626831222604279e-06 3.220830483327608496e-06 2.569899509419128389e-06 1.435869627121790132e-06 7.780316929942758437e-07 5.111076346537485211e-07 3.040216018995016912e-07 1.513131127613683056e-07 6.537212323975759330e-08 4.053278202226907161e-08 4.095605771458441161e-08
3.314873166774497790e-06 3.637083626097452814e-06 2.480668631713434730e-06 1.408508779424841361e-06 9.706919949609811652e-07 6.558108817212208279e-07 4.360508220442359856e-07 2.186946776569053182e-07 8.517490577700828967e-08 3.633433622353640287e-08 1.203626418517425086e-08
6.788264895795923939e-06 4.427325750331386786e-06 2.463141650290400874e-06 1.597474365124097767e-06 1.275841768613105981e-06 8.377629637882613085e-07 3.236259084493674686e-07 1.546957336796167879e-07 6.795212521921575517e-08 2.715601210312184315e-08 7.891654274925758903e-08
9.622659862896879655e-06 4.888390053111382173e-06 2.490002120022247264e-06 1.554215277883278251e-06 1.543429372363408206e-06 6.822657406398640799e-07 4.203090993177889182e-07 3.205505073750191600e-07 1.531599804115276850e-07 1.001513802749082322e-07 6.692430783323079636e-08
5.544041233286855918e-06 6.291601368295482278e-06 3.136874951872082111e-06 1.790024855914600626e-06 1.220237981975443574e-06 9.399912432788435615e-07 3.756967314193750742e-07 2.339395428639188620e-07 1.210930339725538317e-07 6.400916563583525165e-08 4.257519133884863558e-08
7.826717083032185758e-06 3.914470588655895722e-06 2.121855508950242992e-06 1.583840233138870547e-06 1.044382592551190244e-06 6.107125993374569719e-07 3.256670405853323111e-07 2.541018793220032466e-07 1.165449073817660567e-07 6.640583522846348962e-08 8.301140250331924641e-09
6.952574176005279199e-06 3.303774958887618989e-06 2.292040079120905957e-06 1.520892284527767895e-06 9.475718018543188360e-07 7.051192857818592716e-07 2.439240961799234152e-07 1.147216180967229343e-07 3.233626310339723938e-08 8.722509767158485198e-09 1.782490642555225092e-09
1.555744855446713958e-05 7.281336351652268205e-06 4.098633827377800432e-06 3.220669333076637810e-06 1.889870612134865874e-06 8.914020367096934654e-07 2.801416536595795599e-07 1.651084922540014737e-07 7.729824441446040109e-08 3.951052689069012055e-08 2.174233635197062637e-08
6.280612211447219833e-06 4.307011297560003358e-06 2.597873516522779210e-06 1.609031358253002394e-06 1.017895466472423620e-06 5.341775015670468653e-07 4.006842818221647780e-07 1.997349380011030436e-07 1.141326848531461550e-07 5.438205220511438191e-08 3.414026239940650544e-08
6.596021836727986750e-06 5.835871811399595228e-06 4.339242279666994875e-06 3.239758855448292422e-06 1.307951476102833998e-06 6.559118046827021839e-07 3.827273801359790813e-07 1.789216654788977589e-07 6.872321674408414137e-08 2.740617588016162366e-08 1.435733842650826612e-08
8.352673267947891908e-06 3.828262710733788758e-06 2.201968514444867818e-06 1.230156850183662637e-06 8.654780075174829884e-07 4.580688394795750154e-07 2.942616325040240237e-07 1.606428070302656578e-07 8.776236116810877739e-08 3.221303358434952720e-08 5.598215732025404186e-09
7.961291616847408594e-06 2.795829077608750617e-06 1.881532367120155115e-06 1.630160165442156172e-06 1.070047451796911038e-06 7.010215592471369011e-07 3.917118567257922124e-07 1.890614067591031635e-07 1.035970316974996080e-07 1.141562700824103302e-07 2.472945522133251697e-08
5.621123698964527057e-06 2.794366531872222136e-06 1.654403334122463403e-06 1.606324954044842848e-06 1.275919136103566396e-06 7.966416712679592883e-07 2.440050419946583856e-06 2.504177619711137641e-07 2.569648938449956286e-07 2.782036539103561306e-08 1.087026187091079070e-08
3.779075322933171546e-06 3.287480957374826192e-06 2.061763544720487282e-06 1.187412836536046317e-06 8.857835302946882962e-07 5.952747477251008840e-07 3.286804211966931149e-07 1.579458574699299230e-07 1.108770982692984611e-07 3.613556121643179649e-08 7.132900722232284557e-09
4.624768388103067242e-06 2.421958465890221735e-06 1.827195814113425665e-06 1.180527074459747802e-06 7.835402182784516891e-07 5.334375513593434586e-07 3.768867034440230749e-07 2.018649143676126900e-07 1.027111452738116676e-07 4.926081940604588181e-08 1.418966222658411898e-08
8.615173891641430480e-06 5.032846851590224552e-06 2.244939154960194258e-06 1.165034262016571405e-06 8.368068408043205818e-07 6.196331587575004708e-07 1.120902180949011061e-06 5.238431073753203572e-07 1.162555242989525754e-07 1.748409705048509007e-08 6.573807630915576501e-09
5.409587648099623708e-06 4.171937478569859657e-06 2.785598710092865981e-06 1.487394013895202366e-06 8.500514680195671458e-07 5.623921215609716170e-07 8.813692942520481433e-07 5.933164983662616228e-07 7.877691528375177631e-08 2.729025905447566804e-08 7.855409377203446275e-09
4.955678605553815596e-06 3.522203003679642205e-06 2.259632257909501150e-06 1.912167661315094127e-06 1.273521712250457426e-06 1.716000372007786178e-06 9.144051651202318577e-07 2.986216222806320383e-07 1.403317308569863409e-07 6.344446213700209061e-08 6.491786819339936378e-08
4.209193190612685551e-06 3.997953125294573273e-06 3.133946574700306447e-06 1.821487657697943990e-06 1.074678447152643295e-06 5.388575464744976804e-06 1.606747631821470016e-06 2.776608626792069904e-07 1.259669905196531472e-07 3.136539300085262418e-08 8.464252198013120321e-09
3.793506942602979208e-06 2.170834732725526736e-06 1.501602128795596914e-06 1.039853981638227069e-06 6.929676700555672762e-07 4.327031665661622219e-07 2.642477323589819652e-07 1.824891377025943822e-07 9.406977193445620811e-08 1.824239398166136482e-07 9.310831497971492427e-09
6.245634931232694929e-06 6.010590337782163447e-06 1.425856177642735988e-05 2.033415642965396564e-06 1.043184678811845429e-06 3.384679227570924876e-06 4.313823490365733870e-07 1.495609842571637488e-07 5.836694960151110640e-08 1.694399211876115693e-07 6.880426362903434874e-09
6.446017843715100177e-06 2.942885956170432880e-06 1.819811785219165756e-06 9.641975645706105964e-07 6.853098080581041625e-07 4.220709497238847543e-07 2.490477394243243054e-07 1.761767151294260802e-07 1.737388602830596041e-07 3.667190144728848369e-08 7.971418415448233287e-09
7.998955664758380032e-06 6.091074578108881755e-06 3.985875233732137666e-06 2.423899907387995273e-06 1.324698864924287757e-06 6.020155132855154994e-07 3.245087045705494778e-07 3.384750340914868468e-07 1.020563661740228545e-07 5.121062981934946735e-08 2.285602428458726189e-08
4.306683840826381888e-06 2.913107615482463503e-06 2.129765799846978366e-06 1.749625301096574175e-06 1.026343210053390460e-06 5.093678527289285010e-07 2.959825308071536831e-07 1.506071831042221850e-07 7.523328246890765899e-08 3.179955222928194195e-08 1.514087666228455286e-08
9.443211015908554117e-06 6.664081246635943246e-06 4.424984718676864694e-06 1.638321431098716580e-06 1.029281070429669089e-06 5.452334090068179244e-07 3.640544012961948857e-07 1.963960752564707912e-07 1.074475634466705693e-07 4.725193346705488729e-08 2.245762517065383676e-08
8.215257961727562557e-06 5.709573989598746332e-06 2.311863432341899514e-06 1.592020956237955018e-06 1.131488411901837126e-06 4.911270286955772591e-07 3.842758739575631109e-06 3.438683327003747039e-07 8.371431120066822727e-08 3.761839087609011969e-08 8.733064365768017282e-09
7.562038292326421267e-06 3.524004875509738981e-06 1.982995229098955325e-06 1.271112098618232664e-06 7.798739738084359526e-07 5.386151802877892115e-07 2.704843940623461001e-07 1.554059626158741386e-07 9.041380904778545652e-08 4.761590405983502631e-08 2.729948163893860400e-08
5.090706785609843148e-06 4.938884304623855092e-06 3.541177152510716181e-06 2.262929641073411733e-06 1.481838949861367377e-06 6.036709574498116941e-07 1.578874451507254364e-06 1.696975536823305489e-07 6.861062532256808718e-08 6.199078483492479622e-08 1.634231662509316580e-08
1.067199633810262959e-05 6.513209203291525224e-06 3.763914921450849694e-06 2.167438469110948494e-06 1.106349648568759540e-06 5.317454033867936586e-07 3.168402652651807424e-07 1.743692095771285538e-07 8.076563847766731027e-08 5.057816043463797922e-08 1.290707595977718278e-07
5.015195727844962931e-06 5.221567716978955262e-06 5.211192423922719061e-06 3.954132978960936810e-06 1.664417828770225250e-06 8.551963163997230651e-07 7.897486640996808079e-07 3.013506662273961217e-07 1.346208908103056479e-07 6.625141411938943461e-08 3.294604439675741587e-08
3.849611523232025126e-06 1.475221618114900592e-06 1.460734969674848464e-06 9.477096342850936643e-07 7.951221414520488576e-07 4.741627576631297074e-07 1.623991854330843791e-06 4.124176214814780208e-07 1.477076934725921461e-07 1.230923906808333965e-07 3.634680331060187431e-08
6.372598048080554839e-06 3.874123671352858567e-06 2.737869892135037086e-06 1.818744727741842877e-06 1.321419562400461914e-06 7.782542499536139170e-07 6.192380834143421664e-07 2.081779211805122810e-07 9.666310912598784774e-08 2.660022761201346801e-08 1.480065306658974650e-08
7.452156054543176422e-06 4.705861190063526785e-06 2.185339027691169856e-06 1.347043236138889167e-06 8.393570162611269119e-07 4.324346132482704057e-07 2.937008261574925629e-07 1.565000856237061155e-07 7.744056297546680380e-08 2.850253654691505061e-08 1.160956316492689761e-08
2.314382332355290184e-06 1.941264120747121411e-06 1.291266749898431761e-06 8.095857282002474298e-07 6.151751265778838161e-07 4.918410454807024418e-07 2.723051314538227840e-07 1.510002171149572819e-07 8.717731198589063526e-08 4.771266134081359242e-08 1.789381639534288282e-08
8.582015730834342961e-06 5.590674872502294784e-06 3.343524579772074931e-06 1.538830999959142939e-06 9.069493140010877008e-07 5.395090207528891364e-07 4.648014576968615472e-07 1.728266628354525852e-07 7.246066104309657705e-08 3.138593613622851410e-08 4.709108057439830724e-08
3.057964861651072403e-06 2.054842473863032572e-06 1.878334923655847264e-06 1.362519401411374943e-06 1.031020413346253721e-06 9.519631447479848108e-07 5.831283959384704276e-07 1.087971861586870055e-06 3.104264559775801658e-07 5.879722281571161933e-08 1.109303705370834485e-08
6.819307252483073610e-06 6.340436129675639619e-06 4.493131687905405884e-06 2.420203851440149897e-06 1.230951246752809334e-06 6.095399580297619292e-07 4.707372358660303815e-07 3.283531584176795890e-07 1.847666761273452547e-07 1.035718510295420059e-07 6.554886044987404310e-08
7.514145590639302537e-06 6.703241946367943437e-06 5.123993077584062004e-06 2.673254478122425196e-06 1.159205017838217602e-06 6.489895651688434186e-07 2.471291117751043069e-07 1.288336686040326024e-07 1.197792793446851915e-07 1.893511286501489403e-08 2.940914789858226586e-09
6.519872175293737054e-06 4.576573925599250937e-06 2.912132068875111139e-06 1.927600889786869174e-06 1.094742570446907209e-06 2.329121566387930452e-06 8.467708318052441020e-07 3.447978944864854861e-07 7.868954374115164023e-08 2.687399907890917178e-08 3.834983566188081037e-07
1.059062818681718970e-06 1.549183925845608188e-06 5.078148760641014400e-07 6.008217671972656158e-07 4.350329751027714510e-07 3.283606260176650884e-07 2.664181479445588659e-07 2.693365566764223028e-07 1.840180064236762674e-07 1.348936384351315987e-07 1.070842903062032849e-07
2.988748411937234999e-06 3.847452368106560998e-06 1.787846926063921584e-06 1.184084742859318255e-06 1.059450293323473391e-06 2.520397702504702006e-06 5.789525729117653148e-07 1.336303626106145662e-07 6.751264594099476185e-08 3.049216499913563166e-08 2.272335862067614659e-08
6.326663731814019378e-07 6.125491637725529138e-07 7.326998016640508640e-07 6.101014180344524819e-07 3.999910427517037218e-07 2.108155340556621384e-07 1.290785281755297334e-07 8.730681098773351189e-08 3.982136646681517850e-07 5.940339547903519137e-08 1.944491068099413517e-08
2.790726408218593683e-06 2.058671081287995333e-06 1.503367925488829581e-06 1.412110413706465473e-06 9.708220600945259805e-07 5.308797919101718777e-07 4.494071644984452014e-07 1.981422938328387190e-07 9.761733796747994521e-08 4.869037198890517272e-08 2.100396082266328112e-08
5.379028259764226791e-06 3.360173172090178638e-06 2.056755191532278602e-06 9.810854290266664976e-07 6.109448272318473472e-07 4.349713630797039517e-07 2.411091252416342754e-07 3.456558049475758759e-07 1.134395446653721623e-07 2.973135523377881110e-08 1.255585327527991712e-08
9.835824364892092341e-06 6.426622399658239525e-06 3.419881385300584243e-06 2.579321748230489238e-06 1.438991514098355808e-06 8.219475676454181287e-07 4.752583836018059433e-07 4.050982564397733861e-07 8.885234389819423420e-08 3.210256813559357776e-08 9.288718418054233537e-09
4.020936257853762233e-06 3.140492774149019866e-06 2.248880339268505755e-06 1.924926843686865001e-06 1.252990269428630298e-06 6.342553823282226664e-07 3.490531340704280419e-07 2.172886890418272723e-07 1.090741598539382466e-07 4.045952361302352861e-08 6.179391327455387739e-08
5.671292607987330605e-06 3.944197451467549944e-06 2.741458472716737312e-06 2.176592370111229513e-06 1.124210611615718439e-06 8.438154234633349779e-07 4.339423184894695006e-07 1.624418288439523987e-07 8.085375698809996387e-08 3.036470597533780840e-08 1.106365823457647311e-08
2.047323208747719375e-06 2.074579056668285969e-06 1.303124212166979010e-06 1.529263987908246358e-06 2.143925286212750490e-06 1.347260921679199100e-06 1.556852250476232499e-06 4.797913093560227383e-07 9.804894001391961083e-08 2.847652361457241554e-08 4.546802977715251558e-09
4.637436403532883543e-06 1.794153380381098957e-06 1.323041697348118083e-06 8.519402944731101453e-07 5.645390560807683651e-07 4.673188930357936399e-07 2.254020779707412725e-06 3.185453914426557259e-07 7.217827635705128866e-08 2.594577339428303724e-08 4.551868031217633469e-09
3.779425658266436630e-06 3.288768904488749051e-06 2.376316731598533637e-06 2.030473015101714179e-06 1.307424338803829347e-06 7.884756994638318462e-07 5.794059919052366449e-07 5.466492484990399560e-07 1.607948572858587062e-07 6.824227692417594868e-08 3.316324210346436143e-08
7.392271704114396239e-06 3.734598805188979830e-06 2.503526562700037838e-06 1.299711948337387366e-06 6.580979476342413972e-07 4.004673735961493438e-07 2.611991327936162546e-07 1.651303545853608165e-07 9.869555119912436813e-08 6.051822228605138839e-08 4.561055265872866238e-08
3.352091735150361307e-06 2.847375663552051567e-06 1.599318559138518862e-06 1.127672279877541956e-06 6.867983667480603611e-07 5.015990740497646887e-07 3.089929844133460310e-07 2.050221589747608688e-07 1.000745135564838063e-07 5.687870518057725788e-08 1.570468761467314548e-08
3.735336881776663465e-06 2.473225854040294489e-06 1.865493487022041446e-06 1.204415144383181977e-06 7.292575107818668649e-07 4.426916358170148447e-07 2.463233654901224085e-07 1.281159049092527348e-07 6.802050175427009483e-08 2.907860077676523807e-08 1.168888440023000338e-08
7.240400801766494517e-06 5.390451050101578297e-06 4.283567805823288867e-06 2.880418973307465430e-06 1.183939123309008784e-06 5.373198867105028365e-07 2.811366681403878476e-07 1.821192792936432121e-07 8.473870119818630991e-08 3.497069731642426703e-08 9.766226854825174718e-08
6.143909372480710111e-06 3.945686178407221911e-06 4.429105504102085400e-06 2.681965972269173650e-06 1.284319603901280105e-06 6.323328798380099416e-07 3.306898467912145637e-07 1.641372367275251929e-07 8.672741319082657925e-08 4.199403678581928924e-08 1.721523229111447076e-08
2.219611605014696822e-06 2.025672308185947728e-06 1.448282386516275285e-06 1.195865590188337741e-06 6.777083872851798173e-07 4.734092590628550467e-07 3.309795014596206239e-07 4.334263175511418043e-07 1.223305412650688639e-07 3.793550078002831575e-08 7.360933916842464642e-08
7.306665321263641282e-06 2.742871208965753281e-06 1.552613428137195804e-06 1.007240311458678375e-06 6.941297701333470687e-07 4.838662750579292100e-07 3.174103617988515632e-07 1.928625724970142971e-07 1.026867064301875501e-07 4.487219335393121324e-08 1.925790566900620503e-08
7.289100358417112101e-06 4.027005715599414962e-06 2.113745232999943094e-06 1.576915007428444096e-06 8.491285666050434893e-07 5.475361185805955488e-07 3.051256449833018685e-07 1.716694937550906858e-07 8.568096537073851590e-08 3.752824705912399782e-08 1.010898383350143803e-08
9.866613686166001936e-06 5.990734772296714387e-06 2.638250429972043864e-06 1.272758972178391862e-06 7.847539802394870456e-07 6.457173826879639387e-07 2.852627492131733319e-07 2.014916561523528365e-07 1.209492560769969448e-07 6.521711327438040885e-08 3.279351493816270043e-08
4.206804104897136390e-06 3.275559536089364300e-06 1.131683070927627940e-05 7.250594551631098747e-06 1.164449079696526067e-06 5.345892380848380390e-07 1.116106422143273291e-06 7.928073352846496414e-07 8.273315223244332324e-08 1.720694682126685267e-08 4.747772130477715220e-09
4.929712465007464270e-06 5.688585656860286158e-06 7.137084556026984052e-06 2.618130974765145076e-06 1.512455411638565495e-06 9.045540481233382178e-07 3.648152774518596522e-07 1.440151711474566515e-07 7.053520299606792532e-08 3.169495971585559218e-08 3.224864563624478397e-08
4.081422879013781321e-06 2.447144711160743902e-06 3.048447356176764925e-06 4.786029811270662852e-06 1.296851518968627197e-06 9.515018027450303700e-07 4.309144250067986534e-07 2.247413405359939553e-07 5.835772508993298255e-08 2.021265709220208759e-08 5.152504733249939191e-09
9.646836724544275769e-06 3.583396085895048656e-06 2.568647529320091843e-06 1.714477278931808673e-06 9.534551924001867959e-07 5.986166855973916267e-07 3.941139152580471983e-07 2.169247285190650305e-07 1.108688492934057476e-07 5.821326286210028433e-08 3.309299866368565460e-08
5.652315217047771500e-06 3.270822936561027474e-06 2.476169136668224675e-06 1.456080996358784111e-06 9.931385625361671798e-07 5.926123898324303056e-07 4.891333640732478228e-07 2.006599254576433425e-07 1.147725637146384892e-07 5.148583988176944439e-08 1.091148520705387040e-08
2.280397125338022326e-06 1.815811243926836012e-06 1.454058521607167583e-06 8.499568289968238454e-07 1.063046046098827764e-06 5.183097166327289157e-07 4.084859679111203685e-07 6.450578564423869766e-07 2.290494158071244060e-07 8.795178912749842464e-08 3.459154138712057192e-08
5.937994076195501820e-06 2.951110289069820029e-06 2.083967560933695782e-06 1.173115265825181021e-06 1.820994253306073263e-06 5.971696148651442810e-07 3.831050721618941598e-07 2.139102103831969461e-07 1.462168452990091008e-07 7.194419854520150721e-08 4.083305313433265524e-08
2.111888703397227377e-06 1.763909005245439140e-06 1.712698694815900309e-06 1.473705851189135803e-06 1.206283464447008024e-06 1.579034973469135510e-06 3.914528755773176734e-07 2.000520611805960865e-07 1.018018583954372537e-07 3.112931050697087112e-08 1.025227691400874639e-07
5.850967225048045807e-06 5.916572153222775933e-06 1.944984038477467311e-06 1.102291967349719358e-06 8.083563226236256971e-07 5.448694445570922751e-07 3.455765795069308286e-07 1.781595048616500121e-07 1.313396538283759303e-07 8.062412097377489054e-08 4.358699728656850518e-08
1.156906745358209153e-05 8.854958483361598562e-06 4.397481071435815691e-06 2.844368131665687371e-06 1.406738770899866039e-06 6.212996226327679066e-07 3.164329733744371281e-07 1.605252689467928970e-07 7.718932878928990642e-08 5.388588290036451630e-08 9.801894775004948012e-09
3.383697371178544160e-06 2.251672883528113576e-06 1.452215054786255814e-06 1.201508047667267065e-06 2.131523230172202680e-06 7.532391507015377545e-07 6.157064319921503603e-07 3.248618773546700506e-07 7.501117855606529091e-08 1.927792538168275206e-08 5.228256712906373862e-09
9.013043297717641652e-06 5.643592627575965563e-06 3.998978940038108441e-06 2.990887047161644536e-06 1.912248368163753276e-06 1.742303564314619418e-06 4.235358065445403022e-07 1.257882509957110736e-07 7.136979579976017810e-08 2.734435363135078720e-08 8.939512334655960319e-09
4.477562372793743142e-06 2.792445689915941380e-06 1.989356332843592249e-06 1.221769395479331647e-06 9.511067902687567255e-07 6.022902301571069986e-07 3.862240944944212326e-07 2.793119246541090395e-07 1.765121573264434535e-07 1.046183437243050773e-07 4.907401710429569159e-08
1.398082478078114833e-06 1.395184269055271869e-06 9.705063861482010592e-07 7.921998429788084792e-07 6.255863546900677246e-07 4.219656790596703030e-07 3.319630281522028623e-07 2.366568860385676430e-07 1.352123584368526980e-07 2.166668707685931390e-07 6.148927359228126347e-08
2.836137977330300766e-06 1.838428516613815708e-06 1.136475386265565913e-06 1.274588105859268750e-06 6.414069359806604116e-07 3.545684522343424389e-07 2.366402161828941030e-07 1.245932177865815052e-07 5.398654860152841536e-08 3.187847262862347775e-08 1.352603729319013151e-08
5.830833578304729185e-06 4.468868669214788348e-06 3.149578612538858867e-06 2.910388188313611032e-06 1.366533229332660446e-06 5.686777173888819425e-07 3.748731101295713974e-07 1.689785350656776919e-07 1.104577678897969118e-07 6.531487726286470096e-08 4.655192870851432322e-08
4.494595857281692485e-06 3.157688728878196606e-06 1.895171353412420375e-06 1.268542506402735619e-06 9.255380707846937591e-07 6.956273731501520903e-07 4.689222387980520080e-07 2.715866817382883060e-07 1.860204623802104079e-07 9.306156666042367823e-08 5.193970274496954504e-08
4.202829579089951997e-06 2.797928451670474336e-06 2.029405940045683824e-06 1.310823966318218547e-06 9.523415731953943063e-07 7.459901039364987126e-07 4.465668014732732508e-07 3.086972466707367709e-07 1.572761296076777183e-07 1.013554824625818033e-07 4.630278504434009895e-08
4.859218244346878310e-06 2.688166486721281722e-06 1.808188846078875592e-06 8.809949587623613518e-07 7.379974798914755265e-07 3.807483885795010787e-07 2.794310658906427100e-07 1.429776348590081608e-07 9.449085149143907723e-08 6.962935988382447145e-08 3.402696443367586554e-08
4.038339952813268546e-06 4.093017793195659622e-06 2.790577871999724927e-06 1.389843790937978074e-06 7.654773695102961451e-07 4.805560328009344121e-07 2.368189143271390303e-07 1.682665460117026351e-07 1.147435405032088511e-07 6.486236445001302637e-08 5.728928644374734886e-08
1.808406461374492065e-06 1.634920716324785236e-06 1.130823882639881786e-06 6.988846200328540777e-07 4.326616123451797254e-07 3.653244796892528776e-07 2.872052143691472736e-07 2.380387036714543326e-07 1.699838522198768237e-07 1.031423271107931864e-07 5.585322317001308377e-08
1.432350103681630059e-06 1.716608440432250571e-06 1.599212170416728320e-06 1.357363097218109274e-06 7.036884487310993939e-07 3.375408495405127403e-07 2.547435227912080045e-07 9.901123388232045612e-08 5.467743829108921300e-08 3.894925668780064206e-08 2.507988800694453622e-08
1.276690414469298762e-06 3.523057752785057500e-06 3.083239698421535034e-06 1.332574358088153161e-06 5.299486225701637988e-07 4.128359966448567876e-07 2.713435327704507021e-06 1.966200799484359383e-07 6.478004664830028698e-08 6.037203770625363101e-08 2.188779761942059491e-08
