7.173225984275298851e-06 4.261419442783375443e-06 3.163621195175892316e-06 1.577823649793049292e-06 1.612806569085673408e-06 5.498148326741428583e-07 4.161225660260213159e-07 1.246833850217132070e-06 6.651262249837417768e-07 3.258103646521634311e-06 4.674287693100012791e-07
3.475174166911521252e-06 2.531132355672122709e-06 2.715198260355392898e-06 1.585498612094485411e-06 2.620700224859557732e-06 9.687787876578440792e-07 1.295970906313758032e-06 1.623620696260751588e-06 4.328315612941320750e-07 2.712978078876060767e-07 3.956750918286969474e-07
5.618778001055512448e-06 2.977107683515487173e-06 1.850013771185022014e-06 1.577266373973726643e-06 9.763460144347783302e-07 5.824805081736654199e-07 4.315634865708002837e-07 1.882635264955872447e-06 2.508537667668616517e-07 4.554753293430446870e-07 1.492152205342835562e-06
5.902250794949988349e-06 3.769150936614713997e-06 2.572499159716987933e-06 1.924269889705117533e-06 7.458201988255144137e-07 5.342241289710120688e-07 4.361479182651939084e-07 1.275357627422320491e-06 4.332290395461314049e-07 1.029950346427545564e-06 1.459252460318936357e-06
1.582808589783005258e-05 8.363443175275964885e-06 3.671678262013641950e-06 3.356036196529421578e-06 1.730386846723864317e-06 1.506222673725973998e-06 1.617099668382886217e-06 3.772120694196079611e-07 1.574863452404114215e-07 1.579290292363110322e-07 1.392290305367240323e-06
1.161762315242984685e-05 8.726382111157818345e-06 7.230887293872136515e-06 2.150684227397444448e-06 1.677994114090060673e-06 7.244667833115479345e-07 4.999199777653865035e-07 3.234746036654156820e-07 1.948814606988717284e-07 3.405429050304441180e-07 7.167333608747797866e-07
6.257274800659208753e-06 4.373132335243542921e-06 4.450505004119052958e-06 2.119333761074769448e-06 1.425884496705142922e-06 1.949404249279681366e-06 5.308684560795853091e-06 4.321479734392618839e-07 1.827425722641419503e-07 2.066538174147336055e-07 8.943886493096594429e-07
5.937377463209423166e-06 6.691753192614206104e-06 2.944421566040165258e-06 1.298862323725302859e-06 9.369107275650623827e-07 9.905853842812861049e-07 1.349395613074554802e-06 3.932395430982526217e-07 6.377636748859350541e-07 1.404820724798166063e-07 2.076780808410060520e-06
2.617128439164432639e-06 1.919822594507634291e-06 1.388564574663505640e-06 9.475382566233995200e-07 5.743776888899853055e-06 8.736125922814075637e-07 4.457239303768579936e-07 3.659454755498039656e-07 1.932409870127698510e-07 4.025187824879655787e-07 1.551117624721622777e-06
3.367045016297163236e-06 3.288655780517062852e-06 2.539866081553810592e-06 2.452247803286369852e-06 1.855109528712668192e-06 8.203414435126778011e-07 6.201331685888410382e-07 4.258858888069243723e-07 4.130498336817820992e-07 9.151502903395575939e-08 1.523274491308637306e-07
1.135247931067534853e-06 6.924987676918810896e-07 5.117062569734699177e-07 4.972881141949385604e-07 5.324052855766735665e-07 6.066502438487623543e-07 4.846214206645484574e-07 1.472143247483008810e-06 1.726555896454812871e-06 2.268788221740018945e-07 5.250093636481741020e-07
1.245208189431538545e-05 5.009580917583085186e-06 2.671763244970638829e-06 1.763236033136284704e-06 1.200008789861636177e-06 1.034213818561544013e-06 5.439159250922477683e-07 6.336862678075727690e-07 2.886739590036186487e-07 1.784657336048337383e-07 1.071854724656885449e-07
4.249764892466837626e-06 3.611940977149788439e-06 2.649625242132439413e-06 1.893929959887059624e-06 1.449940137030025511e-06 8.367908486875104082e-07 5.957316874956033515e-07 3.781200207719033683e-07 1.278035702200093324e-06 1.867614755943093230e-06 5.264393975863068134e-07
9.670101815446360404e-06 5.830052094250205442e-06 4.825578950316087383e-06 2.365888004118680940e-06 1.094597661208375564e-06 9.473895821042402495e-07 6.471799374920019316e-07 2.944253350651519101e-07 2.375035669006889849e-07 1.289545881881827886e-07 1.233642444532535489e-06
7.411396734400595024e-06 4.831066622308902377e-06 4.745864616947730054e-06 3.436178590502710106e-06 1.825809945604262850e-06 1.516837918048794114e-06 8.323939076172644498e-07 4.691363233780904474e-07 2.263038346289077154e-07 1.978904633675937629e-07 9.330930677484741600e-07
4.076344153483403201e-06 3.157692403279587718e-06 2.400259809800334667e-06 1.517704264544329101e-06 7.875154380642055956e-07 6.051822667150713396e-07 3.768728821666411704e-07 5.968924215358514529e-07 2.493982146586729133e-07 3.106543125992292404e-07 2.906015796023001730e-07
7.083194665304511549e-06 4.924928859672996296e-06 3.492945435324659057e-06 2.607075478599649541e-06 1.143157237820753019e-06 9.360966868173036463e-07 3.012088774045695807e-06 7.525061617801995102e-07 2.265827827743891664e-07 7.920105414111554967e-08 8.154800292521133943e-08
8.578342363946461202e-06 2.942283664212285736e-06 1.711667770971040514e-06 1.069444043496240686e-06 9.453165992829696151e-07 6.027126085573115341e-07 6.014585460871449270e-07 3.706227913452330961e-06 2.082832047827711369e-07 2.629111658366588654e-07 3.782083137182216474e-07
4.143538877744456947e-06 6.745331845598772494e-06 3.058665631003128078e-06 4.453372504503124651e-06 9.464863651388520428e-07 9.693411485656995881e-07 4.930891517666156600e-07 3.435311784491837868e-07 2.970603428415478375e-07 6.877160992837004017e-08 9.940709480536574243e-07
2.418158216278624748e-06 1.563136002032850753e-06 1.450710005976158372e-06 1.363010992315927168e-06 1.243841015305655309e-06 8.179370612451692498e-07 8.427195060711345941e-07 6.560160111558548064e-07 1.554143563534893921e-06 5.573286781681022618e-07 1.493380849586826178e-06
9.114507960224483860e-06 6.641663426547779142e-06 5.290414222502926149e-06 2.941454911178005819e-06 8.868769256330483642e-07 5.485272771595294155e-07 3.816718456860584896e-07 6.564885076309794144e-07 3.698871179981380759e-07 3.697453387728625751e-07 5.996053236361776295e-07
3.114440052744595123e-06 2.145146980714148054e-06 2.418349038734089578e-06 1.843129157133933459e-06 1.014071856356185120e-06 8.863326255326027393e-07 1.695694857401671284e-06 4.684961539322072065e-07 2.095315852498428795e-07 7.540712435938969237e-07 2.337970888050129536e-07
7.716864889657661555e-06 5.379447586768198893e-06 3.548027145231615079e-06 2.169646060286576396e-06 1.848947060499745864e-06 1.079122438847809935e-06 1.197530498013103663e-06 1.288504899502410936e-06 8.854019272683106325e-07 2.913219407029351600e-07 8.229210717695755498e-08
8.913293584314097056e-06 4.309819752186881179e-06 7.255698661895573819e-06 1.624103135818736417e-06 1.138686911507838450e-06 6.842178448114543699e-07 4.513673162805417087e-07 2.521555390595617357e-07 2.365292481359211664e-07 3.526974019878327166e-07 1.957883772067857852e-06
6.186684637888701522e-06 6.974516477391530226e-06 6.344443539282741555e-06 2.642334356754227143e-06 2.180968528245184415e-06 2.053287544201600640e-06 6.698752498316282085e-07 4.087224640391844466e-07 2.063513006646942780e-07 4.425843389468244892e-07 2.976960986250391370e-08
9.970515489131924795e-06 5.864526714772626665e-06 4.328890966254725482e-06 2.499983398632933843e-06 2.701651022994630877e-06 1.836644769119798836e-06 1.056009028164287187e-06 3.309984109249036924e-07 1.723963262749186521e-06 1.744379809800728623e-07 1.444045831113509226e-07
6.454268552814918155e-06 3.794715124518824703e-06 2.408111281522416487e-06 9.833480923841948102e-07 9.842790011732991285e-07 8.769119764869192752e-07 9.611525161752700909e-07 9.495598037982231641e-07 6.362767371188611153e-07 1.204214165127303628e-06 2.336614724353912488e-07
8.889115665085132439e-06 2.040085613661890232e-05 1.026363185276857250e-05 4.441884132040594287e-06 1.842747971702281798e-06 1.773752573635797833e-06 6.326201193632201333e-07 2.514878599787882338e-07 1.766749750432756552e-07 8.043235006545926294e-08 5.160601236358079570e-08
5.504412803946174068e-06 3.926599463459983022e-06 3.605588350238221801e-06 2.450708569788523038e-06 1.619071994720531050e-06 1.022256829233576464e-06 4.938609575498734412e-07 2.936011923802452840e-07 6.129259028600582301e-07 1.511257358835040330e-07 8.123119743831230736e-08
7.714860157158555910e-06 5.216613226988750526e-06 3.358506205005393132e-06 1.737981478012696670e-06 1.181355174669343066e-06 9.423143380461340582e-07 1.220304786357886864e-06 6.085398811977834771e-07 1.010657292743218256e-06 9.043856010706419567e-08 1.081298115460325103e-06
2.330221214524139568e-06 1.335657589933334354e-06 1.164723735996985796e-06 7.730580530172440488e-07 1.037155244729921812e-06 4.103149897074703854e-06 6.664707571507821396e-07 4.573983729313114848e-07 2.066200991666745486e-06 1.798789562801816027e-07 4.395389477450752959e-07
2.277864828867847143e-05 4.587186272723178161e-06 3.562017233930680936e-06 3.901271175751779401e-06 1.691139345591989309e-06 1.058515276363010840e-06 5.990652608841523544e-07 8.733446515752168393e-07 3.824211200926667202e-07 1.721477993517636928e-06 5.646763248783276954e-07
6.864467871267378772e-06 4.303050362519302001e-06 4.132502303945518549e-06 2.219138322046232281e-06 1.223803048321417113e-06 2.297714152837531063e-06 6.027425584957292857e-07 3.145348228760694682e-07 1.839670705987100828e-07 1.239002962516853114e-07 1.051822149270469523e-07
2.208802178089277603e-05 7.188793500646390565e-06 2.712384810070028684e-06 1.548107546744416708e-06 1.259411707222378095e-06 7.056888692643689767e-07 3.906959102309790665e-07 2.589608777081840664e-07 1.853963898989130365e-07 1.796850077052754550e-07 1.123186972508923244e-07
8.398126171843821284e-06 6.065790929617629357e-06 3.260532477881197094e-06 9.577551638438000852e-07 7.832831363084123232e-07 5.487678431759525333e-07 6.925000063078188230e-07 3.185734465722017584e-07 8.191003762095601962e-07 1.213383234553021520e-06 5.760013975231196021e-08
2.754867119117167026e-06 1.771047743239673834e-06 1.264464947037885805e-06 1.064819687449924107e-06 8.429422639205196262e-07 5.701607616360473360e-07 4.084035774328593889e-07 4.114645960731142983e-07 1.892234996229413648e-07 1.605314752383109719e-07 1.117066790650650991e-06
3.475941289307510017e-06 4.575408504774378477e-06 5.768372449506629907e-06 1.833598582639256241e-06 1.308426910418016303e-06 8.163575386896133052e-07 4.299977423024350467e-07 2.922350341106947259e-07 3.523733111544818339e-07 1.742083060459448646e-06 6.553453986631894066e-08
2.059308364102258241e-06 3.139613976904603680e-05 2.164101342606369877e-06 1.217694044660973689e-06 7.213521744229826664e-07 6.475236892907098655e-07 3.636671869974882164e-07 2.309605970227146905e-07 2.287508089005605588e-07 8.802096785251105732e-07 1.547203751554564156e-07
3.125447059530373806e-06 3.061332353511990510e-06 2.548246624911479185e-06 1.654084697500612609e-06 1.440433746885847198e-06 9.787498177926814079e-07 9.340618391630319665e-07 5.279043320729579124e-07 2.135149196500338815e-06 2.566431119569498283e-07 1.520098121935855707e-07
8.458104348668897323e-06 6.987891261297072244e-06 5.699384423000060082e-06 3.368070886032275391e-06 1.402276954145108334e-06 1.079786069998613931e-06 6.152864051238077169e-07 3.792243299811126617e-07 1.881458973319325645e-07 2.953097679903331513e-07 2.012175717246824855e-06
4.113965738860385505e-06 2.523731658014285144e-06 2.030907886906082923e-06 2.372290469592388350e-06 1.236164189671945018e-06 9.461573554959727677e-07 2.788693261390756723e-06 1.187815749510223362e-06 3.620642501354344925e-07 7.718251158579580953e-07 9.212086088359383588e-07
8.169660156782011936e-06 6.519953227730878571e-06 3.943455616851441285e-06 1.915011315636998792e-06 1.411333260952633067e-06 3.808948821571868400e-06 6.101950813983951125e-07 3.334229531008457265e-07 1.454529993537561588e-07 1.405888159845435751e-06 4.046403127794307936e-07
3.141844963126893032e-06 2.429023455115887674e-06 9.061882793611757852e-06 3.969293331299688624e-06 1.229439099034765505e-06 7.671264373032475427e-07 9.270842135554798627e-07 2.410136405211141851e-07 6.127703921666130150e-07 4.867491766255072060e-08 3.852575615732938059e-08
3.875042875808329759e-05 6.396386179120937902e-06 4.481304309891539493e-06 4.678934314198271740e-06 5.193057313882468507e-06 1.481915377441497008e-06 1.399165891611646222e-06 4.588379184021831176e-07 2.462134006815453982e-07 3.473921233261041519e-07 5.450323028604169182e-08
9.920345597144126717e-06 6.404330040758167704e-06 5.228713199886299420e-06 1.257593615152708373e-05 2.379684844015626415e-06 1.534011852927409867e-06 6.098705883505391952e-07 1.533567511313424648e-06 1.161793362599198541e-07 3.577852841366905988e-07 6.847731817795104800e-08
9.346259300826311077e-06 7.524465564812699036e-06 9.218646565533272845e-06 4.455640050102819182e-06 2.212239639343613820e-06 1.244131152443914728e-06 1.253087484153098914e-06 7.795699475341675158e-07 2.843883701681167013e-07 4.010283948927470202e-08 3.800442764777622307e-08
4.435171307483541999e-06 3.195193485363209318e-06 2.264616786996162838e-06 2.140829481494459304e-06 1.474660662206086997e-06 1.051146623501761584e-06 6.508409540704821307e-07 3.725872982824209765e-07 8.437538147725680968e-07 9.875946556341840126e-07 2.715896063295414095e-07
5.495692788541064584e-06 4.023569728108690622e-06 3.502941893651277052e-06 2.769191974966525576e-06 1.719930454019628905e-06 1.370571516534622490e-06 7.568646592428262690e-07 3.993895259423367558e-07 1.541923232445594973e-07 2.340273201742527871e-07 3.545864918559699296e-08
8.714965953223302497e-06 1.945226263894907784e-05 3.814385844914422634e-06 2.842335973789713622e-06 1.553178305384534940e-06 2.261004295793628419e-06 2.255545840533127296e-06 5.666914521967331698e-07 9.198576483119605644e-08 1.193204410849367767e-06 2.723140535987639437e-08
4.929552768043832230e-06 3.365627407119582007e-06 2.972897636424817357e-06 1.494967739972596744e-06 9.977307608350647741e-07 7.699964751502449680e-07 4.213362024141200459e-07 1.476149062551614992e-06 5.273271803497222606e-07 8.954277790493599535e-08 1.035187158591109203e-06
3.397938374822958765e-06 2.758803541949107817e-06 7.689970286001298564e-06 1.367999171458802606e-05 1.499556624827619797e-06 9.065265909226080029e-07 6.373666030278966147e-07 3.738619177682549189e-07 4.409725342569342538e-07 4.124800029888767196e-08 2.323155711040894166e-08
1.128557391060841488e-05 6.939291123096431186e-06 3.539529858282946961e-06 1.701140177878078880e-06 1.062202067918387376e-06 7.807483723880517571e-07 8.949360422870837991e-07 3.120560964987054470e-07 2.298916606893233689e-07 3.700564332328028208e-07 4.852191981722581282e-07
7.444673516914379816e-06 3.303040419486504967e-06 2.164252453823852168e-06 1.717308293089196982e-06 8.684983631196921271e-07 5.382265640100194462e-07 3.595021580743655780e-07 2.569352401974054368e-07 1.757594274783982458e-07 1.303215387348731181e-07 7.019443665433564483e-08
9.335272301464442150e-06 5.881668611661246126e-06 2.664238235041799954e-06 1.292556919331503095e-06 8.425239266374462421e-07 6.382691178196934603e-07 4.166507354498430861e-07 2.884335555247170859e-07 1.967930091555211124e-07 9.730726946561662712e-08 9.236603344970171167e-08
9.878459543444900501e-06 5.896639458385622964e-06 2.974705597361750357e-06 1.849685441539989718e-06 1.163718415937192578e-06 6.677643577122988784e-07 5.728523564353679677e-07 2.363319516875585535e-06 2.731469011447904510e-07 1.370866911664023019e-07 1.898004560289609352e-07
5.436035083469770000e-06 3.825825521366431964e-06 2.178985807677992794e-06 1.696515414385667218e-06 1.291055994416101383e-06 7.242455888137805248e-07 6.984860324622316056e-07 1.085916304076208942e-06 7.089018124170835862e-07 1.986632893129071682e-06 1.047911417633372456e-06
1.562540083961123095e-06 1.753323770596298116e-06 1.584228326164778886e-06 1.325144432968669899e-06 1.011569692541932043e-06 6.462741749555419738e-07 3.956505022353009820e-07 4.425613910127835044e-07 4.485432711899807803e-07 1.366659376726785447e-07 5.612747332230651730e-08
9.913166361080899761e-06 6.679603257011837947e-06 3.608373996101086765e-06 2.378400141495803057e-06 1.263332836068223145e-06 1.125801589532639334e-06 1.709165316860781616e-06 1.274336077789604244e-06 5.609670772035071941e-07 1.362169476489407146e-07 3.877109444004133906e-07
1.100779579106019986e-05 1.281324016096246446e-05 5.664261210077151812e-06 6.898728415043202878e-06 1.379209311837807980e-06 8.570595700750500852e-07 1.193997916895755111e-06 5.779824401200670807e-07 2.140993084273037391e-07 8.907789061181930602e-08 1.308319272459279063e-07
1.202275966072898800e-05 6.177119193207173424e-06 5.835939128402049223e-06 4.226194519369748941e-06 1.525206808122263858e-06 2.310292329143149999e-06 5.651100387257948862e-07 2.929545646535896523e-07 2.024875690421807101e-07 4.460217937621650754e-07 9.563384111011861114e-08
1.355130895196210420e-06 1.418793414841406647e-06 1.596828848387437465e-06 1.138689234329773976e-06 7.863316554094041064e-07 1.007295516210190710e-06 4.740310087942235340e-07 1.126450505113779458e-06 3.353940377346715592e-07 1.150665251150089736e-07 1.491455495063011422e-07
3.534547893064714358e-06 3.366906881007138138e-06 3.025382595717654110e-06 2.048059792440387435e-06 1.928630888909921621e-06 9.286521307629737067e-07 5.062667091514228818e-07 3.287018065154634471e-07 1.591556579152932934e-07 8.236359939674149426e-08 2.498827414754372657e-07
3.545427414066263064e-06 2.302817268877150222e-06 1.511738987393288979e-06 1.017268359184503343e-06 9.193179204952602979e-07 6.858327993804993063e-07 4.064018467232697992e-07 2.910600826326200496e-07 3.387038386517974460e-07 2.240264393131909366e-07 5.697897815676182004e-08
1.064090547258337827e-05 6.329879722271363181e-06 3.441225676968756395e-06 2.303116919016397803e-06 1.303592824355351618e-06 7.280635756362820119e-07 4.645705333730474562e-07 4.132950960964209105e-07 1.821932139202459761e-07 7.427775474730528466e-07 1.154493114274689612e-07
3.695648040024239138e-06 2.216787694484182389e-06 1.805091760767967985e-06 1.736504810135778213e-06 1.202960012890823873e-06 8.681786750953431341e-07 2.068840730923288507e-06 2.761769127847391980e-06 2.579489372332318577e-07 3.495334284367952252e-07 4.000005854318692901e-08
1.212696968686451194e-05 4.908579435886714687e-06 3.481705887900166817e-06 2.691389886792653562e-06 2.262925522586402190e-06 4.525515944223485770e-06 8.872665414073214445e-07 3.052696752355747044e-07 3.192187526009200549e-07 6.176724691540113497e-07 4.784296485810279910e-07
6.824305244366014795e-06 4.756801518834927714e-06 2.419456129095031883e-06 1.191615524392354702e-06 9.062804670703010740e-07 5.337214799130112642e-07 3.209299709908759760e-07 3.838385577686779341e-07 6.854513612031971695e-07 3.506735051672332416e-06 2.140865320996390263e-07
5.595258921346828639e-06 3.479404679432381753e-06 2.864317699146112951e-06 2.133844009455029579e-06 1.391492921859443869e-06 9.836376860023485137e-07 5.046498975255586976e-07 3.818392510077396769e-07 2.315005124296774003e-07 7.481358344540693522e-08 9.690068623016967693e-08
1.566488818837961271e-06 2.906792164012662520e-06 1.596583766645138061e-06 9.828545321365065246e-07 7.824931177871406689e-07 1.127954108895778434e-06 7.019198827024282470e-07 4.299646641696982843e-07 4.985150740897652873e-07 1.046184131606803966e-07 4.354593007152679973e-08
4.625206910019922284e-06 3.267768198714736055e-06 3.146032123521758941e-06 2.411072359799503689e-06 1.135904270176116604e-06 5.372604237475752192e-07 7.004882382300515101e-07 2.951711514639749577e-07 3.007811789790988923e-07 5.331213415337499164e-07 5.674689240713040008e-08
5.899211523489337466e-06 4.473232923581203412e-06 2.689603969728892121e-06 1.740648450555859550e-06 2.899791618038061473e-06 6.819238980644244175e-06 5.913874201868241959e-07 2.553590493580889716e-07 4.298194191612194107e-07 1.260150172345825348e-07 3.525454319715862964e-07
5.319043322523770918e-06 6.842863916190735014e-06 4.308051094382289830e-06 3.476751860912729006e-06 4.696477610644705301e-06 1.408039361960666717e-06 1.509361207797354989e-06 5.872817538945908378e-07 2.582371044037290874e-07 6.489422676867261692e-08 3.255651951159991338e-08
1.032505253148166900e-05 4.779488505516013168e-06 3.617431566002850931e-06 1.734318558022430112e-06 1.219338808704666272e-06 8.215613773732920503e-07 5.510574065304181455e-07 4.934142887196575747e-07 1.630915669416332424e-07 1.965768302314877709e-07 1.859831176034316669e-06
6.383222266550118485e-06 6.194953275916515057e-06 3.485570072070919944e-06 1.394449202226816908e-06 1.078420154233309687e-06 1.362557905372678579e-06 5.934024851257270272e-07 2.512117837319336040e-07 2.523126028595935754e-07 6.361675707465388784e-07 1.491117335373505208e-06
9.765851231493071193e-06 4.962219288618380835e-06 4.377875024728403521e-06 3.818681804145687151e-06 1.616399552851374584e-06 1.494701302558501889e-06 2.984921613892134432e-06 1.949540938067293578e-06 4.091831647940988984e-07 7.867126573547151487e-07 3.758667181341963259e-07
3.417095536403597408e-06 3.187435201496375569e-06 2.428603554867208322e-06 1.886361961459773962e-06 1.080255805061003461e-06 9.777896570966659899e-07 5.222149126229130517e-07 3.204263262483526324e-07 2.080670146036120194e-06 9.372277407124274903e-08 1.211852513033051542e-07
5.662306045829231482e-06 4.190349849110258510e-06 3.223182211441315455e-06 2.265024606915943334e-06 1.015103880728524908e-06 6.470390950890703336e-07 7.263258533439843261e-07 9.327818499749282967e-06 8.417438957763205321e-07 1.184126767965389233e-07 2.564768974874151283e-08
8.966910014102867678e-06 7.660032646574042254e-06 5.728854607640725884e-06 4.909762725040025038e-06 9.578228762869406035e-07 5.520626693751746906e-07 3.779799624954305452e-07 4.154513093144298679e-07 1.861111147500413035e-07 3.238084738086291141e-07 6.101699100663073619e-08
3.451284018815504834e-06 3.398207218405393416e-06 1.550881654502944228e-06 1.556919691751864175e-06 1.631746594051555312e-06 7.552502665854618059e-06 1.118401798562897565e-06 2.139782217114614578e-06 1.959964980039035614e-07 1.479867981694696094e-07 3.349884076588061881e-07
1.080261796189705443e-05 8.025679503127447920e-06 3.971655837295589316e-06 8.804203471386252862e-07 6.136703407479947096e-07 9.091277047333145634e-07 4.378327363123849790e-07 3.479015924424302327e-07 2.359446705473671498e-07 1.104175989979958450e-07 8.195971474077488304e-08
5.137432526633000186e-06 3.471730024038810845e-06 2.728570863137877788e-06 1.900221006577648943e-06 3.474199707466110813e-06 2.776757174353044295e-06 9.406402879509871500e-07 3.143179644929158924e-07 1.466345072864286124e-07 6.776528169032226852e-08 2.360645329260591555e-08
4.472846363171102689e-06 4.046599070563286809e-06 2.632004076663576542e-06 1.449080425863293289e-06 9.137442454820424482e-07 5.150825835812174682e-07 4.110859982650891768e-07 2.501219505973410796e-07 3.101060919016001036e-07 6.819750906344008630e-08 4.702668104779881936e-08
9.861344285460313654e-06 5.989135504764058457e-06 5.351973477888884838e-06 2.877862610139995178e-06 2.511486692516892978e-06 1.040524774811563557e-06 1.411734986322813610e-06 2.949636705614395507e-07 2.508829778144956919e-07 5.896787584843082844e-08 1.053784708093044090e-07
8.228301457181572682e-06 5.150530143963721728e-06 1.027905373320783919e-05 1.158727514366226218e-06 9.432031081979378091e-07 4.609455212968679087e-07 2.927758109003833700e-07 9.728088111559886498e-07 1.541960790078218019e-07 9.185449057241697827e-08 4.264722761891381996e-08
4.136108639754702739e-06 2.607740769769622620e-06 1.860374189645604996e-06 1.076657652822005784e-06 8.150612833175205600e-07 5.830278753902677515e-07 4.051923767158500235e-07 5.309533971332860480e-07 2.472198504906522501e-07 1.803407206792428971e-07 3.202377352442202486e-07
4.738600127034292100e-06 1.994108731524252523e-06 8.572364355265988517e-07 6.811478684651913715e-07 5.137622041157828035e-07 3.572707658040970503e-07 9.097817351342946171e-07 4.755051039452260606e-07 3.259452407969338288e-06 2.367193825543960868e-07 8.630965582209934378e-08
9.845607661252971857e-07 1.215030833426100929e-06 1.305313122110274137e-06 7.394757739831339571e-07 4.535204604734959984e-07 3.242141317598410360e-07 3.879732181601534685e-07 1.670142585474225271e-06 2.501736382557984289e-07 1.411791608995841629e-07 2.872421668222611631e-08
9.581745177927925410e-06 4.634397284176777406e-06 3.858221481103986066e-06 2.444185397199612317e-06 9.882793581844473600e-07 8.041010096124682569e-07 4.362545228480552608e-07 5.694807059405806467e-07 3.602829964557733507e-07 7.420560841535390133e-07 4.242102817015813744e-07
6.353045824771806456e-06 6.054983773756510485e-06 3.344522774012986436e-06 4.046406378400490701e-06 1.040854023961808070e-06 8.682888741122034833e-07 3.976938586937310553e-06 2.742743207977696509e-07 7.344337902595557533e-07 9.517375536813932608e-08 6.859283313330473553e-08
4.143244746308241106e-06 3.395382164612739209e-06 2.056484848680109659e-06 1.706518397061719498e-06 1.205601368490185837e-06 1.113140180493120604e-06 6.026100651539852347e-07 4.432231301017483434e-07 3.886105588800960805e-07 1.091541762415888232e-06 1.562313418440920330e-07
1.061893912641305894e-06 7.371270287672466814e-07 9.046747044535245525e-07 7.324644760117573133e-07 4.691934877978311106e-07 5.038682966849734530e-07 3.085596327924816895e-07 2.173159316282759416e-07 1.810118527066063185e-07 8.612370183817351015e-08 3.395810022260478903e-08
1.201933436531843896e-05 6.288676825869107187e-06 2.569932607497027464e-06 1.014119898054978928e-06 7.501928977663840782e-07 1.144079573492946809e-06 2.762926201987191398e-06 8.258804275054286308e-07 3.504575479977817551e-07 4.193084488208364372e-07 3.384639053798677594e-07
1.034058459104986170e-05 1.127528001829832289e-05 2.516265815251599839e-06 1.168082548245203220e-06 8.211367437368920325e-07 5.538252596630710868e-07 4.020414836883079711e-07 4.888249149130758320e-07 1.615655567843547952e-07 9.479185794172803136e-08 3.315941000127069930e-07
6.493147684345121352e-06 3.685425075848125953e-06 1.733248264073266168e-06 1.608040830202654947e-06 1.730801865384714215e-06 4.376084564134042785e-06 7.431398675998135866e-07 1.881920415198642332e-06 3.523388596161613399e-07 1.600103222049582479e-07 7.374148751152718527e-08
7.012542087323042358e-06 3.986218637043437333e-06 2.402310428505393206e-06 2.106085996278397775e-06 1.756607570541688771e-06 6.627352006386701702e-07 4.621908478446058671e-07 4.026012560388022834e-07 2.367839890582737152e-06 1.673953292331445218e-07 2.038030092995007865e-07
1.223059487324903847e-05 5.574175666624888774e-06 3.545811729712619920e-06 2.704110261523180414e-06 1.806767232198720219e-06 4.753946195665790228e-06 5.294499674561449824e-07 4.280415171306885122e-07 6.806595316562672054e-07 1.256074024118932991e-07 1.424848358910621222e-07
3.275921875776133425e-06 2.312620971785080157e-06 1.666180133077945309e-06 1.784929172973283840e-06 1.221834485894345395e-06 7.890851484632481511e-07 1.378752763275956027e-06 3.332753136669274112e-06 1.087852418600489106e-07 6.281435537426431340e-08 3.200692701170102883e-08
2.398935489426237892e-06 2.948486193815500466e-06 2.526868417455100211e-06 3.028295883080263862e-06 9.932886599083334912e-07 8.073440459942677983e-07 9.820055686342370489e-06 9.967026398287481153e-07 3.361927892745217905e-07 7.455496329640524986e-08 8.596434683828784738e-08
3.313257498296637172e-06 2.674480435286869989e-06 3.048326777955318210e-06 1.922878119681300552e-06 1.190919118000854236e-06 9.788109834274202171e-07 5.050321903551152583e-06 3.676986920838714127e-07 3.109632426004678843e-07 1.569344959117378635e-07 7.254078300553327698e-08
9.755579589880167819e-06 5.019011685642450422e-06 2.538141183819047288e-06 1.313009599032412090e-06 6.766352329212174872e-07 6.464394259088233016e-07 1.459573964886050004e-06 7.253460058457366498e-07 1.503367246021657849e-06 2.244006683335960239e-07 2.711250122648419816e-07
2.994988489233718180e-06 1.454855571814863270e-05 3.468715754843984586e-06 1.483066922255473935e-06 1.587089735378769150e-06 6.528252929866203486e-07 2.882314949004264108e-07 4.088628141666514163e-07 4.588828827658458608e-07 1.469912427046441944e-07 1.003294902307191772e-07
5.428166508402888706e-06 9.056000485454866169e-06 5.222864926508839412e-06 2.877652148550919175e-06 1.455798970507227650e-06 8.933640477400943131e-07 4.961961224258256153e-07 6.596145217544777136e-07 2.462030502376632775e-07 9.539868335988704860e-08 1.009098926977438882e-06
5.231545110007964823e-06 5.664509098617972694e-06 5.831185421183043521e-06 2.460602042655977756e-05 8.886268526927449954e-07 5.324603714502185658e-07 5.986236475952850053e-07 9.245865817670252142e-07 2.044489573940979434e-07 1.043827686023875656e-07 5.796848954964124818e-08
3.604639811074648450e-06 2.200562585686910540e-06 1.360572520744863405e-06 1.408292552661920474e-06 7.218730777925831113e-07 4.160184218426424895e-07 6.732997326608679775e-07 2.606594852130577350e-07 1.707495315548585503e-07 6.511842342140963568e-07 5.466179497652280852e-08
2.321084367715679566e-06 2.279724374162544001e-06 3.251231308957426709e-06 7.175770326515872192e-07 1.246550425478557424e-06 5.124913171628739717e-07 4.234378324484485268e-07 4.130281872536897304e-07 1.381145445898629479e-07 9.089209509600128956e-08 1.945137596454242197e-07
1.253950299667024471e-06 1.746090050405012413e-06 1.489333505797559836e-06 1.424789012228434679e-06 7.979679684083097758e-07 5.994736383888354728e-07 1.135964971697095723e-06 1.002521454568138707e-06 2.756699871978139424e-07 1.569445512985693922e-07 6.108472138597649068e-08
9.606230123962995710e-06 6.241531054349460037e-06 3.110478548053123002e-05 6.560781551425259274e-06 4.853958254990411063e-06 1.623954182472723433e-06 1.375010353496098871e-06 2.751583667593000660e-07 1.208834445701632949e-07 7.678664380616172024e-07 6.319322364650671515e-08
8.830080033152182441e-06 5.126619904204374187e-06 1.256823430450516212e-05 4.444619446149359225e-06 1.479867819096918415e-06 5.149480281848974702e-06 8.757605573682023739e-07 2.159045610597597054e-07 2.657500686198196307e-07 2.041735776809016951e-08 3.301359951529622065e-08
4.148297368088818535e-06 2.987560276481638492e-06 3.035168825136445638e-06 1.975700602366133054e-05 2.061186024813429005e-06 2.919035445427040196e-06 2.949886487928852222e-06 2.011822069682496227e-06 2.528327173240578425e-07 1.714107415642534717e-07 3.196528594615334845e-08
2.437221073046139827e-06 2.705811902739570484e-06 1.725416016851540964e-06 1.126826923546417878e-06 1.291143598126695147e-06 2.800768306046759555e-06 1.355729282684847651e-06 4.760725125578619415e-07 4.157260461810552326e-07 4.824851366710606738e-08 1.193289611114442971e-07
1.235199261715330393e-05 5.905887081674060884e-06 3.562191383551881926e-06 2.178546785795036738e-06 1.488163918163342447e-06 1.002673576149383809e-06 5.567738017530581880e-07 5.001311339949378696e-07 1.438503990142383848e-07 9.973821139639761589e-08 1.366362682160526404e-06
7.591813343304984067e-06 7.489300542893004895e-06 3.711544003533249185e-06 1.288798773418577875e-05 1.518508287850976987e-06 8.737211705826364041e-07 4.519518976850900399e-06 4.247750220564943090e-07 1.432530581771179155e-07 8.967330096389844168e-08 2.298182258772363050e-08
7.171477677043784075e-06 5.415285821185148460e-06 3.728001616767999337e-06 1.879165032811909180e-06 1.261400165108069303e-06 6.738066671406604645e-07 4.740077020693402572e-07 7.156408291867783459e-07 2.681513355748952913e-07 1.090803557702680705e-07 6.756548218571446777e-07
1.161201248521166742e-06 3.076267975946694067e-06 5.415856529300113369e-06 7.027097084551507422e-07 6.748299229607436231e-07 6.441120740510115745e-07 6.354339746845103889e-07 1.157795426809888523e-06 2.333715022136282476e-07 1.467179146857394872e-07 5.303290132641283561e-08
2.749092051900208548e-06 1.492859375770200969e-06 1.047919597372112582e-06 9.164539981485520308e-07 1.315272722532668605e-06 1.201821302290308111e-06 4.564203867470021983e-06 4.934816129543952403e-07 7.196111519821580645e-07 5.973973304241468168e-07 5.030353780765038824e-08
3.477235640061741966e-06 2.326280204560917336e-06 1.948191295227813445e-06 5.895868258714804758e-06 1.197194828555485086e-06 3.933713683734032191e-07 6.388509448010759732e-07 2.441439987970964491e-07 1.769034601763365170e-07 2.146332949344723914e-07 6.942482714402803551e-08
2.329838729964611184e-06 3.703199305874280184e-06 7.833683740138554208e-06 1.153171712797842685e-06 7.002955846825243913e-07 4.195378085430022758e-07 7.442964081736903602e-07 3.379806241579483089e-06 4.062230162847726116e-07 3.653530910732117197e-07 9.178021754625436504e-08
4.459728460686224752e-06 2.078316630870076527e-06 1.424574371732682630e-06 7.523568687505112294e-07 4.577280866575074743e-07 1.066816273804943827e-06 7.031943561785875376e-07 2.732189316209163315e-07 1.415925302486204540e-07 9.055334977544972870e-08 7.656843422188693818e-08
2.766898420693450964e-06 2.357766348271516844e-06 4.407201614288845914e-06 1.432338091194466096e-06 1.719950509655392152e-06 4.717301054601242978e-07 3.378567839543094180e-07 2.701437141926981774e-07 1.694211174333793449e-07 1.995059349105635801e-07 2.730258517002878124e-07
7.210477273454023078e-06 4.105600517236889909e-06 2.447684590639932636e-06 1.632754004578746774e-06 4.121914358127942707e-06 1.595591220532334519e-06 6.004923876036570110e-07 7.801799559630507168e-07 8.215601867208877110e-07 2.142980419107471832e-07 9.313568268265825516e-08
5.363661054519655943e-06 4.541547295475227611e-06 2.764324558130807176e-06 1.344705322342655373e-06 1.163947700387764071e-06 8.381918354933869536e-07 4.530047128457116683e-07 3.984332256507665731e-07 1.588734665920019600e-07 2.625867817316674772e-07 7.310844574213694838e-07
1.121919667063933038e-05 5.537180766111758382e-06 2.521312551727529945e-06 3.086818832301616098e-06 1.118592387734216661e-05 1.433928109970110380e-06 6.207589129182423505e-07 3.785644921822066459e-07 3.081721858463806502e-07 1.044913101100598639e-06 6.767642031649487141e-08
1.197083394839074024e-05 9.613110285422151328e-06 8.610140545027358274e-06 2.933953550023949060e-06 9.511921419006848284e-07 4.854271437304003607e-07 7.152838560037910497e-07 1.419068122786628782e-06 1.657993923923659176e-07 6.648014169158261296e-07 9.115421162790660370e-08
7.705139435807082786e-06 5.388851692664819934e-06 4.408954038086797988e-06 2.780087698373319947e-06 6.490193674740537034e-06 1.037577150033516394e-06 1.305773149449693987e-06 3.495476718930972182e-07 1.497080070016845419e-07 8.563086497084069981e-08 3.888258377008249968e-08
3.186467414467806199e-06 2.178320685162269844e-06 1.794204363366072350e-06 1.312830418064788880e-06 1.007721815284733665e-06 4.493950962873828066e-07 1.044256344045236993e-06 3.553367139489095623e-07 3.690234237705428885e-07 9.380001310941282110e-08 4.063261380787018340e-08
8.773385932320825522e-06 3.157003908480787549e-06 1.991724968868328063e-06 1.487321969757515861e-06 7.097943958306238675e-07 5.673876832592418051e-07 4.928217049965391617e-07 5.656529005252901002e-07 2.259025427359849832e-07 2.730459732312111723e-07 7.446287509487197124e-07
1.211647728442889696e-05 5.116590732665275884e-06 3.405290069005232659e-06 2.280361839212332068e-06 1.590685941754548601e-06 1.089005592674665375e-06 1.046748800155381908e-06 4.353392465959139335e-07 2.828640743495685796e-07 8.930658114957375870e-08 9.908940198835260597e-08
4.640856450450546248e-06 4.454700193169392248e-06 9.720168988520693461e-06 5.215398544887863199e-06 7.160253220422048569e-06 2.635649078890726040e-06 6.239404281334909943e-07 1.746723586909654250e-07 1.054588961943284939e-07 6.081327072991725194e-08 1.561888657950453504e-08
3.290355192146407911e-06 8.509138490261460279e-07 4.800556359977436867e-07 6.317023495271066671e-07 4.305523709526400838e-07 4.850973504531751653e-07 1.666449810630818783e-06 4.647152592993461364e-06 1.547397376905840496e-07 4.615739621626404329e-08 6.498049876349212265e-08
4.860866299923676887e-06 2.752292651557396402e-06 1.251705250622238666e-06 6.969202183894222523e-07 7.580504621670305265e-07 1.803332655599247790e-06 8.929462012258504782e-07 3.069381463468896250e-06 1.922773321104042415e-07 9.250352708046135087e-08 4.444807340008205990e-07
5.738536816826937856e-06 5.036673953924668865e-06 4.793052009323454550e-06 7.399240368186330446e-06 1.544643908483118193e-06 8.065854881336118400e-07 9.559458479184770033e-07 4.155656198671332488e-07 8.779967347554460920e-08 9.594048831757054503e-07 2.285332754165305998e-08
4.441726102795981634e-06 3.327444918518590200e-06 3.596250950666752503e-06 2.751593300864903957e-06 1.046834103317080449e-06 6.229532950664506789e-07 4.238156569373988798e-07 3.984945277734327992e-07 1.938340412367511122e-07 8.887792031151542243e-08 1.353918118286479664e-07
1.054902849322112562e-05 7.291509428774677154e-06 3.234239387390269300e-06 2.626896300881241136e-06 1.133764461656486525e-06 4.639520532855952152e-07 5.699129193341482508e-07 3.038754479300330108e-07 2.364735119667258529e-07 1.003140667915137975e-07 7.661404172860272311e-08
5.564702586574668779e-06 5.790710261191471954e-06 2.494852163590927282e-06 1.408167758147153825e-06 1.492834588393518406e-06 1.007556838824943197e-06 1.282266535233323097e-06 2.568959661218953025e-07 3.039590783035741406e-07 9.155773867200099450e-08 1.096223443820463801e-07
4.776995653630429226e-06 3.203991387730492583e-06 2.662740454281867086e-06 2.716453504257721269e-06 2.710413388504883084e-06 8.427019050905006236e-07 3.089947434805047603e-07 2.511905727129267454e-07 1.897795620990561311e-07 1.486709642831122361e-07 1.405443415214330958e-07
9.846455888676371637e-06 8.194652298700253194e-06 4.907737858583565404e-06 3.519661048480169527e-06 1.218838250661364098e-06 5.734378036789911424e-07 3.746133782109627824e-07 2.748139252658297572e-07 3.775153970268877772e-07 1.106856978960979018e-07 1.467429136179983431e-07
3.819045412012831036e-06 2.817253579342573546e-06 2.024534897751117597e-06 1.784501423250676858e-06 1.501488004756637637e-06 1.040181875731489619e-06 5.428003781304691314e-07 2.480304840978556917e-07 3.258631588341451839e-07 1.065375923624370202e-07 7.888509222687934740e-08
1.101674225691831404e-05 9.411378968416569268e-06 1.384215877651615622e-05 3.537357693764484883e-06 1.556802128592383246e-06 1.464535951238507101e-06 7.142171128490161739e-07 4.199243567304114291e-07 1.001604343767605662e-06 2.753129148593117791e-07 1.106593144319883297e-06
4.773787590838597365e-06 2.519531086134598278e-06 1.925775869908504960e-06 1.089130039880637810e-06 6.868399196997257637e-07 4.286385840438971159e-07 3.989792366505299041e-07 2.474324227180612489e-06 3.274670332937213707e-07 6.934489970279690215e-08 3.435297098376410951e-08
4.463543361598887631e-06 4.511012862736125793e-06 3.411851274566105534e-06 2.495472648350602569e-06 1.275042304684397547e-06 1.083270588245749140e-06 8.515044087356447501e-07 4.133250072362304506e-07 3.043548597907223485e-07 1.176211269248067329e-06 3.383228172513465212e-07
7.333039979020202795e-06 4.846418989530107994e-06 3.862837220028770757e-06 7.604069315404732181e-06 5.550123563633660740e-06 6.919656453141750019e-07 4.323099154037026200e-07 1.785030003010940649e-06 1.974449500871941898e-07 1.443625444769117835e-07 4.232916546020978510e-07
4.513845946945070553e-06 2.948883785342209137e-06 1.260607870683885309e-06 7.678125965219868445e-07 5.739634853504861680e-07 4.615389001358773418e-07 3.293379305478418490e-06 4.502856510054098315e-07 1.672636029494736614e-07 9.350467364352260857e-08 1.300753660532007987e-07
4.366271937230805652e-06 3.201571670919258511e-06 2.100624585122062512e-06 1.546421595635257997e-06 1.136986918533619807e-06 7.164845556400730729e-07 4.352637945137256343e-07 3.154516675485098378e-07 2.184801708384110679e-07 2.704029595515539470e-07 1.490970423324955788e-07
7.242371804094922005e-06 4.404514958199891494e-06 3.109006143885756067e-06 2.404686166373569095e-06 1.229157202819069416e-06 7.767567991096624016e-07 6.564292859264194255e-07 1.240911127586021516e-06 4.164363786268374472e-07 1.104045304698820421e-07 5.480714895549840455e-08
8.588332416866346423e-06 6.248473812463134592e-06 4.119823035890897130e-06 3.196322674760841927e-06 6.897296362768159939e-06 1.670090169332627217e-06 5.174709502465272378e-07 3.200088323402039703e-07 2.053794971336270494e-07 1.374943757208121685e-06 4.888708889604445192e-08
7.991065228837468352e-06 6.719839361607682159e-06 5.191222732335235560e-06 3.436180712354166648e-06 1.104933287614792548e-06 6.338637492696594835e-07 4.388108823464345892e-07 1.621826676570729818e-06 3.380441206389014321e-07 2.347461738535263502e-07 3.411855965146857521e-08
1.010481444032179553e-05 1.061269984210212772e-05 7.244179483547277554e-06 5.501224611395515649e-06 2.161882359375987828e-06 8.616192574325590931e-07 3.906536431218349434e-07 2.005000672281225496e-07 1.117195018387523296e-06 7.772784474507483319e-08 2.830179394564634387e-08
3.945763099963469969e-06 2.232283602562688028e-06 1.693856381252001675e-06 1.250242687131515904e-06 8.615067847567999802e-07 6.109007671883953482e-07 2.991215367032944813e-07 2.982683134362074144e-07 2.384437073646724696e-07 3.841777141418763864e-07 6.661696952174990234e-08
9.785859941304732846e-06 6.002057543192580915e-06 3.760510174284922499e-06 4.016347750358403972e-06 1.445474723338373937e-05 1.054186474085587028e-06 1.508450835182121926e-06 2.211363660030156556e-07 2.067277371231558068e-07 6.057185037588432346e-08 5.968743136609486485e-08
8.908202400335769709e-06 1.073633011529274739e-05 6.767250349918443522e-06 3.881355690522167653e-06 6.452769192465586401e-06 1.551610280220256854e-06 6.704649440007627241e-07 1.918209308358795533e-07 1.759745529002669582e-07 1.589143176844251166e-06 2.453273553442238835e-06
8.454311689322366384e-06 5.888196671774163661e-06 2.836701513557255107e-06 5.044228356457589933e-07 1.072722335976595887e-06 7.744060138731751901e-07 9.229686350498134092e-07 2.970218980211147297e-07 1.541036208826931263e-07 2.251011550645142428e-07 9.290492603083017684e-07
8.116425428334950111e-06 8.135583469615622427e-06 6.720993647826326420e-06 4.228981882434137213e-06 8.038251930623464196e-06 1.501809467374740185e-06 5.342715145206081730e-07 3.273337689958290714e-07 1.386128767940410825e-07 1.872339068033008718e-07 2.195348708310197017e-07
5.136409096428675358e-06 3.637054807238710766e-06 3.345928126604902838e-06 3.307520684623333405e-06 1.513129319358004737e-06 7.971489747279601773e-07 9.588209308265590402e-07 8.961782787436775326e-07 1.903670748210582356e-07 1.813935827835712093e-07 1.845703113529120763e-07
1.072288119309088593e-05 9.960745670925479265e-06 3.310404747813766639e-06 2.143359049770555707e-06 1.196631396484789431e-06 1.297980891975826990e-06 2.039665129941736483e-06 5.495639979442861461e-07 3.892601900901056516e-07 1.456541579652467470e-07 6.947574642189588583e-08
9.491195899441480686e-06 7.765615003430341153e-06 5.469045089043596832e-06 3.818124440029783007e-06 9.767019419218656124e-07 6.209772573239943855e-07 5.949386250710084072e-07 6.552266329148844520e-07 5.171929379851557520e-07 7.543379512174842281e-07 4.033525928218875179e-08
7.083927135257172671e-06 8.668153226110482553e-06 7.677800692451515959e-06 3.860232341485367044e-06 8.559268806105630802e-07 4.780195976174162471e-07 4.893762561491821721e-07 2.420291151982064738e-07 1.249538664355774936e-07 3.350631749425565154e-07 8.438362341409597704e-08
7.003090296367275470e-06 4.717366146763963312e-06 2.851923383098801284e-06 1.855732490437081059e-06 6.895246580138595396e-06 8.702225224094890881e-07 4.628955254452235611e-07 3.323682245442090541e-07 1.709173231698789442e-07 6.637684383658211079e-07 3.798028193632467921e-08
2.697416708755362640e-06 1.948521667943744197e-06 1.497733187168671443e-06 1.661524847272517734e-06 1.291889537956120545e-06 2.023491094611684281e-06 3.011060224843391112e-06 3.309123954656462470e-07 1.171132254801594291e-06 4.625702790986257620e-07 7.898660221005864204e-08
1.585487504660017909e-06 7.874509966879223479e-07 6.693298139363375718e-07 3.697064984628385970e-07 3.403613408037755590e-07 2.544410964387257965e-07 1.564393471562780323e-07 1.177211893102655843e-07 2.044258659291278241e-07 1.071684088121055756e-06 2.448160505503172622e-07
2.256379171613790192e-06 2.996798967061763954e-06 3.329962796155461488e-06 1.366843884914366915e-06 6.966262916691384563e-07 4.300115159762277199e-07 4.057207100906515744e-07 2.459222688878275259e-07 2.152552831958402362e-07 8.203726794874042615e-08 1.152137180984667311e-07
5.521253659583945053e-06 4.565235087173678012e-06 2.937805979719592862e-06 9.145135657728998456e-07 8.043404285547589138e-07 1.895051750715919620e-06 4.680234657186009421e-07 2.451675038880491643e-06 2.745163628716404033e-07 2.914024169756732326e-06 7.943773588696517925e-07
3.581186233255961546e-06 4.014822549060196550e-06 2.776832877520078625e-06 2.384907673132419217e-06 1.400433740147768671e-06 1.085234379797936681e-06 2.270238960862809960e-06 2.795233438039434890e-07 7.532183809073030644e-07 6.342731945230352946e-07 6.309160198088874529e-08
1.172580066124713139e-05 8.527607378292624232e-06 5.237404633931934664e-06 2.662581194967436457e-06 1.035628815139997929e-06 8.075988517738180329e-07 4.903249269303164968e-07 2.791082428544887344e-07 1.539004204847466688e-07 7.795518528195242392e-07 1.127489281907912096e-07
6.162520661411695451e-06 5.704053258421510494e-06 3.790874572218813252e-06 2.464284799140319775e-06 5.470631671391360547e-06 1.055983710382671613e-06 3.812964787839074880e-07 2.006176176409691712e-07 1.336512511594987598e-07 2.769163364567773572e-07 2.771214681071362351e-07
9.148768299834439117e-06 4.477263221454060259e-06 2.697233061489012614e-06 1.693073813611389143e-06 8.195895443916156602e-07 5.692176731046005622e-07 5.613574418310625913e-07 2.964777065540318714e-07 2.236047441953109950e-07 1.371112444247558162e-07 4.297137007889276147e-08
1.199224049216825130e-05 7.409436355154272234e-06 5.520801703577970894e-06 2.003588089552140610e-06 1.345371851901255682e-06 9.205827352588444512e-07 4.096673943434947943e-07 2.167131434337723277e-07 1.802274251029576981e-07 2.948184976786158408e-07 5.454193926929332368e-08
3.862425124566789282e-06 3.934362189884767345e-06 2.884986574140148074e-06 1.465456239631886536e-06 2.152940924375225402e-06 6.181371553165507118e-06 7.991603984540337258e-07 4.201230921259807709e-07 2.727850799305050126e-07 7.523168398051159048e-07 5.430516482627251405e-07
8.636755472195499744e-06 8.235254374088172357e-06 1.008090887549364616e-05 3.798591230680876944e-06 1.588191045571047499e-06 8.529783568886218125e-07 8.274029313924965938e-07 3.856164680250744852e-07 2.719918903310533671e-07 2.252182259772891918e-07 1.596660928635287028e-06
4.208083265969133763e-06 2.534369485499996336e-06 7.745495727256915321e-06 2.967799206632978898e-06 1.253090755120128778e-05 2.204435198121945225e-06 4.906065186339294556e-07 4.107037127344913427e-07 1.696026371963288899e-07 6.768933460759033730e-08 8.242004720257532957e-07
6.839481742355318843e-06 6.194725419123280718e-06 4.291247624371857263e-06 5.151826393259852643e-06 2.821595189582186105e-06 1.025057718860256484e-06 5.708036097105054950e-07 2.414442860354429884e-07 1.721728028398909100e-07 1.985017682967570320e-07 4.609468706106654219e-08
4.649861251566438341e-06 4.376474920147796258e-06 3.738963768441133886e-06 1.677289538572366815e-06 6.534406711877301411e-07 3.105665316413208021e-07 1.354524459002846041e-06 3.764101529335691893e-06 3.507641902156846096e-07 1.052052522366898400e-07 6.291727115148947080e-08
7.277648453949094384e-06 3.931517478680078994e-06 3.290205807832361340e-06 2.154363796137322287e-06 2.096552454225664478e-06 6.799508533063318686e-07 4.287307617357247275e-07 3.196651118921396782e-07 1.780587568009573805e-07 7.090004600490220421e-08 2.681958633301800281e-08
2.144769749528676087e-06 2.330115350144731596e-06 2.081845378996261716e-06 1.242557339296402146e-06 8.340355687550638429e-07 5.473480428590724938e-07 4.044836021362453253e-07 8.501880522458570232e-07 2.522648284049400890e-07 3.901866507524289486e-07 6.398174522266893262e-08
2.340146550553694353e-06 1.211224512822865957e-06 6.848720365661086385e-07 3.798590611328102099e-07 2.193767044229431163e-07 2.350234981260847514e-07 2.164958232008456748e-07 7.779560681244873635e-07 3.627198441327579336e-07 8.573978273978134641e-08 3.246004238373571781e-08
2.109106443305931392e-06 9.763064783847184150e-07 8.390435994790579131e-07 5.527670484730645439e-07 4.697908286384161034e-07 3.449773675615542440e-07 4.232882644198482681e-07 2.407557308586542545e-07 2.370577189785323377e-07 2.234916267700130821e-07 1.117033911082612596e-07
8.749207819227882894e-06 8.823390053627212974e-06 8.887786396549289056e-06 3.333853973685418397e-06 2.326423375402478356e-06 4.991741413895172351e-07 2.896588203627747041e-07 2.035225184286331488e-07 7.664027873380173174e-07 7.943447498546575933e-08 4.221248396027749311e-08
3.020460632122682186e-06 2.588245391204514479e-06 2.005707770720062009e-06 1.745822836408543806e-06 1.040918196335469305e-06 1.042598023359710653e-06 5.122265007482583550e-07 3.262854646733301029e-07 5.595640712592359289e-07 3.465744144148971239e-06 4.257704824973731492e-08
1.400309199922451043e-06 8.822158046389432569e-07 1.441795835116842199e-06 9.207903463277913344e-07 6.428477823119925327e-07 3.265786414534915055e-06 5.128858936270139395e-06 9.888657724440308727e-07 2.245284808303122568e-07 4.014314078959314418e-08 2.371257898494548039e-07
6.227413270123176318e-06 4.969410209227643802e-06 3.603521916300249230e-06 3.493253931172664637e-06 7.049302992341800082e-06 2.874585039778896787e-06 8.796471802212736525e-07 2.003045078085178340e-07 6.893062697250345154e-08 3.223290743015481805e-08 1.445769702925442906e-08
2.442979286299915923e-06 1.828822324355829912e-06 1.365189544931942122e-06 1.112251189514461550e-06 6.413962380856612076e-07 6.968122214225598696e-07 3.993691963877185887e-07 1.841249292698802048e-07 1.251326224781035829e-07 7.618577871730703909e-08 5.708130742774050318e-08
5.712893657540660432e-06 2.998599744800925869e-06 2.527063231653381356e-06 1.931937636842329189e-06 1.383173393059287955e-06 8.077222129639747522e-07 5.687025334877237221e-07 3.859754993128683981e-07 3.151935030326834614e-07 2.371780924825229303e-07 3.470653674681429065e-08
1.120041844028735627e-05 1.980599605766338961e-05 3.066018063388194459e-05 2.796037874487538565e-06 1.273244021819689519e-06 5.760576358749955515e-07 4.479547801713701833e-07 3.198186844364815886e-07 1.275756491798079168e-07 2.343438823449984180e-07 3.643865466550337259e-08
3.052262597920086296e-06 2.997896078421663256e-06 2.704994185484346480e-06 2.488945615877061097e-06 7.947941369853322584e-07 4.181997911168548742e-07 2.447427038489537710e-07 2.769044060307317776e-07 4.681501911578302145e-07 1.394635016454491647e-07 6.210164999009587611e-07
8.768984481764488057e-06 6.484670522037660295e-06 3.805552257839836094e-06 1.963061315358227448e-06 9.934720999652859520e-07 7.739040797806322227e-07 2.485145484049208344e-06 5.112512909733182504e-07 1.317536462820265444e-07 2.634330565984622587e-06 9.286233856702620517e-08
6.784304046448326976e-06 3.249382610294700539e-06 2.603927653856929687e-06 2.202672517949275583e-06 1.210394284247803621e-06 1.553095119297416329e-06 2.484302802898382497e-06 4.533571986417936129e-07 1.396998497853262481e-07 1.962501576227104730e-07 1.252974996254706983e-07
1.394763596203574468e-05 6.705881114169594978e-06 3.907926845437523187e-06 2.107869649467607594e-06 9.945667517276582230e-07 5.567260975731433742e-07 5.602406681559185233e-07 5.866390635974471255e-07 3.109360070583164430e-07 4.913799325371962509e-07 3.735221737374416475e-08
7.269923429160168659e-06 4.525384885500761670e-06 2.024595392986631466e-06 9.512733706263225943e-07 3.678418675009449384e-06 4.894000775399649647e-07 3.628566112074054368e-07 2.690896536959531280e-07 2.584465632997801150e-07 2.349796979997335752e-07 5.959604613486949057e-08
9.356761232223894431e-06 6.067426760208287316e-06 3.241076393342507937e-06 1.671254620269801504e-06 5.487766529992491613e-06 1.250568770889924518e-06 6.057462917703939092e-07 2.046295781722981791e-07 1.898697920538602893e-07 2.217814163858277818e-08 3.927805403323054519e-08
1.378277894849966205e-05 5.595612005670681194e-06 4.172031071858008573e-06 2.384490070981297386e-06 1.653158769259978283e-06 1.162705706669371864e-06 5.884922339082590807e-07 2.839997445892927061e-07 2.647922305017671973e-07 5.818752214806866267e-08 2.705974627662709756e-08
3.058918325739459269e-06 3.462610924997168609e-06 3.585262563498114709e-06 2.215804784069909036e-06 7.908295551886762825e-06 1.212409018579008350e-06 6.836507399985338339e-07 1.988730925275526333e-07 2.282127363798080138e-07 8.632729014454041113e-08 1.771235377667346007e-07
9.496800567522374864e-06 5.069740760806848411e-06 3.117089979185802551e-06 1.883241627692954842e-06 7.419132901071263910e-06 9.583171632744218401e-07 3.953487277865102637e-07 2.268121759533919686e-07 2.669876469114447418e-07 1.623230686242971888e-07 2.193668034134700093e-07
2.496407223776204883e-06 1.573135570769909208e-06 1.111830769289649912e-06 7.881015987596836235e-07 5.753189505064576706e-07 6.957026528299231474e-07 3.178734307242972132e-07 3.572852105675994582e-07 1.898763022791246557e-07 9.500097478524738934e-08 4.383507053460869362e-08
8.005632071604010759e-06 6.220546970243050929e-06 4.287449494025025580e-06 5.368182321284697348e-06 3.395707913751162116e-06 6.675920281924165131e-07 4.912617242015067294e-07 2.593920425913402673e-07 6.938807617144665980e-07 6.711535203558683808e-07 7.450769004832658633e-08
1.116766503363002600e-05 6.088334989485457011e-06 2.201642254666616607e-06 1.560013503761478867e-06 1.400978396167779857e-06 7.282540628242590809e-07 4.757632488950391711e-07 3.190873653820128164e-07 3.692018198275292507e-07 1.488481250563913382e-07 2.019080117199171750e-07
5.244705158678085684e-06 3.622896624058272589e-06 3.641312475466760276e-06 2.525870089983661536e-06 2.095451495186067314e-06 7.715079998075302620e-06 1.591009169569689592e-06 4.894912446578363170e-07 1.661529595974154900e-07 8.445022838470159750e-08 1.458666999141295622e-07
3.723725667709358394e-06 2.986227863728922518e-06 1.501873412167480519e-06 1.807783702127218672e-06 7.736040333084150827e-07 3.288858225505626415e-07 2.565290061486483288e-07 3.010424022790192495e-07 1.352852187237375676e-07 1.105607928982409128e-07 6.527909443802204051e-08
1.055441408167192652e-05 5.883342898593821378e-06 3.860472494992532130e-06 2.265521990527671131e-06 8.141352155143421388e-07 4.751703610464252655e-07 3.312487974094237332e-07 1.990270885890427532e-07 1.832484011463900834e-07 8.834159790055029389e-08 5.795365380257798729e-08
7.954047996348066624e-06 7.112831874995188441e-06 3.967662837924560088e-06 5.111593361031370987e-06 2.012700405150958533e-06 1.373315018779231664e-06 6.556121887848266110e-07 3.936276161474421179e-07 2.835658744523201523e-07 1.026502816856298096e-06 5.191226287616513608e-08
3.985129199248764164e-06 3.120314124263591992e-06 2.580702985534186248e-06 1.035255726265368579e-05 2.919395241655800805e-06 2.354791090185309171e-06 1.711987251272870923e-06 3.484501798433764525e-07 1.825829286801113586e-07 1.062681253540210988e-07 3.117031306253783915e-07
4.886336036546269315e-06 4.227509280204786696e-06 2.247735619168757999e-06 2.236744842819013459e-06 4.631525036068101675e-06 2.821815473399026569e-06 3.103652059298027993e-07 3.888817907171049293e-07 2.532493404720323066e-07 2.255875202798003623e-06 4.856947720852517776e-08
1.209551235133759862e-05 6.339161745872582688e-06 4.834550790546522443e-06 3.208657603064221959e-06 2.387547457648037910e-06 8.134816428105582558e-07 4.563530055729156967e-07 3.605680749424493098e-07 2.135719215659009448e-07 2.576981014289548059e-06 9.264525340441470078e-08
7.499081994056848432e-07 2.254575357096607000e-05 1.273754367769363354e-06 1.504388678929616921e-06 6.643903204533161299e-07 3.553561509386402858e-07 1.478834691161704398e-06 3.663045759425736748e-07 5.774298469440729859e-07 1.551030860925158272e-07 4.862746838619022598e-08
5.729461408049404606e-06 4.134093739408746118e-06 3.917217639809004224e-06 2.752828610969260173e-06 1.625589036492796976e-06 1.568701018672028104e-06 4.635666426023584372e-07 2.161462839685582758e-07 1.332126472580357559e-07 5.601933442609354306e-07 2.663291953440706410e-08
9.920791973148191328e-06 2.372477969110875518e-06 1.862950925740234119e-06 1.304949132869849391e-06 2.170731044045818750e-06 6.227930366686227502e-07 6.329816980611997313e-07 2.914919921811670575e-07 1.535169301360644825e-07 9.056632659269901938e-08 7.931323420226230136e-08
1.885318739695327945e-06 2.452570369835903794e-06 2.226369910335541820e-06 9.402476581025665776e-07 9.287367138452447330e-07 5.570719671794689038e-07 4.497922620288293017e-07 1.153690912149124520e-06 3.414239400019391707e-07 7.438648902240914555e-08 8.931687372034958219e-08
3.639999956332555441e-06 1.978509880054950880e-06 1.533752712096519640e-06 8.225264380254434306e-07 5.525295976840168670e-06 7.909378721633818265e-07 4.204414220908310436e-07 2.094839605214026571e-07 3.454016117622589020e-07 3.016999244636422216e-07 4.326381524300823369e-08
5.841685913475429797e-06 4.029344437040500724e-06 2.894106932875115591e-06 3.503191131628116744e-06 1.254148879805903601e-05 1.298908104597168955e-06 6.477459358922649678e-07 3.381439112052651288e-07 3.136843748348640733e-07 1.223913877058195333e-07 3.960414859140694292e-08
1.463998622496475149e-05 1.336918238693227506e-05 7.361327506820838215e-06 2.188130045012069264e-06 1.162475652460739199e-06 5.884646644444210294e-07 5.057638231297585074e-07 1.507260323969262891e-06 1.209977147451432522e-07 4.996707614483646430e-08 2.277140489386722429e-08
1.270297533838830899e-05 9.233341384845683152e-06 1.519775688271648703e-05 5.342302553622281142e-06 2.407385268560290218e-06 1.275655498659087404e-06 6.322691719776577562e-07 2.380552332963960135e-07 8.401970204828712312e-08 3.504873204579257344e-07 3.677397366219631423e-07
1.301314879271001260e-05 7.294252195156362388e-06 4.725593757076932854e-06 3.623715318459030033e-06 4.296392845629458397e-06 1.539808085699351757e-06 7.998980528166164015e-07 4.347467098150356143e-07 1.774523622286777821e-07 5.613391061690580441e-08 2.602538886534561532e-08
1.163028702872900269e-04 6.121938441455996582e-06 3.645929811650395453e-06 2.755753951862573330e-06 1.957243769734065786e-06 1.332694101717231135e-06 5.518218407383292700e-07 2.944698268575710627e-07 1.419715865006519817e-07 5.875326268688155683e-08 4.579473473755074461e-08
8.530376401835518320e-06 3.242944874503960303e-06 2.171624499596076277e-06 3.921102917551099037e-06 1.042125292975560029e-06 6.674218172416733266e-07 1.376171488521176797e-06 5.008247223478422692e-07 1.148958328051058864e-07 7.123060008475165758e-08 3.492234733722292888e-08
6.512788863016078035e-06 1.154466292504098439e-05 3.421957974800229117e-06 8.365039502824821090e-06 1.276106197616959825e-06 5.715718050391178461e-07 3.500889413344895026e-07 1.000407222185183138e-06 2.446954139930021328e-07 1.396342150881519668e-07 1.006330084797421909e-07
3.539652973944710404e-06 2.365016822687661207e-06 2.877719455420151580e-06 1.738781662916014414e-06 1.645165384060242828e-06 2.741375661721527054e-06 1.702457589247379362e-06 1.473979319288981422e-06 1.516410627242430156e-07 6.760882475189639393e-08 4.639695756918794722e-08
2.924945394136581803e-06 2.464820724223456924e-06 3.831760786363946493e-06 3.328802516918111317e-06 1.732894180042987369e-06 1.578238309274003442e-06 7.412592951790132585e-07 6.621216038175037844e-07 3.034454445803804880e-07 9.426299912657403725e-08 4.438585476920418284e-08
8.242611700113955744e-06 9.047903016273512177e-06 6.130756222379190009e-06 3.415618966866761129e-06 2.330783636377294439e-06 8.163103067424833651e-06 1.229139165042259210e-06 2.444474610626316243e-07 1.226795485129226927e-07 7.432257245120954657e-08 6.946889526089817943e-08
1.236620613803752388e-05 1.016208715447875008e-05 5.235085421967395079e-06 1.867149976439075310e-06 7.976651084420826525e-07 6.273802260166525316e-07 3.564126014274870052e-07 3.630830644829596478e-07 1.840296218386595922e-07 1.537315310580189602e-07 1.359742411818062180e-06
8.865423571436376044e-06 6.245981886477069009e-06 3.596145682674065092e-06 2.094283039826288259e-06 1.690008904621416429e-06 6.554619616142631986e-07 4.013594974185447778e-07 2.862238160131558545e-07 2.172940358632855587e-07 1.010613374568023132e-07 2.900987829910077422e-08
3.406282725244295119e-06 2.648163196776178446e-06 2.652059070065668301e-06 2.520346908731618084e-06 1.143112429559488549e-06 6.052233240975233004e-07 5.067835008861947013e-07 1.007092256803966965e-06 1.320951420695685149e-07 4.413916499943854822e-08 1.307529070142342362e-08
1.182333684606501993e-05 9.821535785274727946e-06 5.960952155110713512e-06 3.230667806808267788e-06 2.221979647370521472e-06 1.003232261348573553e-06 7.013801064155096948e-07 7.013890711180536563e-07 1.420344041142486737e-07 7.894051546428399022e-08 1.577720775097144304e-08
1.254801967658586366e-05 8.815821628576916305e-06 4.716785381511774454e-06 2.069827709963203622e-06 1.385126689424049068e-06 8.468734100863222865e-07 6.804864976382034583e-07 2.656691000479321521e-07 1.795611551899945809e-07 1.404186063620736384e-07 1.922613871789239620e-07
7.711279932921564031e-06 7.384972925005365486e-06 3.638814716692795254e-06 8.014329888636133889e-07 4.997898660063454887e-07 4.009329810871461822e-07 3.422038973210467507e-07 2.322060510208126926e-07 1.751596931621366243e-07 8.732663431985721104e-08 3.297392721727004685e-08
1.985300865357640958e-06 1.820306984984914337e-06 1.385463162301416782e-06 2.855901090523554009e-06 2.847587575233838256e-06 1.065652790010644954e-06 5.930405794638891388e-07 1.081514757307255271e-06 1.355046372427970724e-07 4.938556032319218969e-07 4.728757077974906531e-08
3.568559604121885096e-06 1.968884530796532320e-06 1.372091466535100277e-06 1.539315591785188044e-06 8.970818780689878356e-07 4.949427493417489717e-07 2.688544446263300450e-07 2.179406872045981436e-07 2.774822341050108282e-07 1.268865645480028908e-07 9.116453092592008873e-08
2.864241824337876919e-06 2.434850350454671901e-06 1.470036562737127639e-06 1.021218261366505783e-06 1.437106124209635312e-06 2.188731448502603143e-06 3.559596503067501960e-07 6.025660943075590337e-07 1.608451146806343769e-06 2.490900510922000016e-07 2.923775176144774253e-08
2.193027105012717239e-05 7.806443323735516029e-06 3.905234454758665541e-06 2.598219052219468814e-06 1.120505006339185300e-06 6.592870243403184892e-07 4.144805319051912454e-07 2.445124574090460567e-07 1.707776862961280866e-07 1.371722994327735959e-07 7.053518028306718955e-07
1.530659985502257313e-06 1.584082757469419759e-06 4.448240742192718437e-06 5.785388878112667464e-06 1.078358683065798224e-06 3.859219481397173200e-07 2.450918937558434093e-07 3.456987910584311785e-07 5.967387581392225999e-07 2.075000646765623975e-07 8.089019783443425031e-08
9.299698425139093594e-06 3.896068397076741992e-05 2.566461429193889722e-06 1.501449121190927714e-06 1.234079822322848341e-06 1.623788461080197277e-06 9.600498209663733312e-07 5.008765766374707389e-07 1.787581381975119261e-07 5.303617508586104196e-08 2.602109432671584316e-08
2.816734749065990874e-06 3.057859774200504518e-06 2.033402749636225084e-06 8.224756212812051321e-07 6.691516976906672719e-07 3.893599828434040741e-07 4.001760318746553032e-07 1.780894986717710116e-07 1.026873200272122778e-07 9.213350529146722747e-08 3.759886170279655402e-08
3.935426890555122071e-06 2.893492219628674795e-06 2.323896434235979017e-06 8.836531875882867438e-07 5.450765587093838092e-07 4.042963398773888560e-07 2.864613769569160441e-07 5.114790151685515081e-07 3.940682035334008672e-07 3.940846130838739407e-07 4.370790519472121085e-07
3.625887614990898157e-06 2.499100494899536943e-06 9.851621247035603268e-07 7.703881629739093852e-07 6.176397360641042598e-07 6.912692015796990081e-07 6.331709909561290331e-07 3.429786592353032144e-06 3.068660446392537442e-07 8.451646810703918712e-08 7.077270231464006179e-08
3.789445989275983607e-06 2.413270539146968904e-06 2.252272901620764056e-06 2.864285160786876879e-06 9.661905092131318512e-07 5.266310810305155814e-07 1.672125549233598008e-06 2.290635978001699887e-07 1.983666556763722573e-06 9.660751327764820932e-08 1.940345890219078204e-08
4.867630322917431843e-06 2.716203832822931750e-06 1.773831310466242228e-06 1.204692494142949903e-06 9.747085199306514561e-07 9.571104527847295685e-07 1.447055208130409004e-06 2.367902511166973194e-06 3.237274315336918484e-07 2.495916807679106333e-08 1.907575178140686631e-07
3.788486158855724138e-06 3.524971257124784840e-06 1.690361957944252539e-06 8.446541361359593805e-07 4.900603788987869021e-07 3.578410123896669709e-07 3.808129823984738892e-07 6.999938991195246790e-07 1.483262380318364122e-07 1.007938790483631000e-07 1.843468038543410182e-07
4.116725672571060152e-06 1.768541301574173659e-06 1.611896966039072128e-06 1.934126537448849383e-06 3.501330939624145483e-06 6.752964225932057169e-07 9.718010807369255001e-07 4.739864399623935648e-07 8.707887284163532970e-07 7.715600085790443596e-08 8.526592009263727198e-08
4.768468721546633237e-06 2.864548089078297305e-06 2.189328194863783385e-06 2.371921935828172228e-06 9.629081909599328933e-07 8.963932916247175253e-07 4.944663743176030327e-07 2.503344712205983075e-07 1.623650861703202793e-07 2.550661313951541192e-07 9.783240554883845137e-07
1.525358082267241970e-05 5.639844233764050432e-06 4.131579692283926281e-06 2.651764732330263794e-06 2.718666772861957742e-06 1.855345479773923799e-06 2.023039342527989660e-06 2.287611798904311901e-07 1.616825595993046831e-07 3.107511674924084142e-07 1.641079419441726450e-07
3.573417066864457927e-06 4.915438795657108465e-06 3.539090717610223098e-06 1.823166812607819053e-06 1.163863269388887272e-06 8.159451581984207592e-07 5.126304934927061946e-07 1.294762372816450356e-06 5.393173166345796067e-07 1.449919370782441808e-07 4.249179963631392031e-08
3.710876386331298315e-06 2.247682841998611614e-06 1.862698631027505682e-06 1.266677439992263613e-06 8.599532535530274563e-07 1.307662942864529289e-06 1.500679263950498804e-06 2.450312765938408639e-07 1.653835248940834711e-07 2.841644423497706002e-07 2.732743680156524018e-07
4.313736979723077596e-06 3.188815942986823757e-06 2.728934476687030491e-06 6.264788269225080627e-06 1.786834024566768332e-06 7.720672312264082192e-07 4.451970733494055504e-07 3.146561292461682357e-07 2.313038616693854583e-07 8.111754900534884498e-08 3.411958891253414882e-08
1.143444670432940790e-05 6.787618995629501766e-06 3.933040297635286818e-06 1.865416551530097961e-06 1.188951312245679958e-06 3.879260291358411318e-06 2.215306282855454905e-06 7.494979317836384540e-07 2.373004497891723770e-06 6.587117059426890839e-08 1.730554796067184114e-08
1.714053263900613714e-06 2.016733574887161690e-06 1.040518340229781473e-06 6.502216454611599876e-07 6.057628363919195606e-07 4.712958982654758365e-07 3.116810158690261296e-07 4.066626191527264867e-07 1.075426238961775419e-07 1.247566310052971007e-07 6.099927247984479377e-07
4.489486490419888501e-06 2.748946688472604162e-06 2.377825018546002346e-06 2.464675061955891023e-06 1.149755454619508218e-06 5.268920048915148322e-06 2.782704194084360058e-07 4.167994465660851174e-07 1.040447954008937328e-07 1.415284279362675859e-06 2.114534074401021480e-07
2.452561725356194292e-06 2.205665574075799882e-06 2.898626672008129247e-06 1.792353631504003895e-06 1.318911793610140161e-06 9.136791680511255976e-07 3.429311916378298317e-07 2.647159573602069571e-07 1.530421927260609821e-07 6.780077641488749174e-08 4.293359629082267052e-08
3.211302559810621682e-06 2.686177614769073845e-06 2.173193469761262951e-06 1.309964703662844282e-06 9.111156873539365222e-07 4.881505759014567282e-07 3.997351872744827892e-07 5.193019444310569816e-07 1.094705765893763891e-07 2.907239073487840636e-07 9.760133463346468130e-07
5.687848005648471017e-06 4.139039656253635076e-06 3.651283269148494897e-06 1.443291807070228606e-06 1.103225676168687509e-06 1.181001162724872354e-06 7.600767387848000997e-07 1.616117741765894768e-06 1.743797054204819599e-06 2.583057007655943895e-07 3.076335368092036201e-08
6.170824890535255089e-06 2.918743734009981160e-06 2.316439950506334524e-06 1.222114391597850382e-06 1.037885049556657266e-06 7.192046569535874519e-07 3.783534900243615185e-07 2.350935553377651620e-07 1.523372827053118283e-07 1.957939267208628459e-07 1.172519317176980683e-07
6.950600925810497732e-06 5.419945831123508734e-06 3.544661343520241051e-06 2.426986497258502016e-06 1.823180678396711238e-06 6.668291920298516943e-07 4.512034221401699661e-07 2.908177460996435619e-07 1.979064884997555754e-07 3.097844759902858834e-06 1.294636750576142937e-07
2.386986002547715238e-06 2.350941948868330246e-06 2.300123635218322408e-06 2.088163992870885826e-05 1.707269276205582184e-06 7.758023376865578495e-07 7.740446436789539454e-07 7.226939469038540766e-07 2.416926363203315773e-07 1.547152916655793683e-07 2.557198097942416303e-07
1.230547220134057673e-06 1.119902993685276356e-06 7.769502731855856234e-07 9.754553961832466868e-07 5.577929348991267137e-07 3.300955201106484160e-07 2.056409925290734075e-07 4.165831236215371479e-07 1.846319879966005041e-07 1.997258145206383680e-07 3.598250122412231893e-08
1.182714491197369549e-06 4.579968444674401990e-07 1.104902367510270022e-06 4.589106170893669384e-07 3.699921918081762637e-07 3.224686772681873271e-07 5.078074895136733793e-07 2.082795360756901170e-07 1.548351049753553714e-07 8.617792684680718060e-07 1.481847802304589996e-07
6.903950019844737859e-06 4.368539508330509222e-06 3.691356169140704945e-06 3.715413608196105763e-06 1.633685209964647228e-06 7.885344350409443302e-07 6.856401194035422708e-07 3.365845161099578837e-07 1.361106401294401717e-07 4.961041457134401713e-08 1.449590289294635370e-07
8.333006355328852029e-06 6.282368908349226240e-06 4.831403329712260400e-06 4.972275188883847554e-06 3.042539195489968826e-06 1.963895274423814165e-06 7.546845622541378995e-07 2.443647934388117925e-07 1.480630655248106999e-07 1.904242930922040254e-07 4.124637183009686099e-08
5.618910251413893885e-06 4.055748005582759885e-06 2.795600644736706244e-06 3.087458349970344937e-06 1.998283447818466530e-06 1.192304188389442615e-06 6.100020339050521092e-07 9.273014598670014708e-06 2.611228029297505302e-07 2.369326315499215095e-07 3.604116703163056132e-08
6.032984173199232060e-06 5.232924237636807046e-06 3.644218130723446284e-06 5.329673241349127290e-06 7.119539133555370231e-07 6.065148739325528787e-07 6.032424939294711546e-07 7.946197174159131189e-07 1.165289322165381386e-07 1.650414264315368024e-07 3.129109104185641562e-08
7.107403238710262553e-06 3.934820920095511092e-06 3.101365435504333311e-06 2.027343612440141475e-06 1.418051537912219848e-06 1.792884581680647399e-06 4.623001957110329366e-07 2.712160318571589794e-07 1.542828606237151998e-07 7.490014134191560677e-08 2.601401185110222662e-08
9.374691205277329144e-06 5.877594757363395553e-06 2.663645955640091942e-06 2.305633586928354110e-06 3.891385283970513200e-06 2.160170466555140625e-06 5.068206371332993378e-07 2.875141474218071281e-07 1.624270760437424360e-07 8.432893530585290617e-08 2.885383685843172985e-08
5.423105041535311883e-06 5.099933197627173804e-06 1.864400115397953005e-05 2.298444299799988906e-06 3.612769999415031817e-06 1.775139127395926819e-06 2.129718884724896689e-07 1.694281133995341781e-07 1.074748150147130706e-06 1.741360892981486064e-07 5.048821272406765686e-07
3.718407248665140118e-06 3.263160988477464309e-06 2.350688147926310668e-06 1.651135146824256412e-06 1.163278931637912859e-06 8.812577663829991163e-07 5.143292160334232736e-07 3.263515602422301958e-07 3.913777961649083153e-07 1.474271503357037230e-07 8.046981835338358172e-08
9.975960603768525056e-06 6.231360848446269076e-06 2.503106486151904173e-06 1.496993242329300014e-06 1.286920359840626166e-06 9.014966068623908615e-07 4.188116765545218924e-07 2.438392896576652390e-07 1.948503944412288335e-07 9.610023687842090460e-07 9.718072944225073620e-08
3.437374269362647894e-06 3.582534773944365333e-06 2.516856632448608353e-06 7.346715992785692400e-06 1.004534826724102243e-05 1.159118929221234416e-06 6.927003909518529444e-07 2.307229623963615918e-07 1.318784530364565497e-07 4.190134195401367698e-08 3.003682577953602442e-07
1.275232648856015837e-05 8.225369815574681717e-06 3.415417640784074665e-06 1.812438267576462257e-06 1.160801213320458846e-06 2.211679672116364847e-06 4.581586178853896500e-07 2.424741168888577155e-07 3.018244596384071581e-07 1.158519706638612198e-07 1.723654674663398077e-07
4.639324160645609535e-06 3.163426277344828800e-06 1.313519796449670760e-06 7.878330150931497081e-07 7.116176623878798964e-07 6.331029168153862224e-07 3.203418753924020887e-07 1.077729264390409906e-06 2.769689100780336923e-07 1.362662165599376150e-07 6.932823239113184143e-08
1.187733443717731286e-05 7.633700067232343463e-06 4.300268126583158398e-06 2.671112943923002673e-06 1.220470457446047854e-06 7.638458979755204799e-07 7.693970200638809854e-07 3.013970941240702948e-07 1.953938505969075799e-07 1.374465855721613888e-07 6.031110692071133384e-07
8.260871131899844989e-06 4.736911665256643130e-06 4.322454202081534762e-06 3.653587886696902229e-06 2.536071355280674653e-06 9.983723087642900774e-06 1.591351305649012938e-06 4.666656862974996801e-07 2.011999641907572495e-07 4.617451111481808326e-08 8.537725240918396649e-09
2.385939447566160576e-06 2.358843144187376381e-06 1.993005806855134298e-06 1.428393005830936452e-06 1.031458042116150284e-06 7.003296267669631262e-07 2.780691839737319788e-06 2.592163488068427178e-07 1.463889899972771354e-06 1.229923393212868026e-07 1.513101206384232459e-07
2.214547701257935786e-06 1.592201759044679405e-06 1.635928913984701251e-06 1.797939127719026709e-06 5.182212637976189495e-06 8.567120960335819244e-07 5.946099703144483282e-07 2.308171313723335485e-07 1.883227617995548628e-07 1.394699743697033348e-07 9.693762660609091563e-08
6.133547611099449964e-06 2.565905684753014983e-06 1.189451906683838318e-06 5.026068160236052362e-07 4.977797772009736408e-07 2.877630473637725589e-07 1.469793116969774488e-06 2.536969144722214282e-07 8.667960089689590825e-08 4.642933039235521578e-07 7.769891902945372823e-08
1.242315845648588603e-05 6.592793935491041440e-06 4.878560206900522268e-06 2.010667392820816384e-06 1.144894435823823475e-06 7.513806056056754285e-07 9.066357925202272606e-07 2.257363268680363420e-07 9.187684988150637188e-08 3.250204412700350760e-08 4.364227911484184358e-07
2.391119443575814034e-06 1.773778274986281595e-06 1.570477386861108688e-06 5.588812058341088391e-06 3.268001060431428100e-06 2.715169801177045026e-06 6.184442785951936403e-06 2.515516782000521337e-07 1.253865495295940243e-07 6.570599664114561980e-08 2.804101292082530613e-08
2.424889425041494274e-07 2.913342644711264070e-07 4.502017013473986230e-07 3.345473446348490649e-07 3.697885444834321336e-07 4.739849891997817256e-07 3.932358769134592976e-07 5.346708701875119604e-07 1.639981608082766721e-07 1.219181113732909131e-07 1.825386355557343631e-07
7.285395886169871036e-06 6.145313692394136674e-06 4.993130556381527339e-06 2.480767762978052195e-06 1.914224532253983120e-06 9.804694997438107330e-06 4.210089001378402815e-07 6.678910279936949553e-07 1.223943136606036437e-07 4.356690145752236541e-08 9.786109044086878878e-07
2.810567986350464488e-06 3.199502051705010885e-06 2.293731769895730669e-06 1.576554174666440089e-06 6.799033166765904415e-07 5.084658040493011544e-07 1.242916207886579453e-06 9.200967766846594228e-07 1.849541856709081283e-07 7.325514247025387439e-08 3.452940051693914485e-08
6.511021336279384819e-06 6.359433005864214823e-06 5.975888675155470709e-06 4.846666524273824383e-06 5.516261737718732475e-06 6.883669803947848176e-07 3.313890149063570453e-07 2.460708784898189713e-07 1.999464392643719929e-07 7.796738401834667004e-08 3.993218168393541451e-08
4.184904083058856971e-06 4.200578872301446826e-06 3.053799306475599377e-06 1.835244651855077958e-06 1.163104207670936962e-06 8.300343299830212368e-07 7.805401286069979592e-07 6.304902804951652300e-07 1.677838146046786652e-07 1.996694506286403288e-07 6.945271400947009447e-08
3.169764747952927144e-06 3.059217911627516457e-06 2.451465462098936013e-06 2.204431800178510677e-06 1.384214144019479934e-06 5.249642328545411626e-07 5.542637251267222179e-07 5.933383889963108776e-07 1.410697163843921615e-07 4.840486023537428702e-08 1.010193688348947775e-07
5.795664463533218034e-06 5.716004340422290034e-06 2.917505993596974898e-06 3.966841468977751249e-06 3.383112687897988990e-06 1.238431197533393436e-06 7.084396215191903384e-07 4.126879942113068219e-07 2.533131618416312741e-07 1.576824027845912115e-07 1.469705641896888790e-07
4.288550569010736622e-06 3.234621304606663322e-06 3.256573849115496102e-06 3.601694867257170511e-06 9.056025167439002473e-06 2.026038269401107764e-06 1.086775512393593996e-06 3.974922431720739274e-07 2.542673159606581431e-07 1.064652334575603480e-07 4.810771464657712555e-08
1.225075341633085878e-05 9.770063046662772632e-06 1.128691692530177388e-05 4.364866157557111646e-06 2.324744863914463290e-06 5.854746496964944309e-07 3.620291799160372866e-07 2.858152322594107916e-07 2.066735946309207208e-07 1.053133062047283891e-07 7.821404736242457952e-08
8.078749568886404379e-06 6.501687648478217040e-06 5.094659588973909220e-06 2.583465636795265454e-06 7.260400025308013117e-07 4.957584745552720352e-07 2.323421558097467257e-07 1.777735989575261570e-07 1.469225106808332716e-07 2.570909390350778573e-07 4.603890559104026668e-08
3.135388677503985436e-06 2.704146779912646283e-06 2.828977711962705539e-06 2.987322293377719147e-06 2.328444033426314623e-06 1.659537064937379533e-06 4.368767564036921605e-07 5.128187825788053906e-07 1.597160422838646353e-07 6.983926522506938869e-08 3.488667470936322844e-08
5.777233009438022046e-06 4.887885756984001384e-06 3.236705950466642788e-06 1.642225068350101175e-06 1.015199783631280518e-06 4.644071314879651394e-06 1.696082642766706357e-06 8.645892867195885211e-07 1.614424177108014103e-07 1.081487298859863985e-07 2.020673102300332926e-06
2.452460858782801930e-06 3.165124013684705178e-06 2.474467973143828266e-06 5.451777370671285377e-07 5.666043855262047424e-07 2.931134844033344258e-07 1.670179284152825431e-07 2.396863039621243765e-07 1.214187386003777068e-07 2.559216164426930199e-06 5.853674742544163005e-07
7.645026559475515574e-07 2.207267390539754487e-07 3.030151556854846765e-07 3.739644974470609214e-07 2.713594096899309303e-07 1.425061765566490580e-06 7.725356387746980412e-07 3.257894958945408304e-07 8.231959565897520703e-08 4.741061690326861505e-06 1.228835745997726416e-07
1.115331791175962071e-05 5.389738767835711459e-06 2.906258152348336210e-06 2.002307643751638575e-06 1.069458149493697393e-06 6.188118851426401654e-07 4.446084886550972699e-07 1.442088221633971414e-06 2.616961043682215504e-07 1.494411438674988883e-07 2.300049001138667004e-07
3.805696332307309562e-06 1.980727800544255927e-06 1.364793675340689222e-06 8.563775826735410778e-07 6.955587308819940881e-07 5.177945482710536800e-07 3.722968474101389382e-06 2.527372455895813962e-07 2.477100599942167686e-07 1.650201026072498830e-06 1.390327182952470528e-07
5.365462543399120115e-06 3.936381481853748403e-06 2.883684070964884921e-06 1.354901933929977656e-06 1.346812276439983031e-06 8.517032192391241379e-07 1.127337359684048651e-06 5.978566544640264796e-07 2.330409231934921970e-07 2.822985949578077723e-07 2.185666657899553642e-08
5.990129548319979057e-06 4.990438713453164997e-06 4.086429346220967921e-06 8.060229855936458361e-06 1.686198272655888028e-06 8.562435130096723034e-07 7.108340234229285286e-07 6.081375194709412045e-07 8.960276121287674081e-07 5.889839313188714455e-08 2.461033100319175214e-08
6.288955449576858147e-06 3.529934131409304221e-06 2.669244937042751930e-06 2.576201795561868982e-06 1.827838088064008361e-06 7.994471584690289196e-07 2.798797521357894716e-06 5.291842580350902641e-07 2.338306626605761828e-07 7.501761801106359740e-07 1.664813492775466926e-07
5.633255974695635641e-06 4.562837145458244957e-06 3.541409224478248026e-06 1.578900964401343414e-06 9.920027501418363143e-07 7.018540691117971704e-07 5.637387890620899423e-07 9.880905472049548959e-07 2.285956312083431877e-07 2.913111078162949998e-08 1.400132873319088082e-07
1.017822741430721879e-05 6.273399944508919154e-06 3.091806315952847184e-06 1.801218172451181911e-06 1.378895233648235173e-06 1.313421999959742397e-06 8.386861549934550589e-07 3.616845409047837576e-07 5.338738839361369015e-07 1.008520229780413982e-07 2.296168400466328622e-08
5.594905503976256032e-06 2.864637615272099420e-06 3.502449128082233386e-06 5.403028812317895376e-06 2.477054343221301804e-06 9.791177401282135273e-07 5.963762416964710609e-07 3.707237735471528456e-07 1.675612386406456575e-07 2.120481783543733109e-07 2.363190056019614257e-08
6.074129506980082438e-06 3.714514091712117272e-06 2.058665407057731078e-06 1.306854405156011846e-06 8.340801548273987147e-07 1.572204094774123512e-06 3.777518841227493241e-07 3.150994605981097196e-07 3.701745098540556809e-07 1.827623521690431766e-06 6.712730168429597082e-08
1.986197426037760217e-05 1.361313086389354521e-05 5.993452048001178218e-06 1.545535265795697652e-06 9.298368857284782420e-07 6.968963014502537855e-07 4.793488122874982746e-07 2.818436923744272484e-07 4.524972741527446771e-07 7.897404778113075455e-08 1.039705580485287719e-06
8.474295762398974534e-06 5.130175491766681449e-06 8.352061053931276416e-06 7.831812959454837445e-06 1.075184470979781736e-05 1.056675745182172838e-06 5.168056930458075157e-07 5.083926048752718986e-07 1.814361040420468653e-07 1.211338906426681725e-07 3.969942470823706955e-08
6.202281045903786333e-06 9.943576352805861800e-06 2.622326240560747851e-06 2.177230208922266819e-06 1.196839427780630118e-06 7.091301289995284566e-07 6.806200355896504823e-07 3.453572463742510579e-07 2.169560595341824693e-07 6.241766573118778665e-07 2.953114886717220748e-07
3.429641963360810226e-06 3.157293288802345646e-06 1.821892219430990818e-06 1.600039034350474985e-06 1.415126719257512048e-06 1.010125248573591543e-05 1.203151304655371986e-06 3.094271639966487882e-07 1.046483705195097553e-07 3.415071232825882815e-07 1.478540270535748210e-06
1.032807935191900577e-05 6.278902429339314999e-06 3.458238554753167798e-06 2.142612901126764974e-06 1.503461297500961739e-06 1.002468489010734105e-06 2.720640804839265278e-06 3.592396369734079163e-07 1.305924391802551889e-07 4.162014126338636277e-07 3.468040252290680411e-07
6.805919692187477396e-06 1.187648045369134221e-05 2.474050503603056410e-06 2.162124452855523384e-06 1.344800694734477940e-06 8.966539734528154869e-07 6.060091146629404215e-07 3.851379616839559520e-07 4.962114508101120913e-07 1.785718890803592732e-07 6.283286929855328485e-08
2.828929992004859095e-06 2.796022333311592516e-06 1.441040434481731332e-06 7.941093240543023207e-07 6.289764720812104734e-07 4.148357747470001004e-07 1.112881584603308824e-06 1.644627415070357439e-07 4.755843687909816441e-07 7.433980687081809596e-08 1.095060147796855818e-07
1.620813114322223760e-06 1.245634956748421738e-06 1.005651032279480844e-06 9.297732272704467673e-07 1.072264353628579400e-06 5.063518499692187882e-07 5.472560405851337744e-07 1.522115555887921342e-06 2.853534996579092683e-07 1.356754817371444514e-07 8.957176026291123733e-08
8.879314666690222053e-06 3.403356394268748200e-06 2.692422343920963353e-06 1.612264155130700251e-06 8.712758429054141193e-07 5.523184843321056491e-07 3.648026411139449192e-07 2.977105489679031853e-07 1.848635669900679013e-06 1.683486833493954617e-07 5.655364336684996952e-08
5.556115582083298100e-06 3.522297664364560576e-06 2.049400615635512755e-06 1.538264399350350278e-06 1.102808084447370137e-06 6.569507505071231624e-07 3.026212642319100227e-07 2.293064865883817404e-07 2.535456279257051652e-06 2.200311476940089517e-07 4.737860770747645472e-08
5.837087008301896808e-06 6.842413752503916664e-06 3.685045349207077900e-06 1.531962162581564003e-06 9.167780418492819473e-07 3.331474963245293558e-07 2.816531442851693718e-07 2.057223380631812754e-07 1.561836275728778309e-07 7.423518381216411281e-08 5.053295177633102197e-08
6.059551543402785825e-06 3.494951294735701611e-06 2.457037707956247288e-06 1.849405066038481538e-06 1.911312286268197856e-06 3.604113446368625143e-06 2.055628965721354218e-06 2.367935677357448276e-06 1.492759922080930361e-07 4.661410693919943315e-08 2.728451703468045777e-07
4.902632053774806862e-06 3.121707507273050310e-06 2.742340446862243919e-06 1.821679890210859286e-06 1.573626847880713029e-06 8.407930430351815407e-07 1.858349638536095118e-06 4.675137553766578678e-07 1.271904253726769962e-07 5.027094743179821943e-08 1.301022558167247629e-08
1.774720001227136282e-06 1.192595863376429647e-06 1.221065237856759475e-06 1.955658201102532560e-06 8.146807407934537964e-07 6.803294270603367945e-07 4.965048308225648952e-07 7.037065511017535140e-07 1.685423879035000304e-07 9.838048007613051957e-08 2.248777666842535256e-07
1.081972278350259896e-05 1.074312388050473499e-05 6.416759744920017328e-06 4.134248574475300224e-06 2.917661185568424910e-06 3.156770580416706332e-06 6.601551638302182117e-07 2.879455439626237877e-07 1.106725893597355999e-07 5.371227583347068496e-07 4.880729557588151817e-07
2.687027090846065714e-06 2.848320708018619536e-06 1.222656062666503359e-06 4.354219503493816694e-06 7.993996863838362914e-06 1.882273048930964196e-06 5.930356461287306945e-07 2.657474211821628221e-07 1.217084684140752564e-07 6.327042363174174522e-08 7.302369652465011807e-08
4.653916632425093448e-06 4.826313449360966307e-06 3.136185130185727845e-06 2.480641120057453924e-06 2.041749994128072394e-06 8.628308845827894073e-07 4.981193034805312960e-07 2.556886736654312398e-07 7.459807507506362380e-07 4.926010752221519124e-08 2.050207560514838685e-08
9.064356697419475201e-06 5.393281856973711734e-06 3.065805704835000297e-06 9.713483607342920208e-07 6.141797078158599714e-07 4.485118611811913704e-07 4.006436831784208057e-07 2.883363920080442068e-07 1.278152359967523359e-07 4.050030238546685201e-07 5.148492322059137371e-08
1.300194378264776652e-05 6.832874558996749068e-06 2.987583402368241354e-06 1.888892241039178607e-06 1.094970594229009705e-06 7.303935037632370027e-07 3.904958914240120208e-07 2.500822894132157772e-07 1.588379191708754570e-07 9.421557982291125832e-08 3.109736051687192609e-07
3.958444826460464744e-06 4.214142026523287431e-06 3.212392349937601977e-06 2.712418234938606458e-06 1.540617918400586132e-06 9.265104272047068628e-07 6.523618933916132267e-07 3.608959611518272894e-07 1.832406602018445668e-07 1.137585266827384368e-06 9.509647190231645301e-08
5.367489914771481322e-06 3.515949994520790120e-06 2.952627081062906373e-06 4.536235636693172766e-06 1.754333126218718066e-06 8.394031195008420557e-07 5.974140141238648072e-07 3.198311604538832914e-07 9.375297491323515393e-08 3.322836962391464203e-08 1.161188554981721171e-07
5.853554043153669144e-06 3.641948429302564023e-06 5.033159465061676033e-06 2.549832453207603978e-06 9.085148833019775741e-07 6.139450554076767694e-07 2.953069967907291029e-07 2.563635099688140745e-07 1.191541920761236097e-07 1.475630576106975772e-07 2.999427129540982976e-07
2.405807625945195948e-06 2.758169607914766451e-06 1.931400018195444074e-06 1.166771472698024662e-06 1.119887150901340507e-06 7.625210447830446936e-07 5.133861890040346424e-07 2.288159762485589490e-06 3.921356160462543996e-07 1.437867139061387808e-07 4.740549546370010933e-08
4.679785148361686861e-06 3.921880884027257726e-06 3.075676069802545034e-06 1.830602435289459255e-06 1.108411060195647185e-06 7.426948458338591905e-07 1.812641377634911416e-06 2.190876123414850433e-07 2.856225292838197250e-07 3.396100826682818784e-08 4.835491327878522508e-08
9.757412809619061804e-06 7.108847552990998201e-06 7.446544792574900366e-06 7.448596383024381251e-06 1.797655332688106616e-06 5.738531164224378772e-07 3.551302505997014819e-07 2.228461871228544784e-07 1.343064525035303923e-07 6.843506093355741208e-08 3.342678949113494942e-08
8.670316969335191539e-07 1.542766559574424077e-06 1.778393228190357938e-06 1.561528731325191125e-06 1.114295259260915502e-06 8.569701065145366133e-07 6.213051399419718859e-07 4.710811164712058368e-07 7.189030418103556052e-07 1.139762566086093356e-07 3.412047578841305641e-07
6.412545445570577922e-06 5.594394785683128045e-06 2.457374466851387003e-06 1.680993188721089885e-06 1.205115597278301407e-06 1.260753043087000961e-06 5.581303366163673834e-07 7.923911263905883045e-07 1.607901485432022092e-07 8.032752048517403563e-08 7.174256552228196407e-08
4.274275702311380371e-06 5.514605996425965927e-06 1.788221645394270272e-06 1.677661913807222670e-06 9.129099511662057258e-07 8.114832520899502424e-07 6.416405343763975115e-07 4.161881139878212122e-07 1.325337961187500374e-07 3.692195082042985455e-08 1.699291380390617616e-08
5.520622796244806315e-06 5.263174068423372708e-06 2.992654615477693507e-06 2.100167749625843878e-06 1.559645811352893743e-06 1.413844169159309899e-06 4.775237899789949681e-06 1.431637903832146281e-06 1.581326222671310396e-07 5.644833911884389319e-08 5.708365073552123620e-08
2.992270908232462151e-05 2.399088029612118312e-05 3.318917110509718297e-06 1.870182182586176931e-06 1.258749227734261807e-06 6.684254927494892315e-07 4.214820462762142643e-07 2.676682071333012491e-07 1.540904030292446378e-07 3.335325703556410780e-08 2.234116585305196767e-08
2.171159247986824448e-06 1.427256873960401130e-06 1.148313660534478087e-06 1.731863917261981327e-06 4.250145753745152278e-06 9.936573544354405821e-07 4.756910909341054229e-06 2.399235354995231278e-07 1.051254977309147486e-07 7.718634703234321379e-08 6.180704091735316429e-08
4.094511396869950036e-06 2.027858562942422330e-06 1.294348153959300087e-06 8.248846886081925606e-06 9.807219028757545910e-07 6.599145098231647590e-07 3.842381242715637681e-07 9.194026288811300911e-07 1.348252718387263813e-07 6.998305516229835485e-08 3.496594703508676146e-08
1.017013798638136873e-05 7.529445924380851005e-06 3.434612089494774208e-06 2.473990349393474738e-06 1.412457665947907249e-06 1.075237137940385324e-06 5.428335079800837317e-07 1.027685129582714912e-06 1.759193328363205895e-07 9.358442057111155537e-08 1.543252170709304267e-07
4.953891800843086643e-06 3.087017237619194214e-06 1.712870296306896739e-06 1.075568389869494271e-06 8.779531260029175063e-07 1.080276540277277378e-06 3.769625247213427398e-07 5.285387381977413451e-07 2.402458897859933421e-06 1.410911016336543613e-07 1.772577389481595630e-07
8.318641922129962481e-06 5.501237837719295172e-06 2.477142579985068345e-06 1.741804312751454349e-06 1.082109343430052278e-06 6.186097930826929104e-07 4.594423817160964747e-07 1.191947703566892584e-06 5.984995793791137630e-07 9.479414654353494947e-08 3.447460434171091385e-08
7.731326623513980973e-06 4.447329653256948780e-06 2.436963724147022302e-06 1.470741264666514694e-06 1.060255004876811742e-06 3.814423423289779933e-06 5.677852995647276898e-07 5.881522573686913832e-07 1.257323877070625574e-07 5.708276512568014496e-08 2.332004523133226576e-08
5.339308983228836050e-06 4.806876251366483224e-06 6.262726693620158069e-06 5.549785530089364118e-06 5.156430609296971289e-06 2.754426723174540773e-06 1.775508745535439009e-06 4.300664342535337633e-07 1.597000529150980109e-07 1.440938445375418616e-07 5.199085003549157118e-08
1.593277214187583059e-06 1.218026049584567688e-06 1.031887280590425842e-06 6.582127815006647561e-07 5.182412922156622534e-07 3.322816884867018925e-07 2.858132812594176904e-07 1.322951482279322720e-06 1.763198732793540824e-07 9.820682983887569137e-08 3.662959498607160897e-07
4.746056352098788001e-06 1.446064495641355421e-06 1.162707067587662580e-06 5.413655620531168318e-07 3.366032604544754783e-07 5.227096650639510959e-07 3.552813231423510573e-07 1.754276052950718126e-07 1.518512119094948126e-06 2.015684067122699119e-07 3.606348432193774695e-08
2.060778409181571842e-06 1.151295328033534549e-06 9.088941040523488521e-07 5.116353998904102258e-07 1.618224753489264366e-06 4.537688258677825468e-07 2.636270306685472351e-07 2.316768936882384890e-07 2.422275907387996714e-07 4.415971678380439463e-07 3.449333354614919583e-08
4.336675270962822133e-06 4.915073980034857752e-06 2.448077266143774337e-06 1.551561863809288034e-06 1.412077838734541540e-06 1.028159738112053160e-06 6.387075730442977120e-06 1.441067551648896466e-06 1.704891511599510058e-07 2.782447481550343992e-07 7.115499924469009751e-08
7.042816748991961891e-06 4.400161318781721941e-06 3.871895151834407949e-06 4.539730194356611005e-06 2.587324832357073159e-06 4.267230499392573704e-06 4.259696576505309073e-07 9.882384619289213557e-08 5.381283564007752343e-08 1.058114968791212747e-07 1.436107656418854544e-07
1.208170232933160256e-05 1.108679585806621203e-05 4.557420609514927728e-06 2.404383519306355982e-06 1.274740519778331556e-06 8.555876378341142702e-07 4.834812074366550364e-07 2.518313044208633724e-07 9.047162647890160784e-07 1.223343706863313494e-07 9.571422811511067824e-08
6.492466311474156729e-06 3.276752191875089660e-06 2.575454031971260872e-06 2.231569552114307976e-06 1.144472507249147243e-06 8.425093517321628057e-07 1.464962419353138938e-06 1.147866943975463361e-06 2.307193143221591781e-07 4.467651241985854886e-08 1.819659063720616303e-08
5.754704019692423607e-06 4.261927618828485291e-06 2.963877102065765184e-06 2.927199920513003209e-06 4.218788901510376768e-06 1.179200362183155324e-06 4.190406228350217500e-06 2.202343646700929879e-07 8.930506027088997469e-08 6.916683309771511337e-08 4.410443849823592771e-07
7.049532768850057997e-06 5.980418898046071074e-06 4.620545985955127381e-06 2.720125460264008352e-06 7.541407240974279871e-07 3.498451103672181333e-07 2.293476157687998226e-07 3.241334632899756879e-07 3.602140621433957812e-07 1.919325245617726284e-07 6.768217630588411400e-07
3.006917347340513061e-06 2.496736718835552006e-06 1.446351231424866058e-06 1.196828062397867537e-06 6.248945488639656253e-07 4.082989670390482535e-07 3.283461343767384477e-07 2.474910065171853981e-07 1.668472703360266640e-07 7.324813226900453262e-08 4.250110060497611360e-08
1.752392341331230122e-05 7.396475672314921012e-06 3.457698098177955727e-06 2.396593593534034374e-06 1.595412928059141426e-06 7.175518585067840274e-07 4.388162747952874313e-07 2.607626156919196915e-07 4.391495323355307224e-07 2.391305675280106832e-07 3.454205804382814937e-08
3.374388801594676177e-06 4.901539117268518671e-06 4.233976825744085975e-06 2.380327923844649043e-06 5.035905417883380817e-06 1.113960763973233569e-06 5.324613256577123818e-07 2.632669057775908540e-07 1.530781693783538352e-07 9.391921075281771363e-07 4.793608297407817450e-08
7.819314190526590062e-06 3.544216341820291029e-06 2.531146452535349120e-06 1.614103244719234783e-06 1.026971471141201060e-06 6.664895574450728423e-07 4.232656718215819075e-07 2.466465173509694978e-07 1.714913084661650746e-07 1.680701388646061742e-08 4.426849902689229353e-09
1.041522850880333823e-05 8.710200650233407212e-06 4.870032472706948111e-06 3.015364907191032011e-06 1.446333882372427795e-06 6.964569345353981700e-07 5.479064368950764736e-07 3.723947092198987498e-07 2.180466790281231289e-07 2.074914147497584473e-07 3.060255753214306967e-08
1.099930836532412779e-05 9.096787476202145023e-06 4.137680544888039445e-06 2.136918073560502504e-06 1.395508269816108887e-06 9.004040277125380772e-07 3.301348625057044645e-07 1.557768600821674113e-07 7.231523003201215098e-08 2.648324306442327225e-08 4.677815996077932566e-08
6.390026466535654203e-06 4.831458176339071670e-06 3.316206875304254830e-06 2.096811501771396808e-06 1.306780766110597547e-06 7.387621052138742228e-07 3.742416188131782457e-07 1.982792504638597051e-07 3.192567563843940331e-07 1.667817636594633556e-07 4.516693942872159081e-08
9.451171296825082395e-06 7.366773016995006934e-06 4.736568164843797095e-06 1.742939769659453290e-06 1.092046755074339393e-06 6.760983875957874616e-07 5.064145585367746355e-07 3.303088916953838195e-07 1.541189719474703877e-07 9.442853124995734231e-08 1.015740413205519129e-07
1.281512324637514345e-05 7.917506328336228124e-06 4.079487815338810663e-06 2.141054526227188350e-06 3.778511660173931291e-06 7.088538299491559155e-07 4.363070078636384089e-07 5.971864970591537248e-07 1.218727616326078822e-07 2.616604588800190462e-08 5.031195999472723574e-07
3.339225415907506562e-06 3.658742368632940888e-06 2.759009038495774034e-06 4.488271153287416644e-06 2.515505552743147866e-06 5.587208401241886283e-07 3.176742577174564366e-07 1.675051057559902996e-07 8.811448853518000730e-08 4.570058515741223578e-08 1.623862863896844301e-07
7.890211614998675834e-06 4.215161918415267249e-06 2.191766187599273034e-06 1.271477098961045444e-06 8.119776853082161937e-07 5.670208240503494143e-07 6.003350057517844367e-07 2.564639637037036596e-06 5.478238091415926127e-07 4.183344730086465529e-07 1.854285947331850771e-08
4.412535489636013309e-06 1.649188704192120966e-06 1.180852407499794370e-06 8.324641761645956926e-07 5.202002116013462074e-07 3.455595325396234371e-07 2.924224863168823170e-07 7.954670748173946712e-07 1.639214136984453078e-07 1.043352790644214949e-07 6.588958293839027688e-08
5.243614221311150664e-06 3.968171062595264928e-06 2.529313472477964840e-06 1.628378244089007079e-06 1.285432730365827753e-06 7.065717836998535240e-07 4.278284104373609521e-07 2.654681215953462861e-07 2.054542720872217242e-07 4.848007101155632806e-07 1.299159874774485595e-07
1.154974855002611474e-05 3.917809664281691295e-06 2.731067904039654724e-06 1.853235851800311061e-06 1.370474773476725302e-06 1.024821078811288720e-06 4.929162397470580834e-07 2.291452858719804561e-07 2.893903289417975620e-07 8.425196412528562997e-08 1.071466024543783792e-08
7.316030109704950560e-06 8.894572569230304294e-06 2.440138238194068196e-05 2.160864094742638588e-06 1.341404372755862091e-06 7.303629124911231082e-07 4.118983860574279843e-07 4.481531468606852421e-07 1.743858290566172959e-07 2.923418471967334265e-08 6.543271257262249097e-08
1.024733286161008798e-05 7.259619090937586196e-06 6.591270647152569941e-06 2.795592708087898076e-06 2.192162502068826596e-06 1.903066406005984228e-05 5.626318357630491959e-07 2.510525874816000926e-07 1.146881964889804313e-07 2.902114189243292479e-08 1.285865854618810429e-08
5.753563689421643849e-06 4.494365479534014822e-06 3.071181105679770927e-06 1.627268516770822854e-06 9.943641591670595311e-07 5.783275873048983499e-07 4.324862419340490122e-07 2.759766235634251862e-07 8.428659729425150301e-08 2.359504532150260310e-07 1.159110919039698508e-07
1.043134123855850331e-05 6.838015388188127633e-06 3.702556686124568190e-06 2.679066647848696660e-06 1.324279473397230650e-06 7.567122033007433908e-07 3.564827229089481976e-07 1.928343417516444751e-07 1.622833604744052142e-07 6.766690309451782434e-08 2.691653349256504318e-08
4.943686532905900519e-06 4.138186804143496301e-06 2.789232266474630528e-06 2.217002273401972826e-06 1.467293803016651592e-06 7.741832020507323861e-07 8.312317316491252792e-07 1.327036851501096131e-06 2.916423876057399548e-07 1.437138271800055327e-07 5.134879052406270368e-08
6.322309698847416483e-07 4.440128435642578864e-07 4.067985924827889186e-07 3.898322862236207461e-07 4.065524813929005713e-07 4.550154494764165028e-07 7.772727304440892375e-07 2.176154297618278926e-07 1.127433934086451711e-07 1.054486416069416716e-07 5.866288814952216474e-08
6.726834437689677941e-06 1.140671482235272333e-05 6.814269591205253490e-06 3.050919027087593764e-06 1.245495777786207309e-06 7.034963079805345152e-07 4.274254586231818307e-07 7.240394395178217274e-07 7.098439266156582311e-07 1.019454818377870815e-07 4.311018035785291854e-07
1.145243406087065767e-05 4.722890700967442769e-06 3.293232372015726633e-06 2.413794513674061173e-06 1.691351983160699946e-06 7.909647357132333008e-07 7.542555446213580795e-07 2.045541921391252425e-07 9.693307219060969847e-08 9.839390391312003904e-08 5.151911874727128494e-07
4.922803274628927390e-06 3.534229136965934561e-06 2.421673292125244551e-06 1.659940991797503035e-06 1.297569643336512816e-06 1.918376679742921931e-06 4.082009397106212365e-07 1.493854602793148964e-07 5.515433935321137212e-07 5.582776023279540877e-07 9.086525613754466651e-08
2.152205905080592692e-05 7.900432580748826901e-06 6.806785336210136965e-06 3.996674234136909026e-06 2.074345896200983374e-06 8.576900477817419116e-07 4.584319401886596012e-07 3.253445545925242456e-07 5.075207009532900864e-07 6.328159659526816716e-08 2.149761513977337806e-08
5.934186892410642595e-06 2.559514925172219638e-06 2.277008821562255485e-06 1.706366974380897092e-06 1.075490995246270131e-06 9.202031260288375382e-06 1.080911706471348089e-05 2.395628005950994629e-07 1.230924150902856633e-07 5.332742049574362143e-08 3.120993131465703081e-08
5.150982297198450448e-06 2.266378229453561292e-06 2.746490244328734820e-06 2.361015754166686454e-06 2.373859732467759000e-06 5.371581188117436780e-07 3.458831366353603845e-07 1.275133273217681722e-06 1.871289160281364433e-07 7.541636415569635736e-08 4.641521976408102819e-08
6.077206767763782849e-06 6.218046359074797818e-06 8.354206229899355053e-06 2.372447034081752318e-06 1.989870103248696781e-06 1.177560923895679933e-06 6.999145083107959426e-07 1.059271658829797164e-06 9.836754995518064782e-08 3.814771337624549353e-08 9.355196530628608964e-08
5.160287708892414694e-06 3.998465745170733533e-06 3.260672219985652103e-06 1.316735444594149210e-06 8.832014946937852985e-07 6.786644799195522673e-07 9.393983792267148308e-07 2.252854333084452257e-07 1.233085241010601392e-07 6.048589909153529772e-08 3.334196601434770990e-08
3.953617813381029158e-06 2.958951379125528465e-06 2.118044091710599070e-06 1.550474844116807361e-06 1.099111962745761023e-06 7.387703507022476365e-07 5.266391864387037957e-07 3.617963988443168637e-07 2.134778995921754292e-07 1.057120911494042900e-07 4.939638730341701077e-08
7.880442161084856521e-06 4.528307122169346997e-06 1.213838638068995137e-05 1.984829385907749763e-06 1.132136738121471087e-06 6.999744208800027848e-07 6.957008689234569595e-07 2.343965024775187659e-07 1.216249555172543287e-07 3.409487905320193796e-07 1.379046095530962047e-06
5.249345626164509885e-06 3.689269148567544560e-06 5.576112070624410473e-06 3.258063852358889067e-06 2.113576526154732328e-06 8.441861348205092712e-07 4.974228164126958007e-07 3.352224858254320402e-07 1.517017241770167260e-07 1.526943859665583994e-07 3.090631083443522987e-08
6.094047491537266245e-06 4.693845827331936294e-06 5.918685199679834536e-06 7.362946392591699094e-06 2.072641200990092810e-06 8.711679810888476349e-07 4.299790907622360262e-07 2.944388136826236573e-07 3.740229668973996133e-07 9.777421619437339041e-08 6.524315526384655809e-08
4.544082963105419568e-06 3.418290887559980714e-06 2.158062942589564333e-06 2.219356661545174228e-06 1.673347485887589435e-06 3.680659164750761581e-06 3.161443537472965183e-06 2.847490276829170013e-07 4.931521693315852072e-08 1.433511464445470026e-08 2.539176538720796002e-09
4.599080131206668169e-06 3.839490357998132511e-06 3.894455861653183125e-06 2.185334753946374061e-06 1.509492225075783161e-06 1.798307967571917914e-06 4.855529790166565001e-06 3.267790675892392860e-07 9.504826329503113737e-08 4.964229677654846753e-08 3.093525042301530708e-07
1.224125960514022791e-05 6.435986159099165705e-06 5.521607066915379831e-06 3.254905194323619900e-06 1.549706412735911892e-06 8.208598407257396904e-07 5.226106601881737735e-07 3.182308875423659425e-07 1.730218399873897981e-07 9.311076233567565239e-08 6.461806996885211613e-08
4.281452198656901188e-06 2.983609348147693466e-06 2.295996656829645755e-06 1.268066376827753612e-06 9.464741931180139712e-07 5.792220510295399000e-07 1.640065464333545327e-06 8.677577365330811142e-07 1.255902725186472134e-06 5.083979313921062670e-08 1.259544573610079179e-08
3.428740109794118807e-06 2.817082605014068367e-06 2.386400384614067809e-06 1.462365338782365808e-06 1.321702989604812785e-06 9.352262727272286802e-07 4.651878748706139896e-07 3.320161701903251347e-07 1.587219633852964229e-07 8.942971364199387068e-08 6.755935552321924648e-08
5.693821273247918920e-06 5.002001807466820206e-06 3.535172839648246906e-06 2.070176772837530630e-06 1.323947040459726817e-06 1.011887679031068839e-06 9.202947766563304716e-07 5.168709873884725789e-07 1.115875437259740352e-07 3.774762841133694929e-08 1.283334333235591090e-08
2.078301518072757453e-06 1.027592662680182042e-06 6.281045469974667856e-07 7.634077640639936238e-07 2.243306786311859455e-07 1.594079876074894353e-07 1.516893685151080131e-07 1.467237221937263693e-07 1.742663490110147075e-06 1.003318678574377762e-07 6.049202963931056695e-08
6.341741274987234050e-06 5.166277122679313441e-06 3.569447153885660111e-06 3.423569274034399977e-06 2.218656879048892856e-06 1.550518470598450058e-06 7.372962640696701720e-07 1.012820464905118630e-06 9.963141290504697453e-08 2.833971480370318444e-07 3.302994125188827195e-08
5.916191276694673222e-06 2.778780422705763840e-06 2.487647746893577296e-06 8.700204826875314611e-07 6.587434125385638472e-07 5.936938173263079486e-07 3.830189517786662754e-07 3.562627110866433467e-07 3.555462955169366217e-07 1.943175282697879232e-07 6.108876937038960874e-08
6.596810128138004103e-06 4.163066484997331293e-06 3.130486938690470109e-06 2.251495770753547263e-06 1.216803832491193421e-06 1.083662981671419689e-06 6.605781635976538048e-07 1.310563861019469774e-06 3.059926104990604774e-07 5.793585380066187667e-08 6.233453554847540886e-08
4.629333423831828380e-06 2.601851694886012899e-06 2.094815233559402931e-06 9.305355492571242829e-07 1.099787570957784001e-05 1.047809540665532881e-06 3.963760564401430883e-07 2.023068618353285517e-07 9.840460312178700321e-07 1.402505310824276306e-07 1.860206253563593190e-07
5.846467811477465770e-06 4.945819481829261332e-06 4.654906644548453899e-06 4.194816945774284682e-06 1.647832246683877250e-06 6.542641354631964216e-07 3.645611938552912702e-07 2.090171785061358641e-07 2.104448934143352305e-07 1.145286653274290380e-07 1.446411888644783832e-07
2.488757744101621323e-06 1.806573288852952939e-06 1.183551063045067683e-06 1.220974218548812878e-06 3.868405411679695161e-05 1.382952521644215532e-06 6.801111342694965594e-07 2.666561474662306837e-07 1.036934536612423136e-06 1.160217813947799061e-07 4.906117059980460323e-08
6.685529105255079526e-06 5.694644739536737094e-06 4.321110841490198989e-06 2.443048366356913483e-06 1.855647601658988301e-06 4.915387501941211852e-06 6.457362950441430864e-07 5.823911760546947108e-07 1.301673195035133846e-07 8.244749119231081500e-08 9.801577952543534379e-08
8.665318429591799585e-06 6.345268425625584830e-06 5.134190521937950640e-06 4.892767651355067370e-06 1.916505414827244710e-06 1.189327201374035013e-06 6.198439163856943759e-07 3.056526375795394371e-07 1.040209129635821138e-07 3.528738137379736937e-08 1.004636843141917946e-08
3.443818018657716312e-06 4.174075083687456933e-06 4.138251287908249552e-06 2.199509221087380514e-06 4.087607184297809434e-06 9.064448648919377879e-07 5.050812133855484070e-07 1.766372774555312112e-06 2.183196797648233828e-07 5.591178627771800525e-08 3.659295833857826823e-08
4.420443235551799069e-06 3.346074770359453032e-06 2.846511760003730831e-06 1.602750374370310002e-06 1.137936572577766087e-06 7.686614626122968357e-07 1.238561806479296592e-06 1.098774654412711860e-06 1.362203924180299276e-07 8.191291281200601606e-08 2.756212626647200847e-08
1.643918219015071433e-06 2.286728635022411924e-06 2.045450332875646119e-06 1.817311898049097327e-06 1.618380702700518398e-06 4.945316772287213803e-06 1.407333728419609548e-06 1.269306586640599509e-07 6.778215595932866864e-08 1.654165886874081780e-07 3.077834441578514916e-07
3.386113910550511197e-06 2.921302308429799970e-06 2.090201018848448766e-06 1.430860683977013679e-06 4.004905700586552852e-06 9.753962950743123372e-07 6.897325502622546966e-07 5.082231556237073015e-07 1.286361818524558256e-06 6.959898397349671785e-08 5.983866558765843544e-08
8.171032228934084013e-06 4.033687329528820572e-06 2.498581729433567151e-06 1.551861619248733472e-06 1.216649459790852086e-06 8.150763006092992163e-07 8.979844759201364750e-07 6.923585399833536701e-07 2.336088191608257117e-07 2.941335126658543487e-08 5.905154116744313489e-08
6.572620709713523640e-06 3.635367677564714661e-06 2.397739495272452538e-06 1.587390603148078027e-06 1.073513368394486719e-06 1.641116717868255381e-06 4.266374242621288908e-07 2.782596532498094616e-07 2.230966734856055313e-07 3.683530556028079945e-07 1.295989063535960457e-07
8.023969023530912344e-06 6.778042939621239544e-06 3.548936169144514660e-06 1.353839301637275625e-06 7.409423141865845690e-07 6.658803411964983001e-07 3.783966328020738267e-07 2.799671534665347167e-07 5.090195162018839295e-07 5.966646500478142725e-08 3.510539906178071754e-08
5.383086629974964420e-06 4.676783331752271606e-06 2.570825995672452657e-06 2.031046418665452531e-06 9.765089260435900846e-07 4.662887529140685650e-07 3.751502511045615900e-07 2.724268851649061855e-07 1.972213486442615792e-07 1.526390431491881959e-07 3.031094013834933232e-08
4.976605139240310905e-06 3.578378073935757838e-06 2.105904845467940523e-06 1.667237894909531196e-06 1.299232032621511200e-06 8.596338895988227545e-07 4.119274346516308511e-06 1.032759197239863204e-06 8.127165942993341847e-08 2.016129125420539091e-07 1.239884206167368913e-07
7.591127814680714149e-06 3.867014927718682079e-06 2.085603894155587596e-06 1.170706813646849957e-06 8.015564780126844983e-07 4.649195150382124068e-07 3.341161528975983205e-07 2.489167174304828272e-07 2.203697773760780153e-07 1.197762753694698076e-07 5.272088868457412778e-07
3.594836325876192723e-06 2.975012701089359130e-06 2.041603925957699722e-06 2.460583583532574138e-06 1.264326705776423121e-06 4.287433867397615850e-06 1.124521223036930216e-06 4.129075347507186416e-07 1.686678318959530251e-07 7.633316078810732421e-08 2.895434240314273743e-07
1.018699351629014587e-05 6.137566137250500455e-06 4.568345403858564886e-06 3.590461080637946283e-06 1.826937788855634880e-06 3.063777260406777716e-06 4.608108512505516294e-07 2.861462369908456513e-07 1.331758483385136787e-07 5.483934999899719039e-08 1.625609546481894226e-08
6.456056261255612049e-06 3.134744696051410412e-06 2.223703498111013167e-06 1.587413393442937058e-06 7.855282137315693299e-07 6.618912909706832674e-07 4.835827612552656108e-07 3.560835557830246009e-07 1.736659562000659667e-07 1.014087264641686986e-07 5.090348936965254635e-08
4.617471338664222323e-06 3.392754503747558846e-06 3.206968313348635053e-06 3.010351815669223182e-06 7.705118747789067583e-06 4.503406462964960144e-06 5.221270994938587375e-07 1.750388738962863241e-07 8.512791031739960112e-08 4.454832747768447342e-08 6.228773348428899902e-09
1.856907262411429738e-05 1.174340625395499895e-05 4.353108896777189112e-06 1.743126978727364042e-06 1.105803645300704799e-06 6.700525001525905609e-07 4.481220355085130953e-07 2.153153621322381838e-07 1.203415059402000707e-07 7.510879309572101420e-08 1.038202308312054879e-07
2.096160845081644333e-06 1.847617361523452047e-06 1.937292335480206594e-06 1.872101199898409780e-06 1.188692550939569203e-06 1.083960510964392138e-06 4.021137111327505576e-07 2.197490732895826890e-07 1.251245448118211960e-07 1.107293678223440871e-07 5.416107248767149105e-08
2.934275195580307276e-06 3.704384387445902139e-06 2.152439891960136725e-06 1.396102552178420933e-06 5.741830798259527018e-07 5.238017583418060538e-07 2.011650929233000049e-06 5.304651211684669598e-07 1.449188568052167398e-07 1.298003561414877799e-07 2.819611146429621525e-07
4.487849249946803976e-06 2.659356752514554869e-06 2.285014587200474290e-06 1.472672722668594914e-06 1.049856677387667255e-06 1.057795716349260887e-06 3.575229120398521647e-06 1.561074452712200911e-07 4.828966775617171707e-08 2.644966411096495969e-08 3.371100793462804355e-09
5.205452767595077115e-07 8.172010324535934722e-07 8.546007129956429503e-07 1.478193033313594170e-06 1.155135087553653211e-06 4.523275581202443839e-07 2.827353566849406904e-07 4.308389614411250197e-07 1.402203234062014010e-06 9.508562354987027510e-08 4.500049559243148775e-08
6.486359289054160428e-06 4.671082552221377429e-06 2.121249209115031106e-06 1.916599604366134481e-06 1.536158255025176448e-06 4.958974536055393663e-06 8.945192100970982308e-07 2.491545633238370140e-07 1.482403822170542494e-07 6.730174796542176108e-08 1.231697300826413622e-07
7.144602226409472231e-06 2.695141930583144165e-06 1.614000027539678908e-06 1.872726005707492397e-06 2.985090287090604613e-06 1.204254429877509218e-06 5.755302618241110840e-07 2.338070582971015931e-07 1.139916848345584658e-07 7.166226688263946826e-08 4.160067014179091699e-08
2.280333792975526339e-06 2.216737967278116988e-06 1.960031594908946312e-06 3.134498290888885011e-06 1.303619952371829525e-06 4.996331016672482524e-07 2.192178939766185395e-07 2.222839821361129483e-07 1.554450747804718049e-07 1.110056196624527974e-07 6.615893465140791124e-08
5.204730053236799045e-06 3.699132872462289512e-06 2.470140484178270125e-06 1.675985703843536863e-06 7.006838082840362409e-07 2.593148548400621203e-07 4.132911497887151550e-07 4.882727768695030130e-07 3.773389121320404588e-07 6.676449844965852567e-08 3.000355879170205515e-08
5.110371499635783220e-06 3.433749360552532463e-06 2.682788542946561551e-06 2.010629881028762424e-06 1.394514411395843508e-06 7.937065615064348552e-07 5.376323642962383680e-07 3.054877707711758281e-07 1.611563106254141122e-07 7.145460461441224239e-08 3.780081205903592839e-08
1.930475173045347628e-06 1.090889341478378150e-06 1.352972661986664253e-06 3.717983390434864081e-06 1.449909424634067443e-06 1.252539167607600411e-06 7.946717171065337586e-07 1.715746367281738085e-06 3.218012099093992168e-07 8.697520335901985607e-08 5.277796460027845859e-08
1.392311383912984471e-05 9.255487019414651608e-06 3.418005443396621568e-06 1.972403763578135719e-06 1.060107931447879358e-06 9.084442238447707009e-07 1.729431265670133218e-06 2.174669582458083302e-07 9.533213327813003355e-08 5.643740369204588652e-08 4.507062954254360595e-08
1.197680484651352753e-05 1.895860547741061734e-05 4.827024688997640798e-06 2.746695029044052878e-06 1.527469089368537030e-06 5.734125105783896157e-07 3.138401097279217265e-07 1.523228781134237080e-07 2.166994037189742511e-07 4.238181591354900119e-08 6.594365899424440309e-08
4.152613693113632297e-06 3.555258526035797499e-06 3.798935139153434776e-06 3.190253879044656277e-06 2.152574926339785400e-06 1.142715474341320288e-06 5.222625262487864646e-07 2.018132042538985569e-07 8.934233446131438004e-08 5.258734574658607658e-08 7.183167225169760608e-08
1.018683944442605669e-05 5.160959807030055065e-06 3.794222267491642502e-06 1.570123858969535669e-06 1.244840317547302670e-06 7.898831413001005852e-07 4.881438352002555464e-07 2.635301942627378084e-07 1.267557038316242879e-07 6.924185448479816124e-08 2.658461529517947556e-07
4.892317521326137407e-06 3.077114398902936774e-06 1.448652161780318299e-06 1.190905577724336106e-06 8.598823805484165097e-07 7.237010313524241344e-07 4.446800462273858791e-07 1.901064690415899553e-07 1.662166024910274588e-07 1.877852864300049202e-07 3.933497503814534575e-07
5.377672103198144204e-06 1.816825345251061041e-06 1.172608294507030979e-06 8.075580723872365244e-07 6.623752652835715517e-07 5.201439737363883786e-07 5.293655573828696501e-07 7.026026147936422481e-07 7.615118024840911544e-07 1.083217169532811976e-07 8.005951248893940209e-07
6.539676829794755719e-06 4.294623574421636589e-06 3.326975240523867479e-06 2.101901762506843744e-06 1.338678802493775278e-06 7.714763574954330023e-07 4.574926917715622818e-07 2.813705312352829935e-07 1.251076395163762441e-07 4.757516118637986169e-08 7.741675133037262233e-08
2.913869026031660655e-06 1.272537483099022823e-06 7.918352479385184800e-07 7.417057206324649181e-07 4.985005538577409968e-07 2.723776953900919820e-07 1.462645212706214441e-07 8.950601413288302382e-08 1.361386475669682421e-07 6.736439050502045094e-08 2.245477436767685790e-07
1.581521449067976093e-06 1.305801029240792707e-06 1.092432144011050436e-06 1.044099129708991779e-06 1.489645007729163861e-06 5.129172196860757100e-07 2.367173883307377712e-07 5.500336461393920829e-07 1.601774274593106626e-07 5.503476370525568914e-08 3.173597666309407762e-08
7.581759912541377762e-07 3.706353372968505990e-07 4.610179222585184401e-07 5.490092831235641708e-07 4.625527786348466824e-07 8.214361725170738166e-07 3.816568841887373699e-06 2.028653065068347987e-07 5.095999096449298252e-08 1.790284410227632478e-08 1.808455365507125273e-08
