8.571095676451764107e-04 8.044866033898424125e-04 7.736713748506423606e-04 5.078012404695868417e-04 4.782946507336331417e-04 3.763090630820122885e-04 3.556520769781932722e-04 2.806995371936831223e-04 2.353226928653244076e-04 2.181568307628982287e-04 1.920105991528635260e-04 1.617724879092733087e-04 1.591194343577076984e-04 2.491429465146500176e-04 1.801348270842153751e-02 3.620895944784711246e-02 2.008581467962674855e-03 3.142000155525054034e-04 1.164602399166515475e-04 1.488355145434445211e-04 1.105788594875226001e-04 4.728709128208130277e-05 6.432683832278045331e-04 3.565279005849640082e-04 9.107999684382657836e-04
9.507825149654682007e-03 5.670101051418879011e-03 4.544907017783591380e-03 2.853515414186129882e-03 1.453295088883215522e-03 7.824722498200890799e-04 6.933581317507943407e-04 6.459646086596287310e-04 5.397021241209397401e-04 5.081194747116914157e-04 3.450780403328259759e-03 3.941302979202671031e-03 1.771391687974671570e-03 9.084692313334304581e-04 1.076509696603805688e-01 2.469710866650623188e-03 3.417698567542279929e-03 2.972114505097398288e-02 1.262813122635465801e-03 6.310727207291775024e-04 3.519307568416871462e-03 1.248818895169039218e-02 5.058229551242854989e-04 4.740588991343944549e-04 1.440223538150402520e-04
6.263365190773892248e-03 2.151094228027344499e-03 2.142377513588730568e-03 1.197973876190023710e-03 7.687646202873020052e-04 7.017948939600622766e-04 5.266476820449928452e-04 1.240044584100141560e-03 4.365063548276655928e-04 3.353304031452612093e-04 3.476701909719926787e-04 3.300179549586590194e-04 2.495905443139725846e-04 2.491389181524761255e-04 4.919403193981128179e-03 4.311302907250891313e-04 3.586909017046418309e-04 2.576124035095187555e-03 4.313686497527062687e-03 5.917325611157643779e-03 5.768156563707123926e-04 4.757165454740508101e-03 2.281616956092923348e-04 1.967655218187098608e-03 3.316446255043512589e-03
1.700861503200885513e-02 9.164518287518432643e-03 4.498126012432759543e-03 6.490008447576782295e-03 3.549940413474618386e-03 1.292271400123029979e-03 7.910129244076579596e-04 5.844620558490711383e-04 5.002035186994021774e-04 4.352451838769257411e-04 4.943834565536371671e-04 4.481235561714222632e-04 9.899023232898983282e-02 4.912461752662921266e-04 5.667776552014962190e-04 5.147149225821470633e-04 4.547559808994644515e-02 1.281939733118167384e-02 9.821201850306574173e-04 3.665048304208997688e-04 1.591199798708414954e-04 1.086671267386639378e-04 6.336845031749855370e-04 1.120588197958294341e-03 1.207251571127104274e-02
5.721815975419580980e+00 1.994484924344340770e-01 4.548902912261484910e-02 2.452925703635309637e-02 2.518231379222134192e-02 1.632414005665172542e-03 9.081521752509105327e-04 8.232220377727468173e-04 6.104938393846287906e-04 4.081504230447036792e-04 3.285040734919264364e-04 2.843545107479337011e-04 1.479328254096779448e-03 4.433804221679583241e-02 3.522317989055044531e-03 1.670192806942197338e-04 9.650392544080866122e-03 4.551239181874522713e-04 2.481700706894331794e-04 3.577908951735448567e-04 1.146704123006519376e-04 3.701112937373417358e-05 4.297574531946920726e-04 1.957827257573417981e-03 3.489220800693544036e-04
1.679388191372650080e-02 6.441772425021090494e-03 2.483488367630500970e-03 1.732006390647040667e-03 9.932182426788591350e-04 8.514922218267263927e-04 7.174986584504508547e-04 5.931059045073080495e-04 7.739814401228889548e-04 8.419761538780897716e-04 1.121407974367323417e-03 3.526097739099188274e-04 3.600363832755147805e-04 3.833574984018171816e-04 1.847970792639398122e-04 3.065786930539186102e-03 1.240632620199241711e-04 8.799173399898255546e-03 3.222767721429041152e-04 1.240021373012942804e-03 2.552723497777891620e-03 2.230680663011430284e-04 4.257621380550018209e-03 3.218151277122599432e-03 2.078964772257477917e-02
1.425832468107916503e-03 9.256092844329019079e-04 4.871527554651841987e-04 5.321072085625606473e-04 6.374804287013172317e-04 8.519920457545172377e-04 7.594114135882689765e-04 5.623147834993855523e-04 3.874311246856056287e-04 3.063052856616503561e-04 2.460078140907632441e-04 1.877826296713161990e-04 1.897433642677634437e-04 1.749570294635540996e-04 2.986752858103304629e-04 4.899160797759593471e-04 2.718558638893156520e-04 1.358332262380675982e-02 2.504362703554335878e-03 2.753533882418976605e-04 1.110701362910412296e-04 1.181528805660039469e-02 7.028219469390830504e-03 6.868669503914160985e-05 2.447874296498088291e-03
1.258987300119723124e-02 5.302821159533785585e-03 3.729201089567531040e-03 2.225785229682134079e-03 2.059937079908568877e-03 1.938940352785523341e-03 1.371349950833619961e-03 8.902998785699135385e-04 8.848093361323185581e-04 7.857935815186660282e-04 6.805272060058476869e-04 7.159807930132481256e-04 2.913767241984086681e-03 2.053761162345658431e-04 2.952653682304358482e-04 1.085321328974671166e-04 1.061908360649603170e-04 2.581414020539967379e-04 2.366795961225659441e-04 1.763774363912653772e-04 2.406073520820568368e-04 3.793957670384772579e-04 4.049371761059011453e-04 1.391707232086370144e-03 5.892551920281179165e-04
4.358844114928266122e-02 1.343354432961094483e-02 5.489714179290094628e-03 1.317541002280862980e-03 1.109444173428562105e-03 9.861496508967745964e-04 9.448464480710167587e-04 1.057496177309519281e-03 1.560052567970490224e-03 1.949575349100982763e-03 7.211491398259357996e-04 1.087870046048536495e-02 6.366447869560583816e-04 1.967480324871825480e-04 1.818878266700016736e-04 2.426853995982982889e-02 1.280039750451876165e-03 6.624176583154371863e-03 1.409954959581545238e-04 3.648115518297143003e-03 8.608502664928555873e-04 2.228847041788728348e-04 1.224691613999849635e-03 1.022729735686823960e-03 2.555092105871124494e-03
2.145611201042506300e-02 3.477952020117437530e-03 2.212218165359770752e-03 1.687739570606667985e-03 1.526271714709089055e-03 1.781709050164029425e-03 3.240304969748875226e-03 5.992163352071814414e-03 1.481509130994447922e-03 1.701168992791704179e-03 1.449941789927521041e-02 1.056037211402483748e-03 2.038977028700168521e-03 4.122624362007855522e-04 1.926882247379102975e-04 2.260987023960156668e-03 3.296306147021116351e-02 1.158424003032134525e-02 2.129733374483670175e-03 1.430685408475353484e-02 3.749633726352039325e-03 3.634645792122127264e-04 1.698648137021229083e-03 6.322983223854944379e-02 4.015746179868661899e-04
2.155813725775619291e-02 1.526237181962376843e-02 1.136434013390852892e-02 4.658129886360956422e-03 2.502289345013416696e-03 1.935481022332585614e-03 1.862999039525744822e-03 1.641762799852305218e-03 1.076356799814939640e-03 1.501933043966010087e-03 5.953139236096997725e-04 4.647868989130992485e-04 4.385380094278781100e-04 3.325275504082885608e-02 4.459978713896744530e-04 1.649954650030207367e-04 8.758195995510382494e-05 3.311637657529723573e-04 3.764616539740434781e-02 5.510947871956044025e-04 1.036174187561551274e-01 1.334645346968080378e-04 3.243100914852817696e-04 1.263998802380690329e-04 2.141476386101320416e-04
3.413158055521903211e-02 3.360318719427429074e-02 2.891666926364299881e-02 1.963495574974056385e-02 1.024334062906357909e-02 4.249096957214221898e-03 6.435943677886311713e-03 1.665610641821000867e-02 2.220557388646840213e-01 1.489370163235127298e-03 7.144801253313529110e-04 1.129674784908113981e-03 2.136573291546159349e-04 1.384833965697176116e-04 2.257019216360235745e-04 1.610526596416934353e-01 7.283369178862719728e-02 2.070901671417775753e-04 1.187615527229685060e-04 1.455244906444136724e-04 1.717031138021867962e-04 2.278960247233399402e-04 2.632832947714110628e-04 1.354964831214636840e-04 1.920735337858135261e-04
2.353461737624469585e-02 2.433286423550639829e-02 3.142594586122772482e-02 3.945216041709791177e-02 1.771758259827569196e-02 1.157648848370856258e-03 8.246585096946722421e-04 7.576453312103574676e-04 4.972997001981095460e-04 4.195459736716411524e-04 3.985231847688385952e-04 3.339357313980951853e-04 3.225065047118153287e-04 1.482387726635153030e-03 4.396963385927051427e-04 4.329191265990165599e-02 4.109076789379468935e-04 2.521812966401762663e-04 1.849092698917747038e-02 5.359122932429139343e-04 5.398457855145821646e-05 1.633267341001738118e-04 2.624890400012466762e-02 1.165618032943203008e-04 8.241584319711040343e-04
5.201333337250563238e-03 4.017555226219693063e-03 4.437891446795926877e-03 4.290516942184500852e-03 5.442540088008612081e-02 4.704570095371981078e-03 1.361437055626729155e-02 2.540017369730116631e-02 9.324763230189427651e-04 8.220000910488851507e-04 5.731398201794413606e-04 4.333620842224591009e-04 5.166721216516346506e-04 2.274005593410197070e-04 1.767339750139404518e-04 2.925168941509060294e-04 1.741181167062540516e-04 2.431272737936802930e-02 2.217332636005737035e-03 1.102707166632358084e-04 5.568298637292882916e-04 2.761452879989228504e-01 2.325064704210212229e-03 6.044191552546670718e-03 1.089198819290209883e-03
5.110471934616429499e-03 3.633684434185382398e-03 3.805779435500161994e-03 4.375173584217650381e-03 2.872499976609867341e-03 2.895295281260403409e-03 1.581066738787709940e-03 6.810440570360531878e-04 4.132950717911931544e-04 4.673404464948457699e-04 5.628646461385953701e-04 4.207719247822349620e-04 3.296290975160541623e-04 7.501608644674041685e-04 1.845485522113313041e-04 1.374244260731048348e-04 1.097999346981755450e-04 4.358363610499491536e-04 9.878239129652100013e-05 8.377521360618593821e-05 9.915641134714521326e-05 4.060307928905800348e-03 1.501115576712988391e-02 5.847810742311906548e-03 3.880743741587006296e-04
6.290815507607101266e-03 5.552200744469381298e-03 4.638008598979957535e-03 4.616568384252586928e-03 4.664892131544350409e-03 3.769605953710134395e-03 2.262990502160355279e-03 1.162334388578179075e-03 6.228924461254361795e-04 5.245072439247298185e-04 3.636743304529502967e-04 3.924979397872803920e-04 9.885827898830615214e-04 9.846847552185909996e-04 4.369429320834557900e-03 7.447777132945362444e-04 5.544291365427719354e-04 1.306503283414501594e-02 2.958193484812599158e-04 1.346144411996156556e-04 2.202520615425595379e-03 4.684611949605210746e-04 2.375348733368068312e-03 1.440566233105819265e-03 4.941302644630397520e-04
4.422175779876879632e-03 2.275292342485149121e-03 1.888078985158649385e-03 1.257437657650365293e-03 6.533477421297185497e-04 6.384598264200014089e-04 6.324159507013839320e-04 6.155468316079932070e-04 1.903851110488493379e-03 2.640148096827921263e-03 1.045808081482818841e-01 6.135143303716403609e-03 4.375641728388044533e-04 1.517583924637218003e-03 1.011253819183014976e-03 2.040597820637269353e-04 2.793009485723899738e-04 1.338524310273189050e-02 2.352844752001621712e-04 2.125608454812485818e-04 4.715285201243219620e-03 1.496141406872163876e-02 1.989195672327377391e-03 1.996402643654616570e-04 5.668771531471191729e-05
6.329976790318894708e-03 4.280488345033105213e-03 3.891747358005794803e-03 2.091686243845385876e-03 1.714180821976246877e-03 1.762507379061441703e-03 2.046739686759294075e-03 9.651097175153156276e-04 2.756352478178144866e-04 2.527203658334205294e-04 2.876446128210987567e-04 1.605248360906456884e-04 1.489539621273228078e-04 2.077656213271177673e-04 6.943258055490313194e-04 1.347485287009543009e-01 1.094540832815678669e-02 1.051292410989393590e-04 2.541813160702788071e-04 2.142418202743376549e-04 5.057802286275317818e-03 2.749524944398821016e-03 9.363957897126168285e-05 6.437591875903825051e-04 8.731355372313019062e-04
6.591869263835011331e-03 3.239088604049950026e-03 1.676696810997801773e-03 9.237400362371914588e-04 8.682167126336518470e-04 8.373661897467434695e-04 1.346807607493162974e-03 1.985751866609134723e-03 1.095577720039027890e-03 1.474717732032458043e-03 5.503590993346678178e-04 3.720615538555820849e-04 3.310137091532042684e-04 3.026738950822146124e-04 3.806338636238219917e-03 1.124565572551743664e-01 1.806307831475005544e-04 3.028261990048417571e-04 2.882779587941430703e-04 1.778933051517517531e-04 1.425606328651656722e-03 2.177727383851445870e-04 2.301749708880795279e-03 6.127053254090790435e-03 1.528080286762280391e-03
5.024547371188685559e-03 4.690199783896322784e-03 4.284937647553133458e-03 3.298676132126941718e-03 2.309630986692645140e-03 1.191730473055637634e-03 9.288528061822667534e-04 1.163093982898440399e-03 1.120782316286928577e-03 8.191125198123417033e-04 5.745325299128994706e-04 3.984309158873965964e-04 3.648410761590325027e-04 2.227757787272881187e-04 2.111083657335067923e-04 2.236881673936081609e-04 4.217183639900839998e-03 3.750833637376316081e-03 2.362744610910660935e-04 5.185279442752844473e-04 1.541992725898107416e-04 6.090702887070264604e-04 2.441658751275477962e-02 7.729984959182600174e-05 1.588280182084363503e-04
3.262516587846904514e-02 2.410512917061869917e-02 1.886146800584799152e-02 5.065936193701973955e-02 1.296474378064060504e-02 6.494764709935863661e-03 2.097428100288403416e-02 3.535341480237319967e-03 1.544645749356015913e-03 2.078300884836413280e-03 8.841561709234404230e-04 5.267654179029507451e-04 2.784575905163428223e-04 3.202553756380977510e-04 1.757330950592144933e-02 7.623069491640065143e-02 3.035828457112537890e-02 2.798593275444014646e-04 9.762010641695544359e-04 1.252908128628513716e-04 4.836136549184576606e-05 1.419939326232451697e-03 1.387075720963291438e-04 9.049840207614514090e-03 3.729251497487232666e-04
3.579081141803738819e-02 1.468770701958969395e-02 5.420277670910713524e-03 4.083006666679853819e-03 1.282153177146444674e-02 3.235143065742084306e-03 1.672956185890411103e-03 8.665960883081784459e-04 9.179664107929974776e-04 8.258765774951121880e-04 5.238155018054986957e-04 4.170653740388354327e-04 7.632556717586606431e-04 2.788769776633325654e-04 4.901393685650799357e-04 2.623227023841718207e-04 7.682469833697969097e-02 2.307220346880351283e-03 1.328017276815567776e-02 9.566519828954213973e-04 3.372434480359629678e-04 6.514577128114801231e-05 1.458985774819930971e-03 6.556474520968561329e-03 9.159039372129975601e-04
4.064120210522041698e-02 4.068242902827372449e-03 3.442643488311870545e-03 3.131946020016311994e-03 5.186758646523879218e-03 2.086615255379392110e-03 1.577951765386445375e-03 6.850952581433562318e-04 4.895380043852931009e-04 5.462651422218546158e-04 3.448768328517735860e-04 2.489927382453149948e-04 1.768184037454737401e-04 2.242472100117415409e-04 1.169253187038543597e-04 1.015959592174554707e-04 1.332225307254548822e-04 1.412350473316394204e-04 1.374795990470689894e-03 1.142400502021069172e-02 1.304336081817766878e-03 1.102183738802350529e-03 1.371792528171636785e-02 5.607057395325096586e-04 7.872194632790937164e-04
3.116901664552093089e-03 3.894108749579595734e-03 3.381072604622645077e-03 1.511560713564888067e-03 9.700501570844489345e-04 6.386808050856668381e-04 8.766893838260684168e-04 7.901347571154191405e-04 1.269581154009724773e-03 6.657125692272135948e-04 6.932553107287778207e-04 5.626585891688936367e-04 1.235791161098968069e-04 9.885419017837720936e-05 1.032388140658382615e-04 7.608658490550377577e-04 1.481653237729467065e-03 2.451215546235993581e-03 2.827747307063976923e-04 3.573948447539845863e-02 1.417574121158167444e-02 1.057527343257776966e-03 2.026558978559516323e-04 8.540337498518010134e-04 1.312903612110659932e-03
5.071852742224509242e-02 3.024047138748708549e-02 2.128664522730837338e-02 8.567561016348397909e-03 1.727966835235830853e-03 9.182072930970665682e-04 8.196890822247993079e-04 7.894676430661774248e-04 7.361835926777423418e-04 6.139400371767983087e-04 5.340502210075884215e-04 4.286046210610964494e-04 3.586578604107304750e-04 3.612214955599608000e-04 3.091202353173114203e-02 1.469151548567190508e-03 5.817693818467998754e-03 2.271370086409085494e-04 1.886934456164492623e-04 1.279870889330261244e-04 6.655523242310938236e-04 5.314197846056756660e-04 1.167800637295162260e-03 1.974562176049354150e-04 4.629425223261370709e-03
1.144144478022174338e-02 1.230168768440650061e-02 8.462080687174970001e-03 2.888320340129001823e-02 4.542289946998816913e-02 6.078560496523338283e-03 1.192371183355585285e-03 7.340204755091662720e-04 4.993176810021771658e-04 6.812866294801520539e-04 1.645901794055720443e-02 4.131944159616224993e-03 7.141556645750174112e-03 1.049693092160656517e-02 4.237472487076755605e-03 2.415309580000742432e-02 2.692681207967771197e-04 3.892923714169203983e-04 5.321946404336971165e-03 8.283145094308053125e-03 9.705777009432474400e-03 1.907207730256726356e-03 2.247653576629234280e-04 1.180504011983375554e-04 8.086686804326631388e-04
2.775875136861147979e-03 2.021331923278333904e-03 1.372473853751524260e-03 1.222712764762793605e-03 9.253855672608007552e-04 1.291806403661966427e-03 2.283830274434446670e-03 1.940172195954417613e-03 6.876364935490754393e-02 8.507219884581015967e-03 1.261782620469759260e-03 1.735363138876962197e-03 7.370882380740525520e-03 1.883336430767077602e-03 6.809950743044217158e-02 7.456651621195734729e-04 1.675127995285876010e-04 3.080613855213247066e-04 8.544591679999397375e-05 8.932736960400184387e-05 5.265887688084986036e-03 1.053732983047656752e-02 6.310902545232724599e-03 4.184724437342550430e-04 2.810212930433879982e-03
3.272572621171316708e-03 3.148717684487901784e-03 2.903675656755397121e-03 2.157205381693864249e-02 1.235414585895814633e-02 1.608152860494995416e-03 1.057959633079552566e-03 1.008228639902024066e-03 1.669438144231194564e-03 1.144657156624898043e-03 2.154821815972955722e-04 2.053966527404753827e-04 1.637457157659123047e-04 4.142107574928095056e-04 1.669831084891692239e-04 2.193188769128397164e-02 3.340279333756379881e-04 1.219420071543421879e-04 1.355125186944825877e-04 1.287427815284356578e-04 1.920307615304804073e-03 9.149601172539921848e-03 3.642421105930521152e-03 1.293269569564597845e-03 1.336497310882771294e-02
3.386733061471344786e-01 7.769194859145599485e-01 1.762221135573735498e-02 4.248618418275109873e-03 1.689368012676820434e-03 9.362830712958142981e-04 7.366465835270429637e-04 6.280026177922232037e-04 4.906660578250772540e-04 4.142544392723896437e-04 3.299881989513065730e-04 2.547188325592148438e-04 1.813769355919397702e-04 1.243591805835182382e-04 9.158627288417830765e-05 1.032033408741278688e-04 2.892546100405072782e-04 3.427028673658084760e-04 3.074203604875467774e-02 1.562705718522358861e-04 1.541798870023811064e-04 7.195684687439282408e-05 1.548803141580717708e-04 1.433793216095978506e-04 9.977664391635926184e-04
1.289022236756708420e-02 1.261182490962965003e-02 1.013875876273110689e-02 6.099757384196590262e-03 3.576801744320717586e-03 3.776638185917063125e-03 1.777273962275772740e-03 1.681851447256356999e-03 1.442901620347585056e-03 6.770919096007007492e-04 7.973251533784549974e-04 1.134940794834082530e-03 1.538885617807840512e-03 2.793432849025367145e-03 2.815911765912358297e-02 2.339906493057990428e-04 1.559077236278423768e-04 3.223556594293009586e-04 5.659364038224856067e-04 3.085586648257955100e-03 9.822142900887893867e-05 1.647046332641958837e-04 2.106673941698578533e-04 1.459230387912613565e-02 7.686467870991049896e-03
1.559073242103383057e-02 3.843808043014030045e-03 4.705479229024932958e-03 6.054457380955838124e-03 9.751850651212552040e-03 3.670039576594789649e-03 3.640671218457307637e-03 1.101608827922778092e-03 6.407388174867485048e-04 5.398983485426282715e-04 1.127358509252215446e-03 4.344455754671634425e-04 2.908192227537098953e-04 2.252406148936851821e-04 1.008193043409315098e-03 1.144659664040219640e-03 1.461249278180097035e-04 1.322347635410476977e-04 9.455079672131360519e-05 7.393676455136587991e-05 4.028181832709693010e-04 2.983151044029431348e-02 1.378929049625161928e-04 5.180479903841713699e-04 8.492177202961817334e-04
8.832485987900574875e-02 6.979461284770950569e-02 1.139904789347630232e-02 1.568164250757968789e-03 1.153381775038494301e-03 1.758337289733820060e-03 1.398014841067365434e-03 7.147472678916187792e-04 6.837298670989071063e-04 3.893282849701052654e-03 5.914425099469745872e-04 8.488424184546100896e-04 7.612534845629560093e-03 3.678723869459766833e-03 3.092048576372761603e-03 6.262998544974186527e-04 1.411046985145193375e-02 5.645201062878515627e-04 5.702052313969516823e-04 6.120316234117855955e-03 3.519519314742421720e-04 7.661838679943807229e-04 1.942694751793548819e-04 6.592146407192844663e-03 4.400324143917012693e-04
1.573229588926220715e-03 2.189701282272785935e-03 1.236666188127473216e-03 1.033408578452307738e-03 1.063570464171313809e-03 9.533761329284145061e-04 6.317016112788237034e-04 7.782521457051349168e-04 7.581173762382125607e-04 7.895180732990708184e-04 7.367075664252737289e-04 1.272175122123087422e-03 1.542328318171388199e-04 1.360049331262847721e-04 1.113997465210642802e-04 2.059182391311245456e-04 6.491582379647146961e-02 7.672618411219212300e-04 1.022041667911751360e-04 3.412887498880211204e-05 1.953128828005751304e-05 1.054679716608918544e-04 2.773471953072724700e-04 2.659689185933651091e-04 1.686981127831880384e-04
8.804227722489536487e-03 7.128800137125457931e-03 4.806950248720226644e-03 2.906712192368597712e-03 2.322436247537676326e-03 1.158560171919727254e-03 9.662746663847742237e-04 9.708103900529738714e-04 7.559827668865545715e-04 6.302699611610496555e-04 1.268747541700182731e-03 4.126795486989383874e-04 6.403332263866605943e-04 1.995580203743478143e-04 9.404897350182399307e-04 7.199140465972309923e-03 8.066273827110373679e-05 1.885621470625633276e-04 5.867662221826588920e-02 2.900252970206349912e-04 2.467952688277940212e-04 2.122606753793479864e-03 6.318045477873818856e-05 1.505616845905037625e-03 1.635284819288084618e-04
4.801294605422610703e-03 2.298159114200881530e-03 2.523351464191259282e-03 2.862289927881073691e-03 3.938814298240264633e-03 6.643971914988398451e-04 3.388038531919707833e-04 3.040821474397268297e-04 2.399701038215892597e-04 2.045154251078947437e-04 1.940279627387498501e-04 1.797272318748915974e-04 2.514443306365981515e-04 2.680105344452624093e-04 9.234020602652807279e-05 8.315907361858417782e-05 2.753756662917626608e-04 1.652296546350266336e-04 1.353505515717450750e-04 6.782116886716039496e-03 2.237379100679261321e-04 1.732745315800199738e-04 7.775259872864441826e-03 2.467237964811565959e-02 3.020925471590136342e-04
6.662391140817416684e-04 6.147171633182770640e-04 5.679869426245285962e-04 6.621361385724847766e-04 4.652135430965579255e-04 4.190858009606001754e-04 5.303007216001967387e-04 1.098528053606679517e-03 4.534349388344964820e-04 2.657766178314644942e-04 1.759366902310901019e-04 1.249415039116188618e-04 1.070696303958529647e-04 5.012267903217620425e-04 9.732396833976970040e-05 1.457232821639678911e-04 9.347335757666916584e-05 1.423944529476639520e-02 1.912443692728531871e-03 3.461770099072028549e-04 1.022706330942344021e-03 1.686564604679627972e-04 3.838642500470657314e-05 8.037082312036318522e-04 1.216610103278692109e-02
7.443336623114869648e-03 2.478430799776264529e-03 2.237221565673382442e-03 1.808042846969512693e-03 1.238056173811473426e-03 9.801554049398413394e-04 7.897263891999279630e-04 6.896937512917159169e-04 1.265655661085503259e-03 3.139239800337778954e-03 3.884767980334242945e-04 3.081943524222409913e-04 3.020397728177096064e-04 2.649387922457060399e-04 1.764126632268207383e-03 3.233213550398832820e-02 1.254939266480983385e-03 4.466045006493887110e-03 1.801477783522215537e-03 1.208651644119821593e-04 1.866166433863839544e-04 2.597812386101505710e-04 5.372734705420057947e-05 2.606160996479276587e-05 1.579606597343631469e-05
1.903569590830746575e-02 5.768499329948198820e-03 1.653428349841561942e-03 1.264891672192599518e-03 9.713913888088974557e-04 8.932942512948950382e-04 7.977125852346082877e-04 6.628972888729131856e-04 5.319436075830845378e-04 4.728557600627188162e-04 4.287747306208239710e-04 7.650716271593667375e-04 4.349185666897928686e-04 4.205376730968133823e-04 1.294962656832344950e-04 5.055628989455718258e-04 3.526452104441119700e-02 4.015202369566583875e-04 7.081773788081756294e-04 2.125472654864397947e-04 1.307169180156538511e-03 4.208899842858357539e-04 8.896861618336327502e-04 1.412247016475053031e-04 6.446241469002791588e-04
1.863860652924911182e-02 7.850015843274540592e-03 3.666098658087203234e-03 2.992103168834166563e-03 2.245377459585843564e-03 2.444636179510846323e-03 2.007000512781265036e-03 1.098981265288979546e-03 5.315767203759130116e-03 1.620753120594320721e-03 6.082980241530404168e-04 3.893519747167737311e-04 2.934603468145979810e-04 1.306955856839493724e-03 2.191650272716076675e-04 1.485155454954920355e-04 1.948655414559630043e-04 3.037359633208268806e-04 1.096786000878625499e-03 5.897836503000236565e-04 2.339962846896203078e-04 1.969710146850413182e-04 1.387126352137677172e-04 2.730905731874097402e-03 3.482654282550274802e-03
4.301390628463922644e-02 2.173835781063161027e-02 1.245239151059096376e-02 4.459503511102197969e-03 1.677371675048050428e-03 1.254588052146570105e-03 2.074040170742803228e-03 2.080341669646068505e-03 7.400400085964865555e-04 1.007636455108920290e-03 9.474242548682144114e-04 4.758134952943378305e-04 3.242887585485463458e-04 3.132567781156056236e-04 1.319730530255762077e-02 1.998674094015506775e-01 4.435885571063007842e-04 9.638672589077086736e-05 7.306113532443087109e-05 3.937403121603842059e-05 2.268810097145281576e-04 5.542035385507786995e-04 1.572759253004856882e-04 3.074004782660576078e-04 3.692793605920526630e-04
2.748723036569378567e-02 1.305600974514529826e-02 5.414169071659949602e-03 3.406310092645682425e-03 4.812905683599439342e-03 2.449638161872387532e-03 2.135195178364355725e-03 1.201974848083249212e-03 1.022931743657898860e-03 8.331246822202103110e-04 1.005365955669759292e-03 5.578635770749143519e-04 9.233638311909967431e-04 8.425325259600499302e-04 7.726906590131834424e-03 3.506867508485887047e-02 5.390924463345881257e-04 7.574726799062394102e-04 2.082118842878689794e-04 1.558723469176406199e-03 4.757267924214957631e-04 1.443400701948425774e-04 4.048664789086058968e-04 9.433669297675806959e-04 8.622835805429079903e-03
5.332830772630391299e-03 5.227295419610435666e-03 4.574766399438072104e-03 3.323855861566121523e-03 1.708994505120165234e-03 1.148337536879012093e-03 9.937620238036264184e-04 7.995192170949790922e-04 1.008876044438436351e-03 8.917554604237108110e-04 7.087393346421304178e-04 3.652169275473641868e-04 4.261489234578708270e-04 4.424968542215700659e-04 4.897883673257450235e-04 3.054015022296472596e-03 3.906817491088792390e-04 7.612122241023475892e-05 8.049319075555665820e-05 1.345148372467469414e-04 2.227064376100437748e-04 1.318059118697920973e-01 7.647045546761888253e-04 3.674956397524280802e-04 9.049226711555892011e-05
1.750676126082404208e-02 1.063305801094617531e-02 6.464634061296584480e-03 1.759329516113502037e-02 1.299267226987435749e-02 2.390106061300357933e-03 3.112962457351175528e-03 1.918144152904072532e-03 3.571707581630414324e-02 7.298366966789045229e-02 1.098766169432806479e-03 3.438868336907308781e-03 1.750870736639689425e-03 1.085395382083742316e-03 2.050919429062408525e-02 1.109652659246431567e-03 5.751996415094411423e-04 3.136238723141780791e-03 1.128415481259512835e-04 7.328501043351720991e-05 2.761354905573083145e-04 1.537034817581995922e-04 8.192168370905462266e-03 3.363041191803958015e-04 3.395027798066977635e-03
1.804593880360097838e-02 6.307259168987402152e-03 3.605185634553232776e-03 1.962597299541196921e-03 1.146917009549950576e-03 8.780299396866822047e-04 8.093018399408407389e-04 7.485500497083792931e-04 1.309456957149976323e-03 1.138615952264134456e-03 6.930498003516994635e-04 5.300695257058125236e-04 3.974207629107511202e-04 5.160436393468538800e-04 4.420026360890356521e-04 8.390362600521368910e-03 2.845307936738331045e-04 1.337068013155668896e-03 5.434030791445442317e-05 5.639519661959156417e-05 8.702369529363044719e-05 6.249880649822863029e-04 7.758325581407505417e-03 5.131144431427603521e-03 2.999125186704126606e-04
4.441246374482543668e-02 3.533185070250384474e-02 2.050339644932830038e-02 6.408086404441716566e-03 2.889270873772959141e-03 1.336672881894518904e-03 6.990413975195168333e-04 7.863228937957538779e-04 5.458493469734417838e-04 4.861440990551552316e-04 4.553616332103744267e-04 6.874224842797620498e-04 7.867789756911361962e-04 2.038967268529399924e-04 1.847143767068098368e-04 1.975559268707087663e-04 9.324118065706243560e-03 1.213772205172162534e-02 9.116483832252272185e-03 1.851423408206733163e-04 2.249296598087055976e-04 8.274329457064796139e-05 6.823249404446110969e-05 1.631252005892927829e-04 3.624502900996007281e-05
1.978700715543128472e-02 6.856341156692279983e-03 2.220770538751675599e-03 1.053367806357452313e-03 1.777905554852763107e-03 2.029863951689988340e-03 6.978902443281574143e-03 4.838789122132815604e-03 1.157730744444764341e-03 6.712537761297291891e-04 4.491191804329519935e-04 3.250853284249018258e-04 2.405749467128970320e-04 1.809722302670999853e-04 1.267456891538108613e-04 1.882599550841123574e-03 2.666703410757244601e-04 7.124778914093380972e-05 2.042118619870853663e-02 9.351977338424710272e-05 2.882056444901364475e-03 1.679263212483799502e-03 8.180489083398996900e-03 2.339814640413257320e-04 2.328149222492326923e-03
5.465994613981624284e-03 2.665700199529826703e-03 7.144272200031662363e-03 5.505708227315038103e-03 2.557577157430150627e-03 1.643492418471444215e-03 1.225606811569261625e-03 1.938783207938136023e-03 8.932763873170177903e-04 5.903129416892373936e-04 5.742085736455894603e-04 4.497015842919928775e-04 5.557901125569596461e-04 6.132352119672400403e-02 2.484354049341593669e-04 8.451544150794135278e-04 3.024570546894251428e-04 2.210309220183427409e-04 5.189174526233791444e-05 7.399350034576507198e-05 1.597364731466153966e-04 2.207598412965560255e-04 8.637563558407687723e-05 8.217445591334736907e-04 2.143445386098797364e-03
7.105392373495961027e-03 3.795281431923236502e-03 3.496426482788135819e-03 1.997714578763268040e-03 1.424572879192262430e-03 1.402723177301842513e-03 1.231600736359335282e-03 1.297240479925171721e-03 5.953131561483716860e-02 3.453775940932192479e-03 1.014214122345782421e-03 3.525550186124596654e-04 2.446485184822471326e-04 1.808630120738204789e-04 1.470917266756270798e-04 6.468238376855411963e-04 2.454714158069655548e-04 1.963657704346663882e-02 9.838207522652419029e-04 2.013331881240017305e-03 9.113420098761271411e-04 1.226886087529374539e-03 7.800971017374590775e-03 9.842254072162871423e-05 1.636447145987974042e-02
4.733596613404780599e-03 8.314226953085330357e-03 5.175428110144863862e-03 2.236074971633137450e-03 1.242121778358507749e-03 1.044744387695092404e-03 7.731363999317988379e-04 7.705807215100869039e-04 6.400385237421482836e-04 8.348812594521533292e-04 1.254130121967891951e-03 1.139894334145880473e-03 2.736532530764640317e-04 1.233696601766490696e-04 1.293131013482506063e-04 2.732461623046514299e-02 9.124994944899596054e-04 5.106602918802737685e-04 3.799608230876434941e-04 2.487735122204368945e-04 2.702574741379061671e-04 3.520165607282938619e-02 3.194131515652857663e-04 1.388572031653611226e-02 3.538187379078434913e-04
9.959275983304146946e-04 8.472880721164069992e-04 7.521709212253544939e-04 7.401149810683962764e-04 6.234753499562173959e-04 5.501359168476884724e-04 5.132705721597447370e-04 4.423428927859549475e-04 3.175203309164803707e-04 2.204856765747927462e-04 1.939896975164511351e-04 1.611371852181017598e-04 2.324516651148689976e-04 5.894678681661865392e-03 2.614581388865242460e-04 1.549459057876899175e-04 1.474081481691100876e-04 2.051034783763204267e-04 4.776539201542817376e-04 3.454121711733982290e-04 1.770721016704698554e-04 2.786229724576570941e-05 2.002092211515140601e-04 1.214138311553410524e-02 4.400819698743022035e-03
3.214346636655546294e-03 2.685389803261317536e-03 5.803998800831747587e-03 3.064991648518078197e-03 2.188874962304681628e-03 2.725344183252926059e-03 3.129048209103787396e-03 1.870027460369569306e-03 6.394784183525306425e-04 3.363686911263847213e-04 2.972270497195584455e-04 2.853806364427911098e-04 6.723996965538500377e-04 3.970501869950216010e-04 1.321879180940962713e-03 1.130318537252335287e-04 1.293328612053251019e-03 2.648832530192828170e-04 2.568443130462707050e-04 2.449185225851904552e-04 3.639391210563084641e-05 4.860541443094084767e-04 1.283051273577509176e-04 6.098189085388847856e-04 8.990790297698602175e-05
3.423836592800028056e-02 3.641445529948953569e-02 2.964314897168874099e-02 2.034660253888666628e-02 1.560410034672807256e-02 1.546149269130330656e-02 3.208710423866885202e-03 9.593651465218503175e-04 8.739947959822925647e-04 6.335565494804072098e-04 3.893746902782222797e-04 2.852811932953889401e-04 2.122543661787844424e-04 1.637636741955336402e-04 1.220784168136474727e-03 2.682020751904119391e-04 1.225741349107978880e-04 6.358242812311198922e-02 6.278910693875050693e-04 1.490360570569248134e-03 7.076430291924737295e-04 1.096217810564138810e-04 2.722645852390113671e-04 2.019466187380795918e-04 4.676665518766535273e-02
6.262997294030995914e-03 6.200921595575606925e-03 5.045926095079193707e-03 4.412869293532553985e-03 6.465387780004066935e-03 4.138592490196846621e-03 3.685975255417963444e-03 8.396515029821940502e-04 6.347212399811451820e-04 1.785789087953889437e-02 1.486687289463427611e-03 4.537915507208402344e-04 1.610268302951518024e-03 5.535147954391714774e-03 4.123298542340307496e-04 3.099145231776192296e-04 8.794637698648566306e-05 1.100637107525578081e-04 2.763068182970290212e-04 5.630371229341267015e-04 1.008446069686652798e-02 2.665712323164577441e-04 2.006425412582025451e-03 1.071759601556341885e-03 9.086953778568027584e-04
3.355428575782413991e-02 2.592862909056763837e-02 1.548039435251609419e-02 1.068699500594704442e-02 3.725277422275060767e-03 1.046162927805364658e-03 7.172513293375879298e-04 6.247700895766173605e-04 5.240887006876953930e-04 4.038040406839646184e-04 3.216938281170509642e-04 5.144507370086343068e-04 4.800979258680648093e-02 1.695360922930830858e-03 2.391609491216091672e-04 1.389218270256051919e-04 6.257986230938851100e-05 4.048870260338293363e-05 8.722266810955089109e-05 1.173099159601024682e-04 3.691604594248241891e-04 1.146159853964056534e-04 8.455133547284832346e-05 2.272082777060886857e-04 6.623649364979161105e-05
9.718600869149626384e-03 6.271446748102961488e-03 3.026154407974019668e-03 1.415358727959450556e-03 1.453162530507430767e-03 1.768752186622631799e-03 1.539853607108194328e-03 1.638495063598513187e-03 4.225650510814927749e-03 1.557186061873357032e-03 8.465139219205752505e-03 7.520966300260325957e-04 2.076510288548658652e-04 1.498247803297468443e-04 1.335253450878230372e-03 7.622055739889738212e-04 3.375965672363897066e-03 2.942664519402557856e-04 3.504514467875151026e-05 3.655161985559141167e-05 1.017002479411236517e-04 1.551034792405076523e-04 2.726726343114677114e-05 1.604636161958493748e-02 1.341204835888453253e-02
1.421535253194074677e-03 9.369112423296741378e-04 4.961478501627259764e-04 4.670122284247178279e-04 3.254149111969799552e-04 5.423870103745365937e-04 3.514497457508720685e-04 2.428150754102563664e-04 2.082126820193156618e-04 1.508249493743423560e-04 1.757194573656842415e-04 1.670979998675912862e-04 3.802478885395298830e-04 2.963995631410794827e-04 1.959885121366341750e-04 1.345865126688834505e-02 2.494489970277926488e-03 6.942108199621923378e-05 5.246961935509537666e-05 1.190620510380526424e-04 6.088420434237499027e-04 2.894331824434119484e-03 2.727192759263425813e-04 1.774691882225403687e-04 2.054841211278415078e-04
1.855874864585016493e+00 2.426566494477590610e-02 5.975194978069113191e-03 3.549439004379885063e-03 3.620575511840331412e-03 4.104628323776423997e-03 3.676350487414535920e-03 7.708996200557403878e-04 6.003659597822194691e-04 5.353789396009108392e-04 4.342677231360115827e-04 3.257673410051190803e-04 2.209460026988848390e-04 1.473254283695048423e-04 9.603107305323719536e-05 8.791287973196850098e-05 6.843968999939185026e-03 2.134110874236805659e-04 9.411385188603228172e-05 3.859794548500076057e-05 6.213633714523542420e-03 2.186932530653495205e-04 1.231031975344896263e-03 3.898390857517675633e-04 3.573638073938535664e-02
3.627054988733763481e-03 3.503910530457491485e-02 6.015404551929248028e-02 6.404657112572953795e-03 4.046696706535650098e-03 3.051232640647594946e-03 2.780818923728116572e-03 2.060013584896013862e-03 2.014547408798121608e-02 1.572558435655170301e-03 1.884774825090648753e-02 2.596079355922386016e-03 4.354117790438962019e-04 1.907159633533381748e-04 7.464318898863736649e-04 5.284059315227328853e-04 2.805155070018967444e-04 3.043538069114620640e-04 8.847284084310162386e-05 2.774434681901877839e-04 4.387312028868784516e-04 7.306475942137445742e-04 7.674973085510394149e-05 9.567794663008638567e-04 3.543059379209833552e-03
1.846641640289184774e-02 1.915498698222502585e-02 1.476760637609577168e-02 1.133039511692054968e-02 3.743092971126169878e-03 2.011419612739607718e-03 2.086088880706390460e-03 2.301538404309959318e-03 1.181926337611340820e-03 1.512125060221976075e-03 1.367161944955224513e-03 1.247238216783822570e-03 3.901436170554426256e-04 2.271124864861248118e-04 1.415988388846984745e-03 2.028275105406729742e-02 5.842958038407636756e-04 1.822780942883140190e-04 2.641259945785648334e-04 4.161604537556696078e-05 1.779576441642491673e-04 2.472349419400311343e-03 3.049336760932178309e-04 2.011102281477616190e-04 4.208426624806884536e-02
1.655592340410483310e-02 1.514143901563545086e-02 9.482884552020018690e-03 1.212300504403600841e-02 1.295477102629770741e-02 1.058062079664509169e-03 7.939620060666327094e-04 7.284383079476735266e-04 7.443902198591108906e-04 7.056948654335722278e-04 4.446424477020914667e-04 3.175315005533515004e-04 2.499272909941922241e-04 1.696193739598151576e-04 1.325305741068296826e-04 1.002104648485923895e-04 6.705556472274397807e-05 8.108269619041460216e-04 8.085296003673237775e-04 4.728167632047957698e-05 4.144613389565635834e-05 1.988231886413611212e-04 2.221800604011337919e-04 1.803521262781241578e-04 1.068362006449180166e-03
6.517105692560512878e-03 3.659114638108309017e-03 1.977350135448004923e-03 1.737178346312913922e-03 8.507419258595823796e-04 1.293362768819973120e-03 5.500285129217151459e-03 1.416004952922235265e-03 6.106053917358288466e-04 3.913385080946675488e-04 3.601096849282574524e-04 2.282009301322423817e-03 2.584956041103782069e-03 1.107327303132522303e-03 3.065800472632531346e-04 2.418901627874174467e-04 1.557902427642172277e-04 1.271475585164911473e-04 4.155882344413038736e-04 5.238294362950181304e-02 2.455962449551950689e-03 5.411384092994280448e-04 3.549088986396334614e-05 2.514753371063088442e-05 2.042461600681607617e-04
3.750240367165762895e-02 3.602869592154683137e-02 1.479306362210757592e-02 3.621528673921262272e-03 2.374108387873733773e-03 1.786301913860646566e-03 1.483001973807759324e-03 8.223959264593919127e-04 6.629620296802799483e-04 5.892862512983379963e-04 5.008101763903622479e-04 4.574065741545817795e-04 2.105328978122410384e-03 1.055828743583067057e-03 5.150373324930588919e-04 2.025999155765791278e-04 3.201530367035020086e-02 7.443579625948718286e-04 2.408086213634824386e-04 5.115149872401698449e-04 2.470000754130156624e-04 2.057018794382554016e-04 1.564898139108049629e-04 1.583802760909062361e-03 5.051551819896478446e-03
3.910380430774293425e-02 1.882460645634737376e-02 6.413263188352692594e-03 3.441276806386675807e-03 1.631880284166098904e-03 1.030050749237637663e-03 7.712096356124029019e-04 5.927705459544026223e-04 6.940517966610990682e-04 6.200676292787830239e-04 3.638781677643314403e-04 3.433976897348799476e-04 4.405431618754888164e-04 4.690261299800152950e-04 4.741973107051193344e-04 1.253494243469094403e-04 1.004658103143229189e-04 2.933195785233276066e-04 3.965697608318878575e-02 2.303717044402748778e-04 1.072669474751374225e-04 8.285141664797388353e-03 4.214927712741563075e-03 4.811254039734080140e-02 3.142414195840582416e-04
1.095727641500010043e-02 6.467022769873066561e-03 4.569376706486051945e-03 3.757204702638511709e-03 3.566984752912484569e-03 4.060312230613941954e-03 1.295877679166822574e-03 8.499591378295100240e-04 9.966066408244086527e-04 7.836285740236533437e-04 4.096383212682850163e-04 8.626183097407445766e-03 1.655274394127426423e-03 8.233789894530340898e-04 1.584826505529455436e-04 2.461882808021508950e-04 4.454846041028849568e-02 1.864466815633392463e-02 4.094593464071325092e-04 5.828678471683272307e-05 5.318772436337170862e-04 1.410206188425658705e-04 1.928445519326990468e-04 3.214900980248216718e-04 3.529177491512768840e-04
7.476498595847687334e-02 3.133919346072003981e-02 4.694364595829243932e-03 3.569624849715670196e-03 2.661868312484851756e-03 1.738589741858755002e-03 1.267243787318298159e-03 8.201952792583375000e-04 1.196918762945402108e-03 5.768885969033531874e-03 7.829036295645642671e-04 3.860724244971375273e-04 3.783442953581301195e-04 4.432943710675300571e-04 1.525413497876029582e-02 3.942177060529873265e-04 8.586846659564617091e-04 6.292603212440971627e-04 6.931477173215301602e-05 1.407828229004051744e-04 1.128260592479127488e-04 9.177001299338555305e-05 6.416143389503482439e-04 1.315633285338876912e-02 6.447932118451869810e-03
9.765855248165776492e-03 4.971655000786219351e-03 3.818963800940263203e-03 3.185480351766845335e-03 3.635644262188582419e-03 2.340769380108979371e-03 1.826351212749897273e-03 2.679627489077045753e-03 3.260516562354351649e-03 7.685289603281787252e-04 1.470964347493855474e-03 8.897109696625848637e-04 3.518054669231647480e-04 2.113947351658601842e-04 6.749085766124745395e-03 1.191388227681731960e-04 2.043930705452946014e-04 6.479381204162267156e-04 3.927684358967083872e-02 8.553691440641963658e-04 2.018315945504574067e-03 6.158385679910569760e-02 1.093235298793041044e-02 3.231799845603920804e-04 2.979620695315873119e-03
1.866267557863397417e-03 1.558842914135547377e-03 1.781340979558455146e-03 3.516116426241304091e-03 1.199982123881082738e-03 1.458287662553824256e-03 2.631857922568711563e-03 1.020331966987858248e-03 2.834757309176219597e-02 1.111950006464614560e-01 4.702132983419746171e-03 3.473802888691836926e-03 4.666421913245628883e-03 9.259910939897930855e-04 1.474726468005513672e-03 3.056396769629944696e-04 3.552576311113575004e-03 3.276155844684078213e-04 3.152046419999716574e-04 3.351640388454711563e-04 5.210693918279564549e-04 5.052832765113884732e-04 4.649312395734751238e-04 5.652521370114482226e-04 1.763452565854146080e-03
5.649216694351161076e-03 3.738518982658900133e-03 1.804240823985012090e-03 2.056266346043303557e-03 2.179279016635033307e-03 7.202105031320090063e-03 7.019268057018034079e-02 1.175739434108142613e-02 2.500174086759658024e-03 1.830693482491816239e-03 1.888243385804317916e-03 6.580337166623659870e-04 2.093290980061769462e-04 1.109660372146775795e-03 1.726829933684851911e-04 9.172104576285982193e-05 1.666076166911845471e-02 1.160711436924492633e-04 5.501401777650389370e-05 4.075349603153080461e-04 3.419266461565278933e-05 2.183799132949026402e-04 2.506884334019612338e-04 2.566220783341823181e-04 2.660378887645288245e-04
1.083203239138840618e-02 4.727743762887760305e-03 2.066739250865139155e-02 3.667745244801928067e-02 5.364414907737211427e-03 3.929478798642214131e-03 1.816377247231585126e-03 1.206051382832855562e-03 1.150912449265184979e-03 8.606561059261644405e-04 1.399611462338193595e-03 9.998067136487958761e-04 1.108545375562115321e-03 1.818193660875945669e-04 9.839896403159725542e-05 5.162204947762780003e-05 3.471170678210008402e-05 2.460330514170893301e-05 3.037979704891237344e-05 1.032847382439005905e-04 5.190446339916918173e-02 1.927798731941815415e-03 1.499961854350023195e-02 2.339814675445981383e-04 6.151023278802673910e-04
2.405150224906934392e-02 1.646930042842712633e-02 2.598910527539352588e-02 2.712284837188040990e-02 2.603966186512208722e-02 2.047397655276924147e-02 1.820972471306016695e-03 9.929082522685556828e-04 1.221208806972536309e-01 4.541181591451871197e-02 9.333743724353501907e-04 3.604281652563748675e-04 5.919438034630237870e-03 1.130184186262577634e-03 1.224675114144633951e-04 7.140455713362850703e-05 5.262586014638394696e-05 3.970127258592569502e-04 2.989146750552707475e-04 1.152409591986512487e-02 8.887122028189799790e-04 3.198904915988342711e-03 1.326585268413449587e-03 1.528561427034389082e-03 1.266191094989462104e-03
6.922280187822949307e-03 5.940345133784355643e-03 5.890653530192440333e-03 4.324829611334051610e-03 2.813157816046954994e-03 1.982312487263869841e-03 1.366772710929112710e-03 8.956128058126197047e-04 1.107730496305274351e-03 5.964327126090368135e-04 5.769092211071499658e-04 5.062141794730873811e-04 3.515890992141887015e-04 2.635639396131609562e-04 1.466585863665163000e-04 1.202878212500539190e-03 1.005853798110842220e-04 9.193340660998136420e-05 1.145804875412160075e-04 2.949412198830046608e-04 9.469847935804144069e-05 4.715106191785401954e-03 1.111362711935064140e-03 5.566638027815311307e-04 1.035421656655689630e-02
5.131479322700609191e-02 4.852871309003863737e-02 1.156181641109089650e-02 2.344354163124812152e-03 2.640608791841103555e-03 1.721726956341405835e-03 8.991751697409210761e-04 9.788395836411660066e-04 1.232029422239441481e-03 1.508575446039039968e-03 1.779419240788264293e-03 1.646702165702826999e-03 4.416168886991542327e-04 3.160023757892837658e-04 1.161783479078729866e-04 7.825447838915489563e-05 6.272031931612852035e-05 1.068851773245951646e-03 1.564338596186326622e-04 2.040565366571683425e-04 1.580503927338728135e-04 2.950615433298618955e-04 3.633587969974442101e-04 6.012714039140625369e-03 7.998856483479954520e-05
4.392954973985782781e-03 2.111170127584351477e-02 3.732472716087574787e-03 2.164631607944539956e-03 1.177594421738203511e-03 1.193972753488954132e-03 8.827943132167331538e-04 8.705336121247258478e-04 5.871186234355039307e-04 2.695466241900280175e-04 2.061554894772449982e-04 1.546445257497477521e-04 1.651047864521942312e-04 1.194573297912522548e-04 1.582586365587518513e-04 4.689866625416001973e-03 2.128213479170289820e-04 1.531718843023534803e-02 7.726736028515337280e-05 1.212249349070545568e-03 6.744649469549954257e-02 1.791026679099491994e-02 5.226130616637605832e-04 3.772017485178932525e-04 6.556660668343265459e-04
1.974011802589358683e-02 1.147300080798750385e-02 6.238472582246979044e-03 1.718136210645491600e-03 1.474198701028811521e-03 1.169528013723237798e-03 1.067843568396007088e-03 2.320530852657171333e-03 1.659023961234392525e-02 1.263684044322163072e-03 2.453259290737844125e-03 1.132067447699338812e-03 2.329836649405316040e-03 1.651802558853760806e-04 1.256283528691719492e-04 3.637487521619004729e-04 2.851315335612247294e-03 3.244147605665279716e-04 2.712424030431084257e-04 2.964834860291429199e-03 5.606180061273719574e-05 3.018260028035955108e-03 1.073539053458580426e-04 8.750032999800424344e-03 2.322118365246286364e-04
1.384003815559961201e-02 1.199961513561987637e-02 1.007340980004869241e-02 5.859505795861060309e-03 2.348755575664547828e-03 1.308975171671991709e-03 8.576457689374589318e-04 8.234057312973443307e-04 7.456009372825507433e-04 6.146938999703081830e-03 2.781266342432766464e-02 3.587678514197902642e-04 1.879882380245161567e-04 1.217990440822382841e-04 2.463277743826876548e-04 8.142007460691528045e-04 5.875973781785268297e-04 3.484403770599382765e-04 3.051252276893880720e-04 6.044813499811755794e-04 6.613145265461576727e-04 1.790356286281533744e-03 3.023174604148563859e-04 5.050180851246425379e-03 3.283981723072707014e-04
8.437171464693105430e-03 6.560403212819583378e-03 8.165380350118373390e-03 9.519360883955588562e-03 7.273059493635217025e-03 1.772576739374559507e-03 1.346287978829182989e-02 2.032664045798975288e-03 9.713522152444329337e-04 5.180514860103329483e-04 2.392443578810667538e-03 7.895115056117257835e-04 3.105807445043637827e-04 1.324635617506295560e-04 1.070036427254630396e-04 8.951328516236353727e-03 1.176094889010739813e-04 1.430568793611876202e-04 6.523097713374050857e-05 1.467217103862399790e-04 5.312570152408589621e-05 1.875733728842798648e-04 5.129821241798183809e-04 6.712009179661740464e-04 1.914493628264472478e-04
1.185024780682673515e-02 5.348600001734630030e-03 2.925826539066476214e-03 2.496541784816895624e-03 1.077157074930927376e-02 2.276412569455027457e-01 6.894450328915051329e-03 1.805584550114280569e-03 1.182759560915602401e-03 5.568297320578186656e-04 3.586017121519469012e-04 2.778085706266277032e-04 9.457611951942105537e-04 3.513264315268998291e-04 9.540369029352711329e-05 6.547357857941353391e-05 1.034555656199337859e-03 4.785328116381432420e-04 3.177376849228762384e-05 1.501886873991073001e-04 5.979417732278425940e-04 2.217968481427428479e-04 6.738455662222128661e-03 3.618734935055703539e-02 1.347118091602655162e-03
2.886382440178875824e-02 8.976204873167402745e-03 1.120060018526700292e-02 9.721539377031157558e-03 5.473600673380109825e-03 8.519560765172630792e-03 3.403082289270770860e-02 1.437372424829290582e-03 1.031661866938581159e-03 1.119685188443413472e-03 9.820490656704497501e-03 3.576540325254112807e-02 4.031505198666457315e-04 2.654834438861676830e-04 7.355091428560555115e-04 1.673963150559647911e-04 6.392789408159493033e-04 4.991794235792658592e-05 2.467310867913186182e-05 2.320373281874678578e-04 9.875918436409356592e-05 2.621836821450564039e-04 1.724766231595853145e-04 2.025301993769738343e-04 2.035781390222641055e-03
2.196839970939053460e-03 2.662783012984461326e-03 1.690741046298064286e-03 9.166767510991587296e-04 9.995132908986533067e-04 1.168580118749013453e-03 1.449702279274351236e-03 1.057551807260089611e-03 5.934395297592478299e-04 2.550691947779584853e-04 1.515632073317380805e-04 1.254866228721975702e-04 1.325260589897935980e-04 1.807227070976018474e-04 4.871162091426045507e-04 1.596670769091168693e-03 3.085828978949752303e-04 1.103081557040305895e-04 3.396098674846200469e-04 3.054513862744088619e-05 6.414910822979524169e-05 1.673533959755059333e-03 9.527680304325724736e-04 6.899766897337620761e-03 2.502454914449867159e-04
3.849901947597106008e-03 2.069325893928930342e-03 2.322531224256873996e-03 2.977492614676994619e-03 9.434472901590160989e-04 6.076907579719265746e-04 7.224503486757934481e-04 5.485415509336045558e-04 4.576621849482307857e-04 4.739658953377840758e-04 6.931433959441130142e-04 1.423569672038934447e-03 2.195861008571468528e-03 1.063020008680709821e-03 4.372770576768898157e-04 9.854990404135884421e-05 7.079871633770438641e-05 3.796573657767865186e-05 2.770651788342690328e-05 3.041165763870015023e-05 1.942574491382591706e-04 1.298265164703869302e-02 1.132273751036018579e-04 8.135414003752151684e-04 3.162647710694224158e-04
2.790603675313432439e-02 1.210605863729323148e-02 6.848615246003405752e-03 5.018462305505482467e-03 3.128622794745035147e-03 2.499789179701365858e-03 2.374095253250923382e-03 5.406623185492777546e-03 1.697688518646063528e-03 6.193719421151603699e-04 1.774094155525587913e-02 4.530157971861637324e-04 3.779543921057384017e-04 9.142015103450736122e-04 2.607044034996843515e-04 5.453061939312554265e-05 3.478355217791123953e-05 2.790373426157917404e-04 4.721018527997245944e-05 4.515987400079999546e-05 2.412862485438985768e-04 7.237551842014380637e-05 1.454441740882928523e-04 1.068842036428876838e-04 2.684432767873073120e-04
2.417769341244314224e-02 1.188574611644630137e-02 4.843084364270464591e-03 1.449549021837827183e-03 1.022520079518057573e-03 9.773954261838105079e-04 7.626244950609699152e-04 6.871872648827870560e-04 5.705825778857786515e-04 4.918726907071466117e-04 5.199086063038607652e-04 1.094359436341771352e-03 3.023707264393006881e-04 1.547109969708669879e-04 9.835951197959223995e-04 7.120057236888213095e-05 3.644507463151609657e-05 2.701994747422863485e-05 1.287912763334217556e-04 8.235417986454168435e-04 1.224225228896326815e-03 1.582964040051690119e-03 2.428371460731975923e-03 1.777227720417878914e-05 8.034432402857804613e-05
4.566181128264932415e-03 3.089769886571761340e-03 2.653620902462764004e-03 2.390284397328344603e-03 1.343337419705632448e-03 6.872994358429429474e-04 7.029552984141207873e-04 5.687850617419379883e-04 6.553351553382699701e-04 8.872649702491515510e-04 7.461980484221877007e-04 4.061368452463175746e-04 2.716113727753108353e-04 3.931798691293605604e-04 2.308473545711330684e-04 7.947716783695066159e-05 1.123061574680528710e-04 4.400207532400968202e-04 5.498523795414965318e-05 1.624808901508695215e-04 3.032402783465812032e-02 1.024106841580198213e-03 8.049050854018418948e-05 2.407678949052837088e-03 2.048832719771425184e-02
4.171203821139363166e-03 2.250561295235696015e-03 1.732672880804584856e-03 1.410528872200836380e-03 9.434811867949218986e-04 8.498556894012311439e-04 1.052782935407616752e-03 9.520276406922585080e-04 1.733217581718165612e-03 2.016816221438550490e-03 8.085265892697469882e-04 2.909482831560384480e-03 1.611609224380529393e-02 4.371752961756764197e-04 1.938608883392533850e-04 1.166811062687925021e-04 3.589265135309248410e-04 6.130418250930678851e-05 1.230730052378420803e-04 4.813724384011772162e-04 1.923560984149037811e-02 2.110392160576565171e-04 2.743583336578895573e-04 5.177061371227207991e-03 1.942672093850438648e-04
6.032403769326134466e-03 3.158913750337517118e-03 1.732952940337977249e-03 2.583460617793761991e-03 7.437770930408915682e-02 1.659234957327001408e-02 2.397381295729687344e-03 1.234244357065825051e-03 6.867670529570652936e-04 2.687936487979724915e-03 1.514244939482841225e-03 1.731613136042886277e-03 5.138218911570156117e-04 2.884433669701081532e-04 1.926271034980495513e-04 3.263706137955510954e-04 1.215307610268545277e-04 2.081236427287994355e-04 1.075149576929612660e-03 2.385290755161944241e-03 1.931569132418662835e-02 2.340379617205458253e-03 1.903513843030844475e-03 2.934077012507520514e-04 4.911205548940338582e-03
1.166379911136389107e-02 5.446678768980923145e-03 3.625827774932416283e-03 1.955597729726387280e-03 1.117626945570499106e-03 8.897535384921372373e-04 8.776978318400138453e-04 6.893943004842134322e-04 5.510805009369854849e-04 4.634536741020083808e-04 3.984437697015246371e-04 3.362392576696355780e-04 2.737578477590161597e-04 4.385084009924149423e-04 1.260811504423059394e-04 8.004988319623804627e-05 1.244739747445299904e-04 2.495591273588427389e-02 2.263532761858579045e-02 8.158626626057920552e-05 7.933747715153192524e-05 5.784543092397870451e-04 4.803777256754948317e-04 6.545946957166919912e-03 1.040413045180546168e-03
1.946113116177950256e-02 1.263316949903390413e-02 1.069076841594199245e-02 1.046100712633663520e-02 7.117103619283872071e-03 1.151366423306922175e-02 6.593410011947398869e-03 8.162464264967160543e-04 1.369642597817178481e-03 2.286907958216592360e-03 6.834724100473223412e-04 3.895619142545897516e-04 2.487226747928471260e-03 1.408928697032772422e-04 6.747789326932794986e-05 1.582889582866905866e-04 3.617870095527641895e-05 2.809431874459478051e-05 1.211631734647547861e-04 4.942306535630969959e-04 7.097514313913187191e-05 4.744724084731161915e-05 1.649167115110573790e-04 8.502783477601199831e-05 1.535136256187480223e-02
1.423285054770178325e-02 7.286165067146383768e-03 6.378085054695053525e-03 4.336404618979025453e-03 3.278641903123301945e-03 1.460302612574514852e-02 7.414893566509833667e-02 1.086364731550999371e-02 3.052454451054688409e-03 7.813899128768372285e-04 5.238840461647088428e-04 3.332814218606319268e-04 2.671053289491542230e-04 1.830733223691909800e-04 1.101691705595400108e-04 5.940285914279162289e-05 6.171516443601966567e-05 1.736713698790548726e-04 2.242637525815918369e-05 1.370915409645177753e-04 1.371061052044841118e-03 2.920129042546686267e-03 3.583210119906044162e-03 1.277250201071783962e-03 8.762343270955737576e-03
1.498255455055879683e-02 7.133484495531880985e-03 4.689230419515530782e-03 2.971838880869091294e-03 1.987824634553065923e-03 1.745337776815203759e-03 2.224419469470093058e-03 1.785780856604777828e-03 9.853501460010522482e-04 7.175417669243457867e-04 6.070941087973198659e-04 8.331308190810366799e-04 4.573024304398369652e-04 1.548061310701736031e-04 5.233569485749416800e-04 5.867211319857242659e-05 5.951157572739792519e-05 2.580307311111054887e-04 4.417816989696360212e-03 5.467634138611334431e-05 2.710928588406931808e-02 8.318237770339131053e-04 1.775616648979641229e-04 2.672916064509621610e-04 3.110237375102499913e-03
3.582489796322699954e-02 3.097289535187239956e-02 1.759760266389573738e-02 6.569732818422502514e-03 3.372244653996759028e-03 3.137824650239064411e-03 3.118967052930570350e-03 2.485864288355061572e-03 2.004615187396370946e-03 1.889060386907779601e-03 5.178537930227824007e-04 5.703082822500971571e-04 3.944704147633748049e-04 2.905799493122647134e-04 3.609876051408477445e-03 5.212529134648280190e-04 4.323594962989806001e-03 6.851478364912349942e-04 9.493917783406900270e-04 5.754414227721986463e-04 8.931676026070391877e-03 4.833275081985044671e-04 7.172210981105508077e-05 2.385356752734292800e-03 4.534610284094143379e-02
2.684947666796947113e-03 1.855662597113322872e-03 8.474368582923986560e-04 9.967009057143174505e-04 8.304276836272333909e-04 8.051412540927984458e-04 8.411991101927199059e-04 4.915239066159006291e-04 3.423465497648088638e-04 2.397076158875170119e-04 4.468690007966735658e-04 4.631999551938283523e-04 4.570638967265919185e-04 2.219468245590632081e-03 3.364062592930436107e-04 3.334330567193395699e-04 2.290421891835928841e-04 1.074700041464869455e-04 3.093669131625352716e-04 5.458437947590193823e-03 1.395056395249616270e-02 7.093797521670296147e-04 2.191881799444666754e-02 1.515918920160139053e-03 8.030152591373796540e-04
2.843139832170469075e-02 1.847353719002722480e-02 7.499614454713718868e-03 3.781844528998142083e-03 1.869077386578134325e-03 2.294089522490840981e-03 5.652087191959708629e-03 2.917489123833588455e-03 2.249418768020226399e-03 1.538665421419938483e-03 1.168591728838798633e-03 3.212199692113876627e-04 3.330906175161004530e-04 1.191633157078213738e-04 6.894117337151109285e-05 5.555962007190067345e-05 2.657391973589356970e-04 3.207604386425097509e-04 6.404197291761541721e-04 1.505045373276915719e-04 1.321451122991152002e-04 1.160579847575674050e-04 4.448717432481167559e-04 2.068904058879218982e-04 1.696382964839411676e-03
2.667477194261673804e-02 2.629570696589748902e-02 2.982981622896774612e-02 1.971592301218437482e-02 1.758973280371111531e-02 2.026334806665772668e-03 8.441799139053460634e-04 7.891336212860476955e-04 8.223481803894301537e-04 1.019456008883581118e-03 1.190237935438443525e-03 1.407614314042157644e-01 2.219924736704862334e-03 2.432282011730385238e-04 8.088042473255255011e-04 1.017358834772201341e-03 1.671415424834210659e-03 4.799937760197830572e-04 8.857997919053272771e-05 8.228724900684551008e-04 3.161525339429707704e-02 8.899920903835553893e-04 3.661014386437203152e-05 6.211219224456891470e-05 1.506940712896328791e-04
2.170792184843085837e-02 1.166908696414410175e-02 8.371445877053837470e-03 6.082516779326657512e-03 5.582196817451861616e-03 4.526572313925799826e-03 4.935314991357163568e-03 3.831972951885208138e-03 4.030447546489074884e-01 2.224773207822649916e-03 4.590450392355791345e-04 2.845273908710449170e-04 2.268472389279485980e-04 1.599209152951011051e-04 7.734110589275313373e-05 4.203130725905488053e-05 2.740158824050028990e-05 4.567890758687291662e-05 2.825012785065284383e-05 1.212624759909211223e-04 9.521535845426896049e-04 1.396136543138256345e-04 1.416724647032311854e-04 7.345538724083118531e-03 4.010557172100186196e-03
2.084870179515076541e-02 1.642805790929643614e-02 8.188693454591078683e-03 3.948629480635140569e-03 2.068007747950329454e-03 7.123124745080013521e-04 6.824317024418257880e-04 5.655642529770107127e-04 6.156652358894075571e-04 1.291523157340255384e-02 1.494371926121054392e-03 1.511257606500653744e-03 1.118547393554620651e-03 1.785981052417892417e-04 1.057560689076292857e-04 6.027562679196965333e-05 6.926764623633538550e-05 1.379711082392885962e-04 2.389221269112617736e-04 2.483160814227234277e-05 2.608507180878920167e-04 4.042465432398202607e-03 2.037891588165853947e-05 2.125165658438337530e-04 7.454522612118423758e-04
1.888911113312733911e-02 1.530831219246187036e-02 1.178353786336969015e-02 1.116283332835090250e-02 8.290778473370961910e-02 4.731699074534507707e-03 2.807859256670980699e-03 2.153287995244564535e-03 3.866408418538873262e-03 1.378201711173610358e-03 7.401226753139433963e-04 1.072318822196219670e-02 6.079782495312001855e-04 1.329808899324642999e-04 8.989023407636421645e-05 2.632146770495423570e-04 1.596836938321710068e-04 5.483436746405897491e-05 3.599489137761078573e-04 8.851271292634959416e-04 1.820922464201569363e-02 1.629471414431073455e-04 6.405360718535967838e-04 1.870604388421592519e-03 4.891108550489871917e-04
4.435532455359170179e-02 9.006063848499692298e-03 3.650864948135588029e-03 3.716201193970372022e-03 4.355742978397424831e-03 1.159829070254052123e-02 3.244591374745620614e-03 1.733201772295894522e-03 6.667925984638167769e-03 1.768236996559182164e-02 7.946570651892870653e-04 8.643886893831005235e-04 2.140931281035568675e-04 1.446216056596170735e-04 9.138855935451345870e-05 9.463677122056253000e-05 2.501432564647030244e-04 2.476669949440160742e-04 1.152870376161018416e-03 3.026691726325306920e-05 3.403467620867303071e-04 3.661346851173726935e-05 2.718886294970276288e-03 1.364681371922582813e-04 5.186545033759902079e-04
1.705651979367587764e-02 6.884605055224090296e-03 6.805322322655241001e-03 5.283579261245535674e-03 4.356536816805958202e-03 3.710216276838212632e-03 1.415248062681694497e-03 7.025351047066165410e-04 5.863784397615283287e-04 5.772205454072196380e-04 4.655601058770107801e-04 3.558474519724586014e-04 5.613702628598863644e-04 4.717343066820184512e-03 1.520205399203212863e-04 3.479989361537144145e-04 2.192045787896279032e-04 4.170388518045429712e-04 7.141230054075016422e-05 3.650276776721450220e-03 3.565198960262103665e-03 4.845983772248514372e-04 1.128048445241734932e-04 1.399905645640029349e-04 2.675958497698114127e-02
1.676026119478537038e-02 1.060085121497639400e-02 6.454355559479730067e-03 4.356272764793282098e-03 1.222453217441896167e-02 5.710633215771420378e-03 1.046640500055770386e-03 1.043893661896974027e-03 4.026423827293392106e-03 3.606935076325295392e-03 4.867840629202708179e-03 3.709548903344098213e-04 2.173737910015696717e-04 8.307877402944777775e-04 1.161170019858193592e-04 3.046546903723653006e-04 2.146724809109968235e-04 4.986437396562896701e-04 1.188407748678671624e-03 1.424992053424971349e-04 4.611630667144416993e-05 4.199463249784554653e-03 1.302956590871434217e-04 1.388987912799519078e-03 1.497634651570664251e-04
2.407301322132589412e-03 2.130893840056307092e-03 2.240068625292617171e-03 2.958632665677317190e-03 3.415148619328034398e-03 3.100226111622252437e-03 2.776249060712569251e-03 1.204221807155892582e-03 1.549650887753788956e-03 7.328163670247168915e-04 7.040320750191789633e-04 3.527824284466137428e-04 3.003257226150602322e-04 3.178476198085594109e-04 3.374755252950228696e-04 6.065116669812144071e-04 2.040674508041756367e-03 9.190041101896697382e-05 3.297254881629610793e-03 1.736448121268119326e-04 1.508065429737153037e-03 1.909299234816258170e-02 4.025292913063532874e-01 2.500221641085012287e-04 5.303225716370633773e-03
7.652304084589126032e-03 4.253559964044472362e-03 3.724733708284959366e-03 2.024635487926042341e-03 1.533222229081341887e-03 1.175855550239225666e-03 8.528581967690790702e-04 7.970415982949719024e-04 8.550459488654137824e-04 9.566446495905539657e-04 2.980763207331142695e-02 2.268481659633490334e-03 3.317895056383589054e-04 1.932735271949440222e-04 4.911965232731477443e-04 3.870463903778357476e-03 1.437522215329275783e-03 9.513899419307267162e-05 1.756084868196838519e-04 3.564084717429825749e-04 2.810409126501986119e-04 8.354479546723127866e-04 3.233786351845517181e-05 4.287012933823657382e-04 3.377610113395848775e-04
1.647639318351195453e-02 3.872976770016388522e-03 2.642238581449602320e-03 1.568029433026783132e-03 9.315760127926388419e-04 1.083282880753764273e-03 9.666779245031324568e-04 6.258822100649747691e-04 4.432799089863069964e-04 4.805676390624881987e-04 4.051797346652141123e-04 5.063916846032594146e-04 2.868338619670926016e-04 1.581642491636137582e-04 1.067882632316575624e-04 5.884966975686549911e-05 1.414874069368244973e-04 2.878433690544797137e-04 3.955180854715946220e-04 4.711695006815187748e-05 3.366306813129640342e-04 8.530806858324903319e-02 3.503451985444179257e-03 5.132395821203225095e-04 2.092841402510513434e-03
4.024544648894842064e-03 2.125451069368183062e-03 2.183564068866477009e-03 2.320612437250085640e-03 2.114986516561522846e-03 1.961983320942979267e-03 1.095454583743020764e-03 1.059916959768233361e-03 8.721331803751569559e-04 1.748154143182118316e-03 6.583880096374699308e-03 6.919141854349075173e-04 2.150953904597851640e-04 3.765767734605785649e-04 1.392765429606061627e-04 3.773707497487431518e-04 1.182818062890331808e-04 3.734858265116492207e-04 2.809734028711843515e-05 2.707534572691831315e-05 4.568722098838998505e-04 2.471316591585826319e-04 1.906802019244647627e-04 1.927985796072222363e-04 7.104988746218999151e-04
9.015995644130834347e-03 6.122863854388032635e-03 1.461691965824553699e-02 2.118036874089611679e-02 3.666342075519764872e-03 1.256296859249815242e-03 7.388349805945069147e-04 6.496880014345121678e-04 5.611584370617376822e-04 4.542916757532872618e-04 3.728101100966124942e-04 3.157607465224432537e-04 6.406881787245631869e-04 4.322321232326022415e-04 3.900612816396594883e-04 4.487616665863144831e-03 1.569212305700066069e-04 1.320138969595778013e-03 5.857033474360438693e-05 4.961354840607592960e-05 3.698118103111639122e-05 1.971166442894537124e-04 2.385093957755804375e-03 1.147095543676935443e-04 2.659408182172935849e-03
1.468497156072027798e-01 3.245829148811073261e-02 3.795203793142729043e-02 1.500691856379366695e-01 6.220674814395569900e-03 6.070448977296776481e-03 2.961261295960133325e-03 1.765777901654683917e-03 1.063004874777178418e-03 6.494813574663626469e-04 3.814321645391229032e-04 2.949540153136836389e-04 3.120814971460568747e-04 1.423164871930777074e-04 1.578180682338361422e-04 7.202638467003550770e-04 2.882769311060024830e-04 7.322869097323099529e-05 1.631249547335465668e-04 2.381780910677529922e-02 1.004301461550238328e-04 2.100848052729131332e-04 1.004444334256637702e-04 1.135044493072874180e-02 2.271665332920066646e-04
1.163928794857649468e-01 5.314698223194781468e-01 2.995104514846770594e-02 8.737563634954930922e-03 2.712857718539212013e-03 1.531654784149125105e-03 2.320377758723941083e-03 2.110114008288690220e-03 7.095098161076868410e-04 6.802815344545290552e-04 3.571035139239559734e-03 1.121404557809845166e-02 2.707874677776272152e-04 1.727643307977195131e-04 1.037210788465103535e-04 7.471014395776517730e-05 6.392559351480377324e-05 2.340963054668795690e-03 7.396391488256739229e-05 6.917925486958828032e-05 4.810357786477566011e-05 1.985062163164463822e-03 1.816816734022356095e-04 5.232886680780783270e-04 6.639781364196728312e-04
5.692839145358979079e-03 2.003889771161781585e-03 1.100491925767021302e-03 1.119696900340125473e-03 2.817795884110492390e-03 1.552207840236824454e-03 8.170949133821980891e-04 6.546238697134561029e-04 5.943713456311102176e-04 5.229275929415586619e-04 9.232899398083100478e-04 2.996421120189086528e-03 8.144970200390551232e-04 1.299504518963835904e-02 5.655346237656458212e-04 1.103108136694625965e-04 6.780531029352350643e-05 8.841162358839465749e-05 3.035219813116828559e-04 4.993380937519936041e-05 9.299145870064397679e-04 3.310318780087065610e-04 3.986278074358295590e-05 1.241324003256996699e-04 9.424036643120196205e-03
3.737508057551362090e-02 1.966110082047291957e-02 9.949927601780338138e-03 5.374369485671450473e-03 1.881304883870212573e-03 9.925218188531971693e-04 7.460239521023624004e-04 7.828520624930401534e-04 6.411986394262253431e-04 4.990350242736656464e-04 4.527919445626504488e-04 2.606223901624445637e-03 3.532760176375828245e-04 2.818282879010138736e-04 2.213263665643965547e-04 1.264808836426342925e-04 3.083242402940978687e-03 2.107337244742190849e-02 3.800942277992895059e-03 8.053346228244920649e-04 9.226697499574576652e-04 2.047146455497831415e-03 2.172559344714729051e-04 1.553024049106413668e-03 5.186968894441714405e-03
1.703968354469245078e-02 1.102317586040849236e-02 8.949267279739254663e-03 3.310597674318989294e-03 1.601149949104361354e-03 1.009948705669422731e-03 6.623515806648596618e-04 5.583651076131812899e-04 4.557566612184407099e-04 4.016434328816477126e-04 3.184499055207508302e-04 2.576053559177781034e-04 3.259209035010563566e-04 2.283738059041417643e-04 4.282121896584818168e-04 3.732363800061696407e-02 1.847134141392679958e-03 1.288647928973367547e-04 9.053848390571957833e-05 9.806481833798131047e-05 1.551114979393188595e-04 1.076942411467505471e-03 1.952928793845281816e-04 2.373036301380801851e-04 4.105155174513542486e-04
1.242274996795488494e-02 4.881025425066085402e-03 2.659889294182427900e-03 2.130975571104111715e-03 4.405734348391195793e-03 2.925161853027180917e-03 2.589541041607044958e-03 1.623671011815332058e-03 1.616746131107841015e-03 1.051797135055363742e-03 5.727262052364127248e-03 3.493975445917294484e-04 1.797516656974267556e-04 3.182485946167199365e-04 1.242574567639271503e-04 5.940849681981930455e-05 4.053594478070534078e-05 3.614744220388019388e-05 8.700015151134929783e-05 1.087097330892017484e-04 6.414820111470942833e-04 1.359963087883811397e-04 1.434982969398041126e-04 3.843574263851589224e-03 5.747666830178519857e-05
5.293845771162967399e-04 7.108081747136548410e-04 6.726166318353845892e-04 7.306756421258378195e-04 9.418422923932604548e-04 1.142045046295111794e-03 1.197553282615786965e-03 2.559301094182498976e-03 7.694205191605708047e-04 5.369404491152702207e-04 2.194498961090133335e-04 1.852585750309456781e-04 1.879159179185020917e-04 2.742590587080726960e-04 7.834141418278362228e-04 5.214021520037305860e-04 8.281671409326173431e-04 4.239699152846258747e-04 1.953173509757957435e-02 1.118449321866259345e-02 3.759132015239443595e-04 3.713409215845964347e-03 1.187981793554147847e-02 1.026346196854451692e-02 2.674172111676131891e-02
1.539063287660415863e-02 1.748435079173283474e-02 1.197427715389758930e-02 4.318070177402467957e-03 1.568449425814089039e-03 9.209788350295077019e-04 7.637067495836116077e-04 6.685414830167349344e-04 6.266140315719903034e-04 5.467002372039519087e-04 4.637889738216041105e-04 3.384563983386666306e-04 2.210158441433454179e-04 1.271354230802117962e-04 7.610343277026055623e-04 6.537126443465213481e-05 5.966550421212960740e-05 7.587862467532648840e-05 5.719284774821383312e-04 3.250276080001581174e-04 6.015539037299926471e-03 8.936996182019699446e-04 3.108378565759238577e-04 1.032033255389404151e-02 1.086434660145711587e-03
6.041125955404359066e-02 5.320338352787452180e-02 2.394665538451504899e-02 1.734615443814090455e-02 4.001246018704903915e-03 9.139532709385030877e-04 7.518018256875144212e-04 7.374247532319834920e-04 5.688429331466148420e-04 5.496515265380252707e-04 5.615228194932899135e-04 1.798156475392553638e-03 9.735546561254249109e-03 1.746324528232203908e-03 2.699739341710524830e-04 1.560535566958802522e-02 4.396942210730445501e-04 5.884039660084953473e-04 2.464090359767226912e-04 2.378188850066058064e-04 1.442679453361393055e-02 6.039276407082919563e-04 5.458801739934340656e-05 1.478164403613997386e-04 1.334588143363072982e-04
8.171116687350553180e-04 8.188886234210545094e-04 8.631230792403828470e-04 1.390426304157838400e-03 2.787357167933037991e-03 2.220192564965306047e-03 1.723298607313438965e-03 9.217647418485610351e-04 8.836649629762135692e-04 4.356514872880893892e-04 2.958091629148534960e-04 3.251234087222879183e-04 2.153834754011886652e-03 3.245634203238309057e-04 3.926665340407882194e-04 4.973711333087011332e-04 5.592456354276409143e-05 6.666514878443086079e-05 4.497051579754611815e-05 3.289181076295822189e-05 3.441099804863671406e-05 6.611696795120954560e-03 3.824889714624555106e-04 2.330598885568931902e-04 8.084836544552758547e-03
5.547532813091957463e-03 5.647843487621146200e-03 4.397654925037582097e-03 2.999803937176327966e-03 2.721373428646267374e-03 1.662886902177322787e-03 9.258651198722655422e-04 5.722295352657513724e-04 5.979671947041043231e-04 8.005291562235797732e-04 3.544351904465929616e-04 3.830038785884066501e-04 6.696645196203243958e-03 2.067980287822375821e-03 3.995127354652004388e-04 1.197744506424813261e-03 2.573709308706802722e-04 2.709324015012955222e-04 3.499069436361641153e-05 3.743507746327403229e-05 1.530228286545338117e-05 2.735753428963109840e-05 1.483045563615450048e-04 3.097513500651493361e-05 1.259183995591328057e-04
4.390564679372004411e-03 5.270102549330680369e-03 6.346330231399441996e-03 7.352454137902235225e-03 3.279810267189382355e-03 1.345873020590363433e-03 8.008142861156936987e-04 9.998374566478718077e-04 1.220208715490755241e-02 1.778421873645594101e-03 7.762957346878253135e-04 5.042680823376805010e-04 8.782236056685542884e-04 7.302989468255887372e-03 1.789602103607206311e-04 1.543334831979231215e-04 5.761963243159663999e-04 1.060552686924582690e-02 1.576160959902674281e-04 1.201101033864774935e-04 8.583808441673050193e-04 2.999051158309846651e-04 1.658731115313779941e-04 2.433907031198784959e-02 3.167723053741820999e-04
1.663535969836108658e-02 4.914392781053727455e-01 3.145148428993613243e-02 7.049969719396794419e-03 4.068314609760576191e-03 2.237076158719681664e-03 1.500844482136252022e-03 1.312229131973999914e-03 1.175301566139908297e-03 7.540530116974457180e-04 4.389653893396858533e-04 3.502730801564780385e-04 2.413127463254965575e-04 1.574458496020594487e-04 2.937874332668533820e-04 7.231183329166272333e-04 5.319110316775812336e-03 3.100807242448180151e-03 2.196664914354598248e-04 1.308148799364299659e-04 8.196097502558610240e-05 2.322971174587791011e-04 1.445112017473689729e-04 6.025891591600046095e-03 1.324676289819012647e-03
1.202840330829988390e-02 7.365088423573293297e-03 6.369186270531136326e-03 4.052294931099492334e-03 5.220562059985095656e-03 2.594214404192185866e-02 2.615170756626819786e-03 2.128629160508512669e-03 2.444763215819805574e-02 5.280662661327423929e-02 1.084754385961813998e-03 8.750401376970453867e-04 2.053797194907905788e-03 4.891825921586767005e-04 8.046333857616007421e-04 2.670379381957054487e-04 2.905291120587575465e-03 6.204741119493119717e-05 5.140092416955127294e-04 1.167433421459436807e-02 2.247036799591869711e-03 8.361385423024930014e-03 6.264320393557603044e-05 2.410345099433285542e-04 3.549785302006222185e-04
3.849833943168054495e-03 3.804928178467560998e-03 1.616463155715328276e-03 9.121396144954947065e-04 7.005646370703125020e-04 4.464102141919125280e-04 4.633456519435624386e-04 3.623739779172057991e-04 3.125503246930221241e-04 3.230554168293449011e-04 2.314277232034052346e-04 2.673765443809624507e-04 5.560687625373083101e-04 4.887091058583548260e-03 1.609236585097479147e-04 1.373913721051595916e-04 6.894395059520866203e-05 6.580325315034853660e-05 1.666120527304156115e-04 4.841245379795264888e-05 6.139878603798217785e-05 1.713827037772260725e-02 7.533236629310617410e-05 5.002219109285242554e-04 2.181614360462082181e-02
2.807883148725064809e-02 2.717020852305284881e-02 1.510854041261708303e-02 5.057149067996400543e-03 1.605497711259679192e-03 8.668127086086412818e-04 1.426864542110945887e-03 1.462547398458266404e-03 1.781631075001653425e-03 6.551460057400648957e-04 4.420580288781684130e-04 5.578488056720736551e-04 3.856091867165428733e-03 4.603122878664893738e-04 7.084338575836972643e-04 4.427683099565762719e-03 2.807719753488035932e-04 2.889912580987931499e-03 5.665766425318990995e-03 9.059020693300909722e-05 4.456990098698132216e-04 1.686860284461515257e-04 2.770301375339551402e-04 2.213189067923961603e-04 1.505276686596888772e-03
1.863015811220917681e-02 1.261601073078232396e-02 1.364275906883048207e-02 1.159548155320697278e-02 3.157124019212108335e-03 1.270020046371304976e-03 8.694739663399558100e-04 7.595496323454468263e-04 6.942497062120873714e-04 1.901667664228472252e-03 1.251220323371054046e-03 4.662173600186307371e-04 3.697369455746069618e-04 3.825861812318970289e-04 4.282157170009568900e-03 1.459183743480855513e-04 5.196731924015637015e-03 1.307479495168533627e-03 5.998946450257624570e-05 4.715874267859602201e-05 4.645955405555048101e-04 4.112520846472603642e-04 4.158696028455580315e-05 1.035531031340042150e-04 7.895412136409537185e-05
5.196485374944979224e-02 4.339881024265911796e-02 2.097487271851774041e-02 6.565807639729251237e-03 2.771473438390108495e-03 1.751395677219295824e-03 1.739132806546783358e-03 1.463115502401691505e-03 1.579965987425341594e-03 1.234619452686978132e-03 7.272507141259256349e-04 9.730005222011840023e-04 1.898338502666851676e-04 1.296850088833666334e-04 1.012395777248199802e-04 7.980809176448336035e-05 3.253844595512664665e-04 1.406703425528315829e-02 2.779601847833914978e-04 2.945754822302127838e-04 3.950037005951066130e-05 1.825892618447714881e-03 4.552693425109952141e-05 2.346324370107892576e-03 2.357178757407672634e-04
1.132572272383643944e-03 5.906345857321641975e-04 6.500004239342197301e-04 6.730130236801554677e-04 4.268761716707219871e-04 6.401875384313136016e-04 8.208660081892208511e-04 6.852126084630585142e-04 5.448454997866544096e-04 3.617395206506288661e-04 3.660409574330790385e-04 3.738364269142840381e-04 3.037570706159200521e-04 1.105756294819658380e-04 5.395866980057272347e-03 1.055173423220686404e-04 7.695889495950256098e-05 1.912523933097068970e-04 1.659111704812136232e-04 1.278229351253486396e-04 5.849149056504566102e-04 5.422139163575346275e-03 7.965731553350355429e-05 1.191551469385756802e-04 7.131923973440821088e-03
1.358313923196517378e-02 1.897902529160834517e-02 4.361725873243866292e-01 1.812647532854782251e-01 8.121022634540614807e-03 1.407564130451587287e-03 7.711275258831466316e-04 7.362242706119760281e-04 6.626102796799062961e-04 5.440556500351992732e-04 4.500013824147566029e-04 3.509357655638072320e-03 2.960333401531043220e-04 1.708865028222766305e-04 1.283270846989685891e-04 2.700800062285423075e-03 4.908784767955370106e-04 3.266415827089526151e-04 1.731514282693123654e-03 3.493553923685807465e-03 4.346799571509068626e-04 1.865511150329188694e-04 1.014892516673329730e-04 2.036274396795303401e-04 7.696548298419067123e-04
5.522378746139702636e-03 3.633655103152632227e-03 3.693320864121123551e-03 2.678193707325612297e-03 1.849026349041774792e-03 1.176240662293733582e-03 1.155194984978714706e-03 8.078183832605885994e-04 9.720775975502356486e-04 4.755673323971345927e-04 4.108790060705490733e-04 3.642340749388547731e-04 2.847387373531901533e-04 2.104099925243145780e-04 1.358453001622275636e-04 8.057810754750745295e-05 7.095732783224364319e-05 2.541931301985642750e-04 7.051929154978892967e-04 1.891481604882221438e-05 1.873562805865592088e-05 1.393275587127842348e-05 8.843582335537292455e-05 1.746774478138130580e-04 1.210012470734755756e-02
9.521860556362369415e-03 6.941603390898100530e-03 4.230504823911014449e-03 2.688293247376287443e-03 1.268236682817501819e-03 1.135619209799336362e-03 1.048827617227730520e-03 1.382050623352891342e-03 2.584011980179203201e-03 2.624227690971144694e-03 1.283524268706312706e-03 7.920946893289819392e-04 2.069693683718696730e-04 1.753797557114210694e-04 1.833420694332425695e-04 9.138371188070891493e-02 3.342915419528131541e-04 8.314718427399800632e-05 1.565259706860410913e-04 5.848203654191317904e-05 3.836931314656739922e-03 1.387530439399263819e-04 4.426121432954747124e-04 7.881825517469640994e-04 4.251681053528085820e-04
2.050017274766816056e-02 7.899511453125746679e-03 4.226414917635481876e-03 3.359658004578366941e-03 1.936824206944871363e-03 1.858166347386485317e-03 1.227889701075012517e-03 1.478080406381108340e-03 3.131070884462498153e-03 1.689492423292489505e-03 4.574114424823631027e-04 3.846302869587403073e-04 2.618257383881358261e-04 1.909624377681248700e-04 2.221250965398664247e-04 1.041082004500336740e-04 8.875114930575183508e-05 3.822952981388902556e-04 6.277232742120297283e-03 2.199637270610965711e-04 3.965933624758106270e-05 7.499245986963830356e-05 1.574286159948958420e-03 8.743268883971993047e-03 1.270394219120880722e-03
7.968291053545353830e-02 1.848592340667880307e-02 4.828148630624290623e-03 2.243783952589053707e-03 1.773731092617796424e-03 2.347459274882814084e-03 5.439883353692356177e-03 3.759225397039395438e-03 5.542270552459469413e-04 4.001414388920493479e-04 3.329162025564252414e-04 4.605855309478782290e-04 3.025756450453980320e-04 1.722205106053022086e-04 1.718921438469681777e-04 1.086387316416042746e-03 4.086083713356741635e-03 1.150527045484088171e-02 5.907314207060039568e-03 2.132693290424318992e-04 5.838256781014711889e-04 2.091677015261781162e-04 3.552990013418990322e-04 1.342923148072242825e-04 1.599406423592480652e-05
6.466030848378081543e-03 4.645301282696414139e-03 3.078282939737474796e-03 2.190984437248140460e-03 2.599107993109933939e-03 3.236654677981932147e-03 1.842618581429239857e-02 1.073853582696082838e-02 1.019206040221010048e-03 6.777125624152436278e-04 1.045023897956603130e-03 4.159820644588112975e-04 3.921634431191486393e-04 1.094871698618151421e-04 6.194098798891503827e-05 4.077412084625099475e-05 3.637180702223938750e-05 6.338646860659629800e-04 5.804317924178484608e-05 1.751420756070908025e-02 6.657958769204311582e-05 1.505502012919389550e-04 1.000037078922864833e-03 7.842284194490508644e-05 4.754698372999600626e-04
2.571043526428231155e-02 1.843342440084290088e-02 1.186504790937540667e-02 1.378863106377357754e-02 1.912569174917100323e-02 1.272015740204553158e-02 3.683777931878472016e-03 3.950519428559372444e-03 3.710244026946495077e-03 4.650635858390745605e-04 3.508107424273898675e-04 3.314382522126862085e-04 1.183225043034169749e-03 1.577249673826100083e-04 8.014867749374775404e-05 2.000513954128362623e-04 2.309128934592398073e-04 4.966514638084522961e-05 3.307091906037963581e-04 5.919670320732146819e-05 1.433536307233959119e-02 4.282756863262171467e-04 4.178039487692201547e-04 1.465953067774186148e-04 2.024653690391921973e-03
2.152702120460772695e-02 6.197596282510216270e-03 2.169921442946292061e-03 2.158734589821919431e-03 1.833934693125504212e-03 1.546398011064826616e-03 1.377324792594309495e-03 9.993715331173263095e-04 3.590105017967341189e-02 2.865100231237372331e-03 4.125651749219490954e-04 1.352284100948386841e-03 2.473592194918764983e-04 1.432661055816999789e-04 1.269041517633151344e-04 3.491469410689816331e-04 6.710378548719069663e-04 1.433692074332700668e-04 1.464669772590193033e-04 4.521041934271203969e-04 1.005130547861264080e-03 1.259044349828651252e-03 1.157796006345805824e-04 4.228270163332730272e-03 6.381491569695900250e-03
4.589681763578796515e-03 2.407127778813722072e-03 7.858198184482197797e-04 7.128185773433216334e-04 4.974560236604071454e-04 4.379549992136727425e-04 3.328740221588457606e-04 3.256578065595602724e-04 3.152719932711857301e-04 3.150258701063044170e-04 7.306211176416867398e-04 3.999647709047526802e-04 2.618137721600166537e-04 2.305926604450212131e-04 3.006587926494266958e-03 1.090146840974619974e-04 2.151027452702661562e-04 1.547851664361457114e-04 2.991643616869250227e-04 1.651809921916410793e-03 2.213610270317106410e-05 7.687861667315767954e-05 9.746451830724136504e-05 1.283733032038334668e-03 2.507984461414249576e-04
5.623164843019436317e-03 4.608506706122536371e-03 5.539215094108322808e-03 4.895444486114498145e-03 5.997768763173718341e-03 6.791807978218207358e-03 3.352275843316211701e-02 3.122093045921459087e-02 2.239247709854447904e-02 8.846597392201850521e-04 5.219294222444120388e-04 3.110766101480076672e-04 6.866216746362185236e-04 4.535018705223069430e-04 4.702642457569729544e-04 3.432032318875793834e-04 2.500139092647862328e-04 9.434026437621385452e-05 1.531972401272575324e-04 1.442268565504709705e-04 2.115445039177338000e-04 1.898667166152944092e-04 9.230614360729438449e-05 2.836178361577604409e-04 1.333848266856315799e-03
1.176138458087149646e-02 7.347590434856960534e-03 4.281696969798263162e-03 4.574729549789472230e-03 3.489840909058895997e-03 3.984093002140561349e-03 1.032382449389909577e-02 1.412198080916973741e-01 6.148595987031837094e-03 7.892904068101872081e-04 8.386295380919630464e-04 7.061495313572363052e-04 5.953392967179001009e-04 2.896482165433562819e-03 3.547063434719571360e-04 1.518390976738483817e-03 5.728563809495553806e-04 4.970516674666132522e-05 4.832897315861662678e-05 4.969370033343658807e-05 3.118072321982741222e-05 7.031825141235700013e-04 9.097533609256211115e-04 4.164341960529126512e-04 7.881051120034070819e-04
9.652625663932346348e-03 4.329201587659167738e-02 6.950335920725958516e-02 2.611916801744705863e-01 1.540016504471210419e-02 7.637783042395681135e-03 2.304165383517774515e-02 2.655736715915703317e-02 2.443016412674113569e-02 4.115765438815498223e-03 6.179691710608655646e-04 4.081379199172612210e-04 8.646084445165195132e-04 1.131641324685482862e-04 8.624508014708795293e-05 1.650349342727407337e-04 3.301026986503025193e-04 8.843414989026155315e-05 2.914355864998880666e-03 1.081028564349747340e-02 3.708989896890061561e-03 2.625715796709081882e-04 1.866637162768810740e-02 5.378269512988652400e-04 7.767864466457374438e-04
3.072880088617225159e-03 3.424254318025280863e-03 2.779096175529699279e-03 6.211271093111654651e-03 3.271210354321643730e-03 3.721575007968035056e-03 3.796674626140529064e-03 3.637690761118638014e-03 1.673400048687766293e-03 5.049046055810408554e-04 8.543353194666916109e-04 6.623212947655224324e-04 1.438455745070156121e-04 1.418444188111116244e-04 1.470787975859497632e-04 1.475984206364422684e-04 9.010954883257069970e-05 6.971054560490357217e-03 2.609433447542379870e-04 4.683162692640075277e-05 1.890911832030335094e-04 1.196331679512878388e-02 7.022423078283016702e-05 2.791964247082224224e-04 1.858451085288184126e-04
2.795805591104503010e-02 4.984474266404961273e-01 1.399286534450073227e-01 2.984219558889075058e-02 6.167313167351414632e-03 1.704295347316910026e-03 1.560404039121921892e-03 1.647165101482994448e-03 3.252813178470764007e-03 3.665745484865613572e-03 4.660632095011228433e-04 3.505958326368227031e-04 2.556142421123707700e-04 2.078276711440643154e-04 1.244234681063312287e-04 9.765753051916826154e-04 1.903569913861100917e-04 3.283575120535265609e-05 1.070582915051721641e-04 1.491757535214751490e-02 5.568031335385419285e-03 1.136925380324917308e-02 4.535185966821696332e-04 1.067486280196595179e-03 6.288130452322524986e-04
1.718351377740361119e-02 2.117355908320950331e-02 1.654317963939041722e-02 1.598350635211466877e-02 8.502223280413761380e-03 1.407234005046680567e-03 5.766985722191385550e-04 1.146672031021702407e-03 9.346978954333639168e-04 3.850606915021002668e-04 3.632869729650337813e-04 6.618595617040389607e-04 2.017385123027224053e-04 1.441599792817525177e-04 2.553765082780519468e-04 3.162245473160250203e-02 2.463678139254947596e-04 6.992975025455511087e-05 5.108414701767073656e-05 7.625366298429039251e-04 1.099209498288461679e-04 2.164448430337559393e-04 2.001494027215506774e-02 2.031103421528537584e-03 2.967247362702665433e-04
8.634063578001915928e-02 6.008378430111449911e-03 2.027351185992014478e-03 2.173426318322965647e-03 1.515405286879864966e-03 1.329536550081618146e-03 1.244591451772649859e-03 1.456596583623513338e-03 8.995579104684002644e-04 1.115425864965329797e-03 1.070712582258939337e-03 1.367645540694978172e-02 2.273849193879235841e-04 3.341128529301375040e-04 2.072648582178577279e-04 4.611315135150906796e-04 1.201948050846516090e-04 6.022121175054945654e-04 8.077454509603062193e-04 3.060345426532805509e-04 2.766012355555948356e-05 3.747934029357624072e-05 1.929852865779714598e-04 1.755767606833451289e-02 6.206145244560176948e-04
4.979236555349465798e-03 3.217869958430027554e-03 3.385203678607439162e-03 3.279118168576938136e-03 2.350402341895841633e-03 2.215756837456610284e-03 1.029490200483290001e-03 8.255501952971652487e-04 6.365212003786730995e-04 5.140057039964198576e-04 4.414049931946313057e-04 7.074933192769554706e-04 4.973367442529211431e-04 2.510915052164134080e-04 1.528644412155537357e-04 8.716001523670157498e-05 6.403152857789974964e-05 3.976184832803900181e-05 7.712077188140997860e-05 1.998521245361121730e-04 5.228656838235287561e-05 5.700754047344211818e-04 1.281836201456932364e-04 7.691835352783172198e-04 2.389322438373793196e-04
1.318926783441791706e-01 8.699838905835868830e-02 1.907962476143904018e-02 4.895121705747343920e-03 2.928821617169542323e-03 1.650186565543565421e-03 3.098773397168365449e-03 2.701517158785759695e-02 1.457911011919270578e-03 4.625349540513715011e-04 3.407157674092738293e-04 3.374864861094654662e-04 1.886689545120234096e-02 4.310512292893816473e-04 2.925998239895097569e-04 7.891468850628607923e-05 4.046858798609760210e-05 3.936781860363914318e-05 1.094279983867849689e-03 1.077373942861965084e-04 4.901458887489833910e-02 2.779455973268144583e-04 1.295493648930629927e-04 5.246570753550697198e-04 4.054984049646236967e-03
7.694550804387332438e-03 4.372384375832296700e-03 2.776367465702554282e-03 1.723129371645224905e-03 1.131924163568152810e-03 9.201805812695523909e-04 1.160401172942380826e-03 1.259547728453058041e-03 6.355779231914198118e-04 4.825226110040244879e-04 4.913486802276402325e-04 7.562092889362857957e-04 7.551095037714023166e-04 2.373079150986705829e-04 6.062630470583482180e-04 2.350712222749565239e-04 2.095796482814910478e-03 4.783398878294737325e-05 6.211321912017913401e-05 3.822988895665613111e-03 5.736053840122141929e-05 3.752050774193822487e-04 5.273220220447074995e-03 9.041160471751604269e-04 9.860177629140362554e-04
1.793669898380597857e-02 1.068847417161715441e-02 8.198493028591023052e-03 4.197123882617954937e-03 3.945586614070631208e-03 1.770481227289187436e-03 1.631618198480442629e-03 8.736377373221601225e-03 3.377409018903004823e-01 7.338033855789913643e-03 1.066194835447101166e-03 5.693133737990225532e-04 3.468387170991677274e-04 4.149861657536110110e-03 1.524935744058086352e-04 3.534502445598948495e-04 6.845412672268906984e-05 1.104242137221620368e-04 2.265651533765791585e-03 2.407451189858161202e-05 3.531218031123260683e-04 9.600062412865459024e-05 1.170051778348713406e-01 7.984169451016388027e-05 9.838646057390753043e-06
1.470688368097525060e-02 8.690798171966699140e-03 6.410101958130910195e-03 4.504202847240020881e-03 4.186563047743399428e-03 2.006357577930894826e-03 8.637209281135944461e-04 3.179976376830229851e-02 1.345997354964850179e-01 5.479503413371645442e-04 6.207136406870363606e-04 3.590327116410396008e-03 5.370226113744054836e-04 1.975122299264751597e-04 1.634132977607561309e-04 9.241964419656653043e-05 6.470987749713391288e-03 2.177526470573947100e-04 3.422364748125497321e-04 5.373258379851351225e-04 7.220671655884857397e-03 7.652955724072124872e-04 1.930359465252050842e-03 1.051698340780935111e-02 6.935105592926416518e-04
3.971397790389427640e-02 3.702239472229293393e-02 9.556374279520343795e-03 1.102362366938685299e-02 8.647934583039760051e-03 1.400263449623659860e-02 1.377686144160532589e-01 2.306945135473608376e-03 1.426322730629975191e-03 6.416681485684526485e-04 4.342023555965031042e-04 2.378707423513773834e-03 7.946068837698506623e-03 2.223807891584855974e-04 5.231325892140564976e-04 2.020355853182958248e-04 1.512273070615272053e-03 2.394504058958031589e-02 1.788413380996131978e-04 1.228061872054193144e-04 5.761948883309152628e-04 3.867064785212807453e-03 5.738528203795520725e-04 7.735461176707876746e-04 6.142531578050776961e-05
1.864034805005332363e-02 1.848787365578547295e-02 6.779299728406450523e-03 4.723691062523543115e-03 3.099579538995984006e-03 1.723516029200357434e-03 1.286711426227886814e-03 8.398511255307174054e-04 6.686029279839156422e-04 4.805752033748856840e-04 3.634081276625498709e-04 2.687201392667036537e-04 2.093026261533027874e-04 4.078795859228390446e-04 1.580432658776540313e-04 9.025311526183498519e-04 1.216416325865728285e-04 4.166389921563003451e-05 4.530909064533802656e-05 4.431847428578410543e-04 1.206199313049927780e-04 6.983855887118223900e-04 7.916398037950816697e-05 1.803127012109863477e-04 1.208488394103276239e-03
2.121469221175426023e-03 1.868813697308787519e-03 1.484334596287175366e-03 8.144454249625418399e-04 6.932666606509988588e-04 5.617202005662878979e-04 5.700890445210985823e-04 4.952737406531139940e-04 1.038119532651034932e-02 1.720967381828575338e-01 9.663195681064702756e-04 4.042289128215514394e-04 6.079622668312651768e-04 3.528181180480228227e-04 1.594234220474065799e-04 8.659597237273923272e-05 7.618307313531603943e-05 7.941485572318273854e-05 3.991403496791464279e-05 3.309755209046721610e-04 2.218861408056087324e-04 7.033516580848751495e-05 9.828861321574893601e-05 1.380047780345139332e-04 1.086951852413939670e-02
2.252693131526868880e-03 1.670991459736861137e-03 6.713026349005583740e-04 4.470196615303193444e-04 3.923257286241980946e-04 3.321886709028142319e-04 2.777141650856948746e-04 3.109217653074520952e-04 5.867564086567976555e-04 4.095212299414727479e-04 4.524354894862190279e-04 5.153252346213200562e-04 3.546804403330289495e-04 2.585044999113262601e-04 2.301960128988932467e-04 9.076825228906475705e-05 1.424866807979180579e-04 2.118865923996256077e-04 2.444493041237190097e-05 2.942552409714445746e-05 5.241639587854689762e-05 1.804253550014805682e-02 4.431487123378914303e-03 4.617814281281445109e-04 1.131995345989632827e-02
5.029142162792255011e-02 4.393589544508988420e-02 2.389885309452947915e-02 1.804925243691173770e-02 8.314168564605609046e-03 1.992627084628304217e-03 8.293424471224630258e-04 5.245022764008806316e-04 4.799022330182817404e-04 3.973775616161472784e-04 3.406061239580462181e-04 2.667909448637358484e-04 2.131114237582557665e-04 2.588871270366999698e-04 9.982860194260416702e-05 5.493137726115957442e-04 4.064545075939069514e-04 4.848381414877919911e-05 2.262004297174067050e-02 1.372703848203221113e-04 2.723858434389559574e-02 5.601733254052802683e-04 9.013574097240992494e-04 2.259937369756252637e-04 2.193858876097946713e-03
2.784643889754700313e-02 1.495703782258015271e-02 3.409346079524383510e-02 7.991417657054344925e-02 4.074878995624106603e-02 6.872333755115588028e-02 9.187302674027392549e-03 2.197000457945123830e-03 1.024027982419145654e-03 6.616798952528459010e-04 7.018170361455062720e-04 2.894097108908186711e-03 1.967845251316765380e-04 1.353604111469488755e-04 2.278551462464293339e-04 9.308180543320033107e-05 2.629978164772553938e-03 6.888442325253229235e-05 4.021776990369595379e-04 8.788152409282169600e-04 7.157526910276137391e-05 5.449702106853870865e-04 4.933273870070386136e-04 2.905178799135609696e-03 1.355265016229580989e-02
6.322122949078921687e-03 5.197110784467742078e-03 3.023334490017444073e-03 1.645092803410169897e-03 1.523374723855151248e-03 8.135360358360755467e-04 7.069245055083414001e-04 5.398927312031717284e-04 5.757160798084420697e-04 1.211523366990966419e-03 7.269931488833344772e-04 1.639031550478523003e-02 1.873426421340490576e-03 2.288838559999104450e-03 1.028008257887512954e-03 6.118884853774215170e-04 6.932729420667752961e-05 4.478821237450221964e-05 3.855255458600516372e-05 4.926754825008174121e-05 2.129554532518323302e-04 1.289416647917052735e-03 1.507488035646791804e-04 5.257515540698699287e-04 1.950088025513602077e-04
1.150429812529592082e-02 6.034036784963443638e-03 3.972669883847693671e-03 6.634370828946088532e-03 3.254179952869032649e-03 2.856372626301246359e-03 2.066510514989097942e-03 2.792865583329190785e-03 1.476880708171627969e-02 8.850159024024701953e-04 6.285839155965209594e-04 7.777977514772497786e-04 1.999602199515485414e-04 1.770742923019317020e-04 1.671626431222094982e-03 8.795837944188636707e-04 1.323313401998786750e-04 4.962287320867070448e-04 4.204589342762152216e-04 1.570757263320712123e-04 4.135602768958749806e-04 2.201535108239420589e-03 8.226176969655420168e-04 1.580044090964089626e-03 2.440983475217351449e-03
5.968174729427328136e-03 5.397322200266427110e-03 3.852251852698955394e-03 2.929963121391581521e-03 2.029908010904450926e-03 1.344267973688681233e-03 1.306038111878652860e-03 1.080996956342339171e-03 1.820307101249198870e-03 6.092829018096002254e-03 1.023279084631028299e-03 6.389642070285244703e-03 6.567411617432978655e-04 1.260771443755214589e-04 8.692959398781410177e-05 3.042004481545011068e-04 1.043108703512663681e-04 5.233178591976912156e-04 6.401281891803610815e-05 4.413698182748699363e-05 2.553401144770956789e-03 5.325591720374235269e-04 1.764529542747308337e-04 1.127524686872269485e-04 4.092119400191181373e-04
4.536032457109429039e-03 5.359169754707746730e-02 7.104594335684165374e-02 9.584550092793192241e-03 4.546002217956009520e-03 5.767749489625188103e-02 7.062549696446981246e-03 1.577234317451953671e-03 1.600032015917576865e-03 9.660096460994561495e-04 1.025764706239562897e-03 8.109771449786488213e-04 2.297222917062405096e-04 1.522754772178658116e-04 1.202079773237645294e-04 5.734713187637844505e-04 7.008867698869330521e-05 3.700183048087954526e-04 1.198758739775915375e-04 1.453340426016661469e-04 2.049656537589805011e-02 2.756555474742341627e-04 2.353367017036631093e-02 3.514614835058455650e-02 7.141297475908371965e-04
8.869761652952045392e-04 9.198812753534183406e-04 6.938611113889583222e-04 7.599465364141304042e-04 6.219067647818414361e-03 3.151628905771204203e-03 3.356956481391502965e-03 1.424834608006215943e-03 1.920292161888532240e-04 1.179402632647582049e-04 8.631205929409479041e-05 1.524145885791791503e-04 1.517197291483738156e-04 8.502411094786201107e-03 8.925159419458003618e-02 1.038436392919076185e-03 1.715432817242633508e-04 1.402432725388258364e-04 4.951158258303107302e-05 1.031122612817504111e-04 8.791130606179406502e-05 3.143123753035522014e-04 1.178692761065095428e-02 5.663594635825525570e-04 4.004203877866698187e-04
2.034056168827786670e-01 2.708115982552396495e-01 1.523405467865278709e-02 1.920087024939667181e-02 1.812194645472482712e-02 1.284615374992328397e-02 2.535719713057779101e-01 5.419208841707631556e-03 9.184070562446904279e-04 7.540542461306560997e-04 2.173258069694284159e-03 1.054085844788791399e-03 5.235839797926813326e-04 1.519576734073832232e-04 6.419841669979619659e-04 4.784835632469274305e-04 5.141268049876537415e-04 6.192368762117038113e-05 3.586076863873082144e-05 3.364441019550858054e-05 5.457408617476939715e-05 1.422572448958964663e-04 2.531568646874244997e-05 1.133797366066038132e-03 3.137264317701321374e-04
8.918469140969154801e-03 6.827002616135814661e-03 5.455269925696485181e-03 4.625347108147697534e-03 3.448781019628503405e-03 2.560644808694580860e-03 2.174140980144289269e-03 2.003461519640591625e-03 1.904329224237840280e-03 4.132771573168984749e-04 2.910282229970522264e-04 3.053402607803970331e-04 5.089260592472238118e-04 6.126822829330967916e-04 1.257637689844046721e-03 3.853409277400416028e-04 5.738388254216400590e-05 3.244955050851784911e-04 3.224289515863960898e-04 2.736147523362504261e-02 1.809978627808274182e-03 2.726558108935591253e-04 2.471215106147899262e-05 1.334481021626734256e-05 1.565483042386445171e-05
2.497117042940232012e-02 2.717030851324565149e-02 2.095531420141768381e-02 8.545648214806170553e-03 4.552548696905711970e-03 3.885604387585999721e-03 2.379394200234417975e-03 4.289622403068699824e-02 3.839766124982058743e-02 4.688678794094795939e-03 6.497614813870379808e-04 2.530077365187101955e-04 1.925266285592990034e-04 1.141411615944873880e-04 9.996114307379258719e-05 1.418351905318664477e-04 5.163540768974467807e-05 6.667049468579174356e-04 7.029820203300432308e-05 2.081898306881211898e-04 2.685194487369372521e-04 1.342397975417442728e-03 2.771570544323054947e-04 1.618674016688731628e-03 1.261131384163332193e-03
2.726853488110190724e-02 2.808447998560444775e-02 1.732580715626538120e-02 5.710328145145118772e-03 2.893934956248404595e-03 2.724737608181119694e-03 1.341332742900061114e-03 1.255426344805658226e-03 8.853689403270394165e-04 5.513034242362861324e-04 5.052182698360681897e-04 3.540588436009712279e-04 4.588819893001968436e-04 1.014222999986505664e-03 2.480884044912103157e-03 5.300661992057239006e-04 1.339838866073050775e-04 6.156136594909545116e-05 3.021292720807866594e-03 1.501527930827022887e-04 1.785803688986750226e-04 3.887568150248471208e-04 7.076214208590308596e-05 9.330158664766936014e-05 5.704801346377353678e-04
1.139335316751122033e-02 1.016713399669508244e-02 8.192471390293686040e-03 7.084590852474416563e-03 7.638478090125785068e-03 4.849696087273263831e-03 3.345717814520356766e-03 1.578642987057665963e-03 9.782373234254286565e-04 5.746723450908858017e-04 6.814403463533022206e-04 7.130506074551806782e-04 1.872119501858410294e-03 3.520650587725699114e-04 2.327076918968414086e-04 5.248009970668060346e-04 2.532326112868995617e-04 3.574902893343677923e-04 7.605970236819574459e-04 2.508623058441409996e-04 2.615547483629265292e-04 7.497380914358162042e-05 5.448549325171303119e-05 3.796661207968947405e-03 1.733796316176727803e-02
1.076567893685365096e-02 8.549630583592151070e-03 9.523268476228335944e-03 8.170274260959384249e-03 5.717697358951574944e-03 3.917424462037178562e-03 1.334838973258241661e-03 8.053427743809084792e-04 7.399322058460971151e-04 1.938436545044988288e-03 6.590445892953396279e-02 3.211393181645250811e-03 1.479533468040219318e-03 2.160900616727337326e-04 1.319040542759760098e-04 1.287308028033545511e-04 4.279117541411620734e-02 1.835863322105369799e-04 4.038700189958582929e-04 4.863613660306985768e-04 8.022252368201853129e-05 1.019502815459076117e-04 1.495000616048112335e-04 1.291026767598127444e-03 1.646301034028808767e-04
3.645521640424698607e-03 3.701237004420320463e-03 3.096400404331125893e-03 1.458899405276356791e-03 2.277263922700992725e-03 1.261990525103629576e-03 7.414912221029439391e-04 5.453698824789627100e-04 5.671787490348281910e-04 5.417632641570484589e-04 5.777084392818321746e-04 5.783643440350779265e-04 1.368777394170324910e-03 3.784121716103135331e-04 1.218057846952898151e-04 1.395957561222244646e-03 2.522724561016038590e-04 1.167024580677017420e-02 1.755613640169710480e-03 4.579884216930022334e-04 4.279028201736354524e-05 4.892775121053014270e-05 1.413014174603142471e-03 2.637724758193692523e-02 1.007889423666180791e-03
1.618994043013886885e-02 1.014189763819981112e-02 6.001061917341392327e-03 2.117934136777553395e-03 1.529761884452566232e-03 9.902352983786790862e-04 8.522399929509335767e-04 2.461486774859110178e-03 4.867926439743632851e-03 7.290439750682226050e-02 2.049402317205278618e-03 3.368950222074022912e-04 2.463685383738163496e-04 8.681657395579349184e-04 4.566889361597675063e-04 1.451159747550428991e-04 4.574543481956341515e-04 4.164952891510878552e-04 3.609343799786181067e-04 1.383624911049908764e-04 8.096563360942850946e-05 4.554552186443034095e-04 7.026127584953926076e-04 1.136461901764334714e-03 9.184217446220833069e-05
1.344558421804114071e-02 6.613974829416808567e-03 5.376243973874118669e-03 7.161487524265839309e-03 1.410565897827000155e-02 3.562920032162421834e-03 1.507362210104618754e-03 1.035282796829878338e-03 1.558823810350799029e-03 2.225945993122086311e-03 3.273960704787691467e-02 1.781684223500278139e-03 4.172195376140102534e-04 1.298188408556817316e-03 6.772946021351398688e-04 2.167574659613055038e-02 7.178651982134581430e-03 3.046468689832176825e-04 3.145843324566008781e-03 5.557822144159776072e-05 1.929314256154503974e-03 5.284566942062067984e-04 2.668781346740705762e-04 1.519855950679003533e-04 2.332261648779440676e-04
2.455617847935828019e-02 2.073207495247571600e-02 1.755585622536282725e-02 1.804042638613079577e-02 1.108861080978220011e-02 2.811921385098623341e-03 1.075487295776462971e-03 6.403357472897237140e-04 6.771821324383831995e-04 1.071559023085915698e-03 1.539127339863670136e-03 2.263683602224759919e-04 2.078401397584425734e-04 2.141378666469621070e-04 1.251868053412238339e-03 1.036815900688974751e-01 9.536423715706187710e-04 1.445288020596983297e-04 7.245315071440656398e-05 6.986411880237111921e-05 3.717709215427781358e-05 3.579666055310044425e-04 3.480727329148606349e-04 2.958018278995404229e-05 1.063422875749924710e-04
5.717741035202799152e-03 1.403526671027007303e-02 6.149278947716611994e-03 6.878334894362273313e-03 3.673930650411792297e-03 3.086686455811577228e-03 1.952456517976025553e-03 1.749512856830411252e-03 9.054597000678902196e-04 6.814534952350555968e-04 4.901338241764913953e-04 4.035051453054981229e-04 4.994609985121147532e-03 2.064810145957974750e-04 9.915003550201065784e-05 5.760794193293318082e-05 8.756449244840410720e-05 2.718334526927993627e-03 2.762881999570821300e-05 1.943008590840811689e-04 8.646287125411439972e-05 1.106294352275535679e-02 1.538516029753763498e-04 5.128578164608982651e-04 6.036791832021162155e-05
5.992465421027702056e-03 4.532882047683161469e-03 3.167875845367387321e-03 2.358141567621165145e-03 1.048532620580993951e-03 1.303130146969022022e-03 2.934862709443958762e-03 1.186765220594634138e-03 6.808430647481796775e-04 6.908657812336820546e-04 4.702508421316333267e-04 3.396819627253878969e-04 3.393659619836338114e-04 4.851014432925064785e-04 3.383007088342505019e-04 4.556901502952404688e-04 9.282534436203447278e-05 7.647158519847830564e-05 1.129064388620223855e-04 2.076672149109223993e-03 3.752757509757041927e-03 2.193336405579708864e-03 8.843378069854194307e-03 6.252769522261748640e-03 2.744945122350943116e-04
2.290059348804447323e-02 1.592508158895631493e-02 5.201259542043991900e-03 3.401126986459451426e-03 3.897636592810236993e-03 4.195696433176279196e-03 5.145537021261597024e-03 6.909582837551580224e-03 9.755765111801834727e-03 4.176652503529959364e-03 4.008597129047165343e-04 3.141916561126227971e-04 2.101901040397038457e-04 1.373018524427532859e-04 1.392556094067893212e-04 2.146068185234332754e-03 1.258281195925158784e-04 2.712957643924649169e-04 3.536147411995938135e-04 3.385534167728606036e-05 2.772292061848975633e-05 7.188599805704094532e-04 2.716410316465814431e-04 1.955821006067977232e-03 4.991852954587342730e-04
9.244710859546338352e-03 8.937434579450445268e-03 5.731067296738849050e-03 4.133161932121352973e-03 3.838078441727825734e-03 2.655811585113546699e-03 2.831074931666802130e-03 3.205905757326594011e-03 1.183784663531089890e-03 3.926248588321990429e-04 3.530858471897981303e-04 3.137676621705081563e-04 2.779326219609742541e-04 2.996200540575928283e-04 1.780951211975968752e-04 1.294735099420889744e-04 6.588742829872157672e-05 5.562074200322707608e-05 9.007420132123315412e-05 1.593467101189414211e-04 1.013300249137865223e-04 5.217795598300570877e-04 7.271369923033295379e-03 8.412135106228182772e-05 4.489138999429310517e-04
4.347574317195395700e-03 3.417239828960787901e-03 2.381906684062719270e-03 1.428887048014358327e-03 2.208179182051674735e-03 1.836407528483465987e-02 2.133203004697729888e-02 3.174177040591323520e-03 8.688010958374011578e-04 8.399165706553435220e-04 4.234459047175905856e-03 3.793936651683493810e-02 1.801687986976762898e-02 1.251879792317773469e-03 2.878811568094210020e-04 1.157041000058660471e-03 8.687936926003265656e-03 2.866925923408890787e-04 4.136744511305786101e-05 6.705689389265395120e-05 1.161431886521684933e-03 1.929169533259956538e-04 7.323547505303934241e-04 1.549353306361822579e-04 2.696714959735784130e-03
1.095937885890315745e-02 9.651419932789565698e-03 1.107050020025946747e-02 1.333939966632791130e-02 1.458503990873865619e-01 1.360867922681860236e-02 3.645014580713451958e-03 2.220582514203735605e-03 9.902385154299008559e-04 5.399926904535090263e-04 5.269013151826585934e-04 2.991902232537567495e-04 2.845015843028426473e-04 1.844784543214391032e-04 7.387853464282514234e-05 5.430815828410983417e-05 5.648770708877498591e-05 2.114897096037369160e-04 2.609440157374876348e-04 1.670934256465045277e-04 6.956225119722279470e-05 1.719171266586574020e-03 1.674975525135987417e-04 6.942722374768578225e-05 3.811079442305380865e-05
2.424386108189854807e-03 1.162247671336658506e-03 1.081878506997733603e-03 1.226358144154843103e-03 1.576891503835338871e-03 1.842327174597297714e-03 2.201265821468420623e-03 6.846270789776006532e-04 5.550268702535411268e-04 1.084872097651153619e-03 7.753587238597483720e-04 1.538161203352785911e-03 2.316999595395984447e-04 2.046097765782898658e-04 4.939243574402361892e-03 1.512912202227640278e-04 4.899482890656679058e-05 3.977010098252059761e-05 3.442602413485611320e-05 3.059339375935076475e-05 1.964046504741854594e-04 3.612794401294725758e-04 2.857445945751183546e-04 1.434522576835043034e-04 2.177247626525331825e-03
1.505720373479020081e-02 1.123544828907030620e-02 1.092142522072038317e-02 1.086227363186832023e-02 9.299507646437049982e-03 6.026815873720000466e-03 4.242417768346201830e-03 3.248436642636188133e-03 1.764352743820557946e-03 1.493324823728895507e-03 1.329285442657669345e-03 7.582274381898675836e-03 8.533012568526008798e-03 1.544224859135612932e-04 9.747746201094668699e-05 3.797999631599385242e-04 5.455797220085276740e-05 4.831615505399305835e-05 3.466470520704713511e-05 2.312876382498966425e-04 1.832658277046106052e-02 2.727634841826035578e-03 1.038342458326817295e-03 6.419678803867221763e-03 7.363468748817484548e-04
2.892044020475680044e-03 2.956855134934472003e-03 2.648907434107862502e-02 3.155335882579980451e-03 1.971179414200045776e-03 2.776682829638588666e-03 1.163870725212457803e-03 5.147876678240697560e-04 4.162292813773014522e-04 2.243071281193977464e-04 1.729910151791650785e-04 1.907367976380909915e-04 2.082517996841933851e-04 2.277342645293987640e-04 1.703268775048543109e-04 1.950717652063743148e-04 1.106670982781169570e-04 1.591591565557625202e-04 4.112812268230516823e-05 4.465425901327786141e-03 1.573293497983949184e-04 2.502943582060409325e-05 1.149581255278962706e-04 1.082884530550510800e-04 1.433040511441912484e-03
5.657929031749948066e-03 4.577198113355439822e-03 5.472909953558925157e-03 3.849584443775411029e-03 7.313454689952938147e-03 1.442688780056439191e-02 7.343357145183242174e-02 1.472857242427246839e-02 1.422523531006638156e-03 5.488503117165902893e-04 1.225110982300727999e-02 8.589183538494051450e-04 2.212235927786118336e-04 9.918201347160621184e-03 1.262111435810315358e-03 1.802394653514521492e-04 8.454087201755269279e-04 1.143124105842591637e-04 2.024187112287939572e-04 1.837047555551353853e-04 1.001171218330866326e-03 3.504444802855479803e-04 6.404130702859198209e-04 9.061234249495170876e-04 5.379295100240014289e-03
1.321108125164136178e-02 1.360035239825632160e-02 8.792221649311274256e-03 7.251647987440830445e-03 4.811138072935555558e-03 3.424785706583366104e-03 3.400013949676567761e-03 9.050425594286172493e-02 2.177422696560352838e-03 6.700466057007758731e-04 3.991450022529338974e-04 3.295010050054995973e-04 4.840428895068380984e-04 1.650523598616029236e-04 1.065688627740354969e-04 1.803324385457245904e-04 1.011039406550339110e-04 4.540039650374801811e-03 3.695545357377762186e-02 4.586695522082135344e-03 7.394846411170546507e-05 1.597506950713230690e-04 2.114805077311658144e-04 1.028744788264134062e-04 7.033105817824188144e-03
9.046512804990430867e-02 5.629151142985341916e-02 1.421247288081096613e-02 8.233193384257654970e-03 3.640805129832462485e-03 3.620674357995934487e-03 2.960350147185581045e-03 2.176403238360919909e-02 2.326411061755438159e-01 5.569020218264452565e-03 1.144182890139198777e-03 3.983638441930530756e-04 3.196639303416050565e-04 6.112640288378713618e-04 1.839318073954113229e-04 1.096072543090034985e-04 8.951281274267571062e-05 2.842129531326878966e-04 4.459811180189753141e-04 2.158579600103037802e-02 1.875871812688376323e-04 4.787959431039568673e-04 3.069128010917521296e-04 1.417710882554945823e-04 5.292350565579814672e-04
2.416846209414329899e-02 2.355520354977688052e-02 1.884958114823494929e-02 1.511836419001682218e-02 7.197002419690163785e-03 5.607996136732978747e-03 4.993635426791045821e-03 2.480319345655119471e-03 5.932431521139069994e-04 4.503349681551044683e-04 3.891164382185852860e-04 3.642736527897430239e-04 4.033942872038089197e-04 2.344960865831110142e-04 4.821151540886012819e-04 1.755531702050292474e-04 1.273901016966869342e-03 2.966580312732806143e-04 6.028465433075704634e-04 6.276404761973685938e-05 8.182637545740663798e-04 5.377363264248355423e-03 2.053534476878171589e-03 1.196905057886765971e-03 1.515653461675535148e-04
1.887400504498729092e-02 1.443289559060453343e-02 4.822664328902291631e-03 5.826930430963839398e-03 1.213380944303292346e-02 4.755558474503740994e-03 3.762275727910171196e-03 2.707012293867677721e-02 1.027466204948913886e-01 6.597259524236351877e-04 1.486399326432935163e-03 2.135716083554783928e-03 2.099284876729789443e-04 1.559004747403621967e-04 1.019175964295311365e-04 5.619603750987693398e-05 1.764227203464825873e-03 7.855795203965323524e-05 1.746342724524660941e-05 1.439521783755706144e-05 1.464814846232684484e-05 1.881684879252282341e-05 3.403451068783131471e-04 8.548416848637276425e-03 1.388531843065343154e-03
4.383366151336789973e-03 4.036321603251092141e-03 5.370641188530971000e-03 4.156014278833728218e-03 2.652958101501269594e-03 1.145724308982608471e-02 5.296952006874523257e-03 2.243253069255644883e-02 2.176411245067913502e-03 6.307452875350583188e-02 8.963556918987649995e-04 3.590794200352479524e-04 2.256403533493167807e-04 1.502368828139529519e-04 9.710997938355550509e-05 7.874137313220316511e-05 5.061091329497057986e-05 3.638245793863731934e-05 3.198351493754537575e-03 2.412885897121270422e-04 1.821827790097389895e-03 1.839499765408716958e-04 1.648025620224959293e-03 7.409049336037416833e-02 7.762254927307259741e-04
3.267981262704125478e-02 2.784329644754899788e-02 3.044645905877041772e-02 1.219859143550119582e-02 1.496281008548897180e-02 1.647083178120172312e-02 3.888454432009149329e-03 8.793714340249483537e-04 7.393139740590151015e-04 2.043543283270499514e-02 8.155736625449505357e-04 5.010979120038591954e-04 3.243477040727779474e-04 4.918097872271229602e-04 1.809690589659368508e-04 1.301139295257760446e-04 6.242385189960039920e-04 3.377517944351006701e-05 3.687208290850982166e-04 2.198136086033047876e-04 1.790684089754499345e-02 1.639947352100407530e-03 7.398766345062611060e-05 2.378634660576007924e-04 1.304105409823986010e-04
1.486796255446370257e-02 1.035140326623523906e-02 5.304784642509588824e-03 3.645002406172081696e-03 2.157925268120561985e-03 9.172182227725638771e-04 6.527286490768479223e-04 5.683495384360766518e-04 4.744354351437553860e-04 3.937855540285186036e-04 3.547659802741900503e-04 3.296376834135282172e-04 3.288206080283792316e-04 2.539406893901463395e-04 1.321122704999820987e-04 1.140863459733330632e-04 3.676164278960245956e-03 3.057571777405516944e-04 8.717189011447534135e-05 8.895693881400627812e-05 5.050966347498068781e-04 2.571466728016702594e-04 1.083499088213442466e-04 2.447537916015106387e-04 1.178434148178454438e-03
8.196875528396506188e-04 1.067071213088846213e-03 4.941882803502223179e-04 4.554814786217350575e-04 3.414374963997381454e-04 3.292510381495147658e-04 2.920996137327645163e-04 2.390368400316897227e-04 2.400307376241900715e-04 7.961665023551671829e-04 3.843827238862543316e-04 1.384702691882531977e-04 8.208157459994724220e-05 1.882932182855482414e-04 7.761992899280994182e-04 5.927622271244839753e-04 2.864417750600741354e-04 5.561185869780953380e-04 3.206518024900446883e-05 3.323099895093335130e-05 2.389014816287232537e-04 1.495518584368480015e-02 1.099087157634621309e-02 5.883209397908789606e-03 1.051068454070534786e-02
1.563708038748778603e-02 1.203968811435115679e-02 3.152992525457263932e-03 2.772266211985859648e-03 1.858006617012947182e-03 1.472797074246181117e-03 1.924971576499735900e-03 1.283732660905833418e-03 6.094889534558690968e-04 4.564532658463403320e-04 4.063985137295232034e-04 3.293730211484759748e-04 4.139639106787398231e-04 2.751764877542763358e-04 2.062568403963237727e-03 1.247434258629283310e-03 8.798590426026903439e-04 6.157287208880196129e-03 2.332492007559641147e-04 2.153901717304061096e-04 1.016439150928724519e-04 1.454634878048321177e-04 1.996208850981614461e-04 4.863531369680943774e-03 2.344380672293991039e-02
2.682240250529396939e-03 1.305801878278873987e-03 2.427865700057128123e-03 2.249167379932563108e-03 1.258384412026265732e-03 1.119413215072426540e-03 2.017050006800559080e-03 1.033395864498861706e-03 1.226183677449702069e-03 7.819220562724150947e-02 3.500994865179862109e-02 1.935045274103607037e-03 3.950198083476511653e-04 1.457408588496150942e-04 7.555665423629337484e-05 5.114772620840537143e-05 4.039134534525932031e-05 5.159440731684095555e-05 4.665474534978075911e-03 1.489416909038424476e-04 5.226404441739649124e-05 9.458746917822211922e-05 2.350661000785083353e-05 2.239436311837646177e-04 5.190437094805462094e-04
2.953862763750322775e-03 1.857156666672289637e-03 1.911785960007867302e-03 1.619502961056691354e-03 1.125645498345270853e-03 8.915733340621522863e-04 6.475896944945216342e-04 4.438676078319306459e-04 4.436347167189443269e-04 2.892010119654357474e-04 2.522534143174464251e-04 2.271375975532188515e-04 2.481203436926894372e-04 4.589886600708613222e-04 1.729650000331082766e-04 4.379005909176625854e-04 1.194052237227787868e-04 7.031352052100400102e-05 1.028937263521031851e-04 1.164368946074476047e-04 3.232204423963871281e-02 4.626994898614276899e-04 6.983004019242906868e-03 6.250853265094708129e-03 1.579694583294167501e-03
3.486582207807756295e-02 2.945818246515110803e-02 2.336004820681059774e-02 1.154852234146063091e-02 1.420992080650594451e-02 3.732911212600748541e-01 2.668917848213725810e-02 3.229696924567446691e-03 2.480970941246450883e-03 4.075359207092255423e-03 4.870253231978671576e-04 3.290988425028418501e-04 2.435150537718816434e-04 1.662911240933762514e-04 1.228016013435358309e-04 1.530872902117849893e-04 5.648203076618795370e-04 2.372126089892538192e-04 6.026060191399774685e-04 8.377966383625629510e-05 9.701462231925328875e-04 5.502642623094314983e-02 1.038946588790818845e-02 2.441444176695949943e-04 3.527740573085178834e-03
1.181424824195430150e-02 7.098581131314523132e-03 4.947149411190602912e-03 7.380733617922343066e-03 4.062459820709228911e-03 2.184708713784676813e-03 3.534523854086499359e-03 2.306896662552738488e-03 1.152374469219489281e-03 3.201632826214819805e-04 2.309131523421764610e-04 2.346663219471301889e-04 2.608273399611248317e-04 3.789172576904905731e-04 7.056999483622059931e-04 2.515517048024547655e-04 2.726270201721017858e-04 9.939254321013412752e-05 1.269739204955018757e-04 6.897135010244854645e-04 6.607312296572871897e-03 7.871662044491584543e-05 1.949266268836105296e-04 4.382715367964292526e-04 5.299566104658767242e-03
7.424660572285740959e-03 6.191395080466921899e-03 5.853053440473049950e-03 1.284705910136392168e-02 2.734836407397005925e-02 6.436210601377920226e-02 6.121375126316451754e-01 1.021007942909079279e-02 8.419342895502680054e-04 7.518431416915915969e-04 3.348868130185095088e-04 1.937277339122450606e-04 1.297779024559645865e-04 8.910121378160979161e-05 6.200905346755447589e-05 4.670048819947557301e-05 8.295706606678833711e-05 8.246466662179251792e-05 4.701847206541722520e-04 2.762367501903175909e-05 4.539556553142982953e-04 1.886886580710061485e-05 8.685071390695504694e-05 1.845207349808587554e-04 5.293712955719591037e-04
6.118974713034234375e-02 9.951376436846771922e-03 2.772676961176903220e-03 1.966477362833062102e-03 1.440700290232475693e-03 7.322813759579591998e-04 6.562469048566878195e-04 5.676079164306467844e-04 4.693866752177128731e-04 4.168279898579369219e-04 3.436141994682245511e-04 2.760873935595293139e-04 2.038732611482740984e-04 1.354267250503711560e-04 9.137048514868018219e-05 5.744400535831294927e-05 3.164584335325836234e-05 4.288219225231492543e-04 2.248206216143977271e-03 1.723732207367299312e-05 1.677318797560563860e-05 5.685088659772741682e-04 2.391164262810327630e-04 2.226027155663535065e-04 4.748059885072000502e-04
8.457641869921665853e-04 9.310121362393702048e-04 7.493081182263750493e-04 1.371447863097305896e-03 1.064439726782867102e-03 1.100143624587838521e-03 5.921879179061237094e-04 4.611703819329879533e-04 2.307936738632061996e-04 1.836924613690733192e-04 1.665951469902860859e-04 1.687491895993167357e-04 1.994359316780301391e-04 6.135292150693275005e-04 5.722590491749972828e-03 1.289473694389724071e-03 1.365194981959420319e-04 1.534570008976409480e-04 6.089078953437780705e-04 1.054377336115851736e-02 3.976929854986991503e-03 7.578968373691942029e-05 4.773935217400253708e-05 1.378296691663517630e-04 1.572342357108424114e-04
7.205194017833466309e-03 5.057508978205182276e-03 4.886662253949345010e-03 4.367139507700348693e-03 4.037673772853391831e-03 8.172822647144551214e-03 2.216910005981035867e-02 2.263519792831370295e-02 1.709037761868845411e-03 2.680803730499157524e-03 1.089764284296879451e-03 3.399004747583743457e-04 2.188113768852448715e-04 7.307949996682212672e-03 3.750669407208113244e-04 7.247190162543787546e-05 5.959560127545077612e-05 1.653755055444639356e-03 5.278768269328500210e-05 4.299888758766340423e-04 1.667924949443138488e-02 6.393818335328715864e-04 1.844232817036139060e-04 3.923998065002486731e-04 1.239382484997747502e-03
5.721656582629359999e-03 2.309324367473277687e-03 2.592900414960520351e-03 1.737721831858545386e-03 1.023731113595400177e-03 7.876555006015095251e-04 6.940877985345927492e-04 6.454867351231612571e-04 1.526435761558884779e-03 4.041602622692527791e-03 9.927945258343322255e-02 6.480380733647208517e-04 3.791184905014387393e-04 2.122461853576261938e-04 2.519320524088652924e-04 7.409004809625285501e-05 4.128957742756904072e-05 4.114747491742640727e-05 7.624076929681066373e-05 1.894967048912488475e-02 1.898378310060880227e-03 3.823491769303960963e-04 3.236435017008532024e-04 1.048084165320691723e-03 3.404660166997733892e-04
3.353061802624748150e-02 2.039032764216346105e-02 7.199016553253889672e-03 6.736101699898667215e-03 1.432042761353432073e-02 7.964989009842604606e-03 8.163031135197706609e-03 3.105505565871801398e-03 3.295616126425318908e-03 9.070755275613948771e-04 6.082730847073885595e-04 6.050980984541897735e-04 5.686830086516436950e-04 6.220701517995313448e-04 5.364834062587113843e-04 2.041351448209332501e-04 2.007491146065238004e-04 9.640857898366848215e-04 1.821000285098756458e-02 2.145853513489039566e-04 4.331253752138086374e-03 2.882915480501104834e-04 2.130200889591998478e-02 6.241805218217392343e-02 2.383316939335886758e-03
3.538375095227326572e-02 2.166790808323007175e-02 6.953000965561735580e-03 2.435508750474006581e-03 1.055474398814915159e-03 8.644130654827367113e-04 7.340550924473352194e-04 6.618287676341165840e-04 6.381040535975847187e-04 9.348848719479979381e-04 5.055155226476629963e-04 3.281449035857987888e-04 2.167426893043907399e-04 1.457348996493438296e-04 1.239627862984442731e-04 9.652297159670584917e-04 1.037057738560640463e-03 1.056276327398949404e-04 3.010716591983774953e-05 3.132290724318865849e-05 3.679996211865050102e-05 3.728018839706238288e-04 8.534992070087908818e-05 8.243023685400629249e-05 3.292758640687363202e-03
6.668801388164062767e-03 2.565666010515261272e-03 1.751300386477434813e-03 1.938017351421089923e-03 2.817027868627018129e-03 3.765835225401807391e-03 1.416402397051636777e-03 7.347548484041867538e-04 6.538402740134065163e-04 6.673705287125544523e-04 1.458265856306902161e-03 6.903889636947716651e-04 2.071505568173368991e-03 2.394717723588352793e-04 1.399256634885743568e-04 2.509933093493520975e-04 2.240751904085226470e-04 5.976777307503229950e-05 2.379675358797709304e-04 2.472091056459547369e-04 1.509459241186333000e-04 4.254204735111734434e-05 1.449164244669016701e-05 1.183758294054605893e-04 4.413666638646869663e-04
5.367545493473968761e-03 5.772108756668285941e-03 3.048701576618168159e-03 2.710118711030423417e-03 1.206882217121167883e-03 4.595252623410545491e-04 4.146880090409842405e-04 5.246289700273797834e-04 4.826326588849993993e-02 1.612848894660598486e-03 4.519538482338583164e-04 4.192038369533260256e-04 1.758335883062274322e-03 1.712314860960848645e-02 3.572671108258992185e-04 4.740772247769121928e-04 9.170162270701302451e-03 1.882560066151224120e-04 2.091783095538667472e-04 4.933795480746639046e-03 2.946977753509973531e-03 9.676872447503571950e-04 1.641928357362710297e-04 2.049808885809067602e-02 6.225020289607072210e-02
1.255714789052697275e-02 8.554132406996477200e-03 8.477385036230801821e-03 8.531984555863033823e-03 6.796758968392786066e-03 8.393569760435662386e-03 1.863605487788034393e-02 4.237714504767201712e-02 3.381672611511019836e-03 7.484601852534825302e-04 5.001080049943337422e-03 4.705079544173542305e-04 3.130878701542969033e-04 5.221099041966684347e-03 6.228197695664266197e-03 4.751164836204249675e-02 7.172384445163756733e-04 1.852846980412094940e-04 4.916335110437745730e-04 4.077659753943059973e-04 4.000977911669055233e-05 2.675775112635845991e-05 5.670225742685060190e-05 8.397190475159907637e-04 1.553091932124429930e-04
2.541445677804343717e-02 8.109474292601875217e-03 5.615860511722081672e-03 2.648211286838970252e-03 4.664340650267278718e-03 2.289047282357081509e-03 1.607363217395075140e-03 1.720402289277774910e-03 2.222284760636762061e-03 3.333892780162358085e-03 1.514844019966993119e-03 5.101946101463875711e-04 3.604914376292298397e-04 1.189010085532503282e-03 2.952119465297839440e-04 1.018784523564648161e-04 4.116864762545717786e-04 1.597375104855886072e-04 4.027201424084618877e-04 2.785708439235719323e-04 4.016186692208198895e-04 5.078437968006891323e-04 7.009359997303105496e-04 1.368611474307293140e-03 7.563876718456755653e-03
6.288033354591774510e-03 4.414440424582151933e-03 3.109978613129790650e-03 2.480622136489848105e-03 2.762571904505682283e-03 2.003769272337496167e-03 1.300879498003451856e-03 9.761882935761288056e-04 1.035637025744871138e-03 1.247616938602353759e-01 4.024112384591625735e-02 1.215102487422260562e-03 4.343555982421119202e-04 5.764592971794546333e-04 1.192909959989667783e-04 2.114061877877063936e-04 1.030466293933886464e-04 3.255825486456529307e-04 4.046652108436089184e-04 9.834452652881025755e-04 4.764493487995728749e-02 1.447755760065100056e-03 4.121623724508174935e-02 2.217531282583486195e-04 1.536012087140011418e-04
1.931001804510871231e-03 1.095796520611181778e-03 6.852685546323753450e-04 7.243455582384121386e-04 5.107430964107578754e-04 4.108620797819283622e-04 2.719648391018056441e-04 3.123623401752627978e-04 9.626364393256909560e-04 8.170206100734416421e-04 2.237710992188161831e-04 1.903389042606491808e-04 1.448292533025751687e-04 4.329535508537354829e-04 2.050481857770838673e-04 1.056135404295041467e-04 1.149961243640445618e-03 3.524516469017266213e-04 3.500656517276261315e-03 5.039897026167464026e-04 1.700671907700646859e-04 2.322565850193892677e-03 4.022671386599127943e-03 3.096041256258823629e-04 1.336324374474921577e-02
5.328918946333248505e-04 6.207988318462786962e-04 4.710751463964936133e-04 4.529147984347239972e-04 3.438652693037898820e-04 3.352628783258611148e-04 2.706673676310456574e-04 2.487774484471729983e-04 2.151741107962007156e-04 1.825868907115935015e-04 1.109388532330630474e-04 8.390769196913763740e-05 7.043996479625205288e-05 5.073900636936789989e-05 4.965188012214808366e-05 1.350004455621192385e-04 1.029125679678098346e-04 1.116437720530141727e-04 6.849701139939862573e-04 3.064224608475694440e-05 1.511783492555120656e-04 6.032722059226143079e-05 3.423044631373636099e-02 3.148175213118162567e-04 3.108319333265904035e-04
2.370130238703760731e-02 1.631088753919335971e-02 1.005780341381377029e-02 1.710463966357519960e-02 1.808529330379645902e-02 4.285347638297498304e-03 1.092691513712682003e-03 8.098740328217572801e-04 9.681923705087649339e-04 6.788420774040227618e-03 1.594082552505192343e-03 4.037562850884077572e-04 1.800735560525148463e-04 7.446792133548884880e-04 7.658105044478183301e-05 1.614956312601312314e-03 3.544388869585179811e-05 2.613159850398427515e-05 2.523581517501307772e-05 2.390355514632302010e-05 2.402050311536257690e-05 2.865242889504092502e-04 4.821143283649674885e-03 7.128414516160106211e-04 2.227204210943457136e-03
4.462715996816585783e-03 2.929463146913537097e-03 2.748747143292145246e-03 1.574905762557477808e-03 1.274388819868718051e-03 9.588804316855845849e-04 1.442331139350080602e-02 2.701074255537476952e-03 9.875035878479814823e-04 7.224379398567636317e-04 7.782255982203773251e-04 7.954381133163113951e-04 3.210964253775520200e-04 1.935605840813845596e-04 1.272707653261361980e-04 8.219501899854689828e-05 6.741914826322237741e-05 8.892562524029992699e-04 1.595080308873488223e-04 1.248055365446096819e-02 2.046609491011481868e-04 2.722660691638220882e-04 1.883592220834180708e-03 1.289147644512757653e-03 3.642775839204419287e-04
9.291235013053660485e-04 6.359823875302540860e-04 7.305255737307519157e-04 6.699547088886178940e-04 7.299320806429777323e-04 7.247111251141049020e-04 9.871388257421118747e-04 1.790371287725632402e-03 2.878826140444982595e-03 1.057853611616778149e-03 3.259620556693330288e-04 2.023418712982832306e-04 1.864994440813521129e-04 9.802105660523960861e-05 1.722190451408188298e-04 6.026100635829496476e-05 3.675131678880194349e-04 2.455745551861236676e-04 4.665810296783046244e-05 1.621330248774862618e-04 2.491758075082424820e-03 1.456699006288050043e-04 1.663632802927422641e-03 1.617882935241259611e-04 4.018929461648059484e-04
5.442015752474472189e-03 1.048518660648712492e-01 1.230459808719409354e-01 2.216537981717206160e-02 1.150387536390260965e-02 5.343281515553078599e-03 3.783010370984888921e-03 8.580582787303050671e-03 1.728434390017112620e-03 1.016491206847598087e-03 4.077762510008533419e-04 3.111900080280964511e-04 2.316822996008203171e-04 6.746883891061226501e-04 1.830371136495291214e-04 1.075723629678878619e-04 1.884337465755465859e-04 2.378799227886528676e-03 5.196609317304949280e-03 3.549701350384797723e-04 1.974252421441179768e-04 1.854324693508027123e-03 4.557096735512165071e-05 2.402411239660881602e-04 1.029441886793578103e-03
1.050554177677345304e-02 9.687337069478029958e-03 5.847496279874817536e-03 2.534723549634004119e-03 2.070416618147309217e-03 2.811528386591212805e-03 1.892897524693407368e-03 2.215318814731548260e-03 1.692212428613836927e-03 6.150217607030211827e-04 4.099668609285641143e-04 3.593385755144151033e-04 7.049432476151641126e-03 1.348812221086615609e-03 1.764132132857894678e-04 5.386647563524036322e-05 3.802397273887853969e-05 4.396520603921387840e-05 6.118653469618230527e-04 1.236348500062964956e-03 3.745738390178711907e-04 2.577030669286527469e-04 1.602804704299559853e-03 1.911292801644577199e-04 1.734189690228697569e-04
1.388186069818626162e-02 6.268380452588861833e-03 3.056124940199378762e-03 4.946347721802113982e-03 1.013007004942398544e-02 5.942100198790505397e-03 9.855814308874092169e-04 6.054328023328787783e-04 5.897214611780245619e-04 5.924607229482930842e-04 4.677996184177242813e-04 4.904525602290141662e-04 6.259316222143873620e-04 2.109545387096433951e-04 1.653901421068306300e-04 2.006567530960775897e-04 1.513147529568413486e-04 3.470817352872377758e-03 3.220913165652091598e-02 3.311575488954510648e-04 2.158099774017394523e-04 3.110695798858134392e-04 6.223781726016786465e-04 6.352529363467407202e-03 1.948476245324908267e-04
6.583462772028256423e-03 3.896980198740271177e-03 3.618892285367768333e-03 2.282492732732720533e-03 3.401421301481337249e-03 8.250830122916556070e-03 2.031592512246511301e-03 1.226838689686150048e-03 5.651846760431501922e-03 1.239103858521889770e-02 3.782629872450705890e-03 6.776829444853372511e-04 1.799446421048375591e-04 1.143876876902216906e-04 8.435414570691045764e-05 1.438031345819943850e-04 5.157174066178293144e-04 2.174236298087171230e-04 9.109462559155228115e-05 7.509297984876008069e-04 1.111571523796554134e-02 1.071511236544847140e-04 1.721883816752680090e-04 2.838110287753711617e-04 1.096976306281157441e-04
6.724562272205759569e-03 5.881841293546306686e-03 5.305761651447217335e-03 4.381104114353848687e-03 1.886551507758806989e-03 9.311477133410235195e-04 6.905703810489154538e-04 6.800601510078257278e-04 5.517545132966186457e-04 6.155009504168853281e-04 6.506457642545854410e-04 6.134301953003966097e-04 1.731714980232708888e-03 1.271715506232261143e-02 3.716601130617077308e-04 1.570871810717771287e-04 2.398325828616914917e-04 1.394141260690029242e-04 2.886840109800784351e-04 2.375446998979779674e-04 7.683067190066775187e-02 1.034506213029847755e-04 3.695447285199300624e-04 8.054995459739741409e-04 8.050925102406039820e-04
1.854117208888324264e-02 1.323979257613315703e-02 9.060490880095325647e-03 1.682824112865708432e-01 2.354348973785627686e-01 4.238335339427859276e-03 9.510471646310955651e-03 2.339343609020918136e-03 6.266864219547936933e-04 4.633410290827073602e-04 3.477883224738881666e-04 2.782263226139569407e-04 2.194562218469476125e-04 1.535865615748430678e-04 9.945929509215169380e-05 5.307553236124589564e-05 3.255343757558585069e-05 2.487640737134327971e-05 2.624209007500674954e-05 3.056838297895790292e-05 3.555081690461500151e-05 1.266853390653791510e-04 4.789335532272324746e-05 4.465160641597323691e-04 6.412923229867226182e-02
1.049399488362746102e-01 2.443017952325036643e-02 6.940721805658902829e-03 4.486409973259613757e-03 3.076419654626286280e-03 2.636342200164208411e-03 1.734417101612692903e-03 1.816439707857738124e-03 1.628758918515712042e-02 3.798534255148476244e-03 6.191882540728890381e-04 3.437921032994310658e-04 1.992018643605144028e-04 1.109426149336550043e-04 7.199470755028819112e-05 1.291403923665709560e-04 1.173942287699490916e-04 1.533493028887098148e-03 1.175999462894556047e-04 8.783466616911070541e-05 9.157404697889383934e-04 1.974864349761555171e-04 4.781555732005272896e-02 9.974103397982372974e-04 1.310533259713386875e-03
3.851439448639910196e-02 2.069466581642344025e-02 1.178959510835056630e-02 4.213437403342416322e-03 2.500160553800298991e-03 1.192603156221018522e-03 1.481556267386407045e-03 1.421760333040287400e-03 1.199282136547714407e-03 8.587252569272911442e-04 1.587168208011464909e-02 1.069255586432965198e-03 2.427567603146047262e-03 1.665694495653946387e-03 1.602610763686088515e-03 1.997133232348739427e-04 1.164478828968658515e-04 4.692654199382897224e-04 6.620865377459726753e-03 1.446085132392561706e-04 3.335632535677874721e-03 5.723266140847091442e-04 3.172603543576778934e-04 1.148609307470395153e-03 2.036560749523410219e-04
1.363598213320592464e-03 1.289785366750513529e-03 1.004052862620331788e-03 1.074455504678177922e-03 1.057945308213519182e-03 1.423433776860911961e-03 5.231260113601544134e-04 2.463136250579856337e-04 1.745032501237416575e-04 1.399628469473209369e-04 1.406594330708750692e-04 1.053056921146555810e-04 8.378176815765903812e-03 1.553453882964525058e-03 8.214896272511211419e-05 6.271278449154293975e-05 5.387725503174309186e-05 3.765318938710839937e-05 3.279564269508258514e-05 1.162518258620061102e-04 8.078659419398442974e-05 6.561649548200041641e-05 9.951210048180384534e-05 1.841476382078269019e-04 6.453176956828226435e-05
2.875627990385713414e-02 1.858354580343207774e-02 6.349099624827650099e-03 1.379414746609573458e-03 8.999637023800748266e-04 8.892017688913756443e-04 9.332624547021170199e-04 1.752139805881805729e-03 8.069908605948079242e-04 6.382469790782496549e-04 5.203511652304970529e-03 4.849108589196593727e-04 1.866517214295958845e-04 1.391694030690939117e-04 7.858877210551082869e-04 7.882026580024733902e-05 4.136868173610508273e-05 7.584772993908260098e-05 1.026048161150712158e-04 4.215662951050116168e-04 7.159515788910582887e-04 7.928675761634682235e-04 5.638785655176048288e-03 1.730778865889448775e-03 6.003400448768497072e-03
5.846089669036513316e-03 2.347408954263633871e-03 3.499667426530164195e-03 3.759080798612794531e-03 3.792186961918023007e-03 3.178442344536124963e-03 3.670642787000519009e-03 2.047434543388724770e-01 2.318116583687328779e-03 1.612252954693626670e-03 1.592683900873059864e-03 5.158973933953713703e-03 1.047586162301754591e-03 9.408774603448170730e-04 1.350552089853850686e-04 8.706723857170332523e-05 4.421412928811257722e-04 4.991491208888324850e-03 9.222436668904207069e-04 2.449857385991786982e-04 1.069832322508446325e-03 1.065643929117383350e-02 1.000973093940067530e-04 7.782838240051689503e-04 6.007976337102549809e-04
1.473636846953061200e-02 1.039227649784515636e-02 9.857393565837003005e-03 1.144845708360545458e-02 1.138401627815932918e-02 7.097270964356662375e-03 2.493273776202504025e-03 1.424969686136990646e-03 1.044484597581132402e-03 8.408866426304166530e-04 8.377603425194490036e-04 1.497074029260051344e-03 5.207725559273337565e-04 1.727144036094868153e-04 1.102258017996557047e-04 4.130364744047333053e-04 1.000182193760260833e-04 2.175308119359283616e-04 6.672644136949403785e-04 2.580112962071786087e-01 4.627615284579768783e-04 2.756830103470184179e-04 2.162253854295201685e-03 1.464201387625944028e-04 1.155103296682325831e-03
6.269906116467999745e-03 4.642748832400109271e-03 3.592282776423906098e-03 3.396899262307348250e-03 2.094594560077391986e-03 1.332660764354949611e-03 1.374880104685275188e-03 8.649128661070838546e-04 2.580518235426577066e-03 5.025720023039132595e-02 7.914771113088883876e-04 3.830294027882635800e-04 2.506245780098893729e-04 1.868372709152850246e-04 2.540754209744464196e-04 1.644038766828979665e-04 1.027099416753856969e-03 9.250191667357870573e-05 6.592607740528986550e-05 3.640685581803842358e-04 6.925846595992788367e-04 3.013375151676152101e-03 1.446163533170595310e-02 4.833923842324634908e-03 3.357115329347198853e-04
7.824802812838767274e-03 2.775938771158614760e-03 1.044243833997186453e-03 6.891063741395824730e-04 6.471813193389360820e-04 5.293820293671300465e-04 4.721337503243439038e-04 4.734278076880544649e-04 4.272010849305009914e-04 1.146032449574598206e-03 2.411355049115078419e-02 5.292082991817499910e-04 8.950966895068794994e-04 1.636561505387639989e-02 1.537761609506086888e-04 9.639352254152443785e-05 5.987148939492725584e-05 6.288450186716096422e-05 5.515852014615922665e-05 3.588579574930101409e-04 1.299528875811868656e-03 1.422090000689801609e-04 2.387240852129417570e-02 4.953414812659241934e-04 3.526265359628477061e-04
2.891565508903617965e-02 2.390794364806620581e-02 9.584961574740275686e-03 1.063486591513599852e-02 1.035024036052498153e-02 8.375931430520025534e-03 2.267431475839596922e-01 2.591243822083347161e-03 3.825245986764924666e-03 2.925800220943325803e-03 2.437681910280630523e-03 4.754544211096242137e-04 2.206058243807584689e-03 1.329521193267782378e-03 1.038151171296588637e-03 1.103148871762893565e-04 6.500635393483381399e-05 5.031896176098005512e-05 4.394110129671709955e-05 6.579025297725563126e-05 2.538864028229791169e-04 1.073410318354781024e-04 2.566463839650789383e-04 1.066604765381407743e-04 1.678242239316215384e-02
5.806252021674209590e-02 3.317620350703875953e-02 1.302706140400763588e-02 1.133410797911726942e-02 4.513244342311319504e-03 2.893835687925761912e-03 5.531417640754539115e-03 1.334824604482536849e-02 1.465045319538510991e-03 4.791228880562697001e-04 4.517329834261645492e-04 1.032007398096024178e-03 1.688440747267155634e-04 1.186190292187773107e-04 7.456318775730338174e-05 4.713826917590661610e-05 3.684135698999449959e-05 3.986623976807236779e-05 4.551130315760194595e-05 2.428735432653778697e-03 8.000182594074990586e-04 1.414327503041963607e-04 4.136576484159168801e-03 5.212763050412135869e-03 5.797357663108834713e-03
2.244099629732914519e-02 1.069801035868558382e-02 7.930235643818778560e-03 1.044879586316986922e-02 3.502413489892739016e-03 1.046518164058039043e-03 1.216840130018137381e-03 8.717918040597534730e-04 6.181754701339430566e-04 5.273281507672533674e-04 3.496127122710233166e-04 3.835474388029469191e-04 9.995096982952963571e-04 1.546879590923580278e-04 1.000019879384640757e-04 2.338819652621532943e-04 1.512887185701367889e-04 5.164165839885090370e-05 2.502447027018109087e-04 4.132586218505175917e-04 2.749392315475833104e-05 2.359161986472088125e-04 5.825626240345826989e-04 2.030935915413128318e-02 2.033880291747416544e-04
1.653780045588220879e-02 1.920236845108592993e-02 1.481878842040717376e-02 1.306725446152655346e-02 1.741773198960814076e-02 6.209602309584726608e-03 1.588028738869621528e-03 5.866438212041188939e-04 4.360922533888373222e-04 1.259958168376503320e-03 1.198733605874032493e-01 3.126009623799154056e-04 2.328348547992362637e-04 1.744965488614857519e-04 1.354066609895486560e-04 1.079451960770748213e-04 1.520468591006585060e-04 9.706954208204197866e-04 3.259187040417894921e-02 5.284791461087847862e-04 6.005784814380906150e-04 1.000241276058909992e-04 2.390543757933632271e-03 9.282023021758203235e-03 3.691988496808871708e-04
4.470084956742627867e-03 3.790235176626974636e-03 3.577128577407443204e-03 2.930242131446102270e-03 2.741204900245383571e-03 6.594872571776189867e-04 8.747427140462920052e-04 8.968074573102325503e-04 8.411275331637315875e-04 6.592479517260099167e-04 3.522025757064270565e-04 2.615392264497367063e-04 2.447047552144670742e-04 2.229077340636466452e-04 1.478100267690930282e-04 9.702504088970817780e-05 8.131769356452344484e-04 6.202068339905140093e-04 2.522742865949657810e-04 2.546798241125915424e-04 4.867538029544440058e-03 2.751272116951031352e-04 8.755917129940119750e-05 2.751079559719304349e-04 8.662169384232481714e-03
5.329203452471503212e-03 3.769913265855197836e-03 3.263464295760614559e-03 1.775334022317411097e-03 1.394315854283204861e-03 1.248202794196166419e-03 7.840583482731893882e-04 4.645701688482806592e-04 5.262902043510945356e-04 4.257324993704264212e-04 3.291391387510517663e-04 4.960535045523031383e-04 2.497747047655124670e-04 7.970947344294647408e-03 1.705424717710459837e-04 9.106435484860257647e-05 5.556695195061728845e-05 4.116832611473797985e-05 2.672350369935472215e-05 2.066571326892372123e-05 2.256982288822711950e-05 1.441004389858708537e-04 1.231312697283964215e-04 2.343808059718661616e-03 1.202417398092094341e-03
2.291964403448128705e-03 2.172689686050469689e-03 2.061601130305923749e-03 1.496231237447173028e-03 6.996115482990137701e-04 3.601085412875299776e-04 3.159705123685167534e-04 2.673914177773942377e-04 2.181084900843551031e-04 2.109882893141256689e-04 2.183739254349274252e-04 2.049199669369132363e-04 3.116741387814904885e-04 2.332808347308534922e-04 1.371420433119895294e-04 1.171979425102569297e-04 1.119423084183491482e-04 1.615911016501413774e-03 1.235532342083052167e-04 1.168735554722744095e-04 3.461518421126708283e-04 3.897455550795499407e-05 2.040827665085140927e-04 1.792681091169878249e-03 1.297267423745246851e-04
6.978847673471903941e-03 5.830174131319703842e-03 7.003432505625149795e-03 5.257987123567634848e-03 3.725433529723919893e-03 2.803891818834203763e-03 1.362444645687692964e-03 1.160864461581942973e-03 8.419987745917949457e-04 1.029908966229877961e-03 9.428475912597416003e-04 3.802784827400097030e-04 2.244932739055809491e-04 1.547989491531644212e-04 1.044994732485396844e-04 1.051678905832729039e-03 9.431498384035744088e-05 7.780934079031842307e-05 9.999606337603753840e-04 8.879117216208524455e-05 2.179991642341950076e-04 5.753397123685131926e-05 9.472015150815297558e-05 1.402084213847022611e-04 1.269884928384407098e-04
4.116687253211777885e-03 2.323737334038279440e-03 2.573030867177622701e-03 2.831443417284886660e-03 1.424535631490494222e-03 7.772660382122314289e-04 7.040028931964895488e-04 6.263613707822550261e-04 4.439796233014479433e-04 4.172141698314448129e-04 3.040702381550909519e-04 3.471052959008466901e-04 8.850183086468082008e-04 1.925040598026337097e-04 2.880021327210826980e-04 2.075563964254367104e-04 1.020108635964529287e-04 5.632781762398237838e-05 1.076465282670961969e-04 9.143406889831995170e-04 2.176678128195916589e-03 2.352281440920427459e-04 3.107638393528852432e-04 3.306798348233018058e-04 4.326040288368051406e-03
5.733348444292347273e-02 5.374864056153843411e-02 2.174169184778604325e-02 1.008390089711637058e-02 8.411069499385186166e-03 1.184033702260902992e-03 1.129488358962391168e-03 9.619360695620700124e-04 6.972539858009873907e-04 4.320326435471230891e-04 3.239870381072666099e-04 2.561795890654653936e-04 1.496658211756887952e-03 2.625158154647305752e-04 1.313712884936701962e-04 5.975074813103708283e-05 7.473741209736329974e-05 3.071711850837058116e-05 1.788530184799562976e-05 6.770722739179242840e-05 1.123357308662338268e-04 1.669374772857995515e-02 3.410085426071279152e-04 2.806360062426620575e-02 3.654456754656747620e-03
8.355914078989629817e-03 1.334789749208333161e-02 2.027084052757346933e-02 1.414664550333561699e-01 8.315440675387862288e-03 3.629065645190989071e-03 4.048170012795867037e-03 9.292759824423931295e-03 6.125073617861996611e-02 9.837091837551054617e-04 1.333578933362759324e-02 5.090451455741737711e-04 3.610604340619702479e-04 1.457751868810385637e-04 3.290856380421636565e-04 7.342881316767066620e-05 5.555473126696302302e-05 5.506058268216485868e-05 7.043084079841148686e-05 1.730326347180069599e-04 2.683021526133865658e-02 4.864429940282969191e-04 3.139938352933984008e-04 3.437607385288745862e-03 2.401340920612993028e-03
5.378031717006990370e-03 4.118609348391368344e-03 3.946247074883489116e-03 3.687549279337337584e-03 4.864606915164596673e-02 6.808064041679686706e-01 5.020921567712983632e-03 2.318947072057331478e-03 1.456541720172822635e-03 8.055895188169925154e-04 3.837319545416409362e-04 2.241766976277434725e-04 1.361144074764310198e-04 9.430890753285800531e-05 2.266064013820372181e-04 6.577997593732915513e-05 4.469301888959691842e-05 4.531332305174049418e-05 3.292066466758379926e-05 1.232408449752053303e-04 5.743810956605161855e-04 2.341098950700189749e-04 1.937148206302704385e-05 8.954216107131468332e-05 9.896334037200755075e-05
1.867392572623514588e-02 2.012695571723359042e-02 4.578772102715505249e-02 1.629392537101670424e-01 8.814789795285302848e-03 2.588372883133435980e-03 2.325870619432984353e-03 1.143185001894803446e-03 2.115290461068118286e-03 8.200463311929615667e-03 4.852693478851724702e-03 9.531567532732128280e-04 2.041897671780447713e-04 1.361889894368536070e-04 9.378851033014350429e-05 6.263985915693227316e-04 2.038131391884068049e-03 6.252614026328296402e-04 1.446274973841338621e-04 4.091410202916079307e-04 6.444152293655902412e-03 1.564236257270694864e-04 2.713921733707034336e-05 2.569503228632557412e-05 1.865228587220751379e-04
3.456683974008436383e-02 3.038042647625472173e-02 1.432805102775391859e-02 4.739298768766995670e-03 3.512251658256934726e-03 4.174659704329156465e-03 4.781280944776797326e-03 3.170672059077938535e-03 7.336137606884747704e-03 6.643529879056666665e-04 8.796097643759233971e-04 3.289934289603746800e-04 3.810296681254393193e-04 1.415281655131329344e-04 7.719385902918256270e-05 5.649426468706136330e-05 1.749529275236729939e-04 2.724028231082099936e-04 6.009330112311966649e-05 2.247796080055391554e-04 2.234464329750218692e-02 9.698133958737048359e-05 5.805045720766424840e-03 2.523797864697781951e-04 2.675840874724688158e-03
2.594279239820322311e-02 1.829079027769902124e-02 1.318589320735437040e-02 5.795296848437190423e-03 2.121824440029018016e-03 1.564363878735695141e-03 9.450863069022074616e-04 7.712745517118318886e-04 7.804843618844583978e-04 5.863875875887906205e-04 9.344771911776705549e-04 3.072849000479329468e-04 2.416139702053245327e-04 1.752277441314382934e-04 9.963851905757012926e-04 1.468529330928521233e-02 9.771104764550232226e-04 7.669115893342347366e-04 4.502212756447576138e-04 8.108439318251441747e-04 2.586997840539521183e-04 2.853022729427172831e-04 7.618970479572568589e-04 3.712501200434591229e-03 8.192766565979902466e-04
1.614556031992915863e-01 3.106067029565842685e-01 3.747367981573449663e-02 8.266163611891074250e-03 4.632183002416341219e-03 3.636198894196738564e-03 2.122582597416855163e-03 1.057847538722329330e-03 7.552902151590017675e-04 5.557898614174728354e-04 6.604588015358049029e-04 4.012852943688205291e-04 2.133995121371206835e-04 4.062069602030806683e-04 6.865178551240488144e-05 3.345123827949805670e-05 2.169518921345323629e-05 2.176689780695416885e-04 8.631623756809038124e-05 7.087132151003507281e-05 3.022674683329391255e-05 3.283305373004811615e-05 4.021051074076038341e-05 3.786877832505769199e-04 9.097190433271312715e-03
2.670549911937687704e-02 2.271923864521722264e-02 1.925744329608228278e-02 3.215529479007454144e-02 1.685687760525749965e-02 1.101865979124193144e-02 2.019535966114243408e-01 1.672820638460823309e-02 9.953620532644346861e-03 7.402261780469778472e-04 1.779486231646040285e-03 4.108074520413691386e-04 2.161941557103126558e-04 1.558061395305638662e-04 5.388996745290372016e-03 8.127448326283008432e-04 8.569013592144467356e-05 4.031283426554329517e-05 3.091342436986966241e-05 4.162762696061159394e-05 6.736446009569235370e-05 1.233707448880416355e-04 7.322244755652244225e-04 4.623901394035432569e-04 4.029301955962679891e-04
3.939449594555799808e-03 3.446149921439046072e-03 4.174227371623397825e-03 6.042793587171971063e-03 7.699135512044940483e-03 3.195639336424064506e-03 1.014184519694794583e-03 8.354937224217548822e-04 8.349943098925048136e-04 2.607014737210847435e-03 1.230375896404773892e-03 2.815251790916442967e-03 2.669640318163544156e-04 5.752648351472480423e-04 1.030881593750171979e-04 1.106306173634492786e-04 2.385172648122004815e-04 1.616586640279882921e-04 1.443443673618786277e-04 1.720303880942561316e-04 2.328667433503540593e-02 1.427474859079107576e-04 1.740273590777517644e-04 4.192314475822433474e-04 1.492356410609709146e-02
6.544475037357715998e-03 3.079574392395136202e-03 1.426268031727760243e-03 1.335370386197095574e-03 1.607185031283664368e-03 1.702223494967823342e-03 1.659794875007238567e-03 1.153758943934912393e-03 6.382200473089564468e-04 5.007480421879627287e-04 3.689181491177468851e-04 3.046910058173886177e-04 7.849633578965517630e-04 1.053790253504490165e-03 9.342072078381571942e-03 5.267283389135511565e-04 8.771225504186580622e-04 8.594779597616580716e-05 3.939082073237513710e-04 2.941723565924367735e-04 1.591959760932865433e-04 2.519489580589359332e-03 1.235758680193565693e-04 3.980568156419574967e-05 1.274557701627923513e-04
4.855897820435540330e-03 2.786977904267316352e-03 1.469550872284243123e-03 1.393891486538337580e-03 6.649903482615971469e-04 5.335384140259209285e-04 5.339779304152472749e-04 5.740617719416869552e-04 7.903410677997034202e-04 2.810824621427074474e-04 1.751123827971754409e-04 1.513282773299942543e-04 1.462571608807867801e-04 1.033279747807253198e-03 1.013958653116185562e-04 8.114200537651805470e-05 5.536816718797790129e-05 5.939244227017544863e-05 8.541731106833756412e-05 2.009510753215656455e-03 2.021536750249576162e-04 6.123656720832431667e-05 9.316428319180333067e-03 1.593752054445689292e-02 8.122188001111644651e-04
6.242186672406576861e-03 5.089826172504797325e-03 1.695353202046032603e-03 1.736552248428539606e-03 1.121578501036704558e-03 8.516553750279506332e-04 8.205315887516399917e-04 4.539760041922518731e-03 1.833170275943906899e-03 7.819442684906415236e-04 7.254533418725972157e-04 3.494205269223734354e-04 2.618018196777133818e-04 9.199876507956460375e-04 2.595455518446466623e-04 1.662420325992277454e-04 3.007654459773409245e-04 1.222180510085191761e-03 4.131561679046022277e-03 1.276331609371356233e-03 1.065423513886294520e-02 5.096995309218501713e-04 1.479683902750895085e-02 8.568932124154374089e-04 1.998038694577562724e-02
1.337868753543343262e-03 7.238550174045927689e-04 1.055912915109491219e-03 3.986592323226515605e-04 5.158336317993864007e-04 9.980718454262599293e-04 1.996065101152322621e-03 3.656594756611271889e-03 3.934307350194093836e-04 4.177587643014816490e-04 4.136954621140747105e-04 3.797293294763211540e-04 1.758374666321621191e-03 3.320958233925805424e-04 1.725054574074665742e-04 1.077289920207225759e-04 6.753519254660925468e-05 5.893284193607650464e-05 2.011735195947810125e-04 1.997838334404318029e-04 3.791560546877808038e-03 1.492504906921522873e-03 1.845922145830498125e-03 4.501980241849316334e-04 9.308985877157357688e-05
3.361590011635941233e-02 3.064767353482053883e-02 9.741688822104089748e-03 3.310308147909372771e-03 2.754404725571392258e-03 2.743558018036172056e-03 1.825491126880604813e-03 5.851162184948664052e-04 5.290046039499042129e-04 4.461013137710790146e-04 1.687939143666849096e-03 4.104106615849740288e-04 2.359041067329720122e-04 1.920566054936953494e-04 1.171330902008475150e-04 3.211950870876845881e-04 2.263672822565252233e-04 2.676022170176152806e-04 5.705005745624623349e-05 2.184274157711034101e-02 1.854890449638536484e-02 1.723799251944047256e-03 6.967403613844099191e-05 1.671427559779564026e-04 9.731210505074247086e-04
1.846797246188482122e-02 6.976768516171214657e-03 3.262876988636339518e-03 1.500468424124762681e-03 1.032152616467460786e-03 9.380931877439411398e-04 8.568200508126726450e-04 7.129466245321409556e-04 5.623127886149376000e-04 4.680061153963913133e-04 5.309142092719228764e-04 6.839421762262292391e-04 4.316568797929035573e-04 1.433048546728475723e-04 1.867742583187246305e-04 5.466421469020598138e-04 1.576230205202229636e-03 6.540899077790170548e-05 3.677652171101142292e-05 7.283457210294662018e-04 5.987593290891250010e-05 6.556957931653321632e-05 1.131709890254391313e-03 2.221789283496966626e-04 2.420532021732433106e-04
2.189410363022055699e-03 2.412691050000382535e-03 1.341130475496332903e-03 1.072051300730129464e-03 8.038569882608369169e-04 5.129965135814941110e-04 4.114782471565597106e-04 3.166823133507216058e-04 2.763617782520405358e-04 3.921209351808998211e-04 5.922965535524626251e-04 4.932176213963373849e-04 2.999435168147854096e-04 2.159919320047046806e-04 1.417814956144004563e-03 2.510503979206264117e-04 8.500321905044129131e-05 6.240595005197820567e-05 1.638059976515735981e-04 1.697689311133357035e-04 4.248592816116294210e-05 6.451097988706381453e-05 1.923232158653705171e-03 6.372744253629046562e-02 2.314402402567841059e-04
3.946791022721972582e-03 4.185517410345235799e-03 3.342091109463828785e-03 2.369890009941439390e-01 4.704661890666907431e-01 3.330370918082276033e-03 1.392032873179013114e-03 8.545897518857884390e-04 9.077032737007077615e-04 7.365380288982145652e-04 5.100376906367461117e-04 3.827880865305995886e-04 3.285287152521773873e-04 2.012919343022441130e-04 1.367355978912139665e-04 1.187500691844220528e-04 2.647279236209157806e-04 2.400248025357522676e-04 6.718831061554097301e-05 3.823434006425596368e-05 9.984912930443120204e-05 6.429692225189915849e-04 7.975855684669885468e-03 1.084706508342079320e-03 2.407732572012071437e-04
6.499741536952572535e-03 4.298155099946493474e-03 3.563897246636638094e-03 3.200755129924754555e-03 2.693481399328272879e-03 2.399767403147261800e-03 1.376989447157114625e-02 4.505641288253447486e-03 3.630220417138140519e-04 2.809822837845962328e-04 2.325108503115708104e-04 2.610879002677045846e-04 2.216260553603831025e-04 1.792996318426332328e-04 1.194608941807590979e-04 9.274782240438847079e-05 7.830640544256834519e-05 4.417508376200752194e-04 6.101185960351820274e-04 2.669913676990470514e-04 2.603402547171550577e-03 2.491912750983888130e-03 4.217317793048951102e-03 4.718229944065190388e-04 9.038413223743872738e-03
2.244440366138373416e-02 2.107410048483466039e-02 1.219410304658294884e-02 9.469275824451749146e-03 6.496360528561187508e-03 9.887539487191865720e-03 1.462457300211077909e-03 9.866803230551164910e-04 5.015178011380789017e-03 9.350150707540224107e-03 1.496045025724402743e-03 2.784519256325212956e-04 2.305691281541486913e-04 1.264387445353447543e-03 2.197015798581054228e-04 7.868804554718447576e-05 7.776946006315254168e-04 1.961028227691341552e-04 5.081391184451230754e-05 5.316567442837024390e-05 1.219675199187837591e-03 3.853905583025615117e-04 7.261472477068387768e-05 2.875695148823183538e-03 2.751569009913718347e-02
2.613261521484668351e-02 2.550292360987329796e-02 3.059341493682917260e-02 2.465967035786475678e-02 1.212118344052600348e-02 6.596939486422611840e-03 8.153436559360693198e-03 3.149807830284667102e-03 1.245300944915140023e-03 1.790679335286074828e-03 9.408311622753080371e-04 5.811376795584613855e-04 1.899174628223800347e-04 1.326268046693353958e-04 2.340156058448389928e-04 1.821078332750618355e-03 5.850502440904424697e-05 1.472834959850111624e-03 4.377453974509177897e-05 5.478627547651784510e-05 1.716487929722619469e-03 1.319593534301767687e-04 4.816903119147305395e-04 4.355821997320138647e-04 3.298430698972018701e-04
9.503980842815127348e-04 1.050745322978988237e-03 1.041865633196111538e-03 3.320043120592591312e-04 3.049709598282230889e-04 4.883520811752639417e-04 2.518069353996059846e-03 1.818352682368084856e-03 4.394188302243767275e-04 4.638357969395336317e-04 4.177525199682536965e-04 3.043439537193073550e-04 2.664768767718735565e-04 2.124181743884975913e-04 1.705958870818778997e-04 3.293734558489547128e-04 8.099066781818774847e-05 1.750218939531329038e-04 2.906500275434073511e-05 2.804439615478044237e-05 6.298269731334483860e-04 1.190275286977838165e-03 4.147465921566502960e-05 1.714889831234689844e-03 1.573707041760852299e-03
5.539227030576042432e-02 4.603653420392365275e-02 2.617794978805038433e-02 1.925602570368054045e-02 6.001037674390260514e-03 2.638780873971497461e-03 3.264400521205239759e-03 9.777565929428709991e-04 6.695938273901607361e-04 4.986493211650053865e-04 5.373074326667783788e-04 4.711693421678282115e-04 6.178605882688421912e-04 2.865015749374479515e-04 1.254959371855897843e-04 6.596356325472734264e-05 5.728422974417746763e-05 7.332382588330853517e-05 7.611234678963516194e-03 2.240644647260785303e-04 5.857068247722898316e-05 2.714843035989725293e-03 3.632966242215427679e-05 2.025240711852107354e-04 2.537081683595608211e-05
2.224895043249363116e-02 1.278291406472496609e-02 4.722568015514311095e-03 1.515727786216254994e-03 8.089243758457509339e-04 6.012337172720911768e-04 6.065846061673200789e-04 4.949048951610402402e-04 4.488352916280895374e-04 3.603518009988201346e-04 2.874558171872499887e-04 2.267705943723981408e-04 2.005833579060036084e-04 1.672965764538651299e-04 5.132685478460518279e-04 1.020632072326629110e-03 1.148619641766046584e-03 3.271854521658590820e-04 4.190752836083086940e-04 1.305949176703710517e-04 3.371789282048205167e-05 2.338468551820852047e-04 4.019854520926975687e-05 2.325048556922661332e-03 3.378475473499290726e-05
2.244490036189359175e-02 9.658285938850564092e-03 3.276900827982248861e-03 1.487035255697724979e-03 1.032617358052839111e-03 9.985520544803828686e-04 1.522246609766684296e-03 2.004236419738913717e-03 6.390669158200884764e-04 4.735203478913537520e-04 7.700639336358110210e-03 5.768603132959539614e-04 4.341966178442793062e-02 2.804959947103807588e-04 1.171640019080188652e-03 1.606581924599200092e-04 7.723899508610699563e-04 2.404228557723092272e-04 7.001341514028806725e-05 2.928245520256482427e-04 2.265767365044500995e-04 8.851177655148389535e-04 1.050542015345249172e-03 3.106870867908378964e-02 1.485903279842984946e-03
2.271443369761067671e-02 2.202015931449307143e-02 1.540215947096451425e-02 6.528113864711210940e-03 4.525265535301563162e-03 4.219146962000033460e-03 5.477116177662482571e-03 3.917299980903655998e-03 1.854503803943021714e-03 1.290260056328096589e-03 2.625253145937731653e-03 4.027645823607005240e-04 2.864038107164571445e-04 2.582454977881688579e-04 3.619707071632860887e-03 2.345701586272038244e-03 6.504642957558057085e-04 1.147507935144186807e-04 6.577251352698087366e-05 6.131757655814739857e-05 1.759230382853254064e-04 1.077059985794106883e-04 1.165013603912711491e-02 1.376360833041338425e-02 6.906501509668945722e-03
1.211549462856291969e-02 9.822258489425354788e-03 8.008585051981306768e-03 4.502464759284229533e-03 1.735059634897982879e-03 9.878454015099719706e-04 6.946546864217732157e-04 6.304757580610703205e-04 5.427918617763802245e-04 4.376118614141124804e-04 2.415924719213620800e-03 4.768129541329486736e-03 2.159004751840838026e-04 2.161016276531036004e-04 4.455881126042068462e-04 1.179001342240759925e-04 6.780672965665469800e-05 8.693357110824396453e-05 9.070548142253766493e-05 1.461136273888737243e-04 3.073044465315384675e-04 1.157192699568963335e-03 8.703560558259952964e-03 5.009669196468089641e-03 9.224000406477538309e-05
5.790723813219824517e-02 4.411242783966576320e-02 2.187484853585825242e-02 1.099619022376157294e-02 2.827090676044295182e-03 1.330715102672444007e-03 1.027652323043826274e-03 6.386944008512372749e-04 5.300569503773766176e-04 4.012530193123996225e-04 2.762901604694166166e-04 9.613179453908102853e-04 1.992090328042660815e-04 1.366936431009946448e-04 1.966576676220250304e-04 1.578114090226572939e-04 4.001805841557225804e-04 1.209541329104752631e-04 6.589690492950382923e-05 1.430927255839875784e-04 4.679097849488514913e-04 3.470835373038103956e-05 1.992342145204530882e-04 1.879475725060674720e-03 1.822115039676292056e-04
2.132451178176638859e-02 2.378302576727797657e-02 1.226458617131019786e-02 8.647892219011105164e-03 1.066181057605408364e-02 4.182618448267962606e-03 1.428003244594389619e-03 8.883898765372345678e-04 7.685992680889954659e-04 7.398000444164896765e-04 4.371493587149812335e-04 3.072190544173245019e-04 2.079757986520000296e-04 1.568096384359530528e-04 1.258204240181539605e-04 7.625509732035669645e-05 1.092613244710084102e-03 1.004561817668390630e-04 4.836680586572343209e-04 3.131481890347320181e-05 1.278950067140192275e-04 4.055812130461231013e-03 1.227779767231237246e-02 1.365507958395738644e-02 8.756976092623161231e-05
1.017854419186470412e-02 5.278265768203524964e-03 2.355724489285277671e-03 1.515947777145427566e-03 9.380178512523665302e-04 7.404741729214862379e-04 6.607760523349201064e-04 6.060407609731231294e-04 5.466056483342500308e-04 4.932563069044597131e-04 1.593269743757018452e-03 7.001959880048222451e-02 2.451541203132721804e-03 1.853686575906730947e-03 1.387145805528951323e-04 7.279773373022900074e-05 9.018361975536974572e-05 1.343743123401048819e-04 1.782791816231713011e-04 2.175319614665435775e-02 3.067192998679322993e-04 2.614503013616474060e-03 1.656718017020177263e-04 2.642516045033029524e-04 4.937145054433538611e-05
7.471242964152804804e-03 4.315406453645096244e-03 1.204756289877494287e-02 7.828082508116687710e-03 1.390255583360133426e-02 9.734340422328276177e-02 1.337384824332344888e-02 1.440263306155462096e-03 8.436243907808277940e-04 6.782927443214783027e-04 5.225149807904083806e-04 3.977652640282989638e-04 2.891440927148802831e-04 1.731869090992857918e-04 5.746797814794625536e-04 1.854794912860311751e-04 1.739318349994928878e-04 1.329928436306126777e-04 1.224485478867965230e-03 2.162387639326186599e-04 6.086148770702665307e-03 2.779100488410862595e-03 4.314973014685812513e-04 1.499424837953840933e-03 1.790829270345801810e-03
1.485954357065093906e-02 1.219000180074405852e-02 7.638468598155938663e-03 4.794240826950793392e-03 4.008461549921107404e-03 2.161747382044665756e-03 1.374979202171654766e-03 9.788024743764315531e-04 7.563074543013700770e-04 6.860613694702612057e-04 6.423758471841982702e-04 6.967777278079449743e-04 6.292665637427892825e-04 6.942742671185470494e-04 1.459239018266789048e-04 1.381415021089013768e-04 1.837273399998998278e-03 3.703482612870590994e-04 2.086646610622834520e-04 9.064540401024320793e-02 2.320927703895373331e-04 1.256901593937918490e-02 4.163152311890911468e-04 2.250271372969935295e-04 3.637100793221321408e-04
4.529183876410213666e-02 6.253817123689581203e-02 1.396947422300396681e-02 7.526804721493089885e-03 5.568308249249633197e-03 3.832586408168291939e-03 2.732688413578188234e-03 1.293506915460203559e-03 5.197960367926275985e-03 7.626561351476833115e-04 4.346836274366100449e-04 2.834203488219988942e-04 1.551718667158459661e-04 8.954617150519906654e-05 6.471757686830724313e-05 4.934869111510604419e-05 4.816148368911571235e-05 3.392634226585264986e-05 3.019379215570305693e-05 5.847789188226565539e-05 8.134635920376391831e-05 3.526790946311990924e-04 4.110273040531025809e-04 1.187253736381965047e-02 1.347027903436957656e-02
1.332937382943725352e-02 6.510434815397459461e-03 4.415613776351206068e-03 4.140539035505745417e-03 2.538342122640539072e-03 1.872680686854427982e-03 1.044971126997419533e-03 7.891239437333203051e-04 8.376450340122685136e-04 3.391318128379895627e-03 4.313685188175412364e-04 4.327813960280100570e-04 3.840393684456549811e-04 1.039558916692607344e-03 2.449104654684069126e-04 5.394781644782972209e-04 1.098203350246110830e-04 6.489706593100848144e-05 2.389108788184703624e-04 5.106177567309231702e-05 1.018430863099034997e-04 3.115201108844634428e-03 1.705595110909002648e-04 4.460744036698719144e-04 1.091773723135492117e-03
2.631381948861308967e-02 1.346185978395745587e-02 5.300869596023441259e-03 2.075672513296900838e-03 9.586657241652929819e-04 8.728900881859668563e-04 1.250066609473396645e-03 9.722332779659766111e-02 2.536501145230150422e-03 1.151649664788112178e-03 4.556897518010950181e-04 3.138689762968722551e-04 3.611681244366403355e-04 7.803776433078820750e-04 3.555096286148251789e-04 8.458346410433886255e-05 2.198164350346561505e-04 8.714227428159259628e-05 4.359589473006004459e-04 3.075771574540852107e-04 2.310536639325514523e-05 3.515588392359983335e-05 9.089943106854587421e-05 4.524238971679982006e-03 5.335418448525007691e-03
2.444578924951677085e-02 1.919032559419850750e-02 9.512228855451745207e-03 6.600833819941444129e-03 9.107858603813696885e-03 5.084825815866367803e-03 2.279211462405143860e-03 9.625225291269735167e-04 6.503236173031944154e-04 5.948638741189981585e-04 6.384557511106152966e-03 3.596706305767858052e-04 2.203454172736945388e-04 1.637277372926985595e-04 1.263443247986415635e-04 9.494629763940600972e-05 8.202536428192023631e-05 1.109134662353239214e-04 4.310654152842429820e-04 4.358775163279454690e-02 2.197778487427288346e-02 2.237787639651863357e-03 3.800694987729863689e-04 5.977999859732075795e-04 1.056866560654800852e-03
3.598162470923433730e-03 1.194629216525150243e-02 5.014598206700650838e-03 1.717643027398530961e-03 1.856659844962629466e-03 1.491357671495647727e-03 1.162794915350434319e-03 9.382451475863430894e-04 7.415336669899515003e-04 1.341451865833815467e-03 7.132111462860532894e-03 1.901538376601257592e-04 1.582044208651332492e-04 1.332499950042654202e-04 6.945515427548197779e-04 1.014945314105269796e-04 8.359759588181634880e-05 7.965334246290535567e-05 2.048137937786477167e-04 4.881881517921529391e-05 2.066421895369460575e-03 9.810872192707413824e-04 6.093505178427553693e-04 1.314886501230986648e-04 3.783777670878162263e-04
4.862009278454209812e-03 2.803902212661778422e-03 1.847098355043477616e-03 1.043064861088136789e-03 7.318090855344480542e-04 7.491891148448012435e-04 1.117564457399964619e-03 1.197432381580107799e-03 8.544881169392354574e-04 5.631186375365773884e-04 2.913676299301794746e-04 2.129626077722602791e-04 2.088691024523475857e-04 2.020797768996681070e-04 1.822781110740774450e-04 5.945070735903459263e-04 7.836810296138370109e-05 4.094945319869411864e-05 3.755643011530799153e-05 3.771251883160974894e-05 1.003923941754709254e-03 3.214289719058639619e-05 1.169118125214383482e-04 1.478813744814015793e-04 1.341464985010906393e-04
9.184906500678647690e-04 2.141135493798756832e-03 9.742745129966157982e-04 1.214503467243080621e-03 7.641335030254609766e-04 9.920276735832294843e-04 1.205499903591494013e-03 5.791952400199638787e-04 3.613789401531822287e-04 5.290458142537312952e-04 2.055138087440057122e-03 2.338683731072363004e-04 1.929588025425280843e-04 3.361152332383960479e-04 1.222667004665033965e-03 2.024115269697957594e-04 7.079038238699947023e-05 3.373922111345797610e-04 6.481222549396679000e-05 2.671863361943188435e-04 1.070683756025554722e-04 2.696215398090231097e-04 1.746811229418285553e-04 9.244172109087871484e-04 6.686035068073384823e-05
3.984393675140338043e-02 1.695520454295482496e-02 7.602147444180535306e-03 6.152529633502123486e-03 5.444055101134358428e-03 2.200447324400066178e-03 8.618160107330287813e-04 6.085422891586221789e-04 5.485643490740426493e-04 4.346911746536690933e-04 3.710580315288100096e-04 3.179386039763130588e-04 6.940799212939959602e-04 4.193398608547885677e-04 1.237408805416941428e-04 3.565848636714093601e-04 7.713561218250572634e-04 4.129648493731761377e-02 3.188618534682120895e-03 5.833884160351058938e-03 5.971349792652246475e-05 6.878483040656181615e-05 1.026298266364760077e-02 2.141796118050819076e-04 5.259085411084434870e-03
1.959293235438088268e-02 1.459784544884713473e-02 6.531270713578425993e-03 3.177440498650956156e-03 1.588259325318262414e-03 1.086378835493201139e-03 9.712643314245756124e-04 1.253104049816280118e-03 1.666764266623029477e-03 6.480498109285688039e-04 9.013216116499631666e-04 7.167254296170442844e-03 1.120415150648585226e-03 2.492361341345693477e-04 1.359560195450527616e-04 6.479059261767926195e-05 8.856250008092927289e-05 5.282358321908588346e-03 1.630384749521931846e-03 1.812134196503175894e-04 1.967636241851147816e-04 9.212828038631093984e-05 2.555597613924865319e-04 2.163030754992793792e-03 2.080899732656514220e-03
5.496448329773219454e-02 2.733031587434816417e-02 1.758040987439577624e-02 2.636024617602943012e-03 1.336693652583972880e-03 1.483329850887884702e-03 1.068091549414469828e-03 8.251768903338974840e-04 1.448062201030525954e-03 2.044225259591683861e-03 6.218303046801509828e-04 1.901912062111577560e-03 4.385117528864103777e-04 2.888611096630960525e-04 5.951547893543995263e-04 1.245859147794466646e-04 1.080060715931378129e-04 1.796027181929359823e-04 1.817786374586472312e-02 7.513287086926551247e-04 8.071472759518839044e-05 1.038078939672667806e-04 1.464329114962843715e-04 1.432010816398232274e-03 1.438514347963868248e-02
1.320405148106377395e-03 2.282594385536315749e-03 1.933344349202343292e-03 2.604682727693913898e-03 3.533059501066112933e-03 2.522319137069769460e-03 3.666988105271202386e-04 2.432798546780993163e-04 2.123799669128431753e-04 1.671752407427252183e-04 2.140401240422167960e-04 1.510245953910224368e-04 1.494149613572987837e-04 1.731122918334796151e-04 1.337938800009668696e-04 1.338222673734841594e-04 1.106498455099689951e-04 6.632856325014263186e-05 5.194585568004639570e-05 6.303445901379823397e-04 1.014835072783755801e-02 4.719131601510702953e-05 1.093744291095029086e-04 2.198120217830235208e-04 6.325587012092205412e-04
3.062725438457242905e-02 1.638316596262621647e-02 8.052686215794135904e-03 4.227533776417406394e-03 1.991439957240357089e-03 1.538797067042519057e-03 2.141284732581782979e-02 6.449840837258686080e-03 3.597987647342093965e-03 2.614296416943019067e-03 3.743027799470112407e-03 8.547973833189044177e-04 4.856405415193135134e-04 1.097945124706701067e-04 9.109343376887204819e-05 8.347615693246314373e-04 7.596348879711709837e-05 1.698924255142947174e-04 2.254538780153953045e-04 4.846625025194859458e-04 3.088669514647812914e-05 2.268608356986622963e-05 1.011628389824085485e-04 3.508293976831457846e-04 2.445812948305706646e-04
3.610303732808914715e-03 3.041678420578983882e-03 2.331276134791014035e-03 2.091714174893751985e-03 1.580335075427954884e-03 7.993767762940982022e-04 6.916486502421733676e-04 6.655805528200700290e-04 1.100416584887822530e-03 7.692869695430181289e-04 4.276772823820594940e-03 1.224037450399931195e-03 3.047909526135314474e-04 1.852013282535720741e-04 1.352979110117798916e-04 5.633721085066753915e-05 3.733402490331623778e-05 2.892271548309772094e-05 3.286588154269571817e-05 9.608170782285549406e-05 2.481870346179392397e-04 1.651905694936205106e-04 1.098303624759697445e-03 1.399421293354139416e-02 1.976263305159740597e-03
3.007679848504554460e-03 3.121820827295502913e-03 2.332994524706415163e-03 2.100649696442138340e-03 1.235418212722693256e-03 7.987325551584624093e-04 6.339821030492113650e-04 5.275734264600272705e-04 6.956005841702293281e-04 4.613459540063208223e-04 3.441622659708514788e-04 2.502785276179230302e-04 1.744686104799949764e-04 1.289609696255608986e-04 1.068549859409097155e-04 1.049787376873705905e-04 1.154766052620618579e-02 9.340281517899693157e-04 2.193299393682269626e-03 1.077385627937059296e-04 1.256764334686895660e-03 6.610678247076923197e-03 5.755602551876041329e-05 1.928538679867051260e-04 4.902609962267672709e-04
1.939957469306049370e-02 6.477937456599620891e-02 3.062028337509365539e+00 1.466854173356632041e-01 4.586086367978399123e-03 1.308869076539011722e-03 1.067896516832405685e-03 9.335766206992045799e-04 7.333937982818111408e-04 5.261822211582378121e-04 3.924515236694626520e-04 2.888645824548887950e-04 1.887596004752422154e-04 4.233959552719615440e-04 1.185267458720527296e-04 1.077840063233837268e-03 4.713027056395384948e-04 3.121282423657745892e-04 2.665769695174280678e-04 8.554537697854234439e-05 3.337414740470513708e-05 4.003738710043883077e-05 3.485934247823002131e-03 2.826734327450693834e-02 4.144667294728543103e-03
6.274845547930211001e-03 4.174352058504644802e-03 2.067449684058718807e-03 1.025933938352132247e-03 1.320879182784209706e-03 1.669024359814728865e-03 2.074842533573640485e-03 1.810364590601815571e-03 3.225036085241488482e-03 2.737149085522106676e-03 1.180888065965434233e-03 3.078932168385472819e-04 1.014912625897656812e-03 6.956564446080588200e-04 2.818831450521516301e-04 6.889668950750753946e-05 3.167390051649864307e-05 4.909172559908494789e-05 4.435826941502008436e-04 5.796906388390799447e-04 4.716947500001219173e-05 5.404655663921175839e-05 1.431687409990912378e-04 7.927608716360408435e-05 2.202008079190983614e-04
1.677756280972927732e-03 9.236216228519288996e-04 8.935177757027671329e-04 8.352967345656517068e-04 1.075227137128455506e-03 2.258137170039890493e-03 1.036825240524243000e-03 5.932117409132288367e-04 5.237287175227471614e-04 8.173452897519328710e-04 2.332036724879868374e-03 2.849797847605403233e-03 2.694579307326205506e-04 2.243480368689377538e-04 1.440828979644910883e-04 9.716211190352877709e-05 6.448300661128133213e-05 5.341263682400257813e-05 1.659137672865002142e-04 7.169504964181693842e-03 8.794147613597053798e-03 1.601177629421516875e-04 8.922019648111612934e-05 1.584654392441728690e-02 1.096619952717310979e-04
3.102699559533679888e-02 8.676408557451401049e-03 3.863030990621720007e-03 1.476114602058189486e-03 1.494000730274699321e-03 1.386082390786997015e-03 1.214277366972687849e-03 9.035934671863132426e-04 6.977142346530279060e-04 2.254868875867267319e-03 1.233837203174119887e-03 3.061062375438599074e-04 1.939567078454694244e-04 2.746801648928386607e-04 9.984828143014799502e-04 3.411088440995428813e-04 5.231820854064525870e-05 4.402104035408816476e-05 2.065338037128851539e-04 1.607048238517348911e-04 2.058802386169798407e-05 3.216122904212855141e-05 2.001850123662479405e-05 1.347155720444014721e-04 1.388551067994644832e-02
3.759529049588971553e-03 3.345612276108805936e-03 5.290523491101185166e-02 1.915908028747803360e-01 2.996356497025908210e-03 2.733669097650341575e-03 3.223524746489723949e-03 2.333666628346414262e-03 1.013304530390349723e-03 9.257982345293423732e-04 7.261639869014407164e-04 1.641262822333671909e-04 1.170348394604312262e-04 1.520637457376701539e-04 1.397681548293310720e-04 9.388686177024945520e-05 2.240179377772021584e-04 3.283038145707004870e-05 3.034397500982514965e-05 5.516308292519754661e-04 3.776243255267252875e-05 2.182290223842259295e-05 1.282300554298340461e-04 3.054095078417241611e-04 3.163608023383407452e-04
1.536384137692183190e-02 8.378641525190961073e-03 3.231102218310578401e-03 1.914334050026693249e-03 1.736931514654518807e-03 1.467168189004597377e-03 1.235336735372705944e-03 9.173022486726338564e-04 7.088643007640763397e-03 2.029363263375946053e-02 1.113665381734911270e-03 2.930479962771145191e-04 2.460291733149898405e-04 7.735052257952172283e-04 2.090884131168409786e-03 1.120707336295226775e-03 4.512514896287104669e-04 7.145833366251903406e-05 1.245058508735559001e-04 7.961081528386563513e-04 5.895835761450691223e-04 4.304642155907812068e-04 9.537202947443310704e-04 1.451247722015405869e-04 1.880869352613151588e-04
3.258458544231542658e-02 1.004359861783624686e-01 4.927280180141320465e-02 1.759580085636467534e-02 6.890146932932361343e-03 1.347805621613514882e-03 9.632072144399904997e-04 7.499766370443795589e-04 6.564034893131553798e-04 4.849340017282638155e-04 3.761406342644712532e-04 2.797172689150575586e-04 1.836700779831042219e-04 1.236826729345605184e-04 8.530370857428387578e-05 5.855922298917809319e-05 4.357389009615606005e-05 3.827410110758937560e-05 5.335546151551551485e-05 2.255235657047680592e-05 1.244529981069104289e-04 1.594944768240409867e-04 1.912225723025293969e-03 1.783293062918217325e-04 3.337460115168037859e-03
3.304136271097637967e-02 3.642385722275516546e-02 1.571100326916696766e-02 1.007379095220532934e-02 4.911695965092254153e-03 2.248342600006118536e-03 1.566219832206312531e-03 3.039572896914684817e-03 1.209299446295930384e-03 8.020768002578721042e-04 8.460211327273984856e-04 5.708911252265781505e-04 2.480423328629317381e-04 1.455976669993199477e-04 5.556309421139072778e-04 1.060414815371610401e-04 1.656117404655621538e-04 6.226450299907710555e-04 1.455448344813991841e-03 4.634195402036119654e-02 4.438088621889041646e-04 6.679854239265199277e-04 3.585837158269365092e-04 9.991278171464325407e-05 2.241979315518690882e-03
9.081865370016900529e-03 1.336120356815134920e-02 1.186059677116734629e-02 3.900715398785975074e-03 1.660817675218869728e-03 1.272596218465807481e-03 1.606470203669309749e-03 8.731808302775541592e-04 8.604322224814099813e-04 1.068256643955629121e-03 2.567266895880078795e-03 1.353118603567903715e-03 4.334155061832136759e-03 7.989640853175299096e-02 2.686798267258365186e-04 1.846439748282329612e-04 1.270778663614105259e-04 8.081779905473292572e-04 5.959831832796410732e-05 1.991344532829204730e-03 1.322257583679093524e-04 7.963798343484428468e-05 3.818232343368062326e-05 7.987652442692781988e-04 1.502099848043963136e-04
5.182307050319773928e-02 2.859578247695100661e-02 1.092309278938413154e-02 4.858354652701211279e-03 2.368964036915785411e-03 1.047995221021992291e-03 6.369167881036405738e-04 2.777387589056590049e-03 6.882932726679788851e-04 4.488412119010919501e-04 5.510291169852705095e-04 6.554548024158261431e-04 3.300413576292975451e-03 5.387512705701212861e-04 1.150698656943756603e-04 2.378465902716018327e-04 8.905166954946986129e-05 6.148858575420522259e-05 3.021026575013430120e-05 1.138343056146834571e-04 1.848629076615173261e-03 3.284107534247463601e-05 1.669287887769273172e-05 4.878594253193877742e-04 4.120456742057438705e-03
1.631323124417531634e-02 6.840566260974198162e-03 1.352381414783958638e-03 1.454962842508913294e-03 9.863256479737839231e-04 1.300585928995155694e-03 9.996633060089144159e-04 7.347207059536742203e-04 3.118796929933470574e-03 9.500220616112598415e-04 1.822021292093817506e-03 8.060144797236375213e-04 3.556345224615271839e-04 2.476305161008033554e-04 1.316200974153740877e-01 5.145016586290844301e-04 2.544207162611446813e-04 1.364165277065360646e-04 1.718678863469978041e-04 5.209588370571799397e-04 5.672086829490982423e-04 5.707242781690991841e-04 6.206530899506160562e-04 3.158451355628375218e-04 1.201276263520570771e-04
1.162225906090069011e-02 4.457511942466837150e-03 1.974767186343356646e-03 1.911535710360261079e-03 1.438375413870265082e-03 1.552555203377163802e-03 9.357948385106188956e-04 7.923121690422225884e-04 5.927033999547153768e-04 5.399324832562845105e-04 4.142107948155677793e-04 2.908934607206783724e-04 2.946273157636441781e-04 7.982873534520516096e-03 6.181775346631560074e-04 7.907037231005390767e-05 5.344268772753383743e-05 1.316891396892028241e-04 2.217033744823375971e-04 3.026563873570756657e-04 4.772780615208509474e-04 1.356322923650238245e-04 1.317680525951947360e-04 2.170938848221883738e-02 1.031800365482624243e-01
1.142264698055526530e-02 5.797336671879265921e-03 4.468179792627420370e-03 2.596966116039735577e-03 1.150562683808759121e-03 1.023571950243317872e-03 6.435413980807750192e-04 5.731400278753531535e-04 4.601938743139449904e-04 3.908537254043521259e-04 3.254177127764257098e-04 2.847245377088650437e-04 2.150730486878320378e-04 1.533755071146266323e-03 8.360222040640416649e-04 6.108986327038299930e-04 1.199263462922512796e-04 3.089429435181961737e-05 2.290820709579762839e-05 2.113365216218837387e-05 1.047014326456835063e-04 6.962157276289355394e-04 2.098801163739763900e-03 4.527418897002615373e-04 9.207259699523763974e-04
8.024881819223728119e-03 7.251439767148216628e-03 5.471030161679504844e-03 6.034530021149552351e-03 4.179397999098256010e-03 6.871036873371959459e-03 3.887858527293483728e-03 3.032487350513122376e-03 7.646577257847983304e-03 3.128834971456465226e-03 2.651154891468571022e-03 7.656009197538001009e-04 2.041818691103315566e-04 1.006062593642949527e-04 6.803332356020472911e-05 7.814670703062308798e-05 4.690231304201205703e-05 1.800162712756179010e-04 1.068534039321549785e-04 3.505798225006938746e-05 3.984220615932667297e-04 3.835960110207787405e-02 1.419200718750450831e-04 3.525658057494070251e-04 5.029346149758781841e-04
2.106398434743326359e-02 2.920742962520645261e-02 2.087348392031011801e-02 2.208584852013645988e-02 9.592423001502793645e-03 1.918124145329722649e-03 8.942823657011141807e-04 4.809064499645648145e-04 4.712979179825045974e-04 6.157396424211406113e-04 3.920994276604404007e-04 3.700436346292048945e-04 3.478617490293108342e-04 4.163242459494382805e-03 1.023596630368147102e-03 1.250309653095970546e-04 2.748487290132970036e-04 2.265179403392560869e-04 3.671765619871996246e-05 1.795277659215651213e-04 4.521557934071974549e-05 3.671651754869366944e-04 7.822155006191945680e-05 5.034177780336037924e-05 3.525835984889012960e-04
5.421899792427491149e-02 2.294042483655966622e-02 9.039308997756427197e-03 9.847138163807741748e-03 6.546872658307260721e-03 1.820788188839249193e-03 1.156149772846324459e-03 2.007490818480476766e-03 5.506155366783782590e-02 1.912497964129979827e-03 4.964444564834850915e-04 1.001654295577981404e-03 2.895646942431677495e-04 1.581851385276188777e-04 9.664453281951626909e-05 5.748378836277904841e-05 5.422951204477510952e-04 4.015389453122009301e-05 5.337711370451744803e-05 6.976880307473582376e-04 9.395705038480218758e-05 1.930126139873957034e-04 1.064059985469074276e-04 1.162383941255204354e-04 2.527736698980910957e-03
3.870370618190199265e-03 1.796902718466854114e-03 9.339711554400377059e-04 1.242244870179247656e-03 8.791364079522726374e-04 1.066746696934354338e-03 1.187801022738072757e-03 1.016407035932475516e-03 8.175255873753323362e-04 6.023175502015891501e-04 7.387891232031895163e-04 4.829821740079717871e-04 1.983192553849814964e-04 1.479716744366570992e-04 1.054507298681984601e-04 1.935347273538717198e-04 9.434937800651252611e-05 2.060797609896535335e-02 1.122651150054458234e-04 3.729169862535659357e-05 5.306054093397905041e-05 4.038784689886541573e-04 3.802262326467591586e-05 3.201023199185261923e-04 6.811024170662216179e-05
1.992318644884124093e-02 1.886216313151690277e-02 1.362086658015028949e-02 6.671147569497915507e-03 2.411851507113938527e-03 9.442708495579550014e-04 7.825290833481219309e-04 6.922937472230484852e-04 2.390048102090590841e-03 4.315637631123723367e-02 5.894601297663460901e-04 2.744286228645183268e-04 2.290268568060051181e-04 4.519288705220058126e-04 4.587192406006998556e-04 2.873176012562570630e-04 2.620820356222546194e-04 1.208661115755230359e-04 2.804460398734439069e-04 3.003765213132180908e-02 1.500686664667907184e-04 2.505759652045945322e-04 1.186985528345468389e-04 4.423248469486037136e-03 8.998461704743726183e-03
6.749589751236248839e-03 4.245972228187639558e-03 1.494216006568505539e-03 2.162431469657180583e-03 3.412487551883083142e-03 3.352344629418007888e-03 4.402804947980485523e-03 3.234238036009347977e-02 6.820803270037865615e-03 2.223336881656218320e-03 8.479229194828335993e-04 6.148410459478313456e-04 5.892271388800493677e-03 1.562781992464168206e-03 1.652402327390328632e-04 2.357712953653626914e-04 5.156875228351619081e-04 4.804503092985760310e-02 3.290784494113817077e-04 2.762038926703746697e-04 4.665705512694927012e-04 2.151502292765877442e-02 1.598463591993598185e-04 7.266063195449380652e-05 2.210474208022613761e-04
3.402203084136352917e-02 2.546747371907582408e-02 1.288995530427123302e-02 3.259825146829386372e-03 1.083608965837418083e-03 7.321398300251492301e-04 7.785247275668762687e-04 1.427590836645244035e-03 4.914944852724306701e-02 4.298278128255113989e-03 8.800404844172039515e-04 3.878263267699763356e-04 3.139093497342288473e-04 2.135236381081538496e-04 3.689106067467288856e-04 2.372466613097383784e-03 2.241168647132570058e-04 7.192622495575250077e-05 1.945388542541057371e-03 2.267012089391300729e-04 1.276567622180588453e-02 1.302494282452717968e-04 9.987694206920087812e-05 1.947812153637276287e-04 3.932952206713710361e-04
1.916867775601313259e-02 1.517807326999186940e-02 1.014533026395360825e-02 6.488149961658329704e-03 4.778240778868380820e-03 6.852307040482610509e-03 2.196544447965245554e-03 6.661173067142007282e-04 5.694111304856649437e-04 5.088881631526815611e-04 4.336322733674010201e-04 1.684879360001320225e-03 3.092125203904794130e-04 1.924304408472528804e-04 2.480259657045273832e-04 8.397321115931312906e-05 3.978416126095820417e-05 3.024464045528962595e-05 2.937471675830816939e-05 2.129637601356335489e-05 1.925481545375402220e-04 3.033466965291939333e-04 8.773276214492634799e-04 1.945196465585830037e-03 4.433064185253936772e-04
8.698174337302578153e-04 5.155797044851287122e-04 5.369274964836842200e-04 4.580987772841142876e-04 3.183574239977539680e-04 3.536302837898324682e-04 3.453029453827045426e-04 2.726751172980552756e-04 2.221621341887029604e-04 1.990091667879819901e-04 3.123090337172517903e-04 3.065910200231156992e-04 8.713898614114421240e-05 6.169670279908281920e-05 4.966549665342211671e-05 5.149023211990390840e-05 8.875212132450114406e-04 7.932391094661093533e-05 3.514853334649849952e-05 2.111587871713293673e-04 1.239094172750970801e-04 1.473337612457610417e-04 2.508663531094295880e-04 9.248713091279610376e-05 3.347915446835642299e-05
6.941090770888247441e-02 3.774928412595381089e-02 1.400670398228510798e-02 1.027988982470461228e-02 3.208106042100735723e-03 1.955883087187957215e-03 9.888855507758816110e-04 8.789730784738362772e-04 7.115831807177467640e-04 4.846715041376276891e-04 1.033952801809416263e-03 2.969080824476342476e-04 3.315873565315769888e-04 6.268653259201292056e-04 1.457919375346894094e-04 9.502758783975516813e-05 1.863100842366021738e-04 1.044763042702111797e-03 9.770221996553643421e-05 3.509712932589539565e-04 8.540545070093507685e-04 9.875664234718601470e-03 1.145701061789322454e-02 1.007178124686675530e-01 1.079509557141807225e-04
2.560107584866205821e-02 2.595755818058392492e-02 2.904797259771133358e-02 1.515909847505256258e-01 1.045834011263523239e-01 5.469584748904650524e-03 1.438466108953788273e-03 3.326779944954712243e-02 7.102178560446435578e-03 9.333769785846396209e-04 8.092827757366600561e-04 3.787046405035281432e-04 9.735047421893438732e-04 9.861008195519438413e-04 7.261298681819283664e-05 4.715735503685722287e-05 1.198559578866137073e-04 2.584646883680598978e-04 5.816286050237680193e-05 2.326210526368845642e-04 2.512095076388161892e-05 2.231208459596339055e-04 2.565811862216677269e-04 1.683617611474040772e-03 7.326306000144560890e-03
2.195929728466884581e-03 4.232901802703767889e-03 2.575016910014992898e-03 2.333111791208922724e-03 2.664067907089031056e-03 1.608786624982910547e-03 5.483970468975888409e-04 3.435411231585149038e-04 2.872358506996204987e-04 2.872809467310767271e-04 5.127077913245500990e-04 5.620578887509498391e-03 4.213394184225960088e-04 3.145590702599953127e-04 1.511150744028418307e-04 8.882459390133768382e-05 7.146049602862764721e-05 2.373205034612506630e-03 2.061890980836212088e-04 5.154413835824797445e-05 5.932517167134293166e-04 8.539856911455974355e-05 2.258762767343316276e-05 3.870746229268889866e-05 8.799537652503026941e-03
7.116277759578084304e-03 4.157046615658871284e-03 4.887709648478747761e-03 2.064358029269364788e-03 1.258338728640098466e-03 8.483904766913302623e-04 7.917762359719941181e-04 1.299761616749526205e-03 7.139954619344943826e-04 4.777083924417236229e-04 3.430615868469732250e-04 4.260623954449760278e-04 2.700948559734133933e-03 5.214800966315425584e-04 8.984663707149851851e-04 9.811439804284354806e-05 5.688609269046428950e-05 4.275846241300156590e-05 4.469169825833364335e-05 5.055026775326309238e-05 3.516363563942089096e-04 1.734787767209200688e-03 4.430340032803016873e-03 1.643566450186057437e-03 3.349421479804404536e-03
5.612626205009713966e-03 3.428909444600575056e-03 4.855378540217225591e-03 6.003022904248171004e-02 9.994616631855138267e-02 1.996753026328177902e-02 1.798060359257247845e-03 6.500661322034145817e-02 8.421650980610030646e-02 7.244207377898157114e-04 9.798837129464295099e-04 2.743462873559374582e-04 1.936432907282088084e-03 1.680853980498557456e-04 9.668564422889921745e-05 6.404237884718195909e-05 4.324125221137154547e-04 6.248982304401578473e-05 9.843408836329144498e-04 1.903712876249551329e-03 4.777306708356451881e-02 2.205713573722991791e-04 9.468661785353750526e-05 1.886703902646701732e-03 2.063846449471430763e-04
1.041986473748132865e-02 1.556867516230483334e-02 5.700422281172216714e-03 4.085812279868957300e-03 3.212248539965732730e-03 1.741491138965135365e-03 1.903245365669752748e-03 1.891002496819197028e-03 6.842048746717040945e-04 5.675024813884870173e-04 1.324885922099317079e-03 3.323130495963798337e-03 7.736420635787930045e-04 3.424639315088585370e-04 1.549644832426946795e-03 5.894294817737396469e-04 1.403023407581007180e-04 1.760756058803711072e-03 6.498652323284546917e-05 4.660494168977888157e-04 3.195403915438794926e-05 4.087667086844202255e-05 2.694974837555583961e-04 7.931667172190513468e-03 1.030706914370554256e-03
3.244535337849640405e-02 2.291631799477440376e-02 1.176813106700107768e-02 3.300617052766923690e-03 2.655077623409089153e-03 2.606587641699668282e-03 9.126386202998469817e-04 7.510462262692377267e-04 6.243428224661275996e-04 4.971547844415884860e-04 6.127717204266289620e-04 1.043296850554483075e-02 1.639925035206732471e-04 1.047808964051048986e-04 5.173450593283711015e-04 2.253327085600417660e-03 4.927077155394866140e-05 4.221307583877824090e-05 5.814351981286813273e-05 3.789244472213656052e-05 9.952981218703366682e-04 1.106335287161688483e-03 3.386958092755972677e-02 7.784386203284309055e-05 2.945305524269960619e-04
7.465005077837133692e-03 4.715912643688370889e-03 4.152377742675471099e-03 4.130059841920790190e-03 3.157386811445132314e-03 1.403018655010415065e-03 1.986510596578547339e-03 1.755413726946393861e-03 7.036991472785445161e-04 3.596368573772941446e-04 5.163094358772510198e-04 9.826735197627589711e-04 2.501772947160065637e-04 1.638865559516286151e-04 2.180116435044745300e-04 3.804335303151612589e-04 6.558502888556373028e-05 5.320942450660593831e-05 7.656057679832013784e-05 4.525498385986330874e-04 2.580897278239696960e-02 2.752326891909761901e-04 9.086153457185400456e-04 7.462846642607349579e-05 9.395756124639108612e-05
1.253843297357490061e-01 1.494598946740168521e-01 6.635011193893337877e-02 7.823584946424466322e-03 3.850679117581767320e-03 2.497175372680699151e-03 7.609539121577364729e-03 2.107991434375827439e-03 1.090558263886375143e-03 1.209052444864254505e-02 9.630271899627342036e-02 5.879421977512224503e-04 3.683625174738335397e-04 2.004223367333332064e-04 1.325130254766269488e-04 1.432112412747639811e-03 1.171008237686763467e-04 2.354997382122459709e-02 8.569851315817667448e-04 1.683835821879941066e-04 1.505609048921723102e-04 4.766369346323129363e-03 2.090474280287427534e-03 2.581751293080849358e-02 1.472417532696873165e-04
3.863047296616652776e-03 2.347694881678161032e-03 2.475546224033046798e-03 1.606045733725361239e-03 1.673632900410046420e-03 1.316242051366476847e-03 1.221157795045969873e-03 8.248106028760297369e-04 7.648058959028434687e-04 4.851914389604745199e-04 3.720158481669740003e-04 3.655955581176477181e-04 6.819379032144829962e-04 2.237839302340074131e-04 9.430616825112949058e-04 7.817086265692600082e-04 6.024573259331214841e-05 5.128753398238761630e-05 8.103048942057880012e-05 5.415471919516027762e-05 3.079302027119494274e-04 4.627599481577161105e-04 9.169082229553898516e-04 3.873395144685056607e-02 2.996589977117002676e-04
8.904977693032983116e-03 4.013593347383369661e-03 1.350691227999555001e-03 1.043702178189277437e-03 1.086492476642530449e-03 9.051821613535474204e-04 1.535302008037530384e-03 1.396356977534976866e-03 1.086902951001734877e-03 9.375607344297426501e-04 9.210825197818020603e-04 3.507549830341255819e-03 2.105605473009774121e-03 2.496685476221062808e-04 2.265353441983059099e-04 7.601358422671609634e-04 3.701630646025860978e-04 3.737736127333878867e-04 4.614786514181192640e-05 1.025907417987484849e-03 5.662727615896643142e-04 5.948421280630984773e-05 1.207543910874177891e-03 9.434526035066105230e-05 4.648614089273680485e-04
2.088981679793147986e-02 1.956705663938234502e-02 1.617315427440844944e-02 2.290927411622774301e-02 2.113679615630984290e-02 5.479495463796789194e-03 9.183896485084882405e-03 4.337144521379671103e-02 8.389824852344392701e-04 5.879151118042576360e-04 7.782414139683813212e-04 1.325766352743339887e-03 9.812808604029170552e-04 1.455047960627935328e-04 9.962273915654502854e-05 8.540448390853388734e-05 3.541369177931652100e-04 7.672962958399777260e-05 3.621409282303771093e-05 5.950039073840211328e-05 1.764154300956434019e-03 6.238090995778801384e-04 1.186148757034450035e-03 4.703897457659795547e-04 1.695530296590501938e-04
2.792072354928655954e-03 2.789915682720215881e-03 2.680760933041714984e-03 2.047726854197074592e-02 4.694056699279838298e-03 3.667045863838040449e-03 1.973197068846958835e-03 7.687035184391983935e-04 2.888056139267973629e-04 2.815255553452264284e-04 2.420067861831105968e-04 2.043822386144384252e-04 1.761609696019753089e-04 1.602180186364285310e-04 1.242424110032273768e-04 1.036052227287387404e-04 6.891155909708243784e-05 3.145555786764855271e-04 4.012153719123131342e-04 3.295978485217935681e-04 4.467031896380521672e-03 5.382223350407312756e-03 1.400286444446846405e-02 1.975160836054822217e-04 4.117960361103839692e-04
1.487240361426846874e-02 1.240340193832614908e-02 6.221917137177798186e-03 5.070112123740468275e-03 2.136328289451980451e-03 1.092453832669758622e-03 7.246445106046726752e-04 8.255886197082761609e-04 6.710632051821896612e-04 3.863001008813323617e-02 1.678296668718157799e-03 3.016363953898375532e-04 2.241415128951142590e-04 1.639520952443496301e-04 1.273020122357473903e-04 8.221401515255288720e-05 5.410584724578854592e-05 6.101684084588335861e-05 1.250424673597411445e-04 7.542148572242699607e-05 6.131828471179997554e-03 2.076870168476064107e-02 1.895025377920756676e-02 2.241776380210228764e-03 2.819780830823876523e-04
6.538169141452226593e-03 3.429764371959960739e-03 3.941354529763922178e-03 2.262646785134990544e-03 4.065086296001543462e-03 2.061060106006777550e-03 9.527336134523275513e-04 7.604748527071239017e-04 2.915621601319141366e-03 1.421893544207325716e-03 4.389468300241697925e-04 1.302497126885879090e-03 2.541710432439196407e-03 1.843512329567209139e-04 9.521449886066607644e-04 9.344440864725845589e-05 2.307124930162432236e-04 1.091873902017793181e-04 4.315031767262483462e-04 1.066171198592125256e-03 2.985761391801223814e-03 3.647927527443212072e-04 2.610766312072980780e-04 8.389377278874284938e-04 1.038650536082658528e-04
4.531787617080855826e-03 2.656961800426917240e-03 2.123501591548341422e-03 1.622153334474104539e-03 1.872512705995909958e-03 2.346005629192485838e-03 2.130569877680019934e-03 2.181776886366833951e-03 2.386764244957078479e-03 5.853741009816152644e-04 8.044428634502744351e-04 7.533058549619553023e-04 3.869024455775657871e-04 1.232667594377861173e-04 3.795634526912358133e-04 6.997757175633721933e-05 1.432147838251393579e-04 4.622557972754780573e-05 1.559924963992546237e-03 5.441730660691702448e-05 5.768292566634058364e-05 1.016496162946474869e-03 2.618123895064717634e-03 2.380904954825859964e-03 2.095838554462921364e-03
4.478490922565145707e-03 2.787818375311995524e-03 1.468879201920636436e-03 8.666970111980453525e-04 5.871803051042119408e-04 1.778185758591930427e-03 2.456470984635439336e-01 7.087843888286848512e-03 1.603702137238645830e-03 6.703443732988639521e-04 3.151618155827699938e-04 3.043908542786340839e-04 2.358171753458561165e-04 1.682094389774161053e-04 1.163124103841810313e-04 9.114676051362050134e-05 8.520633242216295962e-04 1.970370346883371950e-04 9.875996657977086069e-05 2.966759341722895334e-04 2.122513824177718177e-04 1.504396374947416203e-02 3.011390664574833172e-03 3.926209614451101493e-04 1.176663754219923162e-02
1.780386711499281072e-01 2.160205412916829382e-01 1.917185385148859750e-02 1.455990368112602268e-02 9.287332185236885432e-03 3.529879462510665273e-03 1.728747871109812418e-03 1.478280232975374238e-03 1.345698931153654389e-03 4.627738520592927438e-03 9.767854972778488697e-04 8.151224621189075321e-04 2.302213578744549140e-04 1.591968407856379287e-04 2.319100500616163587e-04 6.618684317046031088e-05 8.467592673103464264e-05 7.968948597660235975e-04 1.095126235549268544e-03 4.625668870225656173e-04 2.900890709868585832e-04 2.401406186934504090e-04 4.824035682767289601e-04 2.034998048173237853e-04 2.851192419754162858e-04
8.849712457072554314e-03 1.102117140486850479e-02 5.018927522141359079e-03 2.202137390664337530e-03 9.535763112973647633e-04 8.276143982043168050e-04 7.978874591410521633e-04 1.384390444055388480e-03 1.532242909421886387e-03 1.140732085310885852e-01 2.682619619151990764e-02 5.911501329325305736e-04 1.102166917903914245e-03 2.118472973545606315e-04 1.239195993832637290e-04 7.922019578117064399e-05 5.337232926389512107e-04 4.426441649282149510e-05 1.734755683152408980e-04 4.630855847773028772e-04 3.854962193629840324e-04 6.114687521280170069e-05 8.249224000350659919e-03 2.260226832543987905e-04 1.188140058089181975e-04
1.359512335160965174e-02 8.316437087006316523e-03 3.967828108442281697e-03 2.889273919895303522e-03 1.094263520545372698e-03 7.344220165097661932e-04 6.821253070271714875e-04 6.008005927673944896e-04 5.123335977508596765e-04 4.718427701853148163e-04 4.848329953897868535e-04 6.514304300182760868e-03 4.645135860433077975e-04 7.876162656811722552e-04 4.418532080289712459e-04 2.013121630004370002e-04 4.179546372633264760e-04 2.550794907341789484e-04 5.201807223178031282e-05 1.013177470239872303e-04 1.167146232188493376e-04 3.038280673853813109e-04 2.508846845965235269e-03 1.586722008984099697e-04 1.334671846750302743e-04
1.221643134941580383e-03 5.961397869378347531e-04 1.647921695575625635e-03 1.999517403864810652e-03 2.124910232531653041e-03 1.592932778536575514e-03 1.315289795056446762e-03 4.249898822501221168e-02 2.002485627568321557e-03 6.290832620781866341e-04 5.345188734866300256e-04 3.102168363350808734e-04 2.195056488089254423e-04 1.578479241781466575e-04 1.105217202936494811e-04 8.501220528679414733e-05 6.779162311777893468e-05 4.816590183579634555e-05 4.466298615548199545e-05 9.447294777378160231e-05 1.377367972629430359e-05 1.106991882970209555e-05 3.058418167563591071e-05 1.239037646968648809e-04 4.037612800078369435e-04
1.523226779594637897e-03 1.903483082187568901e-03 7.087717803203644976e-04 5.506588336590692795e-04 7.990848658478301014e-04 1.298105342977324845e-03 4.714514946588091492e-04 3.967782452292093636e-04 1.037931772787562424e-03 9.783521380607155052e-03 2.450426027672356500e-04 1.659247797622722407e-04 1.570977556145811626e-04 8.302731117481970647e-05 6.074888369272003487e-05 4.739900366338191271e-05 5.112040238554368656e-05 5.118200698221296341e-05 5.022937998908352325e-05 1.966398923218332844e-05 1.579412681814212004e-05 1.076647904063021575e-05 1.162613889155919686e-04 6.455894637174260998e-05 4.235415379047686221e-04
4.519654440908033033e-02 5.345799879755072648e-02 6.676852130992319903e-03 3.185366887829430439e-03 2.063639756770824750e-03 1.391111556575446969e-03 1.126123283750575044e-03 8.989626752529216152e-04 6.410737405178016258e-04 4.559797805655534564e-04 6.713639582231665202e-04 3.025142488093104866e-04 3.721454725257596725e-04 3.211769255974805540e-04 9.180268550747820125e-05 5.245753036517638738e-05 3.572633867378089030e-05 2.680954728464717015e-05 2.836368349573792236e-05 9.475092317619539998e-05 4.012442378925234251e-04 1.352600596708933647e-04 1.008871917440401858e-04 6.567400420225656611e-05 1.375101618289291568e-02
1.408063125802297075e-02 1.508123357441039369e-02 1.356448831282211845e-02 2.779850780312495117e-03 1.124929507108034374e-03 9.338705636196918810e-04 8.042411575337387935e-04 7.278367662516323916e-04 6.494662604625182174e-04 5.420539989224946575e-04 4.786491324022571175e-04 3.898001411351677227e-04 2.491829210735935630e-04 1.443291844765948683e-04 8.646471276222215919e-05 5.749894151692317232e-05 4.077564774680367238e-05 2.768560848459989876e-05 2.822563713574928210e-05 2.310335853544262616e-04 1.843156504488688285e-02 1.489585120318191042e-04 4.456323545938172155e-03 8.652249092098132817e-04 1.087074978811279798e-02
1.832886977158678776e-03 2.733768436633104374e-03 3.208792804687049874e-03 1.805560555105802795e-03 1.688223848189066272e-03 1.364987573077448358e-03 8.690868574698034201e-04 9.479818535116180198e-04 6.393471648108648960e-04 1.171273843715167845e-03 7.903493068799124100e-04 8.764297390286287332e-04 2.626938629739161636e-04 9.794763124384082194e-04 8.773361584465081016e-05 6.037011267755467109e-05 7.931252111129619305e-05 4.562042772570928251e-05 4.843217608643574264e-05 1.445469370346468235e-04 9.763015919959473559e-05 2.745488618956989100e-04 3.159434574182922698e-04 4.401797030500894607e-04 5.090410546318034288e-05
8.072859300651732614e-03 3.517826045571272823e-03 3.112333714499416776e-03 1.124666927794957258e-03 2.454663879601938319e-03 3.773655410864426140e-03 9.255426061359015022e-02 2.124302942283028683e-01 3.083040752463882001e-03 9.884936768256322257e-04 5.316464322089902621e-04 2.971368099688278847e-04 2.052656780076136153e-04 1.443745515123751944e-04 1.038782514933198054e-04 1.134557054153366890e-04 4.990062416436769234e-05 3.617442241763488416e-05 3.748425366196171774e-05 1.324133728378689844e-04 2.319188970544166270e-04 7.558391884003084950e-04 2.087215264753126878e-03 3.258930703751730879e-04 2.323238404891874353e-04
1.124444731025523239e-02 3.310410687996537087e-03 1.517023232995120966e-03 1.041271740449102069e-03 8.215266700418711026e-04 9.068980502117855247e-04 8.276754198012954439e-04 8.022778734006393584e-04 7.784884339838923657e-04 6.193353185112372879e-04 4.744991746291865706e-04 4.205487038837327392e-04 6.991672550924491131e-04 5.569678704213465534e-04 3.763747350680701179e-04 5.891491171544099593e-05 3.450109842930573572e-05 3.131475547466503655e-05 4.262649172808182342e-04 4.029884858994460973e-05 4.105252261304969947e-04 3.814080123425988037e-04 3.105229488723263397e-03 1.052417574650878359e-04 1.943360255336594737e-04
1.249914487672028167e-02 1.047994888911731037e-02 5.462691819250024144e-03 3.745529081377897956e-03 3.150514029609449099e-03 3.273423182735167407e-03 2.410663752841699526e-03 1.196589654930455644e-03 6.497322333733396207e-04 1.556881078319181846e-03 3.239041430055520504e-03 3.238242778589935805e-04 2.190521462012215556e-04 1.879820467878857439e-04 1.569036120648029759e-03 1.273658358641961610e-04 8.423260924370200731e-04 1.928249732197163458e-04 4.713101382103597817e-04 3.113033412880555125e-04 5.984584442338173292e-03 6.908323023314575598e-04 5.238200875352136410e-03 1.129218793383210450e-03 1.060042421769974170e-03
7.610162638496552681e-03 7.171856848013111879e-03 3.747277997209400805e-03 1.555757401386927445e-03 8.299583967752683462e-04 5.229378379348239691e-04 4.347492957050552308e-04 3.682751952462827850e-04 3.377040299562590760e-04 2.945787653840598800e-04 2.691001457560174260e-04 2.223070369841704576e-04 1.406928583091546399e-04 1.134779273451705953e-04 9.278411501251975608e-05 7.325215793316271879e-05 5.222049771601067664e-05 4.523705332626922794e-03 2.715062745608947704e-04 5.284071386696768404e-05 2.757835770342426660e-05 9.319900748683859586e-05 3.229701139086023918e-04 1.881213095716967787e-04 1.375236201221989108e-03
2.467591716115747486e-02 2.939212364891906348e-02 8.270138297034258790e-02 2.506003806451589377e-01 1.880421662137901975e-02 3.132441389120379713e-03 1.314953619124586016e-03 9.125130208606437206e-04 6.950605660338048455e-04 5.119087922087052576e-04 3.852318091816077177e-04 1.428519240073025101e-03 1.785394467558657741e-04 7.235292465364441365e-04 1.514810769909868396e-03 6.410373592223380279e-05 3.847333510742516241e-05 3.574106664269100165e-05 3.659457400809864377e-05 5.245590853040805617e-05 5.871102697796263674e-05 1.724382553875558914e-03 2.038462929622425479e-03 3.723584635653421878e-04 2.294193500837523182e-04
2.478174702887366888e-03 2.210711485700175578e-03 1.884525199148340355e-03 1.670232339135357394e-03 3.135572662127801037e-03 1.737244282178883542e-03 9.567940787271140895e-04 8.061194969001176215e-04 1.271711308159202388e-03 4.000250751829290997e-03 4.207815308812256315e-03 3.901837492750194719e-04 1.974210169729738679e-04 1.339034526432598645e-04 9.132524011373017916e-05 7.885254084888452782e-05 5.262969385768669333e-05 6.957915572223985056e-04 5.145111432755138564e-05 2.686896663045004133e-04 1.738471668749552647e-04 3.146159543965102497e-03 5.482512572930892114e-04 1.287970733446266005e-03 1.671448288607589561e-04
1.489766644935046173e-02 6.008760159183224037e-03 3.718954505729409315e-03 3.442108419947950259e-03 3.892275202547821559e-03 2.478481619936650018e-03 1.202453334759555825e-03 1.701056458124273812e-03 3.709746515528419743e-03 1.912625575085316219e-03 1.230733671211027861e-03 8.820665772252157940e-04 7.075794657069738730e-03 5.508267483475110492e-04 1.603923000607978015e-04 5.133739498507006085e-04 5.044658196127430066e-05 1.726328271446651624e-04 3.153330651137296187e-05 1.978539702479778311e-04 4.432337828750094246e-05 2.672674370012149058e-04 2.538376667994165473e-04 1.468970222524079239e-04 1.534542016245200521e-02
1.353649510862778120e-02 3.589800941228445119e-02 4.746627965868830540e-02 1.919236212828753438e-02 8.981951019646721920e-03 4.411849474953963984e-03 2.437982603818601452e-03 1.329016133826291550e-03 1.017062673819039845e-03 1.951611650287927687e-03 1.339953254812600303e-01 7.739361435349253983e-04 2.291916633674393302e-04 1.968395095676275992e-04 2.176202642022930119e-04 1.647830397841796104e-04 1.102863135511627027e-04 1.190122116579188892e-02 4.493496275053308724e-03 2.839110431507855972e-04 9.732884191918641592e-04 6.468587991078557798e-04 9.837134865646581308e-04 1.711215744916241193e-03 3.035595763675803024e-03
1.570593223036630473e-02 1.313399121632029092e-02 9.276451910905227777e-03 4.273868591932310571e-03 2.260562707838593977e-03 2.097797174738759689e-03 1.810012787884757168e-02 4.607307212159791887e-02 4.775521868108610624e-03 6.244092618088013412e-04 3.668075704467900922e-03 3.507498299038312294e-04 2.085626636228918817e-04 1.445833055513661043e-04 9.392485925531553095e-05 1.105501379818693423e-04 1.383409707975400468e-04 4.000108089971737358e-04 5.062279345002714155e-03 3.213905829599936897e-03 1.898994844473886367e-04 1.125481617043478359e-04 9.884729434434284204e-05 1.457630193475848205e-04 2.090207883091420304e-02
4.326218162495629183e-02 5.731604155493720543e-02 3.957206541452497339e-02 1.321330983651405021e-02 6.550897188238233998e-03 2.462536678116711633e-03 2.255809402549185504e-03 1.788563858007386452e-03 6.285722407136679502e-04 4.854731011870280408e-04 3.988087016087418150e-04 3.071499362001220337e-04 3.488940020361424514e-04 1.835928837554676510e-04 1.244980098661466769e-04 9.834306947694621307e-05 2.585912550689531192e-04 7.953974699127692473e-05 6.803317409353166838e-05 8.112214969120448357e-03 1.032057359541474831e-02 1.834240906778755926e-04 4.051390138458946981e-04 4.070631101930324218e-04 3.956846607104212037e-04
3.180130488008501427e-02 7.277384340229816131e-03 2.702072963186334317e-03 1.199276559031075976e-03 6.130015609500170763e-04 6.485633534643012350e-04 7.192737074341332831e-04 1.163846822507862882e-03 4.392649140134124996e-03 2.791113236080930426e-03 3.435843136969361257e-04 2.677007125772439032e-04 3.299876510287547875e-04 2.411216172986978192e-04 1.223807465047791387e-04 8.777554991914120848e-05 8.353316204038986614e-03 2.485284443056838002e-04 5.093939785954529559e-04 2.489816014446451253e-04 6.129257103169870368e-04 4.539914727973487951e-04 2.568317413201427041e-04 7.920018298818427924e-04 2.756039204039692101e-04
2.564278766843286483e-03 1.653117560282796024e-03 9.246019397146463138e-04 8.601900509005440225e-04 9.596620334833850250e-04 6.336026036591438674e-04 6.603185319707074096e-04 8.736709588519226679e-04 2.354489042405510067e-03 1.029622548747783761e-03 5.729761625824371374e-02 1.975546836587985418e-03 2.054193143641392728e-04 3.037866903429709475e-04 4.298046074503401306e-04 5.114477513391300911e-03 1.984989809689003987e-04 9.951471698887012698e-05 9.012603557443521355e-05 1.447965440228471032e-04 8.699123052451421256e-03 5.306128795178631291e-04 4.402864508621943430e-03 1.382145040661050741e-04 7.327163879594402178e-05
2.632227372941312385e-03 2.127582952289230368e-03 2.477361980074687612e-03 6.900684271133624044e-03 3.896392146229298893e-03 8.247326160207801805e-04 7.289267662034609957e-04 6.056039672342248105e-04 5.097303810820296615e-04 4.242750844176894180e-04 1.616798014640271437e-03 1.610329485263733897e-03 3.012943280672919933e-04 1.163814284873610156e-03 5.419324664362872327e-04 7.095228761476457275e-05 5.377570875579478930e-05 5.660110420541505797e-05 4.240739179534510484e-05 1.183267934518349477e-04 7.646899340839204650e-05 4.005067875050559342e-05 1.972508405234784518e-04 4.832080676564446818e-04 1.199481812283249876e-04
7.494679037385872794e-03 3.091905261659697209e-03 2.589440128097681912e-03 1.932192931473005609e-03 1.686785013958200154e-03 1.391001598962841781e-03 1.195923471216150729e-03 9.357368197378517632e-04 9.238165945852527166e-04 1.231167079922932447e-03 9.016225666249079451e-04 5.304698018682114718e-04 2.177581319712897426e-04 1.439611585911071379e-04 8.350357296118231373e-05 5.627209872209518844e-05 3.756804932997494999e-05 4.748355287367477879e-05 4.200329785404940562e-05 2.740477341316328343e-03 1.324800507291049338e-03 1.164867434438413289e-04 2.102934661242943527e-03 9.637268705647494479e-04 3.626461519920418444e-03
2.972983530482952927e-02 3.607830554521513494e-02 3.489868196688919455e-02 1.324218887124787442e-02 1.920210146159257759e-03 1.239342107299383619e-03 1.241988518305569330e-03 1.536224439970990943e-03 1.366750302206866212e-03 6.471727971944723308e-04 4.874090968607246361e-04 3.667939529707924711e-04 2.399102183673453904e-04 1.755954316884281565e-04 1.481806194497661204e-04 9.101174412828743102e-05 4.171011684254268882e-04 9.640532311384493436e-05 4.450205696196625461e-04 3.891015935210295111e-04 3.839464034489262581e-04 6.357865380861443816e-04 2.100004440842122289e-02 2.913379955556567045e-04 2.284290467390469662e-03
8.398826524717432560e-03 5.243935322816022961e-03 5.256031996133182435e-03 3.976467382390855114e-03 2.385920579906930343e-03 1.179238197483300317e-03 9.871052171632548836e-04 3.326418235931547646e-02 6.235208066730038926e-03 6.353381720228843755e-04 4.084221614668329873e-04 4.773701197745266328e-04 3.352988382356742185e-04 1.660105577587106009e-04 9.681298226193286397e-05 7.002010804450140263e-05 5.675919025077639238e-05 5.198328249714879523e-05 4.955072127726928679e-04 4.916330445284359521e-04 1.579725800208152701e-04 7.080644616865988932e-04 6.184749759076784413e-05 8.617317393907558687e-03 3.317517653561140588e-05
1.047317675018017216e-02 1.133127894818825726e-02 9.596805753580989196e-03 1.183879947273287769e-02 3.987031403589126784e-03 1.562542549199427136e-03 6.340744657288070697e-04 5.923210567171371000e-04 4.827882080793088827e-04 3.863899077372311966e-04 3.092233937643275852e-04 2.623517531391102360e-04 4.874109710477353549e-04 1.799132615114254941e-04 1.507176463738706606e-04 4.578806329182111951e-04 1.111117549145422285e-04 1.780702711919863231e-03 9.285731389812790421e-05 1.015497893133890492e-04 1.953205552730005875e-04 4.064117440316637763e-04 3.639790053269322608e-05 1.325782913511821431e-04 1.333304075530977414e-04
3.424683913695675090e-03 1.670577993304305474e-03 2.144491323737903778e-03 1.650506385005462776e-03 1.398648532950755308e-03 8.983072232188667747e-04 1.378744302432085992e-03 1.431926098085024076e-03 1.781801202375986369e-03 2.437363482410046488e-03 1.582562854664727910e-03 4.957764039206473926e-03 2.451724043025727690e-03 1.611473269998500105e-03 2.126969208665365732e-04 8.667795393894695618e-05 3.446475954318466866e-04 9.247050096386666591e-04 6.043795333611920532e-05 1.828729578093251458e-04 2.574090972052882131e-05 3.437677550575437820e-05 3.862224004668487315e-04 2.014697644750963745e-02 5.310759087486163895e-04
1.077345347717873283e-02 6.812817642834046068e-03 7.198118295278684194e-03 9.046352431250195836e-03 2.922727070380570693e-03 1.356084879183480597e-03 1.581838762847010077e-03 8.464496251487275838e-04 6.550293590057569863e-04 1.792787116145534926e-03 1.231335528551993691e-03 6.476251723246463947e-04 3.982326607324562068e-04 1.069544932994149567e-03 2.644589340029374048e-04 1.508678132296642504e-04 1.330403824145274670e-04 1.211520574150745747e-04 3.756078992093634609e-04 5.874089056214557404e-04 2.750202378281667260e-04 2.654288410100394489e-04 1.638412930335700845e-04 2.292723859464650365e-04 3.776459290494516268e-03
1.557862607546530234e-02 1.192980485265405545e-02 6.505932251792148624e-03 5.480648329095940893e-03 5.739582797533528818e-03 3.216176058059536189e-03 3.585700952770675548e-03 7.196951985020641918e-04 5.548765172083647236e-04 4.366451591013952981e-04 3.669194422847404631e-04 2.608561720404464616e-04 1.887469935444711130e-04 1.945608980223623716e-04 9.129672425668926403e-05 6.620286705033425433e-05 4.204787264454178802e-04 7.089012085600050761e-05 2.509427721285692903e-04 5.031812332130503312e-04 7.156047835715432907e-05 3.470894708133102371e-05 5.634758348165919617e-04 2.246954412800715006e-04 4.167405667250693232e-05
4.755782724895136170e-03 4.443121711694798977e-03 3.162215489485087783e-03 2.958509523722784983e-03 2.426108299184040994e-03 2.468255422074090884e-03 3.117803944216592654e-03 4.925650361089901202e-03 1.079614734231667443e-03 1.150110013418898782e-03 1.685235690099027434e-02 2.740638864668708957e-02 3.607459641287564210e-04 2.150218621466959130e-04 1.472536927337725473e-04 1.174622016638918111e-04 3.164026580944741761e-04 8.101222190087915831e-03 1.079605295221071739e-03 3.968960418255038244e-04 7.616382730070139426e-04 2.890111989833906792e-04 2.663254682759361299e-04 6.264724096878363999e-03 1.163558775982591635e-03
7.914574399757370177e-03 8.097187891870180620e-03 6.601439090144415982e-03 4.344136426497566608e-03 2.461774562939158736e-03 4.792110287346249692e-03 1.353479980503415753e-03 7.301366257854409805e-04 5.563859593466504664e-04 4.599731486113814698e-04 4.188741618212508586e-04 3.695372084167906847e-04 4.197004424856507778e-04 8.211784365654683365e-04 1.377022233205578915e-04 2.090357971964918859e-03 3.558513794913465908e-03 1.973876790079218905e-03 8.494507043707147972e-05 7.976819174480647388e-05 4.249867655372323739e-04 1.891366523668790503e-02 1.151268814792936866e-04 3.368830801257884978e-04 2.865304470893280798e-04
2.931190601116286445e-02 3.092258417800120007e-02 1.791270509306028963e-02 2.068130973938604733e-02 3.319541418703167435e-01 1.748809847328940820e-02 7.714419790376595039e-03 1.307403639881524670e-03 2.590144410744545534e-03 2.924619400207664754e-02 5.796081011565999263e-04 2.366557800517674862e-04 1.430232314607528428e-04 1.170717868420215695e-04 9.139116432248998827e-05 5.240374789492787668e-04 3.428664517556462310e-04 1.319127792750758176e-04 8.779631378222080154e-04 3.966957468268310995e-05 1.781597299345777602e-04 2.229867690354991503e-04 3.600233646731143024e-04 6.287529074765624282e-04 2.812364273428559231e-03
5.338279427637730376e-03 1.818933151719068523e-03 1.452219413351872298e-03 1.800354761247688036e-03 2.274219993386937446e-03 2.169833557026453526e-03 5.790691222677049263e-03 3.638875268460414238e-03 6.898909438215347634e-02 2.339195355829125356e-02 1.323122461522345224e-03 7.164530692027101105e-04 6.875704903545263843e-04 1.403842736347883473e-04 2.023765102157993939e-04 1.002851464608458040e-04 6.208665920295569716e-04 1.038364546143635478e-03 6.034883257522267807e-05 1.280605619250108529e-04 1.789742867644622147e-03 3.417105400249824745e-03 1.529963065356832429e-02 3.967501407461103934e-03 1.911924130724950680e-04
1.631309780802549236e-02 6.688341798956347686e-03 3.305125632065601584e-03 2.679808146630039811e-03 2.393692033557478192e-03 1.479102170269336542e-03 2.546480660458959929e-03 2.147580566500333684e-03 1.266014195042682944e-03 4.508538216511385403e-04 4.078514828255344724e-04 3.833577843409978264e-04 1.101013101491048066e-03 1.389340291232204453e-04 7.697213130956769196e-05 7.149769331518551914e-05 2.267842409208040339e-04 4.719622419361005805e-04 5.364108645208000905e-05 1.626113933732441404e-04 5.623855489810380970e-02 6.015016863872422364e-04 7.703527749011898726e-05 2.203011191406805606e-04 1.130171673245236770e-02
1.603992695191326862e-03 6.922826022008868232e-04 1.020020894234210506e-03 8.188299527909110318e-04 9.830261635019727200e-04 4.492777391451596171e-04 7.686960154639151154e-04 1.210974783468302248e-03 2.598462382314842278e-03 5.781283059151395929e-04 3.032225464754002690e-04 1.433623777873602471e-04 1.096537196981972395e-04 8.370535364685387919e-05 7.412640079940477486e-05 7.127666128431703210e-05 3.645109225115612323e-05 3.068204478671140344e-05 4.599382383791407811e-05 5.425473149901443139e-04 5.206026194762137615e-05 1.612165128768446726e-02 3.593561034279301944e-04 2.832121928301820231e-04 3.865766262258214358e-03
1.073951699429187383e-02 2.687350751517387625e-03 1.594352434947536590e-03 1.390804890231549761e-03 9.853830807099253370e-04 9.298492056083514784e-04 1.305618741157936599e-03 9.567184726486572567e-04 1.130124419815392448e-03 4.571312839318137679e-04 3.105161295719265861e-04 3.092663666640198283e-04 2.756875398136829488e-04 8.851991306669806329e-04 9.457115458033164823e-05 4.207808823010379819e-05 2.450936486258203375e-05 1.851893163698077504e-05 2.021615491171778939e-05 3.821626030566545448e-04 8.502474016991243960e-05 1.329168671817240006e-03 3.378284848351428143e-02 3.422778541595734641e-04 5.051518664528844779e-03
5.087575786130697428e-03 2.993971093035348308e-03 2.366854566163988354e-03 2.222274182111721747e-03 2.831766954490228926e-03 2.044703652743524742e-03 1.971354119686223854e-03 3.908506327898240637e-03 4.590349058872145865e-02 1.091653827321440026e-03 1.563754641177177857e-03 8.722685582871120063e-04 3.913627013063568708e-04 1.643868663215272729e-04 1.163585959283635674e-04 5.329934672796733403e-04 1.518952852581581677e-04 7.667723971184407621e-04 2.790111205237252390e-04 2.412022956852186183e-04 2.861046649452829416e-04 2.572750297928791071e-04 1.781345352777224684e-04 1.010541080417831465e-03 5.462540247063181866e-04
8.033698318700842333e-03 6.151002720877868715e-03 7.618300809051478314e-03 8.862192756883380262e-03 1.566561628536295228e-02 1.481933626611256971e-03 9.143776221234503751e-04 9.744216483526602426e-04 7.552550192906917976e-04 5.464022275940270436e-04 7.167465522017714896e-04 2.998108818404068127e-04 2.018912231814081642e-04 1.449924754566618719e-04 1.040076385111379873e-04 2.753623474108846114e-03 2.731349041022270753e-04 3.972409709639188166e-05 2.796975291061090804e-05 4.786828524809526861e-05 2.593732545205063890e-03 2.652751738102782520e-03 3.138823347592770759e-04 1.230799745360749119e-03 1.027248020767866892e-04
2.596800897557568696e-02 1.899706919507511416e-02 1.281477627784078678e-02 3.105413470746608371e-03 1.953888404896880759e-03 1.760591658911362040e-03 1.014530021417502570e-03 6.309837784853492091e-04 6.239359508145753434e-04 1.015984754364661607e-03 3.869958663605103759e-03 1.211581609238159473e-03 2.712142505584494694e-03 2.193362240824781202e-04 1.185808738943201822e-04 5.084967503349114909e-04 2.558666937436123324e-03 2.809483908702456695e-04 6.530323108909674885e-04 6.452722660760471657e-04 3.841232392779269159e-03 1.769627011052167173e-03 4.031561800867153431e-04 2.572037884270239280e-04 3.305989772256228321e-04
2.052282775817826539e-03 1.559852918694644040e-03 1.553527570975159807e-03 1.085517833471457468e-03 7.690795161996647053e-04 7.387820843028225374e-04 7.530252083143231965e-04 5.427083360337568458e-04 5.300444340291897817e-04 4.098469970813542820e-04 1.020915739283529853e-03 6.609670999482882957e-04 2.963502925212518706e-04 1.263947559871026350e-03 2.238482770323697434e-04 1.105153770131562168e-04 1.058990563650197449e-04 4.038330167779600782e-05 2.590635698610713319e-04 4.721585628336721804e-05 4.674907241019008743e-04 5.427941793343321088e-03 4.149182094577664125e-04 9.990378149669623328e-03 6.330475412699748845e-03
9.733574149740938444e-03 1.495955475847850040e-02 2.482280160123429003e-02 1.150167995705602374e-02 7.131569246456431581e-03 6.532317956245667877e-03 1.214781949998521970e-03 5.964873624066154966e-04 5.294593823098038511e-04 4.567525132723819470e-04 4.069076258845580741e-04 3.346974992849803955e-04 2.605942023214506144e-04 1.578051700667191170e-03 3.783314963367402639e-02 9.000849996309930501e-05 5.994231272286732587e-05 5.936794956461123612e-05 5.821678497354899098e-05 4.230393384076099717e-05 4.915525159142760617e-04 3.242642191394463328e-04 3.320436056917072036e-04 1.357013567276541682e-02 3.333644571017738058e-04
7.806319083112277192e-04 1.816781685660236872e-03 9.037129388454179495e-04 5.849285583427369208e-04 4.749336461739336705e-04 4.555183751901917114e-04 3.697697854622735542e-04 2.591475235871717108e-04 2.086860747362595536e-04 1.478551972961447399e-04 1.490214692467182187e-04 1.242675216695114974e-04 2.199611080164765042e-04 1.097049616099605963e-04 1.004874115030796332e-04 8.574749773856572680e-05 7.321557216645779083e-05 4.896643021831167790e-05 3.462489693457694335e-05 2.399422113052681040e-05 2.157731715188496830e-05 1.485858342211040758e-04 4.504187991028720992e-04 1.228614209524774318e-03 9.319562843422295531e-03
1.351362053650147568e-02 5.020849591786513862e-03 3.248267577221246056e-03 1.414820700439959516e-03 3.265585835547379218e-03 2.348152324889807383e-03 1.857060440627561568e-03 1.215292987574305515e-03 1.090249490137223942e-03 1.353766317015298298e-03 1.607985786634756825e-03 3.031132862591362780e-04 1.918015557948610510e-04 1.135152466799255232e-04 4.710333175389975796e-04 5.072755949541341605e-05 8.048618867480342989e-05 3.569014338189084937e-04 3.070599829780242701e-05 3.797823385413553397e-05 1.749895850671502934e-05 1.731484381961905991e-04 6.223236097740840207e-04 6.166327703021502868e-04 1.161305812670916648e-02
2.022235710798327146e-02 1.543687307129907801e-02 9.663637619429385484e-03 6.454215659512247891e-03 3.878956934680607462e-03 1.592256772808315832e-03 1.062585912616013581e-03 9.256516379163360654e-04 2.605851783277633033e-03 1.870166599651222703e-03 1.242609836329550306e-03 7.292274214153907997e-04 3.687641436457171694e-04 2.709580068168021311e-04 5.226028655532825255e-04 7.652804729141480730e-04 5.415596307607812763e-05 4.763524030335262939e-05 2.257534248011815680e-04 5.036917253195408102e-05 5.217485030694658381e-05 7.891482799082184438e-05 1.029846874825001427e-04 6.040067912095972193e-04 3.071812845172845817e-04
7.408150297074363004e-03 1.014400973745106273e-02 5.891378726261490249e-03 3.111777019340349667e-03 1.667111019530930893e-03 2.687422632558355163e-03 7.179337170668026458e-02 1.759987402613783988e-02 2.040243968823889347e-03 6.968215833740073334e-04 4.499166432947457263e-04 3.029424321316080584e-04 5.987380713466818440e-04 1.990062107761118946e-04 1.553639553080463477e-03 1.011920804953050587e-04 5.462215823549604245e-05 4.589038859749251320e-04 5.585778037886662568e-04 8.687019158903098992e-05 2.746611452494865293e-04 2.598702781028871048e-02 2.394188138360880264e-02 1.844132153579933989e-04 1.175823011869747746e-04
1.299930000846376797e-02 6.724774196803984770e-03 5.459990727922785919e-03 1.958279888982545486e-02 8.945725733966370177e-03 6.179313393173604431e-03 2.007873492289308139e-03 1.202429251058027100e-03 3.571344735060960618e-02 3.927291255061056766e-03 3.678447446588880947e-03 5.820249338773168368e-04 1.882908499400554037e-04 1.181033718222032120e-04 7.770914427519354196e-05 5.751090419912047424e-05 2.389428823624714356e-04 3.252393270994688836e-05 3.240304522417472512e-04 2.703014504857240339e-05 2.962959641546785214e-05 8.969182270034498853e-05 3.789018096550625142e-04 4.393915732952101004e-04 3.889647771888630687e-04
1.260346677889551299e-02 1.216855789362508364e-02 1.118112358193660248e-02 9.007886555359216618e-03 5.718540010901440596e-03 2.548309353086119708e-03 1.132455031884358745e-03 8.563618359816231552e-04 5.963020196908527326e-04 4.966602486739394098e-04 2.945654875060604730e-04 2.381945401650481108e-04 1.746240989091134982e-04 1.151021940134366471e-04 9.078760086681962127e-05 8.446895942032857537e-05 1.289389723714285383e-04 5.405830757034989957e-04 4.956706960310483003e-03 1.098505764024006659e-03 2.912110218064143546e-04 1.152034623206340614e-04 3.417404598774207488e-04 1.418895539866129284e-02 1.498286319534419310e-04
2.265120492957449147e-02 1.498134457948213302e-02 9.556455904629626574e-03 4.384583823517247507e-03 2.587382325513139063e-03 1.410334929951815707e-03 8.311169372095186672e-04 7.139670209070592089e-04 5.280136550186434116e-04 7.651172966251758301e-02 5.698131706371953493e-03 3.933062357261601569e-03 2.071395681076363565e-04 1.580975291526704666e-04 1.126340732358977126e-04 9.952127741074389691e-05 4.589743783155646260e-05 3.713579312095429091e-05 3.686557643946306408e-05 4.640650535495588941e-05 5.069308712958840610e-05 6.341433564925067553e-05 8.930070856604226809e-03 2.076477459526239466e-02 3.122925635011171430e-02
1.546898513851534132e-03 1.764713913838551708e-03 5.792053240294995839e-04 1.000356958488687930e-03 5.165966479362712853e-04 5.034582648159489308e-04 4.441549416737451553e-04 6.024938573789709404e-04 8.143799091671931941e-04 3.630327694858255386e-04 3.346077596729626685e-04 4.319165895972637038e-03 8.751289130792415296e-04 5.852706702415586904e-04 3.149302121606499917e-04 6.325990512175549019e-04 1.689321353959464525e-03 1.252032931663894940e-04 5.915178663205530770e-05 3.293262213678751051e-05 3.261851191019336462e-05 2.796521188801549861e-04 1.972164907499018469e-04 4.249766575203938498e-04 1.255191149190635930e-04
1.010079637801822739e-03 2.531859521053295582e-03 1.254876135882171222e-03 6.221087216818976329e-04 2.367822431360428717e-04 2.780865199394476502e-04 1.244649371805221446e-04 9.629668995644893544e-05 9.851534587225759345e-05 9.791716774016457703e-05 1.002152963880946517e-04 8.892628628534805714e-05 3.137733170137491740e-04 5.920948613520855093e-04 7.662884032885561205e-05 9.868791450772577273e-03 1.153526389583499237e-04 5.863956410029323593e-05 3.890990342662159458e-05 3.188427759341943055e-05 2.107844244429184677e-04 2.796398493568576704e-04 2.641552259882790012e-04 1.159123947131572879e-05 1.911738403064884757e-05
9.383504545294641883e-03 6.269414760337412885e-03 4.103923982177581226e-03 4.971631266382703883e-03 1.320368111306099903e-03 1.067654487905352100e-03 8.257659802607676377e-04 4.877823698894448380e-04 4.584520055632239073e-04 4.476486421227296431e-04 5.900491686603340918e-03 3.433141554044745534e-04 2.719501521018923029e-04 2.127925217628738239e-04 1.660862333017889072e-04 1.359333666438831696e-04 1.490646937334943805e-03 3.518369040878140640e-04 5.878224792592172919e-03 3.170372248289917566e-02 3.937377118513411801e-04 2.146014850370726271e-04 1.244600237512914992e-04 4.750419959109418704e-04 3.343015241550415374e-04
2.964499607982685678e-03 1.988189388169768479e-03 1.105187595766353014e-03 7.183655582432142391e-04 6.210245420262115344e-04 5.493022121111809349e-04 8.461865275524155629e-04 9.383977733950665161e-04 6.339938050749849893e-04 1.468490263984441975e-03 3.761032454973970698e-04 3.499171477075690398e-04 1.997985572686152868e-04 1.640281040441364069e-04 1.245432360218605200e-04 9.332359589146669145e-05 3.409352660889212430e-04 6.552416799903929966e-05 2.370182285146839004e-04 4.054040260231038479e-05 2.313534889280373309e-04 3.442203987898651246e-04 7.728308782204549210e-05 2.649958699414978734e-04 5.263217573566927182e-03
1.842403418276163324e-03 1.477663602349633433e-03 8.162192416103252520e-04 7.417900179517553007e-04 8.640760012443199399e-04 5.005847168228260216e-04 2.657928519105389581e-04 2.321121422068095634e-04 2.758666865561694914e-04 3.263375530655219852e-04 2.800586192371925230e-04 6.437323833788613676e-04 1.828777206931046860e-04 1.870982177946542359e-04 1.369640390094740349e-04 9.199597254006053120e-05 8.387894292869111355e-05 3.488415941561940421e-04 1.296920913035880534e-04 3.281129644527487079e-04 4.601293554304575120e-04 1.338347065919582874e-03 1.313336580960273233e-04 2.680656040622700419e-04 5.413242173633477355e-04
2.160581796007055716e-02 2.485315440856154801e-02 3.445716607901459783e-02 4.657411607422804085e-03 3.115620023748929841e-03 2.195847197381793105e-03 1.687662183244644865e-03 1.015009794650123141e-03 3.797099496289438325e-03 3.417183719980164749e-03 5.586095179253355988e-04 4.172514010689180332e-04 3.008019323415857260e-04 1.853929351841317565e-04 1.013000573116768302e-04 7.057992099896166879e-05 5.946900552999503150e-04 7.066098578109190551e-04 3.447210787263057835e-05 2.806258678221492631e-05 2.032093171729042587e-05 2.931520613599536591e-04 6.511023970871785424e-04 3.788070241060688192e-05 7.622838924251689667e-05
2.849031076856603506e-02 2.260662483642904286e-02 1.359550439580664745e-02 5.512969704801823183e-03 2.723047732524072357e-03 1.173939935948505042e-03 1.274898829583940175e-03 5.559618573600772461e-03 1.011596129412537350e-03 5.463258313715682254e-04 5.054909564781435820e-04 3.968029498829532455e-04 7.609702531758086872e-04 5.204803953342155903e-04 2.503392868644602220e-04 8.976728084295444113e-04 7.450418685414933082e-05 5.790431458596217225e-05 7.334417579172927150e-05 3.322694601782608939e-04 6.658307711455211232e-05 1.890811133752041615e-03 9.611326688582772079e-04 3.405218977110545039e-03 1.018722193912614468e-02
4.095817011245087187e-03 3.502929947928354413e-03 3.301529762161582639e-03 3.120228467631028582e-03 2.146674555967701022e-03 3.062068707025771084e-03 3.490162922056136083e-03 7.771588009475135150e-04 5.739750814289144853e-03 9.963019457423943383e-04 2.875424557553100165e-04 1.668596312093574292e-04 1.759057904414789981e-04 1.180618257347067326e-04 5.161039304603996618e-04 1.364295943465754050e-04 6.392702679227181062e-05 5.489862783147261019e-05 4.791600875542506875e-05 1.597901617869522785e-03 3.189534669401855805e-05 1.309438441983879625e-04 2.024471430481000799e-04 5.316417449534409628e-04 4.407573431917432888e-05
1.680927200716463704e-02 9.206867252621221340e-03 3.059956639039211699e-03 5.151292822087144910e-03 2.777101684084830584e-03 1.560209179924118908e-03 7.714379981383516277e-04 6.883471467978646233e-04 6.385716762482108533e-04 5.952966838530257890e-04 8.719173646192187634e-04 2.011703397297151009e-03 3.495842680964741174e-04 5.317919944946612222e-03 2.269224378328957379e-03 9.357848378505320068e-05 1.397413001761907100e-04 1.158910038275186435e-04 2.534495874760218687e-04 7.638177607415651271e-02 3.402924219097848250e-03 8.291362258474811037e-03 8.010703149745815451e-04 1.663375548055319800e-03 1.826612609829768525e-04
9.723430827362350426e-03 4.361078922547021418e-03 3.806709491785156135e-03 2.709878442994225704e-03 1.698169242636227540e-03 8.671196561104094550e-04 5.913236788723353439e-04 5.275710606164645466e-04 1.787867020488496158e-03 1.076060488043129341e-03 4.392018394211693591e-04 1.006537630356111115e-03 2.698841388808587106e-04 2.041838348938361200e-04 1.488527071886869952e-04 3.823257005869521493e-04 1.583691661544412539e-04 1.864253352987996486e-04 3.177267752688335870e-05 3.089552744202093471e-05 1.378562502574523236e-04 3.153645435710241817e-04 3.561048569360700006e-04 1.034715022026678295e-03 1.109086326548274978e-03
4.385399687177583133e-02 1.034097431678649981e-01 1.727495915228787760e-01 5.972622180025898703e-02 9.929363157237447099e-03 2.028594602524677170e-03 7.586730393706558970e-04 6.605913807558420892e-04 6.261005296427402415e-04 4.257511428907253853e-04 3.224602130674063824e-04 3.120425431228512772e-04 4.270329001715500797e-04 8.186182001267480876e-04 1.296962106874094672e-04 7.152839657199800197e-05 6.021843436839848695e-05 6.216951395260948232e-05 5.986326169988981914e-05 3.530581762293289475e-05 9.742823559112525440e-04 3.967399952086970793e-05 5.629092282467841986e-05 4.752051162790281013e-05 1.575793894144365825e-02
1.877028679831851607e-02 1.143707333983192201e-02 1.294266678186597672e-02 8.561792447024442129e-03 5.862307261987659626e-03 4.502418840784099680e-03 3.320991528963652961e-03 1.097295704801062172e-02 2.902728480045693032e-02 1.097494900397202357e-02 5.007894192628161399e-03 9.773458927067339621e-04 8.344173958631249987e-04 1.930146153354445233e-04 4.105176959491443423e-04 1.624934932195221538e-04 4.261135190254698377e-04 8.304237320131652536e-05 1.163684708446730432e-03 1.680544328254403113e-04 3.410237282511907738e-05 2.466148660748828519e-04 2.840510166813921226e-05 6.136306434836951394e-04 2.014211022855345293e-04
2.797145821128925805e-02 2.036027452409029659e-02 1.425329501874140863e-02 1.089942484234686544e-02 6.565237955126339807e-03 1.601584282920623424e-03 2.337193021163159763e-03 1.685518997523796419e-03 5.322939597579446486e-04 4.018505610320633999e-04 3.195787254862278914e-04 2.746553005165438925e-04 2.404502132082075622e-04 1.936075509478534385e-04 2.196861216379567569e-04 1.288824094650690868e-04 7.851578830132309255e-05 5.797480202585377466e-05 5.316200955158644734e-05 4.677865682676670095e-05 1.270523986867635373e-04 2.759354081903256091e-04 1.596463842362750522e-03 5.647684861415621163e-04 3.698406545335253845e-04
2.011905298940051476e-02 2.068302146735281205e-02 2.263876455576901980e-02 4.554107998395038465e-02 1.694897218299106292e-02 4.987621607880388629e-03 1.090983447167485345e-03 5.493767706956767310e-04 3.817011744604096842e-04 2.825463589485776228e-04 2.504380996872747280e-04 2.039125131633134328e-04 1.603892564327437039e-04 1.139878731139723484e-04 1.188450365442281518e-04 8.677128736657847667e-05 2.879367581202733374e-03 4.710702737740200298e-05 3.091081983374618605e-05 4.745653638590795382e-05 2.339864910034596980e-04 1.732529500014918589e-03 2.171482622785297749e-04 3.751852659734317488e-04 2.718099350612724154e-04
2.311572936257065558e-02 1.738221569092448029e-02 8.315009583565005288e-03 4.294419827834576771e-03 3.606969758076689764e-03 2.132888941808647014e-03 1.496374692472656875e-03 1.711429267069252119e-03 1.621501930400914317e-03 3.807230998546335884e-03 4.681489716653721225e-03 4.702984957236597285e-04 1.709527928805499111e-04 1.075487749674316248e-04 4.235841583775785913e-04 1.357940666005114528e-03 6.416469608815856727e-05 4.291140413794303031e-05 3.175738810776541714e-04 2.986642108483745389e-04 2.734471543137570113e-03 3.623798188028275365e-04 5.674912655013768974e-04 1.344019228096351125e-02 1.874875901914061795e-04
5.591002832529719073e-03 1.846720542016927914e-03 2.024332555506277043e-03 9.804082150159643388e-04 1.247077537588555567e-03 1.027511310475972238e-03 9.092604507161768969e-04 1.705100591728828888e-03 2.728022659203250665e-03 6.062029950356414686e-04 5.441053946260857380e-04 3.002870108720508114e-04 1.597528620916258536e-04 1.284616332609260264e-04 1.291292211545932446e-04 1.243945872277226134e-04 1.180113850210420183e-04 5.191090296790117097e-05 2.811647033414393910e-05 3.922747484422224422e-04 1.945784686098053307e-04 4.371806854448666768e-04 1.558797134526678104e-04 1.399838489208171785e-04 2.819743482164445512e-04
3.397307461995254657e-02 1.073561209098578516e-02 5.591102439718202526e-03 7.818245569825910124e-02 3.595130464856619579e-01 2.262708013442013121e-03 9.191203233392490884e-04 7.970588195570426845e-04 7.006103867679318656e-04 5.197766164725595292e-04 3.891032217020711078e-04 2.817692615519712894e-04 2.029329340559294867e-04 1.576988077904121772e-04 1.287154653012529619e-04 7.310637643732286969e-05 6.503748007612617193e-05 2.172697546959712132e-04 2.121612075106562179e-03 1.800269527055101473e-02 2.214579235573858049e-04 3.685556597717307148e-02 3.994915546698216027e-04 2.537589221334691364e-02 1.944752063991905962e-04
2.836902189601617566e-02 1.025921928697939856e-02 3.981030693413515828e-03 2.021295337585495358e-03 1.093827094831964454e-03 1.017475090985822499e-03 8.468932492959459039e-04 7.896879307673323111e-04 6.812373951984306312e-04 5.166524157760330003e-04 3.685672766441993936e-04 2.705070391516939485e-04 1.909141810220355050e-04 1.453633252337826109e-04 1.246321228079771482e-04 8.981287158135042728e-05 3.377239683797093254e-04 6.019090482846775120e-05 7.693099264839616284e-05 3.021951448124477347e-04 2.038803916644989223e-02 4.920655006294637895e-03 1.331009930481835701e-04 4.048350233240240095e-04 2.297953401396196377e-03
1.905777398226158117e-02 1.652619319653480731e-02 1.357897614488265924e-02 7.076677238514262128e-03 4.238633771017069098e-03 1.117588439169096576e-03 2.407305089251309677e-03 2.337496537485669358e-03 7.052747474874409596e-04 7.244648931228670798e-04 3.693000595851725484e-04 2.806844143155908531e-04 2.062877365839325863e-04 1.464830840719968821e-04 5.215078453012927679e-04 5.384073607325475354e-04 3.094620357792884804e-04 3.809693052528738720e-05 3.520739779496402563e-05 1.228057566873120773e-02 9.236172849129717182e-05 3.706375982681072508e-04 7.818513952696404972e-05 2.600677608166340336e-04 2.065234832359761144e-02
3.181285139642811045e-03 2.516141838002562692e-03 1.974288763737690969e-03 1.764652158607143062e-03 1.476949491289251872e-03 1.229198912761063052e-03 1.103701326418322611e-03 9.641367431154086037e-04 4.762508871420029276e-04 1.591705111771403122e-04 1.304342029872791037e-04 8.975382416961141569e-05 7.021596072857887649e-05 6.265937470731451772e-05 6.348446385458915593e-05 2.738516391829582211e-04 3.568015601237774394e-05 2.366263516477140340e-05 2.690289022604936808e-04 5.497585847959972620e-05 5.716612425542947381e-05 1.447344660276309416e-04 5.288401200936126924e-05 4.618843601313739116e-04 2.615615409194199854e-04
2.828599681029165050e-02 1.736320954146925236e-02 1.107498929801475386e-02 5.963195432606952125e-03 4.626024998754439677e-03 2.639436629816628750e-03 2.448715573440964598e-03 1.630723656285826837e-03 1.381092749819453269e-03 6.034384430404182405e-04 5.865766710595075525e-04 6.802835781626977900e-04 4.288468160951651670e-04 8.567913335660119192e-04 1.911975871380850941e-03 3.906530637455144297e-04 2.339424332925335028e-04 1.188564904057901837e-04 8.057536410363214455e-03 4.043299495285718561e-04 1.875235424095239882e-03 4.446530182520286724e-04 1.254911683296151207e-04 1.833162841582817483e-04 3.136816980643361064e-04
3.524078566580931410e-02 1.618297280845730490e-02 1.020864004995675374e-02 8.647909022651318819e-03 2.587825171420989143e-03 2.093565728604498705e-03 2.104423153099289987e-03 3.112863818373935026e-03 1.279449354056943697e-03 6.144822979330049435e-04 5.103135723770492720e-04 6.873836413540764705e-04 3.139864214823678726e-04 1.608786310432900159e-03 9.713242747083801476e-05 3.914773708773079154e-04 2.536573823346333144e-04 2.798947757307115259e-05 2.831886739051080884e-05 3.207782923746825402e-05 3.710486020628350409e-04 1.519395480399428344e-03 2.046982039042361784e-05 9.624677147082105278e-04 3.090650911748312715e-04
1.487102473728930778e-02 1.711321071755288886e-02 1.195556494228393503e-02 7.166025813313150680e-03 3.289834586107675575e-03 1.732694692085843180e-03 1.711896893673484467e-03 1.998587450141976665e-03 4.810157604665929974e-03 1.388106234635556272e-03 2.525360307678965136e-03 1.123719785216954758e-02 1.382439052413490061e-03 5.223152919017664056e-04 9.380691848022188091e-04 6.115085862898419523e-03 1.897165876359424672e-04 9.548971460628306288e-05 9.262299012489603198e-04 9.141236996775758625e-05 2.768430546161812392e-04 1.358690279892310572e-03 1.461891338941669863e-04 2.803880773589616975e-04 6.075901156772427160e-04
1.928163710082079693e-02 1.448879988025596720e-02 1.267172082841124849e-02 4.767954257023625068e-03 1.934554635180525803e-03 1.006648272459365143e-03 1.004591806166493361e-03 1.776950221319398369e-03 1.336509430170760848e-01 6.198243136429471868e-03 3.304722972456009336e-03 3.245520984202609604e-03 6.080931532147055077e-03 5.303351375345958726e-03 3.642882652940644867e-04 1.872473941107954628e-04 2.710947224450324980e-04 1.156728758132312017e-03 6.775046853668333785e-04 7.044892381914221087e-05 1.685739642994030099e-04 1.902267891049274018e-05 6.609203560792122393e-05 3.158640749758066742e-05 2.007226927269380342e-04
5.774454248850101161e-03 1.882058819097266397e-03 1.113010593042354371e-03 7.957043216464572410e-04 8.200624300448087741e-04 7.868593810364879482e-04 9.290697318075640150e-04 9.813315490346220197e-04 7.970218628000423199e-04 5.579603151750955805e-04 5.277580888237031918e-04 3.654461831452393279e-04 2.452845146776214493e-04 4.907613974511711901e-04 4.093186084936838664e-04 2.638305497121099788e-04 7.726974013213397450e-05 2.691954990418495789e-04 3.593681242650704615e-05 3.775847424984205442e-05 6.863479426400902184e-05 2.937819931331059909e-05 2.056146498335117490e-04 2.021585312706090736e-04 2.868024578987535961e-02
2.062221213240836293e-02 1.886934577651850145e-02 1.689445091537151306e-02 7.535037273112928091e-02 2.413415821680338705e-02 4.204492944316065225e-03 2.489213796154381673e-03 1.333463974198400345e-03 6.855700737867592926e-04 6.865586402661137634e-04 4.383928071756167783e-04 2.616507548834991247e-04 1.832374722891191843e-04 1.326300472065753279e-04 8.151109467455518219e-05 4.973109502864113358e-05 1.444343691373545062e-04 1.349872329533541033e-04 1.215789215457460139e-03 3.083233115088308786e-04 2.132876851085416681e-05 1.817736717199222482e-05 1.976009248050341260e-05 2.950379413496037910e-04 4.987007939612763145e-04
1.042650694849193635e-02 6.008792808574980188e-03 4.939734564069798994e-03 1.628911285234151433e-03 9.492828471939551488e-04 8.518280092615704638e-04 1.397617225931857944e-03 1.333577615137269317e-03 1.085779172583701234e-02 9.768383076042147246e-04 9.580152812678243476e-04 4.725278854160384207e-03 2.895814982490125416e-04 1.314311262784740556e-04 9.202861037493842509e-05 6.144058993032351212e-05 4.325189886691171911e-05 2.917496558778148697e-05 1.861524519510083316e-05 1.908195888439992400e-05 1.804801799535016849e-05 2.530481519518496696e-04 1.894522771274229642e-03 3.006974840370092565e-04 1.880331705510453937e-04
1.625255272698219317e-02 7.245062264169132779e-03 6.815238857458569798e-03 5.473865335987995739e-03 5.037955246917672283e-03 7.929489916057547161e-03 4.622600157842242027e-03 2.435972070489474724e-03 6.107423415827767680e-04 5.179289061908637403e-04 4.107827879675209830e-04 5.554750921370889098e-04 1.981218809649378497e-04 1.312933880734339477e-04 9.044836391584743364e-05 6.228676058714069299e-05 5.122159897639666959e-05 5.235115928306927215e-05 1.132420138283439254e-03 2.593877492108145649e-04 2.804233327114729235e-05 1.525933538301301877e-05 3.999783339878456787e-04 1.576548199154035077e-05 9.063169652261650008e-05
1.565282018734123932e-03 8.812576679686370904e-04 8.015795792924519702e-04 4.433837878224374885e-04 8.410687196310798154e-04 8.406304249570840416e-04 9.849372601102393023e-04 1.075658306902165092e-03 5.272325464489993141e-04 3.506574679962006446e-04 2.156444538509686587e-04 2.053607488091979151e-04 2.216258107939774282e-04 4.746976887415692552e-04 1.048705370079033725e-04 2.410531612021860103e-04 7.056232869105196241e-05 7.177591905860697906e-05 1.793086896456706607e-04 4.168158603868871018e-05 6.648450542641170255e-04 1.911765805319961598e-04 4.263839259380134512e-04 1.021748160192597336e-04 2.163941284931973397e-05
1.060082978670637104e-02 6.895522645645934569e-03 3.950374742482709416e-03 3.586726655854416933e-03 2.118875014838679429e-03 2.042054279470095681e-03 3.230927670942753370e-03 3.317325625751158663e-03 8.176520964042774484e-04 1.546106087688946598e-03 3.816807334268839140e-04 2.617059555904660117e-04 1.876603523515574386e-04 1.250463037946917633e-04 8.159320090886855133e-05 1.563669638605716112e-04 4.089573308067683796e-05 2.269324283213926242e-04 8.849100406110777970e-04 6.988660817628459783e-04 5.789728141281439951e-04 2.104049543536740498e-04 1.392785111246165781e-02 8.759066771939482418e-05 1.121284611006476893e-04
1.034602128829752686e-02 6.007519667058829407e-03 3.827162272398535424e-03 3.001198491483537522e-03 1.693292059071532709e-03 2.712997724244070076e-03 1.700254378090309496e-03 1.429735988496245915e-03 1.007240726948330266e-03 6.163290404923631388e-04 5.744980021284906355e-04 4.930975635988794382e-04 1.018772971322982586e-03 1.524190353563981940e-04 1.079266301042769113e-04 1.646817445087635494e-04 1.531531442302023821e-04 1.160013600956106162e-03 1.595522642914219517e-04 8.113720549136619795e-05 2.718510186344074223e-03 6.756746924998148929e-04 3.593482961215325490e-03 2.066274444642646549e-02 1.688798703331202411e-01
6.996331476191459259e-03 3.861147688357556389e-03 2.170455182872006554e-03 2.977566848000208315e-03 1.581575100310496232e-03 9.051505404653421502e-04 5.924545529270898187e-04 9.256776640606045404e-04 1.110019980150550199e-03 5.750865503695973789e-04 5.665490662411487013e-04 9.794661598921561730e-04 6.917293496176922171e-03 5.689071050338958668e-04 8.161488667127772892e-03 1.227500628460042546e-03 1.078111420565258595e-04 1.263786139771455347e-04 2.832511831776035540e-04 2.249900491317222899e-04 6.709850395443323545e-04 2.463091206725971562e-03 1.773769090567755280e-01 3.596968988858687401e-04 4.741588652575218395e-03
1.606167299792947076e-02 1.265786747616711762e-02 6.219230617497377087e-03 1.546757033824519090e-03 1.001486211467252346e-03 7.315576883414832889e-04 6.700354811960833367e-04 7.002418635535856200e-04 5.014024670578570925e-04 3.629340527574971336e-04 3.029056908726034439e-04 2.758852898386908708e-03 2.314872191655911943e-04 1.575203779721043762e-04 5.118639307114345588e-04 1.083159253753558871e-04 6.868588048428054822e-05 3.219180511395722353e-05 5.930837855914266682e-05 4.729441641470589998e-04 3.438830359834501476e-05 5.400399509676675114e-05 4.337785842360874122e-05 1.749604599727712351e-04 8.293299929118782741e-05
7.273905905457765187e-04 6.092836515106489926e-04 5.155606868320083448e-04 5.061918787158542227e-04 4.069077245217892695e-04 4.131398909921390940e-04 6.710779853869791112e-04 6.003930610733289666e-04 3.300957000388966183e-04 2.613628146098182490e-04 1.424648252618939477e-04 3.466283519635034562e-04 2.303609489151288350e-03 9.664313244688824437e-04 1.251043625171808116e-04 7.048035922571124605e-05 8.909006389918985630e-05 3.069545342969260001e-04 4.920886912198769043e-05 3.023554491879708642e-04 2.024268805347793302e-04 2.634684340534408056e-04 7.715961463451496971e-02 5.082912375828508699e-04 6.599363648872120169e-05
1.500995926100223699e-02 9.275632543395822063e-03 5.803582813712233716e-03 3.627602601391442892e-03 2.709930095296851724e-03 1.815691156035938430e-03 1.374799346021751733e-03 1.179756264308454801e-03 8.399530132885849130e-04 2.734561924314513059e-02 5.413111359792316564e-03 3.170690398384042648e-03 5.382451535290776017e-04 1.368655799642511421e-04 1.609651839653158825e-04 4.552273240073032978e-04 7.092288543921814413e-05 5.682711541066620909e-05 2.818274247465145550e-04 3.650865389162638412e-03 3.683322771705836002e-04 7.309842405315169654e-04 6.134976265608037618e-03 2.506278100745300903e-04 2.899032176904961858e-02
1.508068445545356073e-02 7.879396044966287954e-03 6.058247652554070786e-03 3.440927438729279343e-03 1.625595975468049296e-03 1.248918925091958235e-03 1.429186949656306108e-03 9.574294720327851307e-04 6.867361508873646341e-04 7.739895011205514055e-04 1.536118106936596459e-03 8.748367062056625629e-04 5.560647018688123040e-04 1.772249187241244149e-04 4.139841779007231992e-02 1.222845905849138937e-03 1.143736609215182358e-04 3.279619253991504697e-04 5.335578058411814909e-05 7.753373280098790443e-05 1.158336072637760624e-04 2.843380137185639307e-05 1.001754194687613298e-04 5.028182701673024335e-03 5.566164371329766596e-03
9.677975146895057001e-03 9.075489323807726244e-03 8.755442157969734948e-03 7.446246485086384370e-03 5.534112216643775721e-03 2.900634143864467673e-03 1.313721351202962444e-03 7.193538946748708049e-04 5.990425197284773113e-04 4.844488190723923293e-04 7.530582894912381904e-04 6.550043819096972725e-04 5.859260900511017132e-03 6.380360255940965321e-03 1.787729087645738215e-04 1.107892749162684874e-04 9.291050641871948955e-05 7.659006676647121413e-05 6.430141294675114120e-05 1.508420469996570859e-04 5.996790648044473225e-03 2.763099598040119273e-02 3.852250065962616759e-04 6.147958096830531466e-04 2.702825650675029869e-04
1.601430264048140512e-02 1.380330277170205462e-02 1.007439671188687519e-02 9.074517938341393128e-03 7.371621092218650327e-03 2.367514218519996619e-03 2.578607066238136191e-03 9.924754894265416533e-04 5.385029476601773833e-04 4.574483093100084889e-04 3.473862488111105875e-04 3.360232393295173770e-04 2.481060900000695360e-02 2.178503993634171290e-04 6.069420701834233808e-04 9.610815931450858863e-05 6.014681985303129254e-05 1.632566370638222650e-04 3.635761941885707851e-05 4.216264121881264633e-05 3.426827220090847178e-05 1.126968193114137368e-04 1.030320155380020497e-04 3.770457010361241441e-03 2.419035182921183886e-04
8.242690279126815844e-04 7.328594464111048978e-04 5.357708826257884032e-04 5.970873581579896460e-04 5.239849960772435984e-04 4.708644282808744524e-04 4.445036353323847476e-04 5.353957445897426521e-04 8.926749206839172191e-04 7.128454883277947959e-04 9.832914309034180515e-04 3.211792448258460613e-04 1.210525915839727733e-04 4.615419087812996620e-04 7.853726501920282844e-05 3.797308403536896280e-04 6.152607790304690817e-05 4.972218451395007428e-05 7.725541956006243781e-05 1.424593122949228854e-04 1.995043767200260082e-03 8.639474129539136322e-05 4.511733734181083905e-05 4.215551424772138360e-04 1.017015072580725521e-03
7.382150961717589980e-04 1.189474399052097616e-03 6.239623113423361763e-04 5.514200070573698279e-04 3.067503139834811985e-04 4.117217658697373502e-04 2.454457340782793969e-04 2.955847234173707605e-04 8.768891370629417793e-04 5.101551433080259114e-04 5.160264426019152374e-04 3.189371130611999279e-04 1.394909149463865929e-04 1.076717991430617898e-04 1.188163255799989644e-04 6.966631296024723436e-04 6.080654941564843678e-04 9.474627095352394443e-05 3.384829629197490123e-04 4.671286299720198393e-04 2.835699996327839062e-05 2.013611757093078879e-04 1.991357772760609757e-04 8.156021769670777260e-04 5.501810282104518338e-05
7.533031862573749335e-03 1.640041629276748486e-02 6.253595780840955944e-03 3.866580993708881777e-03 2.702674154323443743e-03 2.021141337803531411e-03 1.277598151243113968e-03 9.834416212930441846e-04 6.885603680363734658e-04 4.421558457072725609e-04 4.382973894074608480e-04 3.971568002488982518e-04 3.211188087140779204e-04 2.348171598898693684e-04 1.711044955050065939e-04 1.211970367539480688e-04 4.082452736438882618e-05 3.250899843664406584e-05 4.546436079860514821e-05 8.642841463116499371e-05 2.352367435206340811e-04 8.768824905812708237e-02 1.334469725862784048e-02 5.014879221971674846e-04 4.361258296601789805e-04
5.516940738902486631e-03 4.243409340019668741e-03 2.551097096349336062e-03 1.146958812574108049e-03 7.047767342679472826e-04 4.583335795040721205e-04 5.976968605319019122e-04 1.141271773117365175e-03 6.592866060540196081e-04 3.701032902568031748e-04 3.048944376765483225e-04 2.493504942840149932e-04 1.843528038175854770e-04 1.307068300485534826e-04 9.897614693040364408e-05 6.567405263719474165e-05 3.926720383616417006e-05 2.442191261033503511e-05 2.121983806534955103e-05 2.025466259374378763e-05 3.558819086888215385e-05 1.615262462914636351e-05 3.438741887597771582e-04 6.126531998208327359e-04 1.596889567651514055e-04
1.351676230561634461e-02 9.205815618945114784e-03 7.822646549578754840e-03 5.308309656004882131e-03 4.819230580692347374e-03 3.503262579358979237e-03 1.634669892255843048e-03 1.318513569967461356e-03 1.707397056922001222e-02 6.234370841618856046e-02 1.031035558287544474e-03 7.189583981582865161e-04 2.636730642926852705e-03 1.363922555313242706e-03 4.279360773001534917e-04 1.907536060027162752e-03 1.617147362804835162e-02 1.157842254696026386e-04 4.968149345819489844e-04 7.758042814238441903e-05 1.719718235989197222e-03 4.216039220550552415e-04 1.608874318449405238e-03 1.854188230110982456e-03 3.406461148957893388e-04
7.731097363568445457e-03 6.499111991637106754e-03 5.953956508422541746e-03 4.720928658665591790e-03 4.405457352529147143e-03 3.744251395485423146e-03 3.151867172655715716e-03 3.095547130596966977e-03 2.016136367545439539e-02 4.650007621422334869e-03 8.413360548921695143e-04 6.361408974200797543e-04 2.389324288131912497e-04 1.738683000652477783e-04 1.274835267425227132e-02 3.123301199240208952e-04 1.644934927308709281e-04 1.307557115108240854e-04 2.759933521287488332e-04 2.679902044103169207e-04 2.373548217456032086e-04 6.365930701531004191e-04 1.232927363157868515e-02 1.310280878167116591e-04 3.564440008299274670e-04
1.619429514265985706e-02 1.185870290906371541e-02 6.450123407823218219e-03 3.167971480500653050e-03 2.010786992046351834e-03 2.216252584239846325e-03 1.326394051370891752e-03 1.118107777228947780e-03 1.360398844725143642e-03 1.331209357751216319e-03 8.593206941327674380e-04 1.076082711334998840e-03 8.765213069945945734e-04 2.987802966576574761e-03 9.383985192777097089e-04 2.238996840049043823e-03 1.445454837553499796e-04 6.343596649624182204e-05 5.494815783667575962e-05 1.135483904331928634e-03 6.783933380563868416e-03 2.776890273166976951e-04 1.876341182889129308e-03 1.940190623853835889e-04 4.699792465700594894e-05
1.497238102951892885e-02 1.315451122812481485e-02 1.187841641881763437e-02 9.878480145281238675e-03 1.042509905715746643e-02 4.517134447670516882e-03 4.392979872094391475e-03 2.647461822665119445e-03 8.978165525743073399e-04 1.059098324506448042e-03 2.651376955367990007e-03 1.528107743422113269e-03 2.229650673080696714e-04 1.191119644205289622e-03 3.200469880252189425e-02 1.793686115934175465e-04 1.017770811700459974e-04 2.237533490664747647e-04 7.042023045475574923e-05 5.852804917536471414e-05 3.914670554295942889e-04 3.153947676479023124e-04 5.636571474011995396e-03 2.269223638141298167e-04 1.422254771126252662e-03
2.706036057007105491e-02 1.855761042204712510e-02 8.308407728575866596e-03 4.719900577983483954e-03 2.695711250460794406e-03 1.007418525094374824e-03 5.723314640071853554e-04 4.417425205754984662e-04 4.190863703732737090e-04 3.590314489211870607e-04 3.280773059401815238e-04 2.755600357337660415e-04 1.706883902169951343e-03 2.136121321763187052e-04 1.142727107638505461e-04 4.225135467782461184e-04 4.290495818321780230e-05 2.315390722432777732e-04 1.072479576641398411e-04 3.019535626548981808e-03 6.956075475347550316e-03 2.202341797621490741e-04 3.355460250553297073e-04 2.469855578393246459e-03 5.853349082160227285e-02
2.494236119762454837e-02 2.085113182875387647e-02 6.541946084678828925e-03 2.703205162833633487e-03 1.074711380986764948e-02 5.378017568227783790e-02 1.710158387258565093e-03 8.322698166127284573e-04 8.435834461966393869e-04 1.013010736013229699e-03 2.325119914190565320e-03 2.788004166822001268e-03 2.346505680250727632e-04 1.698851495123631739e-04 8.801033381778512006e-05 5.238866092609706181e-05 3.203112730189078185e-05 2.359951002298794968e-05 2.075581410029709372e-05 1.924488957216063476e-05 2.154389048054050854e-05 2.981169008127124501e-03 2.560535997762684608e-03 1.897309265469653060e-04 2.671632500050872736e-04
4.538022705415380685e-03 4.707288297280223452e-03 3.389468083443056366e-03 2.551430343687044466e-03 1.935099430280343277e-03 1.535550238249478415e-03 1.034764520638336996e-03 2.299807231093071395e-03 1.920523995770941333e-03 3.271720592275065460e-03 3.103088980607138832e-03 8.532569137725985395e-03 2.318334350975879781e-04 1.697329801598922356e-04 1.174986305938590503e-04 7.073048845035400344e-04 1.759607599715069109e-04 1.290827120199662973e-03 4.075778352750654811e-04 3.366136596511504729e-03 1.401801464341454113e-04 1.869758510037018381e-04 1.637919686182726792e-02 1.746464121556788379e-03 7.592207944972729529e-03
3.969513966430368059e-03 2.671533387116543923e-03 2.098893815054876134e-03 2.614292050252314727e-03 6.664559023010402199e-03 1.718771141767153066e-02 8.950148934709471066e-03 2.013110757412427294e-03 1.997529516802099437e-03 2.380328813151311174e-02 2.349381063966145093e-03 6.526023962360695194e-03 2.141921059927977483e-04 1.735962960212196992e-04 8.623084247361026237e-05 1.533220526676324421e-04 6.947070395670398857e-05 6.450329603240208525e-05 3.454843598042473104e-05 5.332188166927676835e-04 1.826920928764065491e-04 1.726352648728664613e-05 1.323693889354194503e-05 1.394361025861956600e-05 2.166836023777617991e-05
5.454581577585054450e-03 4.247363345876993372e-03 2.510953072420349028e-03 2.085853216205796248e-03 1.603076176590159316e-03 1.024732469461600874e-03 6.989110281550068400e-04 5.398085361220636468e-04 4.713361598591566618e-04 3.165335178817760644e-04 2.737987080101610886e-04 2.424261231366390006e-04 2.503568194132123315e-04 3.026768441192606964e-04 1.402133849124034988e-04 8.820619573150148410e-05 6.767986912250615575e-05 4.763036824181981864e-05 3.980397308560349411e-05 3.014875747555381140e-05 3.310138873224687667e-04 4.897490328186732134e-03 3.386676886532736380e-02 3.874150789504846081e-04 1.524219527809944782e-04
4.035657348010827407e-03 3.473112950070123255e-03 3.292234582446920341e-03 2.668637373031227614e-03 1.835410651408737708e-03 1.386793883083432431e-03 7.317567194113606347e-04 4.349084166072395008e-04 3.231344315798082814e-04 2.494123794996134461e-04 2.273506534822868075e-04 2.331399446547191860e-04 2.778681980074862380e-04 2.291914402290923377e-04 2.254801020362483634e-04 5.261972222849329228e-04 4.748397281440176407e-04 1.062403531408664562e-04 4.528999325993656247e-03 3.528831977102715647e-03 1.039409520801587092e-02 2.952723120722062534e-03 3.290184771832229348e-04 1.217727822889029125e-04 6.178375317638018158e-04
5.055564410916568371e-03 4.024476362882550319e-03 3.677387416543477072e-03 2.617241671445549086e-03 1.654316102037589609e-03 1.238155346705832344e-03 7.881126344831252111e-04 5.157607549031060449e-04 3.853431035082838262e-04 3.085713578301919066e-04 2.861503853593821436e-04 2.610528489232243673e-04 2.364364309032182694e-04 3.356873804633573113e-04 6.817692969304613767e-04 1.956228768865762955e-04 4.972849046769290370e-05 3.560251895180051377e-05 3.054918351318911652e-05 3.434948753397940041e-05 1.472014575123792779e-03 5.604141474861259239e-04 3.079744940375048375e-05 2.927264444417774776e-04 1.271079989126448328e-03
5.280655525278269563e-02 1.946638094173830033e-02 1.287250501276379112e-02 7.892527595891341355e-03 2.950947266377155782e-03 1.712330489999058227e-03 2.525718881508750690e-03 8.519150354891147359e-03 2.743997738007974800e-03 9.044920255754852756e-03 1.856459730264500970e-03 2.985885615878403261e-04 1.930303312668760587e-04 1.334755924785017305e-04 2.476745582208915225e-04 7.242909962998115236e-05 2.307617076840014962e-04 1.996556717261854428e-04 6.957090309544885956e-05 3.083145299613376886e-04 4.129286979013178059e-04 4.793757855125049057e-04 4.368463647868642274e-02 1.260535539700141996e-02 4.885616024087303076e-03
2.341594509524947635e-03 3.710337671790241241e-03 2.867669587517410797e-03 2.189350655363472755e-03 1.443115404535187706e-03 8.703387564589950675e-04 6.274373809588894377e-04 1.404788224760518704e-03 1.038422028024241564e-03 1.084282162672273869e-03 4.474775536012499098e-04 5.851665137388131939e-03 7.575499448278388446e-04 2.197159982146443182e-04 1.242284236824648075e-04 8.768575172027292771e-05 7.203001298584483473e-05 7.953583729457730294e-05 9.724240031551919269e-05 5.818408150141006138e-04 1.280719837578843346e-03 2.545559500327665989e-04 6.554166486571515659e-04 2.978152827509111117e-04 1.148167888190704646e-03
5.334542944679857186e-03 5.250929735385363381e-03 4.508779749014732267e-03 3.590421497071995868e-03 2.059255433440625692e-03 9.092642957828038627e-04 3.880462617798674952e-04 7.166523575186188990e-04 4.734516029911924636e-04 3.777951832001407643e-04 2.697646421297539114e-04 1.756521930042660436e-04 1.969697916593985624e-04 1.520356405743608522e-04 5.204055301112543719e-03 1.719312998588746599e-04 9.091907991527277855e-05 9.620442887058031404e-05 1.856047167065493538e-04 1.162796034754410776e-02 2.622909846571840498e-03 2.741551627362233054e-02 1.849439354330923227e-02 8.539625481305509677e-03 5.710191949224852244e-03
8.339597197088551017e-03 5.236119784496515508e-03 1.275056519545040559e-03 1.002863655591742197e-02 9.416767148262328996e-03 2.132348633040082042e-02 8.402261104135891334e-02 3.308573364038996847e-03 2.442324714091842139e-03 1.159616738044828409e-03 3.706009439879451133e-03 3.518545760500956681e-04 3.063848014638017236e-04 1.188886248158549592e-03 9.978589946663075569e-05 8.215493605512094711e-05 3.618636975530817854e-04 8.655351774224889045e-05 7.298246653995217885e-05 5.614162977778067729e-04 1.631924333263279098e-04 9.865911546958950132e-03 6.282193903567181515e-04 5.494292856533625912e-05 2.942006437733131474e-03
1.178638794868409022e-02 1.006765728091426303e-02 1.130693601893065746e-02 9.311484442703901396e-03 2.399230350944892357e-02 2.346051606752592653e-02 1.189129152526536767e-02 1.259976288769391536e-03 1.369180935124165392e-03 6.062726365115535948e-03 5.989729685188753669e-04 1.245813902679739462e-03 2.641506334253270524e-04 1.536935255410533233e-04 2.550678711188267365e-03 1.578182737215729132e-04 6.468403142413059709e-05 1.726250403949186466e-04 5.973791271550555693e-04 4.915587436761284490e-05 5.916637199088197081e-04 1.075204203183756320e-04 3.620601548376121731e-04 5.705137859414305228e-03 2.987564495858300011e-04
1.733851240650648162e-02 1.664671617902642106e-02 1.380303383814405691e-02 1.427836846007683215e-02 9.376947308403030604e-03 4.592143552381545805e-03 1.910690147328137148e-03 1.240380393833810961e-03 5.706610658370524745e-04 3.764425010851762802e-04 2.942682947538894636e-04 2.504456595407529768e-04 1.710045280544092449e-04 4.348903863157010052e-04 1.598857370380653850e-03 1.400279204792606092e-04 5.569118902659579397e-05 4.527720172027510724e-05 6.534122223254982327e-05 3.309054414415767836e-03 3.259685370529744459e-05 3.922778718851256869e-04 1.483160790703482855e-04 1.440509247698903083e-04 6.089688865328010420e-04
1.703301421025989887e-02 1.029087117620328985e-02 8.342368073520980282e-03 5.107069628886059219e-03 4.012491391497746522e-03 2.547813750093680645e-03 1.418979031788379121e-03 1.506664681615685992e-03 5.475898530181047379e-04 3.831863617157618218e-04 5.679986565002647465e-04 3.693158102479184523e-04 3.197190178022438841e-04 1.997748763069656869e-04 1.583654479214248781e-04 1.854685026062606135e-04 7.813814512019847183e-03 4.787898189194542749e-05 5.269483601393849722e-05 3.218273600847477929e-05 7.025874847651506427e-05 1.240900321839462762e-04 2.248181153394612775e-02 4.057276415150401321e-04 7.492506486184918402e-04
7.539284849850759473e-03 5.682120686689623272e-03 4.187862855182182542e-03 3.038346961660551033e-03 1.822386171261101062e-03 5.306922349686535312e-03 2.256826411760129870e-03 9.480635978765585567e-04 1.184539631040663595e-03 6.705865137075883286e-04 9.540684135414888951e-04 4.963253182079085252e-04 2.798154001476001575e-04 2.150761618143208389e-04 9.236509510396758934e-05 5.470481792718405478e-05 4.732168101147943702e-05 3.204325424702276576e-05 5.085312741588841369e-03 3.068570804469057081e-04 2.652476652343711458e-04 8.476038569214894920e-05 4.894935469447120389e-05 2.499368957987777940e-04 3.064692374653950812e-04
5.862551382709964981e-03 4.244374192778959873e-03 4.065738396998307656e-03 2.602464013795069767e-03 1.918703153477615501e-03 1.182070956936882508e-03 8.775879347674323894e-04 5.698131448790754935e-04 4.470337398375958640e-04 1.150790313889480656e-03 4.177968257911156193e-04 1.969556416714553237e-04 1.529121636463359052e-04 1.471210734012715006e-04 1.543371434820989198e-04 5.228504090811128937e-04 1.021812179910971258e-02 4.942024467580190435e-03 8.574960509530965558e-03 9.011575902706196056e-05 4.063942859582845950e-03 1.134300647176326613e-03 1.306483301149485333e-03 1.109852352865223706e-04 2.615997895459226197e-04
1.661196924046239032e-02 1.229649343720883720e-02 1.543091147079886025e-02 7.997384856115031040e-03 3.299005646290333136e-03 1.878884815443045272e-03 1.379140925773933045e-03 1.219175974900459048e-03 7.371492966372209573e-04 5.778279549530398714e-04 6.190353780023548792e-04 5.446233106426401306e-04 2.403750853764806319e-03 3.625034156343987738e-04 8.164857439217011368e-05 4.691226015907745499e-05 2.995908912032215748e-05 3.631730657076132876e-05 5.074301240921867744e-05 2.128086705033984692e-05 1.505676606180615261e-05 1.411954946221035756e-04 1.652446699361349337e-04 3.686303821087056785e-04 1.622014139308069493e-04
5.628960648459132438e-03 6.116396813751905776e-03 1.172596993514928888e-02 7.230653486851759508e-03 4.929480508113414164e-03 3.095723775778832110e-03 1.260900517478205163e-03 5.937320060012897700e-04 5.531823598725736256e-04 4.804300662021325410e-04 2.813699580008830045e-04 1.804385249519982893e-04 1.279152992067009306e-04 9.755567357350561667e-05 7.218741727103409635e-05 5.072243434920202488e-05 1.162460122539944615e-04 4.610516697239797795e-05 2.501386300474342511e-05 1.854391640570812857e-05 1.457246833019639365e-04 2.221350227267355869e-05 2.275827243241906978e-05 3.061558099385556890e-04 3.177003520759374934e-04
6.115567844031703608e-03 4.981943745145275305e-03 2.282688958474684334e-03 1.498319633316291030e-03 1.270023292589806015e-03 1.492913134884620192e-03 1.161081819665358379e-03 1.002522076141308368e-03 6.108203013032119637e-04 4.590346163957204724e-04 3.857039970340071029e-04 6.149775005905883541e-04 7.946220834131844908e-04 2.230439937233261454e-04 1.052979529802164057e-04 7.488391835367699334e-05 4.980644986646458653e-05 2.987299580567880563e-04 1.291773910495595010e-04 4.149393998500693613e-04 3.782484037515866627e-04 7.516203586225778588e-04 2.359285031256589142e-04 1.867985516764901878e-03 3.786786722239758336e-03
3.318791032870521684e-02 2.200799511776997675e-02 2.173630414557095256e-02 3.893515308403926265e-03 2.447656164518776517e-03 2.496307676461314174e-03 2.403551591104482934e-03 3.396943665922281391e-02 3.399710422945274955e-03 6.726669422049496271e-04 6.448267350897735929e-04 5.922750317692913706e-04 4.468668543518559445e-04 3.121243029796251078e-04 8.594710545018191799e-04 4.488333485057711069e-04 1.227615687127486734e-04 1.363417798243875473e-04 5.506688579515552117e-04 4.094041210731035816e-05 1.114856144905690318e-04 1.178916968823733903e-02 8.649645766864272301e-05 3.160449158651124128e-05 6.678305430247920239e-04
1.482546048728131984e-02 9.341224637377213910e-03 7.308911041674498454e-03 4.341077477132116412e-03 1.881868942109380174e-03 1.332904679058731327e-03 1.845531059181152681e-03 1.762249760244487609e-03 1.485006915125867966e-03 1.289275438066078954e-03 1.310969322235285483e-03 6.073122990233540807e-04 2.099055084655724929e-04 1.332822184114150412e-04 8.424249570103018803e-05 5.576587096125032450e-04 4.716354633759693021e-05 3.241894925697601628e-05 5.681035329824740107e-05 5.090248514661177570e-05 9.757479842981992425e-05 2.064621917019351450e-04 1.644035329094815760e-04 1.612413865978764161e-04 2.035586041242617972e-04
4.509016852198757981e-03 2.977633526225448562e-03 1.601318941329730539e-03 6.595568393653967933e-04 8.004199829750317970e-04 9.357074220183778492e-04 1.364479635349104963e-03 8.503260188426916113e-04 4.504462105568941485e-04 8.901598990538276551e-04 4.578803817239217051e-04 6.919741523045414141e-04 3.924705843759003867e-04 2.019042275688271825e-04 4.328657006192791149e-04 3.402821127559816543e-04 1.012726469506744850e-04 1.302990485071437571e-04 1.654991803379043545e-04 7.048184406506581741e-04 4.264519718693018463e-05 3.407833338632572373e-04 1.759731876143520095e-04 5.647777090105896361e-03 3.259621628310185870e-03
3.318926064111877433e-02 1.664919729864665354e-02 1.178249703347417944e-02 5.335406066576886368e-03 1.792625912228590574e-03 7.989362389829927739e-04 8.115337889131949952e-04 1.093464717516431190e-03 7.689452135405075873e-04 7.105208566637265764e-04 7.833305964133856344e-04 4.499782989507901962e-04 4.046499427976580124e-04 1.517551934074684800e-04 8.171850150175884132e-05 7.656867024213769913e-05 8.502732311524058870e-05 3.604659076237211606e-04 3.083051646262368879e-04 1.823334431303610362e-04 9.535402906438961114e-04 3.153673845180258312e-03 3.386936654195887787e-04 8.772711626888725432e-05 2.016111863273773331e-04
3.578950686120903595e-03 2.083387201515777502e-03 1.062195128872914880e-03 6.448820396269953122e-04 9.763069573986684008e-04 7.207945721065216194e-02 2.475368536578917075e-02 1.422596146253316462e-03 8.288485319624301368e-04 5.743863285760051349e-04 1.042750613726829397e-03 2.420069458287420552e-03 5.615521287500894673e-04 4.740731770378796761e-04 4.131399495501957724e-04 8.349257996559466633e-05 6.434735325499574309e-05 5.529178980821554959e-05 9.912904725596718449e-05 1.732192245145595412e-04 5.493031190316548761e-04 4.336443584400458844e-04 3.576277461390100706e-04 5.023746609756127692e-04 5.146461784151318492e-04
3.485146718972016201e-03 3.327567746472792024e-03 2.628983227007691825e-03 2.631277572588229877e-03 1.808661511995488360e-03 1.631160566151132474e-03 1.352812760233347523e-03 9.436635900752525161e-04 7.392146077393974089e-04 4.236569263471228267e-04 1.438760935264574690e-04 9.821005401186367657e-05 1.296703108428319941e-04 4.988177160512811265e-04 3.500705747784366390e-05 2.612358312944105954e-05 2.487252467959251282e-05 2.703124698314689873e-05 7.754747655116621256e-05 5.766899564351755459e-04 3.127366609762481089e-04 2.471953743866785267e-03 7.534836592983319616e-04 2.589979406248570874e-03 2.787601492186819047e-02
2.418281316536640899e-02 2.458764079525984497e-02 2.661074918442191128e-02 3.395744796482493260e-03 1.215448949808010286e-03 1.241191663111502769e-03 8.799821312627465137e-04 8.139986636788588536e-04 5.510892044746768231e-04 4.571985282372220531e-04 3.468402968479788215e-04 2.933302601680628867e-04 2.477494866391748824e-04 1.495726551841877056e-03 1.098714552174053210e-03 3.400728318208736485e-04 6.452289356679974776e-04 1.764697410668499553e-04 3.952581826827864355e-04 3.940187791045662836e-04 1.418417930771383574e-04 3.496538000418836223e-02 4.076852581927064428e-02 4.100120740913208240e-04 7.221795418767999047e-03
4.935079917070311385e-03 7.245050415169590821e-03 3.224478149227198720e-02 7.842707688085070669e-03 1.903036979857882210e-03 1.316844742292986150e-03 1.082092405916870639e-03 7.372520351474627209e-04 1.402004449111975354e-03 4.818271732237984495e-03 5.813695952273770272e-04 5.414125374204869232e-04 9.972274799481483341e-04 2.271122134124828849e-03 1.398263304407371230e-04 2.693820309292292063e-04 8.882718292774732631e-05 2.702676479997143588e-04 7.344113582995060309e-05 2.594392146122787208e-04 7.008368749091181725e-04 2.796627740101559345e-03 9.274820602712994340e-04 1.537510672083661689e-03 4.166879998560127666e-04
2.601823230651211308e-02 7.379188282708862463e-03 4.488669546288460467e-03 2.253896745314288175e-03 2.404689186434392362e-02 9.294479422899340135e-03 5.166016899595902816e-03 4.245234819021272317e-03 4.546022394303797336e-03 1.212531438031452021e-03 2.120100965351095264e-03 3.615779568832236043e-03 1.728197379052146768e-03 1.956564156971391172e-04 2.460307204155155573e-03 1.379445331345843101e-04 5.755736196587994376e-04 3.684203659318191883e-05 3.789224447544404178e-05 2.628030810161250536e-04 6.018044350542952475e-03 7.849494727712506511e-05 2.612850709884199387e-04 2.236031176703516705e-03 1.258413578882269920e-04
1.977741993020542405e-02 1.527681903094414186e-02 1.267828346006832745e-02 7.655326709997742514e-03 4.642267156152555564e-03 6.597791456023260372e-03 2.317137789124184329e-03 5.358155363001577444e-04 4.175691862306805751e-04 3.567637408177625077e-04 3.407237039794454542e-04 2.727868611642762418e-04 3.287879262849745937e-04 1.720490830501486025e-03 1.267126753054647757e-04 9.622330540327545358e-05 2.330169857084092707e-04 3.201729926521485457e-04 3.271924804438417411e-04 8.022740614279872187e-04 3.363604058502920788e-04 1.669861925178263125e-03 1.284861350015567838e-01 8.381342119949007283e-03 3.740892901180326979e-03
9.811816110826048973e-03 8.149256346576455590e-03 6.360601662635486861e-03 3.776179733789672855e-03 1.920129135773435266e-03 1.149693681566922501e-03 8.832954114380109183e-04 1.052594986772257234e-03 1.220124537085545474e-03 2.380336145300139539e-02 3.682181799144715762e-04 2.496387668716611684e-04 1.936902646557599238e-04 1.445869746778570748e-04 1.284277574839259211e-04 1.199561704724336642e-03 7.500013369212239767e-02 8.396679130841469161e-04 8.496731569300244847e-05 1.937030409759312810e-03 6.907730174615006645e-04 3.271691098733941398e-05 1.704756968923541098e-04 1.703937230400782762e-05 2.535723666485652727e-04
1.866480084051829955e-02 7.423563177309817213e-03 5.795763589244116824e-03 2.768896245832961484e-03 1.712719537630180526e-03 1.963941064438826968e-03 1.547894338441619527e-03 8.115403126809207866e-04 5.653504606422403347e-04 6.845755009289190970e-04 6.536741300170624677e-04 1.070252685819245847e-03 5.396001891879902493e-04 1.643598773160202494e-04 1.096886134423088289e-04 1.230491706031859773e-04 1.061911325275650617e-03 9.546498584847361996e-03 6.572531382114192014e-04 2.077420608269187692e-04 7.707765286938787503e-04 2.816882230682338104e-05 4.649581322083305490e-05 1.085619499687925276e-03 5.109925088329733038e-04
1.857676720402760134e-02 9.933987999422900367e-03 7.839234133578124736e-03 5.597334292159701630e-03 1.005762299669670130e-02 2.433094350093967517e-01 8.747892042700192508e-03 2.283172634131886737e-03 4.941786082595859067e-03 3.639612682593011683e-02 6.063336835880779856e-04 2.731905131614153570e-04 2.197722555610997304e-04 1.205689889402160667e-03 2.052619248218965123e-04 4.789587008000736564e-04 2.134207005144575303e-04 5.945294687745881568e-04 8.415115894042138583e-05 3.523348995000609614e-05 3.046197980471347015e-05 3.744397782485799032e-04 1.216766944782948502e-04 4.034243132196711117e-04 3.664941385651079332e-03
3.091167575323873831e-02 2.006626162596960791e-02 1.055178195917315202e-02 1.661892432285577009e-02 5.111711891140655745e-03 1.189139261992962562e-03 7.550816445823834572e-04 6.168507766791191897e-04 4.717556509413207825e-04 3.727911603287855963e-04 3.950787572739562574e-04 2.924215469866072782e-04 3.061896119943857838e-04 1.791525663532797530e-04 2.617238320330231554e-04 1.339679101278058563e-04 2.947319752827586015e-02 1.472054717783407131e-03 4.791042238671386252e-05 1.714189061783928528e-04 5.660643618551901464e-04 2.461765595875168092e-04 2.619610698116235040e-04 2.230779398752227670e-05 7.748599228346812870e-05
1.563146316092616644e-02 1.006168507454331500e-02 5.047477575809927383e-03 3.598916712961739307e-03 2.392585832523289480e-03 1.092513621150896161e-03 7.910445218740404802e-04 7.262434508336695557e-04 4.509359052938479578e-02 1.292220771205822251e-03 1.167207954879951768e-03 3.853606037916337259e-04 1.253332749276625784e-03 2.535738574164756484e-04 1.476378840694267110e-04 8.487284471232769707e-05 6.008248946530443755e-04 8.929248617804905739e-05 3.423043615615702420e-05 5.537337148350111903e-05 2.161660145533992336e-05 2.707636191478943405e-04 3.411902590538956896e-04 1.699192830912601071e-04 2.713723972188184473e-03
4.656964921282129299e-02 2.923424983113754802e-02 1.783266171898227961e-02 1.230586097040106339e-02 9.983764223422555636e-03 3.908139381104948525e-03 2.489322460138451622e-03 9.253571246531256279e-04 8.165455266282974035e-04 7.102775957055926454e-04 1.096966050439493728e-03 4.861919102528533651e-04 3.731553039798965530e-04 3.155872356580586451e-04 9.102136773285951152e-05 1.143979683920818516e-04 4.638500405143094899e-04 7.289726360577275348e-03 3.582581284459018345e-04 2.037562388780130788e-04 3.150645968441174408e-05 2.786559196913228212e-04 4.142743117191978426e-05 4.644063911610754256e-04 5.566242319679207042e-04
8.100904506248904693e-03 3.338777737756453388e-03 1.553509207593269841e-03 1.383726718117614472e-03 1.038638988651307670e-03 1.015270286939498395e-03 1.216906505323175685e-03 1.131532417499097340e-03 6.852722992813840798e-04 7.835550314831198375e-04 1.919977427734365300e-03 2.915126582872341952e-04 2.117489553118020963e-04 3.464912324966108173e-04 2.276780311646364047e-03 2.160572034948148902e-03 3.772380390028876257e-04 4.039820230748838369e-05 2.473282888966511230e-04 4.036790807905662624e-05 3.283462339974394705e-05 5.199883039989311402e-05 5.156348915677331536e-03 4.337210890636008717e-03 1.450436350766416693e-02
6.920516805540343451e-03 4.639580926681255088e-03 3.330205216074943672e-03 2.141981930024097931e-03 2.413479190689358025e-03 2.088433829530105413e-03 1.879549411515391531e-03 1.241898809083325688e-03 5.130739943720988338e-04 2.586785617115182692e-02 9.596865423578850030e-02 4.918774875768522044e-04 3.290872477422575782e-04 5.065781218582434808e-04 1.599928673319909729e-04 7.599480133272233672e-05 5.028592246103507225e-05 5.425154431358095603e-05 7.265765754655295215e-05 1.189708954948303851e-03 4.212783271078925085e-02 2.166179573577795892e-04 5.188452596086864238e-02 5.274070000827160015e-03 3.161766852991670126e-04
4.033068187447531872e-02 2.514536358334339833e-02 1.151570276929406514e-02 7.400063730979542648e-03 5.574092069907527792e-03 1.516447542673972793e-03 9.300021598956470471e-04 5.437827961198645095e-04 5.656120132565022919e-04 4.324853657516686202e-04 3.180882742736367962e-04 3.603999841762471883e-04 9.720317757581678183e-04 2.309195400073338605e-03 2.917483645732192013e-04 3.323429157482197778e-04 4.857293296666707227e-05 1.233505496546147815e-04 4.110474091413410697e-05 1.820014602583343554e-05 9.695234979102045157e-05 1.137678839474304943e-04 1.819963374320212376e-03 5.025720534910479639e-03 2.092449036316487276e-03
1.432432542776933271e-02 1.343177889481287322e-02 7.346636200218537201e-03 3.951778655695155698e-03 1.602425502010325440e-03 9.458330957698759525e-04 8.875835712852300080e-04 1.794780226128126150e-03 5.021147699750268256e-03 7.760985255465652731e-03 1.086738766344909693e-03 4.447507385488682166e-04 2.253014858924277366e-04 2.333050384904430681e-04 2.207609650873651604e-04 6.003291709059875580e-02 3.606124318992552907e-03 6.104466506498794093e-04 5.671165815819918712e-04 6.005292981811388204e-05 7.209478254472276543e-05 4.427020214092453119e-05 8.514306143070526261e-04 1.884638560868842584e-04 1.843892109553494339e-04
2.275413238584977210e-02 1.712234697506583719e-02 1.128801775084654034e-02 1.239394924058034517e-02 1.224327716493370591e-02 1.030482705736785951e-02 4.411078126811612127e-03 4.809939656612332269e-03 5.859094198601323342e-03 6.326717209399172629e-04 4.088638061355413821e-04 2.506145289936636210e-04 6.090133845269181650e-04 9.830569788820589083e-04 1.313336688752290732e-04 6.435035673619859736e-05 8.271978988789702549e-05 9.954602219889048379e-05 2.782408641651035359e-04 2.737992924039770338e-04 4.299347381727896384e-04 3.399124268810551838e-04 6.842536116776668333e-05 1.249211461269270681e-03 6.800762710897297102e-04
4.702306948612099417e-04 7.520139534808233193e-04 4.396461281482385739e-04 4.738073648749454420e-04 3.631473853418022203e-04 2.781072988756895363e-04 3.223784895778315177e-04 2.895897260828562557e-04 2.700755832293979825e-04 2.395587754564044514e-04 2.126065112360484260e-04 5.973619656770372786e-04 1.832349980094009900e-03 1.853769331504174361e-02 2.418649525728799236e-04 1.143977257572282365e-04 8.568964976643328425e-05 1.919079198026034990e-04 5.411401694468160342e-05 2.628939337357340554e-05 2.207551367946344135e-05 2.718666302342930864e-04 7.568817199602471740e-04 3.700733398183246353e-04 2.226569520488870177e-02
2.829602479831496223e-02 1.777018410694610959e-02 1.166738077132102765e-02 9.844281472071612568e-03 1.029126714357723495e-02 2.204684076907411153e-03 7.196902864391526052e-04 7.031855714108316800e-04 7.619152333852155035e-04 1.340859634144336669e-03 9.506608012701059113e-04 7.699649278164647599e-04 9.150957240317525139e-04 2.797056216881396544e-03 1.512816938309966073e-04 1.303399108495969865e-04 1.965130853445913595e-04 5.470403387406420838e-05 1.440911423189243862e-04 2.123198440069261003e-04 6.039321390729891856e-04 1.638410760627668356e-04 1.352172862827931291e-03 4.941574207493827685e-04 1.581736454411230793e-04
5.284515695945227708e-03 4.761208513628610410e-03 2.198054978753906114e-03 1.800452166211218312e-03 1.293023117975309125e-03 1.274702909729921773e-03 8.144752580517242461e-04 6.854647855980948185e-04 5.149323267982786057e-04 3.999118450526388405e-04 3.677658060642674575e-04 2.488922133601765077e-02 4.239110479988678938e-03 2.001817938877688784e-04 1.908859225671643591e-04 1.033288503959086502e-04 8.200119090060621195e-05 1.302229597312017572e-03 6.201175604467903751e-05 1.306300365860143652e-03 1.738250342448206126e-04 2.863255572183925283e-05 5.833275054455478635e-05 1.327732342475490220e-04 4.178675768095198957e-04
2.174282033979968443e-02 9.472370249079429746e-03 8.032004189471406153e-03 7.343992616688727569e-03 4.746605848785630417e-03 2.034605002982240850e-03 8.552848278006984235e-04 1.648750706009983807e-03 5.440401284463725236e-03 1.268086179222293556e-03 9.993523257712921132e-04 2.159305022600850697e-03 7.549911501387603606e-04 2.800249867574866754e-04 7.229856379945555052e-04 3.238712549532860117e-03 8.456316817000399588e-04 5.870391320347661786e-04 2.533933681612382896e-04 3.133218961047989568e-03 1.405107767147329052e-02 2.229657682837587866e-04 1.483096509590580119e-04 5.707936612099305529e-04 1.399776087710564868e-03
1.817404004030928263e-02 1.404051464059288649e-02 4.653333850897722022e-03 2.141343503602358578e-03 1.183619440732569051e-03 7.621422142890264600e-04 5.790697581081370119e-04 4.811803382885311369e-04 4.107970983659195940e-04 3.550752815842112085e-03 3.084879161593446530e-03 2.996502215649552315e-04 1.171557339837375842e-03 4.690212369132991561e-03 1.012275975780439936e-03 8.827126364786100658e-04 1.804040267177941582e-04 5.237920248755137197e-05 5.814863798726806296e-05 1.117354747898467206e-03 3.834568242631618035e-05 6.219287361759900674e-04 2.307461245538237532e-05 3.277661599381511890e-05 1.986656407842948976e-05
2.116126711619726111e-02 2.505323975197362024e-02 2.393162168919940255e-02 5.386799571848609192e-02 1.396235122344789172e-02 4.797842349209069726e-03 9.909230667043618032e-03 9.753489832534706708e-03 2.708432466032743412e-03 5.399328017577212152e-04 6.856918999798948533e-03 3.214487700093417188e-04 1.660940234693332603e-04 1.014323449516262238e-04 7.078478824786726574e-05 4.519155170518088379e-05 3.239469969536717215e-05 2.085758712931213524e-05 1.699658793224036920e-05 1.418872025577202531e-05 1.873354304184586747e-05 1.144505656117498874e-05 2.671109971508240516e-05 4.967376956977740722e-05 2.693326719130653690e-03
1.441531392196844161e-02 1.524515655993837447e-02 8.175137033525787036e-03 5.380586530921303151e-03 2.407850748207090042e-03 9.674056102576400603e-04 7.852612528879457073e-04 5.310457743207087434e-04 4.925429537038569913e-04 4.649216314048631570e-04 3.653075888789793159e-04 2.222864518831222356e-04 1.774944745758287677e-04 5.496098652458217704e-04 2.489359096039004890e-02 1.782476070611733869e-04 6.890529945668231603e-05 3.722428599004393786e-05 3.988329441302962473e-05 2.656848836889901195e-04 2.854248598350591498e-03 2.347429770122885057e-04 3.170201612707295152e-04 3.467775657195602715e-04 2.488933701184325558e-05
6.481065160639259970e-02 6.251104819070553431e-02 3.674987530276468267e-02 1.019356392994024904e-02 6.680884606526426087e-03 4.648470341358400780e-03 1.197092870616951439e-03 1.025972493872836285e-03 8.905951949444134699e-04 6.379989698117793581e-04 4.235000051935267551e-04 2.519743871003804199e-04 1.666867974602855875e-04 1.069994919806934721e-04 7.114850128860528838e-05 5.102308333867084647e-05 3.329110776126129625e-05 2.618300174400026877e-05 1.931189307915672450e-05 2.039364987118734678e-05 3.124225609908412896e-05 2.520826005332178565e-05 1.345246204259317009e-04 1.776781802468018747e-04 2.748438370937850606e-04
3.061670363381419069e-02 8.535546834934340521e-02 3.322229329137896259e-02 8.301686237967420903e-03 2.441592829895487642e-03 1.124723909037791654e-03 9.088553730028608828e-04 6.756436792970542306e-04 5.459262017546786822e-04 5.688330807520317230e-04 4.312137252639655898e-04 3.370656943482747310e-04 2.666225809584867718e-04 2.547042198845378977e-04 5.539315704511344829e-04 7.206528666703550679e-04 6.550308119392761160e-05 7.315443500315034714e-05 6.816998712079355661e-05 9.390961904185720190e-05 6.995695134897211582e-04 2.885244424689800691e-02 1.328799775238031946e-04 5.644230122100809145e-04 2.431950707163189115e-03
1.145280891297936580e-02 7.903718494627651886e-03 8.718332660569380957e-03 9.735696716902574044e-03 6.070022561734591572e-03 4.955488514175662197e-03 1.156540318927099745e-03 5.005865921383835949e-04 9.351554837958636276e-04 3.375575284474264040e-03 9.629670864374878514e-02 6.548586556571992390e-04 3.182216716577736574e-04 6.899110599662812643e-04 2.152640584494574637e-03 8.730199847475752833e-05 5.704992337445608848e-05 4.143016095711138304e-05 3.068271381074628523e-05 4.264176372551147594e-05 2.624426018274103275e-04 7.501335183223379265e-05 1.663068129815924038e-03 1.382561073171493203e-04 8.187951094041872983e-04
5.334181928994738246e-03 1.957733676928109182e-03 1.274714693589776250e-03 1.734863751641120555e-03 2.743094372376990529e-03 4.345252395485569609e-03 3.057410960879404678e-03 4.765831777859357000e-04 4.463761718315742617e-04 3.781509432476409132e-04 3.582144427738571664e-04 9.411170018524297716e-04 1.450367245212765607e-03 1.579668676979883557e-04 2.141594316594793053e-03 5.327112665286271335e-04 9.872214199576172786e-05 5.016784497264318795e-05 1.019898230567857462e-04 8.236892224311203237e-05 4.072833251308657899e-04 9.068238404485441618e-04 2.973978404334210704e-04 7.528688238987492082e-04 4.652805084243762448e-03
2.278478213184391768e-02 1.112891975812469944e-02 7.120467935241027099e-03 9.774643552506163610e-03 1.723350533544058469e-02 1.684034408578006375e-02 2.647962712905400310e-03 1.128969945660522611e-03 1.221220624102880995e-03 2.746525655619312407e-03 5.281343707761231542e-03 4.497121597038102742e-03 2.338781078201299666e-04 1.610359178827048393e-04 1.021832769279694007e-04 7.455676982663330321e-05 5.486850466611251954e-05 4.016122516079264997e-05 4.881738672756941215e-05 8.460660138936722913e-05 1.697539234530790614e-02 1.958842332713833399e-04 1.318640069126190105e-02 1.478208170549377091e-03 3.585357554433986956e-04
7.921790464144592286e-03 1.868169863206204902e-03 1.176041112370739298e-03 1.416104447316329654e-03 1.266517527756127852e-03 1.254309984530953400e-03 1.212800599206886355e-03 1.781242278250069408e-03 9.829712361600264486e-03 1.563132963244565077e-02 1.566710452078830989e-03 5.639437805534925187e-04 1.700285053141505141e-04 1.050379921024742469e-04 7.315033404649916413e-05 7.761684046575817073e-05 1.195134748333941512e-03 2.707705732485612016e-03 3.144373291058800979e-03 7.987825796899809642e-04 6.193998498308924544e-03 6.027979035419507537e-04 1.239028758723024169e-03 1.104712080802570592e-02 4.979689001770721407e-03
3.990471582029701987e-03 2.733117457573684423e-03 2.269105372303873921e-03 5.672456176097209930e-03 3.597885380578715996e-03 4.329191861260956245e-03 4.070397918892150642e-03 5.148092911883840085e-03 6.512080623110063499e-03 1.541915280756616128e-03 5.462688010466436577e-04 4.041296856293522628e-04 1.742363917046141960e-03 5.869543795526320452e-04 2.467932282746936154e-04 2.492506165462747905e-02 6.400866420222521991e-04 2.057889834730468586e-04 1.198295800484822625e-04 4.088519386287814764e-03 2.820104012622287040e-04 2.884160549020134347e-04 9.133855896754890583e-03 5.811946450816072099e-03 1.384238763840951302e-03
6.221664115874349192e-03 2.412102443871083721e-03 1.373704462055750329e-03 1.126136523180626880e-03 1.208193739951603446e-03 2.651304258258875383e-03 2.469219135974052258e-03 1.757080606613564775e-03 3.426806804283030056e-03 6.809160894250993216e-04 1.431731170695039806e-03 1.400724687734341591e-02 4.617479833492550332e-04 1.530643321369389747e-04 2.031409269922294881e-04 7.283964429978981542e-05 1.630209492121538592e-04 1.851606869259522054e-04 2.616928382340752510e-04 4.917231984998961074e-04 2.272679949497770444e-04 7.039403698103387230e-04 3.898829890739580889e-02 7.510432043938153075e-04 8.758978898449845283e-04
5.166591737272964793e-03 3.739359852435572475e-03 2.495600989362161369e-03 1.635784364767228945e-03 9.705704689071694129e-04 7.423477022806457184e-04 6.674058648141931692e-04 5.976850067312202168e-04 5.262194104326903005e-04 5.602524739851249278e-04 3.714778631935774828e-04 2.848950139643548077e-04 2.127938388976107951e-04 1.535026219621570107e-04 1.444400732838553494e-04 1.044363956064718038e-04 5.781560437235121414e-04 1.522432011529531665e-03 5.660417019740353502e-03 4.472379255546803025e-05 5.934688560620338593e-04 3.657432289857379755e-05 2.082637865262438118e-03 2.396408897912539505e-03 1.164387913780896996e-04
1.252429819210737830e-02 1.147362240220708117e-02 1.620192052846639030e-02 5.634994303219294925e-02 1.510498013859967563e-02 2.992016838797255732e-03 2.184772044744533355e-03 1.877876500451851728e-03 4.076856915528108416e-03 9.513550248307904578e-02 4.565808028741555336e-03 3.428864293518874679e-04 2.002389964941506399e-04 1.259909481188056660e-04 7.289654958710847647e-05 5.231902923495371672e-05 1.100739094811373616e-04 4.043855451212708752e-05 6.034057736351499068e-05 4.628303862325647148e-04 2.427911302963047489e-03 2.266769338365385265e-03 3.373907675612192181e-02 1.272049146820360913e-03 6.815194574521784643e-04
4.177446297234185812e-02 2.547350079004017873e-02 2.128122774370741835e-02 6.525686637014103952e-03 1.245788645622201594e-03 7.580808482526805048e-04 5.298035152769505797e-04 4.942650417490310156e-04 2.631730944783094300e-03 3.064977305193151980e-03 4.346490477907329650e-04 9.142046443310254417e-04 8.697132421385971902e-04 1.853316048681573293e-04 8.504438146946679449e-05 5.454276198540279494e-05 4.299780745856260686e-05 1.386122755878716221e-04 2.007964591859535443e-03 4.464769677268360152e-04 3.870683783596296662e-04 2.490803970871906643e-05 2.024559923420780970e-04 4.263154841345866006e-05 2.011548080129034314e-04
7.011063482133782221e-02 6.636240541807218729e-02 9.352790801772900564e-02 8.358786579655431287e-03 2.243813927667417159e-03 3.593614053711185856e-03 5.589220452555672403e-03 1.482164241185655222e-03 1.349110775289244415e-03 8.830714652703950491e-04 4.835227204287488394e-04 5.078050775446591239e-04 1.536493917251312768e-03 2.538369846996138004e-04 8.453857264991943921e-04 2.197645167232425956e-04 2.193440453585332873e-04 2.896198318028218779e-03 1.684985263928847916e-04 1.306754285278770202e-04 3.221142573586559515e-04 1.174146535456493425e-03 2.542792801835018837e-03 1.174047580233454104e-02 2.670802889474682609e-03
2.744756287168019070e-03 2.426928174628729083e-03 2.428910732958407780e-03 1.518456501228116363e-03 6.444702396772864416e-04 4.108965071763407513e-04 3.256994322825937133e-04 2.543123771058500467e-04 2.191102619743670122e-04 1.753723912781669585e-04 2.632722513436232649e-04 1.951342178766442357e-04 2.745367368272094645e-04 2.024271980262354971e-04 1.537917157285476717e-03 1.677811102726611857e-04 9.489275850874684544e-05 6.190142482490802885e-05 1.194182792532196024e-04 2.678352258266892167e-05 3.086806861191864691e-05 1.631421255340808967e-04 5.044094708686174005e-05 1.978310666216404252e-04 1.704617613105707439e-04
2.671933141633157927e-03 2.191907037171091609e-03 1.100177911460027171e-03 7.094583282116641689e-04 6.242973165432512492e-04 5.143863054017410374e-04 4.998979228329991599e-04 3.576787754016062587e-04 2.950421778902108882e-04 2.713835842170348703e-04 3.305050159067384179e-04 2.908241947231398673e-04 1.935726192981522932e-04 1.589023324369951860e-04 2.817203330075907473e-04 8.545951267443297253e-05 5.611683872091430362e-05 3.874621568532196983e-03 2.741572096704865641e-04 2.731412139160934089e-04 1.994950221408395090e-04 7.753144238580641362e-05 1.206379407821498866e-04 9.779611715505289469e-05 6.620720085674682812e-05
3.392981767309772440e-02 2.340405889863185485e-02 1.125118052874962866e-02 4.970505078051463792e-03 3.099211337926851585e-03 1.848586873586302408e-03 1.433041132057289065e-03 6.726236150044389911e-04 4.948462580105547192e-04 5.710315057556535588e-04 1.688623260692387372e-03 3.918774565587231757e-04 3.618208503714130447e-04 4.495305140741080036e-04 1.937896860059008591e-04 7.484312655648313599e-05 5.841014951816725457e-05 1.250538763602915423e-04 4.401163533535813114e-05 3.038820647141440593e-05 3.217802732819070584e-04 1.590203234066940086e-04 1.726069853900704916e-04 2.421657699344740341e-03 2.081546223721479367e-03
3.202267400564319522e-02 1.341030502730835780e-02 3.971912809772559089e-03 1.782523976531148312e-03 1.066835162825929091e-03 5.258354814519376665e-04 4.735225448847287378e-04 3.942271306317367426e-04 3.474016196758386403e-04 3.810246169933853544e-04 3.153990447029268599e-04 2.477757009509816573e-04 5.456127269820342570e-04 2.028328150292341917e-04 1.167513333233396539e-04 9.190448275883294279e-05 6.023176884361879530e-05 9.053594448088164649e-05 1.164679462191753546e-04 1.385417394182953917e-04 1.317094687166144289e-03 7.512991644931845889e-03 2.544558197227251087e-02 4.360892575294419635e-03 1.305884515330507536e-04
7.888768861812862172e-04 1.042195943720830098e-03 5.385610549982653913e-04 3.740512772985343684e-04 5.004745793065778527e-04 3.981550260797280297e-04 3.453323996490615722e-04 5.048527095102914178e-04 2.289180266509638177e-04 1.735407188293103611e-04 1.326460174480619469e-04 1.520979999827093670e-04 1.794961266670816263e-04 3.410525284921381815e-04 1.605902646517519622e-04 1.996803276770787615e-04 6.119004953435125925e-05 7.432826477506537365e-04 5.348476468914038307e-05 1.552505400769869091e-04 1.230428970265284340e-04 4.628834980782813979e-04 6.213451907252094675e-03 2.025260273593624399e-02 1.354999160842406899e-04
8.983078706252256573e-03 3.096900780846597537e-03 1.256130203155656194e-03 1.000270955631623031e-03 1.542215607195203614e-03 1.355473109624331148e-03 1.162516761465618581e-03 7.864993598801650219e-04 5.404600354165050007e-04 4.445315739433033822e-04 3.226273299976537413e-04 3.648705118718276880e-04 3.304257087606937661e-04 1.722750581082072919e-04 4.192245033746009502e-04 6.080591074791618825e-05 3.908757546631307745e-05 9.488562143724822869e-05 3.651483234083556729e-05 1.986626148992969089e-05 9.166893592600396502e-05 9.107532543093189504e-05 1.079289831976757954e-04 7.561216669302243780e-04 6.514787612972192284e-03
2.507656199920158587e-03 1.216302807096149947e-03 1.239801154934113076e-03 9.850363260964641824e-04 9.530955648812020845e-04 9.644376952900124769e-04 6.266402920727961014e-04 9.552243308036775966e-04 1.405432181179577930e-03 9.875081326810480117e-04 3.946896889810851713e-04 3.732233634617913723e-04 3.331992784656147223e-04 1.829960601914856061e-04 1.519520171090130568e-04 1.243721908893086539e-04 8.391431393047248859e-05 5.913213343587431112e-05 2.381793994711587455e-04 6.181266857842429617e-05 6.789273490186353496e-04 1.642077587082437992e-02 2.201432654077338047e-04 6.235207643026690260e-04 5.020606088286138540e-04
1.194161318844150915e-02 1.187672585874876598e-02 1.086015834614003153e-02 7.789521075252709217e-03 2.657672168804818894e-03 1.451838240150945137e-03 9.920523390762937301e-04 8.839569989295159060e-04 7.972546497196135668e-04 5.165421436646676617e-04 4.808476093521121125e-02 6.183084102811354198e-03 2.265859878330557650e-04 1.529384634017396478e-04 1.109698684171865781e-04 3.275856666594614960e-04 5.707735434329969988e-05 1.114267780918423018e-02 1.095727959071920738e-03 2.881429923740295228e-05 2.640138466348288752e-03 3.816383714827193980e-03 8.299880390314088110e-05 4.229468106760812221e-04 6.697038104287065738e-04
1.802344795543016701e-02 1.626081438977994634e-02 1.250970401691683942e-02 5.035450231622755173e-03 2.702681793303816048e-03 1.523446491335279235e-03 1.815612565284284528e-03 2.528868917960465975e-03 4.514612087444044505e-03 7.654265879589432914e-04 3.982996930998323180e-04 2.399865434780185591e-04 2.012231329306216640e-04 4.071777093434572853e-04 1.281960152387620383e-04 7.211563171809573123e-05 5.933028894159242302e-05 2.770898122463460859e-04 3.271300894872572246e-05 4.146946213602384465e-04 2.710271819688042476e-04 3.369937260948976444e-04 5.480597094836972072e-04 2.689301859235188920e-04 2.536864398997722451e-04
3.060822969924778883e-02 1.356233218832862339e-02 3.684028875044233469e-03 2.943776398863240558e-03 1.821992081417745518e-03 1.333135911748365224e-03 1.043341681402655367e-03 7.991365371630185883e-04 6.181120470849559229e-04 4.721271468622364304e-04 3.311137210951007443e-04 2.417147098005312277e-04 1.682332441307712086e-04 6.900487663827934532e-04 2.444567900334524411e-04 1.267262012474773070e-04 4.454581217396738326e-05 3.375211137135232400e-05 3.253752059721065523e-05 2.819643144675126304e-04 3.909360013796217304e-05 5.220634034690578790e-04 2.042005486008253068e-04 1.444137540495925211e-03 9.831571775097598404e-04
1.082938577849533283e-02 4.868045196488935897e-03 3.457030015848629092e-03 4.152918121552319659e-03 2.814953293743819012e-03 3.548424498486161312e-03 1.256045274373624203e-03 7.084001916248971369e-04 3.458285438680958491e-03 1.742040059158462238e-03 4.837224131884228901e-04 2.924856099160390494e-04 2.215246792872393479e-04 1.728253617821013061e-04 1.877519876499319704e-04 1.300111336486139036e-04 4.879431155404080655e-05 3.150824225347030572e-05 3.893196926143716757e-05 6.397236887578943874e-04 3.441763582463919897e-04 2.039488352409397724e-04 2.868031887901979098e-05 1.660206525726123884e-03 6.422375850545346092e-03
1.372318144884418500e-02 1.132050195316869866e-02 4.664447772259267336e-03 2.275756787203577804e-03 2.048133091423425412e-03 3.236709540806860172e-03 1.507695593219209517e-03 7.273884614555335432e-04 9.025223892998331500e-04 1.552707001989143834e-03 3.924360695343441247e-04 3.501968266765348903e-04 4.074233283832931246e-04 1.507887673093865548e-04 5.746870358873764533e-04 7.063723214374748418e-05 4.099152106316690563e-05 3.853647110265607004e-05 5.115144029458651464e-05 6.402324393349108096e-04 2.358743056126945056e-04 1.411864690781207063e-04 2.592007767700281397e-04 5.757289913978446382e-03 5.581383727567410706e-04
9.912251104206846672e-03 6.226013882847849373e-03 4.737792385688586322e-03 3.652894382618157056e-03 1.763051456490462689e-03 1.091768795069893074e-03 7.708906263095215931e-04 6.563846812859979764e-04 1.059083479649605133e-03 1.212830517911386765e-03 1.253999589484324807e-02 1.168177708485373771e-02 4.341281319412727824e-03 2.296884546277712749e-04 1.346404208798856290e-04 6.823484266049320644e-05 5.675550573853988787e-05 5.362813063257417065e-05 5.412037011089359650e-05 9.500846979286279692e-05 4.865022649681700570e-04 3.704423818496274667e-02 2.633311000220801400e-04 2.201599607207275718e-04 4.241342877763932119e-04
4.215385001140762276e-03 3.016687797024459553e-03 2.726278504532397579e-03 1.675604114052963931e-03 1.335376958273600326e-03 1.385077842259417559e-03 4.340456722265415360e-03 1.992013461908157933e-03 1.888332312496950353e-03 3.898531181512569083e-03 4.676570841940281718e-04 3.138171497569390350e-04 2.064435660439395870e-04 1.467362774839584580e-04 1.365814543965974829e-04 4.206827398816197520e-04 5.309396488320022926e-05 2.672116102831983259e-04 3.603308038849216025e-05 2.461564652617379830e-05 4.175115965133591422e-05 3.410402154016327564e-04 4.774392001034289106e-04 5.652869827108245211e-04 1.103818572496258850e-04
6.131424471424875601e-03 6.010048470985866233e-03 5.807373106941191368e-03 5.361336046937304270e-03 4.756047246606661533e-03 4.248885605445921684e-03 1.766312344654499518e-03 4.743958180142872892e-04 3.702016663353517654e-04 3.488511820792948494e-04 3.230450188953641090e-04 2.290301917918765369e-04 1.722602049917355892e-04 1.257056885347364317e-04 1.361781542382871639e-04 8.229739005061274121e-04 7.487763309021354874e-04 1.604865224245244251e-04 2.023451961428476224e-03 4.511343630142899952e-05 2.039286447751900298e-04 3.314709660070394928e-04 4.239549961625582042e-05 2.773450932765946951e-04 4.009470630055232384e-04
1.806699891954281212e-01 3.106948199604557259e-01 4.379695080539831170e-02 1.447740161583620060e-02 4.655293775101202597e-02 4.760994669896471965e-02 1.427019028341556606e-03 6.904898839466008884e-04 4.911173324332444596e-04 3.689694007569505984e-04 2.779002251071435703e-04 2.230964020785295354e-04 1.784535569936990956e-04 1.454611402647245809e-04 8.527112732232579578e-04 1.368499270472431199e-04 6.262437972654122864e-05 4.325382872183379242e-05 6.476000292803365307e-04 4.770173726882876103e-05 1.325696570133456627e-04 2.054001906776957778e-02 3.000076419016842882e-04 6.513132953063985840e-03 1.405878543233781038e-02
2.037205929362233964e-02 1.028728028908640173e-02 5.359786217305514792e-03 3.154623967765078207e-03 3.660988273225608373e-03 1.479421518491347157e-03 1.000110405020818551e-03 7.561856785839256344e-04 5.903323936738978954e-04 5.043501665260523683e-04 3.872919467553875231e-04 3.068849710277672519e-04 2.702933330051419708e-04 2.191915013355658982e-04 1.318368548770312279e-04 1.203893992103670634e-04 1.933995115764303835e-04 4.985104503636524271e-05 4.058746762935005412e-05 4.662214343148791393e-05 5.093887570086022294e-04 3.705002171261298320e-03 3.848291898058426447e-04 5.367360707089137732e-04 1.580658721804549180e-02
9.667701775700603475e-03 4.845389365676018405e-03 3.004433834378870613e-03 2.057774364297946905e-03 1.447150622738709036e-03 1.349497511725470875e-03 1.302549240246298617e-03 7.688154889674907958e-04 8.719257538232169126e-04 1.147492006115509531e-03 7.408020449931115988e-04 1.392579868299567356e-03 3.694930343030628124e-03 3.487842094576780764e-04 2.328794139812169137e-03 2.052459202045684458e-04 9.077549784337474441e-05 2.687079149659951953e-04 1.781163280720666434e-03 1.186762191365631572e-04 1.729596111294424976e-04 1.052554285306088119e-02 2.886433791976284607e-02 2.132133670190619959e-02 5.353875008767072048e-04
1.133239261357285935e-02 9.508329178347514968e-03 8.222692893845936699e-03 4.376557026964031372e-03 1.885551233762833810e-03 9.670716060415060532e-04 5.238224102675305199e-04 5.176768336504633397e-04 4.069349603898026954e-04 3.647999144932985937e-04 3.237368278743853428e-04 4.712755393506795729e-04 3.652902265135548146e-04 2.319072886436590597e-02 1.480066806828113195e-02 1.374044978486953076e-04 1.557522995443070516e-04 1.889547878825477336e-03 3.662418344164509250e-04 1.424587122255974387e-04 1.771476819786360667e-03 1.295874379596636270e-03 1.955727724206731354e-04 3.758813918347958939e-04 1.165754402424774432e-04
2.602241716331370538e-02 2.276048734623184466e-02 4.255049743704662421e-03 1.962693724575530815e-03 1.743422246137331768e-03 1.103301797460135361e-03 6.541901318475229401e-04 7.436351285744619271e-04 4.781298797439108468e-04 2.123314306921640290e-03 1.696915928384485186e-03 6.188067916155797930e-04 2.013425809349698049e-03 1.517013270717241591e-04 8.373833976770544290e-05 5.608193615168048803e-05 2.869616984897798155e-04 4.226385598601334472e-05 1.902667257435576684e-04 4.704505326871165409e-05 8.753220339649218234e-05 4.157576975364027675e-04 1.771103150257689090e-05 2.900843439872226204e-05 1.547888548552526014e-02
6.359213640129088470e-03 2.764020214672912538e-03 1.784003265829033633e-03 1.115572977807567341e-03 1.273837352507730791e-03 1.074117431374541206e-03 8.680420300087285422e-04 9.226535179878526472e-04 8.364783341732010295e-04 4.529657428717322794e-04 4.013252702141573212e-04 5.789133180496215973e-04 2.559718758517756198e-04 2.125160083183230773e-04 1.400493321695517931e-04 8.653952568731588157e-05 5.621254528572609436e-05 5.625990583724497758e-04 4.411385613520703297e-03 2.536863928420613271e-04 2.840077559492182958e-05 2.839348084940215305e-05 5.037852681960133328e-04 2.446817047838878775e-05 4.591371971669838084e-05
1.140429431555249791e-02 9.007996242009973578e-03 8.471935255885361393e-03 4.893983196058153406e-03 2.603324594033987107e-03 9.952003059718434689e-04 8.995276263989603798e-04 8.520111951577250074e-04 9.613294538274175108e-04 2.262134286852140845e-03 6.537411698918089552e-04 4.619991357313249351e-04 4.176459390636673929e-04 1.899595581754411045e-04 9.296324998177163553e-05 2.108353037578551963e-04 4.214111363638785166e-05 3.942848427137072827e-05 1.624751333471221139e-04 5.991729979796626022e-05 6.682426390545857147e-05 1.288349348623727699e-04 2.399048946337474129e-04 2.948944366449176083e-02 5.037537081795623144e-03
6.185165129297473183e-03 2.629306429441787343e-03 2.625672633694436237e-03 1.551076584867837511e-03 1.486321950823034106e-03 8.706415178045894768e-04 6.955564967519554942e-04 7.099591552299558666e-04 7.970756335496458587e-04 5.249404902547236433e-04 4.441504612049451467e-04 3.308844750317545855e-04 2.092729787301563123e-04 1.568899225376834609e-04 8.231489124851831167e-04 5.852117802848766197e-04 8.960362344554887804e-05 8.259143223234940881e-05 1.572250084757227412e-04 1.756835408687383788e-04 6.474877403610399473e-05 1.441543700210611186e-02 3.687559881751495579e-03 3.147996795597383674e-03 1.376265668919566870e-03
2.944099722794575602e-02 2.659534408219738424e-02 2.296300947258888420e-02 1.602969896161585139e-02 5.460562457537112765e-03 1.472123197947598295e-03 1.298666700127714454e-03 8.198943981517707157e-04 6.031607133341239119e-04 4.593509123214232397e-04 3.745885871023399145e-04 2.966125113346798647e-04 2.732625467895069831e-04 2.443413238822009768e-04 8.086270732734056484e-05 5.628638683580693369e-05 4.382656512016441959e-05 1.706081420970825986e-04 5.207825620842047848e-05 4.943264285809755151e-04 9.048600279012934677e-03 3.206267379529319055e-04 5.975264766234488281e-03 2.860223876038159394e-04 1.064920352780950708e-04
1.503170318620609611e-02 8.785605147293193418e-03 4.482759816303982965e-03 1.897595775280161868e-03 1.012902428721122175e-03 5.827799653235674580e-04 5.932200350287424821e-04 4.785908716068812711e-04 4.504235023067325924e-04 3.964384969412086028e-04 3.109904586326407922e-04 2.562613162086168316e-04 2.153979138219657547e-04 1.822778777510841405e-04 1.158968545271352830e-03 3.787019357218026727e-04 1.202946317589302172e-03 3.287430183018833310e-04 1.294702993499328818e-04 5.750019452552043026e-04 2.243123924362329272e-04 1.880103747473764247e-03 5.705663989741418390e-02 4.321115486086871647e-03 5.049277846572491815e-04
8.402481683617336189e-03 3.997611158786614806e-03 3.186262083635827465e-03 2.011618667298180427e-03 2.036079851644652904e-03 1.714218196540632936e-03 1.937933794898073336e-03 1.270589340530821777e-03 8.779277877879366901e-04 6.567462573019605980e-04 3.921096239934063394e-04 2.970329192113465504e-04 2.231252499692348617e-04 1.458871772910429383e-04 8.546126058557911638e-05 3.361645198416475001e-04 5.264709035820340846e-05 2.861390571147822022e-05 2.066880854334376109e-05 3.015986445747669150e-04 2.055075460990420748e-05 1.982129456154316531e-04 4.393250714550864488e-05 1.427978214448679797e-05 8.849786441212360269e-06
9.681360498719321014e-03 5.627440249413340721e-03 3.790569528730783257e-03 2.400495459727134285e-03 4.247115830147580109e-03 3.105908853549361071e-03 4.005242865429719211e-03 2.574752466666641992e-03 5.545386972494011557e-04 5.155534347841783617e-04 5.974961739026617667e-03 2.383103660662565042e-04 1.611900551152061747e-04 6.769422397224583937e-04 7.415650375328074748e-05 4.574011450210297515e-05 3.248094442493053383e-05 2.793025231687148964e-05 2.066330339159075835e-04 5.885711555296197547e-04 5.797942702515043067e-05 2.753912078669964493e-04 2.002285277710911745e-04 2.295756849730340527e-05 2.472998900907692429e-04
6.304239564586659218e-03 1.583940440530582361e-01 4.644069472554411826e-01 1.353110617394257843e-02 2.915707315310644369e-03 1.944426319980985252e-03 1.541452963749870503e-03 1.013797211886984613e-03 1.264599673284522250e-03 6.244445104957332916e-04 4.595870634230482966e-04 4.010086057413710233e-04 2.086054451346605490e-04 1.608906564251345850e-04 5.178740580697549327e-04 3.414822288585865357e-04 3.290291661762049548e-04 4.699689598979633312e-04 4.521693655196804007e-05 7.688918889876036455e-05 7.131743518926643259e-04 7.807600997796584387e-05 2.468798872010638957e-04 3.391956479807722163e-02 6.026755925757980000e-04
5.519461661500209455e-03 5.739511145570926932e-03 4.602895987550367080e-03 3.936960285469420437e-03 2.765119869209568381e-03 2.165814821529490116e-03 1.483055904702461868e-03 7.947398900181812604e-04 4.264338023100056919e-04 4.400727237766778165e-04 2.841426289441273336e-04 2.504941152805439854e-04 2.800017102813714162e-04 2.528571016866603891e-04 1.740812821043804669e-04 7.876836259190414915e-05 9.442026915159100963e-05 3.299324284155730213e-05 1.813066355204003314e-04 4.338162344746510210e-04 7.648366958746029157e-04 3.055183593297149634e-03 2.103191426334908914e-04 9.190870588060205909e-05 1.964186735929688738e-05
3.213539541530291421e-02 2.473883893792538577e-02 2.495321267353927536e-02 9.483191806493708811e-03 1.725601699150831198e-02 9.516372277940469623e-03 7.121865846511691266e-04 7.511054948690120466e-04 9.680407938513824195e-03 7.128220335865448950e-04 5.555842277019910772e-04 5.125124523133950871e-04 6.033325235673521686e-04 1.530132805191065264e-04 1.321075805218649413e-04 1.271244353026995373e-04 1.187400180370011646e-04 3.769687210634577759e-05 4.403382259332380992e-05 2.536627309248168046e-04 3.146384127620655534e-05 2.605521126070414165e-04 3.110850035565282347e-04 6.395750218400934016e-04 1.052022804695847992e-04
1.534376511915779180e-02 9.871235377277923217e-03 3.218469934533188526e-03 1.913283250406693642e-03 2.758525118711189703e-03 3.090143034883772576e-03 1.031788398780430008e-02 9.682723260335052845e-03 1.304991885593318954e-02 7.133027845715870716e-03 7.590454803786512994e-02 1.207733083952018194e-03 1.059278117063741816e-03 2.070614752606279461e-04 1.521803335970968560e-04 1.638633009756147783e-04 1.500322802306169260e-04 5.605821605518955162e-05 3.137562049215766516e-05 5.071341113215207272e-05 5.828366452758230510e-05 8.725900412526072306e-03 1.519377347784535252e-02 3.751326298873795210e-03 9.770314803313987374e-05
2.176429100384285123e-02 3.039452373542637573e-02 2.375838396106916967e-02 2.281517371400988356e-02 1.173835941778772485e-02 2.144174219874021761e-03 6.423021513276534018e-04 5.750582843661011237e-04 4.644638739523705706e-04 3.802422684078227513e-04 3.244524342030064251e-04 2.411557655645259212e-04 1.855857322292571465e-04 6.686415162208406886e-04 1.721224187346146936e-04 8.313836084422474232e-05 6.630747314745195063e-05 2.255893799323786602e-04 3.630191262983984584e-04 2.318072310295625146e-03 1.914524548109092260e-04 3.588680947303004611e-04 7.864119320635891679e-04 8.284331129636549051e-02 1.029225444085771039e-02
1.369258090249298072e-02 8.713996451775502319e-03 1.139551558133001900e-02 2.324870285977755774e-02 3.827010908415602770e-03 2.112529374725479088e-03 1.206001172189355604e-03 7.786946470077499164e-04 7.557907837209982540e-04 5.529739258252788607e-04 1.378639460292912372e-03 1.657952263508935022e-03 5.188331742509307530e-04 3.007479506707448104e-03 1.584998834474699524e-04 8.638613953510853401e-05 1.943955169678128079e-04 3.611929746285845780e-04 1.333495210189468774e-03 3.670464065036002535e-04 2.141187313691606670e-03 2.929055974179473488e-03 1.913285751695761221e-03 5.294112045572311022e-04 3.017792343807870889e-04
9.520014896406527385e-03 2.248837057414219270e-02 7.854114446830161300e-02 1.618832181209978877e-02 4.455065594238772145e-03 3.383566617530293572e-03 2.410477666358748407e-03 2.009170887708546221e-03 3.393965017868021388e-03 2.884662906908902653e-03 2.549403993491728120e-03 6.962526709506375658e-04 5.648948339316062000e-04 4.623159172883416191e-04 7.088905402756445328e-04 7.271648355603521966e-05 4.821400561989641040e-05 9.820750370765042256e-05 4.544705951818572945e-05 2.624848796537975967e-02 1.907056585287256070e-04 1.690619526921500766e-03 2.375897274379629772e-03 2.685567992953581803e-04 1.242035311418868777e-04
1.481643486066461755e-02 8.375011065122329318e-03 7.206792339664164909e-03 3.207015118079955228e-03 3.535792491963121124e-03 4.046890708005273368e-03 9.343781319088563520e-03 9.616694636380236985e-03 2.719155381225825657e-03 1.154332572864224474e-03 1.062387738610842550e-03 3.707288973016065279e-03 4.955142395006093860e-03 1.259361787313244838e-03 9.388921884046577421e-04 5.906770646288523555e-04 2.837129623829187826e-04 1.375037277668660323e-04 2.274860317553097501e-04 8.958144598903490519e-03 9.763154735561961075e-05 1.098174749960852662e-04 7.678749491677550575e-03 1.501484762417173210e-03 1.241075100457638802e-04
1.221417241691275662e-02 7.588720925235398033e-03 6.378620025726114591e-03 1.123966957172364660e-02 2.144950868880604947e-02 1.193556451435647502e-02 2.740541281962037903e-03 4.282417034205177921e-03 5.829357866043529714e-03 8.116904294374466516e-04 4.638234264843262423e-04 3.446539440248500940e-04 3.148517434685873650e-04 1.251881783017912543e-04 8.357819111944133651e-05 1.299884713087097953e-04 4.985350680172031266e-05 3.910286856617387145e-05 1.329760615908440928e-03 2.951772628128362008e-04 6.826813441584864096e-05 1.783678946259440942e-04 2.692595062740116236e-05 2.707485597793694680e-04 9.037645253019199743e-03
3.615036696856751847e-03 3.500031780336117573e-03 1.777302937178252456e-03 1.110114892978925549e-03 8.414787011578062905e-04 9.819930778713181329e-04 1.191384047622215175e-03 7.714807117896021462e-04 5.441786272045322139e-04 4.069018164220141809e-04 5.077147290543859107e-04 8.539201311717489013e-04 3.022413017907838936e-02 2.844957756868424226e-03 1.405140152594806400e-04 7.343075398875889960e-05 5.503417980651696760e-05 9.096944418368050527e-04 4.803657478181328297e-05 5.650467953016139502e-05 5.910316457494987951e-05 2.457807111897430033e-05 1.819091770155872292e-04 4.146672897032863228e-05 1.265313386174460254e-04
1.827784178388028660e-02 1.138452875337106832e-02 5.309701346398206998e-03 2.750479807689428912e-03 2.192026131150410975e-03 1.230466504669417739e-03 8.350276461021281923e-04 7.349596570045088297e-04 5.890571881850788834e-04 4.854320360788937755e-04 1.362780559277568119e-03 4.372554315455632820e-04 5.538236257300484938e-03 2.431463054320599261e-04 5.612411596135392661e-04 1.476009065717735530e-04 7.786430475473036107e-05 6.383597761494625897e-05 4.561742913604995291e-04 3.772048118966266457e-05 4.206174694199510183e-05 1.925253383141481845e-04 9.073767044883603722e-03 1.152008236324446279e-03 2.503216048804888681e-04
1.136587131002410045e-01 1.921185053531911796e-02 1.038889602371484942e-02 7.356577970476623103e-03 3.384809589750487503e-03 2.397297348108422786e-03 2.158215670131232843e-03 3.324147232244812743e-03 8.909689976806356437e-03 2.815300621516696362e-03 5.835178260162255564e-04 3.910269757841478119e-04 6.753158716527612624e-04 1.423184853951218575e-04 1.153023534088276760e-04 8.899142544216016837e-05 9.846903526967692305e-04 1.531468532145783081e-04 3.854957157400538351e-04 4.942723998098754872e-05 2.478540333501876245e-05 1.138098201758876355e-04 8.940232625881881475e-04 2.842524691709780301e-04 6.277531110400276959e-05
3.817878868854435170e-02 1.263017005219839103e-02 9.944429604248810131e-03 3.979967745794022599e-02 4.338327460089410476e-02 4.207545108127851326e-03 2.737886660708276423e-03 6.758304692146967045e-03 6.054319865498734160e-03 6.687599103207412035e-04 6.043610593599483627e-04 3.279367189262263459e-03 5.639279117176469996e-04 1.415922798248606389e-04 1.012375529132507676e-04 8.560660053345367396e-05 8.186404433117523336e-05 6.581833904605983532e-05 5.008860338973888850e-05 7.341547594166646356e-05 7.616728535408524121e-05 1.701097716785414599e-03 2.327910420207423767e-02 7.183460876319242017e-05 1.542205962916759455e-04
2.460750120337922356e-02 3.344667042185446582e-02 2.537750159207892778e-02 1.448082284549644105e-02 4.053004496833868993e-03 1.568331476737106238e-03 1.288302575814854849e-03 8.326090449844639587e-04 6.139737429085811949e-04 4.818015710398592419e-04 3.687900845677674188e-04 2.673806905085277484e-04 2.068343578954266791e-04 1.559087171072658876e-04 3.389997424183602802e-04 6.856698507637707090e-05 4.410272326276343366e-05 4.760326867400774281e-05 3.311969007276129571e-05 7.690233267424677983e-04 2.412438327164400265e-04 2.842424720197194333e-05 6.293985128619968288e-05 1.289044757399425553e-04 4.318123925376378056e-03
8.171707875451241290e-03 3.146187441459604058e-03 3.662151477540138284e-03 1.711114569622776372e-03 1.439717662912222374e-03 1.109877683187057273e-03 7.666450235230289458e-04 8.007288956169394522e-04 6.880787720748253585e-04 7.048505846906721016e-04 8.252243788610246367e-04 3.718960920306729583e-03 2.214580390423647794e-04 1.463265081092224296e-04 4.373258714633031772e-04 7.040578224678602410e-05 3.887200073557316567e-05 2.451975265798638168e-05 1.663288901822817395e-04 4.516127107755959309e-04 2.588516491600330189e-05 3.981530538678503060e-05 1.475576189556516028e-03 1.174995604683560201e-02 4.382325300288122911e-05
4.951288015569074545e-03 3.866428314961661665e-03 3.299575439110377303e-03 2.027204788100223434e-03 9.978662956973878301e-04 6.987738552517298689e-04 7.618415148768869745e-04 6.810832985925435647e-04 5.075380845646844429e-04 1.081864619219934749e-03 9.019826233366601319e-04 2.371927614910934907e-04 1.983051258670894489e-04 1.659720189291412839e-04 1.169109519910188839e-04 9.712681307053946261e-05 2.582884091618798512e-04 3.866978663949050660e-04 6.755681775730626795e-04 3.523786536084871505e-05 4.123786132647682605e-04 1.494173907337429102e-04 1.846219088813584868e-04 2.125980826770947844e-04 2.089263787271344180e-02
3.237045892953088061e-02 5.310677930612519443e-02 2.838123096410978888e-02 1.927277552043983599e-02 6.709561023499321583e-03 2.078330492153652662e-03 8.740801604108324645e-04 4.040925894931398960e-04 4.036174327535281027e-04 3.854995653601655061e-04 2.613183586146385485e-04 3.910275307525870169e-04 1.111559355324246616e-03 4.140907247644781295e-04 1.529105478947153209e-03 2.901080445578849750e-03 5.180703040199719899e-04 5.626215027285721157e-04 8.895815804374963452e-05 4.417816356395962737e-05 4.109952773631458288e-05 4.547869506871918174e-05 7.177417582529681565e-04 2.963198007519846425e-02 4.838827743561785032e-04
4.109764931520163106e-04 4.657080779603377913e-04 4.251035063356304049e-04 3.477084120913101982e-04 2.380374955685208964e-04 2.907887476255678399e-04 1.587793165240427944e-04 1.323174886319150004e-04 1.538967873621126746e-04 1.309475933022410954e-04 1.390129079724942453e-04 1.237352630567427369e-04 1.457988118775842474e-04 1.581179485086279678e-04 7.342230369156484561e-05 7.082000536572529868e-04 2.154275119444902954e-04 9.536035405466646638e-05 4.011752218337518957e-05 3.477012460743979835e-05 1.013342834434729188e-04 3.646891637844509447e-05 3.167290662829969501e-05 2.471327324513353197e-04 7.068004242334222044e-04
9.336864536213617186e-03 4.276101515888829085e-03 2.545818078730482676e-03 1.191440294038858356e-03 6.718587698110247168e-04 4.803601440817844149e-04 4.315205719679851971e-04 3.858651809987248982e-04 3.410899850843541895e-04 2.880273428036097703e-04 3.430120409107937566e-04 3.213090169450746663e-04 3.954704086054238355e-04 1.015341636634317212e-03 1.889288844293110557e-04 1.180366491338695066e-04 3.937188472260300955e-04 1.630546627331833694e-03 8.693002903388059909e-04 1.343178599835693349e-02 2.072510363618347562e-02 1.199280601031820284e-02 3.067632637777482126e-03 1.108826061890541261e-04 6.035297395449291599e-03
4.488383515960434403e-03 4.038958527217119399e-03 4.416275634673733595e-03 1.009196854325079308e-02 9.717244413686675075e-03 7.715696811361974321e-03 7.073922128351646868e-03 5.597100105911004177e-04 3.534434032989421451e-04 3.234660983468553544e-04 2.580695824142520650e-04 2.171857710139284039e-04 1.886182118640196978e-04 1.515865709872109854e-04 1.153714629190805542e-04 9.848450648423657779e-05 1.374124275007299436e-04 2.933689012800090590e-02 1.077647817967248775e-03 3.282340325466151986e-04 3.113033302757900586e-05 2.958595292242628704e-04 2.156619911276122812e-05 1.843410464297718203e-05 6.133263871883196843e-04
2.280715723600896735e-02 2.059131360149895479e-02 1.525925015117027793e-02 1.134360954169389042e-02 6.014122390908436915e-03 1.723338114207557297e-03 1.693755657245129762e-03 7.576147079647934388e-04 1.238258343192940973e-03 1.734198832062096903e-03 3.092285883401267935e-02 5.836309837862958295e-04 3.029168844382677112e-04 2.139359307089862565e-04 1.565033829480772496e-04 1.020676777965439123e-03 6.219336084521106048e-04 1.465586084674805204e-03 2.502568015542573025e-03 9.750457009162926574e-05 1.690382186830197975e-01 1.967779010036813797e-02 6.241359599402253452e-04 3.471574766516832486e-04 2.425384054638348146e-03
6.233394839135868171e-03 4.258939017496288053e-03 3.621916453935153553e-03 3.178721351484630701e-03 3.226785625239086876e-03 1.075638659738052672e-02 1.150587125234723597e-02 2.630056155477852788e-03 5.457859265281991270e-04 3.976987757996139350e-04 3.073017219073738903e-04 2.432767799924431991e-04 1.817560477691056056e-04 2.259044516810774388e-04 1.011236244781560763e-04 7.161312739191623682e-05 4.696226928977540360e-05 2.425753180004245506e-04 2.118106716020382171e-04 3.438970863718887713e-04 5.064957976473529345e-04 3.411857628320593815e-04 2.737877318666863944e-04 2.562701183901718092e-04 2.171565469995172747e-04
3.196723996413669555e-02 1.781358086958400103e-02 1.149119901777803480e-02 8.123107644270691555e-03 5.988350251753187664e-03 1.088199621231685649e-03 7.195435879302934309e-04 4.970397599759284434e-04 4.386601378197368018e-04 3.408141774623210359e-04 2.792275120263519833e-04 2.222738262683385442e-04 1.687497491463948139e-04 1.276228001428202519e-04 9.130848014055163990e-05 5.857037523876518009e-05 6.943792425956361121e-05 1.142191859322524489e-04 1.812957517354339297e-04 1.976974907442612421e-05 1.693273343236139999e-05 5.718493516525067349e-04 7.090910021972063294e-05 1.461672424706686230e-04 6.910106809303843836e-05
3.512064174553911067e-02 1.635907801328038980e-02 5.494314629781735584e-03 4.036831406146987843e-03 2.763619501839153277e-03 2.240102034179050541e-03 1.867397798552165172e-03 8.630586049106215825e-04 6.587081594942667886e-04 4.818923121488052712e-04 3.292818623274825938e-04 2.397027678065556699e-04 1.561288194244334787e-04 3.244162528385952267e-04 9.365722982593040723e-04 2.182014797703898078e-03 5.018448459703636275e-04 7.281367240747641184e-04 5.065259928029565781e-05 3.393839816001901957e-05 8.392102339744592565e-05 5.407963623063041027e-05 1.929229449149482117e-03 2.226214232321120580e-04 3.484021474613044410e-04
2.357810443701182160e-02 2.110804783617823213e-02 1.516761234875337733e-02 9.119870330760107210e-03 4.349225460443481919e-03 1.059285968256255643e-03 6.756504321751228073e-04 7.174794722408145203e-04 8.851821518583805623e-04 5.102059186444088184e-04 3.708614862809108716e-03 4.276010716688826894e-04 3.502538364682873987e-04 1.456259451840335008e-04 1.038266096599428146e-04 1.776177184183443765e-04 5.278026466747825428e-05 6.164386991164140343e-04 5.538409337686786679e-05 2.315482202461681860e-04 3.058395166008273528e-04 3.967524574123977793e-05 1.823874930447318056e-04 3.616074526579350157e-04 4.408895032061499529e-04
1.412734990139621026e-02 1.160245524111260147e-02 5.921732430923916206e-03 3.975857522068284612e-03 1.779518387594996578e-03 2.497689492531803002e-02 1.375855152760221446e-02 2.051336534893587280e-03 9.484895683324360768e-04 7.282310445662643896e-04 1.044414648160051692e-03 2.907314092447667395e-03 3.080960640886660140e-04 4.856769850470048374e-04 4.180423869188183619e-04 2.688004949972394066e-04 1.438263026505907580e-02 2.879911789921155369e-04 6.629210979250144695e-04 8.029456905465646500e-05 9.910561606171056407e-05 2.214376052048424594e-04 4.460820662169082476e-04 1.294231536279089566e-02 1.142496652078608781e-02
6.811175182865197852e-03 7.111344618806624343e-03 5.189776957815098180e-03 5.689598435727922197e-03 2.115326370024176936e-03 1.972089380069785326e-03 1.763975126535000017e-03 1.058757260477596754e-03 1.443080435424026926e-03 1.634919061475594666e-03 5.639717581995316127e-04 3.065628007880119880e-04 2.001046563863473685e-04 2.287362148160130681e-04 7.436714165559140592e-05 4.018337304072728720e-05 2.774887325394679717e-05 2.717202397356514428e-05 4.163738014753071755e-05 1.498315626441033008e-03 6.685541355181931803e-05 2.440093868679726083e-05 3.538705122271113652e-05 3.117175642707418234e-04 2.394395043673028554e-05
5.300589136497364795e-02 2.796237597151702767e-02 1.221490238697316849e-02 8.847356517483568814e-03 6.200475134388916225e-03 3.440061606138606655e-03 1.559049143559678103e-03 8.208062978509621981e-04 5.203542470630778943e-04 4.101872173102884787e-04 3.087305170517034344e-04 2.438890514676805496e-04 1.681036215035753428e-04 1.079507392837907688e-04 7.152193865166254930e-05 4.694010434510884175e-05 2.685672160555136614e-05 2.330245172532727086e-05 3.908026362740897749e-05 2.578113961801732374e-04 4.732137046122049379e-05 3.406723299774142423e-04 3.437576802199174297e-05 1.347950146913217534e-04 2.809915392668101662e-03
1.189233489425205528e-02 6.424940493695662988e-03 5.270176806117582088e-03 4.212097115930524445e-03 2.131568490404488637e-03 1.401639702242213478e-03 1.021889633198763822e-03 8.368070488446982102e-04 1.020746398339423405e-03 5.774901021074824647e-04 4.378696882519498624e-04 3.467133198190103173e-04 4.838608491042142054e-04 1.408229584409314119e-03 2.858059468232289563e-04 1.802055766306089979e-04 5.601166500027025298e-04 6.920491803273661857e-05 1.780772924228077390e-04 1.480287477850034334e-04 8.739120593884460234e-03 1.265930564075342280e-04 1.500086722659993020e-04 5.828921480427346489e-04 4.420601479660207626e-04
4.521432005393716952e-02 1.462051575100396794e-02 4.198473628793581748e-03 4.222431898598671615e-03 5.545669579140420115e-03 3.040266243929551273e-03 1.455715593509428890e-03 8.173664019290479126e-04 7.069340377524686771e-04 2.738095104743289415e-03 6.789998053648486909e-03 5.555366257848190666e-04 2.915715254609399683e-04 1.769187080025416876e-04 1.264770210011075392e-04 9.225867828395489150e-05 8.699694687572933217e-05 9.611691246455959813e-05 5.798493871182291938e-04 8.896717999521301179e-04 3.297280684581054000e-02 2.499999938848803532e-02 3.490115480742536722e-03 1.457189785276282812e-03 7.695940228421454567e-03
4.248830887182023473e-03 3.208073160753352991e-03 2.900692562108716632e-03 7.391911078877132397e-03 1.293650967507585514e-02 1.062415541011686032e-02 9.148377588082351464e-02 7.798362805200521799e-04 4.540926766204468612e-04 3.645579269901400845e-04 2.809423538739690899e-04 2.043989517609230884e-04 1.597862524193954760e-04 1.228821852707964464e-04 8.502278137308288161e-05 5.559826892934276920e-05 9.599129005995173461e-05 2.569316226296574778e-04 4.174380244164921675e-05 5.069885730841352465e-05 1.290603128340539506e-04 5.053936598667475855e-02 3.510272719264958185e-04 1.907157475264329577e-02 3.730341204527376346e-04
1.509617981660496587e-03 8.193908449461952863e-04 6.411446569986525975e-04 8.874955544623810370e-04 1.213658788383489623e-03 1.161210724551137814e-03 5.967839689158464626e-04 3.734692484476029566e-04 2.343508186751125692e-04 1.494187614406578251e-04 1.190400338033371761e-04 7.801338339719578641e-05 5.811678616124044713e-05 4.864758463668958187e-05 4.264057620318615564e-05 1.353448204760229214e-04 3.739165138844363357e-05 3.708645313883579769e-05 4.786541877887386109e-03 6.033656959768626425e-04 2.582857446371414421e-05 1.947804821105976684e-05 1.386140876306503740e-05 1.024934840390856544e-05 6.151990790841104385e-04
1.606965865425256587e-02 1.043888217474060048e-02 5.762500682076284603e-03 3.798596970814614466e-03 1.395416582187756788e-03 1.183559776536958477e-03 8.955462204972442636e-04 8.285866615501070922e-04 5.972844083275133040e-04 5.891253648501256109e-04 4.489680166531497267e-04 4.231601692540778829e-04 6.591667399200855804e-04 4.655782924316483398e-03 1.786763012153000797e-04 1.483720509612856963e-04 1.724425218987605906e-04 4.291387176831768543e-04 3.677802944370264695e-03 1.724136390891694204e-04 3.644368007878612926e-05 1.239892476820670167e-04 4.474357265331612571e-04 2.424543360519540252e-04 4.005677627611041176e-04
1.440741948868898802e-02 1.532426380125002582e-02 1.963416938772103576e-02 1.474068491760575569e-02 1.004356858932081535e-02 6.603727315379281058e-03 2.832858007084297722e-03 7.441068563864556944e-04 3.687641841332789318e-04 5.868680585540568323e-04 4.197021506963829313e-04 4.837341540882327201e-04 1.624838810604515074e-04 1.006343186507610636e-04 7.431610185155653782e-05 6.415557967865889982e-05 1.769875217700818436e-04 2.411542385070672477e-05 1.545680657913259137e-05 1.824183158558166949e-05 3.348174642680985374e-05 2.096221067968656961e-04 3.107934235056605306e-05 8.705692436295070502e-04 3.418923566257809884e-04
1.954382511032571115e-02 1.422941550865639351e-02 6.880652871055236743e-03 8.450958363381753241e-03 6.697748421949457041e-03 5.293813979990584853e-03 3.912670818808973786e-03 1.841621932890928452e-03 1.117516843466209242e-03 6.616916439929952740e-04 1.540739564307321095e-03 4.274817596041992004e-03 4.437869739599900197e-04 2.059867215989018773e-04 1.690235297390927857e-04 5.208172308217315881e-03 1.880659289860642995e-04 8.024799070404957033e-04 7.209203586301936870e-05 4.525951853156825035e-05 4.075373419143785760e-05 1.103988831816267967e-03 4.654541195623917722e-05 6.874459803055306146e-05 2.548458625923693491e-04
1.739631908246835890e-02 1.347836162405723764e-02 9.944936690946242636e-03 5.324623983974760728e-03 3.865800204819508108e-03 1.101568086166158878e-03 7.930972288072890737e-04 6.876079384318516683e-04 7.400487580117370238e-04 1.560772585195651686e-03 1.251373262598453294e-02 7.829585235164875871e-04 3.068388899672183125e-03 1.589585652568012506e-04 9.418127461604526129e-05 8.947244412131333377e-05 2.329071861609697397e-02 5.207082105586949804e-04 6.693404785776334537e-05 5.836808816952398983e-05 8.551704610597558442e-04 2.507014461149350702e-04 4.149473305385139145e-05 8.862398603675823369e-04 2.210799891961484436e-04
5.606545178249816921e-03 1.890354278498230243e-03 2.837526484491291207e-03 1.419720685927884337e-03 1.043164743444657252e-03 9.233070683520483608e-04 1.021931986950557316e-03 1.441028897723881357e-03 8.913012552287944215e-03 1.007538367801723463e-02 5.976710039046960639e-03 1.830424319095544892e-03 6.716326444839739156e-04 2.267854160407781813e-03 3.017385557556134107e-02 1.897433738482395859e-04 1.458763784013719200e-04 1.510793643856779165e-04 6.505902123073413208e-05 9.099752501426945498e-05 3.128277109780161036e-04 1.687887410848216974e-01 2.217595135323339670e-02 3.848184267322494047e-04 1.514994487977946709e-04
3.690718043921312891e-02 1.167193715198248417e-02 6.801221289599154209e-03 5.637590975677657205e-03 3.638294350373999161e-03 1.671782056920007248e-03 9.620573164872381041e-04 8.310500938704227809e-04 4.073960955477451450e-04 4.303149944760827550e-04 5.356987315302155599e-04 1.223117292213510895e-03 1.668439022475193061e-04 1.260034937664105369e-04 8.209114816102442130e-05 4.659516963376850889e-05 3.576580979945083108e-05 3.237878501894736271e-05 2.329135194409811315e-05 6.203971740356237110e-05 2.442908021239550533e-05 2.030701400046190284e-05 1.280324758705918568e-04 9.429924767596957686e-05 1.134679752930173568e-04
3.895151441916146380e-03 2.206271469866149994e-03 2.283284568112068248e-03 1.395905721668137161e-03 8.637846187517199273e-04 5.217812185188383566e-04 5.860690707178712721e-04 5.610611190784128887e-04 4.639788367625045907e-04 1.092718459281975850e-03 7.664099353709316565e-04 3.210110818572020673e-04 2.606411104835377785e-04 4.903163847535921965e-03 1.417513109343447293e-03 3.803173817953111029e-04 5.772461109990516069e-05 3.722352771189660695e-05 2.565953692953532413e-05 3.936829910021794092e-05 3.245169971664179677e-05 9.165641522221608492e-05 2.002896766688172688e-03 5.259691902386654482e-03 1.661098471165448032e-05
3.598839202984948239e-03 5.266372333560219443e-03 5.709207751222038565e-03 2.731123470856480773e-02 1.563475287275048475e-02 4.366490646778771814e-03 2.425376839261132733e-03 1.547523845524393640e-03 6.562467997571967519e-04 4.708631333932304023e-04 2.847732430790920577e-04 1.875965801396625981e-04 1.347720136790968260e-04 9.547218849173277108e-05 7.134853740700871380e-05 5.052988679547132822e-05 3.416754489214130885e-05 2.188092184602429699e-05 1.956361734781061700e-05 1.788538405456630576e-05 7.963698472868355866e-05 2.235648646795692274e-04 2.171160663973614041e-04 4.054912610932218423e-05 3.227842129809501553e-04
3.001772743160666893e-03 1.812966995905084368e-03 1.390367651506449042e-03 7.673737184810319528e-04 8.960782832822754805e-04 1.217012856393148192e-03 1.230872408976278667e-03 9.417836910343397412e-04 6.480810929820540267e-04 4.384724488466158255e-04 3.900153212140567761e-04 3.202683530487522513e-04 2.338367237869483871e-04 1.525763131785984762e-04 9.278321480850326968e-05 1.327186442108981533e-03 3.924461365070843529e-04 5.496703236004537934e-05 6.655220675703272788e-05 2.913845876888471859e-04 1.323574898100060571e-03 1.766513774135608527e-04 2.003220012261372474e-03 9.149478374022766919e-04 1.313083748794300048e-03
9.622084879082390407e-02 2.556443381065298323e-02 6.377429570442003093e-03 4.509051974096354304e-02 1.650347825529805690e-01 3.632398474069371223e-03 2.750273251842847919e-03 1.395048961749167796e-03 6.749176135303357237e-04 5.067419784576484600e-04 4.090036194709253622e-04 3.994685989667870756e-04 4.573072017832465830e-04 5.319382340391808593e-04 4.724477722592403052e-04 1.214066753095232633e-03 2.903570074421044263e-04 1.292595038984854685e-04 5.781313203857929399e-03 5.441295356514072590e-02 1.686971307230493780e-02 7.765783016854011791e-05 1.717466273133303151e-04 1.830220070569883728e-03 8.992282787994933290e-04
2.042532121079079777e-02 1.579844322437007689e-02 1.500564468473456273e-02 8.462544263800086605e-03 5.340631941779783697e-03 7.319670741399675502e-03 2.550796030593667930e-03 1.472051117613598376e-03 8.109192267834652770e-04 5.517201343558954512e-04 4.506741313972779613e-04 1.025139458411166013e-03 6.152386924971183987e-04 1.846834638915654809e-04 5.838429712914826797e-04 1.142016172789683776e-04 6.587632988538076216e-05 1.876530392457459765e-04 3.346331529303779757e-04 2.529730345217194457e-05 2.276899701503650532e-05 5.279024713202916348e-05 1.736511608639622903e-03 1.380862872759556473e-04 4.072242795558898062e-04
2.320647152932895415e-03 2.877540190497771249e-03 1.642539869555564207e-03 1.228234126007324723e-03 8.345289999069294617e-04 3.002535975451217274e-04 2.287510901428139955e-04 1.350855336732712496e-04 1.321804851896518542e-04 1.117064226597570782e-04 8.990207313642923921e-05 7.803105735234460620e-05 7.687717835539791759e-05 6.025337657262397524e-05 4.866367846032346308e-05 4.164956940624342914e-05 3.446882346638820664e-05 3.751390749089025952e-05 2.762716252794203073e-05 5.885952492687315492e-05 2.872992342425951845e-04 3.849239959369708201e-04 2.319625188175414722e-04 1.232780866875498736e-04 7.762584763381399867e-04
1.086137362935158876e-02 6.374475049280149512e-03 4.399999773925153054e-03 4.127762653557451311e-03 2.800738552360333353e-03 2.043159845881137825e-03 1.693515609314738025e-03 1.621763825410292657e-03 2.054071976864654814e-02 6.030276179771347543e-04 3.833943944132206798e-04 2.986659340616783058e-04 2.438844782508910224e-04 2.459418943816274700e-04 2.358378905866383851e-02 1.927942127374459430e-04 1.453243877127674154e-04 8.139162523909405358e-05 3.006796740466222682e-04 1.703049158441861943e-03 2.721327976788731661e-04 2.504357494188961045e-04 1.529082610443767822e-04 8.891563441513102017e-03 1.165611786428552479e-03
6.018927598982571486e-02 4.170149724273162356e-02 9.074031303803097026e-03 6.416828485371839363e-03 2.450287318526136668e-03 1.264357328856501300e-03 1.241032436362407999e-03 8.520107150250823790e-04 1.124735847225698856e-03 6.123135685574608404e-04 3.441719815972036343e-04 6.130054416635081918e-04 9.086908052114464314e-04 1.337919675182966471e-04 9.224641146465528674e-05 6.453190633588940515e-05 4.583490940220408976e-05 3.083245284570512013e-05 2.798927053541280002e-05 1.818262480989707225e-03 9.837307377912198709e-05 2.512303381893634681e-04 8.694038001521924800e-05 4.150980367678829691e-02 1.615555314886731346e-04
7.899504168540429777e-03 5.857588166556269155e-03 5.252123865905687465e-03 3.648420286254015158e-03 3.500162681611069908e-03 2.072320108401589679e-03 1.696786061228718967e-03 1.939600112843518475e-03 7.611555261630588605e-03 6.610656622234263591e-02 1.013885974681435348e-03 1.007218660319692850e-03 6.837048448800530026e-04 1.730284783092653070e-04 9.493951012244684093e-05 6.728516721835115476e-03 6.206124421598284587e-05 1.091683268919437123e-04 7.144490623192910339e-03 4.114823388180306567e-03 1.954757487820393130e-03 1.860200713639540641e-04 2.282671376637616066e-03 2.829075353648726528e-04 1.065558923476831035e-04
6.075088167056206731e-03 7.716452716397973442e-03 2.794305439640497150e-03 2.450660385017489583e-03 1.656657558591453222e-03 1.124744539220139681e-03 7.198910252127146839e-04 4.081841269556896342e-04 3.686029108047660183e-04 3.716677733686108548e-04 4.486171849377645427e-04 2.798938132419650062e-04 2.219904951466725044e-04 1.691169129441916783e-04 1.362563347809141905e-04 2.593015532685831589e-04 2.330999444416922907e-04 8.007539067612474634e-05 4.424515237036997194e-04 1.545583957056994424e-04 5.438103764969620104e-04 1.015566142700443861e-02 3.052031949134278305e-04 1.632102027543396621e-04 1.562994039021119294e-03
1.473415651105641246e-02 8.954972703942448015e-03 6.184761190623185197e-03 5.342393295780061870e-03 8.564651262977058047e-03 3.426471876258599912e-03 1.053707541563982759e-03 9.441064021439686278e-04 2.756676174376521907e-03 2.475901370479002481e-02 2.127845375235580625e-03 3.933693467623778934e-04 3.000135077776459012e-04 4.546723560419302455e-04 8.613969951638746504e-04 8.141246668227012501e-05 1.159692010522950928e-04 6.039937411130684317e-05 4.156674966647353972e-05 5.763588119124119088e-05 1.080792389446498828e-03 8.985243410273361904e-04 7.222383464456875058e-04 3.909198904103918914e-04 1.369208040836607113e-03
2.691223116009254512e-02 1.678572556255241918e-02 6.566707832318117825e-03 1.833470620830199641e-02 1.364986255126569500e-02 5.738893552801713378e-03 8.773602454331543661e-04 6.124818837575244160e-04 4.548487314984971846e-04 3.963055536707412070e-04 4.072223273215834645e-04 3.963498423113469694e-04 6.734836659843903596e-04 1.877328903844817452e-04 1.109310662207198110e-04 6.906070582469828222e-05 4.565724372855232131e-05 2.367353097411210871e-04 4.563406576832450615e-05 1.023037780891640058e-03 1.504275022934959012e-04 4.205056168953959315e-04 1.628022995567297133e-04 5.337041815699802676e-04 3.501244171883542808e-04
1.571584161228786183e-03 1.437108608464006052e-03 2.487592331367008327e-03 2.402993439686975166e-03 4.971230596638919787e-03 1.123717536114926096e-03 3.917916023863459406e-04 3.949372996642364487e-04 7.986760162220083370e-04 5.816139151184930578e-04 8.734307180885373268e-04 7.411395786282638266e-05 5.461621809600854510e-05 4.883262605573379395e-05 3.399197312807913972e-04 4.386602765325687804e-05 4.396740117994706536e-05 3.164390390546725518e-05 2.804101769891258498e-05 5.496010535604700089e-04 2.719425642856676236e-04 1.595072385313040322e-04 2.176891583645423683e-04 9.054972588085275680e-05 1.174469390437994252e-03
1.824982972496558926e-03 1.159365952322238304e-03 1.067156969742310852e-03 5.750811682650678594e-04 6.645652323977988040e-04 3.549490015533494284e-04 3.828550217847674912e-04 2.471216241276004530e-04 2.052338473046769467e-04 6.090917525361142339e-04 1.422567266804346210e-03 5.966015264284506249e-04 9.297080095273563987e-05 6.538853820112546249e-05 6.245555448752411714e-05 2.858701538894123611e-04 4.282607751170454006e-05 3.186611941527156506e-05 5.135423672339154474e-04 5.214440104679663682e-04 4.166980566731614307e-05 1.102958566110864153e-03 1.224604257205193193e-04 1.142414423826385706e-04 6.416609572392711176e-05
7.390647575786902070e-04 9.524701320829547825e-04 4.006035634886045450e-04 3.694027259974552529e-04 2.905728211912008774e-04 2.882911621493531706e-04 2.178419088718957976e-04 1.947384268337778405e-04 1.661445975055352432e-04 1.444022615097846293e-04 1.280925217082740271e-04 1.119475788370360731e-04 6.477513665024895026e-04 8.065055334178265420e-05 8.128028100178776440e-05 6.711585032442108842e-05 9.871663971222047369e-04 1.997963437053187593e-04 5.620796662701309145e-04 3.664491012329467768e-05 5.354638436396103388e-05 1.051286173553130164e-04 4.051854107310485370e-02 6.266987907788652097e-04 2.381442360709388681e-02
1.709732896568613020e-02 7.894128881501155312e-03 3.619519877588322186e-03 2.129743769281670397e-03 1.622613702292358346e-03 9.243869959403732718e-04 6.959233861285282242e-04 5.073360977317594757e-04 2.922828232590806135e-03 3.372932390531683308e-03 3.506720171167616818e-04 2.911308750201237541e-04 2.446731664830382861e-04 1.944529135640274474e-04 1.377536967430358322e-04 8.661961646132208532e-05 7.453303577742488605e-05 8.482737166079116565e-05 3.005137953883872616e-05 3.226367894926387503e-05 2.800756582507426141e-04 4.189139864992681982e-05 1.649839123585500941e-03 1.134146218639433233e-02 3.236750574998117089e-04
8.015166841891192828e-03 5.104396823403412053e-03 2.294877967168219932e-03 1.494734867165682310e-03 1.117005662866072920e-03 9.751172960622070396e-04 8.635658614716910236e-04 6.321391204272433593e-04 5.407767355490822282e-04 4.424998315144682351e-04 8.337968263844348785e-04 1.247372561688445602e-03 2.602962582473205308e-04 2.311941404371259542e-04 3.255347506367656804e-04 5.814510691668042423e-05 2.457563825497620195e-04 5.140208928102079407e-04 4.538018428047841882e-05 4.579312799032301141e-04 2.318215509137209351e-05 1.901786674683076221e-05 6.178217931791030518e-05 1.713498836893407532e-04 3.378149924750355280e-03
8.616699091750319381e-03 2.436767144443827138e-02 1.068699458146765702e-02 2.904895735866873732e-02 6.596114212056630732e-02 9.918390153699009268e-03 8.033671513837246231e-03 7.514980795962967509e-04 5.088193791872225097e-04 4.355703769345937591e-04 3.122222648876821758e-04 2.363587784960473738e-04 1.683944869009883737e-04 1.129703070374777832e-04 7.259949224183334085e-05 4.252551850426042524e-05 2.444512815382384363e-05 1.739013741434817812e-05 3.363857153783168861e-05 2.368772155011462000e-04 2.694056946756815616e-05 2.594074410509394685e-05 1.596465158532716342e-04 3.545736504798244182e-04 3.841889917954985703e-03
1.361195742875857297e-02 1.203732551422537385e-02 7.078601723506021924e-03 5.959911111923612767e-03 6.049071927447116116e-03 6.363761832013706092e-03 6.842072108153554079e-03 1.143312521156581709e-03 8.199677676967569726e-04 1.125242172507800835e-03 4.061289889519596697e-04 2.599387576710384079e-04 2.067665480741567971e-04 1.402662516817182741e-04 1.170294404667597662e-04 1.208371085064463687e-03 2.127048508166510209e-04 5.173632840052565544e-04 7.156979941467786271e-04 1.011496394128363348e-04 3.675725094522597127e-04 1.720472027528791546e-03 2.980017015783236974e-04 2.036635661927471350e-03 1.549662631335599512e-04
4.731123604401729459e-03 1.650301099102025699e-03 1.283272633483163727e-03 1.436795293159123755e-03 2.007136764714446357e-03 1.822041380483052338e-03 3.001385799839625598e-03 2.684982729288813187e-03 2.130039491046937725e-03 2.173804501888638822e-03 3.253165677078274443e-04 2.289949878039844119e-04 2.046584040785007534e-04 1.645727380235437632e-04 1.209565065523290255e-04 9.085881788368168244e-05 1.666258893815144779e-04 2.502879493997538251e-04 2.695155845844514068e-05 2.692537414971486265e-05 7.911733677522735618e-05 8.407242688866611695e-05 8.267551698640698832e-03 1.544388374638237533e-04 9.907154990015107701e-05
2.706905468157540240e-02 1.955704839431617395e-02 1.669828959589002640e-02 8.439148020543131914e-03 1.753393214305786017e-03 8.614134294632941379e-04 2.394110222513573614e-03 1.596528396411440402e-03 5.876898837582233579e-04 8.049492409094354201e-04 1.007967631443546560e-03 2.600483582052000135e-04 1.996027306187285802e-04 4.544045093861223076e-04 1.209490528207491007e-04 1.789822765894098517e-04 5.453556427992964015e-04 5.948233438711451209e-05 3.597638150028148197e-05 3.105752132597497579e-04 2.594140214858074706e-05 2.548365496824108058e-05 3.148866821946333643e-04 7.053736899068827049e-05 6.570042873782650514e-04
3.256772373833533019e-02 2.616282417295095336e-02 1.668888160464254700e-02 6.960183552855454120e-03 4.247274873623134439e-03 3.153075467195791143e-03 1.286437758215758492e-03 3.209925930568031938e-02 3.866907989953347752e-03 2.080094820434521749e-03 8.544518185977538136e-04 4.327322205461470628e-04 3.109859881554569877e-04 2.537715881219158257e-04 2.066337141093211943e-04 9.542912114682331034e-05 7.437496329945740309e-05 6.155288706667983215e-05 7.966626284695923772e-05 2.498006735054010270e-04 6.393367510082642634e-04 1.383055691948792973e-03 3.135917145450088390e-03 1.990770562179168014e-03 1.919368066081016003e-04
1.147699396740642017e-02 7.318361609925505724e-03 3.969797191533134574e-03 2.395726414165847817e-03 1.425875793228917289e-03 8.178236093227940094e-04 8.110911842086663366e-04 5.932341408663718363e-04 5.322881582010679244e-04 9.647628669893899790e-04 2.520930700020354836e-03 1.894185466251141481e-02 4.260093981027378209e-04 1.895565138929055098e-04 5.083881379080654184e-04 1.025766161204236162e-04 3.744851849003774696e-05 2.217268043049836694e-05 1.803522308807356696e-05 2.023961544542635929e-05 3.906420933405199019e-04 6.542275289103212030e-04 1.992324309025048090e-02 8.828838329749098129e-03 8.506337625188016528e-05
2.182593300815978757e-02 1.708577558971070831e-02 1.277035571489125616e-02 7.094138422105281117e-03 5.373298833025715558e-03 2.967316278400754497e-03 3.625021685185737981e-03 2.376645005385784413e-03 8.154471997448663320e-04 4.313781238320254737e-04 3.595714154523082877e-04 2.812833689289805290e-04 2.274764322723017229e-04 1.312821467430373527e-04 7.560277338702853049e-05 5.032769214845293987e-05 3.624646045500214169e-05 4.044543315499240718e-05 3.416463789702045708e-05 2.220076039743159040e-04 2.148578962809422413e-03 4.545132391268586619e-02 4.436819290734420637e-04 5.053217988754174494e-03 4.308489564773073017e-04
1.667515546760101747e-02 1.678396221090670826e-02 1.439662755318057465e-02 1.311996886182243728e-02 7.102360998466319443e-03 1.626750034600838845e-03 6.088167910972425980e-04 5.306078157299996042e-04 4.793013283830881480e-04 4.684843970322885250e-04 3.147319909320395008e-04 4.659464904745698271e-04 6.293065504638046875e-04 3.257681600370545606e-04 9.031350258897101945e-04 7.854287101107722832e-04 3.539885056363429217e-04 9.215379130366646891e-05 9.857783972445785742e-05 4.787491790487474470e-05 2.808419627500948596e-04 1.944851703916282892e-04 2.297518868493766617e-03 2.126058069033252861e-04 1.931926083427072801e-03
3.421223910519025774e-02 1.360257575150277190e-02 1.137084285268238557e-02 5.300145918159944805e-03 1.284149148958188720e-02 3.389745486493881202e-03 5.488590846415051334e-04 3.931769728541821053e-04 4.022529376713208753e-04 7.247035562182005571e-04 7.213380206743400316e-04 2.576751644080146160e-04 2.283229949882888772e-04 1.906095462929304656e-04 1.347061028215849399e-04 9.116715994665878532e-05 5.567997368429650678e-05 2.944641791816929121e-05 1.470167910589262393e-04 2.332265862481591007e-04 7.863326296786470526e-05 6.453951103827038961e-05 2.751881185407157042e-04 3.644180087218181011e-05 6.709864595129580011e-04
7.963293804841653153e-03 6.031307680803373386e-03 5.095970885077992681e-03 3.401096668381904230e-03 2.164349035617631981e-03 3.754172954878056030e-03 8.105841814716052696e-02 2.706334926792403582e-03 2.129898138260416865e-03 2.985640061346251338e-03 2.021429647697106993e-02 1.745724461970401317e-03 9.507634160490976028e-04 2.013586751440209633e-04 1.464877638475471666e-04 1.880277270390688757e-04 4.205649840372333243e-04 7.424592285009872297e-04 1.186009741653447228e-03 3.902020485516014079e-03 4.026913246252629744e-04 7.924884946633144796e-05 3.379998247083054725e-05 6.086784151886515549e-05 5.623752486818497931e-04
1.106655274893327684e-02 9.534440104941839869e-03 5.074901828535121305e-03 2.746031880886555879e-03 1.236764169472132080e-03 1.439282252376452480e-03 1.232026826169518212e-03 7.491260045481415095e-04 8.186746278505695239e-04 1.176913598061866224e-03 1.451057381039514999e-03 4.329264693411442183e-03 2.937390049795056760e-03 6.109606583920306920e-04 1.456226654642872001e-04 1.156254407692437270e-04 9.533263386820515876e-04 3.507040596710171731e-04 6.615282586439543300e-04 9.533372266474174513e-05 3.736231818191322975e-04 8.041172164030965591e-05 2.541096447062501668e-04 1.130178263997753257e-03 1.153995288001759267e-03
2.250545968280199399e-02 1.117022511904743054e-02 1.012388128972779161e-02 1.090475165942223629e-02 9.316284477378016654e-03 7.236724857658271594e-03 2.477827649772420052e-03 8.213108772429549356e-04 5.929038393556095238e-04 4.662840930879656905e-04 3.442750824286989098e-04 2.662451706513390033e-04 2.020081131753267707e-04 6.147429140669765594e-04 1.185734365468808836e-04 6.262370733926124911e-04 4.761131291712390263e-05 4.227398350203071778e-05 1.327079522274526521e-04 5.861410573890415282e-04 2.696463813783066613e-03 5.202388887249389257e-04 4.572943750536318658e-02 2.256370047636046400e-02 4.767437471744806108e-04
2.649214738498142582e-02 2.735939867012362678e-02 2.323578927472571068e-02 1.800569753750998897e-02 1.122589583556296566e-02 4.101616759117274885e-03 1.578114712362836940e-03 6.702900460133613420e-04 5.388165051673890526e-04 4.124324765161547796e-04 3.258506393767466756e-04 2.014297038189969812e-03 4.131755338637577266e-04 1.375132959392609674e-04 8.330244700813842717e-05 5.298559913806826128e-05 5.713130848881747061e-05 3.031627704560076089e-05 2.597838874179220607e-05 2.635858432345667646e-05 3.975203032637285034e-05 6.080867523970630338e-04 2.540815615212477230e-02 1.986979477953466564e-02 8.856852423489358292e-03
3.308684864905225842e-02 1.979061599938601937e-02 2.345688056580870137e-02 1.326530227260201353e-02 4.714476762853531643e-03 1.507919022126093852e-03 1.151597931253468734e-03 1.520169961325649761e-03 1.438922280850625556e-03 5.241687699234600425e-04 6.084590277559574680e-04 3.253564026454604154e-03 1.747066469380761282e-03 2.139244734799340187e-04 1.472665023981687034e-04 1.742938067654625203e-04 5.854901879367162043e-05 6.633808454567963501e-05 2.836986098533312260e-04 7.901644799118582923e-04 3.071771975049616076e-04 2.142188096249081732e-04 2.565254009765535704e-04 2.293737634867168765e-02 5.497225981281813299e-03
1.043171208929023243e-02 6.265245129003699232e-03 3.472631734148846645e-03 2.367196035371911360e-03 1.537701343520676573e-03 8.784839116163469701e-04 5.852496330120519896e-04 5.278519031766460735e-04 4.419645622586413779e-04 6.025973679096243872e-04 4.413413256827588530e-04 3.704194519029006035e-04 9.307616841561897102e-04 2.083482313933982758e-04 4.172318249514187579e-04 8.545982885164580449e-04 1.328621716856283634e-04 5.207184901855236659e-04 5.623339230549122205e-05 1.558344281373011614e-03 3.002537896834945284e-03 4.416074648054749813e-04 1.427800999828490248e-04 3.845997675958522859e-04 2.484269852676291982e-04
1.385169435151203769e-02 6.712027624307135253e-03 3.686657621013999641e-03 2.370276554996196723e-03 1.982343910389797962e-03 4.828985474465305634e-03 2.120810510747371362e-03 7.130966239919235387e-04 6.195456269437507038e-04 3.374672360289988383e-03 9.736004755419414014e-02 1.943913258911166182e-03 6.609380402321465191e-04 2.741596659198236802e-04 1.094734279459119459e-03 1.256120731954235071e-04 7.981754157623910753e-05 3.564436955136925534e-04 1.851858176760816659e-04 7.992055399425762943e-03 1.849117155196162293e-03 1.942844124961056850e-04 6.329887721155945694e-05 5.024791198003323450e-05 1.139903911322107891e-03
8.820380316136576179e-03 7.150553283732019247e-03 5.619578757640448716e-03 2.889428874789447352e-03 1.548112287170019027e-03 1.408945872388411283e-03 9.918761834031551185e-04 7.267386054545098718e-04 6.149368280341409917e-04 4.546611746990988044e-04 2.249395852106527219e-03 1.165286686043223068e-03 2.507613004226918844e-04 1.434465485381729820e-04 8.456110094372034790e-05 5.369854911082167930e-05 3.768191815619331431e-05 2.995109537924605091e-05 2.111543987381310123e-05 1.887055562451744837e-05 2.988141547287728061e-05 9.296442898610122595e-05 2.889802817233254827e-04 1.307509244437783918e-03 5.350829206566707160e-05
1.645762513432565133e-02 8.469186660672076150e-03 1.493997277106118814e-02 1.092436334672328667e-02 3.522280099918365711e-03 2.191364878264732106e-03 1.423839923060077036e-03 6.946478982316131720e-04 8.290258795776873219e-04 5.225564785611104199e-04 9.312878771976789045e-04 4.122365632222562554e-02 1.027647527904158344e-03 3.389351667535637634e-04 5.452028497957473905e-04 1.027277668960503200e-04 5.749193694832987090e-05 1.060244416813121298e-04 4.965954580334371992e-04 5.866456607863205011e-03 6.809799797363725021e-05 1.794037850367912216e-03 3.399693005795444058e-04 9.574297568160383437e-05 3.821992868522030196e-04
7.450057702182270869e-02 1.419361680677357074e-01 6.986926347326483100e-02 2.529861263442501063e-02 5.339229226316286048e-03 3.399013336411476575e-03 5.505420850878096732e-03 3.376101980039774436e-02 8.781158825390714823e-03 1.312862333352763939e-03 1.385247226482301053e-03 2.940320775836878530e-04 1.482818525835035513e-04 8.981512710394095851e-05 6.084310760410082097e-05 4.337464216608205082e-05 3.928631258798077804e-05 3.539823670689052059e-05 3.041574149794880574e-05 3.011067989948608130e-05 3.840446822611653672e-05 3.163413792133516061e-02 1.153255105584137004e-04 2.758651952977031217e-05 5.017085417476342896e-04
7.777564414183281254e-03 6.494144283396763827e-03 3.912354331478516342e-03 3.359644903803531320e-03 2.601814278956557109e-03 2.458458748165187526e-03 1.937586883125881490e-03 2.467053301681820018e-03 3.468476554390419707e-03 1.265098890633127755e-02 8.336844979978828493e-03 2.813696488191316011e-03 1.900609999970696460e-03 1.218905848943687103e-04 7.038046143853653766e-05 4.875620643324404623e-05 4.211737582316072218e-05 2.439822016875290803e-05 2.184366555452448784e-05 2.390050806427420293e-04 3.457674589962981345e-04 7.149098957717177425e-05 1.397150951981074806e-05 2.708070965341023511e-04 1.381513267857860524e-04
1.093260535585942675e-02 9.522657169601399241e-03 7.941197450068359850e-03 6.686795421879812053e-03 5.799721729989115032e-03 2.483155819489708208e-03 2.093176225375972203e-03 1.976659715620360247e-03 1.622870812099354776e-03 1.081883312017171929e-03 1.040441069073686246e-03 1.747280022137158136e-03 4.579830516859525243e-04 1.301439470044412727e-04 1.085954704249941923e-04 1.060297850143513451e-04 2.386826121638767079e-04 3.056646479620605053e-04 7.338802158508272435e-04 3.852288794881977558e-04 5.775019147329407731e-04 1.643557423354235537e-04 2.126809148798619760e-04 4.032203552072417992e-04 1.299507298679601327e-03
2.828368398697669525e-02 2.197987531430903307e-02 9.466370716649285047e-03 7.815113700609390215e-03 3.013642599925301681e-03 5.150556280052780156e-03 1.190523579057093662e-01 4.125872244312126132e-03 1.046597627562952148e-03 7.959028428497015150e-04 4.571832330383737036e-04 3.354645126539476121e-04 2.560281881449384266e-04 2.224971074662415748e-04 2.284869779582837386e-04 1.497887065980531090e-04 2.647842871727130228e-04 5.681409473078299357e-05 1.934720598509938783e-04 4.797793946717526380e-04 2.183799644248572128e-04 5.897693329588853395e-01 8.169050582609358943e-03 1.419660525360095030e-02 3.269676451712672156e-04
2.869306599640254751e-02 2.278544226947838008e-02 1.643165644177933121e-02 1.212061057927376999e-02 9.852358557095181046e-03 8.351938467306762454e-03 2.283789214165431528e-03 8.126463404627221271e-04 5.986805856084352053e-04 6.301413648606647624e-04 1.001269118784684506e-03 2.710549441189002030e-04 1.803217025756144367e-04 1.418842693860088329e-04 4.750199263781766483e-03 3.716536022643354632e-04 1.055470071084157823e-04 6.347448141572695354e-05 1.179386035809093904e-03 1.364161185323179565e-04 4.886835974440823134e-03 8.811192846961955760e-02 1.139113611118817038e-04 1.033824723173314933e-04 2.335300261487073970e-03
1.376086061872058668e-02 1.451369552394605501e-02 1.661781247600297579e-02 2.248080418122656507e-02 2.470863259586314128e-02 1.261986474141782617e-02 5.540467982225208594e-03 1.383049174018021908e-03 4.864551886862799289e-04 3.376443204527231220e-04 2.908855452471695757e-04 2.272060803358504457e-04 1.814871062748399540e-04 2.034232058944021614e-04 4.902416208816865427e-04 3.163035175870854794e-04 8.526375085052858953e-05 4.207126217723100640e-05 7.700114845588196342e-05 1.333839766964771412e-02 7.742792054991594342e-02 3.158128509263739234e-05 4.462957607851696529e-04 4.147604471069199755e-05 1.122425255992657304e-04
4.788460523460535273e-02 8.815771968336473530e-02 1.075128466430215306e-02 3.830777626818316489e-03 1.975319923503821278e-03 9.719254138157503321e-04 9.198740917926209173e-04 7.374754369775248257e-04 5.633884744705421272e-04 4.344964496778806881e-04 5.719178787029826835e-04 5.367983017907616578e-04 6.350739978575426848e-04 1.877549108480672908e-04 2.726328636758184459e-04 1.017302866807104648e-04 1.034939206973518747e-04 1.396281026458911210e-04 1.008619147505854821e-04 2.182845695702227316e-04 3.269609993197792708e-04 4.660517022479396363e-04 1.201720109079640331e-02 1.989904246438360409e-03 2.400038130635742575e-04
3.585549608788475562e-02 3.708478908653565359e-02 1.694611790168712440e-02 4.479340431356979707e-03 2.361790505986548130e-03 1.353104153623463498e-03 8.543582409054690163e-04 5.306884283577669803e-04 4.136921142914766285e-04 3.833664914339716435e-04 3.311032371152974126e-04 2.596314229070119492e-04 1.784128165706308272e-04 1.293200107073640473e-04 9.776606371232297312e-05 8.002657955045873971e-05 1.243130686867992502e-04 7.927188111624092507e-04 3.353168752406044382e-05 5.782643015854789937e-05 2.708050743442806909e-05 3.688277812983536345e-05 2.279631066956799325e-04 2.769197062227111527e-04 1.197243576714755069e-04
2.803147326031561748e-02 1.354120963193540528e-02 6.753710525988907386e-03 2.209878056157486836e-03 1.912684991607332919e-03 1.673161583805264814e-03 1.367361973461184805e-03 2.602151988269728235e-03 6.924295366925262976e-04 5.333216350758499934e-04 5.583107617282045054e-04 4.663230337242443586e-04 1.876051069214566369e-04 1.297718129512836441e-04 1.464278308304471101e-04 1.004287927816025264e-04 9.419413719897083909e-05 1.037602914332220197e-04 5.361387960115410883e-02 8.408041820828549874e-04 6.452405577114099543e-05 8.068826335824066226e-05 5.202738874440631517e-02 1.325816290607199606e-03 2.904284803164911889e-04
4.809275528707569053e-02 1.849904654333758836e-02 2.268502877089675560e-02 2.713746043877126105e-02 2.365069128229876569e-02 9.709445593005782207e-03 3.244228084226947941e-03 2.898159865087468218e-03 1.003658163805829732e-03 3.784771644737663140e-04 3.850886669992868673e-04 3.787278639075823878e-04 1.671266779953481385e-03 3.151822948269834162e-04 1.512029561206689051e-04 1.244971253584649905e-03 8.513277436833125529e-05 1.352201150906099986e-04 4.504466452644643413e-05 3.038727808488016137e-05 8.869896532163534049e-05 1.230690775130580757e-04 2.418469629417338530e-05 1.676163737644032598e-04 3.432138615978689439e-03
1.788035996216682383e-02 5.487177383984367940e-03 2.960256233666886273e-03 1.496877943843219049e-03 8.998495585528020835e-04 6.323737036681047804e-04 7.059204890996797739e-04 1.184376558679802946e-03 7.925168270975144463e-04 1.153781868787651186e-03 5.525716759401552670e-04 3.896762954795664202e-04 2.842339059897944719e-04 2.186512620089687924e-04 1.721459009060914399e-04 1.292153272545900060e-04 8.991709839585704093e-05 7.643249598124132326e-05 4.713645207870783877e-04 1.390319601603668895e-03 1.527726686954025649e-04 3.847689746219682891e-03 6.052735038808518091e-03 2.599332724539337239e-02 4.961919355944885077e-03
1.445269751716728342e-02 3.892803447450156155e-03 2.242624859078145346e-03 1.143570345972272102e-03 8.423377050080620978e-04 6.282349283705634512e-04 6.308020164316542914e-04 5.300810002035028596e-04 4.773821077079692704e-04 3.386003339434364248e-04 3.092335886678231039e-04 2.548126596828136233e-04 2.103695051013090497e-04 1.687144100220335625e-04 3.020232957550600416e-04 4.897770937635224746e-03 2.478604739520272305e-04 3.774500505865654131e-04 4.053046260058338886e-05 2.952738751764186708e-05 4.201677491376222605e-05 2.129998772896705809e-04 3.161166777098040406e-04 9.179877621419332140e-05 4.092345533069975151e-03
8.125459045278681652e-03 2.609126824801238399e-03 3.090504155806958475e-03 3.293995092670879300e-03 5.902187917612523003e-03 1.781024471804731890e-02 8.487626427066883444e-03 8.478706195790439160e-02 1.619914086557282685e-03 6.862129088097619926e-04 4.151976264457642022e-04 1.151374073752375665e-03 6.142072365960935974e-04 1.384446297158577102e-04 1.180050050393104057e-04 4.057160531209573484e-03 2.410077108668767613e-04 6.081978599041186321e-05 4.267426027664274570e-04 8.727617765937551245e-04 1.636310854229564666e-03 4.714750587556941117e-04 2.809636169924135539e-04 1.789749570175337701e-02 1.975365222933908832e-04
1.529307366543235409e-02 9.935945945829522188e-03 7.371228346351905124e-03 4.201832804643529720e-03 1.749392232870774968e-03 9.481219988234249139e-04 7.617702548029279359e-04 6.749398986343326879e-04 5.700651410507948753e-04 5.087286662975227559e-04 4.304867697774398681e-04 3.248745093778235651e-04 2.452155323721469252e-04 1.633761354587458259e-04 1.261130455288543312e-04 3.793840886307172115e-04 5.792554262427110530e-03 6.108289543972614710e-05 7.264426316831713957e-05 7.289023460119143467e-05 5.961762591492590917e-05 3.320462061733517865e-04 1.382876392015593495e-02 6.743945683249433481e-04 7.087911040039566622e-04
2.123296831953334126e-03 2.359278265173143235e-03 2.339677568616657741e-03 3.342400882565902016e-03 2.712933214735533012e-03 1.351096279063194149e-02 3.034596078505451353e-03 1.919955852163206418e-03 1.574950217122300915e-03 1.232782299763502841e-03 1.835787162993790522e-03 6.930989285717233106e-03 4.637542190849513850e-03 8.919724723930342941e-04 1.850354190643072690e-04 1.448541398992811847e-04 4.169973481937832736e-04 2.101936320051799186e-04 6.320810587932488558e-04 2.667988430991502513e-02 1.970436729795823488e-02 3.915375541407562464e-04 4.600925609016069846e-03 4.522183904491924270e-05 2.213497790629581044e-04
3.148312360228748552e-02 1.747176991813562813e-02 3.899147834613135577e-02 2.606346789884102580e-02 5.762340076105974297e-03 3.088020177160853176e-03 6.166174121323365377e-03 3.971110584986697022e-03 6.062812081614535331e-03 1.780802723130288021e-02 1.281640765989864759e-03 3.964805289119316661e-04 2.495288695489107948e-04 1.489958207549519774e-04 8.381141420110321306e-05 9.795255092113713358e-05 3.248426102080292791e-04 1.293954545476037540e-02 4.957070785758549859e-04 2.774809440220186844e-04 6.996938234693866302e-05 2.138442166586744888e-04 1.982069270748415156e-04 1.153101614996158509e-03 3.047403545364832465e-04
2.172688468331588230e-03 2.076875578694061149e-03 9.407300935285080453e-04 2.557139082313548387e-04 1.955525736327686870e-04 2.070927832426095253e-04 1.846024111483441494e-04 1.183130869507896169e-04 3.178783364170207140e-04 8.578506277507557364e-04 1.878540265637605711e-04 5.770141186871116949e-05 4.909238097955630328e-05 3.925826756703697685e-05 3.242450299100824640e-05 2.912611249262171933e-05 5.931694239870114192e-05 3.003266577979018867e-05 2.673034485298881290e-05 7.217461720255413790e-05 2.707313033155127281e-05 2.568790148087102729e-05 1.017112462250703130e-03 1.996338326929769126e-04 8.951077720210899591e-03
1.019079446286042488e-02 8.830157752958414305e-03 5.962460518422053705e-03 3.544084322694345500e-03 1.675358644896893321e-03 2.104256751582705021e-03 2.467413174346610397e-03 9.478607941458534834e-04 4.637602796526950626e-04 3.578775590529083392e-04 3.309090685233173905e-04 3.840058327005564372e-04 1.627295731111893314e-04 1.174980255956933222e-04 9.191158336001717442e-05 1.134611832954562227e-04 4.888489853565737391e-04 4.081745488433414712e-03 1.635899727316879858e-04 5.608184623166603334e-05 1.238389618026816360e-04 2.599882743134602982e-04 2.610288702555158794e-04 8.127897879529109133e-05 9.700405168885365868e-05
9.359907092844500093e-03 5.306081419165720181e-03 1.921819081759750620e-03 1.362647788088433955e-03 9.766062951091934643e-04 1.380753829831453524e-03 1.102493984289213249e-03 1.039320959988850393e-03 8.315154853357369959e-04 5.086167595654509386e-04 1.071579413446222505e-02 4.673910108520725262e-03 2.056187549078120113e-04 1.449214399278410403e-04 1.065949073486635595e-04 9.284544485794877350e-05 5.962631651829496685e-05 1.005915511212369712e-04 5.823093169818155737e-03 2.772647425868515411e-03 2.989443211938231011e-04 1.052050557531834216e-04 1.334470250145604244e-03 2.424017221671636061e-04 3.353227106606737184e-03
1.571743732788406095e-02 8.046928674611602758e-03 6.369500873065502868e-03 5.230998996136910530e-03 4.102307231259423419e-03 2.869193353488732560e-03 2.394517898493891787e-03 1.585218211462833138e-03 2.700360393668823841e-03 1.764033438512461680e-02 1.347417125606143948e-02 4.019236827213679857e-04 4.759747633888474091e-04 3.270957313650320244e-03 2.099499972046538210e-03 2.143994574363612151e-04 7.056782127727890272e-04 2.472384554587395643e-04 1.576428858790132593e-04 4.691890673082386775e-05 9.127728898869533593e-04 2.702024577351272937e-04 8.323923269461653944e-05 1.898133930153878598e-04 5.482297042224833997e-04
5.936549964761043789e-03 4.402953107977229837e-03 2.814765662090983490e-03 2.524410899667478472e-03 1.923175087352008497e-03 1.895830505573561356e-03 1.122198441740935096e-03 8.921627181927266987e-04 6.802739789504782001e-04 5.000884839593988012e-04 3.404951172036313608e-04 2.574558415729239999e-04 2.161093222450562960e-04 1.720985198140850695e-03 1.971609069785792523e-04 7.017824898628064031e-05 4.886121390675101425e-05 3.249884209021871944e-04 3.402306114881862312e-05 2.601967882008782368e-05 4.532788833235746375e-05 4.055082013050644496e-05 3.247113631982593250e-05 3.061264078747445477e-04 7.369760375985796039e-04
1.303155573243433389e-02 7.015880725447187077e-03 3.559245836044117994e-03 2.958602915919084780e-03 1.955427340667386694e-03 1.464457854455580464e-03 2.055641791995329107e-03 3.786316618049633247e-03 8.251782636945932670e-02 2.808445162166033331e-03 1.184120832278654726e-03 3.154838072858985316e-04 7.642298098762227839e-04 1.544969177460909344e-04 7.539719581232431878e-05 3.568400207709356768e-04 4.553219656004453726e-05 4.822313557412468966e-05 2.301057500723531664e-04 1.915445265141527055e-04 6.572441981521924602e-05 2.130017194301943282e-05 1.659451489507591409e-05 1.741658152292282030e-05 4.337451642246889711e-05
8.842099449501698199e-04 7.185686950071070367e-04 4.589740298901538967e-04 4.185060019622297706e-04 4.098492743801251188e-04 3.133539060455184985e-04 2.532228858639014356e-04 2.979180027296518887e-04 1.279827301031062799e-03 2.428551044169407862e-03 1.690608531782383827e-04 9.218804419479383993e-05 6.898941085953369111e-05 7.927337133739683782e-05 4.888389365991615469e-05 2.871904614724443976e-05 3.306077386627236531e-05 2.069871100177306253e-05 1.525216185339205329e-05 1.314986841026738252e-05 1.155478077017052998e-05 1.528972395225545241e-05 9.619677559563772089e-05 7.947050656679281039e-03 1.110970445652171082e-02
4.319902529507349889e-03 3.273628129370648090e-03 2.474709278247756716e-03 1.532895369925767366e-03 1.653168870808982430e-03 1.215520435317167828e-03 1.162962518792025638e-03 5.136580004975480280e-04 5.346152654571827145e-04 8.268956791919574670e-04 2.775674223668587667e-04 2.802733695051266285e-04 2.731415608069952630e-04 2.230778988148791517e-04 9.643164074166842123e-05 9.108346053077210887e-05 7.477445140126903777e-05 5.271962677063119916e-05 4.015616071065184454e-05 2.755399919522894930e-05 9.205755069576935720e-05 1.959468020925408342e-04 1.451399060470150236e-04 2.165698903184042502e-03 1.483763359831820079e-04
1.559105063972004296e-02 1.304769021830985351e-02 1.221441430135246711e-02 6.492764690530263873e-03 3.140033527456294327e-03 1.937210218505081840e-03 1.337072740910437083e-03 1.208696153175227482e-03 9.169211822601887243e-04 9.416155431735905544e-04 1.452014877839580059e-03 2.056300498066035952e-03 8.146341767296815146e-04 2.106405232071403757e-04 9.388042031392848045e-05 2.036749681542207623e-04 8.973814595036498035e-05 3.351026335774939541e-05 4.177470248487561875e-05 3.423474418860732177e-05 5.761890544174067062e-05 2.919963239239201720e-04 1.217081850687453922e-03 5.624993898678880451e-03 7.962198693559516217e-04
1.427050495768507343e-02 1.370810792746040944e-02 1.889899798677234857e-02 3.038345212285074037e-01 2.688056215407907262e-02 6.788991909023097543e-03 1.726187456423186259e-02 3.660992360443115958e-03 5.681740960437217615e-04 4.549198749302746868e-04 3.299065726418948219e-04 2.403272130459476147e-04 1.815807682650066586e-04 1.402132950714172588e-04 1.520699403926701254e-03 7.536074289717163265e-04 7.621081142127154049e-05 3.900789363704226884e-05 2.616573224464738783e-05 1.759338310328148534e-05 1.343424886316076173e-05 7.898716385379376810e-05 2.371916151998094770e-05 1.387128486681191608e-04 2.342194245494963901e-04
4.070665595320700075e-02 2.575857755868164733e-02 4.113024790697618338e-02 1.961202051156770571e-02 4.312130010286913638e-03 2.331931576222823557e-03 1.998116757214635046e-03 1.845323709379993824e-03 1.201456589215491554e-03 1.719336023794854670e-03 2.388762536448051348e-03 1.100347461258304339e-03 1.163551937725111184e-03 1.372526105339116984e-03 9.074345952836679666e-05 5.156246983768100040e-05 2.393643481022899883e-04 9.033759812053897146e-04 6.805055127267091843e-05 2.247789704569687352e-03 3.241653994097756498e-05 5.704953589036905590e-05 1.772436412158560979e-04 3.006915765675269693e-05 1.869118667089929590e-04
1.362283930284604455e-02 6.089654877103793142e-03 2.579862261933561253e-03 1.461422618749942323e-03 7.668767788866438697e-04 7.060318720109344656e-04 1.012793675213112315e-03 2.919827181575569090e-03 3.298669953169106311e-03 5.238629307814523942e-04 1.226557697584424768e-03 8.356555546998864275e-04 2.322528834085303131e-04 1.560104990201078342e-04 8.966728975597836005e-05 5.392954970449870841e-05 3.810380244102433780e-05 3.300008799407733883e-05 2.871238289802133947e-05 2.107677121274750205e-05 3.070965426078351573e-04 8.120937667952111267e-05 5.237471498174534447e-04 7.237487148130210268e-04 2.942816293418617536e-03
2.847991975651791366e-02 2.674356982166659069e-02 2.372738123005423833e-02 1.221092271147753046e-02 2.543441398675312833e-03 1.161828712530894262e-03 1.194571382903063380e-03 1.176865715803150506e-03 2.571800826908895478e-03 2.639831102168927867e-03 1.154447320654768431e-03 3.478379539801603674e-04 2.003657512586106695e-04 1.599893594811761495e-03 1.103101541004936428e-04 5.731591016677156338e-05 3.561524281506691893e-05 2.920121588305771106e-05 2.626172324632916071e-05 2.425459406359616550e-05 4.424530203314879043e-05 7.670451246421018958e-05 2.434336296986818002e-04 1.201879469565120717e-04 2.063343443808823385e-04
4.649956666273449141e-02 1.621386599149121088e-01 6.735270650778836521e-02 3.021490549007812068e-02 5.996286354849913319e-03 1.799831057255782798e-03 8.472756663826108573e-04 5.613732309858809151e-04 5.981588470567279292e-04 2.812746247957021318e-03 3.958049447225778705e-04 2.536987137860449823e-04 2.751088712169495851e-04 6.981692582064323235e-03 3.194594209055925710e-04 1.934328089685303207e-04 2.990397975471908000e-04 4.087415823395459512e-04 4.923524408452319471e-05 4.130819018523650154e-04 3.410404767109121468e-04 2.369800815642618798e-04 2.091791029170424893e-02 9.354981047959094655e-04 3.018227714090943015e-04
4.905064474259643315e-02 4.435128298079014236e-02 2.093128613220474749e-02 1.223134966895274983e-02 6.615226748858515221e-03 4.688357013359680317e-03 4.176649698409004401e-03 6.145173435011338017e-03 2.209080175004081090e-03 5.511569361865238312e-04 3.466772685095376714e-04 3.091624638642205590e-04 2.171637922796982624e-04 2.187336208163200176e-04 9.321048926162395546e-05 5.950275340956737277e-05 4.084624267229487179e-05 2.965842913289067705e-05 1.867753735846223572e-05 1.542612266504063889e-05 4.235861446554209082e-05 1.470277094763748258e-04 3.089242912723239032e-02 1.934619658144984418e-04 5.780231383563445152e-03
7.619941116602018706e-03 8.436313169933788367e-03 5.695668928740713760e-03 5.704888196488247520e-03 3.494970890290862321e-03 2.081534618314163660e-03 9.481744263125681249e-04 7.715536866328066195e-04 1.180370306276946543e-03 1.061639413501337410e-03 3.800181755101625456e-03 1.989997084339454984e-03 2.679156904305637671e-04 9.195077066335835330e-04 1.556645879685258015e-04 4.692712453576655950e-05 3.729205587227935227e-05 2.590009286934121438e-05 2.243381236307256309e-05 2.736582913654565298e-04 1.647537534299475944e-04 2.963733034491230914e-04 8.233337754213018072e-05 1.896654030341132389e-04 4.811366244611604706e-04
6.115663298724897598e-03 4.861668411656129736e-03 3.456417170445220694e-03 3.491543507934332779e-03 4.056983491469949056e-03 5.558943725103274516e-03 4.374070669796591322e-03 4.492605280302750664e-02 2.828796927340579068e-03 1.417121916437478688e-02 1.436035052274304679e-03 7.329453086704143527e-04 4.070047303594820755e-04 5.882767250426723746e-04 7.283026511505474431e-04 7.734647735166936969e-04 5.972418547784320733e-05 4.894375248308868628e-05 1.916798337525949241e-04 7.640436951614598931e-05 1.970198140698617515e-04 5.907214345014836186e-04 2.795410248843015547e-04 1.474765607079339496e-04 1.541699925836353274e-04
1.422075019880806104e-02 1.415262867985223223e-02 1.239907254454985022e-02 6.436648883249566910e-03 5.905956520569669368e-03 3.703672735191706426e-03 2.336762310920929668e-03 3.013938032601953983e-03 3.473443765286648999e-02 2.097626048715352503e-03 4.737015853898424319e-04 2.753905438353389896e-04 1.944363422593033163e-04 1.522710114732840668e-04 7.179679013980109397e-04 1.128747061465062626e-04 5.515145151388217010e-04 5.982035541034750117e-03 3.843250662942917020e-04 2.853812727003585212e-04 5.581375813926678137e-05 9.609289792292287900e-05 3.796158985386773911e-03 1.782277908515972765e-04 2.705582046340995490e-03
1.308222415904642874e-02 5.546594409940107211e-03 1.756215239137703336e-03 1.547645440206456410e-03 1.079622693458822400e-03 8.320057699573458468e-04 9.970979596194342199e-04 9.129946597351842148e-04 7.809186145243230716e-03 2.007960944057566536e-03 4.952426627881570528e-04 3.224539095479362055e-04 2.666520852924416014e-04 3.049329837057274985e-04 7.688597062369948755e-04 8.710127461085393191e-05 1.187579867275914518e-03 1.851243200568366090e-04 6.337573265179636921e-04 4.287924250077952844e-04 4.736567545781179188e-05 6.242143299376222778e-05 1.696048289150810630e-03 1.045571563147092847e-02 2.216204497266636118e-03
8.024873751333763683e-02 2.817605406727748396e-01 3.212407500421262108e-01 4.821659868771754898e-03 5.866906044859459754e-03 3.808840030058538960e-03 1.625172070452145234e-03 1.030039783052472428e-03 6.148973506331240893e-04 3.941205716022948757e-04 2.953595326112014286e-04 2.895022528535730615e-04 3.273475470941031480e-03 2.561003261428321329e-04 9.360244104276223710e-05 6.439343156194681471e-05 3.945525718637911432e-05 2.583022456391204007e-05 3.842619366244377571e-05 5.730227035637398098e-05 2.766939589880997683e-05 3.702399352655647729e-05 6.434324856344699633e-05 2.906405234851923858e-03 5.982186045820647204e-04
1.413140800211540316e-02 1.111960200329574142e-02 7.600862600060958284e-03 4.013624127764283886e-03 1.487803908618806929e-03 9.026835384487535106e-04 4.223093143105043795e-04 4.059976588819923238e-04 3.787444503920474196e-04 3.518214817728455130e-04 2.920737665896310821e-04 2.249689116637466695e-04 1.751667087860748454e-04 1.068684941870265675e-04 6.587488809369572407e-05 4.373364047510388392e-05 5.517928452903919271e-05 9.812119860379289412e-05 1.190215691753171781e-03 4.331341066361280593e-05 3.925159572249876342e-05 1.325776074616180720e-03 2.904831461876168901e-03 2.270344512443358241e-03 1.745871075529970701e-03
1.151685702648151156e-02 9.436682980691999886e-03 5.893873202413314402e-03 6.708575114655843455e-03 6.320588248090774734e-03 6.917712851062148179e-03 1.134007919976783539e-02 1.483006154268331350e-02 2.873532962703252008e-03 9.134185645979844012e-04 7.317859052444266070e-04 1.612816207949148125e-03 5.057159279740600132e-04 2.537227227839515672e-04 1.318401349441680206e-04 7.462244352345231751e-05 4.341405087406406389e-05 3.074194938936238258e-05 3.953294851676272603e-05 5.636357952911136109e-03 1.156912145293856548e-03 2.643237845446696371e-05 1.867758263683376568e-05 3.260959849632119991e-04 5.510124923814451077e-03
2.707236840615967477e-02 2.191159593698475613e-02 6.219980333912311816e-03 3.978799063726149235e-03 2.098295419504733923e-03 8.136178580076203421e-04 8.468381447678626677e-04 6.753527460257456767e-04 5.083673921550420751e-04 4.103121703686625618e-04 3.251601312635260467e-04 2.729161229587675716e-04 2.177319215516309648e-04 1.715753899644033623e-04 1.328290112022798789e-04 1.747520793501584663e-04 3.068532656175465101e-04 1.110118156098028518e-04 6.813958513243060578e-05 9.335827838884425405e-05 1.809795782629445302e-04 9.508223132261294256e-04 1.264175404817789673e-04 8.366306635595093053e-04 7.386811556441879624e-03
1.767046174786664897e-02 1.846934000779868260e-02 1.291127851257106544e-02 9.143795554388725599e-03 2.501734475669783759e-03 1.238843864310055273e-03 1.146606518092202704e-03 1.020182259713062591e-03 1.379145342505339652e-03 7.467617902866559689e-04 7.926968432340471098e-04 3.676446450557176952e-04 4.677428237064401822e-04 1.869376216796612197e-03 1.645725832462691888e-04 1.199355795675408331e-04 1.386573396743980761e-04 1.549859120142853567e-03 2.790752434293052985e-03 2.266977849405574729e-04 1.145146278214139514e-04 1.068347711975822139e-03 1.729866232854193977e-04 5.168561858927098619e-04 1.130263477862604552e-04
7.287565148350867369e-03 4.269248353470106276e-03 2.452255740895362395e-03 3.839753920331415681e-03 2.285419024672436308e-03 2.251291750979748582e-02 4.020091622079174226e-02 1.736693032234565282e-02 2.404489857015425919e-02 1.754078974896964432e-03 4.472489007460240173e-04 3.728643062296493720e-04 2.253022581672268598e-04 2.652897109450285838e-04 3.306872679133447484e-04 2.030660565608547244e-04 4.284631460354465060e-04 4.798121812350605349e-05 4.202464172639324325e-04 1.195100049172662842e-03 4.429473650372888101e-03 1.033603333915193880e-04 9.385755828453246075e-04 2.862772953400710132e-04 1.923320223723653383e-03
6.161308246252740310e-03 6.521415065069874860e-03 6.176975175178054701e-03 9.821777881352815667e-03 1.772705425808897561e-01 1.171952230720803810e-02 1.753764010364249710e-03 1.364082333423157541e-03 1.365965567676447967e-03 5.618701985747980021e-03 1.453949614577907615e-03 5.028310318276868864e-04 8.932766443928208183e-04 1.449595103101188206e-04 7.098466983156083345e-05 4.636691701855909296e-05 7.924235812505868318e-04 2.476799856272088622e-04 4.404514028490463324e-05 3.848847711607156306e-04 2.439027800737371019e-04 1.633243984166279602e-04 2.156420592546869791e-04 6.371364411333459501e-04 5.033062678298438290e-04
nan 9.192220363918254551e-04 1.401439640225528608e-03 1.510056578379886591e-03 1.211964903692562892e-03 1.505774221144821293e-03 1.814060601130139524e-03 2.882555875963013249e-03 2.294137897349715714e-03 6.371503210456383806e-04 2.838814399987446752e-04 2.277840514620502242e-04 1.706360227196778887e-04 1.425848225981156436e-04 2.097328615335113783e-04 1.599449273726267693e-04 3.738969536504804965e-04 2.097344200829949685e-04 1.026212667909725526e-04 6.779734724082631787e-05 1.362391535091547366e-04 1.635472247053852918e-04 1.769829952715445758e-04 7.399834091210481758e-04 1.002263197700518915e-02
2.624325264269459015e-02 2.195999519718431700e-02 1.303650998745480710e-02 6.431878742620001331e-03 2.380905266381725706e-03 1.138461396972228860e-03 1.148630198219059316e-03 1.919131463142571738e-03 3.945392720314656702e-03 7.366671194993974509e-04 3.787012191323672590e-04 2.885757951872473825e-04 3.789661388913361526e-04 9.383830598337658622e-04 1.057880139785582850e-04 6.246771907737768987e-05 3.406235105379984684e-05 2.459159890623447334e-05 7.127611835068107550e-05 6.944742611974636607e-04 2.590360346915548162e-05 2.805505476575289887e-04 2.239312577563851592e-03 3.149047006827181919e-04 3.112679833795097125e-04
2.829669646800246977e-03 2.152345811224037984e-03 1.584906799060430962e-03 1.237902533829143793e-03 5.043755502449360356e-03 1.322562263058406871e-02 5.050060093704522753e-03 1.364684059592654935e-03 5.334933407535564576e-04 4.471860259976374982e-04 3.573731721543399052e-04 2.945996444606940011e-04 2.586309562232732336e-04 2.010954949999104846e-04 1.380977493705293636e-04 8.582095358079053096e-05 6.123968904704176950e-05 9.119125899227384022e-03 2.565427434186077181e-04 4.870995351928372220e-03 2.575628536077745074e-03 5.832334080212645119e-04 8.175383127154593754e-02 1.824200562636496851e-03 2.029944227402066467e-03
1.220514673517373271e-02 1.282968835453163724e-02 9.162166834369789639e-03 9.828050069620489562e-03 5.798993036379338460e-03 2.391099481696008430e-03 2.780151558263626102e-03 2.302879778223823962e-02 1.030001877187638193e-01 3.024056372789962321e-03 1.622831133885734673e-03 5.343984587039798040e-04 2.075333576049874040e-04 2.345380745570840950e-04 4.953211414750359606e-04 5.235804139028859893e-05 3.632193713225822130e-05 3.088775162588554529e-05 7.363613293245334563e-05 4.782903367542490282e-04 2.810531418494387917e-05 4.345687244693413332e-05 1.371181661804636662e-03 7.022551085279307736e-05 9.261754834303516056e-05
7.417602587008823196e-03 3.436120163644062683e-03 2.047421753605292109e-03 5.310071107851331356e-04 5.436892986688345421e-04 1.381209615091122779e-03 2.325542073101921538e-03 3.129849253585659501e-03 1.216064323565996036e-03 6.978719245266696040e-04 9.176288575993313702e-04 2.245026682156992578e-03 1.030502245601594251e-02 2.320641280206027512e-04 1.764557755371813804e-04 1.461942891576395757e-03 1.041448846233708481e-03 1.220070668886929751e-04 8.955331369865417179e-05 1.201560688980392576e-04 1.775677439536741667e-03 1.024966693455379015e-04 4.374533650550986726e-05 3.265850166408310789e-04 1.515295144727665105e-02
6.120741187558470346e-03 6.060593133590943399e-03 5.827993089327123885e-03 4.630518084354697840e-03 2.448692503319453966e-03 1.677439045603971958e-03 1.278053929920924467e-03 1.146082957593566598e-03 5.533232889431409941e-04 4.594534980577996675e-04 4.087905447285483684e-04 2.951861720512920662e-04 3.813450629288209020e-04 1.691301949221082684e-04 1.064386493631799401e-04 6.214767414485820938e-05 3.596652683651924880e-05 6.474156497783311107e-04 1.017838822757929625e-04 1.787097162164610905e-05 1.488279640780876289e-04 1.511856178524008063e-05 1.595343812680907828e-05 1.362096203318153306e-04 5.019044372464997062e-04
7.789862921292876885e-03 7.838029142920008990e-03 7.242909656097991540e-03 1.056867118556221313e-02 1.196297441566993025e-02 3.401185951427961301e-03 1.842649317765853150e-03 8.429043392953148315e-04 6.579213757574302757e-04 4.383753644125354290e-04 3.295931747501439752e-04 2.660076921221421128e-04 1.965409644928536349e-03 2.441139947611561099e-04 1.089238880506233540e-04 9.534457064657609487e-05 7.173035021380959417e-04 3.698667522232552957e-05 2.835726289586275859e-04 2.609451612343618022e-04 1.119241969554318110e-03 2.742231734373232394e-04 1.183390752625443316e-04 1.210531877280634355e-04 1.102850893528754296e-03
1.052290056965447806e-02 6.948227869196394943e-03 5.188206361046075743e-03 2.508767403394616610e-03 3.415379141079445506e-03 2.084504833205548437e-03 1.334229708200731709e-03 6.851362991428763035e-04 7.216674723198361835e-04 4.114883895207114227e-04 3.391301344066329458e-04 2.965297537442980079e-04 3.603429641210245931e-03 6.778038579136752562e-04 1.068456533256539908e-04 6.141133888010848944e-05 4.586778607641131300e-05 3.209193155799013850e-05 2.834495034840219874e-05 3.675342356823061855e-05 2.739235675668523010e-05 7.601688432839640106e-04 2.426210351114212508e-04 2.776637044471304012e-03 3.213668119907330195e-04
7.162747851131991833e-03 5.698047686357894485e-03 6.104110351098405822e-03 4.987914687448299217e-03 3.530702992797540504e-03 2.236810935116048931e-03 1.830271599582714709e-03 1.177473586584379438e-03 9.074829780171464726e-04 7.599259958402704122e-03 5.127392392622839336e-04 3.166936975647663649e-04 2.175428910794626706e-04 1.548825131254618649e-04 2.137122414395849213e-04 1.127105472982835533e-04 3.402072144614433726e-04 8.576208512675895050e-05 3.493297399553793505e-03 3.030518412480727366e-03 1.555748641998904531e-04 4.618911303090482060e-05 3.440962528217464010e-04 4.909522740692344412e-04 1.644645373406817320e-04
3.135674151819305838e-02 1.968038197382657867e-02 1.034903486402040731e-02 4.970198343045076177e-03 1.518975717581750847e-03 1.783142552128884426e-03 3.104180451704359901e-03 5.539358991785190735e-03 9.284680587792998969e-04 1.071417754300683402e-03 9.445299602869502683e-04 5.945091078256149828e-04 2.528902062940385732e-04 1.830910316395699779e-04 1.780999225097705898e-04 6.424371541594758091e-05 3.259372521237653128e-05 3.026358893756331695e-05 3.885400722647040306e-05 4.769977903371651795e-04 7.876317519427424008e-05 5.753506307010626368e-04 5.303469313097138168e-05 3.281994045824492413e-04 3.437112993165460659e-04
1.609055803320477360e-02 2.136721583193466542e-02 2.540243076170069572e-02 1.241945185677087969e-02 9.152826029583739295e-03 3.703688183737895243e-03 2.180746511594383943e-03 1.679587803778604185e-03 3.151924958916505620e-03 5.454748303541132699e-04 3.765278634326632936e-04 2.183769403380892392e-04 1.661755192284033425e-04 1.022351504360874690e-04 6.412997804596306118e-05 5.930282485677009559e-05 5.204612853423141110e-05 3.466623861770639416e-05 3.121052118456595797e-05 2.263708662125583966e-05 7.842398509766475984e-04 2.005834073691833898e-05 1.751406124635699116e-04 1.273379417664765071e-04 8.987037219086912640e-05
1.398669859889178045e-02 1.171686580248093752e-02 1.033580879473758665e-02 8.282665174926033547e-03 5.444726502606059629e-03 2.332404553137990433e-03 9.843803060930772942e-04 8.227550131501557614e-04 6.565571310537654916e-04 4.899174601138187686e-04 3.482978171721776519e-04 2.117767788009085827e-04 1.483081686207787071e-04 1.410851658244520110e-04 1.022365600445077191e-04 5.555975479061025547e-04 9.095542079780470288e-04 1.124737683958529057e-04 4.484381801370005902e-04 1.208444050280480441e-04 2.867062554637682652e-04 4.671229687787415449e-05 2.390529110351486211e-04 2.677906823380269102e-04 1.868217722442662746e-04
1.414758166080616435e-02 9.988388473692733430e-03 1.034726437648461964e-02 4.268093599766892114e-03 4.633956954095361583e-03 5.101133386171270191e-03 8.455082862115419901e-03 7.016216295735225837e-03 1.431764170138590800e-03 8.735850195805833218e-04 6.504594155064634788e-04 2.127092214074070235e-03 8.045367240914892519e-04 1.261187260298354958e-04 9.024995188749333015e-05 7.328051144330565109e-05 8.226242121896243950e-05 4.697439464208087202e-03 1.147922978030253578e-04 4.780503444665138986e-04 3.679974404032391121e-04 4.367265619733785235e-05 1.905263917175770150e-02 3.654923447463370723e-02 1.397506791110592799e-04
1.924573290426038336e-02 1.641850455403742054e-02 1.990733200566818101e-02 2.321037181819274320e-02 1.506004546275717566e-02 3.696239418599226931e-03 1.295535528502291629e-03 7.596504678732115884e-04 4.520592618273215320e-04 3.714616567205835263e-04 3.046891549149266672e-04 2.188688673838002209e-04 1.619971004776998510e-04 1.237076933145614421e-04 9.049801141738258287e-05 7.891585237090705039e-05 1.927224803492200026e-03 4.572780184708644113e-02 6.356728796548261886e-05 3.189864474332586547e-05 2.208017115844162237e-05 2.119994259300598453e-04 7.124587155044497303e-05 4.111882839554344094e-05 2.997231895344325042e-05
1.848865167678302029e-02 1.311770917738788733e-02 5.090029654197541012e-03 2.087831401709832561e-03 1.161865594328211418e-03 1.079094392918041045e-03 1.860047284051458659e-03 9.275465815249805263e-03 2.957831212777006259e-03 4.343327278014282294e-04 4.221407888945821404e-04 3.594284264268180797e-03 2.057251379227079124e-02 1.949482057753725624e-04 1.787771741573000175e-04 5.092690039778880254e-04 5.278257711997817378e-05 4.741650558583155700e-05 2.233476322808656189e-04 6.682374825621809240e-03 2.083609280683509143e-03 3.137545859105284464e-04 1.015003252636891928e-04 2.723121217571830891e-04 1.884583407523241980e-02
2.059471268239158881e-02 1.831317821414830266e-02 1.896433819824280484e-02 1.722389162057611292e-02 1.385851392895132324e-02 6.536140031658120748e-03 3.539730287300338080e-03 3.445353204464738067e-03 9.929842857935116101e-04 4.136720562188488234e-04 3.170876520916445927e-04 3.323850810171010512e-04 6.932900207769000008e-04 1.537933127392148921e-04 9.620722603597895144e-05 6.897308321586124969e-05 4.963807290593247936e-05 4.341606119654648654e-05 4.005564544053817627e-05 9.857748546764949396e-05 1.471137646732347763e-03 1.022926749743588298e-01 2.477789797516412925e-04 4.613496470737131917e-04 1.075226755546431065e-03
9.192573294620594304e-03 7.395091560305966892e-03 6.491031392763876515e-03 3.646645157387067796e-03 1.404018921096196644e-03 8.101515161208566133e-04 5.544310662054284869e-04 4.247895331765497466e-04 3.595996922104712857e-04 2.967132857324920187e-04 3.094430401014817717e-04 2.278758568551541815e-04 1.794902279470969662e-04 1.919162632197175171e-04 2.141724161911153391e-04 6.543110559822862965e-03 1.874519964165785677e-03 3.359787004111595542e-03 6.314279168688100930e-05 6.553928925891027845e-05 2.342217545833069235e-04 5.192920588264941057e-04 4.284200818221531315e-02 2.270447236152533328e-04 8.218053642584674176e-03
2.305826321034615527e-03 1.697738418702069178e-03 1.614034448711888911e-03 1.356326877007888983e-03 1.763941161011244735e-02 1.082635515389677484e-02 2.702466146219798145e-03 2.580338805290562695e-03 2.835662994773178406e-03 7.154746746628843843e-04 1.214886033516806392e-03 2.490361946420560375e-03 2.020951454493221647e-04 1.386507780907616171e-04 9.255246277422904378e-05 6.799933465327286390e-05 5.366703253233788686e-05 9.151408076068510468e-05 7.227228940577943260e-03 1.040444715653603396e-03 4.258517301210152273e-04 1.098051882355060497e-04 1.103507192136746580e-04 2.261793395685103450e-04 9.259256093688169849e-05
7.563936424377310473e-03 4.828916768581281022e-03 4.046749893234892828e-03 3.842261326957571721e-03 3.575006700363002766e-03 3.587830187780703499e-03 4.187254707262719373e-03 3.399576151288509571e-03 1.591308665660222518e-03 8.886262178485891021e-04 5.041708615762319819e-04 6.658388900777815296e-04 2.188117185878144660e-02 1.407372211427763585e-03 1.523883401124250046e-04 1.182383934782480601e-04 7.726144847762589027e-05 7.871474360123994205e-05 1.805244874913950923e-04 2.972129158048449071e-02 1.352416145467099338e-02 2.366908103228326907e-04 1.970473346832059616e-02 2.035474060101863381e-02 1.345394498557519406e-04
3.110576147639159891e-02 3.633503581809202632e-02 1.841239818128218367e-02 2.325098903997496746e-02 1.455630464651824774e-02 3.636843916877717693e-03 1.506494327151110821e-03 5.838171935709595382e-04 4.387098411689046760e-04 3.104285999286452444e-04 2.515332131298186088e-04 2.058210966873461653e-04 6.608249516146634398e-04 7.231769313736104675e-04 1.006765897154765071e-04 1.825751019765536724e-04 4.530062503267145632e-05 3.496548433529517202e-05 3.206479452340944955e-05 4.687622560292621583e-05 1.037217047341894267e-04 9.388280249095449983e-05 8.429586935211197526e-04 1.591076299064751449e-04 1.649139006774907878e-03
1.527503774747821820e-03 3.821403560681450721e-04 8.012613341139434870e-04 3.830156442939533718e-04 6.685795707317591452e-04 5.238151700299745412e-04 1.210379452880945344e-03 1.542387994406454630e-03 8.157480618615909739e-04 4.046667375157409472e-04 3.352236545521200778e-04 1.940282701327553365e-04 1.546811239761504907e-04 3.634770113611629494e-04 5.170795186460186432e-04 1.393297570475768830e-04 9.272647769748803127e-05 1.969297923747606518e-04 6.090712600687738860e-05 2.698948872597212211e-04 1.415857176175463941e-04 9.440819259930676409e-05 2.714675220787060670e-03 4.366076427289078995e-04 1.809694277708992233e-04
1.168936837282063060e-02 8.848456997418903749e-03 1.265217787832217944e-02 1.121478996045832503e-02 4.796023046257044155e-03 1.939106400589317913e-03 4.272255408251497688e-03 1.952613767937743956e-03 6.398553650270431435e-04 5.549908420116307726e-04 4.787040100986167564e-04 3.340595225168771997e-04 1.949105749647717459e-04 1.044876707345484190e-04 2.747104014251308787e-04 3.874932049762161744e-05 2.899861057536530794e-05 4.484340892427733779e-04 5.691094159399257062e-05 1.668010590270845213e-04 2.002701490961096703e-05 1.976177949017445543e-04 2.014824341882888719e-05 6.104188113816593115e-05 1.676672716363781441e-05
2.313102266019075384e-02 1.659592654480641916e-02 1.017335581008507392e-02 6.759944004675914539e-03 9.553850484111451463e-03 4.290566077026468535e-03 2.172217731640897764e-03 6.626332839495012103e-03 6.160514939369736258e-03 5.717647841430401013e-04 5.766029754306604580e-04 3.411272298520258016e-04 2.532212582404771051e-04 2.045469928197748272e-04 3.207265796005042747e-04 6.898757009504749951e-05 5.760812634990033809e-05 4.763077005355679144e-05 5.263712814971818391e-05 9.261373736009179429e-04 5.987861361703912294e-05 8.272751448120527944e-04 2.671548473913926483e-03 4.376444068787000162e-05 1.135357337632198383e-04
1.052180324787189633e-02 1.025254261897950124e-02 5.944991299816715889e-03 3.877149004575322633e-03 1.537141238145377882e-03 1.682147981627685977e-03 1.362191947291666125e-03 6.853286235754138750e-04 6.273287459816394383e-04 1.016034564249436532e-03 3.260498689098756050e-04 2.104310319818604566e-04 1.624413273161359858e-04 1.149477104221931418e-04 8.018705265161079666e-05 4.988721745777825045e-05 3.216253228007643472e-05 1.926350782415462185e-04 5.189143641979884845e-04 2.165633619442893185e-05 1.309251648742509851e-05 1.360118542988812493e-05 2.032833958042407400e-04 1.855349041031917562e-04 2.178149357462498938e-04
1.882939974799563085e-02 8.325265065417291471e-03 4.271178127591924480e-03 2.096429992240718323e-03 3.791722582575671706e-03 2.187200346155789184e-03 5.403507480025273105e-03 7.709093041127447997e-03 8.063010184076983703e-04 4.062678021953876231e-04 3.299723237171352285e-04 2.693764612958780597e-04 2.015449208732194284e-04 1.599205089301491088e-04 1.628505816239409051e-04 2.613637172399280108e-04 8.902246846796993093e-05 3.899578072044364513e-04 1.407483622638219583e-03 2.503602331668977176e-04 6.923114523261635371e-05 1.386231647191085692e-04 5.597872846213469353e-03 9.800359511408503026e-04 8.806103506333638558e-05
5.857465861868373612e-03 4.475306459842161820e-03 3.752669159771092767e-03 2.522114672969847596e-03 1.667198753176150731e-03 9.928964920530372606e-04 7.503377489956360299e-04 6.284479083719853466e-04 4.563393835431745382e-04 3.315387282282980129e-04 2.656349158801178385e-04 1.868650420723540716e-04 1.467949707373541655e-04 1.129844428880424440e-04 2.213401447991912650e-04 7.806592886420298005e-05 1.419306467943754282e-04 2.180415865614270760e-05 9.906948209201668035e-05 2.639244742606265551e-04 1.448905061558418254e-05 6.496879014803794692e-05 3.805341127498555395e-03 2.669899812205842437e-05 2.304404508958173426e-04
1.426502052989330610e-02 9.339584821426509878e-03 1.027869210004626367e-02 7.608032967292513264e-03 5.380869767506168792e-03 4.294262118910944538e-03 4.216751474634113615e-03 1.639852730935086045e-02 2.269883938734221316e-03 4.455118154738522333e-04 3.091114612279816315e-04 2.637161321289691095e-04 1.903114661563326114e-04 1.245362866210661704e-04 7.999414631718390753e-05 5.675253449004773578e-05 4.046867554373937597e-05 9.803458337626071389e-05 7.277283364206635395e-04 2.908894099803450962e-04 3.760897861578723185e-05 1.014065391409814257e-03 2.205150483775427609e-03 2.552841013024687803e-03 4.295886468348501753e-04
2.384691719672988458e-02 1.797928088472031810e-02 2.105876565668898456e-02 1.230631753438775171e-02 3.002642867783742679e-03 1.106528029881335322e-03 6.100691715589806477e-04 5.287684118820945014e-04 4.659872426664088949e-04 4.076225222620966419e-04 3.202937352078684668e-04 2.768148443170503122e-04 2.821433747900203067e-04 2.511344671236919119e-04 2.035872633505734998e-04 2.599864020610258308e-04 8.203555855918123882e-04 8.871617204018497724e-05 1.047885885818075874e-04 2.778977971493195752e-04 1.248075378821817468e-04 2.515801946416380938e-04 1.920740274295727236e-04 2.855500628823641669e-04 2.457476107695766689e-04
4.304355544293931267e-03 4.565446210069088774e-03 4.484431145666586960e-03 3.302679978239189077e-03 2.501265490970642959e-03 1.311859205461961102e-03 9.879697611302775111e-04 8.511672173029739049e-04 7.563098977467712760e-04 5.917380720353701464e-04 3.949910486988190386e-04 3.683625795469316661e-04 2.708645630902701044e-04 1.813904815251596672e-04 1.179508725771080831e-04 7.944291218427528261e-04 5.547464282251809325e-05 4.130609476458364554e-05 7.080652186322730027e-05 4.513636093547241718e-05 3.843874389182879770e-04 2.794209435663866500e-04 1.491835139141499487e-04 1.144096566590588945e-03 1.171107874648102867e-03
2.326527719007090433e-02 1.970249836043604097e-02 1.169940945718066748e-02 9.330116851167979258e-03 5.661629906373360534e-03 4.508208044451194121e-03 1.879292285527981539e-03 1.635168646313990386e-03 7.480609115843071073e-04 4.316156914476015883e-04 3.647155322087871254e-04 3.298398619973832058e-04 2.562508707570537768e-04 2.445269287830457083e-04 4.547570618762196122e-04 1.147783445742877814e-04 6.407632206811568107e-05 4.374616602963784379e-05 5.186322116237651603e-04 6.605161859424137723e-05 3.053428601160719578e-05 5.965013804231671975e-05 2.921117998194259764e-04 2.781883451754667974e-02 2.114711085249072579e-03
9.325261336949716012e-03 6.584383668363444526e-03 1.105215166428464950e-02 4.466218128130785593e-03 2.441991093982423967e-03 3.395970853374395779e-03 5.505522105361475294e-03 1.927023404264849582e-01 2.319063010998808749e-03 6.182843925708447329e-04 3.496139541782226825e-04 2.535615269505798173e-04 1.749596221333440038e-04 1.244409402634873716e-04 8.488767349921095282e-05 5.666468669528132451e-05 3.910868339362888962e-05 3.273425532351594637e-05 5.127133476219949190e-05 6.549292247949204749e-05 4.654295284506494425e-05 2.517987783845631483e-04 3.248050787679546830e-02 3.469342938686002667e-04 1.959771620460050705e-04
1.496429791925055729e-02 9.475069988691877526e-03 5.797743352915793111e-03 6.710089764113012258e-03 6.185765740071381968e-03 3.196302623345667008e-03 1.006536662760648161e-02 2.309879672637904502e-01 8.026242585956747588e-04 4.289418703471796468e-04 3.493570143461055305e-04 2.412372511051740290e-04 1.711330588238524353e-04 1.193689177178024397e-04 7.844420222236540916e-05 1.510464577490738380e-04 6.193719619143600846e-05 8.808682122156672497e-05 7.370321190038919867e-05 2.913082317612584560e-04 3.246329963659506197e-04 3.052610627855165218e-05 2.215955442175311912e-03 1.582530596042818686e-04 1.937175578424368101e-04
1.052758991713788513e-02 6.925358451673314583e-03 2.934022316199872814e-03 1.209207566293167210e-03 9.207001321529145786e-04 7.385668953442885805e-04 5.579522637904567230e-04 1.266866407174634026e-03 3.685583907868164848e-03 1.312825475338588906e-03 1.416060083071137357e-02 1.203530095296820313e-03 3.167498016568063798e-04 1.487911470097654507e-04 9.370276353803914200e-05 7.414969836723105340e-05 3.523991333552949448e-04 8.497615532867256643e-04 3.881423999353958475e-04 2.814958863971988461e-04 3.905623880311852867e-05 2.562895148295195064e-03 2.566069911865400061e-04 9.028070616233517575e-04 2.504283917077148973e-04
5.661416317617577049e-03 2.811718039826267227e-03 1.789819950961073344e-03 1.265963717007145438e-03 1.441957251708102499e-03 1.412350081662332862e-03 6.760302633994074188e-04 4.524450113669827088e-04 4.391931519224695534e-04 9.495465134224384670e-04 2.717472976208655869e-03 3.471318679985507284e-04 1.077673870158379725e-03 7.320351285134144492e-04 2.550550570472774441e-03 1.352741504959277649e-04 5.538146679278037034e-05 3.566696713618780609e-05 2.552158170250305250e-05 2.193442291891395694e-05 1.409891075041868420e-04 2.029510651982311612e-04 6.206346958174148703e-04 9.892331059702883780e-05 1.873916648931361765e-03
1.138785010750885743e-02 9.997200867961283932e-03 4.561639036014310603e-03 3.248589800257591174e-03 1.250534196364419494e-03 7.783096123969701890e-04 4.916823948831107070e-04 3.942806423273698948e-04 3.187188974157008402e-04 2.589983509450285472e-04 2.182879595819417441e-04 1.924092030349293847e-04 1.742926643880810271e-04 1.505704644923916424e-04 3.913696341640685071e-04 3.061211069667034174e-04 2.410851135775213976e-04 1.230764956813016914e-03 5.824910255514940570e-04 1.564432788247128634e-04 2.601725805327704307e-04 1.923099092315190323e-04 1.191615730094460757e-01 3.187941894842875271e-03 6.920935952212980795e-03
7.298566890951225378e-03 3.345805222598461671e-03 3.790150521802974036e-03 2.727476393815517035e-03 3.035993891295016376e-03 3.610000450824800162e-03 1.422180380262723321e-03 1.539992076909167500e-02 3.179537311370485893e-03 7.080264066432338972e-04 5.964818615733253650e-03 2.746364267184704861e-04 1.911020025244650807e-04 1.220066857574018834e-04 8.209256118376872494e-05 6.631770647914007704e-05 4.078772885602275906e-04 3.589741863322817259e-05 3.845956864911212459e-05 4.829293636070786745e-05 3.423094411649407927e-04 2.220837826007257543e-02 3.976768862358017641e-05 1.481838440844302819e-04 1.738665788657235895e-04
4.539223075464713514e-02 5.208261011048744699e-02 3.928994114946033483e-02 2.415226329645306022e-02 8.675538984045121430e-03 8.209664711439697282e-03 3.625573260962871094e-03 5.407327708945437045e-03 1.065074366199817921e-03 5.549360591554319778e-04 3.605500095901892745e-04 2.194771360110693906e-04 1.498379658342298361e-04 1.098850398692193854e-04 1.667810029091302973e-03 8.524811698628810975e-05 8.304271522196021130e-05 2.618737793604582003e-04 3.335552750124996444e-05 9.817034911998646397e-05 2.903267860358432512e-05 4.475372507154648765e-05 1.015316951667605966e-02 2.451536542250744560e-03 1.548014384428970979e-04
1.201105541167047167e-02 1.008497998568067683e-02 8.488216838515635215e-03 6.828435186518473296e-03 7.310777184349882656e-03 9.407336408615411122e-03 3.466926118616291651e-03 1.472127254347477959e-02 2.807599120097882192e-03 4.342681610235182193e-04 3.480310973524098814e-04 2.194812961326863198e-04 1.712243478528695142e-04 1.187062269002234075e-04 8.158511137299079838e-05 5.972605631338842477e-05 6.233480268901682832e-04 2.664482781216529969e-03 4.262391716625558297e-05 4.881598857294834094e-05 6.680691057547116860e-05 4.898016020085261949e-05 3.680761935218983667e-05 6.394302968374021470e-05 7.377826288767297218e-05
7.778565526048775158e-03 6.672051200867280298e-03 1.252418514263714013e-02 8.409031202019374290e-03 6.644474407742992188e-03 9.070861230076575354e-03 2.324002340546327608e-03 4.488007862995050529e-02 1.830255887665533342e-03 1.114016669345531483e-03 6.049893829651530833e-04 5.471208635523553895e-04 2.716643537538984817e-04 1.819551650181436286e-04 2.547657131439344698e-03 2.455154588093846056e-04 8.785373271033286710e-04 2.301154695042571157e-04 1.315820008113410540e-04 7.024459965353390041e-05 3.113514769240648995e-03 1.551632981994714765e-03 2.159170565745799786e-03 1.688973694223626745e-04 2.780223820666714342e-04
1.507630401965971180e-02 1.101313420400284494e-02 1.379910843924206550e-02 1.490189395721976638e-02 5.374140886354946377e-03 2.161629549330800013e-03 8.488040196145497712e-04 7.561297978353296190e-04 8.047323305898040728e-04 4.836678991536173550e-04 3.758402109741879418e-04 2.951255499780564549e-04 4.393479979168118813e-04 2.128249616658687844e-04 1.296941761561316961e-04 1.129372178365672995e-04 9.583406525890067213e-04 2.664889671245204966e-04 3.964224531119626711e-05 4.488673576213800026e-05 8.151999624060864234e-04 8.547940827740491999e-04 3.569561672777983726e-05 2.489407583425748373e-04 1.037625398991597628e-04
1.568417638572607714e-02 7.793774241448761866e-03 2.394520624715329189e-03 1.743983853115601548e-03 1.130987604241439617e-03 7.459691950591906687e-04 7.004901872016241126e-04 5.420002163974665596e-03 1.039888924358729240e-02 1.659543100658680695e-03 2.697394328650298042e-03 1.347475848633435981e-02 2.892292005449002986e-04 2.145436995266357632e-04 1.977599594207980857e-04 4.466386198179331051e-04 2.827322823948690477e-04 6.047151859873341542e-03 3.592030625645676288e-03 1.089454301658438986e-04 2.153432055900345000e-04 5.021244993184722626e-04 6.782882848302402125e-04 1.920551782581814127e-04 8.433548400768459130e-04
9.413977002315816398e-03 5.481799532365660976e-03 6.588294548109126410e-03 5.894360223798804539e-03 3.621886507709017999e-03 2.734127602284957843e-03 2.534368188250317195e-03 3.122028086750086064e-03 7.905939221829538788e-02 5.077354974354349008e-04 1.187662593965333867e-03 2.577766170489455017e-04 1.208510885968812950e-03 1.349512602006878569e-03 1.179879741885131775e-04 8.344222749358227260e-05 6.707791168789071698e-05 3.246468119509065154e-04 4.657765254800498887e-05 7.368321138862065722e-05 3.393678235162823800e-04 2.795498922059944883e-03 1.007790747760624361e-04 1.640276487060757205e-04 7.522308882042349869e-03
6.264007101386155803e-03 6.294389206570905407e-03 7.321066303288865582e-03 5.676602269092929573e-03 4.294980363690824310e-03 1.967159201168267816e-03 9.648566418044271422e-04 7.304731317597353219e-04 7.731205389619807012e-04 4.352627127390839602e-04 3.835106931822209798e-04 3.347085040122627195e-04 2.858960776752192314e-04 2.017670571174542613e-04 1.545040937637161076e-04 7.792802077145667445e-05 4.445365016884423497e-05 3.592453061770211757e-05 2.546101662978743731e-05 6.097378464904092550e-05 2.419328542199259281e-04 4.744279042848374164e-04 2.411650061989085189e-04 2.372736934685985204e-04 2.275684983061249469e-04
1.976957317361294555e-02 1.705335448610235602e-02 1.545381998295807489e-02 1.083579947888052390e-02 3.388651072960546795e-03 1.514469833842082246e-03 8.961605996667883515e-04 1.094850815835626996e-03 1.079957799388959203e-03 6.967131754140683166e-04 5.385567113326577464e-04 4.122491166141533953e-04 1.826751625264579038e-04 1.242500810203087461e-04 8.436558169753732969e-05 5.347515636487936309e-05 3.080912343349587608e-05 2.608212388114860709e-05 3.141602400590527287e-04 1.114197558655151827e-04 5.376300129744748075e-05 1.590275914131771733e-03 1.100112987652730225e-02 2.934479944694106399e-04 1.099236783696923075e-03
2.697383831214796371e-02 1.812560791230571552e-02 1.707258220942628468e-02 1.932281274592862960e-02 1.410107514059585378e-02 8.339278185771141841e-03 1.064763695525207561e-03 7.488766146621777002e-04 5.723244886842103170e-04 4.315826433340867025e-04 3.508102267159463202e-04 2.780023728658166855e-04 3.145431207556027560e-04 1.715657900243915644e-03 2.506014838264777238e-04 1.044491480201119034e-04 9.525804010368964442e-05 4.825711181313472806e-03 1.662902439799125622e-04 2.376059937723051102e-02 2.008372512167159291e-04 5.716456840736846537e-05 3.671770856813092137e-05 6.017057647414219347e-05 8.093647442536312971e-04
1.221256823080204938e-02 1.053416762402044002e-02 8.371377579687077145e-03 7.957547754393031261e-03 8.101033610292429979e-03 1.111718654943105039e-02 3.294003092461877339e-03 1.396294290405566529e-03 5.601596542762274497e-04 4.184554535102933694e-04 3.113109031460115626e-04 2.433625000232063579e-04 1.497663467178124083e-04 9.482837649830520973e-05 5.675186270257671337e-05 3.501045565272516450e-05 2.096462979646382854e-05 1.845457068074727686e-05 2.280419050730229304e-05 3.766025731588718689e-05 1.091534695060748095e-04 7.165054413678969680e-04 2.686680302618016380e-01 2.342511936502613204e-02 1.771379684610199581e-05
8.223638542958286099e-03 5.771936621332477736e-03 4.398767841121194871e-03 2.952246377287480721e-03 1.330978697589396643e-03 1.022461841389653162e-03 1.337946319865049175e-03 5.336939655306549568e-02 6.369400018328305602e-02 9.412146109725802587e-04 3.840977240496889849e-04 3.081423361494670587e-04 2.002598547095802328e-04 1.197259324122717649e-04 1.003563768645378398e-04 1.393002590956003597e-04 2.664682537645608079e-04 6.198898306685677716e-05 5.112011716261869766e-04 1.065399146187181144e-03 3.242272655316571659e-05 2.466318163890752224e-05 2.691864958156655094e-05 2.385524909220601130e-03 7.027676541125952268e-05
1.746404718252123761e-02 1.509020333798226886e-02 1.815175415330155806e-02 2.196449115267368191e-02 2.447160782191536849e-02 1.466034118836082381e-02 4.719444345343492241e-03 1.465149952932903168e-03 7.250536657084065027e-04 4.378794523466009452e-04 2.880978269042700629e-04 2.680492627224990510e-04 2.003699341508750540e-04 1.176472230367599800e-04 7.424563695100847558e-05 6.213944192381054337e-05 4.050783664240610832e-05 2.940822384283527796e-04 3.231708390747245750e-05 8.035604735992617610e-05 2.723540473287062308e-03 2.542061402870737178e-04 1.258559983091748005e-02 2.071155707759577325e-04 4.179117468717778879e-04
5.887191932080624440e-03 4.524694716784013332e-03 4.986066579998032176e-03 4.409779710628057223e-03 2.715495222156567075e-03 2.537858129782115651e-03 1.729895955264727737e-03 1.874596069564810367e-03 3.672119431506108787e-03 2.442864762285396583e-03 2.896922434344754082e-04 3.008719921920837825e-04 1.209325089458956112e-03 1.402388810144888421e-04 9.120500441810913998e-05 7.597091794859794510e-05 1.168526751637475404e-04 1.927594145763621744e-04 6.289481316363255883e-04 4.268225296755096167e-05 5.588850332764177674e-05 2.463177940496146011e-04 5.918538296897105306e-04 3.575913540966743848e-04 2.778310800159298935e-04
1.439902860293280906e-02 1.514429145567571140e-02 1.678789882327539479e-02 2.644375577250466028e-02 8.003948555982364627e-03 7.042449690691817213e-03 4.754632862591817374e-03 6.249518729510995796e-02 1.030955052706501555e-02 5.000003679902272763e-04 3.632500523252479418e-04 3.068630782581636680e-04 2.088966807764035120e-04 1.206166303158914664e-04 6.426479722397220138e-05 4.392210521334396161e-05 3.853499518187609605e-05 5.364732409530257321e-05 6.804666194995985518e-04 1.376261975814416997e-04 3.510396241314353745e-04 4.351520544311177183e-04 3.800563675246220586e-05 2.186764831803882016e-04 7.843450673113381080e-03
7.544593258484957009e-03 4.058024197981392051e-03 2.964657937299982737e-03 2.167616752260964272e-03 1.389838072730626437e-03 1.193778326520958432e-03 1.051540151582919247e-02 3.119653516979792752e-03 8.257825426001613647e-04 3.753722591313181931e-04 2.838052147034285768e-04 3.371264904222308042e-04 2.252752679176718673e-04 2.000512662689169895e-04 3.577015383748418688e-04 1.599620181201674598e-04 2.966265896537198694e-03 4.625244538631325341e-04 4.304951334163631665e-05 3.378608817436893415e-05 4.426735704569787280e-05 1.800010217135994175e-05 1.183883727237219549e-04 5.141357173137457514e-05 8.603242440363347444e-04
5.724756253266348981e-03 3.338123844191037085e-03 2.132553952056766029e-03 1.563526972273748903e-03 2.283790238863906037e-03 1.485062906559140791e-03 6.974483513543487537e-04 6.498771643425375021e-04 2.243546566858126319e-03 3.061453387544210356e-02 8.210991161790891831e-04 3.983208212748497981e-04 2.543851829329737664e-04 1.247579529709909904e-04 6.612005254431825877e-05 3.894280701607086628e-05 2.909083573812191689e-05 2.280196510232954940e-05 2.242823758225294268e-05 1.818072225823117425e-05 2.999397916435068132e-04 1.789477392401858495e-04 2.690390687649660354e-05 3.952786375940036550e-05 9.180443540430176892e-06
2.160051955245351901e-02 9.354684600228356864e-03 4.946916902385601125e-03 5.675425836237315939e-03 3.298993210984074460e-03 1.871617717983281234e-03 9.483118303616806409e-04 5.852222070439946217e-04 7.851898015568475279e-04 3.729600835635732501e-03 4.040989080527346549e-04 2.986009597168456475e-04 8.086078244689469223e-04 2.748119475467917031e-04 5.514839677562923849e-04 9.072759687907628115e-04 1.441927188255913807e-04 1.134368302370085667e-04 2.207371843921465823e-04 9.356943852390619133e-05 3.750455384328571506e-02 5.140790930000787434e-04 2.138612442898842243e-04 2.052800061694971118e-02 9.387211805087441281e-05
7.259700258356343271e-03 3.625593650644572813e-03 1.000913234898546771e-03 9.378130385822775784e-04 8.788683052888085446e-04 7.603804406181594250e-04 6.946474525009778281e-04 1.026648881119961295e-03 4.476571350482629053e-02 9.033883036867239660e-04 4.411060397407312421e-04 2.668301387328075413e-04 2.063882242907162656e-04 1.112889321048548576e-03 3.558135275837764878e-04 9.904246875949761306e-05 7.904501893958086026e-05 7.145111177207243668e-05 5.925753402250866670e-05 3.102197607730969504e-04 1.193217411381599898e-03 3.877261444944298701e-05 1.382531102381982281e-04 7.002757354779572986e-03 1.335021183960413400e-04
3.703254357750432324e-02 3.357370230248992587e-02 2.910911793400200800e-02 1.489675773204933093e-02 6.246503685890405708e-03 5.449245347611068532e-03 4.404058773900557978e-03 1.285456433577200543e-03 8.228148058845161832e-04 5.517947507341805329e-04 3.893113623016037977e-04 2.691702101614053136e-04 1.836369528934933743e-04 1.267369820168743266e-04 9.130143744785431965e-05 6.412180278772256056e-05 4.061331329400297892e-04 7.765191659933545971e-05 2.430097155288673400e-03 1.357115516054401190e-04 4.021320836937098856e-05 1.776783600459988087e-04 1.297018910465775731e-03 1.536659614672639454e-04 1.359852529325960983e-04
1.163630887812366031e-02 9.126340552093546374e-03 6.972267533042112927e-03 5.884758760937359480e-03 4.136790158802222672e-03 3.168110211069105359e-03 1.754508548134745601e-03 1.397704339327835842e-03 6.869396789392710322e-04 4.609473233163254979e-04 3.462204072695917513e-04 3.720426734044086133e-03 6.936989614196686915e-02 5.515419039316128182e-03 8.102196401119557802e-04 3.454035001704454117e-04 1.804996263254827777e-04 6.157420570316919650e-05 1.656756140531838721e-04 1.839947346288345038e-04 2.996932608921417307e-04 1.163729764325520909e-02 1.803685000526148807e-04 1.719770264945023354e-04 5.731361729941607946e-03
6.546638549571673349e-03 5.750571494791825895e-03 6.413424348193899095e-03 1.067621792506392824e-02 9.587352239258169206e-03 3.315806812201635510e-03 1.640620687024413023e-03 7.109763374627504429e-04 5.762050480186879740e-04 5.740104801450003798e-04 7.957828489963319823e-04 2.572928802397642187e-04 4.362176945221267412e-04 1.204633706570327513e-04 7.735820906785688552e-05 5.187931818927325159e-05 3.063446894701834806e-04 7.469939858731179465e-05 2.979090529592817523e-05 5.516848168817212818e-05 6.642969870187184767e-04 1.990872521870842984e-05 2.811753889411621994e-04 5.791320722958109640e-05 1.025524403606702106e-02
4.247827984339562143e-03 3.079436908307148744e-03 1.647670705914071288e-03 1.382762412397559081e-03 1.303410612689249147e-02 9.182093269011169789e-03 4.211579352720281819e-03 1.347774617076637725e-02 3.771884896166408530e-03 1.743162403619599905e-03 2.198123310556070534e-02 8.465724958202183389e-03 7.161243305665056496e-04 1.704553597831153216e-04 9.903492890263551640e-05 7.312998950451529625e-05 5.526825789069409714e-05 4.090032488691710400e-05 4.168367728726516519e-05 1.646380725649505676e-04 4.467308338908783464e-05 7.200756164364687710e-05 1.588219805218368114e-02 1.994074981461312068e-02 2.592908519522931833e-04
3.077747982569761787e-02 2.052063971919259114e-02 1.753045880223212671e-02 5.081454483664944906e-03 2.256247356664486860e-03 3.176266989066341053e-03 2.737761084826218980e-03 3.698242957943176628e-03 2.624683794756556623e-03 9.190137274951954783e-04 3.593651404119137575e-04 3.138864567046585575e-04 3.064832456899154877e-04 2.689953034356772012e-04 1.352309125788568199e-04 9.219973224345551048e-04 4.034431242548424919e-04 1.337046978343042910e-04 3.009296917995499016e-04 1.658887881064822394e-03 5.709140023046060936e-05 8.958353359985429983e-04 3.147210617788657799e-04 3.503483666448952176e-04 9.685918935068996908e-05
2.256692275311268647e-02 1.622412013494211810e-02 1.413240311869523244e-02 7.355190995333886657e-03 1.788337367028753396e-03 9.796643725381610091e-04 7.792238535933872744e-04 9.820547946077808326e-04 7.542789547838500089e-04 5.514382844275085788e-04 4.711901626666027557e-04 4.413249154620406379e-04 3.389003876383092531e-04 2.680275135283119426e-04 1.498000436172194374e-04 1.420856600443608751e-04 1.876643854905178275e-04 3.933422044293032678e-04 1.714747469177369075e-04 4.522178803389000686e-04 5.053803679849054760e-05 2.008523482331671362e-04 1.137035150653200113e-02 1.692314893534337171e-04 2.106766084964941700e-03
6.340698679189425702e-03 4.715939203672763272e-03 3.816160714734748247e-03 3.384207800571741465e-03 2.741022117106944444e-03 2.092046768359777029e-03 2.261424346845869026e-03 1.848246400775972308e-03 1.680800620711007205e-03 2.511065079499479047e-02 7.630151974053467172e-03 8.028916523656289862e-04 1.936302248906121559e-04 1.215569875659635218e-04 8.913891491300131613e-05 5.981184823267890721e-05 4.761319139123924859e-05 4.603968270597517812e-05 2.880615763168830972e-04 2.464207865303121633e-03 9.060634467611386380e-04 2.461106293200595110e-04 4.437055370551051619e-05 2.531691477910152943e-04 4.699083026518141744e-05
8.847791968174360810e-03 3.734276013647629382e-03 2.039988969777302256e-03 1.153142114270117903e-03 9.879954495643080651e-04 1.319521177781915206e-03 8.953237605600596538e-04 6.562674607924453077e-04 7.662881556525677181e-04 5.395238541146521374e-04 5.354268904396205630e-04 4.855738242541655122e-04 2.047173257660989771e-04 1.188283177601074194e-04 7.773702414871233135e-05 5.541126571131828603e-05 3.592456616573442912e-05 2.606685709978590537e-04 2.214275671375031787e-05 8.506092291072949038e-05 3.900826632557765641e-05 1.736840204408733720e-04 2.686954360499779738e-04 4.225262469368158301e-04 1.710845688351610259e-04
6.963754535233137276e-03 5.664617251639118660e-03 3.708917813250647757e-03 2.137028996917883332e-03 1.284186143211880167e-03 1.003438523260879447e-03 1.138302348388361886e-03 1.354027406781629266e-03 7.273223204898275748e-04 2.134160098685865866e-03 1.816022056088095358e-03 2.696783113821225896e-04 1.813943428302690613e-04 1.345816845841476346e-04 1.440138836602614374e-04 9.234298734501250236e-05 8.316740619528132066e-05 4.350018973540182183e-05 5.543135621150881631e-04 5.002064957305836458e-04 1.664327617015561262e-04 7.318060144422702893e-04 2.874916897534327714e-04 5.692490948987227479e-04 8.062656882979677949e-05
1.033458326289566145e-02 3.547986436845936963e-03 9.261259601106155287e-03 3.117398986903032951e-02 2.815693339429521311e-02 7.526112540676347176e-03 1.071941343247886794e-03 5.319174903996961353e-04 1.002700217931853802e-03 8.293549116058209153e-04 6.781840205942198758e-04 4.357684174214835064e-04 1.260592092330601547e-03 4.503634606878996992e-03 1.459859889459434908e-03 4.094080239535816796e-04 4.233333462561563636e-04 7.505881530160587577e-05 3.629226687786885758e-04 2.058989746494594873e-04 4.013931522931581163e-05 3.061266438152983040e-05 4.168605497829602226e-04 4.436218914428913468e-04 5.385521220894106466e-05
2.011861946076266838e-02 1.155840260819718593e-02 6.500874915174683667e-03 3.712245962361374052e-03 4.057717227740026238e-03 3.662683163058668475e-03 2.086106269416697183e-03 9.544247376081117914e-04 6.426438324811842816e-04 6.595375568260256885e-04 6.235712056997100424e-04 1.124089866822029944e-03 7.302657376733090629e-04 1.739391407618423569e-04 1.522440744999197437e-04 2.094723286246412061e-02 1.319182728742278180e-04 2.791806400738028999e-04 1.547333084567789315e-03 5.420754495484797573e-05 4.252623280884607998e-05 4.973075964462884372e-05 2.267628787600111263e-03 2.466890310943198501e-04 1.880199052264218602e-04
5.351146831643468701e-03 3.552778224399957309e-03 2.327733216428577549e-03 2.095582824586229940e-03 1.045922188380234933e-03 7.555748422943923959e-04 5.790178710674974590e-04 5.562215814089017897e-04 4.457564325639138390e-04 3.652381756864916018e-04 2.884372611507886601e-04 1.086827027582643219e-02 5.148127728800352704e-04 1.573379249632154378e-04 1.074993898292109533e-04 1.029393794880912992e-04 1.515378108948819318e-04 2.473371592115778186e-02 1.660358084485462913e-03 1.853868876167110108e-04 2.342647327930138124e-03 4.178122746936507913e-04 7.146153753621105765e-04 7.081038059856443155e-03 2.419627622178161246e-04
2.941892789859886295e-02 2.609230960233052329e-02 1.073754750115642545e-02 3.063773894542850488e-03 1.425107781116701812e-03 1.145240484443144080e-03 5.976901104993431876e-04 5.865013210872854635e-04 5.668497036081860578e-04 4.519579989187886789e-04 3.610221737020055384e-04 3.434442585272995440e-04 6.100789282017739148e-04 1.917108363923810191e-04 1.224599635854398745e-04 6.837042687995121203e-05 4.202834493732539138e-05 3.075718958610015251e-05 5.374223198943699643e-04 4.007403428786408193e-05 6.527256498623000905e-05 3.676333332294122935e-05 3.337880122016214778e-05 3.950004749354184969e-02 4.795152225712879710e-04
1.029875737674134858e-02 4.161999816251091451e-03 5.126039219714649021e-03 2.622297876627402609e-03 1.611477583504397192e-03 1.236552398047388807e-03 1.263255757838557336e-03 9.645707004486916590e-04 1.357622517518532104e-03 4.565311005388580923e-04 4.258960187813288036e-04 4.984684289804586438e-04 2.026696327074971468e-04 1.399448308015898345e-03 6.800462894585415684e-04 1.120498248160675892e-04 1.853328371751048137e-04 1.410742927458752958e-04 5.225898272258342261e-03 1.862168916652793800e-04 1.939446056896633398e-04 5.349575130231226894e-05 2.015336211242080636e-02 2.294373784514705181e-02 6.238401279478852143e-04
1.359958329831010768e-02 8.583250438020295983e-03 3.847262830737246085e-03 1.860038303716809787e-03 8.789686489939762268e-04 7.743951051089121218e-04 7.713486844693069047e-04 8.720691968070347008e-03 1.225358024749756891e-03 4.596122262566988454e-04 3.243243457686717989e-04 2.974923241320085094e-04 2.567169146169566473e-04 1.886148602360109851e-04 1.221239302423069275e-04 7.538833062147169185e-05 3.462387103990227167e-04 4.191540689807802405e-05 9.542010289921746624e-04 2.829538517483528033e-05 2.535289051910012182e-05 2.187964245755164515e-04 2.713711572193605918e-04 2.006493055178106856e-04 7.527109345332423174e-04
1.266542948074403895e-02 9.855890985678090327e-03 6.283954876378010541e-03 6.990609301715015010e-03 6.067191551160573335e-03 2.947924843349769564e-03 1.095417438223421098e-03 7.223462976009999538e-04 1.481760497354949911e-03 2.693296970140299663e-03 2.612765347083705059e-03 1.629337427785750416e-03 3.827984047001618405e-04 1.301215325488447924e-03 2.406875642287358875e-03 1.478693962015627207e-03 9.008357673694266591e-05 5.084074706120845529e-05 1.680293438803073108e-03 1.682421184179667094e-03 1.631300338172780601e-03 8.084753415542244247e-05 1.890217071454118256e-04 3.278276785706179803e-04 3.577754723297310141e-05
8.534251600464382720e-03 1.522288072393915281e-02 1.539945377159806714e-02 4.484228153291594521e-02 3.114499014260034906e-02 5.869161321393230081e-03 2.483458337719194210e-03 6.545770478086211479e-04 3.885767005435042431e-04 3.589290063117065474e-04 2.666386786323719543e-04 1.948480501406080439e-04 1.386415242087404376e-04 1.013599428735089135e-04 6.591351419612677572e-05 4.190916097614153673e-05 3.211965903539592594e-05 5.593561026509979880e-05 1.621301354816763007e-04 2.665718428152515150e-04 2.943010813516590274e-02 1.283229795164146213e-03 4.606044298675054244e-02 1.431033975412510323e-04 1.387661339464018684e-04
6.400448795454932380e-03 4.387308684776317601e-03 1.563062790909017143e-03 2.150944796706568025e-03 9.408049632840733301e-04 8.561357946319299739e-04 1.184318117130311486e-03 7.800169927675261938e-04 1.460269367185776943e-03 3.529601953655969564e-03 7.484045541521017414e-04 1.208736813833491668e-03 2.210431096663807368e-02 2.290341319491496076e-04 9.818118408742119714e-05 6.641922281760578547e-05 4.435222258822197483e-05 3.134132165631782951e-05 2.484659144722198726e-05 2.568673513988359994e-05 2.368853887037885162e-05 2.557910193813971536e-04 1.042155721188683980e-04 3.232757539297006957e-03 3.254056608863940782e-05
1.932107349754693879e-02 2.285827212610206868e-02 2.830121344547495074e-02 7.454712030240951727e-03 1.446377878973620877e-03 1.048746134828989693e-03 6.181769779287425541e-04 7.188285500317354373e-03 3.152005645228527636e-02 5.565371412863262405e-04 3.398843980881127540e-04 2.554264291275376532e-04 1.992943431297397160e-04 1.299545251041494490e-04 1.035022480477655274e-04 7.716555918755090232e-05 6.658103766374841369e-05 6.217507436201687664e-05 4.625597658167837677e-04 1.853021452904568664e-04 2.359311056134418894e-04 1.594494679604171235e-03 5.428894501256472174e-03 2.784257565936557868e-04 1.892447064112539462e-02
4.968000010012915170e-03 3.034220366624403812e-03 3.196881504964301651e-03 2.446636235536755327e-03 1.510589983121837093e-03 1.106827480589297205e-03 8.634686725830277316e-04 1.343273647919804694e-03 5.019434379638559006e-03 1.895658455048220351e-02 9.425324396310926466e-04 3.849513838241901175e-04 1.847753941009925953e-03 1.135661868591836743e-03 6.683369993441879743e-04 4.099732809708921469e-03 2.096867845766988542e-04 5.542856886336334707e-04 6.700217330525924241e-05 1.042150498096129814e-03 3.037525416436415745e-04 4.112237437628119756e-04 3.166895099239082963e-03 2.254283122820617113e-03 1.595737463540918769e-04
1.148620690320119493e-02 8.714808375662894124e-03 1.957128985746075731e-03 1.078110368469079863e-03 1.121070334075805050e-03 1.145349042818047869e-03 1.011039129695758291e-03 1.074776905117679100e-03 9.954855669081991501e-04 2.534674159171186429e-03 3.824704730238746159e-04 2.937375205610012838e-04 2.365909572280527190e-04 1.805934401089752752e-04 1.298290252901205090e-04 9.137580970820475353e-05 1.637992325304186481e-04 1.058054923340335347e-04 2.288421783326338049e-04 5.999627691920993372e-04 1.887044412242465526e-04 6.918952462943318957e-05 3.263115934623327542e-03 7.459711946392801746e-04 1.806946048917960099e-04
4.700555023060735103e-03 2.035694263031797950e-03 1.684486589265846200e-03 8.873635987849282786e-04 1.099676295004512090e-03 4.069844040479427515e-03 2.551367585344741298e-02 7.114688632367342606e-03 3.761537162715088492e-03 6.263305244035890715e-03 8.949226910976913058e-03 3.900836648918621068e-03 8.994312059935554533e-04 3.771994796675060099e-04 1.263118758820255089e-04 1.053505831723064922e-04 3.434272885778035488e-03 6.598904352888610532e-04 1.492711778921326120e-04 3.757913984680153049e-04 2.924953894735601032e-04 2.171572351000957172e-04 4.742403907571628055e-04 3.045931332727019099e-03 5.071245464394730619e-04
8.490732033959074235e-03 4.296463171698503003e-03 4.230903658134738815e-03 2.151061641369378732e-03 1.572080012014453890e-03 1.686070326108845240e-03 6.493493342165783692e-04 9.731233392858738103e-04 7.537818774935457333e-04 4.746389356571611702e-04 3.083859263118590276e-04 2.669042650837459064e-04 1.607057009234574591e-04 1.271988824062774662e-04 1.281534137413082675e-04 9.702472557838394038e-05 6.460154035965675983e-05 5.051083433145390318e-05 1.671199867889620883e-02 1.037678223857185821e-03 6.122375465624948750e-04 1.029065232678067095e-04 3.315279273894648494e-05 2.185937704213864081e-04 3.901275029783566646e-05
4.629980644510548783e-03 3.229146210430173299e-03 3.222099989909667662e-03 1.404228156012514743e-03 1.395853328927795008e-03 1.045170714136382187e-03 9.830771107218964477e-04 5.719804435899204743e-04 6.301747949267176054e-04 6.588749202686266506e-04 3.308425022828211039e-04 1.336791519864753989e-04 1.258695019386112503e-04 1.236134898319627892e-04 1.243317462562709295e-04 4.340418021054117943e-04 8.869538769443692842e-05 1.015034165114245328e-04 2.237902543654377539e-04 7.321264996029114942e-04 1.796492469687248632e-04 4.022467842071841322e-05 3.446208534674490205e-04 4.732688414706849025e-04 1.678874562361392818e-03
1.208039969505084882e-02 1.138615332276612588e-02 6.112927372084320590e-03 2.855063628213379019e-03 1.893986568517802560e-03 1.629334480538930773e-03 2.504671796938990041e-03 1.485381476426785854e-03 1.104460560855862654e-03 4.400211758610375590e-04 4.806398157226194874e-04 2.096233172510245969e-03 2.517296606339233952e-04 2.798711961639943949e-04 4.898911908447569925e-04 7.891795743332269061e-05 5.588679183169635562e-05 4.599159531893379834e-05 5.918954458148268380e-04 8.679659642698145513e-04 5.694441931178762959e-04 6.074792285157473888e-03 3.224540362865469141e-04 6.795319866381625915e-04 5.492590263637177079e-04
1.287485861512070728e-02 6.648148531844553198e-03 3.899524292686901324e-03 3.178722281860254899e-03 2.414371614242954902e-03 1.059500262958551313e-03 8.293246576418037428e-04 7.739368911291428328e-04 8.941176102483373682e-04 4.456511630450546500e-04 2.719822152392186864e-04 2.256177678062829678e-04 9.946348639546568303e-04 1.699237756516692966e-04 1.348069470104922517e-04 3.200269921762018219e-04 6.219874977605194407e-05 6.285566537783374337e-05 2.275530166964658734e-04 3.570712205883182114e-05 3.567988024095754382e-04 5.401698374276262243e-04 4.581931511193881846e-04 1.207206495729122873e-04 6.644208520181295362e-04
3.892982362510679587e-03 3.933879090293779766e-03 2.970976036404543615e-03 3.037242189410728748e-03 2.282320427952049674e-03 1.089941193234835555e-03 9.067436984255218459e-04 1.013532036402167670e-03 3.640580239530118861e-03 9.530207012709587464e-03 5.215709207313263141e-04 1.254808050323104156e-02 2.479536798809282784e-04 6.965050794978901909e-04 1.212213252349785778e-03 1.055767093660142186e-04 6.635077676806265892e-05 1.379714932336974806e-04 3.416432820947942284e-04 4.813013687667148423e-05 3.036591093270242818e-04 1.871763776951562632e-04 6.069640407446668480e-04 4.175068682434341229e-04 2.393661307627432695e-04
1.275455601188652845e-02 1.285453664677203324e-02 9.879988548492372319e-03 1.129577007153082825e-02 1.694857609769624684e-02 8.643997000459950619e-02 3.109778969050711744e-02 4.420200743200563588e-03 2.039659120437331639e-03 1.874616885146945062e-03 1.707942670782928388e-03 7.752681800304011411e-04 4.178872020080564198e-04 2.630014424675036202e-04 1.863181190278265632e-04 1.732044187692182130e-04 1.494178458738131769e-03 2.072326062572110565e-04 3.103685244022403754e-04 2.758593641001481868e-04 1.124850556904353544e-04 4.919994378425417538e-04 3.381916807812380271e-02 2.118411558879518730e-04 2.702122300218154317e-04
5.617196400298308037e-03 3.543667692471175797e-03 1.523769191338436536e-03 1.503168270313794607e-03 7.542492785088675744e-04 6.553889413510344698e-04 5.496208603560690615e-04 4.490438504193599765e-04 3.689975577884465935e-04 3.141035157933604808e-04 2.541187277602167363e-04 2.271814042400410640e-04 3.429588301766277238e-04 1.419017338940165441e-04 1.125380345980694035e-04 9.149575543459862847e-05 6.151342481016727336e-05 4.502275542960033406e-04 8.885047857152459337e-04 2.575845112897562697e-02 5.484930974959795463e-04 3.493785014228647460e-03 2.161365290576814453e-04 2.136762343562636284e-05 2.105801832917720932e-04
5.620903530233082451e-02 2.833451637220469818e-02 5.241076715128183995e-03 2.627304151798496527e-03 2.126967610384695485e-03 1.489022393725122169e-03 9.847859258911484306e-04 8.270524123139298472e-04 8.782015503220477011e-04 6.099768865201939810e-04 4.438895791425214745e-04 3.660115212638345760e-04 6.456099226830887923e-04 3.879092839187492175e-04 2.047137006365366114e-04 5.391343590549583918e-05 4.433492258407543957e-05 4.890562250328183086e-04 3.562248851245107778e-05 2.259385817523186448e-04 2.224436517646395575e-03 2.390310767473736292e-04 1.511233397105610221e-02 4.047821998113344854e-05 2.175328682120918154e-03
2.055610844725532307e-02 1.739159607070892705e-02 1.303570255138792634e-02 1.351107641150036537e-02 2.963431488748344625e-02 5.036465673260105691e-02 6.761640677413228995e-03 1.129160907024625259e-03 8.409239099660579479e-04 5.589731351627445386e-04 3.454854971416656466e-04 2.525366293142620880e-04 1.829007037825652394e-04 1.282204754261015249e-04 2.718979262469123966e-04 8.806592735894509252e-05 5.407676819398611964e-05 4.068996420499593225e-05 1.678502833626320111e-04 9.805494971230166001e-05 1.129395302216643960e-04 3.247186017409709521e-04 1.466374737098211783e-03 1.743412273182526687e-02 2.661923702560539543e-04
2.935822572446542683e-02 2.169074447350006346e-02 1.479557241024458125e-02 7.151311615033690249e-03 4.027781968104750254e-03 1.946127199195355276e-03 1.202988582826392287e-03 1.841590029418231460e-03 2.108351366189465531e-03 6.708705730309106295e-03 2.485031186184792368e-03 4.079125075984168787e-04 5.214833936383576896e-04 3.225063017198937713e-04 1.542421440524606251e-04 1.124721379761267295e-04 8.845772715774399830e-03 6.741997394743078510e-04 4.617293484271247549e-05 2.875628704802858301e-04 5.920734308642487469e-05 3.676150216915153338e-05 4.975057692030388439e-05 1.916215140252911840e-05 8.552645244874088829e-05
1.924841412685044523e-02 5.399232603777336624e-03 2.678352134653946576e-03 2.011284788708956987e-03 2.465984671131798197e-03 3.948040760997640654e-03 2.096455373013688620e-03 1.118657257414856472e-03 8.156625920549701383e-04 5.831478895079348712e-04 5.288532087205019550e-04 4.573677883855302808e-04 1.779432425280157853e-02 1.402554566086661571e-03 2.996214818695204377e-04 1.791379085404544609e-04 1.710582453974236283e-04 8.603699158532302112e-05 2.289149465462242243e-04 3.794396640415734884e-04 3.596926926668819746e-02 1.736869434741097548e-04 9.981498097998238103e-03 2.442922825124894341e-03 2.351117037815029977e-04
6.478592023392335843e-03 3.544710049295790501e-03 5.798762083268570698e-03 3.718540330882074557e-03 2.742419766116220223e-03 2.900019588753473265e-03 2.398155077766487165e-03 2.996565846971650880e-03 2.070627033566721682e-03 7.116216307715330508e-04 3.700679400080588788e-04 3.168729771291559603e-04 2.574773609451816089e-04 3.109776114323239754e-04 1.286173376196250251e-04 7.164383638686749780e-05 4.766392677902393392e-05 3.065567328884843810e-05 4.054004395546772577e-05 5.072254077991801086e-05 1.166758101746131066e-01 1.303825731361946854e-04 1.474080146320527968e-03 6.817319242526323096e-04 1.514494533452061859e-05
1.022698170378604117e-02 5.970566540047980361e-03 3.137206408461189807e-03 1.303266689143222062e-03 9.417440411723367001e-04 7.160106740385391733e-04 8.109009505378899675e-04 6.544941848055748539e-04 5.758756911308631496e-04 4.422783785744312940e-04 3.239045959529409345e-04 2.659662007938973184e-04 2.263523074695469785e-04 1.969374355839804535e-04 1.864726795822704494e-02 1.980523156294568634e-04 9.799089491138843113e-05 5.575794648539255169e-05 3.371836257869884046e-05 2.815212529546684051e-04 2.492841208161411767e-05 2.683416672481756687e-05 3.540439216616069525e-03 2.632913669467133752e-05 8.669476538633121194e-05
7.138543201371572861e-03 6.052696911455892302e-03 7.263771705070822503e-03 6.070148011478259352e-03 4.497200728082961785e-03 2.974450321644180485e-03 1.724412525654726597e-03 6.027849375991389336e-04 3.341150910913686148e-04 3.949087188634305546e-04 1.818057615219799894e-03 7.578365972739295464e-02 1.895261034692170441e-03 1.787293694308752980e-04 3.958856390558737116e-04 8.283178283656460878e-05 5.113917447295345209e-05 4.413513619207410808e-05 3.733239437954907243e-05 2.598635577144127335e-05 1.960643973674655366e-04 1.615444456356851565e-05 3.429269721715394811e-05 1.340372450352624164e-04 2.818682335250160403e-03
7.841258081834268090e-02 4.698888367137253608e-02 9.878050792132020766e-03 3.956671892258913602e-03 3.405441901751527119e-03 2.591850875341479999e-03 2.868818797483052661e-03 7.735729588524328229e-04 6.694685284667296812e-04 2.813130076019091687e-03 4.906380127512401145e-04 6.037847471398713516e-04 8.394977653813701828e-04 1.717284779811006424e-04 1.180758848985862474e-04 7.692562095253361362e-05 6.237888461458186793e-05 6.038019269813214434e-05 9.732359081916079656e-05 1.523382765881445495e-03 2.700487257968408683e-04 2.659549817431465708e-04 2.539006425578266106e-03 2.570656402829643496e-03 1.867728386837912591e-04
1.796543514843331260e-02 1.575673523618283459e-02 2.386351630619606284e-02 1.864215615707866952e-02 1.382865258583255118e-02 3.934387268673920045e-03 8.460019959784627688e-04 5.336328222036865665e-04 5.086894329347295103e-04 4.033889245882856206e-04 3.382216983149366777e-04 2.621645563289591433e-04 1.069992380722697371e-03 1.279314641572148797e-04 8.562361262021271375e-05 5.573078490193057017e-05 7.781942924568102443e-04 2.292956518291141958e-04 1.650271410028581213e-03 2.500472257415542877e-04 2.549629410785746219e-04 5.935007252227352242e-04 3.656368402345107869e-04 2.036018804916005578e-02 5.187633084885851474e-04
2.484554843259689089e-02 1.593704534383482557e-02 1.059561419742052063e-02 3.335300697922734606e-03 1.166139658112831439e-03 1.091029951255726186e-03 8.598674461614676332e-04 6.486420350399268531e-04 5.834398021989403542e-04 4.595126221271643202e-04 3.438058144630240206e-04 2.599287884040587084e-04 2.096354057700195621e-04 1.695214277016786851e-04 1.646674933177955634e-04 1.394706128857039573e-04 2.717888753834219124e-04 3.536495181710000739e-04 6.234450961469245470e-04 6.170248023890504731e-04 1.251198065740722135e-03 5.107307660527396834e-03 5.441535859534453977e-04 5.773810999887856637e-04 3.679550093098800118e-03
3.693391352253621099e-03 2.876901047197407725e-03 2.360027278894009668e-03 3.026426282889076343e-03 2.140283886815571093e-02 2.795704341393032491e-02 1.863374035288960012e-03 1.648149144163954657e-03 1.776205924167266817e-02 5.303192827229391733e-03 3.488644798208478861e-03 4.438254381952470504e-03 4.516699231317252241e-04 1.966661790986403953e-04 4.100973417412144832e-04 2.388363809613930214e-04 5.831598600420252049e-05 4.477962680184269440e-05 5.361395424253824130e-05 4.669210970047712648e-04 9.176244662862965973e-04 1.431397442672558383e-03 2.369339166419885396e-05 1.466038416404429729e-04 2.112256335199978659e-05
3.033396670014509508e-02 3.250899904179672256e-02 2.533526407332199054e-02 1.913203495663125600e-02 4.686177301150598086e-03 1.397945055485260530e-03 9.545336561034744238e-04 1.014347303075379975e-03 2.436213099217083341e-03 1.483420472200741450e-03 2.888370097939148024e-03 2.702821886231067698e-04 1.747463801378311898e-04 1.170649849007978293e-04 7.260246127957294972e-05 5.065708522111979963e-05 3.396373209872269251e-04 1.553159673680790868e-04 2.602493713787447003e-04 4.589837477579133344e-05 2.001747105184931196e-04 1.692248585499936766e-04 3.966127745880216839e-05 6.831149152358068121e-04 1.251433905126218371e-04
7.886328920908930451e-03 4.168860390055406304e-03 2.861260463741681793e-03 1.029586010416217671e-03 5.023239163504535738e-04 6.037876974551724439e-04 4.425538459647875228e-04 3.770404520970554660e-04 1.336184037367635705e-02 2.791215627270203763e-03 3.835475151617388214e-04 2.610290676638549580e-04 2.087329044958610149e-04 1.431231730472939609e-04 1.155260539441944938e-04 1.055511697971949739e-04 5.859542777725749822e-03 6.340781045432632027e-04 1.917522562330209153e-04 7.461218596784840334e-05 3.864993263109090123e-05 2.995952358003304067e-05 1.330524407377769351e-04 8.652446635042103807e-04 6.703229365417350569e-05
2.112885615176466475e-02 1.031983605674540935e-02 3.360789940826220627e-03 2.737116741211807584e-03 1.382820511402387985e-03 1.095613055558465653e-03 9.517833317307854103e-04 7.834305276657687169e-04 6.931428872135676940e-04 1.003962372019406987e-03 3.080095646870945406e-03 4.431213790360258612e-04 2.138113173843456420e-04 2.397261084617674769e-03 1.660142518557454060e-04 9.149790869787880593e-05 6.179366058135720243e-05 5.381620229962603340e-05 4.043338923743671967e-05 2.631201805314398287e-05 3.110395971694770772e-05 4.071950881145441513e-04 7.323061138464630236e-04 1.728878751942825379e-03 3.965555488892436140e-04
1.867274912766129016e-02 5.753806948193728593e-03 4.043944986870885196e-03 1.923132802312900501e-03 1.095697005592871512e-03 1.127164034320442048e-03 1.275057293988187540e-03 1.264394645984749698e-03 4.143563015903057797e-03 2.634525644034549016e-02 1.937861445049820271e-03 9.605519047933994093e-04 4.022502858286033998e-04 2.946426700567296810e-04 2.219649647684868925e-04 2.142950360947193974e-04 9.343039350032411345e-05 1.668042143541314203e-04 5.352183200001362634e-04 1.151054089456020682e-02 2.325966283202246054e-04 1.843208781494630553e-04 5.689648170315511752e-04 5.558616623655251087e-04 3.824818888226413547e-04
2.581999906442465978e-03 2.172189542595961802e-03 1.163103352730186389e-03 9.193486434343231366e-04 1.020941168261935887e-03 5.885410815855692673e-02 1.808275688623803557e-01 1.681311123715594630e-02 1.250285533461236841e-03 1.561257048056267438e-03 3.075140505275260512e-03 3.638969282495818007e-04 2.560555525681380970e-04 1.889155320015514306e-04 1.361398037537236982e-04 5.377308873747378481e-05 4.286008557879230935e-05 2.284287510150111416e-04 3.890707430921447156e-04 5.105547979101169708e-04 5.700311912035299557e-05 4.121191151915148851e-05 2.620227999404947401e-03 3.628300782622537624e-03 3.229543636581504173e-03
2.292842394289449845e-03 1.174790404244426120e-03 1.017147243730101135e-03 6.877991816254258595e-04 5.947535750023092782e-04 4.829293860004242210e-04 5.042524046167920666e-04 5.603749629412305361e-04 5.601859732492233367e-04 4.473474567656651789e-04 4.535914394329595718e-04 4.104614823818645815e-04 2.027769078910081661e-04 3.384810134763812663e-04 3.317499533824816828e-04 9.278307063528112148e-05 1.788980455379197694e-04 3.754368625334665268e-05 2.619680626281111759e-05 2.716458362695045443e-05 2.783936017564792162e-04 3.579371715817986511e-03 1.539120866505882884e-04 1.991454712531502095e-04 1.727179068184940026e-03
7.680640809661966675e-03 9.952799787139724949e-03 7.424505846641294912e-03 1.914533836269649222e-02 1.745808717254854897e-02 7.208890679905625640e-03 4.432582849937950764e-03 8.315526475477216795e-03 2.769547524855138776e-01 4.384491569252959892e-04 3.197270421252194472e-04 2.550779087188278170e-04 1.604076219121978444e-04 1.432321467453943193e-04 1.026374954463728928e-04 3.038693467795424330e-04 1.031441687068190231e-04 7.568664036112424370e-04 6.174508569057240775e-05 1.814102908577520945e-04 4.110944960255859260e-04 1.321542620820515424e-03 1.519447575650735971e-05 9.963337826305874697e-05 6.151879655570455631e-04
9.963121658231394867e-03 6.574842526800296107e-03 4.404015975659305790e-03 1.994232585626781740e-03 8.529997628344083895e-04 8.419146723322525104e-04 5.138493797201227828e-04 5.220782952338284171e-04 3.120699501418175968e-04 2.762331533244225174e-04 2.348344694734987134e-04 1.914900536601526809e-04 1.651967220087356442e-04 1.566715141734499833e-04 1.182583590551502547e-04 7.842355693421419153e-05 5.607238480260517971e-05 4.478146043807767677e-05 4.843581078111485990e-05 7.289534319129965096e-05 2.641923264227165688e-05 1.812577179066767426e-05 1.165058189305614659e-05 8.552884183642913042e-06 5.201911243198043092e-05
2.966573865243674751e-02 1.801490144007694347e-02 1.275876680121135719e-02 7.913106084394888259e-03 5.002604910338066119e-03 3.772993644189804891e-03 1.574623212546434614e-02 1.044216258663239610e-01 1.826180765141923725e-03 8.785565240983084353e-04 1.168835818132498176e-03 5.156966116385453165e-03 3.124066701312643263e-04 1.461039578794692047e-04 1.662352752448340151e-04 9.548391127828446110e-05 1.369571880717323652e-04 8.423215049385548504e-05 5.753972777062330571e-05 1.001934273274818660e-04 4.968542865716022604e-05 5.246207974578690554e-05 7.170176306728330562e-03 5.072882023236698068e-04 1.162277539225725215e-01
6.844294684071226646e-03 4.844876997619721772e-03 2.664488636058751688e-03 1.311239328416770192e-03 9.470367467287845505e-04 7.716605518982076577e-04 7.107500559774906652e-04 5.373489031059887474e-04 5.161112292397365469e-04 4.641116005537387207e-02 5.115860206422605423e-03 4.360247204461765915e-04 2.845728312485746648e-04 1.602704132276122119e-04 9.843019687708835352e-05 6.839305723302450653e-05 4.378918509774013782e-05 3.142291608884654358e-05 2.953604646351983966e-05 3.093200486566991393e-04 7.990175544649492792e-04 6.672356746174445529e-04 6.937398902083999894e-05 1.210450461243422647e-04 1.831409369218873779e-03
4.442325667978141990e-03 5.153346980524750424e-03 4.639141838846465651e-03 1.964336921768532283e-03 2.480719276590479840e-03 7.576697244033449123e-03 3.245683607956011997e-03 2.105238438147762590e-03 9.700392390989446504e-04 6.211878092679722291e-04 3.496988908013506643e-04 2.081596479559079740e-04 1.479950662967777415e-04 1.236998268290130892e-04 1.096908081786278360e-04 2.307786321346391267e-04 7.699045792707129602e-05 3.094680183257038819e-04 7.617896436827559887e-04 9.042830259670585564e-04 3.679869808086858388e-04 2.679533233014951346e-02 1.549247455060422281e-02 4.528849146274475327e-04 4.455262501783815543e-04
1.014968802459196261e-02 1.836983953025987659e-02 1.566606282435289987e-02 7.469820973440320817e-03 2.948238273983094619e-03 1.467647673705977816e-03 1.061004759511175463e-03 7.369678998510560209e-04 5.830665096466671306e-04 6.139769632818147926e-04 5.268975924767467208e-04 5.554861368971261227e-04 3.095027543339656448e-03 7.096567759172413975e-04 8.772236198133986581e-05 5.255293069006954792e-05 4.299072008968736833e-05 9.506643531623640080e-05 3.603303299790465295e-05 3.073827066325585572e-05 4.458462418988499770e-04 1.324111859276914049e-04 1.094093481602945453e-05 2.003434045521725125e-04 9.641252546009726585e-05
3.465365425118029086e-03 2.547919736540171353e-03 9.088964635751052437e-04 9.908992114844533770e-04 4.493416256963852942e-04 3.573160950892306439e-04 2.436579009541837233e-04 4.418655117052244698e-04 6.622552994514320154e-04 2.981536104426439735e-04 1.969924703817531883e-04 1.670361012872147990e-04 1.480435376218994107e-04 1.419158246548455488e-04 1.199184686028687338e-04 1.054063816335391152e-04 8.304994235487460482e-05 7.551811069360313245e-05 2.173704965804459130e-04 4.598937608891528957e-05 6.215408958514189147e-05 5.836577441406772454e-05 1.769136373906453688e-03 6.781789872961728818e-03 5.792902049871884564e-04
2.033034175285871811e-02 1.564125010053611653e-02 9.468531221911390822e-03 5.821246863710825489e-03 3.651883665064228814e-03 1.583519704579203820e-03 9.431479321538774980e-04 8.139438667677078697e-04 5.605000461466484772e-04 4.596975825089823068e-04 4.890200667453238614e-02 9.608837202564529667e-03 6.276693776054128367e-04 2.837058859528886700e-04 2.067722989220302271e-04 9.033683603722448641e-05 1.094567424910300343e-04 7.280006962749809723e-05 1.255502337359529447e-04 1.477796967811927792e-02 2.435962432979629864e-03 3.619965507262527500e-04 3.177632936674510745e-04 9.345463550748158972e-05 2.384365073228819111e-04
9.155093196231616024e-04 1.394408834758013339e-03 9.983034904986855858e-04 8.330232153431118419e-04 1.138870633583292762e-03 7.031568735715181028e-04 4.717140436370337417e-04 3.401758880054674052e-04 4.192220997635834269e-04 6.517603315145425232e-04 8.806514448419539443e-04 8.113305379089555229e-04 1.686440019516071364e-04 9.009448258648181140e-05 9.453489733477548154e-05 4.946351242195181860e-05 4.710780089241917807e-05 3.839451534259344032e-05 3.425583985220387155e-05 1.148970220594217208e-04 2.355425101429019975e-05 3.697360049611951767e-05 1.005625857354810229e-04 1.795650802351728874e-03 1.551498961125585265e-03
9.746969217622030932e-03 1.262381717771445498e-02 6.612539728787956810e-03 4.256230495792948099e-03 2.103766644319179577e-03 1.421622529368570670e-03 6.379738200765916077e-04 1.194384088262445036e-03 6.776422017824696407e-04 8.493483768379850654e-04 1.344787671986978498e-03 2.209480211426505367e-04 1.628476905036960317e-04 1.286525246488220411e-04 1.023805488862006025e-04 7.219950630239667301e-05 2.280608152715865773e-04 2.010432187024754880e-04 1.638847461648558598e-04 6.385001343904896651e-05 4.702154922007724999e-04 6.773449704246365614e-04 3.108363640077585499e-05 4.533682187506146819e-04 1.286275993795515796e-04
9.847234124060146032e-02 3.602113364907890553e-02 9.427501618569955263e-03 5.499804695777185497e-03 2.687684942556424050e-03 1.887961654134983659e-03 1.513183195831785226e-03 9.393688068618790635e-04 1.041481311663928740e-03 1.297635501593305193e-03 2.759408756768043716e-03 1.048772445700986867e-03 1.754347557361079178e-04 1.291787861201777721e-04 8.605159054961887012e-05 4.556702098869777856e-05 3.898377126468674227e-05 4.136949807700413667e-05 2.916556566469394177e-05 1.253255748055144352e-04 3.073611991173830639e-05 2.477063946066797328e-04 9.177574414214821868e-05 7.091068101095071292e-05 3.965029422858019231e-04
5.266342835132724505e-03 4.033343400710856855e-03 3.299482217417770268e-03 3.646161495037621332e-03 2.176301050321789547e-03 2.117737800509130082e-03 1.214279094328593513e-03 7.995687220687946887e-04 3.659453462487845883e-04 2.276996395372003681e-04 1.645555962002836809e-04 1.222570735967557431e-04 1.440921555165210362e-04 1.015927420640976280e-04 9.300908173381347349e-05 9.838879786163948909e-05 1.208765574980502329e-04 1.492116331058709292e-04 1.665932579433873281e-02 2.521609539603988839e-03 1.110157669425075285e-04 8.493446394560172764e-05 4.244791795708050702e-04 2.322770813177171476e-02 1.563330079902130326e-02
9.574097520585817672e-03 8.799596920953655158e-03 4.566318559815049118e-03 2.957221000278046144e-03 1.969992630465102704e-03 4.265361312013733752e-02 5.435027312554310819e-03 3.186401035574922078e-03 3.435580076452005895e-03 1.614421309679104407e-03 1.524487557298443005e-03 1.007474530889592009e-03 3.499808794137396553e-03 8.686904123883098941e-04 1.668466884811856176e-04 1.815524491239531963e-04 2.399383814309939190e-04 1.673141989707439110e-04 1.495411838309839607e-04 1.245401556103142902e-04 6.699160893652604185e-04 9.034009222152118712e-03 4.214671441985769294e-04 1.627827932482010104e-03 1.215779949950515523e-04
9.145116735031448910e-03 7.393042941545573121e-03 4.856097264892917688e-03 3.893214219511764544e-03 2.563666765189158165e-03 1.609185922208198651e-03 1.962476449803720636e-03 2.190111849497095291e-03 1.058887410528850824e-03 1.702066430798932026e-03 1.421198940024827762e-03 2.179569180877270057e-02 3.061700796784110360e-04 1.914874616581368810e-04 2.430479915110409471e-03 1.151580665977457212e-04 5.719546677374800613e-04 1.248771912161826081e-04 3.639893556099906198e-04 3.631937351827758129e-04 3.747905653023817472e-03 1.460761248641223803e-04 1.295495854651562001e-03 2.055114914528256376e-04 6.615288227759951942e-03
2.482148739374683694e-02 3.137880510252956390e-02 1.910874400320824312e-02 7.936847482631912212e-03 5.436286297339202982e-03 1.843232292888019597e-02 7.951839279994920087e-03 4.418578961344200688e-03 3.171357712741223328e-03 9.132724037411097924e-04 4.109144871780984437e-04 4.109405128099582268e-04 3.211664187308177574e-03 3.062216891498249337e-03 1.696962373295074153e-04 6.565555716683382282e-05 4.397683688968407223e-05 4.011054943044925090e-05 3.613886571853996087e-04 1.384956436637097693e-04 7.176115165907746038e-05 1.389565014914023516e-03 4.677378172096464406e-04 3.412159153033041429e-04 1.168187496151956598e-04
4.345892408286899933e-02 4.128577826358269254e-02 2.755205693325949584e-02 1.186175985716146804e-02 5.788418613332652930e-03 2.596726855071530230e-03 6.587977279733828835e-04 4.497990990412191492e-04 3.240737839132375718e-04 2.951264165748117480e-04 2.534738157866334943e-04 2.046363405384421280e-04 1.671796603282516794e-04 6.176505319333107369e-04 2.424398300339127780e-04 1.906182482088329461e-04 3.100054549397121204e-03 4.322223426578416725e-04 7.124053614195199023e-05 2.754194083858597296e-05 6.135945935236980107e-05 3.259795961524999415e-05 2.669149501229774253e-05 4.737940320968842163e-04 2.825423309293185006e-04
1.434111040222469519e-02 4.786624024583754911e-03 3.566547950949142554e-03 1.991654684093199876e-03 1.643255485850659550e-03 1.885911076851703918e-03 9.466377104015051558e-02 1.897039187613566019e-02 5.719090449470884798e-04 6.786581864251976055e-04 2.718355078309623966e-03 4.255827946923783963e-04 1.978263809940423177e-04 1.423134363386688143e-04 1.040855077838767856e-04 6.987279603894004459e-05 4.784488001997013520e-05 6.692265390545068212e-05 3.123118681966139786e-05 2.273754160262677270e-04 2.770565321343384092e-04 7.383585138651775084e-05 7.168579070528743880e-03 4.221455479466426131e-04 2.534696213456122589e-04
1.395174884409900416e-02 1.309242167990873167e-02 1.213412512557484647e-02 7.749698712966766531e-03 7.049027353021037993e-03 3.996967150920341036e-03 2.505926526001425909e-03 5.927428155647050147e-04 5.009874318920625250e-04 4.143015035533434485e-04 3.439586543441948245e-04 2.688655822360046569e-04 1.885374835420358804e-04 1.394226737503454665e-04 9.048931688740449405e-05 1.938900962645679878e-03 4.524208152242816710e-04 2.455633096711546792e-04 2.816884082575100805e-03 1.057382185909309588e-03 3.375099378716813012e-03 1.947114449918054208e-04 2.939440830565841017e-04 4.437957459953244081e-05 6.494216662614916036e-05
2.255916452196910643e-02 2.289898350119063883e-02 1.912182622657702946e-02 1.056161005921468603e-02 4.106177295022339808e-03 1.499004602739830447e-03 9.257212280957849990e-04 5.607448962272248765e-04 5.153163558621772205e-04 5.551571031131288456e-03 8.384947659982140353e-03 2.398002448845792337e-03 3.041344954656355999e-04 1.309570681974101620e-04 9.130514581010112907e-05 6.963564968199627725e-05 1.256546063112017660e-03 3.409781799019327882e-04 1.377373464178925535e-04 3.311394834338811854e-05 4.986631287233949999e-04 9.551198041868837391e-05 4.899173225779844982e-05 4.024805458626192476e-04 2.318612336220063515e-04
1.896699422983748676e-02 1.093770822551514040e-02 4.940627187129880554e-02 2.055916510924077692e-02 1.744356143203008988e-03 1.246362331426709201e-03 1.340453559828918379e-03 1.346343191189880396e-03 5.351370164617487218e-04 6.517731989901290844e-04 3.435248212974072093e-03 3.641143532341615564e-04 1.446465875214843547e-04 1.134406811315445565e-04 8.023320858754071560e-05 9.449398397840353618e-05 6.392746954816978181e-05 3.142206557172462988e-05 2.352432926118219294e-05 2.072843611510118429e-05 6.458594031685231272e-04 1.774830389602520656e-05 1.234675367886772714e-04 4.240228327016904407e-03 1.035217220202564630e-04
2.603897671845832595e-02 1.972190385049081215e-02 7.067655771218713835e-03 3.265094187714709731e-03 1.566328957803221145e-03 7.213090426023308988e-04 6.606369364257644403e-04 5.604006746826356751e-04 4.308683599010949242e-04 3.463501760037571847e-04 2.968935128434904442e-04 4.196984896300356592e-04 9.990000298558073845e-04 1.802503147433095576e-04 1.030644212552212993e-04 7.317372460596031577e-05 4.703651046833410838e-05 2.451951666312844537e-05 1.999614598085078297e-05 2.801942727134430766e-04 2.550058984483077781e-05 4.045571769016391531e-05 4.231181664979776738e-04 2.736253862974991503e-03 1.331707333251158556e-04
9.032352769869174056e-03 7.290820803071615223e-03 6.026274833656326130e-03 1.902842804595024362e-03 7.742055832211656215e-04 6.343940709895842583e-04 5.476675489554860485e-04 9.760138146724787502e-04 9.948156182131796723e-04 8.951823720256579017e-04 4.638170000977826163e-04 4.234555280112733446e-03 1.081833681382043250e-02 2.752293776023554068e-04 1.371636718650773952e-04 8.459375525665210243e-04 5.543212773637916640e-05 1.669789882857102936e-04 6.543018659735993971e-04 2.914778766818775391e-04 5.684467601713091178e-05 3.993931027162952161e-04 4.097166630708081315e-04 6.978426239473844864e-04 2.214599659861356403e-04
1.770007818934028060e-02 2.536814756391768053e-02 1.703361129600804505e-02 2.438168229301548341e-03 1.840296762113493136e-03 1.346062443204190445e-03 8.666467256473453767e-04 8.266488421754917019e-04 6.365350112199169531e-04 4.452898207846500158e-04 3.229135389435673761e-04 2.756324082162043220e-04 1.883061157961786990e-04 2.133062193790709197e-04 1.069049685889108398e-03 7.072384373713849932e-05 3.451203605458666836e-05 2.602639013522493538e-05 3.918646741887578817e-05 3.305344521939153997e-04 1.041081468635624355e-04 1.997170108626248176e-04 2.558571261457888763e-05 3.121273858237840967e-04 1.644165082116163916e-04
1.787166044443267224e-02 8.616033986647533144e-03 2.476055636194468210e-03 1.175353993999561988e-03 8.333651717984485964e-04 4.951578727181243055e-04 4.436818110280862384e-04 3.848383174631137709e-04 3.711594287618136799e-04 3.365486571107503518e-04 3.151677065548808324e-04 2.685016948014962677e-03 6.648084022336598134e-04 1.758326887301507168e-04 9.734409147334977734e-05 6.363754738551915537e-05 5.801181066188350490e-05 1.314757658680663780e-04 7.541127715333078966e-05 1.268247234794263149e-04 7.218989660122137762e-05 2.353395696767621886e-04 1.748723056881924939e-04 6.639133465838704333e-05 7.580042911445328008e-05
3.488410452160618097e-02 8.783757238444021148e-03 5.237727232948173953e-03 2.487429727369083569e-03 1.556064232004477493e-03 8.603756202665965771e-04 8.827689744142848578e-04 5.957385597058586536e-04 3.879048410727168488e-04 3.292787050157302176e-04 2.513008553144904940e-04 2.544812870465034066e-04 1.614023380133701663e-04 1.113291998777077188e-04 1.185462182953404489e-04 3.266734782061744228e-03 7.879770125374040385e-05 2.275383119226938669e-04 4.209914084803855925e-05 2.462524773898045263e-04 3.083728048212397985e-05 2.256156806499034107e-04 2.995325540140655242e-05 3.022706728247239859e-04 4.218113389783704017e-05
8.232972856740079781e-03 4.981497335964130309e-03 3.256320856724325211e-03 2.657814172669297360e-03 1.486445622882111859e-03 1.493750733466988603e-03 1.775987750557433183e-03 1.309930512794215893e-03 2.258155773591310339e-03 1.328539903870680147e-02 1.386463694161333554e-03 4.103894041568622968e-03 2.533614244129413304e-04 1.817462751736749070e-04 1.098872594018737470e-04 7.794773656998044142e-05 1.986253555870314891e-04 1.995775332574971502e-04 5.337867467058635519e-04 1.205340485749223671e-03 6.171085799721984146e-04 1.844772313387390769e-02 5.658900957560585639e-04 1.626639548436273428e-03 2.524093779715433014e-02
1.052606251992522883e-02 7.138401905763365300e-03 5.280037113898196875e-03 3.028392250786635792e-03 2.391821503882924672e-03 1.166284710532148380e-03 7.623346391814104193e-04 5.965548201356397472e-04 5.069135478671763255e-04 4.081828295259995291e-04 1.410951454532775049e-03 3.951345558332720431e-04 1.886328119071619368e-04 1.354378728814448836e-04 1.335552845470701420e-04 5.351457106628140781e-04 5.110635717648494107e-04 1.212744343746700567e-03 6.704611040661799255e-05 3.318380931324101395e-05 2.560797269124051798e-05 1.834338026964060583e-05 1.381128568556505554e-05 6.650808318955797886e-05 8.646558071138088465e-05
2.486983641020906050e-02 2.441009258917663585e-02 2.715881864439927129e-02 1.026053718088150088e-02 1.493257494756365438e-03 7.084212399641280893e-04 5.470853011271444846e-04 1.044373782738730085e-03 7.152765015954093463e-04 3.430611185756346363e-04 2.660057499098179303e-04 2.261244254685198097e-04 1.750134980717359134e-04 1.481703749393554277e-04 1.184958201493691639e-04 2.057409157776007435e-04 1.228883688267898245e-03 1.560160688460979358e-04 3.583952577524076200e-05 4.829144088287630438e-05 3.377396235504048186e-05 2.137381634997886242e-04 1.512163467054880193e-04 6.530599902022598104e-04 1.092265592236902645e-04
1.358449941807978682e-03 1.139391257566217718e-03 1.086956329961028369e-03 6.164790454925970662e-04 5.687135287885124223e-04 4.121558885857351442e-04 4.089052352270858997e-04 3.977040907665382462e-04 3.675842932711755290e-04 9.313149221546254816e-04 1.942063712488627594e-02 1.079794501250224510e-03 2.296613493493385020e-04 1.746580880286265774e-04 1.260695811109209682e-04 7.545354398571636030e-05 4.867602456702498851e-05 5.844046215911215080e-05 2.324249449572980344e-05 2.144343398098685308e-05 2.587626972128796612e-04 8.444756715457201769e-05 7.219623127514496023e-03 1.233706688020289174e-03 3.063311346340354520e-05
2.141308948836945225e-02 1.975874155976305516e-02 1.605565142677176788e-02 1.333356739519363059e-02 9.192511108851761370e-03 4.133046473435453630e-03 1.095455797449000450e-03 6.612445276935391067e-04 5.115786076779208413e-04 4.604951751784080224e-04 6.060233544369705719e-04 4.945006089160794904e-04 7.846295094169413679e-04 1.604993372866198942e-04 1.394291131615063659e-04 2.379271476595408723e-04 4.632317257024389889e-04 4.338512963863119408e-04 1.390611886093029393e-03 1.986536659053156004e-02 5.162683218200359025e-02 1.822632929647732521e-03 3.614196117780372228e-04 3.723143280645663982e-04 1.131864701928422725e-04
1.255037118278310750e-02 6.036921536801356618e-03 1.077868921849324708e-02 7.028799784389354322e-03 1.802192832952107231e-03 1.539311556628487464e-03 1.410585547568701326e-03 1.122337298498781626e-03 4.283824039633093127e-03 3.207027827706923628e-02 4.019458196363051745e-03 1.487954733166560115e-03 3.511575489826248208e-04 8.839548128261836939e-04 7.118448670129181623e-04 8.890032387303343283e-05 6.033176375670202261e-05 5.504569644020213117e-05 1.039344253384747661e-04 2.632429433667408556e-04 2.990125103950635370e-04 1.008977911383386849e-04 6.612862434501183518e-05 1.395736414260304210e-02 2.519151314648578315e-03
7.757657839686377121e-03 9.823518422717097270e-03 1.374220563066726013e-02 2.975822731350750983e-02 9.779487147751568521e-02 1.030237896873289691e-02 5.113367488839525021e-03 2.036573194744675103e-03 4.588996630910372365e-04 3.633028521431486049e-04 3.128687922145887974e-04 2.585198049132435023e-04 2.306773109252565300e-04 2.404818482422847519e-04 1.123475560899228891e-04 1.610563340142356198e-04 1.371742873219457476e-03 2.156979948511003088e-04 8.161058965113894515e-04 2.259235058371359295e-04 2.528980486068820727e-04 1.368329085277931252e-04 2.051115262642695029e-04 1.122552927458130663e-04 2.708436999558459920e-04
4.221230723723081758e-03 3.868523965302848085e-03 3.176776113880273346e-03 1.775980935741314866e-03 9.213074545437941040e-04 1.104591659356678884e-03 9.692940057925371247e-04 1.675355540554440952e-03 1.907724997631165577e-03 4.627225500846336194e-03 3.806610982146484568e-04 2.683166889809211406e-04 4.173606893232265666e-04 1.686667180743359282e-04 1.029354584266520565e-04 2.815003054541560671e-04 1.032125862105511601e-03 5.192981345222090332e-05 4.636317841681950253e-05 3.245577460362582723e-04 2.964985828541768348e-04 4.841173761908481124e-04 6.786978870378457067e-05 5.323403597577621707e-05 2.874290114036753396e-03
1.858735486784059490e-02 1.109345990124011895e-02 1.034735225380576003e-02 7.934629630242336085e-03 3.920474508808789553e-03 1.735322163885085053e-03 1.245277185655152422e-03 7.606789333878570059e-04 6.672203733921977476e-04 4.827784422397203264e-04 3.640629863188342354e-04 2.599367779514606290e-04 2.080365347455540557e-04 5.660191863411476610e-04 1.212870513712724710e-03 1.295773423557182609e-04 9.312230958685652411e-05 1.896680628282946103e-04 7.354717130423298445e-05 7.809888796188045362e-05 1.403385836603932067e-04 5.203934152145088966e-04 2.163706507985863167e-04 4.890412845048523575e-04 4.253530346839893769e-03
4.464837432596845536e-04 3.066710501761182569e-04 2.921117701360763396e-04 2.406083263752566929e-04 2.049621626738233799e-04 1.877501846362973365e-04 1.564111540800910700e-04 1.637351401304455267e-04 1.182077361204504585e-04 1.217752831204097446e-04 9.104858750011862202e-05 8.603033926358685671e-05 7.195770670780565412e-05 7.787697498535256914e-05 6.641452402753419320e-05 5.627380877059527621e-05 5.702807883347791646e-05 4.047110481292561093e-05 3.094871171996116692e-05 2.158709195040279570e-05 1.752637703312238571e-05 1.033129806184108607e-05 2.738603185689820769e-05 1.326514710830786748e-04 1.576180021724579272e-04
1.574358998571791582e-02 7.959609477314506798e-03 5.278186459974680556e-03 1.515541954397325083e-03 1.167848170018649092e-03 1.259920243169518035e-03 1.578870198349789731e-03 6.161395823455708852e-04 4.374375053464033339e-04 3.444202090274504175e-04 2.919719515284325173e-04 2.286198809233861860e-04 1.958970596009475750e-04 8.153402495469893110e-04 4.853975285364890853e-04 9.871493346604333081e-05 5.788669362890929522e-05 4.340138109963932712e-05 3.864883687264492117e-04 2.974110415112715005e-04 3.286483073040889020e-05 1.385189922302339205e-04 2.633629210621668071e-04 2.308488361407944566e-04 2.279042972961340188e-04
1.336734506434877033e-02 2.083067308591254538e-02 4.377314989580796678e-02 4.638964018327036698e-02 3.763804600171420742e-03 1.025454775968740080e-03 6.925447492795293878e-04 6.181140925595933564e-04 4.567382249584082282e-04 3.729325119385000823e-04 2.973827455814421865e-04 2.539893013662749091e-04 2.396154568604375447e-04 5.162361045752265117e-04 1.103825667244331303e-04 6.617509448793739465e-05 5.027195991916910244e-05 3.974500495071277924e-05 3.740583262382628200e-05 2.965688417670579778e-05 2.763788672444698842e-05 1.001857788898706411e-04 1.092785416084306963e-03 1.763720492484802918e-04 1.299353220093738210e-03
2.124280002107106768e-02 2.922580881920340892e-02 2.006886415899225215e-02 2.028776215181673365e-02 2.435546596023235866e-02 5.693154089701156842e-03 6.488857049703486771e-04 6.477580796278827524e-04 8.514122205867018581e-04 6.438797660636697267e-04 5.046528229872516633e-04 2.918633088519656570e-04 2.389852261567593250e-04 1.679329705036692406e-04 1.171732879564715585e-04 9.533684666542732581e-05 5.511390404814665639e-04 6.697206284718835892e-05 1.152014585135593440e-03 6.205649680194699107e-04 2.883928447344243366e-04 2.021321434085561030e-04 3.857617412502700353e-05 1.962809764697347366e-03 1.014401300031596981e-02
4.917139480910854600e-03 3.693389613664200665e-03 1.638342201818622675e-03 1.527434044072634904e-03 1.224640631861577096e-03 1.407420588261806393e-03 8.398527877858045620e-04 6.782080472146956090e-04 6.830938897126712268e-04 9.255286652840832547e-04 5.070667956909767843e-04 2.252158139161783857e-03 1.903912102670123117e-04 1.253478132671073761e-04 7.727288471281117772e-05 5.561130378124793235e-05 4.540031892889010513e-05 3.743837357395765321e-05 3.171345938474527014e-05 2.009372937172155383e-05 6.085737867824427471e-04 3.058034889886704637e-04 3.017412148231901576e-05 3.967231049667270179e-04 4.292827134748631614e-05
1.325235901844206386e-02 8.126632420752465807e-03 8.796673988146087170e-03 6.787237969681243072e-03 4.161461909550788832e-03 4.503056874791577791e-03 4.818244878217456395e-03 1.860868716419431922e-03 1.516387380090974436e-03 1.649815261774670652e-02 3.759671484930209029e-02 3.116786367256356698e-04 1.774002193667518709e-04 1.280492438051576828e-04 1.511426903807842762e-04 6.792153562899822937e-05 3.937773166513845507e-05 3.776859355391063344e-05 2.921364454864644659e-05 1.987035174644429024e-04 5.622279067374289380e-05 4.824300554142836226e-04 9.464275311131336264e-04 1.769786333608128236e-04 4.495894575714170843e-04
6.363387683679205820e-02 1.839905742581693718e-02 1.025562980180500135e-02 7.418389972434107256e-03 5.903406239187647050e-03 3.384817292381236010e-03 1.497875196269757682e-03 1.300313594249592449e-03 8.760449527682464361e-04 7.049101125247910242e-04 3.535888635668910682e-04 2.618269015070757468e-04 2.054623920597347807e-04 1.895833054392356484e-04 1.201862676350184944e-04 1.131880938619096467e-04 9.093241338788454113e-05 3.078495230509801454e-04 1.985998543025066802e-04 2.373457445343462452e-02 1.631548229256150656e-04 1.210544969642140221e-02 8.480481760327208257e-05 4.375750306323963971e-05 1.862588220796073789e-03
4.968850637116216037e-03 2.588115031448603477e-03 1.186745711491565651e-03 1.216433134731986906e-03 1.182588398693252933e-03 1.718768432463983536e-03 1.199769728050078610e-03 8.102438853552810464e-04 8.414453669286788657e-04 1.339022857173633330e-03 4.700442685229703696e-03 1.490221288426204702e-03 4.213704359835395937e-04 2.196381123342524145e-04 1.073271957511883140e-04 7.443312626125231845e-05 2.025443896013306121e-04 3.906431637489769446e-03 5.278419639062753035e-05 6.075216475126089604e-05 1.455394267465994493e-03 6.543898762319408586e-04 2.102482072210110423e-03 1.625261971024092862e-04 4.283302028409027525e-04
2.261785279913988353e-02 1.078204903662910961e-02 4.592561634044487265e-03 1.844845786302485918e-03 8.628743852829787175e-04 6.833243838031793612e-04 5.778807279810043796e-04 4.037949281059306133e-04 3.622773043987509846e-04 3.214079887467067502e-04 2.841804976624848775e-04 2.524922727190412461e-04 2.133992138796912956e-04 1.008520145533290443e-03 3.494731014555367814e-04 9.476907270976012859e-05 7.264229876201360955e-05 3.174017640240027883e-04 2.643962846129712871e-04 6.193921653216747205e-04 5.536792583188526458e-05 4.440330099054390269e-04 1.693097722650001302e-02 8.324742051821895292e-03 3.956594316079673629e-03
2.131623343994417871e-02 9.359496899278505963e-03 5.162748271865907380e-03 2.440883739511910504e-03 1.549039696695055915e-03 1.011779111610114140e-03 8.759679389940021928e-04 7.904208744778739139e-04 5.320094800743547896e-04 4.560553249100983615e-04 3.914501175118350077e-04 2.498996236378003832e-03 1.485195491636201069e-03 1.924903380985460355e-04 8.292500458265074283e-04 2.218254844952203219e-04 5.205363496980653639e-05 5.264984019617650473e-05 3.862705245962828903e-04 3.864537548004909708e-04 5.828943136313237232e-03 5.989376450315306858e-05 2.653598129139974064e-04 1.705374052178942163e-04 2.677808608744389898e-05
8.023227049488346543e-03 5.912559130396527300e-03 2.074068356555252429e-03 2.013019661986209345e-03 8.415650439343220655e-04 1.067113530273183829e-03 3.641108544696668951e-03 9.492588419281983159e-02 7.171281268660108753e-03 1.585526677124140908e-03 1.005904635757548992e-03 4.139017719076799667e-04 2.430353027341163735e-04 1.081675948852750318e-03 4.632908234714287320e-04 7.764722985079605395e-05 7.399306852995419387e-05 4.886408198610398001e-05 9.070924746301664088e-04 6.740114658415282973e-04 6.175301550617315804e-05 1.013935866294541840e-04 5.415644939790457968e-03 2.084427812353524588e-04 6.564440649091260937e-04
8.399179527122303812e-03 1.146797962868691297e-02 1.481271518030519325e-02 4.609589714455004927e-02 4.399709346490945222e-02 1.451981290994972841e-02 1.655572758839437067e-02 2.737174769970783517e-03 1.180986546581024987e-03 5.605998610304945744e-04 4.818231479626447792e-04 4.702673503025836142e-04 2.672701274133257743e-04 3.139148058225715290e-04 1.272698126285300635e-04 1.299264099922833578e-04 1.678768904768233991e-04 1.649701937078559225e-03 5.153503748254788187e-05 1.226107012823581324e-03 3.122261880603100024e-05 3.622591892236663334e-04 1.994469985288153653e-04 1.575699028909316793e-04 3.325532979660864551e-04
1.124330659783541811e-02 1.189013253712809665e-02 6.111354330463747778e-03 4.828560037177863189e-03 5.400319873143907649e-03 3.273371647642550012e-03 1.640398244034415014e-03 1.820508413149432396e-03 1.839443051055457239e-03 1.097042996325059677e-03 1.479358976557610186e-02 1.111206157335823015e-02 6.703253095068008750e-04 1.883380700660999742e-04 1.023797939240950487e-04 8.296389002169073123e-05 6.088531360830148854e-05 7.043438034822921358e-05 5.817122471202688938e-03 4.873127887960501236e-04 4.949768466146638440e-04 9.031416107952440996e-05 1.288901863549612092e-03 3.415045235324592619e-04 3.024404012356183636e-04
6.905985480573196590e-03 5.410163026879205410e-03 4.601787009845724474e-03 2.546817465882400631e-03 2.104700849964202033e-03 1.863628309003937007e-03 2.538719401520315739e-03 2.319612268023273690e-03 6.208634471095512411e-04 4.883906058761808278e-04 1.295392611008129320e-03 2.616333778129132726e-04 1.701481557737293763e-04 1.385633174630031457e-04 1.031330081115584119e-04 6.976630952397057752e-05 4.664180043021259897e-05 3.933805568770044479e-05 3.937290458328762422e-05 5.147982531333259457e-04 4.870047355804055342e-04 2.534986480450953468e-04 2.728589505211436150e-05 2.536244149518588264e-04 1.450698984886602920e-02
1.750057169159450685e-02 1.053232475674168063e-02 9.429822384053473949e-03 6.672512511704279010e-03 4.516538468501742239e-03 5.262434184696438561e-03 4.068611671780301281e-03 1.815572824469113746e-03 7.755545610121272922e-04 6.479619541548732337e-04 6.165948450208584477e-04 1.807341707264939609e-03 4.604789044971147982e-04 1.399267205860273101e-03 1.952827554347952765e-04 1.912094711403520381e-04 1.042148300593020429e-04 7.947220432093247478e-05 6.698192600911898151e-05 7.911829265612681586e-03 1.079336717468110199e-04 3.603402761453334971e-04 5.610055963694808058e-03 2.474071191115226505e-03 2.868100951965443703e-03
1.506520485941194309e-02 9.723112111860804374e-03 6.179234719505005517e-03 4.015991095162957381e-03 2.163988860854965373e-03 1.232814304820314868e-03 7.989984224766253891e-04 9.210612223681720898e-04 3.108161698841926945e-03 2.947750582523396556e-03 5.282950204915959650e-04 2.591961921993333291e-04 2.515238341185837981e-04 8.882563272828193635e-04 9.604860199186591486e-05 6.901445491269413038e-05 5.599412117463081480e-05 9.907372877731217091e-05 9.983995122307420280e-05 4.730756090449279817e-04 3.336993799884196109e-03 3.052898219454896274e-04 7.873205567755775644e-05 2.228732770526849444e-04 1.460288524026023382e-04
3.770672714043969975e-01 8.804041396553199395e-01 1.943614025118543809e-02 9.180378702259022958e-03 5.841882528681259859e-03 7.590127102556415081e-04 1.929166265715347248e-03 1.822380050947393706e-02 4.947236164247088841e-03 1.000185039926412660e-03 5.023700884824771262e-04 4.251600089783408049e-04 5.384719508936565684e-04 3.748072939149962521e-03 1.505416453330561384e-04 2.344076322276739208e-04 4.350401331551006698e-05 3.636696117251766617e-05 2.899671944826652395e-04 3.146217252259889987e-05 3.797734288066598418e-05 3.039214361597123164e-04 2.984804977781581586e-03 2.272402224497287269e-03 4.935778044978142128e-04
1.843065260594047017e-02 1.919194464433738451e-02 1.719857317854033354e-02 9.786418043390221824e-03 3.273693345119673553e-03 1.133410791955384578e-03 6.387934533639762647e-04 6.177912821561063351e-04 5.071785289448162799e-04 3.852000151463911247e-04 3.263390253711466785e-04 3.556806619112085521e-04 2.203051321961169672e-04 1.324175352524512917e-04 9.655808840223791521e-05 6.894132043460471577e-05 5.863297026215196444e-05 8.707690561738851208e-05 2.754953485993751191e-04 7.231531903618274634e-04 1.067770592318577653e-04 3.280604014219809555e-05 6.019579850908733827e-03 1.812296134482778995e-03 3.235239280769400998e-04
5.970870907516019621e-02 8.105911346504551807e-02 2.383517461341402160e-02 1.574786442237954831e-02 2.504202793324179863e-03 7.848023978221013502e-04 5.432558720073632106e-04 4.921127373629658863e-04 4.166458717990079771e-04 3.857758308152263341e-04 3.074518709378271011e-04 2.295999169122324825e-04 3.266487330240362393e-04 1.389014776153716811e-04 8.643267092557520347e-05 5.747649176960866716e-05 4.559505969541194337e-05 3.358071774652232540e-05 1.097552674426172960e-04 3.255301642736378384e-03 1.286519338377497483e-04 3.703763685629748504e-04 7.600353946634778391e-05 5.193653754432780821e-05 1.562496671640026334e-04
8.582496324027058879e-03 1.267253151460078289e-02 9.108100183098560843e-02 2.419119613277515360e-02 1.563251385478794594e-03 2.443212179361456404e-03 2.378151541063829380e-03 1.551240601793244097e-03 6.762135911470320941e-04 6.312387183659353166e-04 5.026369738943446078e-04 9.359252697740046709e-04 3.415017902260626681e-04 8.066370845908022238e-03 1.259894986260135961e-04 9.593853785853239963e-05 8.009120608943608752e-05 1.109849922853094011e-04 8.403381193998459356e-03 7.356956059781892543e-05 3.434486326588365558e-04 2.958773907688935887e-04 5.212664155504830683e-04 1.280444098581640100e-02 4.214477796589573820e-04
2.976648066326209249e-02 2.006176847739288630e-02 1.127845169298147786e-02 8.680476558708372439e-03 6.126226895865513958e-03 2.587312487010058615e-03 2.623862358184267645e-03 1.805758223511278685e-03 1.012866767297684878e-03 1.239782946149611386e-03 1.191089444732178161e-03 5.265233444579405647e-04 3.774718947379701746e-04 2.163738743596119586e-04 1.177530430175735213e-04 8.631206599394736364e-05 5.191101423797308303e-05 3.313584374255772809e-05 6.369141985140952251e-05 5.502399642828291514e-04 3.761573795104117409e-05 7.119815296709907553e-05 4.673968974303641111e-02 4.601832192915447433e-04 2.693967025232473872e-05
1.080700181095672896e-02 6.483446175038694824e-03 3.333139912536881716e-03 2.535658117139823111e-03 1.827252191204121242e-03 2.045997457386619818e-03 2.951932798046147822e-03 1.982306694365945903e-03 1.776604994821346598e-03 8.922875887121708809e-04 7.514840436762631982e-04 7.560425919277125300e-04 2.277683833725989578e-04 1.673687687187474984e-04 7.444898118577845383e-04 7.977247061966321587e-05 6.641844452845946606e-05 8.816612968479975996e-05 6.302124706306962013e-05 4.788701720395777210e-05 3.316557307029262074e-04 4.159588090650324357e-05 5.162731961729627163e-05 1.907376893196449869e-03 1.045376011597078754e-04
5.880338053962481763e-03 3.451035735392572225e-03 5.148997479059344920e-03 4.171396127195575211e-03 5.561420337272523357e-03 2.658170827574651666e-03 2.130950173514166088e-03 2.819109589599444986e-03 1.996839608592943655e-02 2.551876923346269900e-03 2.494228787109393532e-03 3.714485599838800926e-04 3.694564565595832655e-04 3.869553888454829640e-04 1.782216710650442722e-04 5.468400400857601667e-04 1.922543106806811307e-03 1.423701111455579068e-04 9.283838126780893116e-05 5.759859765465144245e-05 4.651843708129398667e-04 3.333351655902835431e-04 1.120968646739696050e-03 5.759672232916166927e-05 7.151986009656972204e-03
1.523621236245929420e-02 2.257500817797534337e-02 1.140448405065946913e-02 1.896672515188826263e-02 2.600452252616059501e-01 4.249379330451603758e-03 2.339930843440715322e-03 7.662948663810592803e-04 4.714802353049746481e-04 2.711965957103866422e-03 2.222126923365792296e-03 6.137097954550100633e-04 3.941144075187737596e-04 1.844398361701572037e-04 1.085298141990363616e-04 6.330565708422874799e-05 6.161961308750038481e-05 6.373594325462498698e-05 6.256411217264472768e-05 7.487256391229203569e-05 1.541686744403955860e-04 5.145859879928091135e-04 2.458115073996228824e-05 2.918435294446380986e-05 2.284102414198321406e-04
2.417046036080732277e-02 1.897870868855220869e-02 2.555397138191951509e-02 5.822235967134779117e-02 1.964122325472601998e-03 1.590589431124281999e-03 2.122431960065134741e-03 3.994904303400209980e-03 3.391094217703488362e-03 1.001807589578670348e-03 2.740460710122014478e-04 2.020830223114890919e-04 1.333922333570162729e-04 8.729991939723045894e-05 5.786603563689962491e-05 4.420643976001681634e-05 3.290645483062798747e-05 2.557091083177416043e-05 9.235108744873466574e-05 2.342656103405341562e-04 1.152498028353525572e-05 3.130209412675801633e-05 3.985703364618460695e-04 8.210491049096007402e-06 9.897796248808258602e-06
2.261505324682182294e-02 2.110904492915644318e-02 1.008543775301109363e-02 7.362256756434770039e-03 5.894956404905673901e-03 2.880303428392601631e-03 1.393632811018936588e-03 9.007536342705485316e-04 5.872768474626586079e-04 5.989673204214933204e-04 9.491695714340657886e-04 2.593388014419439132e-04 9.869156033894673982e-04 1.250222756908900897e-04 9.072525492238182464e-05 6.615201438254146268e-05 5.444648258019254953e-05 4.731058541615558075e-05 5.917206845189256658e-05 6.891400130098582514e-04 5.911942287327368170e-04 2.524106754710825004e-04 1.204502075580880273e-02 2.933096357957922418e-05 1.713629574597138792e-04
1.011412944927617651e-02 5.254907202144888136e-03 5.144875768345088217e-03 2.894394225635715193e-03 2.916608486203899845e-03 2.696152124989109177e-03 2.656265427014393131e-03 1.360617640327437070e-03 1.348914849049342654e-03 9.553233073852145096e-02 1.860901070534085608e-03 1.291377795983302294e-03 1.081601466234446626e-03 2.864232602212416954e-04 1.396856105790321738e-04 8.102553831190693607e-05 6.608033630813093303e-04 4.978841361685900946e-05 4.630046983972905346e-05 2.555319075897446003e-04 5.487430085098003035e-03 3.107511539617017387e-04 5.794565556382269062e-05 6.771227264967058653e-05 9.592841690257645484e-04
1.341294022963017939e-02 1.196891985874720503e-02 5.351231283108172886e-03 2.158201808351260711e-03 8.417273919782598682e-04 7.393832103521206286e-04 5.326556298679809487e-04 5.056973805726731408e-04 3.930623814026313863e-04 3.113833361274225366e-04 2.534204504227117387e-04 2.178865195205024986e-04 1.567189593942073069e-04 1.136785745686593114e-04 8.390853907074584319e-05 6.689816211383476220e-05 4.950689233071992485e-05 1.947231740263993013e-04 3.612168329404924635e-05 9.079685700100145762e-05 7.307148852853193738e-05 5.317857099974477100e-03 6.330254912436070712e-03 5.689943586386863152e-04 1.893730975763957796e-04
4.628024494212098876e-03 3.551452216258330335e-03 2.509995252020591136e-03 1.725668805912867771e-03 1.240960336674430025e-03 8.527776337974302123e-04 8.169624398451222000e-04 6.667332415973089730e-04 5.033333788989925988e-04 4.481959885281956886e-04 4.209725368394256497e-04 2.992269750258263377e-04 2.000580172972727191e-04 1.508045872922759696e-04 1.026793383922548747e-04 7.246795523667216084e-05 5.343085482208426043e-05 4.211103971937493518e-05 3.383161540255473666e-05 2.339866523224478002e-05 3.346162334953453827e-04 1.562969158515393374e-05 1.175126765666139808e-05 1.169265158974728584e-05 1.624298798269002182e-05
3.416976472653538658e-03 3.771395488645595210e-03 2.883898175580083215e-03 2.285240581479441001e-03 1.654109829978464823e-03 9.632872200801232418e-04 8.580142083336860653e-04 4.367971576064197761e-04 3.739656989471971862e-04 3.370055893929312465e-04 2.941468943456586869e-04 2.516641043310583544e-04 2.148979910272731024e-04 1.855524054003640370e-04 9.138908031287672597e-05 6.966886824570526972e-05 5.093702431240650937e-05 4.389086704868829398e-05 4.767894768052966529e-05 2.866061153377950059e-05 2.712610121113754845e-05 4.561352622022558885e-05 2.918126038613668522e-04 3.344970031993571916e-03 1.973249570624908272e-02
1.904655278775828353e-02 1.663856474230822682e-02 1.312677125464827531e-02 6.918878343831056342e-03 3.412965042181823581e-03 2.585706222440491055e-03 2.024383822916897210e-03 2.166861873563542644e-03 3.467135744976730140e-03 3.807494192693108240e-03 2.308125282055168998e-03 6.848115914632163081e-04 1.775141475148575695e-04 1.151817625034715032e-04 6.323357883404887101e-05 3.989615057405817146e-05 3.276033801619698707e-05 2.648025662488546258e-05 2.755040295824612537e-05 2.507836730803394303e-04 1.687004234719774085e-04 3.598038317533107681e-04 1.725075231643571322e-05 1.081592779733527936e-05 1.014683532659358165e-05
1.762759708485962112e-02 1.760485674012815527e-02 1.687001524386112783e-02 1.769968695453840238e-02 9.610379697875662264e-03 3.727202001555374525e-03 2.393236419041022342e-03 1.568664137267010037e-03 6.992508887566107343e-04 4.527636835370307572e-04 2.801888670469155013e-04 1.650655104001305727e-04 1.167122913948370148e-04 8.906753077361545447e-05 7.091673321122934448e-05 5.428397508604205634e-05 6.019791745937143411e-05 5.993189531900338312e-05 3.391273714756657602e-05 3.102295721431078753e-04 4.374351258488005261e-04 3.470738845649628244e-04 6.399360243537221301e-05 1.763004280161803623e-04 7.251278351666153065e-05
1.007020456068114835e-02 6.203110926940680857e-03 3.621980585437741592e-03 1.513205070105570543e-03 9.258235866086923825e-04 9.276512965323594710e-04 7.508633014713875101e-04 6.707581735666906736e-04 5.577861015999104532e-04 4.877029299976145768e-04 3.089368640316006052e-04 2.272408567939648502e-04 1.646763446198846841e-03 3.929482771488726836e-03 1.075629901296395303e-04 5.560762226817773891e-05 3.718443828621688477e-05 2.642738245142781982e-05 2.457563561029398568e-05 4.152823128574058612e-05 3.811330209047711034e-04 4.677959621390422956e-05 3.902688858890853807e-04 1.431014292385816334e-04 2.257742711700425943e-04
2.922150423081998696e-02 1.474184544346344126e-02 9.340670535249650727e-03 2.689840799484430681e-03 1.129316696972107632e-03 6.623539780712429936e-04 5.878040199927746191e-04 5.357198131700609484e-04 4.711389017481829207e-04 4.670973587324921475e-04 7.276672326182332534e-04 3.793645895167315819e-04 2.221871025832754980e-04 1.731897769008738182e-04 1.983762669596434369e-04 6.131195015984047076e-04 4.716619934539479676e-04 6.934444489487337493e-05 6.152558485414087047e-05 3.964261705221218401e-02 8.520269763140209248e-04 3.282105505304695769e-04 1.179250645054173881e-03 1.395606029325368973e-02 6.869761409840878519e-04
2.944597339092458813e-02 2.419670427929619672e-02 1.620312834523569834e-02 5.775050047430244082e-03 4.432715762949833785e-03 2.297895373141812386e-02 6.238147133529744863e-03 7.548236401831612090e-04 5.691847256078263508e-04 4.171674123500178182e-04 3.188779561300644078e-04 2.472535529949247126e-04 1.830264005663389474e-04 1.365599662352020292e-04 9.675546504475257558e-05 6.612647839135395264e-05 4.940771160279687333e-05 4.761244872667871647e-05 6.012301141035105096e-05 1.468005058094461570e-04 1.438964723472427841e-03 9.107037679659331537e-04 2.329059392522927433e-03 6.925838685279785741e-04 4.469030223570654749e-03
1.474979012883563881e-02 1.650320002846898670e-02 1.443474289178182414e-02 1.083880218282901563e-02 7.774616095204645201e-03 5.973146945951945605e-03 1.916688369199809989e-03 1.247179073619268837e-03 7.667062014238923504e-04 2.427919651355209957e-03 2.017661605118630137e-03 6.716742197835505511e-04 2.624316708321927281e-04 1.277556863777929179e-03 1.401431582831714606e-03 3.194852470979614445e-04 1.334432352528734048e-04 1.207772940946444428e-04 1.174966142899668632e-04 1.269153125474420428e-04 3.266181329237655834e-02 3.825321306544812554e-03 2.733367166332918360e-03 7.567153156634458299e-04 2.207503364486051653e-02
7.556618182894436764e-03 6.586562178072476702e-03 6.399468478015037445e-03 4.686142900431832306e-03 2.825073771196852466e-03 1.517357952345535759e-03 9.310847708109568294e-04 6.036911177803412024e-04 6.386090381600646780e-04 5.221167274943983678e-04 8.065154553761048244e-04 1.162754882829283420e-03 4.598843050897923924e-03 5.860369505583028172e-04 1.043903163684225567e-04 6.752847834924801036e-05 4.475064620514154469e-05 4.464243156976362663e-05 8.784197441155135308e-05 4.459982344858495415e-04 4.276201082858513435e-05 2.415246331180512175e-04 2.493203917074206548e-04 1.351781994543971473e-02 3.914266614262110590e-04
5.482431733840774889e-03 3.637804997784098958e-03 2.973173412238802518e-03 2.612727861856895765e-03 1.664194161699896011e-03 1.051498285444603170e-03 7.471011760569862790e-04 7.288522624127778075e-04 7.961375151224028878e-04 5.348152553249920600e-04 7.882049876552092759e-04 2.509511368650077338e-03 6.881396408927824672e-04 2.031910911647683070e-04 1.445454891879450544e-04 1.153081245625918097e-04 5.925699043420082997e-05 4.760684623701088984e-05 4.709405766259167476e-05 2.561906675424452558e-04 1.299121770882164613e-03 2.661191386649194426e-05 3.551627665780582592e-05 2.807236828440701424e-05 2.216863147416807617e-05
8.376383106639495243e-03 6.777496616730674384e-03 2.798979371178236201e-03 1.846647274298132474e-03 9.108588118619164115e-04 8.361703661986935598e-04 7.244693031801120297e-04 6.419763122003595800e-04 5.077089803150505428e-04 4.176790705787398030e-04 3.193811056466902185e-04 2.516274690187020042e-04 1.638634620160811680e-04 1.239260176677774844e-04 9.410901936104681292e-05 4.387316000243573870e-04 7.967809835965854442e-05 3.966569097197180727e-04 2.037571933776204699e-04 5.063936151940409474e-05 1.747908605819322391e-04 1.827919284956547297e-04 2.565086386502558533e-03 2.062983651980562262e-04 1.472711439469654923e-02
3.475587813552945965e-02 2.413626931176952178e-02 1.533965262851945573e-02 1.010180753113022571e-02 3.624266813789806495e-03 1.183857405889743655e-03 5.174080503697651252e-04 8.275460528949573702e-04 5.231371260643617651e-04 3.252069476107981826e-04 2.750991569711021896e-04 2.504524794868932987e-04 2.379702621247037245e-04 1.958301740344038861e-04 1.443666603694292443e-04 1.327967152537062997e-04 9.494406641613675486e-05 7.752422544607833518e-05 2.171748591816107226e-04 1.021250825851421776e-04 1.890278788173821358e-03 5.454578142254530712e-04 2.095500927168192622e-03 2.714900227998557985e-04 2.026967315538729004e-03
6.224979903492369737e-03 7.598412146013935886e-03 4.723316553980942689e-03 8.228193550110755525e-03 1.004410367279148959e-02 7.519816142779561091e-03 5.330225920794151931e-04 4.521552287986974734e-04 7.009482203110804256e-04 1.112774278061464950e-01 2.247562288497667246e-02 3.379428974222509706e-04 2.090660714629885965e-04 1.635347919134499191e-04 1.192135778254479426e-04 8.627479249429477796e-05 5.917725188171242025e-04 1.057760927973847107e-03 9.447340558509311371e-05 1.201992153342417899e-04 1.788158186296872330e-04 7.149297720966792059e-05 6.005729277945104447e-04 9.352731438141160050e-03 2.587495659707388204e-04
5.576230731814756959e-03 4.276111555933579528e-03 3.748645794941978231e-03 1.962903554455629196e-03 1.076937929847383369e-03 7.981653659444049725e-04 4.862173001265262216e-04 4.307469321886829875e-04 3.991759307133597740e-04 3.340981991189889960e-04 2.536855613883674549e-04 1.854914736664068817e-04 1.350854828186195966e-04 1.056902583224182245e-04 8.836711528339908142e-05 1.183294241509826858e-04 3.323682993279524931e-04 5.351606860135786452e-05 1.810823322409157402e-04 1.546047782908775182e-03 8.598908568778673711e-02 1.368277606477911557e-04 1.345024023951176006e-04 1.203696481960613756e-03 3.563557082071839633e-04
5.578758552099223611e-02 3.950587936312544013e-02 2.387173265552065479e-02 2.046277762150837398e-02 8.624006884897608347e-03 1.449804982364238937e-02 6.470626801660192377e-03 3.092902932537951611e-03 3.003704035017693442e-03 1.431865942986373062e-03 4.154002418167640552e-04 2.570770552213869032e-04 1.774621382511405189e-04 9.659411960209457590e-05 7.871391744917048444e-05 3.513915398153975118e-04 2.776111585781704336e-04 4.120763095004243023e-05 3.270272835172628197e-05 6.739465795968250443e-05 2.302672909108883923e-05 6.474865876508528522e-04 1.621049922210980341e-05 4.774334912482766028e-05 1.364893564772523228e-05
2.556981647325133611e-02 2.374166690185160883e-02 1.095256511791148878e-02 4.087332676818804938e-03 2.451484522761514240e-02 4.472714937463132673e-02 6.107555830740327846e-03 1.927523098122133896e-03 6.898728657731110917e-04 9.571697641828886367e-04 3.044369366052587875e-04 1.981210023105840388e-04 1.534871129934502112e-04 1.082819229845626962e-04 7.407667033184050500e-05 4.804644353646828894e-05 3.489861691217546822e-05 3.371691837281209030e-05 3.042881479245778580e-04 3.519839962117493181e-04 8.159122585196860902e-05 1.382511467947360532e-05 3.140189974929147114e-04 2.434416086729213936e-04 3.041994304887573860e-04
1.513835291814675903e-02 1.531988698280044997e-02 1.304835577910132098e-02 1.516842266575937209e-02 1.700859947581358916e-02 6.793270618726858501e-03 1.707148922238619585e-03 1.021228826279855844e-03 1.091461824633896925e-03 1.253642404662210549e-03 5.666713614673504458e-04 2.366710587014470078e-04 1.747298123538840447e-04 1.186466685481617927e-04 9.812778559475701635e-05 6.229154660332595988e-05 2.906025659542434245e-04 2.917092187402234391e-04 2.324156423405291248e-05 1.834434634701110497e-05 2.478432273665048268e-05 1.795917339898276527e-04 2.679247349080333615e-02 1.980854756313562117e-04 3.109390086429661567e-04
3.059782678798385336e-02 4.209123887913389372e-02 3.389582179635756976e-02 2.074875239374310634e-02 8.913826132250573034e-03 2.180420283370919365e-03 1.292426795787121911e-03 9.032613174256116581e-04 7.949202612103317515e-04 1.398561478004738644e-03 5.910427569769334359e-03 3.395373411403347294e-03 2.440026809513971568e-04 3.166256114658427064e-04 2.064625931354894574e-04 7.100697072082943345e-05 5.118943054793035030e-05 4.041131307046478546e-05 4.130293496841006511e-05 4.916676354614653294e-05 5.560745433682381424e-03 5.653228741724633044e-04 1.629693555614197212e-04 4.066455756290457386e-05 1.267121553800064814e-05
2.061165552439570003e-02 1.466252634798790970e-02 1.795064454167749277e-02 1.284237047374952277e-02 7.625079926305748136e-03 3.094043015127037957e-03 1.935107340859943499e-03 9.474784673662263110e-04 7.171704141052622807e-04 6.607080637465422013e-04 5.177777740982788309e-04 3.255318459830972662e-04 2.382319351050963998e-04 1.651198687621938056e-04 1.162072931137566760e-04 1.517591802349596152e-04 4.920825937234016290e-04 6.763545485105073012e-05 7.159014900907113832e-05 3.676251051754663227e-03 7.817585151338360405e-02 3.653320425814006499e-04 8.924473436567574721e-05 1.078298917736420463e-04 5.578631389524093881e-04
2.439805784419284834e-02 2.461272443267171692e-02 2.928348344446119259e-02 1.986568589242981853e-02 8.274366047615059477e-03 3.304110290047214404e-03 2.138348518356694358e-03 3.156153481197050172e-03 1.241279995721248806e-03 3.849762413182292154e-04 3.254655816438412606e-04 2.505434753431212995e-04 1.702078313117058800e-04 9.741033350549517002e-04 9.804307449129633610e-04 3.632079797510382141e-04 5.010222637626858343e-05 2.813694214201502435e-05 2.377316605622010933e-05 2.004615541340710644e-05 6.994062580483381415e-05 5.758932384674628820e-05 1.692392796891537039e-05 4.963159753322985888e-05 2.063447466622886806e-05
2.409046237085521111e-02 2.070912155339026117e-02 1.723948981067702571e-02 2.062018858319562831e-02 7.805227617155020316e-03 3.218539475977630435e-03 3.143444115648327732e-03 2.631690545331509014e-03 5.457281085690732746e-03 5.173403229486893060e-03 2.361751983598310480e-03 3.176511482888745401e-03 1.947984995263799587e-03 1.369540139407396471e-03 1.471646970046278449e-04 1.089437924592429378e-04 3.688251688125850384e-04 9.405077391398807972e-05 3.253186799853997890e-02 2.123341519173586184e-02 7.343268652673401887e-04 7.602159832275636690e-05 1.408799453513457332e-03 2.286166718481118471e-04 1.308068817488524348e-02
7.403746503499349964e-03 4.664832702943173988e-03 2.996830081097555994e-03 1.093965483213722419e-03 8.483713484293433195e-04 7.073510983487340479e-04 5.814758027716207967e-04 4.038135335122805688e-04 3.366424721698390958e-04 3.135560924696732398e-04 2.947187263309714619e-04 2.721688039909797899e-04 2.068497208865895695e-04 1.469437826153963632e-04 9.916942083884264106e-05 6.893797398114674593e-05 1.489381864131497169e-04 2.975285382536833724e-05 2.990455180524088805e-05 7.306362909557401891e-04 7.954614495075533779e-04 3.789632323874792653e-05 1.659707042620093718e-04 2.891522041924249982e-04 1.408864449818423518e-03
7.480090744398700670e-03 9.960037702375903676e-03 9.307859627704461250e-03 5.818178328953029985e-03 4.202577117729669638e-03 1.798319495182776687e-02 7.715382549009335011e-02 6.093824196033394668e-03 1.079150737204084094e-03 9.924141716322980571e-04 6.505021268792996261e-03 8.645742298940729690e-04 2.482548212886169199e-04 2.008980718151809179e-04 1.008134330656958351e-03 7.193735949246917165e-05 3.622797609489076371e-05 2.407937941473481825e-03 5.077878643771454573e-05 3.335701857381978184e-05 2.454214898071820712e-05 2.304592592712730609e-05 1.092420097183201787e-04 2.497637860971073983e-04 7.641844108045384989e-04
1.428546371865345270e-02 1.255272137894907283e-02 1.016328788395590328e-02 9.472626700568394578e-03 1.092840584101821728e-02 4.637852511903378661e-03 1.474424477968538450e-03 4.550003304726833449e-04 2.740503718896143931e-04 2.623914702501983212e-04 2.389814091969967428e-04 1.742713459491759213e-04 1.435429545471416084e-04 1.003055603295035223e-04 7.499741314803699528e-05 1.058090546823367323e-04 3.041246100209796027e-04 1.842454291093375846e-03 3.858662277514117596e-05 3.496944463716023763e-05 2.160655700968581479e-05 5.317015615365517923e-05 3.914477312569547909e-04 5.268904421449793123e-05 3.418737152625162326e-04
5.295847664883307493e-03 2.516471351533189002e-03 1.938671385401830559e-03 1.648877551951227760e-03 1.041907579116779390e-03 9.063500340294351884e-04 7.764774844079566987e-04 6.492156388938097886e-04 5.141418522240717714e-04 3.795415852347201182e-04 6.850301534499366688e-04 1.072746778663361076e-03 2.496147483532073640e-04 1.458367686801045036e-04 9.321681142246487385e-05 5.843564082288925848e-05 5.426613565962999609e-04 5.154286347758813935e-05 1.226972298162386384e-04 6.975438006060647464e-04 3.828368954772274631e-05 1.511740767439092008e-03 3.850612892969569601e-05 1.422846170558830728e-05 2.984587906379241977e-04
2.228119154095252810e-02 1.192734482173015038e-02 5.844158146906528947e-03 3.551969762243885071e-03 1.935512893285208516e-03 2.470543480352914521e-03 2.979648763985980921e-03 1.166431620490367485e-02 4.072547769419665280e-03 7.987060770673632803e-04 4.117982351871429304e-04 3.033890656480943198e-04 1.931867960767075958e-04 2.088894346338052090e-04 2.291507932799566295e-04 1.232902050397382361e-03 9.235013080017891055e-05 6.149395894873116138e-05 5.600574083540133452e-04 5.524679919743483202e-04 5.181257076854491316e-05 1.457224398475003664e-03 9.067281287827954998e-04 9.578235777172707313e-03 1.279168449555452124e-03
9.710662427851526890e-02 1.600895931150266016e-02 1.062569868019843863e-02 7.513995108961805600e-03 3.213669917475096057e-03 1.639510175432542897e-03 1.106738808218275414e-03 6.871907700886306257e-04 4.378697766180014803e-04 3.072843295980541524e-04 2.523883109763550014e-04 1.978555851989621328e-04 1.494069525551193218e-04 1.156524029776183528e-04 8.729149639520089241e-05 1.641367304814393636e-04 3.729019877191668860e-05 3.802003887346283752e-05 6.694692036081528090e-04 4.294700788884564426e-05 2.122531666949930705e-04 1.035658835236509707e-02 1.266188744323238312e-04 9.732801101116905502e-05 3.686879308183122145e-04
7.142267819424678171e-03 7.706739765656763462e-03 7.094675240025820340e-03 5.303111156351841306e-03 4.812885871748988353e-03 3.319768054538508109e-03 1.114042160724047119e-03 9.332431363613605127e-04 7.747135678890819041e-04 5.438242562015774663e-04 4.433930363839776873e-04 1.177127001978553640e-03 2.660633123644500918e-04 1.047803743048328660e-04 6.530778946034780565e-05 5.984671249387733989e-04 4.521693255250337410e-05 3.745723058979205373e-04 6.247046614742535057e-05 3.663612515865228799e-05 1.891110201242654056e-05 1.709883294429593526e-05 2.111176251020945493e-04 6.455373739774388159e-04 3.903558935555681325e-04
8.766687173101920388e-03 1.274738149096817964e-02 1.201780651910487781e-02 1.493090926665621709e-02 1.457590253936280611e-02 1.123659510379693138e-02 8.570860116948478269e-03 4.142921025677751522e-03 1.724850658225824968e-03 9.669001503181021790e-04 3.566036989430686113e-04 2.084572179030888561e-04 1.493183891790659092e-04 1.022047764153899196e-04 6.870889293609273591e-05 4.476956524937771779e-05 3.006585926577896997e-05 2.304788849510609628e-05 1.942706988206021357e-05 2.293914636862033724e-05 5.521344450518199241e-05 6.560531447828191719e-04 5.540225653380675269e-05 5.028858298923495965e-03 8.295934988295013569e-04
7.870468562991726411e-03 7.453954514015710686e-03 4.002180608605590550e-03 1.394438646677564810e-03 8.381328772028176586e-04 5.652577803990906178e-04 5.551704527921098083e-04 4.655454589255047918e-04 3.661092543103059826e-04 3.315643253135162633e-04 2.977962422797264660e-04 2.568553203762472936e-04 3.125309069514229710e-04 1.793611303206874615e-03 2.681835135520997887e-04 8.372533402103636395e-05 5.253418187270047547e-05 1.187295341451110301e-04 8.539669850371153000e-05 2.073906252053926160e-05 1.821107181795178864e-05 1.753351847282964761e-05 8.105924055075361672e-05 1.764107741612389190e-05 1.524053624429471711e-04
1.448910611694189353e-02 1.034457247370132275e-02 9.165252686470608257e-03 1.887409072381029604e-02 8.164104056922423525e-02 6.869819647319698810e-03 2.645860158178487548e-03 2.430990893489386271e-03 1.874059872818473714e-03 1.038756109594623795e-03 5.151821850240679949e-04 3.537337202366002960e-04 2.452411538277619353e-04 1.616323058265177969e-04 1.107547266121749867e-04 7.993084133324352661e-05 5.597764350527490769e-05 5.530680124463502767e-05 2.789819308743096866e-04 6.783462127365566963e-04 2.136992099379213781e-04 4.818319944522809681e-05 3.110676774038022632e-04 1.388696983813616321e-03 3.760854821265847969e-03
4.217147525068636223e-03 2.798118260077722859e-03 1.971175731665348457e-03 1.716447708467100592e-03 1.437861935617714077e-03 1.187518388439065455e-03 1.050764444072212851e-03 6.843052905038972660e-04 4.047177150350990773e-04 1.975168788541488906e-04 1.795704651688689358e-04 1.617024060092050206e-04 1.473064381227865739e-04 7.130529623169644393e-04 1.339101379398413495e-04 9.390103986598958630e-05 8.806971537201741505e-05 4.363366485616099801e-05 2.476668179955781367e-05 1.575652530691923312e-05 1.490288029181962788e-05 7.676926041745699061e-05 3.011580232778534122e-05 4.155191497360276038e-04 1.426420181639358848e-04
1.458671299319205805e-02 1.827248316425967092e-02 1.554403680457853119e-02 8.452733473845683645e-03 4.088789383060620342e-03 7.671011951139774512e-04 5.848582257549425753e-04 4.237371551400650051e-04 4.583659113066111397e-04 5.592316293636607821e-04 5.259376665729050514e-03 1.912670961602823622e-03 6.103937234170338320e-04 1.350383162876934084e-03 4.825079020085728350e-04 3.336490767364775137e-04 8.674145605393296875e-05 5.364048392423601187e-05 5.519435490416137793e-05 2.869675846466735814e-04 4.684566091244611184e-05 2.006035242459168770e-04 4.879696662151158330e-04 2.968261422208638353e-02 8.721965187170853395e-04
1.170721372387085145e-02 6.595295423595170375e-03 4.905248086092747588e-03 2.838164468555644596e-03 1.308781193652123597e-03 8.393426738222970872e-04 5.592736753281609026e-04 5.030180545548646820e-04 4.072806185225822631e-04 3.654925344332249186e-04 3.661406197262759266e-04 2.662589929040318996e-04 1.988351659125013105e-04 1.691310658468253786e-03 1.021974103669356611e-04 3.522828600568736327e-04 3.447729461751974618e-04 5.264900520033319613e-05 3.788917755739142020e-05 3.080205349514485174e-05 4.147621279282505505e-05 1.283032558600493691e-04 2.040363682624229177e-03 1.878607289233855853e-03 1.161579940650654501e-02
1.543340768886402106e-02 1.085339040485178499e-02 6.498783622931013360e-03 4.065197721147091256e-03 1.066521517184261091e-03 6.828993149319036301e-04 7.768624840567683182e-04 7.011636885629193372e-04 7.386341429259306963e-04 5.438173274935848098e-04 3.860297723106064990e-04 3.049862562300699681e-04 1.791124252447109878e-04 1.154166751290700748e-04 8.114318960677119373e-05 5.662550535039895201e-05 2.463907890136647107e-04 8.678999119099048941e-05 6.711172291169708573e-05 1.335615114360735086e-04 2.277915231513997249e-05 2.728800666160802630e-05 1.367752904355015807e-04 4.792830396312347616e-05 3.531760505530737388e-04
1.669372903137895242e-02 1.317554241794884062e-02 8.194418611600598479e-03 6.315692490349369970e-03 7.221515303146154412e-03 5.714639269279436946e-03 2.470419576122746905e-03 9.863783292626421024e-04 5.995718973700646728e-04 4.707140649503357521e-04 4.011552812274087011e-04 3.009642826593506514e-04 1.485849807219229689e-04 9.265659321840484747e-05 9.630751431048657166e-05 2.099129593009623103e-03 1.386279491644640662e-04 3.700229623064276742e-05 1.153418547021350682e-04 3.595755434122106683e-05 5.726310917046177764e-05 5.041052440010391399e-05 7.207877620772230182e-04 3.970614534852445125e-04 1.714791275616180772e-04
7.604791376868256722e-03 6.224677965894019789e-03 3.416760239767006619e-03 1.473891465261388404e-03 1.129821502927092370e-03 8.588448401162413230e-04 6.600096873927061535e-04 5.594791719536276482e-04 4.503682857725894930e-04 3.511012462569515556e-04 3.013131825375065334e-04 2.479241660676507943e-04 1.818809882908846627e-04 1.405227245295815610e-04 1.021164332616205462e-04 6.029220085377507728e-05 3.385955363702324559e-05 1.932288755535260029e-05 1.106670102585569055e-04 2.292087362013914192e-05 1.134344949916660183e-05 1.184562535195088754e-05 1.119471460559058449e-05 1.034416855723557868e-05 1.054771789628640084e-05
2.164753903007555005e-02 1.854466412575381251e-02 1.703469103038419280e-02 8.800125745193655702e-03 6.873417986369512699e-03 2.425439682761207968e-03 1.083438131669042575e-03 6.221570321611477952e-04 5.185888018571113657e-04 4.947729402027434449e-04 4.881291063780014748e-04 1.836333104759282518e-03 4.820674784823406403e-03 2.471509789089354828e-04 9.965467874201786307e-05 6.502745548431393440e-05 4.616441590480885695e-05 4.317228375404162503e-05 4.289396950476012817e-05 1.147539648647374953e-04 3.004198636272960451e-04 5.104900681723214796e-05 5.171774742082558456e-04 2.140654550478729087e-04 2.175364027061036081e-03
1.801095316065865620e-02 1.148080311595621461e-02 9.352528400940496658e-03 1.059982741054687691e-02 1.768345936519197595e-02 1.382148530247866991e-01 5.046060011587368867e-03 3.886176519643993500e-03 1.115569301053358090e-03 6.173770779542746626e-04 7.371455449291439404e-04 5.166987640828001830e-04 2.599177900508718090e-04 1.794067666805469123e-04 1.180881787661893092e-04 1.281926440581212428e-04 1.122746814094278088e-03 1.415488890974698761e-04 5.997621495787874342e-05 6.171409925672141194e-05 4.124221047099412008e-04 7.938432569643636555e-04 1.641975976794580766e-04 2.374089040435339501e-04 6.790391709254677780e-04
2.653042629737531639e-03 3.921924089524289267e-03 2.564540543456236311e-03 2.135054774707892834e-03 1.300660734647530667e-03 1.592573066033313705e-03 1.677546892242681026e-03 1.050807457582251560e-03 1.129278013805565034e-03 5.763603341028930745e-03 7.635979031424469134e-03 8.925467681888094680e-04 4.320818087017670229e-04 9.307116283802524277e-04 2.273588755982005130e-04 5.420238146324058684e-05 3.849287038263849076e-05 3.905497108882589755e-05 4.764123340696100879e-05 4.368185131491552525e-05 2.288056355952081133e-04 1.566852420550277295e-05 2.218844342272971774e-04 1.261333494949338141e-04 9.461946997800757108e-05
7.480527148162562350e-04 6.088014277412380059e-04 4.974828072544267617e-04 5.295554273174742869e-04 4.386782195098020082e-04 3.665201986238448640e-04 2.882796697924910651e-04 2.476685857270192288e-04 2.027131321730525409e-04 1.846537248095554283e-04 1.513263017854535547e-04 1.362587139072632164e-04 1.236904532348045895e-04 1.106344360844322214e-04 1.052328981224128369e-04 1.610291642571220431e-04 1.082612477690635388e-04 9.230639429615588611e-05 9.242049564314656863e-04 2.532420234470534205e-04 1.666028405054398396e-04 1.874938614532790232e-02 8.264897994450117304e-04 3.964611547190983326e-03 9.597995561851372292e-04
2.053932825210922838e-02 2.404677791632497952e-02 3.031004381882555776e-02 2.341000654760280741e-02 4.102318335017245479e-03 1.350215399466354622e-03 6.419914185364362621e-04 4.920369862021652368e-04 4.143585039278868654e-04 3.373165010204717948e-04 3.327981574744534338e-04 2.267491920633835556e-04 1.578059579692384518e-04 1.198176180180864493e-04 9.053372506824708301e-05 1.026115224420795719e-03 1.282524447598383109e-04 2.683083082930455383e-05 2.091931278414733161e-05 3.684459197934392355e-05 1.658039063105192323e-05 2.316095315694334202e-05 3.038072178139756302e-05 1.373652545881191276e-05 1.035226155329593140e-03
1.008446588702811321e-02 1.042710920897537037e-02 1.016226759066591462e-02 7.623857434951902996e-03 3.570328591247049800e-03 2.077596397840556202e-03 1.682557348691387719e-03 2.173405800885650982e-02 4.111059952161468661e-02 2.497880262331260946e-03 6.521318459696166456e-04 4.848310583903866762e-04 6.005924453061938818e-04 5.830670557199456316e-04 4.832734762867117229e-04 6.690927539740436098e-04 2.262658761101285531e-04 2.120969581924543059e-04 1.990416934570881193e-04 1.632456756490034905e-03 4.220278499505755818e-04 1.212365565523408672e-03 5.314889749590986229e-03 5.336963379523370320e-03 3.532643339303227249e-03
1.611214345317214455e-02 9.184428005279351298e-03 8.552705617815107089e-03 6.424228047192362574e-03 4.735518661320658150e-03 3.511958036609328770e-03 2.741911614448757153e-03 2.675126979931641627e-02 2.381570466285355334e-02 3.354188309720659844e-04 2.645864230638348097e-04 2.244645975409428169e-04 3.110323038508668709e-04 9.263097977432858694e-04 1.020489900941137307e-03 8.810878295026521295e-05 4.355747128348293185e-05 5.413099902198354537e-05 8.590710155358378226e-05 6.026210955557926782e-04 5.344031155842823654e-05 3.742192811598588661e-05 1.164066285151584533e-04 2.251139808079604136e-04 2.172901171551223223e-05
1.642761806198870037e-02 1.356514328477397870e-02 5.695723744642177538e-03 4.854935589665052356e-03 2.774409097187088055e-03 2.511896518822717868e-03 2.308737965339899278e-02 1.027014061096583747e-01 1.116527387818440960e-03 6.622091923867744548e-04 1.493205127051760225e-03 3.640898018018417213e-04 4.605973203958205870e-04 2.162955311254641407e-04 7.232804705095064921e-05 4.290212105417345705e-05 2.715055558023458487e-05 8.868617891681340986e-05 5.438756661591954798e-05 4.839672196874475105e-04 2.519230708440752691e-04 2.234220272081841071e-05 1.589523466819431656e-03 8.342622835450201483e-04 2.067386891148019631e-04
2.601310494415988786e-02 4.703105310465189454e-02 7.272389105849699775e-02 1.196421999421483015e-02 1.647317329982275758e-02 2.376205040040625383e-01 4.483894924146662742e-02 1.688147774834361254e-03 7.039127966031418545e-04 2.529449375648923012e-03 8.465586116363554630e-04 2.719453801761494583e-04 1.923245944597445044e-03 4.149194117585658587e-04 9.937733860204203684e-04 5.134819840401633586e-04 6.912521982435332714e-05 6.265599163596775943e-05 8.202628193538359603e-04 1.814577670490587853e-04 2.850814876632388551e-04 7.789700584127347228e-05 2.616029043036155444e-04 5.827429345389021275e-04 2.181673040223125470e-04
5.455837966467926847e-01 8.577027392463040800e-02 1.809049063724699896e-02 7.310610820273386046e-03 3.636767490822728766e-03 2.242212694829921402e-03 1.700262589604114140e-03 8.513233582816089919e-04 5.018177396737993120e-04 5.776390011391524830e-04 6.059236251924514849e-04 2.994227767215948454e-04 2.468003948420345920e-04 1.804702709705535159e-04 4.312191685511314321e-04 8.757979100597976122e-05 5.289054362778788330e-05 7.826998140020092521e-05 4.285276948181775743e-05 4.715213245850690283e-04 3.067770880288353812e-05 8.466587337822273330e-05 6.775231088154955389e-04 1.597135623674983580e-03 5.691699720165402940e-04
1.087615377779353742e-02 1.394471602925310798e-02 1.213095617068104225e-02 1.372832635481138243e-02 6.440767119369031173e-03 2.624650324182420565e-03 1.229777407873088209e-03 8.979272796983208977e-04 7.071323376216584597e-04 6.068656909886736665e-04 3.994747898971521671e-04 3.144176537558837875e-04 1.424676515477007153e-03 2.126144929427046886e-04 9.706215446027059658e-05 9.335296506686228219e-04 3.377350504228606343e-04 4.408519153251545634e-05 2.735555888017270599e-05 2.501373414590405138e-05 4.283510998597026931e-04 2.761559937640565402e-05 7.828842121617253025e-05 4.339169441113923200e-05 1.566883419404904504e-04
2.105722007841831847e-02 1.769902687409053918e-02 1.663622029304744412e-02 9.713012606121429124e-03 5.242319173408745321e-03 2.618324783519700074e-03 9.525871852017111369e-04 5.071788884753763342e-04 4.306151527419435198e-04 3.215696255867349319e-04 2.547548205341342302e-04 2.059987007188763576e-04 1.784981533180140167e-04 1.585378404231059892e-04 1.163147883740559094e-04 1.074115146120270287e-04 9.554773092058496046e-05 6.849122667193938900e-05 7.744147888213164150e-05 2.138909475542466552e-04 5.317335013906680243e-05 3.048126104850183617e-03 1.754172258542796787e-03 4.804867265792668249e-03 3.106878968872762818e-03
5.162572558812074559e-03 3.403202841592397037e-03 2.751411067751580869e-03 1.612705087430726806e-03 1.409458641755478555e-03 1.361357527527149022e-03 1.387501121373670631e-03 1.994774373216645028e-03 1.910040164187166468e-03 4.074757576578132146e-02 3.311728937853770666e-03 4.294681446993135819e-04 6.026043167974854536e-04 4.867461170062746556e-04 8.780563738038005999e-05 5.180441526242211250e-05 3.005056821467094836e-05 2.001367226962535046e-05 1.734657435300031986e-05 1.991562895184942163e-05 2.167398066344657375e-05 2.049535582975459716e-05 6.771490549406391710e-03 1.748257025184001608e-03 1.724356316148212612e-04
5.895013859053028528e-03 4.772219481698959653e-03 2.920936383627913569e-03 5.625307430933171489e-03 1.062664043724000085e-02 1.408197982693603278e-03 7.193214648647637413e-04 6.840267176201949434e-04 3.888513900741304586e-03 2.918837329561121963e-03 3.671390932061817012e-04 6.490026112055442701e-04 1.063683436968957058e-03 1.558371138902115848e-04 6.503822682474771498e-05 4.480211243986758615e-05 3.300634811402838924e-05 3.190306547885807644e-05 3.143516986232548543e-05 4.473104411467560318e-04 3.751293013709051526e-04 1.759596943336644303e-04 1.962400217652196174e-03 3.206399325280754475e-05 6.596635213811011646e-04
6.291988656195853825e-03 5.073390545271023316e-03 2.656041224076794056e-03 2.230841534331450948e-03 1.847988622020094347e-03 1.621688510782214043e-02 1.332016321620512964e-02 1.931589309217035273e-03 6.172665093657779588e-04 4.240385807644240818e-04 3.338491987379450950e-04 6.474185854310153792e-04 2.052853783792679687e-02 2.880470470124728418e-04 3.449602392671367065e-04 4.683550529348626539e-04 7.408585177140431042e-05 3.500128272573644402e-05 2.142516505686361454e-04 2.440421301801667687e-05 6.920436593182082525e-05 5.299184513698483080e-05 2.240088553577820950e-04 2.929606965188446491e-04 1.369391122251652345e-04
7.837900009042631302e-03 6.542480797708009714e-03 7.898325626096861299e-03 7.039102159867144035e-03 7.073663008678754763e-03 4.912259684761857009e-03 1.984120750658965177e-02 3.241346949510782310e-02 1.397171454272019961e-03 1.760962200671631252e-03 1.935087691609282696e-03 3.167438310989979171e-04 2.485707107648339113e-04 3.726303285101578125e-04 9.730191233136965367e-05 6.087405197989714600e-05 1.693470939853170096e-04 2.230155814710774425e-04 1.575827403109835193e-04 5.630273199189261368e-05 4.845498061196291907e-04 1.916770906514570793e-05 3.151837927424589380e-04 3.528686322566467089e-03 2.270306412891074152e-05
1.130041961534920640e-02 7.507952336590087428e-03 3.439496740468643652e-03 2.734838933161680159e-03 1.451124485829672099e-03 1.569996440517655275e-03 8.919576639528481845e-04 1.179310153835403437e-03 4.262685338601715675e-03 9.894639419473695574e-02 1.590723817432822436e-03 3.234506521418396363e-04 1.929571649675355385e-04 1.335001251241283902e-04 9.096976634385170154e-05 1.226148828941142925e-04 1.109009352196011823e-04 3.365441224423089861e-04 1.798963420553748558e-04 3.381336725217084713e-04 2.092361479382625995e-05 1.640627089152686669e-05 1.723996445489663109e-04 5.155291630175296274e-05 6.946360399651947497e-05
1.081066805253612026e-02 7.204026576585143872e-03 2.695540661825441848e-03 1.418542573557911518e-03 1.192388751571180896e-03 5.928932641916622977e-04 5.573964435713076558e-04 4.549907058741824075e-04 5.144891272496498634e-04 6.059165156471946114e-04 4.794662517311251552e-04 2.746689021985732754e-04 1.793982347573519238e-04 1.269047100016183196e-04 9.305242275639822355e-05 7.116953932297986668e-05 8.180157985238122390e-05 8.653694274779555958e-05 1.054763214328216427e-03 1.242773734535543523e-04 2.180900541073049748e-04 1.554966772119885246e-03 1.372574793813230313e-03 4.640226864959449667e-04 8.684846625451166091e-03
5.946745854845569140e-03 3.066533003845978850e-03 1.868310007681805475e-03 7.386902672472750540e-04 7.721315180418044516e-04 6.641021737292088266e-04 1.155566661272386907e-03 3.588012165635204136e-03 1.311201433499970198e-03 7.489425857053112366e-04 3.879885921485649956e-03 5.214745112269875485e-03 2.708755551894208692e-04 1.901262187951919679e-04 1.148203476029052423e-04 8.001218868850941651e-05 5.159172418051835563e-05 5.079772046680660426e-05 8.777054999545699581e-05 5.139855361593407591e-03 1.043344705013737363e-03 6.408864503799809932e-05 1.894239713328476141e-02 1.462015915452083816e-03 1.132806030451302296e-04
1.206895257324324192e-02 8.721177828807848836e-03 4.582685237562006061e-03 2.432908324202672206e-03 1.798374428620271156e-03 1.490239724976557927e-03 2.314458036109633653e-03 2.000632151257614524e-03 2.735676781265969273e-03 6.358726881656209286e-03 1.008441764594034899e-03 2.506872125491988162e-04 1.733995719717085736e-04 1.262552784559185912e-04 9.158871146626738815e-05 6.545503080933650286e-05 4.077100134678939258e-05 2.872272459364955404e-05 4.223492630178884251e-05 2.396062722133334918e-02 5.118346300359739864e-03 2.260118915542245728e-04 4.172203123461701128e-03 4.878580151492300024e-03 2.837622798974716396e-04
1.485207673209742313e-02 2.039289076731351513e-02 1.693824755104363436e-02 1.342046771420487249e-02 1.113104213521672048e-02 1.179370659328956954e-02 1.061992958511158436e-02 3.783509541210613222e-03 4.091139373455147487e-04 2.525284173104237577e-04 2.056947398480544564e-04 1.527609312809981128e-04 1.180341227101081356e-04 1.016752618577312770e-04 2.961948047024122390e-04 6.937595160939244692e-05 5.133282623933667615e-05 3.413161482320220579e-05 3.801922366648176886e-05 2.525947541054718889e-04 3.088492409569572783e-05 1.885982954939100542e-05 2.554518746375085888e-05 1.763907263327831000e-03 4.582606781499029037e-03
3.448060194053694655e-02 2.973172636072198005e-02 1.967361771178935750e-02 6.271459866711116132e-03 1.599618210874061836e-03 7.630679542033082501e-04 6.027452486932032005e-04 5.179355134914931076e-04 4.677994451561722031e-04 3.390012875543130049e-04 8.561881649578503535e-04 2.638166530833871708e-04 1.751994290175300120e-04 1.365403749325812017e-04 9.731687564687353396e-05 6.012671388351617795e-05 3.226057671390003057e-05 5.199036757482430600e-05 1.960684370359047331e-05 1.624112627319574268e-05 2.509718642852744861e-05 3.666797209529393253e-03 1.006535532414340694e-04 3.987439795172989369e-04 2.739144265510037131e-04
2.416930186672964012e-02 1.762457119123960261e-02 1.015298706756684148e-02 1.119989990258360435e-02 4.115352986285989584e-03 1.602734599242701006e-03 7.955431446667312950e-04 6.090287266841240728e-04 4.600314927635076379e-04 3.688169790516910109e-04 2.800410349282782306e-04 2.312655738688631037e-04 4.718888065273129859e-04 2.128929129294107321e-04 1.424939276373812628e-04 9.909223231893663658e-05 8.524680020246482688e-05 9.087464450121702782e-05 2.672643200577602641e-04 2.412264248498796962e-03 5.283469651565164075e-04 3.347259618851287921e-03 1.166723424111302355e-04 7.417912924854655997e-03 4.356921126357142515e-02
3.161255360731109881e-02 4.357164896695255030e-02 3.188589434382947674e-02 1.421270132375142443e-02 1.752936218129276177e-02 9.487091712158196577e-03 7.891532703060649776e-04 1.697476865161340418e-03 7.506799927362294575e-04 3.539068629129596974e-04 2.521134217274755766e-04 1.984134606381293513e-04 2.072704506141973360e-04 1.400648474105363201e-04 7.118813587708036302e-05 5.031894791633170663e-05 3.756377283252370432e-05 1.702860615867016073e-03 1.191306375431299081e-04 3.930312958007668272e-05 1.737401338545078544e-04 2.448825006149580479e-04 2.744625356594206848e-04 6.043588444269956672e-03 3.170243552290934880e-04
1.663542018887677679e-02 1.085317359314506326e-02 1.049772383576413719e-02 8.530531616164734737e-03 5.637772516449706880e-03 4.600639101780168612e-03 3.569901507601106003e-03 2.446117686187388850e-03 4.671179600906599089e-02 1.291687827569512614e-03 5.564336109170138663e-04 4.168367387702996197e-04 3.406610046379985593e-04 3.133481391472998792e-04 1.436497782502709289e-04 9.232663041181172515e-05 8.523435243010580079e-05 1.096226106022569471e-03 4.103388772130443264e-03 2.964752375249385570e-04 1.482672872253334377e-04 4.028986888385914229e-05 6.145451000613018063e-05 2.008887933991993294e-02 2.091689434911722884e-04
2.071801366361008048e-02 2.614174360778878312e-02 4.998063528729466132e-01 2.889302858794889212e-02 3.956639015198673559e-03 1.843996768852907645e-03 7.235379470013340213e-04 7.883395959122808808e-04 1.220428508920828620e-03 2.073482013786944432e-03 1.168146330483382095e-03 2.385578111926110214e-04 1.713241305126760939e-04 1.018135600535962547e-04 5.903642295622440794e-05 5.053173917775961779e-04 7.576690757774432795e-05 3.417156038289583686e-05 5.018617120634064597e-05 3.944274182689668352e-05 2.242494888016245634e-05 2.714815872300637545e-05 2.282982709492106202e-04 2.626263695567208531e-04 2.414709286187849261e-04
5.071238816942745704e-03 4.184436212898050463e-03 2.989114991735743188e-03 2.287366441150656682e-03 1.813493365026072959e-03 1.360947971664433964e-03 8.006034204847977970e-04 8.016922561332365900e-04 8.871542647003472773e-04 7.981138958910793469e-04 2.545915109083392650e-03 1.000862869745582345e-03 1.479192361316729353e-04 1.041472233102832331e-04 7.858610047301217607e-05 5.892717854299476735e-05 4.571930650432222171e-05 3.319827734359921391e-05 5.331428516388359354e-05 8.305371572222242061e-05 4.633234174727656352e-04 2.643927580662079960e-02 8.845757295899286943e-04 2.689331302161825608e-03 1.695634511872602310e-04
1.529546691885090050e-02 1.346389035054334007e-02 1.278130517680027729e-02 7.910948190930045323e-03 3.883135955569563813e-03 1.569241360177754240e-03 1.002295284766303255e-03 7.350713460409544729e-04 8.052507242574309144e-04 5.642357459470444302e-04 2.531898368147926623e-04 2.783589578671893006e-04 3.292676103028397360e-04 1.137583698476009406e-03 7.228126779985502646e-05 4.939546315366867367e-05 3.233674113593120743e-05 3.842013381675474346e-05 4.558889748102498105e-05 4.973252638866920250e-05 1.885475506990493596e-04 1.188206727403012418e-03 6.303393245273476025e-03 7.173176741127848836e-04 1.176419731145736972e-04
2.092151255956794728e-02 1.684718899758742838e-02 9.866547270988739946e-03 7.544506638451763982e-03 1.263496568182109238e-02 5.748164917789805317e-02 2.338082108939140702e-02 5.142453080764801919e-03 1.289349764909573362e-03 5.822867949483247251e-04 3.638002529061115870e-04 2.620794571788254731e-04 1.872940444864815959e-04 1.342195880369508217e-04 1.070218958538319171e-04 6.374937772514727814e-05 4.318894787725502626e-05 3.489470264117534046e-05 9.812978371919969410e-05 4.206056772786038078e-04 1.333872467004425634e-03 3.758361928366636814e-04 3.999489581004490890e-04 5.574671054730584224e-04 1.113833333423080486e-04
1.000043931290498476e-02 9.953931470381201935e-03 9.765427111536127691e-03 1.280558238311330782e-02 1.055138615756517732e-02 6.824632643793304872e-03 5.420009772192110539e-03 4.517290272689014619e-02 1.561603072578363408e-03 3.339613041573628394e-04 1.872033988056608480e-04 1.436610478761564684e-04 3.250740752205908898e-04 1.273906355142663755e-03 7.737640937172068467e-05 4.011182662041572189e-05 2.933518394784151648e-05 2.070201787468973426e-05 1.533944721494300559e-05 1.593003878343561181e-05 4.404674976251013864e-05 1.443685501053539329e-05 1.446505042768518831e-05 1.866056435203206423e-04 4.126767357508333636e-04
1.953122233599881297e-02 2.677681267953169186e-02 1.520915901029019912e-02 2.650306529663435870e-02 2.047219565976780495e-02 9.732284818417797842e-03 2.771927427183746434e-02 1.716425023322487309e-01 1.097625604681985549e-03 4.384191299583475821e-04 3.111819833022173203e-04 1.974940055331757954e-04 1.206466441656306503e-04 8.922139038764619219e-05 6.260940209385125335e-05 4.266815447196877756e-05 6.187501026805529132e-04 1.175383610012030775e-04 1.763379392524905514e-04 2.549627218180051976e-05 2.088712204184045839e-05 2.329818484448007758e-05 3.429193188905594675e-05 1.263235546297881203e-03 3.805134063640969611e-05
1.297805332564542190e-02 5.484867677496923187e-03 2.529318219882262589e-03 1.601442888437738321e-03 1.037409017389557446e-03 1.103357552134805230e-03 1.214919812603348394e-03 6.601182747067948662e-04 7.364776416978755305e-04 1.349169426380357993e-03 2.010443011216898543e-02 3.416783274997087227e-03 2.184300749399819891e-04 1.793939924892808048e-04 2.902400360133215967e-04 2.295009858555743896e-04 8.878629722295255586e-03 6.575736995324430942e-05 3.576783080593564257e-05 5.003845795642834451e-05 2.926333311909376931e-05 5.549423290075355443e-05 4.263825122403743124e-03 4.337378653884666678e-05 2.895507148456474291e-04
1.759479024417702139e-02 1.359138627113421795e-02 1.151435074967815941e-02 8.927603842052583144e-03 9.826842318690598779e-03 3.867311647089280175e-03 2.869927159859643299e-03 9.766053124378008560e-04 5.676606434486144818e-04 5.347098533246108076e-04 3.983473166830191767e-04 2.786766116317732772e-04 1.964875906707828652e-04 1.317752287663417714e-04 8.540816321060542367e-05 5.113062509892083395e-05 3.570618880783129440e-05 2.687172868234488578e-05 2.569844694725968636e-05 1.715844044865828886e-04 2.972941137126205609e-05 1.936803341721399471e-05 1.691574449077758632e-05 7.638116312579686226e-04 3.297328800877767510e-04
1.637437387776343248e-02 1.425483312009634754e-02 1.126310351585192195e-02 9.931932428876551547e-03 5.285392431947793374e-03 9.958757714418563743e-04 6.957351649401558860e-04 1.930459639773556436e-03 1.380019828310020307e-03 7.919520425615254400e-04 7.931057225503754379e-04 1.534164800661686227e-03 2.947412446682330504e-04 8.172669438594852304e-04 8.002485172529447263e-04 2.028028078930081896e-04 1.315050313184306188e-04 9.762147382169573864e-05 8.150302997090396037e-04 1.311675502334801180e-02 2.803654818288310959e-04 3.845263087372154023e-03 7.320026873735464498e-03 9.078725024646470086e-05 1.489581177917716226e-04
9.008885613509463181e-03 9.850512653081202469e-03 1.203182418796682612e-02 9.131258225593328476e-03 1.710437589588208185e-02 7.763071391944101167e-03 2.473515059763004790e-03 1.035603016515291913e-03 8.527767536429451106e-04 5.191037444219219260e-04 5.584193214349857191e-04 6.386970393794664039e-04 3.270492081947114628e-04 3.444207769367689477e-04 1.091269394668139251e-04 7.549306838537498971e-05 5.755445452539859953e-05 1.032326204928595302e-04 6.393388043338312659e-05 2.852609603279678799e-04 7.703653268299191434e-03 5.285420146673348472e-04 4.319036301049890476e-04 3.431805268577582712e-04 8.289643892613319381e-03
8.330783349430385260e-03 6.918628671759661369e-03 3.875054726302788483e-03 3.206610274712808854e-03 2.247050448671995392e-03 1.346622084642802543e-03 1.519565384466193322e-03 1.271342923194260796e-03 9.650800355781036103e-04 1.330149106351802453e-02 4.562680241453299034e-04 2.440325795157248880e-04 1.739608098334422708e-04 2.205563668773699354e-04 3.862761167269112444e-04 2.861341870503281972e-04 3.217869933711400507e-05 2.126479735487050638e-05 2.555824235568885373e-05 4.332229311777376264e-05 3.543326880940741324e-04 2.790032424902181164e-05 1.156796938493593407e-05 1.221905800857569840e-04 1.082131938913740414e-04
3.009433723440060535e-02 3.002296397986696161e-02 1.733873955343964365e-02 1.292316442393426704e-02 5.762964442923197012e-03 2.594112440678947740e-03 1.030956744024771237e-03 4.615158264349858365e-04 3.564510223727669212e-04 2.767370419961874420e-04 2.592964043806556484e-04 2.052763733136879910e-04 1.514407843754120883e-04 1.099410802588389458e-04 7.914857756086403850e-05 5.544334658680054366e-05 4.362375143462838710e-05 4.755744111258389771e-05 1.122944519909876981e-02 3.807531753543696068e-05 3.554629586143961614e-04 4.210629655959863488e-05 1.322887975013522371e-02 4.557145996631922248e-03 1.945911438681333159e-04
1.440395205674670775e-01 3.076914361364434941e-02 2.015223210628760628e-02 1.616898002636724813e-02 8.944427178066920170e-03 4.191612484994063081e-03 1.233752235048444883e-02 1.124996661508357969e-02 3.152896250864656389e-03 7.226902719441628343e-04 1.095727164695946450e-03 6.263564979674543856e-04 6.240830778912029222e-04 1.661076052556155925e-04 7.571557771442598305e-05 4.597567603876164590e-05 1.821138412222740458e-04 2.949206059783809948e-05 2.927261975711660134e-04 2.606535403535745272e-05 1.054226173834869255e-04 1.452924522925449059e-04 1.756007429175794100e-04 1.009734229459358800e-04 1.852302503639543271e-04
1.691027697835576979e-02 7.775102506523168776e-03 2.129997978445380934e-03 2.850740968704021123e-03 2.885398779396933667e-03 3.199457496163242171e-03 1.266907509667964359e-03 1.605803986977574370e-03 4.023886632698103934e-03 8.421020265028501079e-04 3.541521372343638943e-04 2.524142568050387813e-04 2.280110533541076135e-04 2.620550425402005533e-04 1.219416318075835359e-04 6.690313159435999483e-05 4.293658235451318762e-05 3.451676682896635275e-05 3.524309319386989938e-05 5.566351097446477220e-05 6.419750415068418981e-03 9.936114783693392963e-04 2.194012714448154188e-04 1.063823660995119244e-04 2.107132108318804777e-04
3.344772784088535789e-02 3.315579754094480358e-02 1.863286796497318556e-02 1.003701705973867458e-02 4.310150814258408535e-03 2.517403854485583507e-03 2.110586904272969671e-03 1.138892779139158212e-03 1.175166795613366479e-03 6.534409699160203394e-03 1.731437424734490584e-03 4.030673433670514672e-03 1.352922349706911758e-03 1.735382046322820303e-04 1.164724059872885659e-04 2.740810869573472031e-03 7.149246528830370767e-05 3.448404569767171804e-05 4.482747387490354670e-05 5.589933975829365501e-04 1.118411406336675606e-03 2.360558862984051855e-03 4.219670833919267398e-05 2.021187026327890402e-05 2.404189859619001378e-05
1.133954512202052685e-02 4.732441212081966130e-03 2.065310985071634828e-03 1.409959523118953229e-03 1.009788101550055653e-03 7.976616571593354854e-04 5.606972925543423801e-04 4.784726517839728451e-04 3.820351636968246202e-04 3.327620278294696416e-04 2.865477612892322894e-04 3.220557216583389004e-04 2.321800174528011024e-04 1.371740923526889168e-04 9.829254135619880123e-05 6.635150043482913049e-05 4.405742038301393721e-05 2.961424166470382052e-05 1.128447825754487987e-04 6.457542818349962157e-04 1.700319942628987027e-05 7.378685001994668381e-05 1.392646350697945125e-05 8.192197837638465934e-05 5.253906003940332463e-04
5.778858216265534559e-03 4.283716923754866783e-03 3.136020190660649808e-03 1.943582614334329840e-03 1.175315181167051323e-03 1.424357111829760740e-03 1.027129176113136767e-03 6.441811355357259438e-04 4.647113871631724288e-04 5.134837232425127707e-04 3.669899160394624027e-04 2.491186526764933048e-04 2.714610727100857067e-03 8.739121467327699410e-04 1.193219245290017005e-04 8.149805750832438090e-05 8.142902983694801219e-05 2.496697843288746862e-04 1.286434440609907591e-04 2.577732827725870977e-05 2.616589134670073923e-04 7.135421694113499994e-05 1.109822319560062033e-05 1.891183504170740410e-05 5.173371988410208891e-04
2.257270740037155624e-02 1.418982128409439041e-02 1.027464881946093568e-02 9.308549817269858723e-03 8.539983403421325114e-03 3.175346023860850693e-03 1.365995804129401577e-03 6.600716261685406596e-04 8.640523718817160956e-04 1.070129994476890986e-03 3.124476743118637448e-02 2.373185651489098224e-03 2.360135164516289990e-04 9.988689145671546255e-04 1.524766634499445000e-04 8.048209390906950543e-05 6.720933288010033689e-04 9.006611338235020862e-05 1.455160859702610688e-04 7.534942919044323268e-04 1.078244755991646965e-02 2.283319332933867260e-05 2.262316402901512583e-05 9.962433214960523099e-05 1.352057515124152577e-03
2.680403100239620029e-02 2.188515198202602846e-02 8.936749741839842068e-03 1.703009270256838729e-03 9.452681980898205646e-04 8.866606714959991567e-04 6.826206073975440384e-04 5.932858052572686711e-04 5.075070885126831089e-04 4.169032134463826283e-04 3.096702533898007407e-04 2.267922232029656517e-04 1.992743486927984749e-04 8.473552280918307360e-04 1.032232322016253702e-04 7.437887565263335502e-04 3.919176664391933631e-04 3.540624801453288773e-05 2.655045570617698520e-05 2.853321490436509883e-05 9.683144120578841103e-05 4.909523986249800416e-04 1.833196831144563157e-04 1.831360320931876211e-04 2.179095699306031627e-04
1.367438135501240250e-02 1.491504558106600958e-02 1.545196948462617716e-02 1.005989557803302174e-02 4.478848601283098516e-03 2.451608214242021778e-03 1.248826550098189629e-03 5.092660179088214249e-04 8.945766484796178857e-04 9.136365815305691473e-03 4.840888393908168892e-03 1.115016382613109739e-03 1.453092504167677670e-04 2.262060525203330895e-04 9.666136116669571388e-05 4.606388845657417028e-04 6.257755827851724066e-05 3.590249314653089067e-05 3.216367600889510707e-04 4.050737160627089132e-05 8.664191517224676786e-05 3.935627537113255402e-05 4.544345854683696194e-04 2.537989565053707427e-04 2.747865941278471343e-03
4.665352463633322053e-03 1.810023064801111756e-03 1.700985025140111691e-03 1.548241498923515896e-03 1.117317303237968205e-03 1.560741348743362568e-03 1.299730595370087458e-03 1.800894591193838608e-03 1.516761659473132070e-03 1.459262684066905784e-03 5.805054724323650784e-04 3.470388157645429186e-04 2.417714241207357371e-04 2.890352167706479675e-04 1.388575965694055449e-04 1.169449675255372916e-04 8.018040340563026551e-05 2.373185599460493601e-04 3.244492798761220982e-04 7.282731246128384245e-05 2.487752079234757403e-03 1.068774673130308420e-04 6.235564212362530636e-04 7.420129167608624380e-04 1.153666246434932542e-04
7.078450087239142145e-03 7.666461932277750073e-03 4.704320961838424561e-03 4.888279058782817738e-03 2.060929752119451761e-03 7.461299866039556488e-04 5.966252357087590847e-04 9.940790317905672836e-04 4.662724307130660349e-03 1.293498857423418203e-03 6.075508524873081710e-04 6.767819862448789473e-04 1.370938368552078977e-03 2.868496719637707499e-04 1.167302325179403965e-04 6.945365988714236624e-05 5.371467476832138006e-04 2.274467486474127977e-04 4.933871790300269799e-05 6.678836007744941468e-04 3.342720714245820562e-05 2.910002598420500429e-05 3.537369250373221619e-05 1.734324386794094345e-03 1.522933830859001198e-04
1.920547036315018233e-02 1.144489543966667466e-02 1.024218069364448910e-02 9.404433865174439272e-03 1.031444870198972887e-02 4.695903124927860994e-03 2.681855069127997513e-03 9.549049665551384613e-04 5.418217268828955102e-04 4.297414390103637921e-04 3.211974044042808498e-04 2.886680006778723716e-04 2.584583153139391682e-04 1.117928621710443591e-04 8.295850812527011885e-05 6.069541113231979233e-05 1.200817058503539326e-03 1.037698945125386954e-04 7.295628747343104359e-05 5.437587671130037956e-05 2.969107763068745795e-04 3.667942881058080623e-05 5.618487260431523757e-05 4.041198205871552457e-02 1.257519289205281769e-02
6.254763984882254733e-03 5.963018707546777729e-03 2.177770176445302259e-03 1.017481787577522931e-03 9.040717025010211114e-04 5.960903792348085616e-04 8.128064016841842973e-04 1.227952188514405511e-03 9.207517165173201203e-04 4.586864268340595037e-04 3.045383391392025374e-04 4.812332437298460575e-04 1.923247495216376043e-03 2.030887789953362589e-04 1.214023890716629090e-04 7.507779182820841597e-05 4.745506257176280627e-05 1.566168639402806633e-04 1.755942062289251584e-04 3.880553375506335328e-05 3.254742332931669514e-05 4.361314428418416769e-04 7.119183255338329321e-05 1.299140622019714821e-04 3.773733089411990325e-04
4.750422652896002518e-02 2.361180601464008336e-02 1.417022202774533002e-02 1.100558230360605162e-02 4.025900354994392180e-03 2.357115691197159309e-03 1.622867908128513637e-03 7.667016272812861083e-04 5.220821666109218837e-04 2.783998841542089145e-04 2.080244674532067978e-04 1.743446483850406143e-04 1.441162884234750046e-04 9.932969490837316472e-05 7.116405056898960008e-05 5.563396840014174776e-05 1.849858681223945866e-04 1.035458264106081167e-04 4.006332029385263735e-05 2.007911255340419192e-03 3.070938808719716464e-04 2.649786177058238517e-05 2.187238697936163086e-05 1.139993911790428052e-03 3.474944890702238304e-05
7.084978287328626625e-03 5.222917492470836344e-03 6.691256112317141291e-03 4.409417471111220892e-03 3.809018243690615382e-03 3.379627590931085813e-03 1.895019258634111697e-03 1.816672091166550299e-03 9.754046444233762346e-04 7.615749554973743609e-04 5.927300367874738631e-04 1.253663025743730411e-02 3.931306807265344387e-04 1.307890744879497142e-04 1.134485658326270794e-04 8.311734434885854742e-05 1.013711295816242417e-04 5.356456632648231219e-04 8.224571873990999167e-05 8.195891466284726992e-05 6.916627731436307742e-05 6.186002813680866082e-03 1.027444697227963892e-04 1.882304463118330098e-04 2.206992425114465400e-03
2.022482524779334670e-02 1.356034729687913276e-02 1.295495540764952762e-02 9.766289343179917690e-03 3.479345376711553885e-03 1.123979753956971502e-03 6.566106817289079885e-04 5.182802266977057240e-04 3.815829060321426964e-04 3.659079270366897142e-04 6.647155886052598774e-04 5.385872982937867093e-02 6.792498333149958253e-04 1.889388830287870124e-04 1.210350519588933196e-04 9.233050271204948389e-05 5.126695196811562830e-04 5.161398439511259836e-04 4.330875185488846811e-04 1.035490477743480214e-03 4.269433410598309797e-04 6.700385089086510033e-05 3.367422483959647220e-03 2.050038453305381959e-04 1.587641064077410032e-04
1.243979978832252149e-02 8.664563553423187611e-03 4.780759929903294000e-03 2.467579363956438031e-03 1.513540883919276599e-03 1.091285182793451597e-03 1.102217797792811368e-03 1.728570200443290891e-03 9.086601691461111165e-04 1.340238154389653078e-03 8.951217311031654453e-04 4.841400337276923881e-04 5.341074820532770977e-04 3.366387799066873523e-04 1.363571028175961076e-04 1.479791339985118178e-04 3.325751534471716017e-05 1.962791937434895970e-05 1.713319749867276074e-05 2.500974078577329328e-05 2.304992209821819110e-05 1.231293981381130335e-04 1.708619403809899588e-05 3.139484085656990510e-04 9.822163895058463618e-04
7.380765859415473751e-03 4.464937734095200846e-03 5.571648979229956895e-03 3.273851309227601356e-03 3.167371004161137569e-03 4.007412416113257693e-03 6.022032372603555077e-04 6.465652669161323042e-04 3.845798806813736578e-04 3.510796719379674158e-04 7.051199372392056609e-04 3.896176971802241761e-04 2.058722739612397178e-04 1.454982457875303383e-04 1.079750048332030199e-04 8.077660217572287405e-05 5.935179509794280203e-05 6.222879649946106003e-05 3.389439088633711432e-04 2.813761222611309721e-04 2.438742624637374196e-03 1.651613032142337095e-03 4.688021715014513207e-04 4.094167039656399160e-04 1.497447219847847580e-02
1.895174352990749642e-02 8.146693615854965972e-03 6.555439939594852154e-03 4.322912144205829504e-03 4.053196362888203223e-03 2.444268939059943396e-03 5.491164702685960401e-03 6.694697588075322614e-02 7.953880690348013108e-03 7.082084007964285907e-04 3.467652635993793216e-04 9.933677955583654871e-04 5.537079595992193837e-04 2.318177521842357779e-03 6.733286357311455165e-04 1.206284212487840623e-04 4.410819982902315270e-05 3.129539656986577692e-05 2.281422075176786377e-05 2.060745692210681410e-05 7.784280793618517612e-05 2.165498737718726460e-03 2.150746385756452915e-04 2.426463531191138875e-02 1.316994121640421682e-04
2.039279362784369998e-02 1.680194456673337819e-02 1.025228697270533229e-02 1.105488948667663826e-02 1.129208084507006028e-02 6.493185851227319810e-03 2.423977379837181576e-03 1.218017150682257311e-03 5.600924936718892737e-04 5.250767459791925605e-04 1.459401960251412817e-03 3.151263456750277858e-03 5.457328658921042734e-04 2.742658028729150601e-04 1.479365994997729184e-04 9.132206120381922501e-05 1.103433857497055991e-04 1.706567444652602045e-04 2.561511632582064068e-05 2.749373021609178894e-05 4.827494458993852004e-05 2.530625170776968667e-05 3.997593771977706094e-05 4.741844675908609812e-05 3.158699262315835450e-04
1.110258913402655152e-02 1.071591762616450755e-02 7.861802631629609059e-03 6.007346093065079294e-03 4.169882386760168785e-03 2.322762194771559909e-03 1.234809626111382916e-03 6.062396866412492376e-04 4.690041103448018968e-04 3.644604122518056537e-04 2.839136946112434732e-04 2.278321002121390393e-04 1.588546598689348781e-04 1.162279892755608131e-04 8.897426779694510670e-05 6.305868169088541301e-05 3.890348082868311323e-05 2.555187890385209176e-05 5.774881407366710398e-04 1.544884960409070960e-04 1.625811235560875286e-04 2.085654088638727574e-05 2.420996817389101032e-04 4.245820982155275027e-05 9.717870532497902090e-04
1.456459895980883115e-02 8.561693612346297361e-03 4.466830475557433469e-03 3.463373507279008789e-03 2.318459869834429889e-03 3.024521940757939498e-03 3.638715543013413146e-03 2.690585891709425595e-02 3.146301789740030969e-02 2.096194814664055842e-03 9.187323369890310933e-04 8.908893587908278460e-04 2.670869807769346398e-04 4.887801420626540320e-04 1.829149193974169267e-04 9.456832752133483456e-05 7.248328553087677825e-05 5.325403840725846156e-05 1.114583993746961989e-04 7.073634904780086007e-04 2.111542934327173787e-04 1.521638439645190658e-04 1.202779314930635239e-04 4.863012439014137867e-04 1.242506788883352895e-04
6.564069781147225530e-03 5.085016154458532264e-03 2.216660012623670843e-03 3.942408549506446966e-03 4.826037212337939801e-03 3.596699436936395995e-03 3.639808057859514508e-03 3.890368518783085885e-03 3.901002104633620546e-03 5.325359074322750423e-04 1.977692676623488827e-02 1.613032431707891144e-03 7.327638989663771323e-04 1.157897754148025024e-03 1.871774624583049274e-04 2.513377196198369958e-04 1.179034674729359571e-04 4.738766882421742985e-05 3.260528900372523152e-05 2.532102713927743864e-05 1.590223993796744425e-04 3.348553640026877515e-04 5.210920911564856980e-05 1.727708083784183367e-04 3.627219455965965066e-05
2.846777970324360085e-02 1.724902868488426694e-02 1.139307672837095754e-02 1.277252447626758824e-02 9.736894025674255534e-03 4.758423401255745984e-03 3.728712763896753490e-03 2.671739199831253773e-03 1.852099832771986416e-03 1.192905732303093996e-03 7.820972601277966256e-04 1.634466659942370717e-03 1.071270933992669264e-03 1.647849234750505931e-04 5.972725923628868609e-04 4.398542782675247931e-04 1.036233118823083030e-04 1.201271241294482399e-04 7.141081627469968423e-05 7.664514080311780431e-05 3.332996120248046508e-04 1.044839254743240749e-02 3.775393636014653422e-03 3.336574638260296206e-04 1.268765703776916613e-04
1.697759212106872764e-02 6.857396743297152972e-03 4.158806137071339656e-03 5.315571068753957226e-03 6.297017583155008029e-03 5.533388632440953102e-03 9.667892923205944830e-03 7.118040057581824509e-02 4.479884297369961937e-03 1.115482764581549654e-03 5.169092680091883765e-04 5.787519573896219693e-04 4.780597619723362182e-04 9.549109438591076016e-05 6.898051980374230623e-05 6.273197747592747632e-05 5.645994963863984223e-05 7.643100072530914979e-05 3.742455273657515784e-05 1.631204191120339746e-04 6.832467203246219551e-05 1.033129472736902637e-04 1.168069025418266328e-03 3.474002219587343793e-05 6.344115978918991004e-03
5.745779628229903332e-03 4.390582126238486323e-03 3.511406506182974344e-03 1.918055002411700721e-03 1.014782470731066420e-03 7.056392726147595268e-04 5.087311347434160828e-04 4.834698795012510588e-04 3.934083002828266920e-04 3.685120950079529326e-04 3.423157722065974851e-04 5.155617746046295630e-04 1.487901497122650143e-03 1.699635514426529057e-04 6.749732285598534880e-04 6.583143438090642118e-05 4.532510289280584497e-05 9.399276137793058242e-05 8.364186056581669705e-04 3.810912886297186750e-03 1.992477340401716890e-04 1.628972842256604320e-04 3.012340011071223110e-04 3.016833499308343275e-04 2.315739051696274033e-04
8.874811658360383382e-03 6.757144184836264000e-03 2.678957747538687675e-03 1.959679854775436391e-03 1.162148133256962106e-03 7.115132429337177279e-04 6.560071173462436256e-04 6.018289786248490160e-04 4.376802162099080202e-04 3.244156988249714043e-04 2.683259321752756396e-04 2.452890600661432915e-04 8.588432817593560573e-04 2.560553794319433713e-04 1.059454053337755935e-04 7.883909688975435277e-05 5.644711585321116970e-05 8.871342508230350651e-05 6.421380369277962128e-05 6.377075130164866848e-05 2.487018999049642187e-03 2.233081063692658231e-04 8.588160681601021348e-03 2.212744624056925055e-03 2.521314291932949536e-02
3.825426530638781353e-02 4.841110162930729877e-02 3.189711503337648579e-02 1.323090879657225910e-02 3.698289445790837321e-02 3.292585248272215069e-03 7.451048014194132678e-04 5.997864688625592850e-04 5.636661966387789295e-04 4.381751200904502913e-04 3.526517570147834823e-04 2.388450065891056253e-04 1.517081078789747877e-04 1.005334386504820615e-04 4.774736296373701967e-04 3.149569938426155969e-04 3.912789433858049435e-05 2.960407747197639790e-05 2.963723256092592488e-05 1.135513303575751013e-04 5.364736382970902977e-04 2.849447625498421601e-05 1.460219624002772048e-05 9.947007131429794029e-05 2.170728378447857928e-03
8.565613270650517322e-03 8.182341366256956280e-03 7.426621614585106335e-03 2.778382815162649001e-03 1.224853745093102157e-03 6.844619072029722818e-04 4.739777300899032935e-04 4.358342451474381176e-04 3.873426132400813746e-04 3.959635291476310839e-04 5.094499006062097601e-04 1.922199930498638134e-04 1.433731482238571225e-04 1.058930785927456985e-04 7.784035735218323147e-05 6.143616392317088068e-04 5.412366319293493905e-05 3.857878488692666788e-05 3.903738801269404283e-05 2.251645070410174837e-05 2.595038119928250821e-05 7.924390439782056327e-05 5.406645874780484666e-04 3.808953045846449453e-05 2.291187823839165483e-04
8.899440314344029754e-03 5.249976425083090203e-03 4.148777995519606181e-03 4.475545453420616202e-03 1.450850943088402567e-03 1.242894670204108386e-03 7.972165159425758860e-04 7.530047080295548421e-04 5.899444205459029129e-04 4.755959811039652571e-04 3.628343597704170465e-04 3.200377455746921122e-04 3.598793077143379662e-04 2.378180970552430933e-04 2.571866455511236929e-04 2.682784227683420310e-04 7.466111871198334062e-05 9.428859390283155233e-05 7.490578936784806317e-04 6.360983662101528944e-04 1.170528848526201059e-02 6.018952184226771581e-04 9.268615878740314252e-04 3.607963719519342383e-04 3.025402983839594679e-05
6.346648066239096546e-03 3.828822341847705046e-03 2.466096459491709091e-03 1.386370497588366611e-03 1.045948232306401649e-03 7.067678751960685757e-04 5.794919854626621146e-04 5.071513158840020713e-04 4.314005605058922658e-04 3.228567129210749851e-04 2.810955135070046366e-04 1.700386438404455445e-04 1.497682883936153782e-04 1.275417666666553494e-04 1.008295667237853383e-04 7.666587805113199135e-05 5.685839992679614412e-05 4.039690318975977572e-05 3.151479258879342170e-05 6.270614901938764219e-05 8.040119515332502451e-03 5.656254083808170572e-04 8.498713848036083384e-04 3.624285002343606414e-04 1.515281179203292121e-05
1.056469397182061183e-02 7.469149289064776903e-03 5.235236350381334940e-03 2.058574290848075739e-03 1.606574574181854126e-03 2.459216896829011408e-03 1.634250342387901737e-03 1.961883624900059853e-03 1.477037691731203405e-03 7.435173609639242950e-04 4.865927472341350746e-04 2.722011651350625437e-04 1.914450457903616495e-04 1.532970520299756982e-04 1.230058497972498000e-04 1.175092739382863641e-04 1.957527201293158170e-04 2.069014172836271975e-04 3.263081875779829657e-04 1.124978507791930685e-03 1.580002103570577084e-03 3.775430690086224793e-04 3.240344976960414080e-03 3.130045288060922582e-04 2.507599783731359437e-03
3.122755526686482683e-03 1.746758517769983953e-03 1.193400719716616008e-03 1.055050342489575414e-03 1.147113362136442313e-03 1.199698573137937844e-03 6.904533535875012357e-04 1.491806606252626477e-03 3.301643748349521179e-03 2.085912035242805298e-03 7.371987853808440599e-03 1.189532108866488552e-01 3.737884956519525932e-04 1.364325599441901715e-03 1.512813924909079560e-04 9.958393044442457643e-05 9.908000538591432336e-05 1.762215968299699997e-04 4.722655615769680526e-05 2.013556067169788074e-04 3.971001601806892857e-05 1.672302172528959945e-03 8.054181023229269520e-04 4.541538326717522414e-04 3.536495798006850880e-03
8.086857757539485381e-03 7.672911968827742998e-03 5.035872329408024560e-03 5.439469773778666736e-03 4.834518293489195942e-03 3.232779502039716518e-03 2.590615978532489084e-03 3.015566370567138946e-03 2.542049922035261728e-03 1.094668579571844973e-03 8.269003702282800086e-03 5.194360061749966765e-04 2.505869049065266260e-04 1.536397590595355608e-04 4.003287943879779037e-04 1.083768686381934724e-03 1.264708047547630351e-03 1.037143454332318675e-04 3.714383441977434444e-05 5.930770414543260833e-05 6.826151756286377411e-04 7.765405175026168652e-04 1.142093449732241306e-03 1.651736898648153507e-04 4.035322283800411679e-05
6.139427094253230993e-02 1.541658503808176865e-02 9.375323292240703502e-03 6.330212754353261272e-03 3.506508919893775930e-03 2.786873078850205486e-03 3.319820614596431709e-03 2.932530901157810732e-03 2.007266937714643519e-03 1.174393408187336934e-03 8.346089087795972861e-04 7.149858679158209310e-04 7.620162857619015720e-04 3.893140580150433240e-04 1.622556923428090166e-04 1.958050417466628077e-04 8.214927960117245813e-05 3.348463024493246850e-05 2.224994509977032861e-05 2.021743766033805466e-05 2.791618817962953104e-05 4.422957343960914450e-05 7.197678782487603193e-05 1.972706991045974819e-05 1.042158680976123532e-04
5.501994908711136355e-03 3.484608880047274787e-03 4.208818652321585224e-03 2.600043652552385190e-03 1.674482308263659314e-03 2.123519450570255512e-03 1.661082934867505814e-03 1.356878341013695527e-03 1.314106645777008255e-03 1.746856529703622735e-03 1.708631912888377777e-02 4.826156259882708084e-04 1.973448591544177616e-04 1.604228953299663787e-04 1.309660481421763003e-04 2.079670471326565656e-04 1.236993354420160517e-04 6.231334457754703548e-05 6.768469140219744175e-05 2.774763979914576860e-04 5.324982457752435372e-04 2.520217632147474284e-04 2.580111963723003042e-04 2.875564099099491466e-04 2.585340480372494052e-04
1.461794853425315080e-02 2.325141758119921714e-02 2.395814870946627248e-02 2.187288335280314355e-02 1.097177924951199014e-02 5.041770596014476594e-03 2.701090603732574525e-03 2.201485376588610543e-03 2.190617284960773032e-03 8.150849931330572283e-04 6.231346071370127710e-04 2.833020301200760084e-04 1.691782288090779387e-04 1.274572768351783802e-04 1.053288818177634139e-04 1.469234644773239284e-04 7.116783768397159113e-05 1.231809472329213823e-04 1.775052381217006637e-04 1.500140957241260446e-04 2.856574206984651454e-05 4.348850207648945372e-03 2.004191282499051281e-03 3.615962488792645807e-04 4.685283455760512385e-04
1.288882421623665890e-02 5.798315464899919842e-03 3.848997461359303460e-03 4.757629474688652299e-03 4.461586526190302292e-03 8.057289517309006860e-03 4.343280284247476829e-03 2.043282686567900620e-03 1.404434766169612324e-03 1.504486048977722026e-03 1.817701959882138093e-03 4.196586048482400105e-02 1.941096005152246262e-03 2.575295577138031391e-04 1.246564421400525233e-04 9.055143690609979395e-05 9.909073193966473592e-05 3.513065201558403434e-04 3.954763988577854561e-05 1.861983976031773331e-05 1.661348066257566794e-05 5.993676446806259363e-05 1.311891795487086887e-05 2.119437924791757607e-05 1.194639416580379233e-05
9.433417385450738532e-03 8.803166535932008263e-03 5.871423491913642378e-03 3.667044227177292549e-03 1.688928132089394024e-03 1.979252873595007019e-03 8.396359849212432303e-04 7.181240611729224109e-04 7.712938713217877681e-04 3.691719837539975948e-04 4.555505239276277235e-04 4.261701371899069709e-04 1.746609473971777557e-04 1.277084370194699601e-04 9.335917516246597825e-05 2.978235586904010284e-04 5.984590514943209167e-05 4.081162781121178287e-05 2.699254518033882282e-05 5.513781634570656372e-04 6.833058104799107145e-05 2.940703359395264698e-05 2.012274664044814455e-04 1.371200987392099389e-04 9.962941846237532420e-05
3.269107580944790453e-02 3.939794526978369904e-02 1.949838209740543601e-02 2.222196869092301491e-02 1.485712604009874552e-02 1.259656831407948534e-02 3.224956505303048278e-03 7.681152208690736685e-04 5.168431750623986168e-04 3.716405092677003974e-04 2.871161502265269310e-04 2.349229319117195709e-04 5.705000014250621518e-04 8.131342972609130124e-04 8.089954826335420341e-05 1.329797163372158650e-04 4.158623107901412053e-04 1.093930237470170817e-03 6.438889909830381765e-03 5.335831412533112027e-05 2.544752532088009713e-05 7.434855381867002842e-05 3.854494360742605251e-04 4.761176723404899453e-04 7.408530198817317447e-02
1.164876910269335535e-02 4.716033514264189944e-03 2.639045041403300512e-03 1.597918649984382544e-03 1.056008063863021415e-03 6.369980582535236975e-04 4.363477533764148703e-04 4.233971521888450751e-04 3.418340841892997988e-04 3.098248977920737505e-04 3.084197650929251474e-04 2.514960456837349854e-04 1.848690485066264988e-04 1.286934541071256912e-04 1.031396642980464921e-04 2.451632978825513728e-04 7.823135178287667665e-05 4.718786375947511905e-05 4.707827423019959596e-05 7.291241076444225850e-05 2.247719507109490703e-03 2.850520324341472844e-01 1.204899143818685854e-03 2.995774209640627433e-04 4.968885741660772218e-04
6.878760448380926828e-04 2.028666165725755805e-04 3.169625824986739755e-04 2.283981114932930772e-04 3.959788989068483800e-04 5.222905120920579014e-04 3.609566053463872251e-04 3.837314867801797525e-04 3.700647487981505732e-04 3.111718248449365544e-04 1.343873533149620033e-04 1.427326299306706022e-04 1.197441712357792697e-04 1.233529372551458298e-04 1.219313682579277144e-04 2.888499846509352082e-04 9.122368844143746063e-05 7.925876751250760216e-05 4.193599166074702712e-04 5.732579732236518181e-04 8.352596338081808318e-05 3.710627944376510782e-03 4.012354768351317669e-04 5.987343891042190558e-03 5.262090368424173631e-03
5.384793116223361362e-03 3.287803137559887692e-03 1.756329012927597627e-03 1.059508268917909446e-03 8.828894305836094405e-04 7.548967757853253203e-04 9.356768690966105195e-04 1.150577274443478210e-03 1.482344810235348108e-02 1.799773275319165380e-02 1.248846618734055164e-03 3.947480439726887454e-03 8.564778922774349008e-04 2.098332255442809870e-04 1.101192962156348189e-04 6.296538678136552570e-05 4.663110587777358402e-05 4.616797275364921741e-05 2.012854683657808326e-04 1.822198860497724912e-04 5.697159128004820536e-05 2.286588002527321006e-04 1.273016178788720018e-04 7.675196500247447214e-03 1.326235953682607105e-03
3.497408668288185668e-02 2.436837657043907507e-02 1.205043443631706977e-02 9.003911459347079330e-03 6.741163241327631159e-03 4.276766469724400423e-03 2.239549084773269100e-03 6.765982405847991961e-04 3.706529694917465550e-04 3.311542201364319317e-04 2.691423098218967544e-04 1.902600223654003146e-04 1.483516035787911308e-04 1.135708874921082716e-04 7.965704016945366001e-05 5.294397706266827847e-05 4.240388186810143870e-05 3.285227737462462157e-05 5.257396383905984160e-04 2.425546627740406824e-05 2.227024758564507569e-05 5.922192580259752091e-04 3.449704677908215942e-05 5.151648897773016727e-04 4.829163506536158536e-03
1.011218900958109346e-02 8.347859417664919152e-03 5.302669200658473650e-03 2.967044839611558509e-03 2.846909935813327769e-03 2.585646602629224772e-03 1.060949544015454306e-02 3.567306467570138112e-02 1.456086700004528833e-03 6.805887020121588905e-04 4.456851807483157009e-04 3.359770674939782328e-04 1.485778973541566255e-03 1.890986954249694661e-04 9.185291666923494453e-05 8.411012350555409725e-05 6.452017900742104055e-05 9.647346555779496159e-05 2.301257397806142323e-03 4.354497560228698209e-04 4.472583748059618671e-05 1.714602809275336381e-04 1.021447937096499683e-02 2.373911973743926453e-04 1.082560035040696896e-03
2.312315160567743246e-03 4.963554491540031997e-03 3.675313291933046244e-03 3.059901467940393319e-03 2.068843450969522473e-03 6.986945859406926964e-04 2.413262882612163967e-04 1.488823153769194602e-04 1.510304788117372706e-04 1.039332356147385986e-04 1.523359799671198463e-04 1.247054653224668032e-04 7.752645492336390201e-05 7.206727269417495269e-05 9.505024821022111400e-05 1.462737107931604550e-04 7.633101523715456736e-05 4.729779558143875121e-04 9.811005138069389935e-04 1.574369011045962969e-04 8.305108992364992893e-02 3.749154644416857751e-03 6.370005947055557222e-05 2.130771991986471264e-04 1.374350630083732636e-02
1.316730430995866931e-02 7.425129056190345710e-03 4.160622633487721586e-03 2.633987098647808632e-03 1.178696655328841667e-03 1.045729383612222516e-03 8.334370597097640661e-04 7.414345691551446887e-04 6.510252440292052176e-04 1.586133466722312044e-03 2.125132771965993362e-03 2.831102184259441526e-04 1.804854506732254406e-04 1.369444048603002688e-04 9.801226363377005691e-05 7.074160129393974828e-05 5.688944085559566490e-05 4.031065549693996989e-05 1.697972977657331731e-04 1.765311394132535946e-03 2.222620232703860054e-04 2.083422684274952431e-04 2.789352465518792502e-03 1.148830488655252374e-04 4.409197870524866176e-05
1.125269790477259092e-02 4.577739434125489837e-03 2.379660172304448942e-03 2.400650479436201076e-03 1.771036940688991467e-03 2.266984916373900039e-03 2.197616418682392467e-03 3.241516719734193527e-03 1.537922041804317113e-03 6.192371657111361317e-04 3.316163083035554571e-03 1.713013250912173409e-03 4.731014078485386559e-04 3.013847570500307097e-04 1.950277265658401950e-04 2.069279642036853789e-04 4.787282110495379140e-04 6.915886005300186500e-04 1.175389523456334909e-04 1.219322570860922395e-04 3.776248883034419952e-04 2.564790955514720597e-02 2.311350432312881938e-04 3.706809847008950645e-04 9.768058340477255746e-05
2.020625725657013844e-02 2.421162533455524513e-02 2.242139325767288430e-02 1.005895473996464874e-02 3.851920100246721945e-03 1.491344205007889704e-03 8.954620905790483575e-04 6.705870028857905058e-04 5.446481803712901765e-04 4.046310201574649669e-04 3.161070191159029126e-04 2.515313546310538398e-04 1.929682863310015924e-04 1.372307374095329440e-04 9.976554289480684594e-05 7.878089268124506008e-05 7.843237215874285272e-05 7.385751793118378885e-05 1.869760018125991906e-04 1.407030577381993648e-03 1.500844460500696479e-03 2.189909718727462774e-04 8.611039504692315303e-05 1.895456943632945661e-03 8.053673825100426259e-03
1.442702833237481490e-02 9.765684920148559947e-03 9.877977979581379145e-03 4.678009391442080472e-03 3.794069439059884977e-03 3.131837394632446241e-03 2.448390034491304285e-03 6.826227357963613645e-04 4.330167012367840151e-04 3.208045147662986520e-04 2.524110409491745182e-04 1.957155217748995782e-04 1.516566173012987950e-04 2.152170856688013676e-04 8.524109223151225562e-05 5.358695764167183812e-05 3.747596120508787774e-05 5.868600942181017471e-05 4.593030173557537598e-04 2.122076793146317710e-05 1.900997272355888371e-05 1.196805669072801724e-05 8.684049575290021350e-05 8.889522401471204875e-06 1.063690944883424882e-05
5.356578246384092676e-03 4.068159906441776684e-03 1.420903781949826774e-03 7.303772192167714075e-04 7.453395757816123034e-04 5.950193117580631751e-04 4.579266879887746128e-04 3.876821838697208059e-04 3.276969510750224902e-04 2.778945108334790796e-04 2.202792388618337238e-04 1.852688085624172316e-04 1.492438482508046875e-04 1.165600514187229396e-04 1.123858238583103292e-03 3.465249091304087228e-04 5.338218440980432633e-05 3.267394349460546536e-05 2.333900052424243466e-05 2.809986018032638812e-05 3.731809529975994074e-03 3.698295990507095496e-04 2.086571993203687204e-05 5.978059993118103437e-05 1.790151438197094575e-04
1.769255628243410206e-02 1.392924251445394092e-02 7.692595587769363551e-03 4.785215033413219021e-03 2.189720231847245863e-03 1.196834603468630021e-03 7.029655022457597952e-04 7.248433690395234127e-04 5.912185800788252689e-04 8.694732334256701249e-04 5.192442786701224368e-04 2.403249495110827813e-04 1.634703749421346911e-04 1.097627389879182052e-04 7.543239567036942605e-05 5.595793096310508100e-05 3.846259280980743973e-05 5.427928668358131340e-05 5.315208403417590217e-04 5.243552213724488910e-03 4.093065692247875999e-04 3.275411362560763412e-04 1.514204039622774035e-04 5.024231337475129101e-03 5.254223016347276537e-03
1.011427565248659496e-02 7.892793286190595906e-03 6.157375472675366383e-03 8.461048962018704808e-03 6.588912916879429739e-03 8.360371224224007539e-03 5.837527878166169464e-03 2.251479184758097517e-03 6.340061468032858914e-04 6.149129830267219916e-04 3.916500093708480163e-04 4.097337291642118816e-04 1.742977825207588452e-04 1.174117030556338432e-04 7.924132892053418347e-05 6.786625482245305931e-05 6.275293836914483663e-05 3.661928501840566258e-05 9.319370522113029946e-05 1.649337639145920394e-04 5.269197061673279426e-05 7.846874383906089745e-05 1.508423199928177472e-01 9.885818837874468801e-03 3.410545171654880375e-04
1.848014249958567987e-02 2.621289753720293034e-02 1.023779490797114590e-02 8.118208890350676887e-03 5.557964066364397791e-03 3.607455468656528812e-03 1.481123227645779385e-03 1.172165133190663329e-03 8.900796666127968639e-04 4.672391650805406442e-04 3.698829614738909349e-04 5.275557001693633244e-04 1.881597597155424545e-03 2.063490924950425623e-04 8.459584726916945501e-05 7.788526757971808462e-05 4.471190406458355737e-05 3.537360008043354014e-05 4.632438880163745280e-04 7.913635165147361525e-05 4.079302952213752112e-04 4.387741243976440520e-04 1.154309414665332300e-04 9.208000680642648835e-05 1.556040633905757234e-05
1.191942181268672470e-02 1.012555857228443663e-02 1.111497823083592434e-02 6.129142580809227719e-03 4.743110946569425307e-03 2.187348692036962007e-03 1.178654543739357258e-03 9.968797997781855130e-04 2.212876973699294710e-03 1.307762000543551172e-03 9.237870611208394249e-04 7.536217285678803966e-04 2.276418601225848617e-04 2.265868727258463992e-04 1.173228126889418307e-04 1.924819366538061815e-04 3.939371605381218784e-04 3.588614252652968324e-05 2.532459575034088820e-05 1.741184287095618645e-05 3.603173603848407571e-05 2.520846804798149870e-04 1.733386886708316509e-05 1.299828089826760176e-04 9.411945802425282753e-05
2.765651103515480436e-02 1.314752407868515979e-02 7.822660818585944198e-03 3.349232197644070545e-03 1.623556172151887104e-03 7.041250416353381876e-04 7.016873047928281213e-04 7.738588981230781760e-04 6.498181084465747773e-04 6.085520334784244026e-04 4.262281831806218882e-04 5.618191010358146659e-04 3.652623708327010677e-04 1.609720348186786509e-04 1.367240370346214234e-04 1.670591011446494059e-04 1.855084775772762769e-03 1.559481565226173685e-04 1.203002860197349927e-04 2.217409256844466749e-03 2.102024165861793564e-03 1.584639361934404205e-03 3.643356694858269928e-04 1.560094893541430668e-03 1.788220490915069588e-04
4.166321537861293438e-03 1.956403242303326497e-03 2.254760065613257633e-03 1.736533309358749078e-03 2.510536726972468612e-03 2.229474480141924869e-03 7.650425122201919004e-02 1.136685559110451188e-01 5.304353389189660900e-03 7.858353678260554488e-04 3.836734582173002145e-04 2.189998168644524039e-04 1.550295017627246542e-04 1.175490789762697333e-04 3.793340161714175009e-04 6.874624007160915330e-05 5.098693277408828474e-05 2.834371399789255424e-05 9.239445221790083145e-05 1.029830121351507427e-03 2.122951685398642813e-05 3.568153560259384446e-05 1.580216978009064098e-04 3.370410397398126458e-03 9.785041138992599946e-03
8.182014372212975326e-03 7.235497476711689677e-03 5.031629968250863304e-03 4.359656686260915230e-03 2.219515952247142279e-03 1.743778010901060084e-03 9.831741265879457084e-04 9.334812731581142945e-04 1.203791238179129260e-03 7.265869941873194775e-04 6.684403744479067806e-04 1.592448043072046794e-03 2.070642493279162722e-04 1.566457661003643146e-04 1.131582197539506354e-03 8.316709912834980060e-05 4.511519429425151574e-05 7.093823428066477795e-05 7.883722715355852696e-05 1.034520224670536876e-03 3.505988005189749051e-03 5.118206889899100734e-03 5.817382857469318574e-02 2.061175698747697341e-04 1.224759362184048338e-03
2.394724779726768379e-02 1.713667992527250286e-02 1.434064304763761795e-02 6.493792854355071031e-03 1.890391949455775883e-03 1.432116904789477486e-03 7.130508768426436442e-04 6.706088083431757619e-04 5.551932711991248385e-04 3.887928108087022427e-04 2.951197756975734395e-04 2.195567788484841432e-04 1.660884204679351271e-04 1.265115433532360163e-04 8.637097297790599572e-05 6.308377246814137862e-05 5.707398865285404229e-05 4.082977123462032078e-05 2.584933878505806383e-04 4.361968242307252309e-03 6.362723454748309354e-04 5.423083103070743194e-05 3.803336257748271988e-04 7.592552906909470290e-05 3.522906105367509875e-04
1.986840163006313095e-02 1.513330701224267077e-02 1.243801231465238924e-02 9.595152211199291584e-03 3.004279079311615759e-03 1.401031711082960807e-03 6.827512784588025616e-04 5.200365745395721471e-04 4.421544769321995665e-04 4.004781465056082737e-04 3.035674297458927640e-04 1.016093338715927516e-03 4.142685763203011323e-04 5.257272716969612920e-04 8.202928399403585844e-05 5.971258475709186275e-05 4.633725923561656863e-05 3.894272307016267173e-05 5.293489223188065486e-05 3.318638708606219548e-05 4.847527429701092329e-04 4.729707802992117664e-04 4.120883111119772200e-05 1.787911181861824149e-04 9.208467580447689499e-05
1.724543925301600875e-02 7.198569047637889441e-03 4.625089023139338298e-03 2.912345698123792060e-03 5.867338457499280367e-03 1.202190600234214965e-02 3.478759485556803636e-03 1.193258977353443178e-03 6.206562141062899095e-04 4.888731404249770053e-04 4.244200097214388288e-04 5.707827935098661433e-04 4.286357421957184767e-04 1.198349241551638312e-04 8.773103065328843766e-05 2.531102496211629538e-04 3.834793324368240461e-04 2.853301986136931806e-04 1.309042122763711693e-04 1.956380310908745115e-03 1.351232626844490494e-04 1.737618673060565687e-04 3.243963464621697876e-04 2.144763743810325883e-04 8.070973261121725320e-03
3.124987182436662903e-02 1.710989022658293904e-02 9.967778723462160026e-03 4.898032137463147716e-03 2.340376788628783719e-03 1.050599495608345963e-03 1.976871769815367538e-03 4.203125217971249820e-03 5.200261608639786433e-04 4.071961487790885185e-04 3.192985765758793036e-04 2.469449460902792249e-04 1.566535179869177417e-04 1.178266682102077130e-04 8.040545168264958895e-05 5.531467213936525567e-05 3.894877689767982869e-05 2.739396894299223726e-05 2.604146577025843881e-05 2.147124189740696445e-04 8.186214871212218937e-05 2.899576094314383623e-03 6.893025165192399580e-05 3.624213681523363872e-02 4.808490448054072042e-04
1.555450648076333112e-02 1.541594705114171342e-02 1.885009746766068070e-02 2.566543309320269695e-02 1.759222894833514794e-02 1.072882932341738017e-02 7.655375891525278802e-03 7.329973428860910370e-03 2.546638724103678433e-02 1.557909870512952421e-03 9.099698294026334344e-04 2.361295840552238507e-04 1.662054144974160438e-04 1.222938798244594522e-04 1.149036267454691025e-04 8.516881167051287371e-05 9.379782518230323537e-05 1.455352968856491163e-04 3.929113786086324209e-03 1.515640881800387114e-04 3.009577302644712678e-05 1.317851326047412468e-04 2.380713402827345170e-04 9.659099052947023051e-04 1.637390654065236069e-03
1.220870506687527987e-02 1.328168705644885636e-02 9.670244472462280819e-03 6.835941786338529773e-03 2.813981028757916742e-03 1.175011244077593751e-03 9.675797743500439254e-04 1.480258362475078953e-03 4.824452984938863123e-04 3.766255023562978970e-04 4.086889907450614993e-04 3.063832495655876209e-04 2.430625632447208271e-04 2.006505118257673951e-04 1.626559004529781250e-04 1.374468364979744832e-04 1.734553263311343547e-04 3.646611068071222935e-04 1.385528622207029680e-04 4.360696778724041690e-03 2.405989958405135073e-03 4.119065595441299662e-04 1.102791050948937097e-02 1.195015479697594807e-03 6.212068225552323027e-05
1.665316843272214228e-02 1.394551448030601284e-02 5.515413851625418883e-03 1.971407173150421192e-03 1.763726801377121746e-03 1.412120773319743743e-03 1.072877714230027193e-03 9.479518048609985323e-04 5.754115424196148227e-04 4.151327241996240658e-04 2.945961133658335897e-04 2.398572209678085081e-04 1.912269512060480521e-04 1.526508231393060354e-04 1.051923995539541501e-04 9.449425181028403000e-05 3.995156983359324557e-04 4.430105754604577031e-05 4.527847063827461130e-05 1.157147503893109176e-03 9.990872605106476245e-04 4.276590061181243917e-04 1.211121354450404121e-04 7.661488154689358914e-04 2.162222906592417288e-04
8.239151192662795553e-03 6.993418278112105771e-03 5.866747678979438059e-03 3.773844262898301809e-03 3.524302309044856536e-03 2.145485861278240928e-03 2.054737210017633549e-03 2.155879844974642207e-03 2.640159749371050885e-03 7.978878258319801109e-04 4.012813365544081606e-03 6.206387531478554584e-04 1.710794914779791432e-04 1.306875096796880663e-04 1.977611067526667847e-04 7.678109723062915605e-05 7.746169216352131862e-05 1.471032426054241034e-04 3.340087953223760497e-04 2.543553737894399384e-04 2.190250581649189307e-05 2.477825013282368316e-05 1.842864070133245699e-02 5.415050826564292950e-04 2.305731278658572825e-05
3.777937368262909712e-02 1.237690919751605230e-02 7.599777008879722746e-03 5.297817237905224838e-03 4.090846736662144024e-03 2.727683401625192582e-03 1.085420919965308711e-03 8.121046767935149102e-04 6.387710923194356251e-04 5.815648577383876038e-04 5.336594946676958238e-04 3.812601327619186110e-04 2.534228413765162564e-04 1.542637617703838027e-04 8.711424810585921465e-05 5.473608274829504510e-05 4.565106223083065077e-05 3.963335453552340094e-05 3.942067248458398847e-05 6.019139136939506945e-05 2.581458378258709527e-04 3.627844794650852273e-02 1.678614337882891952e-04 9.631306169764769368e-04 3.854401487560003142e-02
9.504041898889564743e-03 6.804090837627144346e-03 4.862892144199451594e-03 2.939211713973109968e-03 1.359870116454975006e-03 6.758140223027318772e-04 5.626890461149213494e-04 3.802231152213325920e-04 3.010272382206093523e-04 2.449719152131015626e-04 1.997429735510269986e-04 1.652751953711765315e-04 1.495489506201056081e-04 1.251486148211127783e-04 1.048041066282247042e-04 7.321665962518511929e-05 1.905564834642430147e-04 4.697461104316402573e-05 1.499436780129378781e-04 8.305611539284183569e-04 1.406388182588894694e-04 5.887796268371705763e-03 2.482938084745425419e-02 5.228763480421735584e-04 7.871579490512811000e-03
1.409698224467043938e-02 7.255385037495443862e-03 9.019380789904017648e-03 1.354547513573193564e-02 6.184357443639022789e-02 8.295359674370002268e-02 5.991632503944083199e-02 2.233389646071823765e-03 3.050865745598609589e-03 5.730911864937820142e-03 7.940442312751905566e-04 3.261689640489206610e-04 3.506094667269819766e-04 9.632715333155611199e-04 3.985632847786347004e-04 6.905912215075315304e-05 1.586177799118209731e-04 2.312077845064177111e-04 4.280110763702640680e-05 5.037468082734650968e-04 2.186134512792753577e-04 2.183215556873767003e-04 5.980334330873827813e-04 6.572137746288449255e-04 5.719295832922786189e-04
1.582792335487917534e-02 2.086661800943822448e-02 1.725283948863203312e-02 9.661402963542035580e-03 5.697805823625804941e-03 2.188991249654621135e-03 7.939792555057672554e-04 7.795297261647273586e-04 1.024941186699947519e-03 5.324592569954119227e-04 2.243206060228944583e-04 1.580594308608160455e-04 1.276153683360953521e-04 3.903657680073208190e-04 1.489946007966956544e-04 6.297990105764051001e-05 4.815547690192155400e-05 4.308007588452468484e-05 5.069880128174317864e-04 1.604849156035257132e-04 4.484200524408923601e-05 4.767785953666104715e-04 2.836324666393758628e-03 6.040595945590621920e-05 8.402458441467140803e-05
5.631898132150937528e-03 4.253459387695997934e-03 3.467784278028160187e-03 2.884831098867626786e-03 2.694541566111106293e-03 1.767599250358816917e-03 4.323323568590603863e-03 1.427366429276278161e-03 6.938734789473637726e-04 4.746240191051271902e-04 3.925937914642396330e-04 3.412808725886431723e-04 1.689099700005696858e-04 1.178385347093857834e-04 7.734682955100243571e-05 7.066874272466021161e-05 3.751117267973567076e-05 2.396430787124298803e-05 2.003149207977939498e-05 1.871131645046720735e-05 1.847687846532684226e-05 2.332890647977071258e-05 2.319387521875539756e-03 3.324796618008363404e-05 4.546556424800696645e-05
6.579071279136197714e-02 5.451421688769955698e-02 1.712311108471451654e-02 2.791881021613271466e-03 2.464267055673520068e-03 1.268759203745950612e-03 2.004147386025395203e-03 2.023767133983658470e-03 3.170422464248460852e-03 1.536145159159278250e-03 1.372107752143381662e-03 4.758164129356356629e-04 1.815413122785569785e-04 1.198199882545809516e-04 8.301667653590658036e-05 5.041276868230452619e-05 3.191549367505504747e-05 2.231373716533420823e-05 1.871766141721695613e-05 3.243805456595182422e-05 2.657003731185660872e-05 3.410038268660908165e-05 3.173637923810746582e-05 1.473874141673019525e-04 2.335270585326207349e-02
4.123491773132947208e-02 4.594706159160734382e-02 4.588419968991191977e-02 1.432342709130421908e-02 4.353222367738152770e-03 2.434704787897800163e-03 1.145632042381380901e-03 8.429242817623844699e-04 5.881727084026019655e-04 3.864335386804962510e-04 3.856797325585547154e-04 2.679712993036820310e-04 2.233232519209414537e-04 1.654822392468279684e-04 1.225661823731566478e-04 9.680879641908456980e-05 7.334678326345287511e-05 3.125568641871534666e-03 4.548653853809250780e-04 9.650401380653615691e-03 1.621244104580136028e-02 5.249047137891560378e-05 4.853573461552192431e-04 2.587341482859491595e-04 1.585212586740808623e-04
8.320515223018094125e-03 7.598311453821279988e-03 4.952555742506803416e-03 3.841149135872977231e-03 5.930884348007423208e-03 3.508492405283608617e-02 5.826617780958717914e-03 8.097892446580352540e-04 5.398049124323328792e-04 4.500673499391927073e-04 3.734085693911691831e-04 2.628034118574166448e-04 1.753940029533115267e-04 1.466131605369250083e-04 9.674465259356515904e-05 5.126573035894959305e-05 3.667671925258576631e-05 2.773751153431368901e-05 2.216090425207962834e-05 2.831136539861334612e-04 7.938428706239501103e-05 2.360909250653592728e-04 6.616188471678353608e-05 2.751581423030420820e-04 9.317668892300354135e-04
1.330373219394457435e-02 5.929201186904521637e-03 1.846516445879377993e-03 1.393853671519676906e-03 6.184658089216390998e-04 5.305199788578799725e-04 5.066944166914430937e-04 1.451016767756035247e-03 2.077718371889297668e-03 1.236306537267334478e-02 5.271798930903772752e-04 2.520302280662194312e-04 2.789625368383722619e-04 1.514073649566594526e-04 6.943906065212858024e-05 5.469407194407937146e-05 4.586022683543522602e-05 4.351222018739612721e-05 1.391861288737370318e-04 4.659101765879410638e-05 5.447786905323397447e-04 3.578195003550240123e-04 6.297285474725762512e-04 1.708487842776119578e-02 4.041661362840374278e-03
2.664229072444152316e-02 2.495687889210285518e-02 2.082683460019086469e-02 4.712775734243438396e-03 2.737065400462160725e-03 1.724402158422024076e-03 1.369702214656565945e-03 8.579332354123901704e-04 5.645622411668115709e-04 4.016727363280984280e-04 3.100187053955362113e-04 2.273542790276804695e-04 1.607070473486469806e-04 1.217729517844905217e-04 8.197211393554531828e-05 5.541120262405138951e-05 4.726805874962785215e-05 2.974108718575386523e-04 4.467526102145125133e-04 4.359450351775230321e-05 6.303340034447967206e-05 3.810259346161289171e-03 7.208098608976252586e-05 8.336736676925207104e-05 3.237122737567976749e-02
1.868645900732701648e-02 1.334559023792000060e-02 7.243314301810387275e-03 6.376908010414483220e-03 3.198282045204733394e-03 2.139806505506278069e-03 1.139645508869076979e-03 5.100396511862509722e-04 4.611089872391645542e-04 4.446052118988250276e-04 3.381610544758855167e-04 3.161194886783824415e-04 2.655397036942695418e-04 1.320555818623975739e-04 8.223115573597915881e-05 5.879840877226771178e-05 5.981698101123358277e-05 9.168296259918655216e-04 3.084985451676161962e-05 8.132191054805259600e-05 3.638759686643354245e-03 4.544501085931189951e-05 3.069782818580869821e-03 1.489530650190443834e-04 8.217450464861127298e-05
1.753081074150604577e-03 1.216615546015026913e-03 1.104490312983153573e-03 6.241388734697103993e-04 1.491222503955743186e-03 2.953228501012176207e-03 4.513078717859024189e-03 1.407648474134170135e-03 3.967185472299180693e-04 4.432546359700981122e-04 3.111372238317343560e-04 2.310372466353924380e-04 5.466565098844637172e-04 1.380364191526682670e-04 1.036455796686580730e-04 1.080862047663621998e-04 6.352141876864223055e-05 3.216836489726077118e-04 4.293712454739293297e-05 5.640532339567872540e-05 5.242802769269035835e-05 2.897075057044570931e-05 1.416050911748007899e-03 5.318992068043819528e-04 4.406086107888077083e-04
8.646361186893974232e-03 4.294959314750790638e-03 3.362492628210826152e-03 1.412870056942369537e-03 8.739577729840672382e-04 7.937898420712315769e-04 8.189317875016869719e-04 7.047180032439269480e-04 6.243134829673243746e-04 6.649549911073264616e-04 5.361414270885543707e-04 4.291000909336494125e-04 2.334404081803738743e-04 1.311595532580709170e-04 8.149371953171123174e-05 5.790187227062205163e-05 4.560125696779595200e-05 3.482388416223051276e-05 3.030767153072966405e-05 3.368811160606141516e-05 4.606397290083301486e-04 1.119836887846743312e-04 3.185576589263849922e-04 4.231082581759521705e-02 1.731707152236418648e-04
2.776309720563854486e-02 1.876724788558940468e-02 7.066371168179763629e-03 2.859912487928809813e-03 1.090986381085353981e-03 7.703186374159462849e-04 2.236997490681525043e-03 5.658972912475576829e-03 3.832943887532823824e-03 5.571763005425854403e-04 6.774085624832625529e-04 2.309748013071360431e-04 1.711497064560845739e-04 1.271308417016620202e-04 9.396358284632069433e-05 6.699387904694580325e-05 1.103139260307562259e-04 3.082862770452090623e-05 3.158758939089002370e-05 5.752770154189498368e-05 3.452162141361254130e-04 1.241998794034039275e-03 3.991713641298125746e-03 4.790852196063534181e-04 2.469405217983159989e-04
2.527733124138982143e-02 1.005414041103416638e-02 6.007790597269211351e-03 4.383912810941983929e-03 2.969470877183472655e-03 2.311389640045770355e-03 1.058092293804509948e-02 3.379769526172655275e-02 1.256815268853558008e-03 6.396227064398014688e-04 1.224750913148996449e-03 8.647920292381679544e-04 3.450338517204905916e-04 2.137418037238475520e-04 1.298295450382911450e-04 1.490882716369606661e-04 5.971424667573829032e-04 4.202692094375409565e-04 7.306769710345377531e-05 6.473681135455315377e-04 6.534361109666689607e-03 3.510199154786979112e-03 5.653855446583646964e-04 9.873460273282858718e-03 3.130813241944742972e-03
6.063586123849740508e-03 5.906204538121443207e-03 1.186021581602753928e-02 1.153269653586352778e-01 2.844921156246597582e-01 2.563336841097263799e-02 4.577819198624481778e-03 2.264180707339384299e-03 4.900192590909736769e-04 3.545469893678487318e-04 2.984072314708458452e-04 2.055960321298824420e-04 1.203500875986108853e-04 9.741154419307835601e-05 8.005233768789119821e-05 6.240708866068620170e-05 1.118776693211661721e-04 9.774120014397298043e-05 1.337887932016693321e-04 2.857768280663391404e-04 8.277395231060665718e-04 3.189066127668460253e-05 9.192404816638658979e-04 8.028977431879199579e-04 2.560991186649611332e-04
9.011828860312716405e-03 1.501368716258787324e-02 1.160968060960617700e-02 7.277228306914175666e-03 3.412998846235251564e-03 1.594147402444247817e-03 1.219353813961869754e-03 2.741410735891376595e-03 5.333565359368710318e-03 8.400969792741624399e-04 3.723089478761646711e-04 2.494114805225775130e-04 2.010806572150306806e-04 1.441094505158620957e-04 1.293727566428421523e-04 8.293641740087213281e-05 4.686029343094203956e-04 4.145346555676276886e-05 2.861566570542438542e-05 2.266813621271470219e-05 2.715392744750760599e-05 2.831069636610343077e-05 8.069663793285928948e-05 3.907673307533986629e-04 1.776244009098421138e-04
1.155784330390596630e-02 7.866806041888413370e-03 4.193578597264474746e-03 1.367747981622723747e-03 9.970541646763641640e-04 6.376342097259266083e-04 4.739239135016408227e-04 3.810448707104166694e-04 3.292727394899747084e-04 3.629543070643656013e-04 3.615989669906988072e-04 2.624005311900747634e-04 1.838394421800751475e-04 1.668072993337531686e-04 3.657770492688945381e-04 1.465554666754788685e-04 5.623088964970483203e-05 4.192469873360415284e-05 3.309174190978162822e-05 3.482550323732697877e-05 4.943847178524347560e-03 1.174056925587218966e-04 4.298254606361992948e-05 7.771975773327047612e-05 6.443704715317963684e-04
2.871536076655146694e-02 2.198132494166288309e-02 1.490752177046158339e-02 1.202633038170666975e-02 2.469840520357136776e-03 1.162771766284211809e-03 7.471159059473046066e-04 5.801082743145361161e-04 4.492232165086631080e-04 3.640336314401785623e-04 2.848202788324040251e-04 2.093993958440048240e-04 1.820554517842342952e-04 1.439702201668115590e-04 1.126550227883949077e-04 8.206008162352670086e-05 2.893412926197046512e-04 4.549082769017042999e-05 9.608829109731630133e-05 8.634361634753440792e-05 3.297813989659923698e-04 3.297525983400723771e-05 7.958778773166083143e-04 1.262742704223621289e-02 1.458890433900752581e-03
6.430274779363074657e-03 5.399969231126545977e-03 4.785410886702394159e-03 4.158742965894952556e-03 3.323051287528609905e-03 2.109390050779129215e-03 1.384224768723183721e-03 7.947591006842788649e-04 6.216507811332597049e-04 4.413746543600899504e-04 3.870709648171451146e-04 3.095296003639322986e-04 1.926622176787640584e-04 4.982616576350390415e-04 1.652127966659069664e-04 1.519965543879964198e-04 9.085663696950451135e-05 1.046712231875454455e-04 7.184147538792717358e-04 2.147755674231650164e-04 3.229989241573870407e-02 1.314415545220268440e-03 1.586766663297827125e-03 2.126255447007812294e-04 6.551114972452673100e-04
2.717239546396779670e-02 1.963189987223044192e-02 1.248094883287588150e-02 6.408588771442092283e-03 2.738917561101034560e-03 1.435286998221352176e-03 1.057103852941373772e-03 1.044578799901416805e-03 1.039794529317201316e-03 8.571509386492418741e-04 5.720503656144656232e-04 3.469427475271095887e-04 1.692144393092385871e-04 1.323540518391745819e-04 9.833724316728897517e-05 6.646243355216706935e-05 5.118850669049405136e-05 6.330127170179854755e-05 5.325172803187764757e-04 1.219678296956706404e-04 9.485770647116150897e-05 4.010684215955226286e-04 8.476548594805146525e-03 2.518433787784248035e-03 6.104147577364381707e-05
1.636207939769664804e-02 2.040367578424289591e-02 2.729746424407638455e-02 1.767200528003968693e-02 1.267129186924197820e-02 4.065644352265195514e-03 1.579970098841306002e-03 8.641520398776006548e-04 4.800081331616162035e-04 5.173386510447423132e-04 5.539921297793833164e-04 5.276064185245061926e-04 2.242383335507889619e-04 1.207124081699062457e-04 8.975957407200905167e-05 6.860469678978053313e-05 5.385801915214769378e-04 5.680278753775283053e-04 1.120268473572112408e-04 3.890416546487856651e-04 2.214731971306285445e-05 1.610454048031314725e-05 1.922641660143058055e-05 7.848522625123678545e-05 2.305409709641336163e-03
7.856845534271459860e-03 1.364551630693398680e-02 7.392780110637254404e-03 7.335933841442492283e-03 1.214848123118296430e-02 4.407230642732604814e-03 2.189787858126971288e-03 1.810761877280366765e-03 3.071285935436528572e-03 1.162004603598720126e-02 3.312040877934811257e-03 3.052622548475343763e-03 2.246002870301135284e-04 1.265368791533217935e-04 7.920280376020480081e-05 4.306872728519672893e-05 6.069130454145285912e-05 3.415001071449525984e-05 4.181724270343540250e-05 4.076583506891242302e-05 2.077090541024792441e-05 1.292953404152975144e-04 3.422943477368766058e-05 2.191294107143760040e-05 5.770936543395939955e-04
1.727853124248597896e-02 8.861025334566917377e-03 6.275869809514307042e-03 2.980279471375706438e-03 2.050022507077483604e-03 1.288720991124862013e-03 8.300472485400669891e-04 6.309785845854239345e-04 4.169622521441672500e-04 3.108124657133394119e-04 2.063054527638935945e-04 1.628375046129439997e-04 1.228388039647120835e-04 1.327502743219923691e-04 1.251531447672872414e-04 7.960087881359429417e-05 5.236269519388035855e-05 3.787287870340536614e-05 2.961344525715236539e-05 7.802342513782061309e-05 3.180353811946787929e-02 5.375494531064277300e-05 2.250391050710374399e-04 5.385881894772822672e-05 3.045067392675351154e-04
3.394267869770396621e-03 3.341449474299458891e-03 4.154724179017644722e-03 2.141977663492912291e-03 1.317273579667744676e-03 7.495941383429719721e-04 5.938600228694641174e-04 7.104574819802902648e-04 6.669332886259577917e-03 7.510439400178782303e-03 5.810442245122189988e-04 4.405103347645639655e-04 8.149234708347383345e-04 1.485070419238701436e-04 9.092872803019187169e-05 6.985903574845177548e-05 4.647041274416781700e-04 1.564543714028005395e-04 2.015186247255469057e-04 3.557499181223819525e-05 1.269908451582058137e-03 3.980965289578579369e-03 6.009884465497171251e-04 2.955713909674678253e-04 1.075102933341986903e-03
1.388883505248171384e-02 1.610663362345877286e-02 1.596555075752897207e-02 8.369366978813319938e-03 1.736648100728286964e-03 2.742074050874612843e-03 2.138646067439440007e-03 1.482115546622600260e-03 9.864079224040922522e-04 2.249055903405727634e-03 1.172571316267828276e-02 9.825300988748188278e-04 4.503977903456239662e-04 1.546668623422680407e-04 8.888383399548642299e-05 5.275357672583157566e-05 3.854447908651864141e-05 3.469818452658589785e-05 8.797620963403770796e-05 2.848325916982962077e-04 3.224605287920021012e-04 8.827701002355526391e-05 1.289516795398868777e-04 1.908243586939072870e-04 4.418871915493354408e-04
9.476855069673773002e-03 4.479299950137060997e-03 6.179001808963819481e-03 4.102610992489366323e-03 2.456578410439158415e-03 1.816226187633350692e-03 1.138374251117739390e-03 4.779535410942665867e-03 2.183978042112210468e-03 1.290018570804194690e-03 5.825665814919176247e-04 6.806513507793458904e-04 6.738979503283060819e-04 6.609385897635887885e-04 1.315131274211023011e-04 9.478228734091542654e-05 9.498662223226525319e-05 6.344789528891249520e-05 5.012595815300634357e-05 1.751023577857860835e-04 5.874282842217715123e-05 3.370398189836498553e-04 2.919523950575352413e-04 2.146273295484464952e-02 1.446504603431078909e-04
1.888518275564819021e-02 1.909774363825504639e-02 1.739490734385068862e-02 2.710977451348677361e-02 4.697599485201996855e-02 4.079544550624449734e-03 7.579670450851446178e-04 7.678955860665080332e-04 5.513462373746801960e-03 5.916871050379623846e-03 3.057805299609850521e-04 2.051939681753006174e-04 1.483589723688531791e-04 1.154623539731448493e-04 5.332408572422375195e-04 5.727529704913771156e-05 3.820534728910246881e-05 3.272611446339275521e-05 1.678361130651907654e-04 4.626661651238978771e-04 1.144158691903558213e-02 2.847930673199656104e-04 1.609012831065209973e-04 3.305564439189647634e-04 8.793879443281778577e-05
2.492008444706686476e-02 1.910386328699697697e-02 1.375090101574532458e-02 7.586070560239467978e-03 6.461136662867456373e-03 2.417123834959821523e-03 1.754066888487999624e-03 7.771781113136934024e-04 5.427965980085782153e-04 3.758797009623464597e-04 3.084943237474552539e-04 1.950707647776226739e-04 4.788499580464201325e-04 1.936698727840121441e-03 1.230521830567431717e-04 9.765770291606600093e-05 5.425060026736935008e-05 7.956651257407010335e-04 1.545916444175898037e-04 3.367596770810779507e-04 9.885387762019022192e-05 2.150364640071111889e-05 7.261935299437433523e-05 1.409363301675413245e-05 1.429198463687671498e-04
2.586393352566251566e-02 1.571956513021713353e-02 1.021051006579874743e-02 5.511515880361857016e-03 2.945591520151435386e-03 1.802113969574895566e-03 1.626799165006684702e-03 1.194585514770057921e-03 1.309564055445467485e-03 8.459249725711966497e-03 4.812538898332815139e-03 4.077938558516980413e-04 4.173866653616018114e-04 1.520287062017606594e-04 8.021207381318956641e-05 5.366140444987365054e-05 3.775128557390723222e-05 3.046779074796492502e-05 2.277491863559374065e-05 2.035537410048712741e-05 1.887086658236597936e-05 2.144040058738255847e-05 9.501887628082140644e-03 1.147637685993636424e-03 2.986106418787769527e-04
5.488137835804271850e-03 7.284486384049737064e-03 7.703160380416607632e-03 1.312005043524964651e-02 2.509706091343199413e-02 5.841299503747223940e-03 2.260083653267768843e-03 1.186791868501556671e-03 6.725320680946103450e-04 5.086991719800041745e-04 1.151582259459023230e-03 6.128611985988285981e-04 1.162726656531323658e-03 2.027518011788848832e-04 5.732619801639757392e-04 7.372477696487034497e-05 4.796699854744637019e-05 4.286133252439150768e-05 1.181119559620861159e-03 3.129866841772925128e-05 7.026893653559656899e-04 1.810189208318356622e-04 4.582029885036443921e-04 2.396833711545471755e-05 1.024923486259232761e-04
2.424844236714981602e-02 1.942123844372251398e-02 1.298909720432240254e-02 7.489057380211171060e-03 4.043781314618720597e-03 1.518285050361789252e-03 1.016543380423604471e-03 1.557572440124355053e-03 1.040626083878767438e-03 4.415986602001289313e-03 4.250955704865144280e-04 2.794867684395166223e-04 2.101075855774967970e-04 2.919720907620906489e-04 2.115117735703941307e-04 8.103804264779997015e-05 5.820314011724977803e-05 3.063717657953333941e-04 4.068335341473002832e-04 5.142034894450967934e-05 6.122446018737670408e-04 3.578630714315168284e-04 4.570310977752700156e-03 9.482317893205589551e-05 1.209316039412264271e-04
1.880744405363339589e-02 5.354524213353546898e-03 3.736875925194812435e-03 2.070608414814730132e-03 1.605945369851886429e-03 7.887049581617036143e-04 6.425114085138179491e-04 7.159360204481842946e-04 7.623900643746566981e-04 5.165855289529265593e-03 1.791474307952293371e-02 9.159880457069818861e-04 2.290037332295532212e-04 1.387564516721084308e-04 8.025042703358817721e-05 5.601298606644575256e-05 1.147676079916705016e-03 4.168797010551310387e-04 4.834698936199267563e-05 1.066456445821149579e-04 7.792469301183917976e-05 3.271864309794777267e-05 1.990679319886727431e-05 2.170685612649045533e-03 1.638577831635004950e-04
1.472945787801007919e-02 1.277560382780168306e-02 1.083570166308235085e-02 6.901589151317676779e-03 2.507696056115429808e-03 1.534462843429650666e-03 4.821047650764355994e-04 3.321949787883833084e-04 2.498636815320502127e-04 2.274338598218850801e-04 3.033848561194212533e-04 2.894937690747751520e-04 4.359007820565554987e-04 1.097220575810205819e-03 9.365512637735252238e-05 6.815766390358270839e-05 2.637136041006885273e-04 3.867432106515446277e-03 3.021628626523378803e-04 5.840109827229793141e-04 1.831670697959386716e-04 5.405453082189984153e-03 1.174022748173353500e-04 3.109855956449702010e-04 6.291896254121918117e-04
2.640034746732690743e-02 1.913099565837983809e-02 1.265374499672092430e-02 9.166822450766923605e-03 2.837983643395488881e-03 9.363161593645946256e-04 7.025213313178983602e-04 5.377929875942269282e-04 6.447277290238738164e-04 6.270702612587739175e-04 3.912830519846207918e-04 2.896709450198858143e-04 2.179468865421007478e-04 1.109872994705670237e-04 7.829555062544467576e-05 5.157712750937640717e-05 2.994431604935962293e-05 2.897333505672893895e-05 2.104765358986366327e-04 6.587306529138842301e-05 2.416894252882052969e-04 2.966909722432881769e-05 4.360330435493176259e-05 2.179931995239948312e-04 2.344549374258798891e-02
1.076352678198361570e-02 7.707727917275525656e-03 4.348488377606112357e-03 1.286911068354974850e-03 9.547925443923762192e-04 8.471884843593397666e-04 1.052308517502892164e-03 4.818796974264645712e-03 6.695343519321424706e-03 1.585168549142406758e-03 7.889249113789192566e-04 3.681670437410910720e-04 2.192186411403647579e-04 1.548117546083667927e-04 1.237086645594913826e-04 9.982174308649232762e-05 6.376203379385493879e-05 2.135870383126933769e-04 9.902661882763167192e-05 7.425894302649114424e-05 3.774602993326305490e-04 2.567060670671483108e-02 8.735918856941466207e-03 4.679619088268516941e-04 1.483887990364038856e-04
8.196770229336193189e-03 7.924156546032084039e-03 5.461569036404591466e-03 2.930923695092755264e-03 2.077294207024847281e-03 2.253959815116084696e-03 2.145485399619628114e-03 4.617941849129288991e-03 2.061307179870103257e-03 2.815843096458410001e-03 7.293482437131247609e-02 1.250831918803490097e-03 4.417874453956957656e-04 2.147190611514999492e-04 1.848940808656521283e-04 1.763105547881200098e-04 2.528829801383457657e-04 1.162354234378566107e-04 1.168393897498083115e-04 1.924372721781270100e-03 3.108783649876106434e-03 7.313350288017725484e-04 3.871833121930591472e-04 3.329261301831085151e-02 4.717986988873103596e-03
1.089463341557782815e-02 7.459033887739403151e-03 4.724528073586886125e-03 2.240152157288956194e-03 1.050023237614370643e-03 7.334153347529827772e-04 5.785944181935434713e-04 4.936696985418170206e-04 3.856932933262035993e-04 3.342422144819283143e-04 2.753816877382407038e-04 2.043654942537121756e-04 1.574262363757957341e-04 1.131816502251238517e-04 8.328591555462043917e-05 6.347213964472428287e-05 8.668926707776408909e-05 5.382479814465643709e-05 4.272902930190723816e-05 1.652843007252176620e-05 1.492960516565683881e-04 2.792096323783889011e-04 3.524531030753353305e-05 2.371695963081825930e-04 7.309033143817371576e-03
1.371182556438666628e-02 6.567086061825341478e-03 3.359689139990301807e-03 3.893298577319448655e-03 2.502755227335590627e-03 1.306160235371633428e-03 1.082220146909621244e-03 8.553159232690753884e-04 5.808313562277596072e-04 3.210460164614764036e-04 1.632938071443845425e-03 5.340531675017863578e-04 2.795076106237428864e-04 1.661508690141273682e-04 1.018217126827605302e-04 7.671015309267624743e-05 7.975303919307649854e-05 2.576673164423168468e-03 7.637909039625206996e-05 3.820864187378328336e-04 3.921176444741497277e-03 2.354937535115493835e-04 1.492284598589630037e-04 1.042637715679890081e-02 3.715608497467873944e-02
1.908287445686932676e-02 1.544483453822924866e-02 1.105724253018784166e-02 9.114633827886265208e-03 3.613080875265508359e-03 1.689027515481244775e-03 6.954897838689291659e-04 5.977660944278946576e-04 4.533407052465155307e-04 3.133288807991824296e-04 2.587371554051051659e-04 1.900617118447372848e-04 1.525731928805040263e-04 2.149659318326876034e-04 7.199566839190868397e-04 5.992968464238295612e-05 3.410419255276466452e-05 3.788496317514434940e-05 3.448561917273954003e-04 9.049345535720543590e-05 3.036572497696566546e-05 5.215035961789529095e-05 6.280794998360921682e-05 1.154474540713617631e-04 7.329681575621462171e-03
6.078626497619601075e-03 5.981048769709524510e-03 5.805658068880706693e-03 7.840082157392201656e-03 5.380400379771982551e-03 3.361698355233368098e-03 1.445728796862783732e-03 5.642583364179028574e-04 4.128302422817279813e-04 3.460881291601397612e-04 2.598177177310882898e-04 2.087377538699805644e-04 1.500861802723362697e-04 1.199421073890732990e-04 8.965024120549353688e-05 5.913052211980341776e-05 5.156201174579310494e-05 6.246551142193594770e-05 1.727134829084041399e-04 3.985296070550839546e-05 1.619580768488112468e-04 8.721551688716177534e-04 1.188842453851231729e-04 1.174651010954157020e-02 9.106781111857643147e-04
1.177811550701635644e-02 1.296476716417562305e-02 1.794613768443016275e-02 9.877087299512813529e-03 7.902508036588531612e-03 4.902855108981138584e-03 3.649874236662695951e-03 1.425747852773659625e-03 7.053448438337839906e-04 4.846060229092995675e-04 3.481546065565059101e-04 3.061858225027764419e-04 2.358186370802111472e-04 1.604303704962378903e-04 1.738468962458937050e-04 9.515214193042170656e-05 4.438316441263828738e-05 3.367607379101746632e-05 4.651377354837113031e-05 4.349786598991585190e-04 2.261780947803692645e-04 3.953509781638420151e-01 2.305799805956930404e-02 1.534909834734593233e-04 3.166745399873761814e-05
2.054282945412213776e-02 9.894046052810736777e-03 4.490497920832108025e-03 4.037729305485474908e-03 4.588858716467551432e-03 5.259317511256187024e-03 3.923857946241992092e-03 1.216492021273013523e-03 1.038125069930882251e-03 2.276369239412024369e-03 1.150310107583779650e-03 6.908476383310908605e-04 1.624585114240722898e-04 1.030974617417362827e-04 9.412650268130803692e-05 7.957942464586793970e-05 4.590788974639567320e-05 4.980231124597226175e-05 2.112006252477185465e-04 2.174094926231188649e-03 4.073988020754741850e-04 2.416637793846963890e-05 3.990039817679723945e-05 2.396137768378390218e-05 9.397365161415929423e-05
9.797788545863541851e-03 1.020482131001154875e-02 5.073479675728113751e-03 3.151372771670354726e-03 3.271387766937256057e-03 4.158436469097274643e-03 1.538810499746242483e-02 4.049400198892699060e-03 5.064477730197104559e-04 2.833786436034457486e-04 2.000112573552252312e-04 1.339243345780528449e-04 8.530521052157702909e-05 7.966928068225387328e-05 5.986527618630599308e-05 5.253156196925868715e-05 3.922389224621432459e-05 3.114367213463212078e-05 2.536774455935249592e-05 2.287861344985375053e-05 1.538759713557134336e-05 1.848913808639170871e-05 1.919248745567995660e-04 2.249295454137668177e-04 1.651028993512018066e-04
4.002585284998898263e-02 1.623645528386429698e-02 7.425320771816031236e-03 3.808790016325297283e-03 5.198373291716421908e-03 7.432436220756003485e-03 4.988879011661327169e-03 1.679387554787069217e-03 1.135506967420476295e-03 7.686418846938584569e-04 3.863119774531212315e-04 2.861039097374769281e-04 1.804666109120535596e-04 1.349777543919652295e-04 1.026551775050251223e-04 1.190295724899576631e-04 1.002897548447743888e-04 4.780914604187716174e-05 8.950216103055317468e-05 1.053394307444585013e-03 4.148806310856859459e-04 6.487358341002355240e-05 3.895352121096938125e-05 1.497894632458640033e-04 3.156744481726303552e-04
1.605547643552287032e-02 1.695735351916567712e-02 1.338399852873443235e-02 7.814292617715160733e-03 2.192636531280988364e-03 9.961475903448066375e-04 4.859153804490416403e-04 4.377563244274662569e-04 3.498729512328999981e-04 3.931339467997783813e-04 2.974123845210268268e-04 2.372469708652239742e-04 1.959837759418425144e-04 1.574632003452298740e-04 1.323108374037572160e-04 1.297457583586598983e-04 9.469693640430899503e-05 8.344381883678192360e-04 3.072778165314135179e-03 7.144462173214590969e-04 2.228497895690967432e-03 4.246882690363140028e-04 3.453606252074204082e-04 3.115845178219192450e-04 4.672076191314691027e-04
2.859598337395538245e-02 2.871673505984587149e-02 2.418100056876119550e-02 2.576537657863993414e-02 2.035128291866997521e-02 1.189261103909552801e-02 2.957408065255765980e-03 8.011567221732464675e-04 5.467224099343999302e-04 4.126169263006877188e-04 3.464240761148235526e-04 2.812554001709286237e-04 2.481117567012286647e-04 2.127566091081918435e-04 1.746863405642819765e-04 1.440586356283682400e-04 1.060867176487801511e-04 1.046079367530601409e-04 1.407609979650195154e-04 3.445115104083047415e-04 6.563691681225550245e-02 1.445411183577722733e-02 5.516439922346564077e-04 3.574341330587633416e-04 1.114215445787657219e-03
2.207803951213382215e-02 5.490648691787822222e-03 4.917962554879994064e-03 7.476884828054606268e-03 5.126798088690536805e-03 3.986400283532997614e-03 2.401104292508136027e-03 1.247186233785300318e-03 1.309005057931056240e-03 1.094420731784839784e-03 9.569835462458973737e-04 2.600173626527700925e-04 1.829741343897642910e-04 1.453338171230392206e-04 1.001263590426481888e-04 1.557949365126392270e-04 4.569179285442831733e-04 1.391650475757015950e-03 3.750778918885392060e-05 4.454936619820895318e-05 7.766125462431134154e-05 6.738034681530368983e-04 1.045220970340889760e-02 6.666395097162384348e-03 2.936798939571697150e-04
3.829386487684339341e-02 2.554982054514940565e-02 1.261528846072063927e-02 6.023918694143025679e-03 3.350290995823758649e-03 3.369549198959931324e-03 1.056281565620943155e-03 1.178096066348573124e-03 8.431572909773598062e-04 5.338684268010718660e-04 4.018034135511574048e-04 2.889723176968958334e-04 2.394918282059349188e-04 1.864870889005176629e-04 1.029187451209234781e-04 6.967992637806438199e-05 5.117843238879146890e-05 5.754117935463457509e-05 1.056994739777413248e-04 7.955880704221519883e-03 1.654161077434911043e-03 3.621286703056661698e-05 1.286371875559926502e-04 6.770372059590363818e-05 7.784560618546165073e-03
5.594562992625485252e-03 3.685939309024367349e-03 3.069513385061640835e-03 3.348871703837094302e-03 5.448186544356145924e-03 3.740105716414220995e-03 1.924786953317586926e-03 2.053247999406584198e-03 6.387363922439006541e-04 4.272636323861537968e-04 4.225880134342179851e-04 8.197758232967338647e-04 4.962547840878904363e-04 1.324643539103083053e-03 4.256995549792282410e-04 3.171640182377204035e-04 8.350387026031420043e-05 6.564831988993617392e-05 1.301662924157429870e-04 2.318480897803558048e-04 2.924563844053873160e-04 7.784357447151006755e-03 1.038629226604427476e-04 3.840594570875755024e-05 8.737478673713884939e-05
9.575468549440789914e-03 5.845996640259339475e-03 3.991814862963813035e-03 2.235088286349954691e-03 1.318297506335219587e-03 1.431728578424508111e-03 1.004185225060361727e-03 9.794818184818861444e-04 1.021186911984036565e-03 1.106146462218651500e-03 4.022292430211028488e-04 2.587682918248518133e-04 1.623715015464643205e-04 9.836276273103562956e-05 7.936606200763454005e-05 5.060973871920940908e-05 3.863716723735896710e-05 2.894969287911142983e-05 2.983119188147503685e-05 2.015954563876713854e-04 9.420559130600628518e-05 1.142059661483087344e-05 8.690776076731800796e-06 1.706715088751149041e-04 9.960051118440321256e-06
1.228395057846051915e-02 8.385290653617647957e-03 8.095386190652835087e-03 3.163262745742842930e-03 1.930709187031070606e-03 1.237288394017084601e-03 1.352924613204724985e-03 7.729962433217319817e-04 1.322874209208669627e-03 2.673239791908573870e-03 2.026419793067571039e-03 2.219959238127648703e-04 1.818374833177104121e-04 1.263540504468015926e-04 1.705251488331692433e-03 5.589123095821954686e-05 5.650768014275882420e-05 7.637673413057328292e-05 8.954883512706715424e-05 2.129535591098206758e-05 2.506785267534762879e-05 2.543952275134844310e-04 2.106703661262629478e-04 3.779538302971428799e-04 2.002256548278177106e-05
1.113622915452273411e-02 7.297545428961139079e-03 4.568770331537947912e-03 4.974724067814741482e-03 3.363208793578635440e-03 5.617129955629697989e-03 1.925606744665300405e-03 1.015601769119601214e-03 8.592129002952962960e-03 4.568313502115787378e-03 1.445854689630801789e-03 2.491432009115148653e-04 1.302497247459580775e-04 9.582115432375797211e-05 7.478184717712998975e-05 5.939903614784316702e-05 4.838543493185677708e-05 5.774149546550125646e-05 2.573187083719837771e-05 5.167659148479499757e-04 3.200058013214261346e-05 2.339660010608885621e-05 1.809504508655063681e-04 1.754723213860382079e-05 7.304793703835173104e-05
5.670305152825540901e-02 3.362924731160923941e-02 9.733214371836940160e-03 3.708773208976948437e-03 1.480087295829618337e-03 1.062685846755970958e-03 6.722535260671571103e-04 5.327029286255966899e-04 4.639129901804004818e-04 4.220028689657859267e-04 3.491967293105448125e-04 3.045335839517989774e-04 2.402693762846605887e-04 1.893440241278875221e-04 1.259260617099807128e-04 8.455309305671462525e-05 7.156958115595517906e-05 5.505881000159534942e-04 4.074973269633267391e-04 3.451412546973348859e-05 5.118223094852292530e-05 7.189392065569437862e-04 1.268559065382056806e-03 1.662743028672964015e-04 4.084931855503608038e-03
1.374861948994383735e-02 1.683864303454368078e-02 1.441708802302180646e-02 9.500314886917165733e-03 5.726686728139166078e-03 2.770199814014072826e-03 9.284983618507656458e-04 9.547885971978760378e-04 6.851739448848259478e-04 5.825352781627685540e-04 3.363446140466409308e-04 2.398236522978620846e-04 1.652866282676670605e-04 1.193952216300245452e-04 9.088843009017007668e-05 7.066965261448808217e-05 3.836393183100839701e-05 2.684184511350430635e-05 2.421752354154546927e-05 3.301715777008525082e-05 6.064611658730053873e-05 1.475880104818849290e-03 2.308115904906749699e-03 2.962754769882281359e-04 1.204068137174902492e-03
1.514376059761628722e-02 9.376185202461981630e-03 2.734706744756181581e-03 8.387562559386297148e-03 1.006664778656527343e-01 1.360700179981845850e-02 7.871433218710288324e-03 7.865493959147639227e-03 2.332299629284198452e-03 8.834458313613357400e-04 3.499766515819367329e-04 2.692342392587198556e-04 6.531348595129425746e-04 1.369393988886199000e-04 1.200089940724761024e-04 6.438901526831118844e-05 4.304384076814369908e-05 3.016343899013486807e-05 2.297231711592189688e-05 2.909341330508188805e-05 1.373264251482105881e-04 1.306936271847261577e-03 1.495566793469255184e-04 2.117488402207576813e-04 8.484395227449557063e-04
8.906403232340754511e-03 6.644414315303717559e-03 3.830454692787105958e-03 3.654540766128745906e-03 2.549279042529796306e-03 1.717363775238320983e-03 1.956428911480136666e-03 3.629275663088926598e-03 2.818233432285226561e-03 5.244409132554922123e-04 2.634719679828566156e-04 6.629034229736349097e-04 5.430375571524150360e-04 1.462153900119760248e-04 1.986816975679720041e-04 2.509981581436510588e-04 5.593727564291614925e-05 4.830195063982242618e-05 3.531686963023618152e-05 2.161041368532219274e-04 2.975023628221482058e-05 2.081012699163564965e-04 2.337795606398177726e-05 6.184713370821578625e-04 4.826880486509661740e-04
1.336019166807590232e-02 7.381682646762512123e-03 6.559998790829565073e-03 1.258672269948095390e-02 6.908907223536724443e-03 6.377382023893101055e-03 1.037297274546911466e-02 1.415143183402178427e-03 1.055863085171407237e-03 3.847419735592702236e-04 2.580486854960095991e-04 1.853182754416671588e-04 1.315581124339717633e-04 8.482937739676142187e-05 6.123833797113886692e-05 4.952866462197302074e-05 7.107028331662827779e-05 3.278753368158424564e-05 2.192500092400400785e-05 2.316522309092360922e-05 2.247903971043474730e-04 3.886648260585148762e-04 6.344840613269715421e-04 2.531927935389037066e-04 8.660207977065953380e-04
5.423741702639254224e-03 5.256299898805715486e-03 4.400059842552749359e-03 8.969826907388259987e-04 8.055549576536990631e-04 5.806452411866424570e-04 5.507290595656792308e-04 4.927647077168755821e-04 4.226483809432793315e-04 3.524330902131776722e-04 2.963668087274845043e-04 3.404337618229510889e-04 2.273805652146830352e-04 1.554621490930324179e-04 1.041089855630042410e-04 7.327223497851856207e-05 5.200381811876482832e-05 3.348708256202262087e-05 2.882928713088439468e-05 7.093048484176319498e-04 3.600164936501961364e-04 4.640963603024241230e-05 1.731968531699214567e-04 6.813132771838801595e-03 1.359058633949123351e-04
2.060251130671913317e-02 9.390912039747411483e-03 8.673965469805491879e-03 4.953140114926575174e-03 4.034331388130280895e-03 1.238072632772638107e-03 1.870599216560814336e-03 1.232485299986477894e-03 2.181079302206870036e-03 3.135219882918286946e-03 4.198077128650780712e-04 4.206920312461128603e-02 2.915717663396053330e-03 1.129593991257560461e-04 7.424843915244215141e-05 5.666374180714489497e-05 3.797672349805752382e-04 1.831487496380226389e-04 2.939489119811927582e-05 2.168324082790257815e-05 1.885887583772410421e-05 1.364203687096701783e-05 2.949103045581734131e-05 2.062257461791332033e-05 9.682932569586950587e-06
5.490327023443166386e-03 5.057060806734838161e-03 5.420164893423835666e-03 1.387300925176762623e-02 5.425709514538214900e-03 2.942376194467035810e-03 1.031058114652854329e-03 5.964686854865284974e-04 3.192693972606035452e-04 2.540834060659059434e-04 2.267330211595223620e-04 6.591042764473646577e-04 1.218676616142303762e-03 5.307056283077292175e-04 8.360662475814266610e-05 2.268885597534650285e-04 1.863492955953182024e-04 2.789662695744664399e-05 1.823870339454384068e-05 1.582495684005633132e-05 9.590594566243445173e-05 1.327737562861334950e-05 3.997820676939970569e-04 3.356145207941325123e-05 7.973691406601699964e-06
1.957825912553951345e-02 4.521001400216884125e-03 2.236606092179958902e-03 1.088879573161505732e-03 7.896184181231206143e-04 7.170011189545381566e-04 5.537834580958677375e-04 6.159802607373234635e-04 1.045376057221920766e-03 1.143929025281194582e-03 7.541514929796991600e-04 9.618996979464855459e-04 2.180787351146096416e-04 1.583748775770249637e-04 1.193173239445362852e-04 8.765580185031229083e-05 5.812552626347817244e-05 3.761445931557610219e-05 4.491769672318035990e-05 1.401089675747720206e-04 7.620540595606782673e-05 1.259602066300722311e-04 1.018547386508222472e-04 3.172070634179761255e-04 2.135975403108941924e-04
8.651489809392086394e-03 3.831336200111402565e-03 4.698330584959881442e-03 3.703093703312541635e-03 4.574875092280678707e-03 2.895481556428553069e-03 4.095383679696868416e-03 3.413122176379007090e-03 6.427336014020221906e-04 3.915928486551934970e-04 4.604591983046677482e-04 4.190455865319494167e-04 7.188791779312534574e-04 1.294156118278922438e-04 1.307272642749964149e-04 1.670623354108736027e-04 3.847716606457829316e-04 4.641977400785421247e-05 1.383420590503587168e-04 4.705984614199605100e-03 2.354173667500558881e-04 4.506939432706881917e-05 2.376299091218257459e-03 2.393988556908013517e-04 8.008871937843499780e-03
1.171992387668200492e-02 7.795291728503929256e-03 2.615228105822878929e-03 1.991974466213681030e-03 2.013870764206688018e-03 3.198773204360172689e-03 2.468324692794118987e-03 8.260236179845359969e-04 9.007546779655342195e-04 5.996646337343090319e-04 3.558448094819120192e-04 3.590927265097155433e-04 3.548320014448338566e-04 1.921456101275700868e-04 1.086505980761588404e-04 6.853878727976090096e-05 4.930887131399984896e-05 3.721087132888722037e-05 4.913350655138848014e-05 5.013659839964322091e-05 6.267021587578997617e-05 9.583745197610288227e-04 6.138911978543762013e-04 1.804234753913258257e-02 1.661958806527907124e-04
5.057500896510758355e-03 2.707966299735640840e-03 1.574163541668025272e-03 2.897618678455434870e-03 1.763440009189278694e-03 1.364754388682589076e-03 6.562851469694501449e-02 5.019479603424466946e-03 2.256708515494488740e-03 2.440650561075415666e-03 5.761124959919150523e-03 9.778165238160389967e-04 2.781323745254920534e-04 1.300352320170173855e-04 8.839988562121361732e-05 8.839565426751215332e-05 5.571189386174742593e-05 6.497047236309240340e-05 1.189087369503472654e-03 8.520334838881155092e-05 3.280677511144641117e-04 3.117980055099341011e-04 3.731058175288499285e-02 2.612328552100617093e-03 3.057849877288197887e-03
1.209720888138007475e-02 6.525426257108087394e-03 6.737646671641697033e-03 4.029678430198670169e-03 3.365542042814218763e-03 2.466771757242598468e-03 1.718254487981170668e-03 1.024419845303862651e-03 9.629417375907405822e-04 5.109652193996608175e-04 3.364995002973938227e-04 2.602232943465350120e-04 3.186128748318886443e-04 1.605318548231208695e-04 1.849075780840340620e-04 2.389503953076806131e-04 9.532222718986485500e-05 1.660698758077824150e-04 8.053240808090986191e-04 1.492425955171258788e-04 1.332407232165888633e-02 5.095102154053902238e-03 2.302369225029984249e-04 2.738274192714622648e-03 1.642012085393637980e-02
2.811083781969989093e-02 2.971531541695969503e-02 2.221848380533546219e-02 2.071667938435535830e-02 1.442019323898324420e-02 6.304965199576204569e-03 1.680662611239058584e-03 5.463259439956602440e-04 4.260982813596097900e-04 5.567920984931510123e-03 6.728471691679450235e-04 1.937801370740886567e-04 1.644598153980710714e-03 2.127681527496285178e-04 1.016704050623688674e-04 1.454181757671061878e-04 1.059162467741482422e-04 1.469113574326269295e-04 2.127426553316009598e-05 1.841338478109826125e-05 1.952107402437928269e-05 1.853127405557244471e-05 1.744200175250051562e-04 1.904443727502587056e-03 6.317224836689800099e-04
1.444973486055942287e-02 8.699717006080093934e-03 6.443181137113069244e-03 1.559035708997150681e-02 6.165912926825243244e-03 1.571250147096857211e-03 2.272999026882692192e-03 1.578018088071200808e-02 3.678133750134502354e-03 5.744666953128204885e-04 3.264030798976154456e-04 2.456625262025374963e-04 1.931217529054731386e-04 1.551124169374596838e-04 1.547175217469131054e-04 8.974220154813707573e-05 1.109804995741253789e-04 7.473315052301187863e-05 8.220849906759949586e-04 2.280847230200075599e-04 3.711519172714287463e-04 2.865415037063163799e-03 5.821400755325842336e-02 2.824443487902184372e-02 1.021959158782265512e-04
2.539714574105440478e-02 1.290548680032682465e-02 7.389440311646925004e-03 2.090730633361895761e-03 1.051411644752088190e-02 1.398570007639189129e-02 1.624834696625891651e-03 9.200954826490327252e-04 8.061417117740405508e-04 4.011475354472191965e-04 2.869059590960200022e-04 2.268346555014519501e-04 1.820054914776422241e-04 1.453217994752694199e-04 9.523220039337745510e-05 6.097805353412348220e-05 4.219372437619479054e-05 2.675053429272624544e-04 5.093523317776736106e-04 2.799808560386602124e-03 3.042958589085593808e-05 1.580622477916337885e-05 1.899474912858439184e-04 2.218220988366035657e-05 1.388292436925577054e-03
1.616080653257476879e-02 1.670027381669975802e-02 1.673761791672164628e-02 5.455431580469988218e-03 4.644407666310242794e-03 6.305190342737450847e-03 4.858016901093638318e-02 2.891406245117203455e-01 5.291595852943098595e-03 5.475653032850980647e-04 2.699029915895640179e-04 1.951899618601384576e-04 1.439457749219975066e-04 9.652286242829030368e-05 6.662553657899372771e-05 4.226474536393134989e-05 3.600951397565787875e-05 2.586024886181986719e-05 6.905511702729592209e-04 2.296176465917037975e-05 3.148354128328814634e-05 6.199801160536730837e-04 2.859290018936301971e-04 1.822155571684575329e-02 7.472352570458470477e-05
5.899548452083737751e-03 6.284386838930123599e-03 6.295483152365807626e-03 1.219208526493780788e-02 4.486239167074749373e-03 3.940783365590123932e-03 3.085535370251790092e-03 2.081757137951154458e-03 1.872404990428909715e-03 6.660545827763744188e-03 7.091586866681946245e-04 2.709034665252061801e-04 1.445442790130399167e-04 9.235158690782065323e-05 8.167307863405300658e-05 2.977955666526555206e-04 4.014903328034709047e-05 2.410656135192945076e-05 7.914794094996938274e-05 6.839520115907917895e-05 1.759960360929105751e-04 1.022696792916828138e-03 1.357609535675306268e-03 2.008638208047627393e-03 2.036494404981313263e-04
4.991387325566358502e-02 2.445733182632934405e-02 7.785809441950923213e-03 5.930004303695621606e-03 4.591660888743393128e-03 5.224484002684041950e-03 2.423938433983448618e-03 8.187721140966311775e-04 4.979310781873504338e-04 4.492868784931039125e-04 2.303027162286051810e-03 2.952238049142266361e-04 2.055965633472762728e-04 1.333898818801924674e-04 8.386571000164719421e-05 5.870342014861941747e-05 4.852120502554769198e-05 6.379204150682078224e-05 3.206098509322745057e-05 4.435962462827071725e-05 4.900462789451552945e-05 1.769785746323172869e-05 5.472122069866994188e-04 3.270938822835585700e-05 1.534857660691146906e-04
9.626727874876790658e-03 3.007146962143178535e-03 2.512187547061783821e-03 2.034245914513768162e-03 1.133133220977106765e-03 6.229852255454970461e-04 5.523332952410269512e-04 7.050518336514614978e-04 7.315119898809875187e-04 2.072676357191327590e-03 2.589541688869320419e-03 8.319360042143059044e-04 1.890906894490487354e-04 1.152457337346477726e-04 7.432599830746454449e-05 4.843942087577057673e-05 3.397644570918679721e-05 2.569075818432737282e-05 1.935848258455699845e-05 1.823165212974450444e-05 1.837428271662365847e-05 2.390535407696616445e-05 1.310428071363660949e-04 5.696957228757475872e-02 1.400550021653357410e-04
1.344792492995372513e-02 1.441117195284757381e-02 1.625696654221409077e-02 2.012421716971156058e-02 2.513291554786476270e-02 2.596838803066254045e-02 4.493674631024547304e-03 1.202653277932940259e-03 4.945373398047809644e-04 5.730792175460172177e-04 3.317764717034750433e-04 2.073147436987352998e-04 1.308619878332459405e-04 1.026996364242043663e-04 7.709997986450325893e-05 6.301499836787431024e-05 3.906489990858150191e-05 2.981580221342191000e-05 9.244347414817286838e-05 2.112928717680485381e-03 1.149248819672052955e-04 5.648447002133823950e-05 3.067721766578589241e-05 1.935821665170568343e-05 3.315061851775978857e-05
2.488158648796657407e-02 3.096804540157459609e-02 3.082318883827733086e-02 2.350926934635430218e-02 1.087932272641684711e-02 2.361695873091018347e-03 8.131422953591046750e-04 6.166062259983437488e-04 4.785145999035890236e-04 3.803112388749524094e-04 3.037124842327460048e-04 2.234981672884317852e-04 1.749044093085974096e-04 1.487328528167969973e-04 3.198431387969340634e-04 9.787787371700384172e-05 7.545006179846920548e-05 1.167075228150810286e-04 2.735790877313461992e-04 3.960218000595488660e-03 9.358606858583148045e-05 1.050652562111382103e-02 9.022416175069316799e-03 1.992680025480477954e-04 3.501210210497026319e-03
2.880144118493668456e-02 1.905631016199460515e-02 1.006554823230274703e-02 4.528871892336303225e-03 1.873433230650023039e-03 1.068937165636193402e-03 6.434895029225383770e-04 4.362323428643069263e-04 3.233388524941207599e-04 2.636857129091181801e-04 2.204852706909490130e-04 1.643591182413085795e-04 1.324266914480681497e-04 9.457724207327291167e-05 7.031049344462299440e-05 5.353956339194361556e-05 3.962462151838600432e-05 2.943892198740201511e-05 2.396236863974003295e-05 2.274346412829194040e-05 1.712257214442965136e-03 3.243785773879960337e-04 8.889240784132917852e-05 7.552359430184337830e-04 1.460715831277537978e-04
1.636129583476822816e-02 1.171793915166070670e-02 1.027710194873949524e-02 1.264634539558610188e-02 1.024707503004352802e-02 6.160021943904000867e-03 1.761978769696047765e-03 5.395709783139335117e-04 3.219378431866039302e-04 2.807686150360386786e-04 2.327863054536331074e-04 1.919871040346750432e-04 5.825440110402952494e-04 1.610519149793268156e-04 9.938909532910420927e-05 7.153663293937399532e-05 6.584893817438957210e-05 4.631404866094048574e-04 1.062969079283238374e-03 8.689977201823705956e-04 4.240068070748807821e-05 5.057216087225704969e-04 1.142175335961990263e-04 4.827347983642280536e-03 7.705200442668252471e-04
5.404901753557785765e-02 3.526703088670807978e-02 1.435100796111383331e-02 1.513491130392097088e-02 1.128464027297649760e-02 6.687573357805299754e-03 3.587376124913711772e-02 2.901579362440212528e-02 6.102750196453425244e-03 2.055659885228435305e-03 6.462926151426577571e-04 2.582153349255775676e-04 4.302759987858681759e-03 3.582779307546454469e-04 2.308816073548385962e-04 3.833094633602543802e-04 1.411775285274647750e-04 4.550132403413972718e-05 3.913691875283384114e-05 3.753998830965632304e-05 4.296938093064962025e-04 1.281112687797734289e-04 4.318786248259864295e-04 3.091255153277853301e-03 6.534885006259203051e-04
1.235880206302228390e-02 8.199117726456253349e-03 8.945081770147923425e-03 5.843524469326015665e-03 2.140249302445068006e-03 7.190077066321752140e-04 5.614100276129944988e-04 5.205172643687453913e-04 4.059226957316278204e-04 3.244724267420333319e-04 2.761909794756952090e-04 3.113052225818876560e-04 4.139197311501001592e-04 1.252928651815347243e-04 9.075903341843535323e-05 6.034920354652163228e-05 4.426433743217416365e-05 3.483595359141834763e-05 2.044609646586735563e-04 2.716768983494535208e-04 3.468570138654186090e-05 2.093443753141923020e-04 8.861150261487157973e-05 1.972688083267200957e-05 4.980796906875976232e-04
2.407516241310190749e-02 1.563829199019650673e-02 7.419373220012910608e-03 5.248619676996314418e-03 7.810671706263685489e-03 4.319481289919090486e-03 4.434283978854579658e-03 3.209632559968486967e-03 1.690617169559232918e-03 7.628955227142973899e-04 4.225309887563955067e-04 3.706304249963046898e-04 3.158070695930993840e-04 1.768439509865167624e-04 1.043119828012405208e-04 9.105156901102337758e-05 3.061895657293590891e-04 2.432775165068299175e-03 1.209841379730312942e-04 1.858548461005011306e-04 5.145799814584262971e-05 1.403029177024374624e-03 1.019170775501166120e-03 3.387052948611897485e-02 2.816119050608951774e-04
1.422934754334889522e-02 1.145114820068148659e-02 6.468218205091794647e-03 4.026043427370553859e-03 2.153163586503029341e-03 1.298225679568171774e-03 1.053673704354229218e-03 9.407856165059641984e-04 1.004657025536939479e-03 2.071771545694708633e-03 2.599112303167242389e-03 1.167255851264753855e-03 2.211911903816341537e-04 1.871826942764412535e-04 2.106849016903171023e-04 5.973829113219898570e-05 4.983409653212938090e-05 4.378322046486120809e-05 7.940479454376243569e-05 2.678226419317526660e-05 2.554297632837682522e-05 1.216028157636285555e-04 4.307950652172536196e-04 2.061279693843588495e-04 1.116042783355629521e-05
8.416742086396127726e-03 5.079162435047996672e-03 3.772397339832010438e-03 3.631671127558390878e-03 2.915487817532477939e-03 1.448633009056777849e-03 7.923440327615683624e-04 5.870324687993445315e-04 4.476475798196420251e-04 3.148407417589315000e-04 2.597235572173999408e-04 1.598241905993541773e-04 1.281142868536017175e-04 2.635089028431899377e-04 7.084171562261613788e-04 7.014265737345315118e-05 5.707556825986116197e-05 3.481802334447662477e-05 2.898754676688987365e-05 3.968248335713289401e-05 3.626580543714420508e-05 8.428021622692584945e-04 1.689849919819877975e-04 8.974093167531881857e-04 1.500621492301017169e-03
1.175049889655708536e-02 7.403234604781422715e-03 3.876817068237295438e-03 3.568827997136141128e-03 2.212395318126066102e-03 1.288404580151752531e-03 7.117386182534102268e-04 7.502449625128592998e-04 4.374869384309245540e-04 3.465433085804344717e-04 2.656248665703895054e-04 3.016818005554953628e-04 3.656564391653533449e-04 4.612834581575195672e-04 7.740556990924999552e-05 5.304971644498329556e-05 1.489175269343284572e-04 2.727830150160488702e-05 1.206257325164170893e-04 6.829499930065115144e-04 2.221358351230744133e-05 1.483897716340273705e-05 1.758441510666401464e-05 5.078300625431011669e-03 6.946874282395981183e-04
1.282031238565792611e-02 7.605060137777590844e-03 5.756198651967266329e-03 4.078514221490129286e-03 2.928828802921804638e-03 1.800055642438769775e-03 3.047724720796415095e-03 4.074914970980053966e-03 8.469294465518486213e-04 4.271831321654663755e-04 3.215214818194766914e-04 2.612568251001676266e-04 2.085483789180977683e-04 1.363238690591314238e-04 1.236006171664864775e-04 5.739398501738293755e-05 5.112381439407977305e-05 6.920816058353887630e-05 1.107494035355233896e-04 5.542696618074534863e-03 4.884204829370647445e-05 3.756064031152525721e-05 2.793455414352717759e-05 1.797038063476965643e-04 2.126814593265742223e-02
6.624802764232690100e-02 1.199541186737760820e-02 6.109817547620291153e-03 3.563333820262091448e-03 2.608078416564143208e-03 1.326407833348947508e-03 9.442880011499458571e-04 1.046440159466458094e-03 2.378502997006275502e-03 2.976467449567130052e-03 4.031489758892496016e-04 2.280506570657335962e-04 1.656578573862754918e-04 1.107930463470967007e-04 7.807310357963870436e-05 5.014116058623026702e-05 4.402228687129377540e-05 4.853057919250141207e-05 1.824606553835805335e-05 1.549854275016559091e-05 1.720461092239702468e-05 2.432816144214685684e-04 1.976237093488344065e-05 6.200144296398130963e-05 6.862241372997360256e-02
8.990770932784448999e-03 1.925293231485337986e-02 8.508064779794374116e-03 5.069152538975125327e-03 3.689622907527266918e-03 1.832358354404766678e-03 9.565355746971291890e-04 7.333842997279612112e-04 5.477913228561536070e-03 3.650543315029437449e-03 7.059067843109783193e-04 1.959265974268239888e-04 1.832484624016641908e-04 1.169682841587012576e-04 7.049631666706546466e-05 5.362482803167310829e-05 1.754141374151130727e-04 3.568460705702910846e-05 2.019766850110810740e-05 1.617520262996103496e-05 9.436237501712991995e-04 2.110475619216405530e-05 1.156621360064911301e-03 7.565680341514466963e-05 2.529691742829715960e-04
4.555683808503058381e-03 3.500399783920239444e-03 3.110159011173525140e-03 1.267288223220489280e-03 1.285670614578774415e-03 8.212667012912379383e-04 6.093112649097757235e-04 5.285621137270194456e-04 4.329038134494045680e-04 3.355656422008919827e-03 7.147392125700308477e-04 6.636465994727477500e-04 4.255443375852925418e-04 1.459767928219141305e-04 9.225050565979071111e-05 6.318703986127487452e-05 4.624506443260166462e-05 3.210572514837330615e-05 2.196402589068290994e-05 1.749569933634074375e-05 1.168141683374962760e-05 8.081074210718979369e-05 2.579238854145163331e-05 4.498582738318666614e-04 1.423710074245193863e-05
9.225821402756569783e-03 6.991576922564422640e-03 5.226945171696581634e-03 9.333575396249146547e-03 1.078560438622258762e-02 6.451624144233657557e-03 3.968970408129691985e-03 2.979228263958744183e-02 1.284537378454009976e-02 4.651489394277422205e-04 2.823432384777777309e-04 4.695450289409128491e-04 2.703970926323524381e-04 1.301051523190698618e-04 8.960231389531284594e-05 5.480791152782119252e-05 4.548564929653515333e-05 3.871863544801965414e-05 2.554434886183669454e-05 3.672737428494499948e-05 3.766579677305447013e-04 4.874006490718418762e-04 1.136759444404238822e-04 2.363827616209334629e-04 5.058570092166984411e-04
1.595983379866976193e-02 1.302668111126460693e-02 7.815719924920855669e-03 5.425638281554765602e-03 3.884434506027979045e-03 2.093886658979466579e-03 1.674833097678588012e-03 1.035977728460243724e-03 5.326571642988088984e-04 4.601127116659642661e-04 4.532944326574927596e-04 8.881446391148062162e-04 4.995512918746363188e-04 3.004205910664702636e-04 8.571456377339033042e-05 4.959363433430301170e-05 3.747264556927192529e-05 3.031037244034922101e-05 2.323617958525730863e-05 3.941763863291776211e-04 2.340512206095259331e-05 3.566887796299100257e-05 1.690519679983287261e-03 9.403679978417865519e-05 2.238808494564977956e-04
6.830944822069043298e-02 3.170880707647574098e-02 1.943830485742691072e-02 1.615541962938953774e-02 1.489349054967231516e-02 1.100542950771289663e-02 3.025469657098437543e-03 6.960308216419695652e-04 4.297145170807746138e-04 3.505956789321889385e-04 4.300085512032911336e-04 2.894681519475256616e-04 2.095497277980714929e-04 1.571420737652160296e-04 9.546493233933173476e-05 6.602223058938890444e-05 4.978889644572099106e-05 3.477772253487001097e-05 3.770634034470225803e-05 6.263817585379495123e-05 3.807175744769024980e-04 7.274824275553208987e-04 1.979997864593796076e-04 9.950761897407142328e-03 7.715313141426328666e-03
1.038971991332768643e-02 8.763848333303833615e-03 5.936115640957716211e-03 7.148758608429730058e-03 4.346919553818173049e-03 3.598012984161240609e-03 3.338294850297540608e-03 3.940941176737212427e-03 2.557558025522511762e-03 4.425083101046422543e-04 2.211793103578686139e-04 1.708464642463445975e-04 1.416488635946560421e-04 1.112466767171283230e-04 8.952622520588036199e-05 6.877599399743581146e-05 6.558559311924944254e-04 4.383748543365528246e-05 2.283799317183594370e-04 1.479726011351854787e-04 2.793488178241577562e-05 3.038038807508437896e-04 3.609568699229961106e-04 1.111732962554012232e-03 1.299803933373883482e-04
1.175750728170826473e-02 2.060189861978609788e-02 2.406754209160814548e-02 1.646144834366581461e-02 7.131964026908765332e-03 4.400957526738013929e-03 2.473969154241134095e-03 1.455598619626700214e-03 4.416669317924594440e-04 3.446508789026360561e-04 3.096016069097341718e-04 2.411551595501558606e-04 1.693639284195570382e-04 1.302417136085875203e-04 9.140237483986802408e-05 6.889390787226856629e-05 6.154828449499676188e-05 5.918430514592294201e-05 6.910431290974055262e-05 2.245337316420418865e-04 1.448132057211053581e-03 2.125744327823835510e-03 1.530692225844327561e-03 9.275713805936482311e-05 5.116722112412927037e-04
1.390818814471913786e-02 9.414045137960362977e-03 6.192966047395440272e-03 5.701082953971694720e-03 4.419640527377457530e-03 5.232461795020878874e-03 1.752591223441276507e-03 1.037806524320203415e-03 6.550451691525466117e-04 1.068898753344825958e-03 8.150586367270465371e-03 2.853806420075170359e-04 1.820615994670662821e-04 1.181977356170426150e-04 8.872501381827417697e-05 1.420154677425902940e-04 6.338815654484258324e-05 5.217012635705447549e-05 5.653635572665796437e-05 3.844965111752841891e-02 1.424349143676327013e-03 1.901802158009691340e-04 1.030884468581726567e-04 1.468958227138419264e-04 5.835572417753605388e-04
6.436226632094230009e-03 5.725713761746928886e-03 2.520265579266410278e-03 3.174507846970714506e-03 2.307502671766861226e-03 1.769727806779415212e-03 7.599985737721068769e-04 5.954836037619618168e-04 5.285611883519383044e-04 4.656148518176537305e-04 3.296773168153579732e-04 2.187862432508669991e-03 7.119762938277411244e-04 6.992126117713849068e-04 1.176389210486929090e-04 7.072641710259458298e-05 3.968783659577274097e-05 3.266191237114180336e-05 2.771148864903941704e-05 3.850094723383973305e-05 2.700995081222924959e-04 1.745989296826296706e-03 4.029448961148765539e-04 1.422645636166490956e-03 7.501906865897680840e-03
5.251644680630526522e-03 1.673859612950666332e-03 2.574446839225945013e-03 9.284507797580357448e-04 1.169608516614720119e-03 1.004863608717186619e-03 6.317148461539573564e-04 4.925231631993145500e-04 3.746018056419832070e-04 3.083621265187191799e-04 2.280128350677269747e-04 1.847170105763041963e-04 1.444900370710570198e-04 1.038251689952686147e-04 8.049167659341241248e-05 6.275234359791873788e-05 4.363346237529735209e-05 3.205669397403125510e-05 2.280661483939162021e-05 2.691915988689900477e-04 1.937195100193714553e-04 1.798179748666991489e-05 2.068009420668875649e-04 1.886055314940301303e-04 2.979491813299541881e-04
1.492583364340205332e-02 1.458305701199065843e-02 8.930663668249532242e-03 5.814425194733955325e-03 2.460488381716125980e-03 1.344123168517327065e-03 1.410768150787910114e-03 8.326971241232522308e-04 9.507000744851813300e-04 5.478417820039446469e-04 2.007445842090530182e-03 2.352427106260717761e-04 1.576009358748598225e-04 1.124916339599628449e-04 8.017517686526494391e-05 5.211217635664405583e-05 4.297922773794671540e-05 2.254904585883654537e-04 2.407254230202397172e-05 3.095602695674425027e-05 1.555089394744321978e-04 5.024572164262129469e-05 1.580090644684765348e-03 2.087031752461977318e-04 2.508200187363166574e-04
1.132848000200171318e-02 5.103863499427462209e-03 1.754191304107897932e-03 1.261032823940658144e-03 5.893182484943636744e-04 6.371334057954916238e-04 6.038855999191833097e-04 1.199465885753008302e-03 2.587504751847981028e-03 1.266049972619764452e-03 7.160741393618105322e-04 3.271245830910204889e-04 1.671956107670311085e-04 1.537998794901731896e-04 3.521376019739472316e-04 6.550917421751774414e-05 3.676120877365643956e-05 3.442226034931658530e-05 5.756000923046348606e-04 5.341927509541508166e-04 3.294896209046787759e-05 6.235324273259367812e-04 1.113852494301733389e-04 6.024899011553818675e-04 1.892935566834835426e-05
1.697641981725738977e-02 4.657128407580005819e-02 6.596097101828406195e-02 2.009114075024641052e-02 4.434918435467861790e-03 1.360655010392958523e-03 5.941540301048272178e-04 4.920484663774101364e-04 6.157559741386545637e-04 5.441067744721847727e-04 5.699839065874266926e-04 2.120608393079550038e-04 1.444892854218329022e-04 1.002684338709461381e-04 7.253712473675438658e-05 5.442703992291422359e-05 4.290255533041305330e-05 3.361355702737440593e-05 5.835234952828469244e-05 2.417051839794676240e-05 2.002253532883858928e-05 2.049032354357104981e-05 4.558236202230329421e-05 4.497559609513892957e-04 2.631436775797827798e-04
5.266428367831229099e-03 4.192697613419105011e-03 4.043613279258007065e-03 4.002657010099835641e-03 3.113310286406636030e-03 2.488186152864166074e-03 2.164656709288036336e-03 1.800669868330643901e-03 1.472168555175337387e-03 3.512830693602446083e-03 1.137307740703034876e-03 8.383475957275250646e-04 1.503925330370152220e-04 1.150405085313059556e-04 8.679444828303838522e-05 6.190226957742374293e-05 5.140022905859730791e-05 4.189536326118338603e-05 4.503181730895138935e-05 4.838696225207913702e-04 5.968048903330063496e-05 5.795154552303342471e-05 1.316997781732294817e-04 1.009816026405174066e-02 1.563232960009085151e-03
8.684403005349639396e-03 4.740813338060236894e-03 7.254172669791485867e-03 4.424000042688548857e-03 4.345060282586216995e-03 2.008328079406894884e-03 8.877825405951227490e-04 6.314966788138878578e-04 8.078881917715677969e-04 9.586941615481832032e-04 4.179898929843342548e-03 1.829331253196677179e-03 4.094051566518512142e-04 1.263944454405229508e-04 9.627706331707762801e-05 6.072476557681288537e-05 3.965739687103104393e-05 3.318611139234397460e-05 4.064366936946199583e-05 5.554803501035964104e-03 3.058721861871972259e-04 2.985156093316496077e-05 1.493496055731077007e-04 2.643632075662817518e-03 4.030117412240991287e-04
4.286441192155486177e-04 2.946250832016757658e-04 1.536644378398695557e-04 7.190753568831636557e-04 3.880104788109896025e-04 1.812407074164818313e-04 1.272255832770144586e-04 1.698333118541986452e-04 1.437645437226184168e-04 1.169033932926517980e-04 8.800285794393768353e-05 8.114765903318039151e-05 6.038847898630373692e-05 5.149570908995236492e-05 4.355893705792315737e-05 3.847503054829559622e-05 1.729650669031049042e-04 3.548382079189059624e-05 3.423579131216499091e-05 1.876603010766661234e-04 2.209272191091866261e-05 2.039931431745367575e-05 7.559424317985890792e-05 1.628769814223687040e-05 1.866588271563318733e-04
1.143553955194299108e-02 1.018854561608127304e-02 9.126861650147590280e-03 5.854055251505816543e-03 2.834069311764877194e-03 1.458310891473750060e-03 9.077712932448332890e-04 6.379954072863757743e-04 4.125031571607090252e-04 3.749129020564212901e-04 2.665071484996800835e-04 2.154512740120351699e-04 1.559823568282782814e-04 1.179526041792070695e-04 9.081479361790364101e-05 6.768385372103556544e-05 4.460232904697097628e-05 3.339591981656086432e-05 8.141637883227427410e-05 8.565022829610708949e-04 3.734151659192574881e-04 2.354537979010615576e-05 2.779694703351151281e-04 1.471129513789744550e-05 1.241999115122982523e-04
6.827015356060260783e-03 6.470122566587076761e-03 6.079350254845974043e-03 4.227460013689304623e-03 5.688192906957687672e-03 5.131948363652591438e-03 2.975015681235048531e-03 5.257143588278560343e-04 3.645119024248240835e-04 2.954067881995121251e-04 2.653975166238139397e-04 1.830941016952683552e-04 1.454013404370951531e-04 1.927368657895648708e-04 9.598995194028467478e-04 5.630967644889598795e-05 3.906131843257642692e-05 3.580214110160378344e-05 3.496535612315058978e-05 9.043022404246212683e-05 6.327379931915971855e-04 3.631503074240712844e-05 3.264249644419973105e-05 6.706007405253304379e-04 2.930223031448815803e-04
1.280570007441871917e-02 7.697659014193483987e-03 3.590744807512466497e-03 1.717484321618119748e-03 1.075108625246971785e-03 5.293935056030842122e-04 5.051676501686508478e-04 4.215017578689354838e-04 3.591925527832413672e-04 3.069728289950818105e-04 2.496213224014833866e-04 2.429727902767230127e-04 2.033023323734347231e-04 5.638874562019803843e-04 1.126295826626560472e-04 6.612212708659308171e-05 4.333284191035039314e-05 3.044040548119789045e-05 1.659964520797629895e-04 3.218211884493064738e-04 5.332247862977002387e-04 8.853716323140485914e-03 5.827655828518974509e-04 1.518347050824893308e-03 9.656160218836271861e-05
3.698445211457704329e-02 1.049130637696850735e-02 1.292563070863059216e-02 1.293153027076050614e-02 2.084454615565140001e-02 1.418379905919945651e-02 1.489954079070813509e-01 5.140507053008664187e-03 5.591481312375346001e-04 4.553657081689724663e-04 7.966670289723205628e-04 7.023855797836531939e-04 1.556988636775583849e-04 9.503866246671457594e-05 6.187027844090012675e-05 5.304085096056966250e-04 3.101344697779761725e-04 3.143851994464203501e-05 2.998816482943172812e-05 9.506551911597611545e-05 1.428670475610745612e-05 1.804676413980348549e-05 7.612670321675447114e-04 9.475785958758420769e-04 1.388894638002799355e-03
2.124944248779114461e-02 1.610938784535420956e-02 1.515790156866135552e-02 5.906161560429443354e-03 2.879911736116715082e-03 1.470800689648706821e-03 1.172761809678395757e-03 2.146198164249703017e-03 1.651823527513174381e-03 2.813034016209968219e-04 2.194961451301585017e-04 1.863906833551102463e-04 1.530063862222088287e-04 1.162546050321511043e-04 8.422114452316221500e-05 5.334623017396905755e-05 5.330950254010749653e-05 1.196759681547982044e-03 7.256472124640116076e-04 2.357120258934327522e-04 2.984233717194295144e-04 3.219893555427380018e-05 7.481316657749272916e-05 2.921343717153713658e-04 1.800203094372248680e-05
8.657864884094285118e-03 3.101222517471061927e-03 1.683478572136067877e-03 1.067826337086940627e-03 1.140963510816557936e-03 5.035712295105907290e-04 4.926940004352419128e-04 6.963506133978177677e-04 5.444151019726995583e-03 2.777225844751294442e-03 6.150003716891123094e-04 2.740076252954426971e-04 1.883349078365375965e-04 1.450193717646171667e-04 1.122764494397927490e-04 5.750060279663907626e-05 3.732039490306619561e-05 2.824330480729891500e-05 3.671722686535599026e-05 2.329053170738449024e-05 2.423735594214131291e-05 1.370086687003531064e-04 4.662607427768388808e-05 2.668224003422390157e-05 2.430268533454839840e-04
2.694223196781376020e-02 1.501736037453569282e-02 5.182895053126265403e-03 1.423050346731574147e-03 8.427826309291419756e-04 6.553691615763342819e-04 6.910920734522336918e-04 5.482428301439012117e-04 3.790742563439095558e-04 3.568735367513999014e-04 2.813191551120396215e-04 2.241406140102005179e-04 1.435459513205856758e-03 3.200711142764766336e-04 9.715437251550966199e-05 6.393829216725115030e-05 4.915816702137370696e-05 3.190006006330705984e-05 5.263560275142513617e-04 5.403589035815777302e-05 1.420754383253910566e-05 1.110896580011099856e-04 8.810866068895951920e-05 5.219417167749137103e-05 2.844849708348555907e-04
5.029547164466734860e-02 6.259684658559216963e-02 1.253486318317346693e-01 2.146903442285856209e-02 6.205391800792625992e-03 3.731924489366511468e-03 2.159283129907315062e-03 1.526487673138994181e-03 6.824184033690190243e-04 3.855525377154103359e-04 3.032932041111991860e-04 2.217996820058018852e-04 6.751678170292718835e-04 2.232291682090013069e-04 7.735016827960471120e-05 4.862820271191144124e-05 3.292476878846449436e-05 2.515783351216732325e-05 1.612207624918282807e-04 1.121760881654851712e-04 2.622658538521961997e-05 2.901631265741325634e-05 1.971541522077746602e-05 1.184556959865329384e-03 2.152713635618695807e-04
3.479647584564782205e-03 2.649530097010073786e-03 3.492704842794232094e-03 5.128610837425556443e-03 5.317557213761813471e-03 3.619894202193664392e-03 4.365322656295036151e-03 1.806542934115673658e-03 4.598611917102117183e-04 3.974810225231525441e-04 3.023351706243418966e-04 2.448899625718932113e-04 1.813380032970756566e-04 1.166840583404066663e-04 8.344407435687963112e-05 5.496114669700498476e-05 3.332754884434453951e-05 2.422942632149264593e-05 4.462422265875493023e-05 3.200621281040579328e-04 2.420927599739601044e-04 1.278771294365799766e-05 1.801557816696466928e-04 2.696182057647310859e-05 1.070546324847980240e-04
1.673940103972125851e-02 1.568802273967121949e-02 7.065904915030923016e-03 3.751168442306829220e-03 2.183582854494138092e-03 8.364880707915559174e-04 8.193897020131100896e-04 7.825671431695106067e-04 6.851302187200080827e-04 1.243110563300939926e-03 2.740608698943930248e-04 1.899649571236864992e-04 2.068941063003772477e-04 1.332048942028267143e-04 8.354951069818784977e-05 7.616001743837317651e-05 7.203263125894355926e-05 5.527907904478651462e-05 7.208843830248711025e-05 6.535727394889707324e-05 1.252338275830914779e-04 3.595558146167999688e-04 3.894988937666626254e-04 3.842443366861601826e-04 2.561790262170032199e-04
5.422317084217640089e-03 4.973931952303742819e-03 2.813751219906006351e-03 4.165109523854557995e-03 3.658377621949769447e-03 1.718169926571198533e-03 7.127706543439678386e-04 5.873008944509866026e-04 1.431136274718652728e-03 1.951613722838795159e-03 9.832925194709909392e-04 5.985447622635222753e-04 1.700403708352540974e-04 1.375466651657297886e-04 1.028803503774101139e-04 8.900373998831110701e-05 4.844885658651720351e-04 1.071283347991706952e-04 9.815892830551212222e-05 5.858419246970730668e-04 1.000764882658691964e-02 1.623876123515866424e-02 1.046103710919415834e-02 1.532247648723841175e-03 1.610014442182383480e-03
8.448727968782451456e-03 3.905755153609320480e-03 5.329976631443506668e-02 3.462990275163866372e-01 2.820586796883500086e-02 4.989541805951062947e-03 1.370848115756384761e-03 8.719581767063079407e-04 4.297760158781972891e-04 3.443729493803905617e-04 2.749189937434362531e-04 2.054596546086508808e-04 1.448409516580197241e-04 8.742469964301238414e-05 5.884033487295165340e-05 4.230328566647297115e-05 3.030841908607126786e-05 2.180810686571333924e-05 1.523748332242637232e-05 1.277717103371843608e-05 1.003529087911654403e-05 9.297468891968537540e-06 3.744465007936902752e-05 4.444262477822995511e-04 1.203165353749951686e-04
5.599483592734143603e-03 2.499091056078851358e-03 1.475810293061991917e-03 1.108720075273059808e-03 7.256971739200205034e-04 8.347872958532641169e-04 7.542357864146271218e-04 1.282742674701641689e-03 6.488323653147466718e-04 4.500663159438178171e-04 6.340653256579575209e-03 1.784305275945032368e-03 2.552036492742212090e-04 1.427224802487169809e-04 8.674224093411416208e-05 1.287069410754488209e-04 5.205234231476373621e-05 3.407832583273926326e-05 7.137213771126346099e-05 2.519175819101266187e-05 3.550281269309921010e-04 5.291008425217736061e-04 6.071834761927860126e-05 1.456561671202102377e-05 6.931174875306967873e-05
2.667112357670102865e-02 2.193777599135793982e-02 1.519153091343584949e-02 7.952832193355770588e-03 6.706876463813058777e-03 3.623712106993941338e-03 9.860425574296362121e-04 6.750706456590124197e-04 3.670227381697787716e-04 3.465277779626569797e-04 2.735773647944099570e-04 1.858412208965129801e-04 1.381291022525728827e-04 8.786940998495173128e-05 7.338439136771407554e-05 5.524106756372713684e-05 5.307727955260327504e-05 5.493344841740961296e-05 2.961822145904794847e-05 8.063057360218580164e-05 1.425139903392971775e-04 2.577012657834504695e-05 3.563582575601730918e-04 1.186511150548350815e-03 3.804725868892464696e-02
9.944012663374321090e-03 2.339364917746971848e-02 3.787062676662354688e-02 8.798145206487443734e-03 4.921717753057065423e-03 3.304343888696719030e-03 4.176060301505016802e-03 4.067110214941396795e-03 1.105749819828824457e-03 7.242218613714518577e-04 4.106655582975265897e-04 2.636710211763102613e-04 1.551340869730644069e-04 1.104103786904431071e-04 8.586050093339862442e-05 5.696267377984449352e-05 4.187528862919627585e-05 3.273495338761646845e-05 3.072835075304889411e-05 2.511616925879583007e-04 4.311197544796612185e-05 3.277627445861996057e-05 3.447270893091874543e-04 1.669425960159982543e-03 4.134875961406282697e-04
2.034542416072174231e-02 1.542883995046183225e-02 1.246995495293218813e-02 7.597069143736575290e-03 3.299169146273887767e-03 1.165409321225273223e-03 7.997512387511359613e-04 4.899864912296214136e-04 4.505636445622865360e-04 3.307391532428709540e-04 2.920635499109492002e-04 2.221483171141130464e-04 1.671393922203673636e-04 1.416883581733980344e-04 1.190328688429876628e-04 1.013130291781372933e-04 1.099430668660671004e-04 7.652491058999851968e-05 1.049391344945880395e-04 4.894179354996480019e-02 8.980669778385294306e-04 8.881046645636611202e-05 2.115341089429549561e-04 1.592504452928946476e-04 2.646864504449290573e-03
6.071095935973188154e-03 6.211314489932228365e-03 4.489181690071711653e-03 7.222844753887088139e-03 2.081096803372842804e-03 1.438369463765599597e-03 2.349034475347519871e-03 1.136616314988973288e-03 9.414038305395809559e-04 9.412663266600228805e-04 8.485790633810785105e-04 2.152805808985659155e-04 1.805904485991759038e-04 1.265278233994909546e-04 8.389454039466799910e-05 6.045354112141114661e-05 4.664328550996496803e-05 4.435275632444314934e-05 1.059546122752161052e-04 3.513805098790766094e-04 5.697773729510518398e-05 4.228671516846314101e-05 2.078168227370302682e-04 3.105994634693052912e-05 1.519418262492094060e-03
1.811885869993168016e-02 1.124764858450827409e-02 1.350884627103090922e-02 3.774831212160113109e-02 3.589553290204029051e-02 2.327698758249756826e-03 2.441506072340760090e-03 3.309185917199562905e-03 7.030415571818264542e-04 3.710118896388662937e-04 5.274133005350170253e-04 4.173020880466284566e-04 1.124103789616463409e-04 7.361434036337339420e-05 5.658543553546249374e-05 4.431432643332662764e-05 3.783382098280900653e-05 3.072306049009155692e-05 2.924985369893582705e-05 1.185836090743705147e-04 1.405640468255065303e-04 3.831456800079244729e-04 3.342331038644901116e-04 4.241850424131376096e-04 4.952697870101597507e-05
5.736798573178928350e-03 1.437805376720017667e-02 1.002217719275192986e-01 8.313550797093481604e-02 1.239939367668189789e-02 5.801502747778145008e-03 1.922824106849711865e-03 9.051498267406925648e-04 5.425808618618961675e-04 3.147242701282435625e-04 2.421970126640435458e-04 1.782274470498813391e-04 1.463191564319526300e-04 2.584352340487182874e-04 1.752285426430627102e-04 7.636814947050571335e-05 3.881175924224605729e-05 3.178704112748687255e-05 3.116946447181821083e-05 6.444987677927553127e-05 1.015005068123156235e-03 1.663922901071572321e-05 4.348679656072142728e-04 2.863699204433432029e-04 2.291113894673376349e-04
7.338022139748295869e-03 4.458372505811068753e-03 3.946181166528996316e-03 2.381166316716111335e-03 1.659708590060144165e-03 8.270751316799777181e-04 8.619310303168303431e-04 5.583490022304488749e-04 8.031029090465067804e-04 1.425476483787373617e-03 2.844390774866862974e-03 1.831204218940132638e-04 1.198979467360604726e-04 8.396585475920227411e-05 5.800382070836515287e-05 4.625141130477477278e-05 3.230606396244972207e-05 2.571962375764026446e-05 2.285253904749726258e-05 1.698594009727674213e-05 1.245354065253283533e-05 4.168755386299691679e-04 4.727458796080324628e-04 2.330568524514273307e-04 3.174917161796711094e-04
6.962883258684958443e-03 6.323973678411029704e-03 5.600592441376273795e-03 4.338573434947935389e-03 3.446387823282237497e-03 9.820105654867565537e-04 5.056506147074828986e-04 2.376641412782321753e-04 2.454508472881557907e-04 2.031376935533083612e-04 1.847285872911153676e-04 1.604659821197322361e-04 1.362268182841763731e-04 1.026192070557450280e-04 7.553430457707693715e-05 5.109545632000881565e-05 3.708619148262240505e-05 2.701029089734843281e-05 2.136961640416588392e-05 1.566145662967139644e-04 2.358472633957902118e-05 1.583636998236162744e-05 5.084728453092563822e-05 2.814621741177835150e-04 5.161044912237280528e-05
