6.228721448261156056e-03 3.773636492358282968e-03 2.620388218144035358e-03 2.250222472181210437e-03 1.880862698039529463e-03 1.172669888442302031e-03 9.330806536654900939e-04 7.202373915453345486e-04 6.308044589988223488e-04 5.608212127462920216e-04 4.679166219890644441e-04 3.219163098848558933e-04 2.254725782946583881e-04 1.611105047027303538e-04 1.301239836935449154e-04 1.025005684787077496e-04 9.312523148130649471e-05 5.944752112792826734e-05 4.248288321561279198e-05 2.462227604438605862e-05 1.552393155289069393e-05 1.206482015815108839e-05 1.755653780408042311e-05 1.205428016962406116e-05 7.261296978484009119e-06
1.248051509038902197e-02 6.361723322085607001e-03 2.840998174238381063e-03 1.725624682840927720e-03 8.195316294430115720e-04 7.305358178109152721e-04 5.789073973895773320e-04 5.525928641683617313e-04 4.651062150125923273e-04 3.473544425059931330e-04 2.329705765589705838e-04 1.947044157167676214e-04 1.574264561998670606e-04 1.294961664959505391e-04 1.210976835719673912e-04 1.063070143968109974e-04 8.417788667336399406e-05 6.826551334086962018e-05 3.961887638394123978e-05 2.896207342255341195e-05 1.625638572114698996e-05 1.164596251875198373e-05 8.829870894271079794e-06 7.411081755591647498e-06 7.114044506326546734e-06
3.551266946381107133e-03 3.445881585514091669e-03 3.826528940140984207e-03 2.104549413045933657e-03 1.389672788971197401e-03 1.096611125379301933e-03 8.530483908600890001e-04 7.107514651745363947e-04 6.427678703052847964e-04 5.147403918422401546e-04 3.540770865279808033e-04 2.891778455172077343e-04 2.280568414710940029e-04 1.773549317203201284e-04 1.478251093327168726e-04 8.648749600878825547e-05 5.416912280604414506e-05 3.107331144813849105e-05 2.059822713926745560e-05 1.485388322054464378e-05 1.174690423161040913e-05 8.748124710610622875e-06 6.325288675815015870e-06 4.871585399348947241e-06 3.174577027397519184e-06
7.988060673441083667e-04 7.529086766111482351e-04 7.050084043384754855e-04 4.680577615423497104e-04 4.398306635543089340e-04 3.435581258643898668e-04 3.246478995762853807e-04 2.489889093012030816e-04 2.056984157385033103e-04 1.786248913135421543e-04 1.527318343747627208e-04 1.240515871707569440e-04 1.079232153735303334e-04 1.021734180787062972e-04 9.931256742333221166e-05 1.176546740752523442e-04 8.010754457381803035e-05 5.115740224529235044e-05 3.406594945814798753e-05 2.233541271494843107e-05 1.430865272136300849e-05 1.012067598164732412e-05 8.891610641589554922e-06 7.030259730825573032e-06 4.831624141540272179e-06
1.465250425320548068e-03 1.513902076425322147e-03 6.292420635285762972e-04 5.037862771215628841e-04 3.313109023216680919e-04 3.631590921630945359e-04 2.621929400536135782e-04 3.471208884503056992e-04 3.243858687414985574e-04 2.587572815937802789e-04 2.128326276020365410e-04 1.450510280858953623e-04 1.233721124988140674e-04 8.938267490154402646e-05 7.496052256964112434e-05 5.871317644602415826e-05 4.974493969242740345e-05 4.874229507263036693e-05 4.218664169768823058e-05 2.640022503435308151e-05 1.939048819506341116e-05 1.389161955471091952e-05 8.914096479187257340e-06 6.051980995328914350e-06 5.113176475102093644e-06
3.744494699030341545e-03 2.481725544659721568e-03 1.626157514338081060e-03 1.203996053380370799e-03 8.449014859337124379e-04 6.692527927348905980e-04 6.061205056930059473e-04 5.526618405122647954e-04 4.682071590213294143e-04 4.236027573020173477e-04 3.620161223039738041e-04 3.025687367929252489e-04 2.589830696217915239e-04 1.861167120133130871e-04 1.633380630251050599e-04 1.152804246997276639e-04 7.296283096779545185e-05 4.858433343791372839e-05 2.950390145859232814e-05 2.101828580578726129e-05 1.823507950387282594e-05 1.588419540228097051e-05 6.725978619777082537e-06 4.170269264162610854e-06 3.332356493823710001e-06
1.093135540448773868e-02 7.462603307064563825e-03 4.600177701973535288e-03 1.758184786922740387e-03 1.419837238306853383e-03 1.150573571637832776e-03 1.012082020294405565e-03 8.634107111547172564e-04 7.114856268640628104e-04 5.251207301626552868e-04 4.036238930722792499e-04 3.224001833201482086e-04 2.726946408455155715e-04 1.453325478615470872e-04 9.339927872988837724e-05 6.172682764830747157e-05 3.879473716974282525e-05 3.039585875248430050e-05 2.938590117838252175e-05 2.074337071529345209e-05 1.788895633564009587e-05 2.306840490742864799e-05 1.045314717199450057e-05 5.561885450483144637e-06 4.590237118136563604e-06
3.276301716190099106e-03 1.144091657644855315e-03 1.056942153703963137e-03 5.661113491434390963e-04 4.563757311051402075e-04 3.929292463441243850e-04 3.025329835494960213e-04 2.911743369602646505e-04 2.266842108329071765e-04 2.069771597256759438e-04 1.959275166252367681e-04 1.816004945390082648e-04 1.622837149970976251e-04 1.502247571172378720e-04 1.589110860098218202e-04 1.231074681181536549e-04 8.600686966984316857e-05 6.109495124753241209e-05 3.720213765373370170e-05 2.440859459828062674e-05 1.264952637006831270e-05 9.607575795026082369e-06 6.850078454639265767e-06 8.530977177887019513e-06 7.286458047042216542e-06
1.092528443338410850e-02 5.896601357449922538e-03 2.814673347145413718e-03 1.478604168102293703e-03 1.041846987520620316e-03 9.359608072296057542e-04 7.709363062693186689e-04 6.610718501914541849e-04 5.918386764391088493e-04 4.944496432788032672e-04 4.027501742930395326e-04 3.246858044309153929e-04 2.352227943901385142e-04 2.131049707809689155e-04 1.522025218644313250e-04 8.671235284214783934e-05 4.884469586422450049e-05 2.943993621287586387e-05 1.893265283124399346e-05 1.410665375190405565e-05 9.628318626891914906e-06 6.257704143264204530e-06 5.538313515376047038e-06 4.572613050129633913e-06 5.244930900992613590e-06
6.303615079046499640e-03 4.258969137239318470e-03 3.972040524712838749e-03 2.685784666940689829e-03 1.637534268611606433e-03 1.230252033124962447e-03 8.651753513796334345e-04 6.874826441156585985e-04 5.388474831743191983e-04 5.262775928309493863e-04 4.996162081688564289e-04 3.888285581056195785e-04 2.268486827451052235e-04 1.252455540033832731e-04 7.270064306942135410e-05 4.183962032808132540e-05 2.905182844207260923e-05 2.864565144201885311e-05 2.613868509249559120e-05 1.217741842865662758e-05 6.873374837255230728e-06 5.055464100663581629e-06 4.351299598200440796e-06 5.610860266464674231e-06 6.776095684220578631e-06
2.108506664917093182e-03 1.166379290780218637e-03 9.325868252442922864e-04 8.870088765235842939e-04 1.054503523916822290e-03 8.653837723243294408e-04 7.077815788349566288e-04 6.008429171357740958e-04 5.298210042536243437e-04 5.186747698262603569e-04 3.775341171221060208e-04 2.986555572278939193e-04 2.153896266300783053e-04 1.631330233023943683e-04 9.550437280445257728e-05 6.470523657857895001e-05 4.366212041342406723e-05 2.698399978234198676e-05 2.580389066260744182e-05 2.167291870408300471e-05 1.348206726327924177e-05 7.887104108664910192e-06 5.957225303184600980e-06 4.868394425106955113e-06 6.313757450500359335e-06
3.968305242482105671e-03 3.077439952139012988e-03 2.311276194722086674e-03 1.712594226441925332e-03 1.293408006770850388e-03 1.220346513665835535e-03 1.037642478973005650e-03 6.144266405474701565e-04 3.586166982915701528e-04 2.943515359615371291e-04 2.686074870699991048e-04 2.036958712784355961e-04 1.454112239249720376e-04 1.076510056612318354e-04 9.441713224388809578e-05 8.445021834024595464e-05 6.481758748081509344e-05 5.192378283398839920e-05 4.580488057053756567e-05 3.357969166759239375e-05 2.647509554081341624e-05 1.893939922748167983e-05 2.073413169526015063e-05 1.814824569542789691e-05 1.643645735369536140e-05
1.112259695559060860e-02 5.314450773275495796e-03 1.833306633614340290e-03 1.135101864883068931e-03 9.179457992864332441e-04 9.732690667949951214e-04 1.074808126415629497e-03 6.752999879913752085e-04 5.789120454970539354e-04 4.748647988652586385e-04 3.641117163852911195e-04 2.917010588696379017e-04 2.256089189142865400e-04 1.795190773267820762e-04 1.442124683638488516e-04 1.172693105663409326e-04 9.257685249199362569e-05 6.598313616703518892e-05 4.937544071719205725e-05 2.962183053470769168e-05 1.810521218171598756e-05 1.353367557334333456e-05 1.205568288248668818e-05 1.252737288689674173e-05 6.245930537297284756e-06
7.422558753866866608e-03 3.263419625555150690e-03 1.980453239876599561e-03 1.348196351267929964e-03 1.086506511082264721e-03 7.301529145221592526e-04 6.224922508742243782e-04 4.865565378620845911e-04 4.241330888632857481e-04 3.458066558270251624e-04 2.827758542029799719e-04 2.176700922094095361e-04 2.141491704536952520e-04 1.494000642922329680e-04 1.095717753442132156e-04 7.926779261088379874e-05 7.038868103811232930e-05 4.898073920800555915e-05 2.141736656239300355e-05 1.251361386979497107e-05 6.865982316385278660e-06 4.940159638643041219e-06 4.396007166166585842e-06 4.801003152906666465e-06 5.165231222256755250e-06
5.710846782674869684e-03 5.757657788508983160e-03 2.850800045800534060e-03 1.839920459063527740e-03 1.371675498457205133e-03 9.180498201649144908e-04 7.849066034586052801e-04 6.519889094392686225e-04 4.730401634407895863e-04 3.609523010874480468e-04 2.837645785560127657e-04 2.288713252077723170e-04 2.080570760376379276e-04 2.148963948275830463e-04 1.474750130866610070e-04 7.892344725235113801e-05 6.432181143366755510e-05 3.868881831660963037e-05 2.490331898782234408e-05 1.489855581678666299e-05 8.221012611821797131e-06 5.039445421360417493e-06 3.879832384007671842e-06 3.345946872495963416e-06 2.999003096728356652e-06
1.190484938719627754e-03 1.181276124873527301e-03 1.054048380619393129e-03 1.187269559897470095e-03 8.700347207137691533e-04 7.112649768726493670e-04 5.903940673788700064e-04 4.584942656895431659e-04 3.239537576284856439e-04 2.465640054345071800e-04 1.927203274813818945e-04 1.627612650250770886e-04 1.555327782728900641e-04 1.286717996583984058e-04 1.056923218180403056e-04 7.590640793993424834e-05 5.875763236700477543e-05 3.255144030183350682e-05 2.053354061227410530e-05 1.925594861045172657e-05 1.163241401692297350e-05 6.056842866696729953e-06 5.767937169950388668e-06 5.172291364596272257e-06 4.753945887935139235e-06
1.310708255755050440e-03 1.217955668966379853e-03 1.168678093135219840e-03 9.279867908951637068e-04 7.069909719825851358e-04 5.590901143130331489e-04 4.855943812474554258e-04 4.044416517984346826e-04 3.521832783328075387e-04 2.955533437081369784e-04 2.387368818043476121e-04 1.688747986154053699e-04 1.108152693709829324e-04 8.563179361690146448e-05 7.115534123563297688e-05 5.792385839121319297e-05 4.332184680316001008e-05 3.369914474347933170e-05 2.195514052974838329e-05 1.412976094338653681e-05 9.332358710900650280e-06 5.999476409682438546e-06 4.358618278928151277e-06 3.690788163052446411e-06 4.207290351413657625e-06
2.799957708164282043e-03 1.654059649526137994e-03 1.052791195500093514e-03 1.033906130964609617e-03 1.111766683695792181e-03 9.769760909172833102e-04 9.944279903924611690e-04 8.602937540283972680e-04 7.032801293700912748e-04 4.823844906016919567e-04 3.641144012438213892e-04 2.637094344171896586e-04 1.760412859249666905e-04 1.186382607873199597e-04 8.374957254439507372e-05 5.773865770100631607e-05 3.763107531733767279e-05 2.743814643077438717e-05 1.947480477279497454e-05 1.278770413425807860e-05 8.467207997789346729e-06 6.736410969391180861e-06 5.322723792841140771e-06 4.081624806789629108e-06 3.258983142911065772e-06
3.400346268515387713e-03 2.784509554597104034e-03 2.730493214573915129e-03 2.150100674481609294e-03 1.684498297613649422e-03 9.097385607828170975e-04 5.209756484240951439e-04 4.100965968460024017e-04 3.122444856013363102e-04 3.038044371505220194e-04 2.827610206985002313e-04 1.872249061534771457e-04 1.537950017343038089e-04 1.280238884855716859e-04 9.799117784654012484e-05 8.464732545784757977e-05 5.557102346847807680e-05 2.919848400463899408e-05 1.465526579294334536e-05 1.598599061905527809e-05 8.648240336528104975e-06 6.307632574225369390e-06 4.968211861019102146e-06 3.560028469733638576e-06 3.018799850903308431e-06
1.130859404616459162e-03 1.150134727789005416e-03 7.383437534771717433e-04 4.931880866119217176e-04 4.582862268495865561e-04 3.911939917137920533e-04 3.533509684847081170e-04 3.356139889873729128e-04 3.514715398446677849e-04 3.478437653499819276e-04 3.746176568880092597e-04 3.084615666242725672e-04 2.684886878480420287e-04 2.228032493487913852e-04 1.656614570268045289e-04 1.156736026702293566e-04 6.493498433075083173e-05 3.960331413154984006e-05 2.313706278670530088e-05 1.470531361254534552e-05 1.245580946354693378e-05 1.166158346302474535e-05 1.213184903364738975e-05 1.152213267808436907e-05 9.646819267693764263e-06
5.057534065394851674e-03 4.442060260662765957e-03 2.106049909643567097e-03 1.680391957557711988e-03 6.621599311138201072e-04 4.419463212820374056e-04 3.411328264947394140e-04 2.596913660245930584e-04 2.270617611677250953e-04 2.169870321417071031e-04 2.102849032966799489e-04 1.920632282730604145e-04 1.804348986104621242e-04 1.481823866714128911e-04 1.177013130017346283e-04 9.040293469949937878e-05 8.117140369720633243e-05 6.198936397611318433e-05 4.480077262552518822e-05 2.727869739105441571e-05 1.735204615272679468e-05 1.446124904713717388e-05 1.123066626517797837e-05 1.032439480665228376e-05 1.100431092258267847e-05
8.359957415642790476e-03 3.132651108121523639e-03 1.607556076772462521e-03 1.236184165417260816e-03 8.436051835845735257e-04 7.546112434722361626e-04 6.614554879593789868e-04 5.685744559644816338e-04 5.355779235440423199e-04 4.691105311983506730e-04 4.303171028890774596e-04 3.275457471092883301e-04 2.633161303369460811e-04 1.919928009185826090e-04 1.185153219676453475e-04 8.257010739442567247e-05 4.688514845201060172e-05 4.362452485900476979e-05 2.508898752480683605e-05 2.173989081608450905e-05 1.830314982332885052e-05 1.527303337479619686e-05 1.502578303085913435e-05 1.709051428679818333e-05 1.293091402519432428e-05
6.923255385871567892e-04 6.480220497308797302e-04 3.863441194158506883e-04 4.049985756481808163e-04 3.035579052164244225e-04 3.838776618304775450e-04 2.706922584211399587e-04 2.785674828803606611e-04 2.031455230771409893e-04 1.890683799850008482e-04 1.576210977732570614e-04 1.222403422627057481e-04 1.012443056611165567e-04 8.109195890719942605e-05 5.945587661344390879e-05 5.016489657118054774e-05 4.213427740927084094e-05 4.337765067831959631e-05 2.776078403281745448e-05 1.901746764143824242e-05 1.434629882829715246e-05 1.467960548553821439e-05 9.880495567102088016e-06 5.416777300495653812e-06 5.415469514665055777e-06
5.278264071551189845e-03 2.567994227194683732e-03 1.685349668897682951e-03 1.254914532276857992e-03 1.063072077501960120e-03 8.982303701490257667e-04 7.596809245625435946e-04 6.243027508872437412e-04 5.376102583296353500e-04 4.677382747949830871e-04 4.226273662909658382e-04 3.522212401388794857e-04 2.306104366735509321e-04 1.498639274392310158e-04 1.153181399394310921e-04 7.397304768311814668e-05 4.967320151418262969e-05 3.291565281443814637e-05 2.727117773435253491e-05 2.257974544085673536e-05 2.157180809380834419e-05 1.931680795124593179e-05 1.633155330557035383e-05 1.593337543946983493e-05 1.024246090441311346e-05
1.458712021998642520e-03 8.568760987501991121e-04 7.004133333946674410e-04 4.876376247311302379e-04 3.553067240160115892e-04 2.962794258028407816e-04 3.082311628250109176e-04 2.251964375742511557e-04 1.764919902802599761e-04 1.511444136222838319e-04 1.023754847283127133e-04 7.682023282812857560e-05 6.459339415513584020e-05 5.293188284488259957e-05 4.200638089307006561e-05 3.747710112936986630e-05 3.222324121214394061e-05 2.929775567857006042e-05 2.904560258285948904e-05 2.587848131432067000e-05 1.560312465523145252e-05 9.719369771031969771e-06 7.728419839687608700e-06 6.341745594714550004e-06 6.586577290887494188e-06
3.099736125075524228e-03 1.979712507120168566e-03 1.552851904299903029e-03 1.393804981620756691e-03 1.359791064957692822e-03 1.265793027543675757e-03 1.076252742599646470e-03 1.024145154312986394e-03 8.110949746085522249e-04 7.327066622458203171e-04 4.361934947047426954e-04 2.845650211818521948e-04 1.884385750111731983e-04 1.471827748273310272e-04 1.197715152079869118e-04 6.716881468293242087e-05 3.178290520671426801e-05 2.250423698669546546e-05 1.735507323655365798e-05 1.289560489834487668e-05 6.566360880581272872e-06 6.255317803516382999e-06 6.585593861668332462e-06 7.751904462542673406e-06 4.747519842386218701e-06
8.770031318654978453e-03 3.550904921702693461e-03 2.111940412454853342e-03 1.000264284392945449e-03 9.284845866416475144e-04 8.810547466074659939e-04 8.601629381297995740e-04 8.445825982189964463e-04 7.692021335457487584e-04 6.012769788405934127e-04 4.467274816180422212e-04 3.419513584604456859e-04 2.344987361560628696e-04 1.375359315460557784e-04 9.336590617170264139e-05 7.854489491099074256e-05 5.483709928045156642e-05 3.534832536257567526e-05 1.974210208849488260e-05 1.625696638856649563e-05 1.516869183832277839e-05 1.223215665145248325e-05 1.057163902213349157e-05 7.828013256837985015e-06 5.785738124598831280e-06
3.662412881089450838e-03 2.136656273022013216e-03 1.838210335469366756e-03 1.352877286985308290e-03 1.240914870129809213e-03 1.142905958195499774e-03 8.596094613842563239e-04 8.829773660441605446e-04 5.808171613719239268e-04 4.736537200703283285e-04 4.182513677806202123e-04 3.326552794972463707e-04 2.444110248471993187e-04 1.688891486863011748e-04 1.163549631303561127e-04 1.008467012840497280e-04 7.188517408146123514e-05 5.204901895918388906e-05 3.567223118405169277e-05 3.060092714060962501e-05 1.605508991019692400e-05 1.066573868104456180e-05 7.551564655103736174e-06 7.234516320064978284e-06 5.332151936265104041e-06
3.964862924699523103e-03 3.206749918762612488e-03 2.549169822308799179e-03 2.325284052122023222e-03 1.601800069385359232e-03 1.015611562034805446e-03 7.373579197170746424e-04 6.033984272499166510e-04 4.723142103692521201e-04 3.342545468108801330e-04 2.966395235781508501e-04 2.431042280303467298e-04 1.823996048494604203e-04 1.295614671023599261e-04 8.348937861200603141e-05 5.644543645571506755e-05 4.205876527839404313e-05 3.345458590879285245e-05 1.666651406447530639e-05 1.213003381907260753e-05 1.046501946068695011e-05 6.137087533098504488e-06 3.838521393945972074e-06 3.301019616733931852e-06 2.374045246064605817e-06
9.423808314415754598e-04 7.192089400444718868e-04 5.195692241580900919e-04 4.747387762846543360e-04 3.099901791501644892e-04 3.283661159302235033e-04 1.781484163690965250e-04 1.779486659995089984e-04 1.462369079961514120e-04 1.374960370995585864e-04 1.150669044416504380e-04 1.098531062532138623e-04 1.344176953691188236e-04 1.217374600021502797e-04 1.055964465184960704e-04 9.095936744604165972e-05 7.181931441918895209e-05 4.202771081840443794e-05 2.605182606824857651e-05 1.528388597569961020e-05 8.441889037427439458e-06 6.688710934177255273e-06 5.070492192474309268e-06 4.570630590334776348e-06 3.357717736700818562e-06
4.246527202956115938e-04 4.616364472468353474e-04 5.997892061248217329e-04 3.963453942477004454e-04 3.979371156332005602e-04 3.659507916333881597e-04 3.583830367427990574e-04 3.088868352766142833e-04 3.080624660517188701e-04 2.893658120246321379e-04 2.187372565269346937e-04 1.983180187496979825e-04 1.730635887307981004e-04 1.477560458829777011e-04 1.145324616993911556e-04 1.158092083643723076e-04 8.240469733430999847e-05 5.979517743689101894e-05 4.021814209795570314e-05 2.792943116690897940e-05 2.229812184487557124e-05 1.524660734403694950e-05 1.409113456682927055e-05 2.184587043623948950e-05 2.830321511581400311e-05
1.247251733505598276e-03 5.872974363640291913e-04 5.702342322746222544e-04 4.322944259023336964e-04 2.512338877664110144e-04 1.883414590221256122e-04 1.700457336471757140e-04 1.120673933218397749e-04 9.284960332950850952e-05 8.588570479951918393e-05 7.929456927409871646e-05 8.736139793216361272e-05 1.318342407679993947e-04 9.533183965427921016e-05 7.267940242463471253e-05 5.236794627023372181e-05 3.963283822196699132e-05 2.651234751655864050e-05 2.008526828841120310e-05 1.622329981536254284e-05 1.368995855271964491e-05 7.285909754313577109e-06 5.562872596607911989e-06 4.756234385483389836e-06 3.924885350422538053e-06
8.444680232678294582e-03 5.843986419981943119e-03 3.296968791678242874e-03 2.060989027826516315e-03 1.458766204152518904e-03 1.198908679355432851e-03 9.867831008823783803e-04 8.966299225625140373e-04 6.778075386155346573e-04 5.821133990669718388e-04 3.826568768483044045e-04 2.802134503878064994e-04 2.085656914473246282e-04 1.579127651652797852e-04 9.937984771464649725e-05 6.431967192175786266e-05 3.637801565964093864e-05 2.813089491403350298e-05 2.399259308511872592e-05 1.917299283781928438e-05 1.524299684226472298e-05 8.711671154960360164e-06 6.025377528291966069e-06 4.752971861480789828e-06 4.144508353199809143e-06
1.219691782308135811e-02 9.020634902160906340e-03 5.516144363224451987e-03 3.516667389947633875e-03 1.809784492825965412e-03 1.147225922993232389e-03 8.197052111372785587e-04 7.762695774952032461e-04 8.248635814853712538e-04 5.313722886091522095e-04 3.463212696784507064e-04 2.684856439272339645e-04 1.597758436788701683e-04 1.042019921906925351e-04 7.865269829366322725e-05 8.083042388055731943e-05 5.662490977689313572e-05 3.207074748525440088e-05 1.995376695692024482e-05 1.158687417436768821e-05 8.736062064107146828e-06 5.750612067000594923e-06 5.130120227350723327e-06 3.777495572754432627e-06 3.273961128691364317e-06
3.909829299411794051e-03 3.180165090608495521e-03 2.137634501907793774e-03 1.430838841874696073e-03 1.167226990570434430e-03 9.467159104858430697e-04 7.232390942971882002e-04 5.950473486772873705e-04 4.469072717678658296e-04 3.256506383122169130e-04 2.640157127136316955e-04 2.086660577315382025e-04 1.597108574839766469e-04 1.105688500118110352e-04 5.943147107675402852e-05 4.349930610652342773e-05 3.086288419890279250e-05 2.515977220868483805e-05 1.376061029944262575e-05 8.034858533944438523e-06 5.542157613463365497e-06 5.134018453106157174e-06 4.635156934715942691e-06 5.035552245301276067e-06 5.677360724712582021e-06
9.960955782238706605e-03 9.431850065904573768e-03 6.364878995719006408e-03 5.482138938460096207e-03 1.962058632069450196e-03 8.232830969817449664e-04 6.331777522725835945e-04 5.498462280054122872e-04 3.968271741953845579e-04 3.489817372272268551e-04 2.929184352754779096e-04 2.556389356015193078e-04 2.309776902962059329e-04 1.863564919986803652e-04 1.304319538428617628e-04 1.007259913685002535e-04 5.283568351032694898e-05 3.376880311658033871e-05 3.401683389757599233e-05 1.732934221905370293e-05 9.946237536260715424e-06 8.568518407008328622e-06 1.024549182456755906e-05 6.443573487706269290e-06 6.133372070597431946e-06
9.655159861148288059e-03 5.548169136998417315e-03 4.034100398895717338e-03 2.840362931639826404e-03 2.100861606057523485e-03 1.877335995812123241e-03 1.355210697988991830e-03 1.038356562567828954e-03 7.260029341445500221e-04 5.305539960878434070e-04 3.868160814519264797e-04 2.828978785408872276e-04 1.839849782852876500e-04 1.118186507962560703e-04 6.631921255797404294e-05 6.164688047081588393e-05 3.057254779526057337e-05 2.141553044927525099e-05 1.276014287733426845e-05 9.872811473273450351e-06 6.709985262577485284e-06 5.773243023576576969e-06 4.505717679465150876e-06 4.437447510470694344e-06 4.175097822128870972e-06
2.611725395092489611e-03 1.598268542689130524e-03 2.055256652514189479e-03 1.379685893146710739e-03 1.220411713327712025e-03 1.019352832272506617e-03 6.011947556012120150e-04 5.435775949383199121e-04 4.168971719226464783e-04 4.106599673628252194e-04 3.399557494002773141e-04 2.758448990325529089e-04 2.287988995345196261e-04 1.656978510915851162e-04 1.193389482431887375e-04 7.722063155637381711e-05 4.093081730987519715e-05 3.247499552156264766e-05 2.222140224154740219e-05 1.491087885109782074e-05 1.638137897387059003e-05 2.304587451984419568e-05 1.333140859057594428e-05 6.686531885320755915e-06 5.375259148095774497e-06
3.282457085471806191e-03 1.534239040417032960e-03 2.190821123330218348e-03 1.458487778109985146e-03 8.810388776895022433e-04 9.284578848455042046e-04 6.039697712877326735e-04 3.462489128893950002e-04 2.741854104772795315e-04 2.467803374831164772e-04 2.036961853459738213e-04 1.715185849665203251e-04 1.403638721308668035e-04 1.433075031266775427e-04 1.176940072916677054e-04 9.353740346975143315e-05 7.133521474255565410e-05 4.849406069823571737e-05 2.996390888022434131e-05 2.177950262338585686e-05 1.755509314820841922e-05 2.075773716330880675e-05 1.775755233701400255e-05 1.151798355186409540e-05 6.573217424465251176e-06
2.035466916101761822e-03 1.868415192481062996e-03 1.136452841695333692e-03 1.607262915142572759e-03 1.665269538801884440e-03 9.214107338572220633e-04 8.014206665987977070e-04 4.681947114259883344e-04 2.898099138232831332e-04 2.829917645147577766e-04 2.637680572641058372e-04 2.552819790644694146e-04 2.351765086216699543e-04 1.987602104366786090e-04 1.684849444838909939e-04 1.158629000335633535e-04 6.559379544109872448e-05 4.353380748210334953e-05 2.287488454091662557e-05 1.456146718993204174e-05 1.442381141100378525e-05 9.153619772730114506e-06 7.015145670833969837e-06 5.735920324104540844e-06 6.402578666617452099e-06
3.225720923008005159e-03 1.625115694387210602e-03 1.188801774742611608e-03 9.470785308138688404e-04 6.165286443281277210e-04 5.818696101760399524e-04 5.583098903082635246e-04 5.304085615463005696e-04 5.152390472744272296e-04 5.271060118726397575e-04 5.259541298356754406e-04 3.266882718156038251e-04 2.111357714416456344e-04 1.630316656038507137e-04 1.009332581135583223e-04 5.812139568144445898e-05 3.485365085536844054e-05 2.950215399418676650e-05 1.710177307286105138e-05 1.292803697678315228e-05 9.506793796294099285e-06 1.031648057213356319e-05 6.217267835672506110e-06 3.740941482001256959e-06 2.316530525193840794e-06
6.334434160753047924e-03 5.185950706293619879e-03 2.835784334791647578e-03 2.061082841384139115e-03 1.323811484847042114e-03 9.580424746034423619e-04 1.089625486110481394e-03 8.971081337416514107e-04 7.683188456971395269e-04 6.012925718667586072e-04 3.971282706774758317e-04 3.215605187759445972e-04 2.414660676491013494e-04 1.555151761348347490e-04 1.017165468039741427e-04 5.964370912158633220e-05 3.382212021717436606e-05 1.828896453630030519e-05 1.248876892666333343e-05 1.068249018593668553e-05 8.659604752582924201e-06 9.576327116799223665e-06 9.343725941220420821e-06 5.447394080923903146e-06 3.689771610120999029e-06
5.933180284212798833e-03 3.968258142264017088e-03 4.088587582017181275e-03 2.899111307186761060e-03 1.743709185067719800e-03 1.200433234281848144e-03 1.032547487180598793e-03 9.917040035916787569e-04 8.605292017662448389e-04 6.424249644821315849e-04 4.868437834545926378e-04 3.135320106725109361e-04 1.906351024361037686e-04 9.650706871036564705e-05 5.930353062832886514e-05 3.330731779586616558e-05 2.173888773642065680e-05 1.273670348237762602e-05 8.183479992586895502e-06 8.780979237889144292e-06 4.958863069579469471e-06 3.493223821101147783e-06 3.003076753533124174e-06 2.799464364177685017e-06 3.042274111949911320e-06
2.924011975518954476e-03 2.421394881241013212e-03 1.400314319689269574e-03 1.107244479885263321e-03 1.100266323667145520e-03 7.880126218213081386e-04 8.372497672099296802e-04 7.583487335903878147e-04 6.315893671590646534e-04 5.263612450917323207e-04 3.819381087917523687e-04 2.779860875992994280e-04 2.062549595870972899e-04 1.465128437344578795e-04 9.052925751370419466e-05 4.962954947759060684e-05 2.421663482497581378e-05 1.527059767213337718e-05 8.540684210221629905e-06 6.309924698246739798e-06 5.059272543190813679e-06 5.080780409925006671e-06 5.201936781723615617e-06 4.983938051449931100e-06 5.014084585118046190e-06
1.302094935036175825e-03 1.287983684502548316e-03 7.338493211192397741e-04 4.770734260831429479e-04 5.296836560436753074e-04 4.281954680921391896e-04 4.282239360363614676e-04 3.859349439836030861e-04 3.497983356961330151e-04 3.345988247448713256e-04 3.038604282919455096e-04 2.838647806507799045e-04 2.536765957028607799e-04 2.010026922810623207e-04 1.289249853763765376e-04 7.279017982195716942e-05 3.758059366422696556e-05 2.090653432568399559e-05 2.424326854599526389e-05 2.153273111012566675e-05 2.085951245046000749e-05 1.670684648984097946e-05 9.671253815035669315e-06 6.730827513359536857e-06 5.709675154129082761e-06
1.369498367507596430e-03 1.129302037844590956e-03 8.285898738010611482e-04 6.022600876759492614e-04 4.013046548113597626e-04 4.809591584371687538e-04 4.003777913015710808e-04 3.068741244242857106e-04 2.784693294343063789e-04 2.183507128589110826e-04 2.255563115540311565e-04 1.979050487411694766e-04 1.716796186075065221e-04 1.349770746674680826e-04 9.478979942391746135e-05 6.202236805266086853e-05 3.244886047065375300e-05 1.708360074837917935e-05 1.156494202661374969e-05 7.745514615002861247e-06 5.117361643169905707e-06 2.873843563922845855e-06 2.155232088439018514e-06 1.839243189748370733e-06 1.601525831488015742e-06
2.145625961593887812e-03 1.059696555026306110e-03 1.027207545879060737e-03 6.289699105571147902e-04 5.894815258494995672e-04 5.942838796845063658e-04 4.961952064031572088e-04 3.323640477506461339e-04 1.986524810668937127e-04 1.535535877294892746e-04 1.302019838561613990e-04 9.589053096628643289e-05 9.859239504628886097e-05 9.954621212245700864e-05 8.880247132143983819e-05 7.517221404312986394e-05 6.033264364206619685e-05 3.447005504033147117e-05 2.475941699559878155e-05 1.708635288789587148e-05 1.257903972978745581e-05 1.027268586461933301e-05 6.459471616862003516e-06 4.490778049535672688e-06 3.060136702723457278e-06
2.933128351705917118e-03 2.194761837063755484e-03 1.279117995025495780e-03 8.115750972943203134e-04 7.477345017562510299e-04 6.575032019368328524e-04 6.452383460135250335e-04 6.962993090576521330e-04 5.127157412154220066e-04 4.345488420687115133e-04 3.270668587639573408e-04 2.704089361969556015e-04 2.286922240858738108e-04 1.892146197923037646e-04 1.770766501999371549e-04 1.407516258622172438e-04 6.614424789266752961e-05 3.843644142490345515e-05 2.721869542028766581e-05 2.141845762786558522e-05 2.127243193840268397e-05 2.700662624413071225e-05 4.009256388609983653e-05 5.617101186912094223e-05 5.399166244957665130e-05
1.834997401944443544e-03 8.340697546287572685e-04 1.147932766134329751e-03 8.286091414135275971e-04 7.467124091569831042e-04 5.512721240693936511e-04 3.941543612605855409e-04 3.192379134871931620e-04 2.764294339612476527e-04 2.474327974113448123e-04 1.837544270998742689e-04 1.553089427289750684e-04 1.184060106271959321e-04 1.062763085628669319e-04 8.347981542920291168e-05 6.361268757777314639e-05 4.689482008248798344e-05 3.190439410220583053e-05 2.288118919352390815e-05 1.576227462692485825e-05 1.046769962866961902e-05 1.036635982141097384e-05 5.796865856011064106e-06 4.599412874225128089e-06 4.434496183625245716e-06
8.662079544286216404e-03 8.073801817495595765e-03 4.671622813847731669e-03 3.430301345258272676e-03 3.025884441213965055e-03 2.103812320854930341e-03 1.199809730498186929e-03 8.727246935126052683e-04 6.485143750470873450e-04 5.151872101361225451e-04 3.764639236824775140e-04 2.669382703472647413e-04 1.981176907629625774e-04 1.233753512156758494e-04 6.544163580526267225e-05 3.208681092328806396e-05 2.084489391905948094e-05 1.459993621006138493e-05 1.043811814501292840e-05 8.573197222410007794e-06 1.091480180706488651e-05 9.055512001035402345e-06 4.449270123603872710e-06 3.474851538570399330e-06 2.419378227201603983e-06
1.021434330025548223e-03 1.597686728716427116e-03 1.203494943048589788e-03 1.137026666829836540e-03 9.928392417928783888e-04 7.701935428273884703e-04 5.155816040419046930e-04 3.992421616404387831e-04 3.268781607937230188e-04 3.766087523244424453e-04 2.742332547296312431e-04 1.515029602047856107e-04 1.050755748536837581e-04 8.716052283347650368e-05 8.208558640239183848e-05 7.193339592417329260e-05 6.110589952860487437e-05 4.573431696809924168e-05 3.661970468275292851e-05 3.197977087032040334e-05 2.519164045988624278e-05 2.414482455808602296e-05 1.895024791924322649e-05 1.000773569441571277e-05 6.486478107475227790e-06
1.982116357610585588e-03 1.515201760051566480e-03 1.021362587490962396e-03 7.674169472288317612e-04 5.911672184822926689e-04 5.587483942211215375e-04 4.413236991432460937e-04 3.374255028813275383e-04 2.999991273277947501e-04 2.644973386086437134e-04 2.204803479739649941e-04 1.866405881513474646e-04 1.619395795535642877e-04 1.377965478631154226e-04 1.090002595156141238e-04 7.897290093390368145e-05 5.243167477676124099e-05 3.239727061095976936e-05 1.601951895037350852e-05 1.031740294101890077e-05 5.582194801805702594e-06 4.232012870520836943e-06 3.374448327974115323e-06 4.255147560509439363e-06 4.588718061169193963e-06
3.231665731057660473e-03 3.185901510607540288e-03 2.246410391505619056e-03 1.456641891605443178e-03 1.255562861749884990e-03 7.937624706066445223e-04 6.419876549213384114e-04 6.539102563030867784e-04 5.484780524747796511e-04 4.329905977839060478e-04 3.220248768378229632e-04 2.404467669071811602e-04 1.795186922612831395e-04 1.366708372232194673e-04 1.167749711015718676e-04 9.869301279641136285e-05 8.196158852923601638e-05 6.347243146304963287e-05 3.171735162903369874e-05 1.878077777642925649e-05 1.181802409244356819e-05 9.055175996541844322e-06 7.761460070733011652e-06 4.497394181006521610e-06 4.481203160890456938e-06
1.665273643978477849e-03 1.269625332104229454e-03 1.155639939737662875e-03 9.052836612778610275e-04 5.073697034251997348e-04 4.404856859648852174e-04 2.870681251926934211e-04 2.742229215719798794e-04 2.705214719370433937e-04 2.422887726023268231e-04 1.977864213341497322e-04 1.581584972162952219e-04 1.245520987846849637e-04 1.072672631517287078e-04 8.737880973793377105e-05 6.478193455830337326e-05 4.425020879331380654e-05 2.716452424339052928e-05 1.594968505396195143e-05 1.071625939799870033e-05 7.581390534939759046e-06 5.470882405163343547e-06 5.304262081413568247e-06 6.191665927096005371e-06 3.662947220357068738e-06
4.809692071375379525e-03 4.592338584398845784e-03 6.023044996804883394e-03 4.116275294373489095e-03 2.262028429326937411e-03 1.536818638352791108e-03 1.165238697608598790e-03 8.529593962166335348e-04 6.230859971443707644e-04 5.238948005262697395e-04 4.081733283795532688e-04 3.049175347466173561e-04 2.036982043539488970e-04 1.330110742225735804e-04 7.618567723551499882e-05 5.271087742443744326e-05 4.053488499000085341e-05 2.102186789633247300e-05 1.559179390566674936e-05 1.059157892990161116e-05 7.429002272325925706e-06 4.663819569680270239e-06 3.410013005814453117e-06 2.814965281131257808e-06 3.172085439933811363e-06
9.563628309934230423e-03 1.148946273768143046e-02 4.766822370662423050e-03 4.216723412766748211e-03 2.341846399031583675e-03 1.269030554695599767e-03 7.601529493723409910e-04 6.337830487103266386e-04 5.730225050678763735e-04 4.617557867642255458e-04 3.676563857798701308e-04 2.760928131910089138e-04 2.002385024017354646e-04 1.525983842167869312e-04 1.173955900521435488e-04 9.383083094771028552e-05 6.021441615315318706e-05 3.074967502921676808e-05 1.690105437007729782e-05 1.029003718520283501e-05 7.024939107123305075e-06 6.872331501458533731e-06 5.491846966811058602e-06 5.204560448429930838e-06 4.360586177127414463e-06
6.860592629382564938e-04 5.632635470113360118e-04 4.170546795166684469e-04 3.833911998859331795e-04 3.043320101114385277e-04 2.306240509228345726e-04 2.285912035040993623e-04 1.917271792042542894e-04 1.765819064862520372e-04 1.448876713841870255e-04 1.822316144263227381e-04 1.581546777486808847e-04 1.491962345361805557e-04 1.146401752709999165e-04 9.568089009019813975e-05 6.751779923903913840e-05 4.375388662118195551e-05 3.269915927759674723e-05 2.090495474454701378e-05 1.181749202178444198e-05 6.443859488054296341e-06 7.198251607557607373e-06 5.620583250455210790e-06 2.801539925755281992e-06 1.853329551645465204e-06
4.132158946006406382e-03 3.414887355556347082e-03 2.191157444136806326e-03 1.884774007189273133e-03 1.536319321254822623e-03 1.071193159244074539e-03 8.700270978427670880e-04 6.481001275917690511e-04 6.498750692342653013e-04 5.217302379288050020e-04 4.053376006698353488e-04 2.957917136356755651e-04 2.024630697861803908e-04 1.395426265024895488e-04 9.548083903454412697e-05 6.705855873576932892e-05 5.517168237951088576e-05 4.187980222743747114e-05 2.493719235739378561e-05 1.446607663878814514e-05 8.231247151285664938e-06 5.915921279192113192e-06 4.861020308684424750e-06 4.092019908894131964e-06 4.158324043233863822e-06
3.969186366759580586e-03 2.904492214731409575e-03 2.473224744121925965e-03 2.321714386643789364e-03 1.752002260733381183e-03 1.268375576961420234e-03 1.067485522401243753e-03 9.002221749688916986e-04 8.087188216903608718e-04 6.018456008057388677e-04 4.391286216585593206e-04 2.993894644937856141e-04 1.701243714887927842e-04 8.264085043653839231e-05 4.401093268304884920e-05 3.176941764823537260e-05 1.699938772135979002e-05 9.503726561691633166e-06 9.416635917326075000e-06 6.230705007841514917e-06 5.318975964476104379e-06 5.858423347837273205e-06 4.498581856299173568e-06 3.785108142686618539e-06 4.522324490135949206e-06
3.729660248880406394e-03 2.678560456967791267e-03 1.692184411613940637e-03 1.443384885800073512e-03 1.228239999070789533e-03 1.112897139389816374e-03 9.920472594861350774e-04 7.571083708346426589e-04 6.027071815902931102e-04 4.874358323134866163e-04 4.032299237244949095e-04 2.858347054064120491e-04 1.805048823498527739e-04 9.365818146707476880e-05 4.708900199851152060e-05 2.298286861068501424e-05 1.467044366970942915e-05 1.054403570180601452e-05 8.349944079643904074e-06 7.518914990615701979e-06 8.445814942340148826e-06 6.398154769921149743e-06 3.051240039883790981e-06 2.082539958045309346e-06 2.110600047775750491e-06
2.471087726981660050e-03 1.474687739888282936e-03 1.219696879412081282e-03 1.206343882747362099e-03 1.067531742449231904e-03 6.570006188859650771e-04 5.337276106877383419e-04 3.396873881866129831e-04 2.920785304513850511e-04 2.376848778804916589e-04 1.801778473997134214e-04 1.531945349420849565e-04 1.226148774424170662e-04 1.012238573480267229e-04 8.314550803714622395e-05 6.882784895456938714e-05 5.947300083178074816e-05 4.410466326512012345e-05 3.134169760339607346e-05 2.317408324720788949e-05 1.540979615765642149e-05 1.595442820407065135e-05 1.465298359577023420e-05 1.205068520294982631e-05 1.459115746668675041e-05
1.986991000221416219e-03 1.474034896266572612e-03 1.091230921636509189e-03 8.961582413089426435e-04 7.001479971251997137e-04 6.675335446609239947e-04 5.631601672452269400e-04 4.636992647059788499e-04 3.851941608125192783e-04 2.912569356357586395e-04 2.171967319115961754e-04 1.633336328439349871e-04 1.140851021187123878e-04 7.462252175640634092e-05 5.336705891920845982e-05 4.293540796678431870e-05 3.250998632977924096e-05 2.556510294176184156e-05 1.783970561016102210e-05 1.177265496187048004e-05 7.283481263733953332e-06 4.419987440368601845e-06 3.197097047411103460e-06 3.263296641357368438e-06 6.557129476424286491e-06
2.729372256000623786e-03 3.070833255682386964e-03 2.305040643747053013e-03 1.591999010136093545e-03 1.454964748210564466e-03 9.944475055100781072e-04 8.386913199485767712e-04 7.058126732949500642e-04 6.617968728164572156e-04 5.422900266958420026e-04 4.092558430726510495e-04 3.282932171603339952e-04 2.393685436364546490e-04 1.663872628269003713e-04 1.158219680625535551e-04 6.371099579277472041e-05 3.543437165228909659e-05 2.118933267180238432e-05 1.701647340791911570e-05 9.318899968362102915e-06 5.458085653899865609e-06 4.139832582059651848e-06 3.289585975474777923e-06 2.467289453359784273e-06 2.379652587224826173e-06
1.308823534747648263e-03 1.674013294096587381e-03 1.131824984713622083e-03 5.801571591345725800e-04 4.148986926935321700e-04 3.441829455410679744e-04 2.942995011436261451e-04 2.936525615697998170e-04 2.605787243332183755e-04 2.734665773882981299e-04 2.550636016683725479e-04 2.319841977604325078e-04 1.900664145441164471e-04 1.686603181974747994e-04 1.281768929404878549e-04 8.346684044726336885e-05 4.227536401669900384e-05 1.955646033753813558e-05 9.666653341938020555e-06 6.518807522720866677e-06 4.732314182578447672e-06 3.378165262209993119e-06 2.653681820948291727e-06 2.425366060149688318e-06 2.069853427918451813e-06
5.374192965934874479e-03 3.040488565801694170e-03 1.945504406161179803e-03 1.550201588368410165e-03 1.444761244871635691e-03 1.529873056614284611e-03 1.459083499710215606e-03 1.058178083058039943e-03 7.203201152324783868e-04 5.307117403867036686e-04 3.942177529409785918e-04 2.964501909824520981e-04 2.149630491271729328e-04 1.264075653738421824e-04 6.417940200527051306e-05 3.673968088553019007e-05 2.232172943353332204e-05 1.439782896470158475e-05 1.100087669766832727e-05 7.630467759600673922e-06 1.160815839634747022e-05 9.253669337417010481e-06 7.521457414085480662e-06 4.128409830683331568e-06 3.850058033631914860e-06
3.964378733135064115e-03 3.084032032416810561e-03 2.481975287888410573e-03 2.283684471400788431e-03 2.190729754760521210e-03 1.914579745955558411e-03 1.410085517882686112e-03 1.037042065704983727e-03 7.930942140177361975e-04 5.655144928807260673e-04 3.998289281927358552e-04 2.855095560444055407e-04 1.933868626231027854e-04 1.152758262823742110e-04 6.465584448473733054e-05 3.904348375618355433e-05 2.341231976726185568e-05 1.416752833438421580e-05 1.122009322562640102e-05 1.001039009273407598e-05 1.526639459479123522e-05 1.222227962449417729e-05 7.089324449571053627e-06 5.175710553560473134e-06 5.630877958692903058e-06
1.161421928102824566e-03 2.001534518812577660e-03 1.228729422184054228e-03 6.324977376152192150e-04 6.302948975350128845e-04 3.937083154889617700e-04 3.447604755502640971e-04 2.784390449289430073e-04 2.477451670358938587e-04 2.187282170324428906e-04 1.980784218102510038e-04 1.405356889876078878e-04 9.674820277459838462e-05 7.902883196116244045e-05 7.424686476924240066e-05 8.345488666773561630e-05 7.025313521080463598e-05 5.738054454790985281e-05 4.369836370278948443e-05 4.923368835967769063e-05 3.398739445608297562e-05 1.515795282650768206e-05 8.135517870720274569e-06 7.407461319022076000e-06 5.875640069073394236e-06
7.605114510552165707e-04 7.533652186145421399e-04 5.860912934326642986e-04 6.838655852487722682e-04 5.828535186076378837e-04 4.763271878795295017e-04 3.689908565925083803e-04 3.355484395491119720e-04 3.824184780645204082e-04 2.741870689202287456e-04 1.797195507909028550e-04 1.455206948444763928e-04 1.330949050417360769e-04 9.351508602970546940e-05 6.188078729137216113e-05 4.412931934885954848e-05 3.089174908616743021e-05 2.726627173635433771e-05 2.244215479029500860e-05 1.868851477813860161e-05 1.267477855920050203e-05 9.998324177130003023e-06 7.718116052250347417e-06 9.344328033668424180e-06 9.197039268007513107e-06
2.196031969304253380e-03 1.444839594434522718e-03 1.011857306490713789e-03 7.053249086931807172e-04 6.153841923315807446e-04 5.392505989176301327e-04 5.623982884564913097e-04 4.679850772074547029e-04 3.557345889534672327e-04 3.177931928000086764e-04 2.412563443719317367e-04 2.136386140371478051e-04 1.672715914418219821e-04 1.183149453359283313e-04 8.602972581212070459e-05 6.310529235569526231e-05 3.787490666824307786e-05 1.847599377093078234e-05 1.242854571235659526e-05 7.158336651536879766e-06 5.376669912527546342e-06 5.168547583430130176e-06 3.918240512551774649e-06 2.713412775192073618e-06 2.276900875847434081e-06
3.732182622098341711e-03 2.736691661159917043e-03 2.064764173935578796e-03 1.198474546242631359e-03 8.329070999199408376e-04 6.701313122444107996e-04 5.064956427042525923e-04 3.399006854477345098e-04 3.402473085251825173e-04 2.932948103476058993e-04 2.754608342372361443e-04 2.433279843925360147e-04 2.364489832020366829e-04 1.880632089090155258e-04 1.267026585681556782e-04 6.714386148498941473e-05 3.422983031095864700e-05 1.990670096143573822e-05 1.578017349018027857e-05 1.409899034709755348e-05 1.450307836796716518e-05 1.723492715073552059e-05 1.902640443227948238e-05 1.223720513116719795e-05 8.061280500256114175e-06
4.393697774202852228e-03 2.936532218853254040e-03 2.203195622622303781e-03 2.019257852254515654e-03 1.443293354029472194e-03 9.933058665582486513e-04 6.117298577645370085e-04 4.599372467537707885e-04 4.031409386370925500e-04 3.495423145925427122e-04 3.355871150358436276e-04 2.761452132519460968e-04 2.083492433884260924e-04 1.487519674598349539e-04 1.029976059075511186e-04 6.786982354329982236e-05 4.334133617479942770e-05 2.824520043737234891e-05 1.723206873241808637e-05 1.470898256357348839e-05 1.528376055954398305e-05 1.508417329259175292e-05 8.849088195666806532e-06 6.157610721175139687e-06 5.382345794299963173e-06
1.615982463806010447e-02 8.235239084862181619e-03 3.153574587076507767e-03 2.012869495967848418e-03 1.160644515571708762e-03 8.201021044579745673e-04 7.476730858724617247e-04 7.157915689209553949e-04 6.529122952075703699e-04 5.300444499902504884e-04 4.491084206843952344e-04 3.385782834837120598e-04 2.471786688158376434e-04 1.810373116027842602e-04 1.591333243805689239e-04 1.228792638677911428e-04 8.298088684539058968e-05 4.777471680225081570e-05 2.814724321753907550e-05 1.758879838412600729e-05 1.290800219598171408e-05 9.972525866108037613e-06 8.729152586788416527e-06 6.941259472753895199e-06 7.887113492272277546e-06
5.737254946604008511e-03 4.888096004068612395e-03 3.130661904834161017e-03 1.967778643285775231e-03 1.417332615047474636e-03 8.628009271523896318e-04 6.644741040273954976e-04 6.609638298009968844e-04 4.949443422597663012e-04 4.347149826175617524e-04 3.888028325928040495e-04 2.679438451370725542e-04 1.710656459299441919e-04 1.047701314736533226e-04 7.800797829030506130e-05 4.687065185121745703e-05 3.072949518576599147e-05 1.823508025759403180e-05 1.096287197033719901e-05 7.149184819797318229e-06 5.359072309043453103e-06 3.841959769299215112e-06 2.708179144975314300e-06 2.042391780404990128e-06 1.811622459348605507e-06
1.567097246230221260e-03 1.288031858942158096e-03 1.173698056383281002e-03 1.165680397637178494e-03 9.146407185920933658e-04 7.653056490260830725e-04 5.866561436175018584e-04 5.614239040660798331e-04 5.264654307046859414e-04 4.691473781283159845e-04 4.225466541282951391e-04 3.597796635081669872e-04 2.573437189814896256e-04 1.456864618659096272e-04 7.361488648404718334e-05 4.704142260831123949e-05 2.654655035960769966e-05 1.583167283678569136e-05 9.110718336589641118e-06 6.501073315442908632e-06 5.251091468103363825e-06 5.316726591096808096e-06 5.188793053302338545e-06 4.617020797846081689e-06 4.333369702900824921e-06
3.778441743836614703e-03 2.988050995939845259e-03 2.202772314166486639e-03 2.152790108144434292e-03 1.763724802676622586e-03 1.539206449317513745e-03 1.604669250074254681e-03 1.291519535182093824e-03 8.013524690506822678e-04 5.869292110446764493e-04 4.236019043279126424e-04 2.570946838171057794e-04 1.614752395202152205e-04 9.337844740469339799e-05 5.755409583165845705e-05 2.630380347652930999e-05 1.482452411868454126e-05 9.779518095737926021e-06 8.660824665501104004e-06 5.570347106492694757e-06 3.640106841488845403e-06 3.351862403274520976e-06 3.261513999342819315e-06 3.881494892951205845e-06 2.724059819084880676e-06
1.852469009811767318e-03 1.853937752983780742e-03 1.307211424043492557e-03 1.403366870964078712e-03 8.481190056934081361e-04 7.762849233925376950e-04 4.674076074733330083e-04 2.697898393605734925e-04 1.792192460688374453e-04 1.456619240990238921e-04 9.887444109488859013e-05 9.091035812447771354e-05 8.358283319233690198e-05 7.614226230955026460e-05 6.163162336416968363e-05 5.388276990118368942e-05 4.081538296490823381e-05 3.260712217073540297e-05 2.420450130494761700e-05 1.964524031442860702e-05 1.665328207885916317e-05 1.578807921944768802e-05 1.649380955689849686e-05 1.992279246514398560e-05 1.925283194614232205e-05
3.295684336019452394e-03 3.509617559123521819e-03 1.773126793720157610e-03 2.128337797036894494e-03 1.429596081571398933e-03 8.551849003860316186e-04 4.711003533428999822e-04 4.456014446447663238e-04 3.615395050040485299e-04 3.505173051992641411e-04 4.643870303651848378e-04 3.400575891674604244e-04 2.533018553382478675e-04 1.709732487725289891e-04 1.187520170117599655e-04 8.256527109003193945e-05 4.291643830414834052e-05 3.230447408418686653e-05 2.885568824545977303e-05 2.345722578263761103e-05 1.751541890968353349e-05 9.873486528487602818e-06 6.239826289812245227e-06 3.980263161940226390e-06 3.649138976437463575e-06
1.295135159244719834e-03 9.170954971820053508e-04 6.915232613983201843e-04 7.661958368894337349e-04 6.103086811094123043e-04 5.786267380508582211e-04 5.100639131276918934e-04 4.618718603899147333e-04 3.625267313354837138e-04 2.975332276079115752e-04 2.221748560398877699e-04 1.896512961034218560e-04 1.849835599436918645e-04 1.789093792576170285e-04 1.457331261257235216e-04 9.566474809612738770e-05 4.874409253190804543e-05 2.405083051606544720e-05 1.529359753295939222e-05 1.202203095848732443e-05 1.421710429825501275e-05 1.598365323659547109e-05 1.043900018053816550e-05 8.263709812075400952e-06 5.307927044673609610e-06
7.247172274167672582e-03 5.166223513954211824e-03 5.172059181259702244e-03 4.441338382179310304e-03 1.926554754569024912e-03 1.089038467901709854e-03 1.151243840289454048e-03 8.488036038002029493e-04 7.602402622054182111e-04 5.996596870359445193e-04 4.243674038988876269e-04 3.210561588754885136e-04 2.199045221315417385e-04 1.156377705575674646e-04 4.882989683283878304e-05 2.654978809318410876e-05 1.499725685856576249e-05 1.277381615433009079e-05 1.166409123037382995e-05 7.748216569006769548e-06 6.913501955898427901e-06 5.813926306884082025e-06 3.897856132911775158e-06 2.900385453179619970e-06 2.144150013672409045e-06
5.777219143757976981e-03 4.210399867238124282e-03 3.255538121103693575e-03 2.059657267272146583e-03 1.440455514094302926e-03 1.218353243062043293e-03 1.271838689940335511e-03 1.130999288219076797e-03 7.458822353987185419e-04 5.662648697430352129e-04 3.902247886661989128e-04 2.870900756078352501e-04 1.797689912455903199e-04 1.016794708664977702e-04 4.928536142490970131e-05 2.580079266406825394e-05 1.604012805896675331e-05 1.055951781048265493e-05 7.420977766494375649e-06 7.333869142223173141e-06 6.091889932211219069e-06 3.344859640773115843e-06 2.507310633554707097e-06 2.012905764105491577e-06 2.084696810464852312e-06
1.977574025882750976e-03 1.367419707752889858e-03 1.198057755835108895e-03 1.116940713232350427e-03 8.423253730083909898e-04 5.925780088835028376e-04 4.860134778350702145e-04 3.170342082779143930e-04 3.166194626657217867e-04 2.337113796343921995e-04 2.098570922373915867e-04 2.163524586870555465e-04 1.875991412379371891e-04 1.429611232603608911e-04 1.315815248093093993e-04 8.255504626595960816e-05 5.433078198160772553e-05 2.989425516471940012e-05 1.972552483747880026e-05 8.699952270937438893e-06 5.362755365298901311e-06 4.272369406478741477e-06 3.796140963152179213e-06 4.426718648200938445e-06 2.780600450340014955e-06
1.779923631360029023e-03 2.357893430035287990e-03 1.668723439457017645e-03 1.079775460726398705e-03 8.630868360257710689e-04 5.595297538873058966e-04 5.023180094671808073e-04 5.002820419762945160e-04 4.301438178931810434e-04 3.940444373858193730e-04 3.109798219935005202e-04 2.336001977352040375e-04 2.111896153748235810e-04 1.562273579563946621e-04 1.234660326967008156e-04 9.893839897787254345e-05 6.884673122852962891e-05 3.970045586929292638e-05 2.645921504538419818e-05 1.919142436731258793e-05 1.246215290541221751e-05 1.017850341159823632e-05 9.584867993873191612e-06 1.045709443811036220e-05 9.348340576462755853e-06
2.984654850075812906e-03 2.671996314978699640e-03 1.812731657216761416e-03 1.130882076674436919e-03 7.704034546864818415e-04 5.808294396363032110e-04 4.230627394421141298e-04 3.786641897260089023e-04 3.035648208316066602e-04 2.679509349487347865e-04 2.223848730796838303e-04 2.027687572287638850e-04 1.469492795474277734e-04 1.330216878544122222e-04 1.047831734900491255e-04 7.182983352717522551e-05 3.996605934884735271e-05 1.558783486552368978e-05 1.000170145543558942e-05 8.585762174384443935e-06 7.091520789725679085e-06 6.478199647513779021e-06 4.742999156328363396e-06 4.239863709979311770e-06 6.159500163439540558e-06
3.329326151302317103e-03 2.721514306949136645e-03 1.660499475777579186e-03 1.181468135870039366e-03 9.892469541631677965e-04 7.747961987582985700e-04 5.964398323552829373e-04 5.027143727265439904e-04 4.047462141065631441e-04 3.515639917244272922e-04 2.835463154415182553e-04 2.506746804278260003e-04 2.111980920898460362e-04 1.684953167724711879e-04 1.201486745891383904e-04 7.630685754283053938e-05 4.628074561151581100e-05 2.340261465247043488e-05 1.601454511568949500e-05 1.036244986092803313e-05 9.788534087305961906e-06 1.103983101973288989e-05 1.227964208154110561e-05 8.877442262749942758e-06 7.781357664138225931e-06
2.111945354398275538e-03 1.515200890008231143e-03 1.105415441215629787e-03 1.118757857547903085e-03 8.590990424330497994e-04 8.726343363119004820e-04 7.707797907586717324e-04 6.922061414585973377e-04 6.940369396404344514e-04 5.887141601228178386e-04 3.895645459184491851e-04 3.440355633613674524e-04 2.458986966038924989e-04 1.769505029349115633e-04 1.468231645719273208e-04 9.119681757083618486e-05 4.587912580540909189e-05 2.569522113644874246e-05 1.746594689240554517e-05 1.487055869687612309e-05 1.454750910462427518e-05 1.488870798884387524e-05 8.725491025771111360e-06 5.924991119250984009e-06 6.864834449244993091e-06
1.128752382819779359e-03 8.350293032347110402e-04 4.006923251019154589e-04 4.760862216304612930e-04 2.435587905331140692e-04 2.392842956269648107e-04 1.994784666304585334e-04 2.092359432449710063e-04 2.113167020366484537e-04 2.070247715163543722e-04 1.744940830883441206e-04 1.370232093615177116e-04 1.102856019450785722e-04 1.139365852064901205e-04 7.263565047336273937e-05 5.290487808391896468e-05 3.606659016006606293e-05 2.455666733687367464e-05 1.837425575245230796e-05 1.347345938920671649e-05 9.650911464302271625e-06 8.303154400122431141e-06 6.051414662278084542e-06 4.176618236009678662e-06 3.181625985948840256e-06
1.503229312253117917e-03 1.253716785338342089e-03 1.068764251040217952e-03 1.000439054898271144e-03 7.855524059251697963e-04 5.277635484804100649e-04 3.893975886645495454e-04 3.415284429501504225e-04 3.681023607941199291e-04 2.512187963943343693e-04 1.506161597022318357e-04 1.288871435588521714e-04 1.090214625953337687e-04 1.035525326316067080e-04 9.104536885453036780e-05 9.806593906043506123e-05 6.257637565531159096e-05 4.288228399403103738e-05 3.161729795368495083e-05 2.248425963744158881e-05 1.963973116576206332e-05 1.912913400441371508e-05 1.497618463828606700e-05 9.108344663723771462e-06 6.423645156829790436e-06
4.665032347347130605e-03 3.848452723568757030e-03 3.288829422127180057e-03 3.021602026176011847e-03 2.217876896120049394e-03 1.723151039468334223e-03 1.501762306182089250e-03 1.057980738146348980e-03 6.870650962856978891e-04 4.838003681242187669e-04 3.650943074781056916e-04 2.554715145511583622e-04 1.770881678617262239e-04 1.167329734366935904e-04 7.255044241303791445e-05 5.020715329874062016e-05 4.110147711692822598e-05 4.105185185847551370e-05 3.287842566325860062e-05 1.783870097886613008e-05 1.386955302170609502e-05 1.454473430397919410e-05 1.876117052438140481e-05 1.968443965384925610e-05 1.454550299638359261e-05
6.350969599113091314e-03 8.276191067989121727e-03 3.877754631814056118e-03 2.651144463334021567e-03 2.874486274422579160e-03 1.904608936250724643e-03 1.522143673433667879e-03 9.314174901647921407e-04 7.418247143098848735e-04 4.657899320849829628e-04 3.585425610667469331e-04 2.735850625123873738e-04 1.903046217077428767e-04 1.181723054252607996e-04 9.873761447947525098e-05 7.402636485430349328e-05 4.513615802978225615e-05 2.525882498517882877e-05 1.326010005674327278e-05 8.179721491473311782e-06 7.044347275769014555e-06 5.355532774756479511e-06 5.034284678270763320e-06 4.740113407837894074e-06 3.913430284207804964e-06
3.970092807197870763e-03 2.340113292835802050e-03 1.584002431646241256e-03 1.582630461461442426e-03 1.262421492290260756e-03 1.637135114229019105e-03 1.685995446249963009e-03 1.117461150331684316e-03 8.079745852210052683e-04 6.364067783424192217e-04 4.803117601094978890e-04 2.929295393017022409e-04 1.736461395458807481e-04 9.598156658304571331e-05 5.451858261350656765e-05 3.606906756691260541e-05 2.370948312828117551e-05 1.529917025276359181e-05 9.526819027221950249e-06 6.818418459087210467e-06 5.830589343960837448e-06 6.591268290231460922e-06 7.089881556016269904e-06 4.441387915168269708e-06 3.417646448770249027e-06
9.648782407882649376e-03 1.006218760774856349e-02 4.521435959897494687e-03 1.845193694627747212e-03 1.159324429391341699e-03 8.026973584111696692e-04 6.826230975256751847e-04 5.768968196523361572e-04 4.616639739842554047e-04 3.937828965459788059e-04 3.078655416215690947e-04 2.363830330889185442e-04 1.677699690045143365e-04 1.150291916074943016e-04 7.620746885745418762e-05 5.303654441448588932e-05 3.729401104366625856e-05 2.962664141513548315e-05 3.857544569119782438e-05 1.931588234339483764e-05 1.300093916891586888e-05 8.997422267205533412e-06 7.182835673696880465e-06 6.143825049593474552e-06 6.334692066046509214e-06
4.380180174158610287e-03 3.223190394698817809e-03 1.994913045748629779e-03 1.179255535056144069e-03 8.453878788562439262e-04 4.956617554211997659e-04 5.711669846034730935e-04 4.689954293169137705e-04 4.539585791055095513e-04 3.853596940747832647e-04 3.308059437331341626e-04 3.050054606664903169e-04 2.644732189892960304e-04 1.674796896783436778e-04 9.122192707706523480e-05 4.407577005226775399e-05 2.506965678339099921e-05 1.572603040278451581e-05 9.141751506600085926e-06 5.406408142569460799e-06 5.056561339761181549e-06 4.497195604976081432e-06 4.833477211440227582e-06 4.788986630235740501e-06 4.038728301077025827e-06
1.812557012784975349e-03 1.280305702198750997e-03 8.067361978165009818e-04 8.343547278739735923e-04 5.642306832596772270e-04 4.128012349337278203e-04 3.921109785310615027e-04 3.105163959420398898e-04 2.913742499026039331e-04 2.946535327179414005e-04 3.032500537135090352e-04 2.660740206441605219e-04 2.221016262835100175e-04 1.950735325883218676e-04 1.677147649418016197e-04 8.859814068927771350e-05 3.496317540339910490e-05 1.599212517665362781e-05 1.302705603155514754e-05 8.180208303767531484e-06 5.785102532398989120e-06 4.633920081882302666e-06 3.530512604405546137e-06 2.784830852689559467e-06 2.691426699319492513e-06
8.848150991986330691e-03 4.454653271275772937e-03 3.360168808335831613e-03 2.406649242762152249e-03 2.157035441704056433e-03 1.359262626818101517e-03 9.614694589755237719e-04 8.812632283484206526e-04 6.452761352077383090e-04 5.348342362204406512e-04 3.582550263343803462e-04 2.709428103775895049e-04 1.739265312213194030e-04 1.101649958887086143e-04 7.438884638451895564e-05 4.653478972168194778e-05 2.834364372062058311e-05 2.163137759050723163e-05 1.387687874856768196e-05 9.533089839890560626e-06 7.859937249241352546e-06 7.988824524387200872e-06 6.876586353596599492e-06 3.587275995223381860e-06 2.592305320229129579e-06
6.775430393124976837e-03 5.607598611250151285e-03 3.999566933670062677e-03 2.470922078542702252e-03 1.347389105444468096e-03 1.125366029457784776e-03 8.788865967805950486e-04 7.873743788946609536e-04 6.525844962992989650e-04 4.687943317592067742e-04 3.591927043358331324e-04 2.781327575322672203e-04 1.954341008494446530e-04 1.554026605347696088e-04 1.283151719113949981e-04 6.348475268442284965e-05 4.238043063535946835e-05 2.669059683807206097e-05 2.131219724925512583e-05 1.379545575565999029e-05 7.893517887626536807e-06 5.544629015589885748e-06 4.571595511965121102e-06 6.518996719970384904e-06 7.225265507465511109e-06
4.669607267251610697e-03 3.720397508721515721e-03 2.700683651332662881e-03 2.033928779647294592e-03 1.790604203867161761e-03 1.264521309627721253e-03 1.387227936381222118e-03 9.328060041144431609e-04 7.174995823207261673e-04 6.202438955003356999e-04 4.153233035519331498e-04 2.715713184389686812e-04 1.550540831498459324e-04 9.901821369456029025e-05 5.706174220632974267e-05 3.183902831282645323e-05 1.872915461795475456e-05 1.219607478456889614e-05 9.470646718251921010e-06 8.841252974902441862e-06 7.221511450886434428e-06 6.580499395784402020e-06 4.054583626845599561e-06 4.437114674520180634e-06 3.835437407821043868e-06
6.324589005994747486e-03 2.199603496881170385e-03 1.610470219821965232e-03 1.632938193483499415e-03 1.399557474776184137e-03 1.112233306034425247e-03 8.438265469877222549e-04 6.501197975189109378e-04 5.136830120645435047e-04 4.433497256841982797e-04 3.914901660038662325e-04 2.803623471703516404e-04 2.089987010038499185e-04 1.548541642182069090e-04 1.255787902739194069e-04 9.139322565118176500e-05 5.323270917541198601e-05 3.555539266158911022e-05 2.106398262101093075e-05 1.286858805188038644e-05 1.203298174898876114e-05 1.380558684489270553e-05 8.376420175702188606e-06 8.162754526241803780e-06 8.635679387876517364e-06
2.843205633715491665e-03 2.007917893458306593e-03 1.629762197888200278e-03 1.365427385842569487e-03 9.563061551049705086e-04 8.332371683294148785e-04 5.995828101623994948e-04 5.165037646239696882e-04 4.595377681605060036e-04 3.973018324389111745e-04 3.429038253788802937e-04 3.472626582771021360e-04 2.479356600940791321e-04 1.456106257284061115e-04 6.881848210762540484e-05 3.255213075619066773e-05 2.080364476418400640e-05 1.221237339262106848e-05 9.535775851392125431e-06 6.796217533746072770e-06 5.045954420770661799e-06 5.878796755254334905e-06 5.107343361316718598e-06 6.991674551518797539e-06 4.502851373189875367e-06
4.339850195905405744e-03 2.421532287020555004e-03 1.929738619128969733e-03 1.335062053040222529e-03 1.226941942406197623e-03 8.018375772542168803e-04 6.312371637736881747e-04 5.756428789994008427e-04 4.965223197068711122e-04 4.377013729274845501e-04 3.895049649666895513e-04 3.221422833828697214e-04 2.175506710206928434e-04 1.239846561942860260e-04 7.113541441458338119e-05 3.757567140149991968e-05 2.160405625028042622e-05 1.340128904602176132e-05 8.518099617986591376e-06 6.486371704868325781e-06 5.350403123056885091e-06 5.380679682104888713e-06 4.216749182618088101e-06 3.429032946466234873e-06 3.490779166210944364e-06
1.209247465937237243e-03 1.180279874762085257e-03 1.210667091816651194e-03 8.492181404815974917e-04 7.873750027643512369e-04 5.840774097094008580e-04 5.021731002354121653e-04 4.217525229005732201e-04 2.651209831444955927e-04 2.459495706782408009e-04 2.079167338989354311e-04 1.381717646699891417e-04 1.081879174549649583e-04 8.839388349386069065e-05 6.726749333860060766e-05 4.906946512877465543e-05 3.412054906153713375e-05 2.430190568631440749e-05 1.644627655937676340e-05 1.848200098077609223e-05 1.113860199457437367e-05 7.905660472803643834e-06 5.755303318424611844e-06 3.955958018961768508e-06 4.988863842041411990e-06
1.515443887222008099e-03 1.382154852296624790e-03 1.094951943282774631e-03 1.008685503942098171e-03 9.486067402580068610e-04 7.387774259328724457e-04 6.579321940956369850e-04 7.101586355372865476e-04 5.275014023143023050e-04 3.562050356842299398e-04 3.371474745099865226e-04 2.359831524080202255e-04 1.318919217059062070e-04 9.531728333484531385e-05 7.308792659762679267e-05 5.480491308520844140e-05 3.790697090738781848e-05 2.673566971300532554e-05 1.560055049315173077e-05 8.893108452951955964e-06 6.653079229338089625e-06 5.783103066251224527e-06 6.857207772497431105e-06 5.604105563848540042e-06 4.026702829351877726e-06
3.420186901322372179e-03 2.904872161940719698e-03 1.628026828970881171e-03 1.615467330075230808e-03 1.294701638060553493e-03 1.155892119611035430e-03 9.694501556727134995e-04 8.094294193290724063e-04 6.464301494546625428e-04 6.097222243723666481e-04 5.201141228935996083e-04 3.734631079354318447e-04 2.193764668489832132e-04 1.386984455460929457e-04 9.375707039928361504e-05 6.697363220051646244e-05 5.084661591785622788e-05 3.212631575069162861e-05 2.299228174433724101e-05 1.607049461183195042e-05 1.748929016519442815e-05 1.221893104019713672e-05 1.063917619124316395e-05 9.355991263275363680e-06 9.076745800226804900e-06
9.734133373132499573e-03 3.837796086077355836e-03 3.390123804994764518e-03 1.183758292183369112e-03 9.741737598492754583e-04 8.704817713494250771e-04 7.510142509693775933e-04 5.865302805080156159e-04 5.158924641706770465e-04 5.692431430173481655e-04 3.988114382057380810e-04 3.204835336723907717e-04 2.723458786918633119e-04 2.089349464038236929e-04 1.419221945998235608e-04 8.288847863443041253e-05 5.959361045522570645e-05 3.891621588783136614e-05 2.961511302326943771e-05 2.024827312187000615e-05 1.331193717829723694e-05 1.037782960938319360e-05 9.227590504015392104e-06 1.120733134431965544e-05 1.106786502885522135e-05
1.195768181853485877e-03 1.240456205212363836e-03 8.406243399916156923e-04 7.747471898430143564e-04 6.598714755278915029e-04 5.626049015647261635e-04 4.206101431563826626e-04 4.155172949860361535e-04 3.527928426040530382e-04 2.617559400517091811e-04 2.000686507991025114e-04 1.526457771117136018e-04 1.149263668422723290e-04 9.563429415503449057e-05 6.961950317993513581e-05 5.030997470379338071e-05 5.489289291671358648e-05 3.579914499199668784e-05 1.967341220075014569e-05 1.176789244585731935e-05 8.088643368581914734e-06 6.456567386374129587e-06 5.668457382708366675e-06 4.785253955820164743e-06 4.422630479507629322e-06
4.352023435001017848e-03 2.313279001286786332e-03 1.234095137164441421e-03 8.709263802831442242e-04 7.098732779516679463e-04 7.284051201379181713e-04 5.468949418704994797e-04 4.569364308760354436e-04 3.961128322535737334e-04 3.243907414606383055e-04 2.973059912159514272e-04 3.223190222318736788e-04 3.002280640136536301e-04 1.918119454719293825e-04 1.069390142235520242e-04 5.838884768269494974e-05 3.660010148622577000e-05 2.626964907386959838e-05 2.312922339438439322e-05 2.620252232470762270e-05 3.222809856984943007e-05 3.516442275354928035e-05 3.992036343150684403e-05 4.012539679794010632e-05 2.420871537095200282e-05
4.721728493808026277e-03 3.333660977895442148e-03 1.962496068633955929e-03 1.261936902924334653e-03 1.112582534644953290e-03 9.127953435065504521e-04 7.751811697313740332e-04 7.095613121029136546e-04 6.505284401135144699e-04 5.584439659483089085e-04 4.800985286207372815e-04 3.193335189100453449e-04 2.355563480408938675e-04 1.556078895740263556e-04 9.949758631237046636e-05 5.115760848430561062e-05 2.692325972324704554e-05 2.119908845039025292e-05 2.352904104841113136e-05 1.137516461993185613e-05 7.499050861641241488e-06 5.845616599458466913e-06 4.209173443439475196e-06 4.156707382418514997e-06 3.213447048554078983e-06
2.694412482310482547e-03 2.090176755546970921e-03 1.415990243530273422e-03 1.071855731666279243e-03 6.262373485808098075e-04 4.598040945869591055e-04 4.248715608685214992e-04 3.183971957766288980e-04 3.770142546015163619e-04 3.827730109423900496e-04 3.184519042085053020e-04 2.454433095724375372e-04 1.859947346489730657e-04 1.412912721693296216e-04 9.300507691846210000e-05 5.056607037323535936e-05 2.397655438207061377e-05 1.373778804270555264e-05 1.057523557517964973e-05 7.373029055176096892e-06 5.288249313627167849e-06 4.307352596090516516e-06 3.337861916396325202e-06 2.871393467193582884e-06 3.253717697405520840e-06
1.161890083904321049e-03 7.894288355220966096e-04 7.588559088776844963e-04 7.673762257112878285e-04 5.957774359636766430e-04 4.406900576114693440e-04 3.423910868895690485e-04 3.886194852785946393e-04 4.220014066893054152e-04 3.479815905017014381e-04 2.451493345368987867e-04 1.901018479709411875e-04 1.597084496956897534e-04 1.249766848090641958e-04 8.440504107235627970e-05 6.400906901487485941e-05 4.338059851226785794e-05 3.929620027114145850e-05 3.128973316111755541e-05 1.816126414919908699e-05 1.078716051017576011e-05 8.527935956225013989e-06 8.161489612764394431e-06 7.404502791894208940e-06 7.196075746206606921e-06
1.995210522627821528e-03 1.113014725683668599e-03 8.671907521414086136e-04 7.605327004936807090e-04 7.111233898648773892e-04 3.560855014307338115e-04 2.256940029483842916e-04 2.011649276157170276e-04 1.748288768135985343e-04 1.576204195294671000e-04 1.344083164022757493e-04 1.197766337841279892e-04 1.174077346962440238e-04 8.084867769015440984e-05 6.181297485440649252e-05 4.901516533355455661e-05 4.631210318956412522e-05 3.620738547414162773e-05 2.834574062033674377e-05 2.393548370517554024e-05 1.530788292851778141e-05 9.996001139484879448e-06 8.560577736232197522e-06 9.620818916221241483e-06 5.436517482210721525e-06
2.969724565390658745e-03 2.324389338614981596e-03 1.633941886623318900e-03 1.330415703261877058e-03 7.834673099686560336e-04 4.726721584480098569e-04 3.090261216525811891e-04 3.394477219349613471e-04 2.463296412661394115e-04 2.333248371767030469e-04 2.058331796260881390e-04 1.690959620140449968e-04 1.527216800468877294e-04 1.225932387899427854e-04 8.910141221273539425e-05 6.109357560852680480e-05 4.335990195075370451e-05 2.976533579582089838e-05 1.949881338046964189e-05 1.150283265939370790e-05 6.467152792265229263e-06 4.298093749956323560e-06 3.726186026886901438e-06 5.060396913673343755e-06 6.257489618711660190e-06
1.953002544080015539e-03 9.082196272702012076e-04 8.074088765905205675e-04 6.418784632092160158e-04 3.698006605255697767e-04 3.682428188425902120e-04 4.068906894487329430e-04 3.240586008460049554e-04 3.557318570781621038e-04 2.498634409194133016e-04 2.220047645392326336e-04 1.651081519725974757e-04 1.622219676871212882e-04 1.524496109140077802e-04 1.382998833020251765e-04 8.655985598741820384e-05 4.283794624823324186e-05 2.282574371618191348e-05 1.288255921543512938e-05 7.520085675157751445e-06 5.177642686095613326e-06 4.338618933773680128e-06 4.368070923095375305e-06 4.647633598682951114e-06 2.683487634764008098e-06
4.753117515892433219e-03 3.497618370194076863e-03 3.069433357279789405e-03 2.581349299930149870e-03 2.182834520298544082e-03 1.403273927990957536e-03 1.230350724142226931e-03 1.106633216944820494e-03 7.147569689189489650e-04 5.174125369947690442e-04 3.710542492008429599e-04 2.855413711215231570e-04 1.748441307588344056e-04 1.272185181157288827e-04 6.595650824514397235e-05 3.564915536646976114e-05 2.149622573153714294e-05 1.519026832449097835e-05 1.084883317552666726e-05 9.765784978821788917e-06 7.519172389176196876e-06 5.357680728942019159e-06 3.057179429793433499e-06 2.511048533867505682e-06 3.059813503975204572e-06
4.604641843966167380e-03 3.732840435714249259e-03 2.217590267656022532e-03 1.179428539046221665e-03 8.155015386871013790e-04 7.352574735017803308e-04 5.986695761231557167e-04 5.241898799434515374e-04 4.301024793697798428e-04 3.580351126250698977e-04 2.961690526020069412e-04 3.313323806041788074e-04 2.326890568173136384e-04 1.809904777794377987e-04 9.163898865982969598e-05 4.653238077927821989e-05 2.223899958439478532e-05 1.592604368415680288e-05 9.666344982639792790e-06 6.496745422723203302e-06 6.786732077406168353e-06 5.124485950537913233e-06 3.690968900104154297e-06 4.542158487444605239e-06 3.258606476476469806e-06
4.672116934413654554e-03 5.478975108852585443e-03 2.810315137573497594e-03 1.636709593881421334e-03 9.391444321024047933e-04 6.949464436163166380e-04 6.236906554203926418e-04 5.405372678989180070e-04 4.919521160501583428e-04 5.148645626507230731e-04 4.790921194085044328e-04 3.534602978854159265e-04 2.646516458794060268e-04 1.459716084217772087e-04 9.011566467936127443e-05 5.299361315714940185e-05 3.158730177986268330e-05 1.933471810163516719e-05 1.214768669932576707e-05 9.196539542932241531e-06 6.907432186758770210e-06 5.113685134514350934e-06 3.803531732492852052e-06 3.961571776886523748e-06 4.998894209925709780e-06
4.185722197874769748e-03 3.134069137519684620e-03 2.653811227575413653e-03 1.419007580713373996e-03 1.064824909236707648e-03 8.172850453531304909e-04 9.789184286387551948e-04 8.290464371151644351e-04 5.703733428901510555e-04 5.132043156342432034e-04 3.990839620999904968e-04 2.792167581002352478e-04 1.972660789374077492e-04 1.257660943260698516e-04 6.556251458960259853e-05 3.952306180751281016e-05 2.558294161495227326e-05 1.251063504425523959e-05 7.304793204480507651e-06 5.521654388454202926e-06 4.436887343381674916e-06 3.928995089627051149e-06 2.781297429629003114e-06 2.302312151704371524e-06 1.697990259239505778e-06
3.235322064516793494e-03 1.995967338784904611e-03 1.449346240712942645e-03 1.385632728042153180e-03 1.029854214742064161e-03 6.080352320497371069e-04 4.449049305074637595e-04 3.575233583257281917e-04 3.355917712431569504e-04 2.844622287073202008e-04 2.259642451711364242e-04 1.631705806608113964e-04 1.173986382961460440e-04 8.061752036506920796e-05 5.740089873734656055e-05 4.279571975342002420e-05 3.255358123804260516e-05 2.384655980655449718e-05 1.880592495303701450e-05 1.583907356219989567e-05 1.758330511775649073e-05 1.055861423089934926e-05 6.117648578940480502e-06 3.394379582606466595e-06 2.286390933938583098e-06
1.547783450787199077e-03 1.402868300708865834e-03 1.577845935755521926e-03 1.452649615308581731e-03 1.163337202425560653e-03 8.996798560350802946e-04 5.551798053326270199e-04 3.598258961072253476e-04 2.754893253358110436e-04 2.155415007439578836e-04 1.706073668520101969e-04 1.340181979161076461e-04 1.123416155110694409e-04 8.907952686747337451e-05 6.189334917500459617e-05 4.397136232810828154e-05 3.619180069729895007e-05 2.861659216652944675e-05 2.476223566178303403e-05 1.793851564660947374e-05 1.543802298027749156e-05 9.927903828351810234e-06 1.022160607946947841e-05 5.985353600229476194e-06 4.787853972685484961e-06
2.699115405737858870e-03 2.543280417549113968e-03 1.928495561225859094e-03 1.456096408533489846e-03 1.292456571638853861e-03 1.307925652879553084e-03 1.073142768529027546e-03 9.420460618089076957e-04 8.003476576300210497e-04 6.334110812145757113e-04 4.583398950695852258e-04 3.157311550446547711e-04 2.009145558124833671e-04 1.121323871535071458e-04 5.668150760959934795e-05 3.326049232166019512e-05 3.883696123721113743e-05 3.491872614476031531e-05 2.467110877735488220e-05 1.839614283249654372e-05 1.676866172943700255e-05 1.131271327080492883e-05 6.276541475434647079e-06 4.112928743870431190e-06 3.505816245909806473e-06
2.246161885388367214e-03 1.602978171105327301e-03 1.310121147102270714e-03 1.088579223904778508e-03 8.790009056188867465e-04 7.563417518221001281e-04 6.619625585728204729e-04 5.075948423733421880e-04 4.237810499581549364e-04 3.302652625643188620e-04 2.367284851299653482e-04 1.675809312875922545e-04 1.201439483636094498e-04 8.257069887443052602e-05 5.754214466938297850e-05 3.803690987510293433e-05 2.647450982556191903e-05 1.676756200080082687e-05 1.304732288072725358e-05 1.030855244045757665e-05 6.071311101421491361e-06 3.825819979902201492e-06 3.101628092702237245e-06 2.298022333407602285e-06 1.806073327147457713e-06
6.411047981890514004e-04 5.798672898615405552e-04 5.071444656210965379e-04 6.302845181666565533e-04 4.238921101016347183e-04 3.884238284393770938e-04 3.340932597276744681e-04 3.179739110457031111e-04 2.303030154568690277e-04 1.800987038160675833e-04 1.258224941340268979e-04 9.301248855125252317e-05 7.748838530959190486e-05 6.725554734697231725e-05 5.470063578321156776e-05 4.826510860447735986e-05 4.074037240662032510e-05 4.902409546228157691e-05 4.510016009072528176e-05 2.599254449785241977e-05 1.697036889782023485e-05 8.061685191920106903e-06 4.902701380658816308e-06 4.454420243580286100e-06 6.709841577809597537e-06
1.827300005498561260e-03 1.619926996125033635e-03 1.409835989810229780e-03 7.144901102016086060e-04 7.614746789099841604e-04 6.514714048113004041e-04 7.414338930536617297e-04 5.878501337041418381e-04 5.292351290598481736e-04 3.257841224660803234e-04 2.796418959302069372e-04 2.270714546174254056e-04 2.055684037977945934e-04 1.861399643968368448e-04 1.419835959819891686e-04 7.307494328081687188e-05 3.153399197117957327e-05 1.773548305244858505e-05 1.392244072383492579e-05 1.221114468044720898e-05 1.031430916318562215e-05 7.983736012278021710e-06 5.578641804263260239e-06 4.246432484777262214e-06 3.369286936733404449e-06
7.874930624616065938e-03 2.811596016882733466e-03 2.206400243619906221e-03 1.467864944687778238e-03 1.284570295210196852e-03 1.101270773889800447e-03 1.140790044452920978e-03 1.140396027719634865e-03 9.481241617893689617e-04 6.337547474149469269e-04 3.975735644082856483e-04 2.686004249708136087e-04 1.854293161681414210e-04 1.019918275152301878e-04 6.494216044488966306e-05 5.668549938792388684e-05 2.509047193207765766e-05 1.831977028535924533e-05 1.299235924981169747e-05 8.665503915371106515e-06 6.011615311506586184e-06 5.522190233593038977e-06 6.464098403535142608e-06 6.996739749860118282e-06 3.706256077673789940e-06
4.986145232563682708e-03 1.816037773141099265e-03 1.444431614669789386e-03 1.213641079085666296e-03 8.405871078377451970e-04 7.299297925210326702e-04 5.938321920314937634e-04 4.918961615663560187e-04 4.597636000644007522e-04 4.175377788061432165e-04 2.864150215612006750e-04 2.478564177704106796e-04 1.994187439507693227e-04 1.613747067123385420e-04 1.318350311711699618e-04 1.230323724809422460e-04 7.160545503868654359e-05 4.845083176377038627e-05 2.549716775956639066e-05 1.358749917067135248e-05 8.304355197838525835e-06 6.059649816574380502e-06 3.851852473503701048e-06 2.822163654400591454e-06 2.434657637036692748e-06
5.493026594833085377e-03 2.749100510064744762e-03 1.354648893974778282e-03 1.082458247733653154e-03 8.896345759545624043e-04 8.093395586399240987e-04 6.993899992455262973e-04 5.884099677240419834e-04 4.952983225014407275e-04 4.397067947079103130e-04 3.976729890908323054e-04 3.286261875932704473e-04 2.452881880932854405e-04 1.670871499562693338e-04 1.016344583066478778e-04 6.531608638168256466e-05 5.445992529242831828e-05 2.423358129452736828e-05 1.551621166150187172e-05 1.023514511551009417e-05 8.584841480375950563e-06 7.053456772864725554e-06 6.175955044872008359e-06 4.651943447152948780e-06 4.035485328371100254e-06
1.351903162338549853e-02 9.891491267729634121e-03 5.271162277504566444e-03 3.243088618506076090e-03 2.531271446402219311e-03 1.627030790459255572e-03 1.209148252051320304e-03 9.077100662785213487e-04 7.934071398679584577e-04 5.111850503253380189e-04 4.236127719002182458e-04 2.582805808120991540e-04 1.688482937655539631e-04 1.061577681510383355e-04 5.900418381005094682e-05 3.612466247560770490e-05 2.375507512776288941e-05 1.459741880793356533e-05 1.053049811026887996e-05 8.038292897547277030e-06 6.690876282156902592e-06 7.380715995269337858e-06 9.369547489541791532e-06 9.040382649701187359e-06 7.551143572698341910e-06
9.054737400111421627e-04 6.182248561087975774e-04 8.693313979582543375e-04 5.514988209627978352e-04 4.929213807225445339e-04 3.024763084439968338e-04 2.096677315363036978e-04 2.298354960017497475e-04 2.316465347776700207e-04 2.464872528462966751e-04 2.005289455760812768e-04 1.556770636787668024e-04 1.068116921794200273e-04 7.525068118011934959e-05 6.147167386533069100e-05 4.947930667078887288e-05 2.999037366980310002e-05 2.271306443489360262e-05 1.806711871924321876e-05 1.564874265675432724e-05 1.142169074871728460e-05 1.007256471720460646e-05 7.668459421180515013e-06 6.663081674426805512e-06 6.847055712082811359e-06
5.297773536500041854e-03 3.927274465174555688e-03 3.311098981506266185e-03 2.260248428910360211e-03 1.865662571734212410e-03 1.414442859616027795e-03 1.532928711470474357e-03 1.090265134938456877e-03 7.622549030688746414e-04 5.913349554026461029e-04 4.328428822775216714e-04 2.411823935436604375e-04 1.677078294787402366e-04 1.122234866857924014e-04 7.790264354854156508e-05 4.702286412360112954e-05 2.857025062580256436e-05 1.589025255371170024e-05 1.171096534505420010e-05 1.332499293586304589e-05 1.224834675032241682e-05 8.856756342010885092e-06 8.165367568736104538e-06 1.050660607956322275e-05 6.153678511906008174e-06
8.291623881276384903e-03 4.072593728904586215e-03 1.787669542188338690e-03 1.517844802455267346e-03 1.260077792422308616e-03 8.774448713668306973e-04 8.320965027730147867e-04 6.613017428291759810e-04 6.043826593232065874e-04 4.845887425495218055e-04 4.209827738463909133e-04 3.185934371616341940e-04 2.179500299491636311e-04 1.599590071865702860e-04 9.248327973227082346e-05 5.618495331780055106e-05 4.476558054967817789e-05 3.522376379458377801e-05 3.311187267131874125e-05 2.275511822972970194e-05 1.410036244578661383e-05 8.507295917928490588e-06 6.166183138303142045e-06 6.913419283382177370e-06 5.334768706847109950e-06
1.160839284248484007e-03 1.047152701965226159e-03 1.627022048521950884e-03 1.565642800511480356e-03 9.719999546840086884e-04 4.564598850280586939e-04 3.534077801613971000e-04 2.407696417137644273e-04 2.709619685878307191e-04 2.392832922080342917e-04 2.527808823968985259e-04 2.890920722140867777e-04 2.989905383726389047e-04 2.132440861223909502e-04 1.072605269606335623e-04 4.982220491472170456e-05 2.332447867744631912e-05 1.207123311318069234e-05 8.348362768842565717e-06 6.246568979563247964e-06 4.390041487722293518e-06 3.697312584672481971e-06 3.155876902081844981e-06 2.422737315029647479e-06 1.990738637707886745e-06
1.997385385570488257e-03 1.422300318378650090e-03 1.105125491421190403e-03 7.653414110007576276e-04 6.146078954196963762e-04 5.433827257147318211e-04 4.052999887903105587e-04 3.475018395773368579e-04 3.164316695815569684e-04 2.432052006388561965e-04 1.891298881863905763e-04 1.450388615613766065e-04 1.493056696835748647e-04 1.282713297128659292e-04 1.084527075681360246e-04 7.315538999068027970e-05 4.522871763374355540e-05 2.543404973287361571e-05 1.489335717975194607e-05 8.031154851598242523e-06 5.409039211072300453e-06 4.133880776276516518e-06 4.223793333233940725e-06 3.683303826745934975e-06 3.870057136119074152e-06
1.667051160559427161e-02 5.878533036511443197e-03 3.402781195384797005e-03 1.713594155646701398e-03 9.372385639267105184e-04 7.470820608560381319e-04 7.382038570195148097e-04 6.180833490654064196e-04 4.888321674579191927e-04 4.327058908706301666e-04 3.892414859147198336e-04 2.886026275028982205e-04 2.133480103596692629e-04 1.701813833705665639e-04 1.364214059963869414e-04 1.149506043671664221e-04 6.193815115544253503e-05 3.182342332176615348e-05 2.112400605894215925e-05 1.253055642379906032e-05 9.517362485624077676e-06 7.794943464996551008e-06 5.786583264432187616e-06 4.814337310206842731e-06 5.309006021394563236e-06
8.436514549678137201e-03 4.444953269465761088e-03 2.824844450391896054e-03 1.596448568207004762e-03 1.433075445988862178e-03 9.549668636667670279e-04 7.349556328093585431e-04 6.064622726792825774e-04 5.040647058364402166e-04 3.795065654319764088e-04 3.203739750623460134e-04 2.516626269216284788e-04 2.207455608944573734e-04 1.770835511626218343e-04 1.405385056679984426e-04 1.145614131071249543e-04 5.472832169771445557e-05 3.243873943571323813e-05 1.975365705283902925e-05 1.439511945737439385e-05 1.179775788848886047e-05 7.942947553430563604e-06 7.574399623736865160e-06 6.808817219362959364e-06 6.737303233644034764e-06
4.593945689323057288e-03 3.719550423661017145e-03 2.162685977020165420e-03 1.789588947752813238e-03 1.527745389832877191e-03 1.144139414109940312e-03 9.612430938021495046e-04 8.310122677029852184e-04 6.315902343809894591e-04 4.834856806289282959e-04 3.805236206351852416e-04 2.967148660522810023e-04 1.808862819312867228e-04 1.004068096778174148e-04 5.181480587044552509e-05 2.601821564903210985e-05 1.360093060161481127e-05 8.108687713482397731e-06 5.671732130866513570e-06 4.834690084670073031e-06 3.176735539989150961e-06 2.858156196300172313e-06 2.636644520608034993e-06 2.244583401753169310e-06 1.966287567958499971e-06
2.901738217243946417e-03 1.972646582173777276e-03 1.503033599743765257e-03 1.313743415971653202e-03 1.194686528099354753e-03 1.240248230338534489e-03 9.805473550496713198e-04 7.706463471103134136e-04 5.676170283616262767e-04 4.411541518319479728e-04 3.446262386484762012e-04 2.609320343145456319e-04 2.032428958695371810e-04 1.317445164761232260e-04 7.556416759772595034e-05 4.424905553216621629e-05 2.451184015785358260e-05 1.637055815151527887e-05 1.069378984147312370e-05 7.434221701141355145e-06 8.849628213376602392e-06 8.062035231430367765e-06 8.802195129082201786e-06 8.336882663603438200e-06 6.924336276598938494e-06
3.600025173238813672e-03 2.609905474277503593e-03 2.497332586989470162e-03 1.818550035823849687e-03 1.269780816962104170e-03 9.561988715339984077e-04 8.536763665297640493e-04 7.066420430575305785e-04 6.504081026323880457e-04 6.191479820246716635e-04 4.676318367079975737e-04 2.987968832423614006e-04 2.482045732368825738e-04 1.873160408825655149e-04 1.323228525005302222e-04 8.935684083320997344e-05 4.226817683602582590e-05 2.120210274324562107e-05 1.689021346440141422e-05 1.544939148239977505e-05 1.813026133652182419e-05 3.086761650732076771e-05 1.258645136481949747e-05 5.959955135793795333e-06 4.061035437037163006e-06
3.285805974886566588e-03 1.950956211601214416e-03 3.317852587094280350e-03 2.148151963458763344e-03 9.877228105967417616e-04 8.897822700105395208e-04 5.528831549432808605e-04 5.527911696080514128e-04 4.949938669186542631e-04 4.563158802675074837e-04 4.485612849861867119e-04 4.289700027419066173e-04 2.501274086302547953e-04 1.374606556905406019e-04 7.229142220782710669e-05 3.986050467483808786e-05 2.497812048123088154e-05 1.678116524542569459e-05 1.509584191908976990e-05 1.380404005528383441e-05 1.067695684743011684e-05 1.355774675184309984e-05 1.034420437294706603e-05 1.029951224687090316e-05 7.368746395051678449e-06
4.988802807721767589e-03 2.909942880122124917e-03 1.832811394806066474e-03 1.094109571688289166e-03 8.136515025920440253e-04 6.815122551375005396e-04 6.672866814123495135e-04 6.061336458722624840e-04 4.560703441395642737e-04 3.852461069454086963e-04 2.865895531355444376e-04 2.026388479933792584e-04 1.668734245027342334e-04 1.275236468322524924e-04 9.880244340836679350e-05 7.004416025283138609e-05 3.638635250628409121e-05 2.128588942972612521e-05 1.334569956193984359e-05 1.305178261990453534e-05 1.106365343194138543e-05 1.329934256728307398e-05 1.300470355964085419e-05 9.077240380936589357e-06 8.243909656709984125e-06
2.396348912113848394e-03 2.001841141484008400e-03 1.261321462724705267e-03 6.835353192086424633e-04 5.405172986256644684e-04 3.540799277093148413e-04 2.624313416652795461e-04 1.990278681109163266e-04 1.535609964698334191e-04 1.402108995603404840e-04 1.191938014584065128e-04 1.019312979011759602e-04 7.514319423388389550e-05 5.648276629523857285e-05 4.213404047055989361e-05 3.577779494932131527e-05 2.474310583595087029e-05 1.940082006968574653e-05 1.594328059050695811e-05 1.042437607484914959e-05 7.578092983830159183e-06 5.569268741870652659e-06 4.843784435744278190e-06 4.815711208766643918e-06 7.031565690363616415e-06
2.658041844134163487e-03 4.261906052947618713e-03 2.819805306449248671e-03 2.071141339382163299e-03 1.340462182795770655e-03 1.014528907435639001e-03 5.020589072584868669e-04 3.521389071364105800e-04 3.194747940704180736e-04 2.499833179761934529e-04 2.231013862293430676e-04 1.849298942956108629e-04 1.566101644249221977e-04 1.005691718646208477e-04 6.664628064867256718e-05 5.010033298771819404e-05 3.535257500130399290e-05 3.033648028479975670e-05 2.191876330195090107e-05 1.671062105005409031e-05 1.233159240415247249e-05 9.278916246460406522e-06 8.769603296409035555e-06 9.857752721988255999e-06 6.356902114306987516e-06
3.485400356379489764e-03 3.175644018005143853e-03 2.205784899519977731e-03 2.147025164692927587e-03 1.647760829683970899e-03 1.267358236530195283e-03 1.118070490160339705e-03 8.734385022803084183e-04 7.391418917914001829e-04 5.125671994852037602e-04 3.667118148475920496e-04 3.196679683913670285e-04 2.586423454782132655e-04 1.591334058202900745e-04 1.298658688830290069e-04 6.196854185322046892e-05 4.366520845901818436e-05 2.858900289737209059e-05 1.557116823715797330e-05 1.473942616489081386e-05 1.453997354353175794e-05 1.177684652609221230e-05 1.288355519035112233e-05 1.006261778094103553e-05 8.554930146752298998e-06
7.719969936681722123e-04 6.624632629924627307e-04 5.082300301341821820e-04 4.093832867449603841e-04 3.195433051849710308e-04 2.416212585909245755e-04 1.938551596858161311e-04 1.709481628631569108e-04 1.498812050974782637e-04 1.212645305695733391e-04 1.102996718196062078e-04 1.219219492189311182e-04 1.093392550493304014e-04 7.459439061705271210e-05 5.963400670476726027e-05 4.803208717135257129e-05 3.724494285940107977e-05 2.676117281177924008e-05 1.985801889860280457e-05 1.430353790954595987e-05 7.855507526181005847e-06 5.017257147370175311e-06 3.237676873510660286e-06 2.608912607442281020e-06 5.109636422433434750e-06
5.992632965028765572e-03 6.966490397355358348e-03 5.412864046916708236e-03 3.689515678641285511e-03 2.570418061425558311e-03 1.657984223943348391e-03 1.482435260364346015e-03 1.069410912868135272e-03 6.764387921584711066e-04 5.256272548773910846e-04 4.103174839995292521e-04 2.769795889251485625e-04 1.934311402583009166e-04 1.284328859415661682e-04 7.656563197481073614e-05 4.871001919596752825e-05 3.724151633879779972e-05 2.479994722902826765e-05 1.750796593465654054e-05 1.222668124298316015e-05 1.225112319521915101e-05 1.047804582878154555e-05 1.145822740785892766e-05 1.086092807989004990e-05 1.270537791845075291e-05
3.369747175385588191e-03 1.881924943162523439e-03 1.760061132683815588e-03 9.251331288005685931e-04 4.991763050511623286e-04 4.234578119175846727e-04 3.082812029650234620e-04 2.450866174542917341e-04 1.921550445835673668e-04 1.458393791371489329e-04 1.450490519197808253e-04 1.146959092588024318e-04 9.875760483541888091e-05 7.671489815183043983e-05 6.086354192544146219e-05 5.494829740460010239e-05 4.081559386650015321e-05 3.434488420606097802e-05 2.299149230470229794e-05 1.850799313990920630e-05 1.261739481469865112e-05 1.056735901432826467e-05 8.273495770109915413e-06 5.848892106829457836e-06 6.122249136748407775e-06
4.832283101230319851e-03 2.573024326802701798e-03 1.847679696345649837e-03 1.230891906397440193e-03 8.277320258030804526e-04 7.099208698872469308e-04 5.865262263042479935e-04 5.689402188799124425e-04 6.438739531212740643e-04 5.711439161713788640e-04 4.257652017954749023e-04 3.209445821218664800e-04 2.300572332867063959e-04 1.724689595957212731e-04 1.137210747735241281e-04 8.511978647146230552e-05 5.140821296190134818e-05 3.545939664442969029e-05 1.783295653220131057e-05 1.288679854376949674e-05 1.085243424695283285e-05 9.433058886376461768e-06 8.422931353932766217e-06 7.139450656155940188e-06 7.305516809043599398e-06
6.724541219858604958e-04 6.433269930689073258e-04 6.616581810705633553e-04 5.095551927573842418e-04 5.182873422733473394e-04 5.560471431154187646e-04 5.155135260608847362e-04 3.193999386695821081e-04 2.638513681240344617e-04 2.222976801922935109e-04 1.892570789610965800e-04 1.722746223252905138e-04 1.383195916436713937e-04 1.084721929275887141e-04 8.893231241884348953e-05 8.142371397454767909e-05 5.284820665260039300e-05 3.819364259484278661e-05 2.695986248268478639e-05 2.090087032258772375e-05 1.128077158143875607e-05 6.857981569896228387e-06 6.050924904082800518e-06 4.904911170140580266e-06 3.947628077326435703e-06
1.062028896370022062e-03 6.985693691399621000e-04 5.325886186974361286e-04 4.710163257127114589e-04 3.054999585877254020e-04 3.390114634978915538e-04 2.424744588653863174e-04 1.636415263196177314e-04 1.378206111444852300e-04 1.315153963187375564e-04 1.419003221588455870e-04 1.312434847348460025e-04 1.148947934913696037e-04 1.006642607805509457e-04 8.538083532584386771e-05 7.432419746860661320e-05 4.848977753852601249e-05 3.041377653292821182e-05 1.949168096321389081e-05 1.328728270891899368e-05 7.485695646875870870e-06 4.522780656900477604e-06 3.327201060772852047e-06 2.943792331890075254e-06 3.787926999646208614e-06
5.842711826206139743e-04 6.073817659972142709e-04 4.786887433913302728e-04 4.596326097348306795e-04 3.296798084074321271e-04 3.109004563534972223e-04 2.992146440064000321e-04 3.207359045984176007e-04 2.174307979373324841e-04 1.509943614400559157e-04 1.360250758721316428e-04 1.132228187818902645e-04 8.036200406598986864e-05 6.540641889027342391e-05 5.244319093599964231e-05 3.895130818939184679e-05 2.842683136730244270e-05 2.183024832462980984e-05 1.637949397395045196e-05 1.605863093483649549e-05 1.666838107517093422e-05 1.763057048046351324e-05 1.544648723840039408e-05 1.540514197167618132e-05 1.299949023691764199e-05
6.626251114797790734e-03 6.645473069967613999e-03 4.240813789824484856e-03 1.922044354335729517e-03 1.055143119439455428e-03 8.418592414695268058e-04 7.939190773257163861e-04 6.559546500614781049e-04 5.540378787860111452e-04 4.956671966628857203e-04 4.492542827740271809e-04 3.748368566521005207e-04 2.171529042683842631e-04 1.360354653929209861e-04 6.964461929478579468e-05 3.615172065792849433e-05 2.018093813294492034e-05 1.324228317106725048e-05 1.216861473317198054e-05 7.969245016765695444e-06 7.331088601994080875e-06 6.006335603487498874e-06 6.918105623312386232e-06 3.943607896593807026e-06 3.298261448889707056e-06
1.830630161966926607e-03 1.461198224665117380e-03 1.189813442701312526e-03 9.605535540840596164e-04 6.516773424005831757e-04 5.767398923412600693e-04 5.417333196793384193e-04 4.858310012008799895e-04 3.814787027411827730e-04 3.129574624940122639e-04 2.201815861893228967e-04 1.544387192660482116e-04 1.172932209467012323e-04 8.680496287653676759e-05 6.894003421986792028e-05 5.637616059853803226e-05 4.075470493706490819e-05 3.012658210962112154e-05 2.001847676467826063e-05 1.193975347161197019e-05 7.910250936172254522e-06 4.708981851465512852e-06 3.273562756936963584e-06 2.681073899174954994e-06 2.337904401396378670e-06
1.550458322206257032e-02 1.060779614045002060e-02 7.311286554745476292e-03 2.808416554906123432e-03 1.760746039089131770e-03 9.011162986776688434e-04 6.074842133077672148e-04 5.936864118978507415e-04 4.951115118043128080e-04 4.242428744573740465e-04 3.787339078657743865e-04 3.068820516508888275e-04 2.313864981106437252e-04 1.655038983881819122e-04 1.146075337176434268e-04 8.104457675032862639e-05 7.457391559779160046e-05 6.354512676211485881e-05 3.908133283359104486e-05 2.159548736245088481e-05 1.192508183947520269e-05 6.871148955631586705e-06 4.375984234057397804e-06 3.662392132677593024e-06 3.203049635691231644e-06
3.644695824383009652e-03 1.965141510434582732e-03 1.854392013984958003e-03 1.202030334875533969e-03 1.002756017971312419e-03 6.158337982548733186e-04 4.406433930886127152e-04 4.500001490223490817e-04 3.927359604072763440e-04 1.974682861769451383e-04 1.577124995831984155e-04 1.227981485446904360e-04 1.076388776955370329e-04 9.540485332783894216e-05 8.829706264156963710e-05 7.874562193913331074e-05 5.357471927723889723e-05 3.195185525296375886e-05 1.967598669190454930e-05 1.113855908202176449e-05 7.269110239519569136e-06 6.828502744637597839e-06 6.970075259836541295e-06 9.053749519316477747e-06 1.035751699544166698e-05
2.282609384619894641e-03 1.917289300995776019e-03 1.505904424025944315e-03 1.199750208591865647e-03 1.267539833321155171e-03 9.247886371800968352e-04 7.236725915765304575e-04 6.174164998999445448e-04 3.960646517525710829e-04 2.785711440182010376e-04 1.827244421061337059e-04 1.222278225079906789e-04 9.895655596490465365e-05 6.713183533319397821e-05 4.867242838412364956e-05 4.035592522455100188e-05 3.127232669799083221e-05 2.294696056798757144e-05 1.482007540319927596e-05 8.882694602555237930e-06 6.151353224648709319e-06 4.554880457167729409e-06 3.231557957983270535e-06 2.415038436256766440e-06 1.976329130673049028e-06
7.140546174675141758e-04 6.060549129577254453e-04 4.121621400432521568e-04 3.848110857214761269e-04 3.154662909761216474e-04 2.589095491721356474e-04 2.171908318510649993e-04 1.899604822448642714e-04 1.414510227129894869e-04 1.095886386456669038e-04 9.597041735745586420e-05 7.214010216028225177e-05 5.304736524263624754e-05 4.002384432186397670e-05 3.738001674225453292e-05 2.875805530551509595e-05 2.152376738793742580e-05 1.789465381454452225e-05 1.415427632886933262e-05 1.101938282692104676e-05 8.976636641607821515e-06 1.012630422490211381e-05 1.410916300124306403e-05 7.592078532994043312e-06 4.858325412635725327e-06
1.987992724915176989e-03 1.910008296992365311e-03 1.342615697778283849e-03 8.001658036870129163e-04 6.010919191189187730e-04 4.621486393285080562e-04 3.250238904766297927e-04 2.107773614035870883e-04 1.532799347395360796e-04 1.235518707269157911e-04 1.002058776807491846e-04 9.050412006654584356e-05 9.086302721475856420e-05 7.272957906079139702e-05 5.887518111834518999e-05 4.709481377059463819e-05 3.997061272888540969e-05 2.943609906521535855e-05 2.139893303285859302e-05 1.831834201884659691e-05 1.497886924614270588e-05 9.415664935012084489e-06 9.088120198033729769e-06 8.199046817383197363e-06 6.134949226263736379e-06
8.235763376717879225e-03 2.727583940613971698e-03 1.522191466977921605e-03 8.683419811052998797e-04 8.696349130998962465e-04 7.863269580955946749e-04 7.854590892975079350e-04 7.209176131644642535e-04 5.684865066665020393e-04 4.675598545737433536e-04 3.600854936937213807e-04 2.856255829246733382e-04 2.117854079451594570e-04 1.484517423954942201e-04 9.555575794364266548e-05 7.223205924115490523e-05 4.527737807182545407e-05 3.106176027400594125e-05 3.122186509366869559e-05 1.836590792348569614e-05 1.823283411053935714e-05 1.774187274836131731e-05 1.395270188401526343e-05 8.910547215703278249e-06 8.317079296087500013e-06
1.866893906071371038e-03 1.405031934204875295e-03 7.143918511835611190e-04 6.757467812210619798e-04 6.681209259758667503e-04 4.441754229022115631e-04 3.230506690732841543e-04 2.637979816543790631e-04 2.725217385728403801e-04 2.663493260084944859e-04 2.657218048659845829e-04 2.482076242374401309e-04 1.989915909816009293e-04 1.666388438423779307e-04 1.274836138457782026e-04 8.241961691643987376e-05 4.288298972089000128e-05 2.156612617519709424e-05 1.228007040223993178e-05 7.591253729601059482e-06 5.716607801303423572e-06 5.995598708302556574e-06 4.123029343655452293e-06 3.595069040095663506e-06 4.177700370168858671e-06
1.990149477160519514e-03 1.865600533238575935e-03 1.491094969899432352e-03 1.102624509705279034e-03 9.645051927470023280e-04 6.208783138605038308e-04 5.353836383260281639e-04 4.237752989496206880e-04 3.356154978589430274e-04 2.405977777589361668e-04 1.830016239649414202e-04 1.284888658912393866e-04 8.681667721894688566e-05 8.004440439491919781e-05 4.656594543908628488e-05 2.919246944395144906e-05 2.009620508686017212e-05 1.504813391339998893e-05 1.197647112119233935e-05 9.977017541132081593e-06 8.712635318281673844e-06 1.015783264178363391e-05 1.157290404539153499e-05 9.403011721204530577e-06 7.075971860719357642e-06
1.123834348730803337e-03 1.080165550633566205e-03 8.489077878609389057e-04 7.159967735072816572e-04 6.405070663469294816e-04 4.750022196194023929e-04 4.748677391646793531e-04 4.477137218624754758e-04 4.144996700553904893e-04 3.655944825064556445e-04 3.151938824974096919e-04 2.488956342419558921e-04 1.617017387035157719e-04 1.272671471911845876e-04 9.343448527453667351e-05 6.375404010013875839e-05 3.673729486725354310e-05 1.954221574503283153e-05 1.430011399335517948e-05 1.461251745297279919e-05 1.140928730967350956e-05 7.199141789394957170e-06 4.737296338476066821e-06 2.851143070793461361e-06 2.605278303921201301e-06
2.213075312634310912e-03 1.627475291551252947e-03 2.138657877591519391e-03 1.826425196905389573e-03 1.391822254329901348e-03 1.127009135082676595e-03 9.104623962813522542e-04 8.307895736661720376e-04 6.089458651663169023e-04 5.146083088105583457e-04 4.361479388461848871e-04 3.262777186618366718e-04 2.321965779564756714e-04 1.568753065378087046e-04 1.033964057331223491e-04 7.077238733130683187e-05 4.254666863417968272e-05 2.704395154504802556e-05 1.512730578711192431e-05 1.123216095385875496e-05 7.813180696689761234e-06 6.028418108873299225e-06 5.873391450065067872e-06 7.428093801069314336e-06 6.866121802836138722e-06
1.206754879896513276e-03 9.561362717013072946e-04 7.422128910983187382e-04 6.645882510809949986e-04 7.848068320695615607e-04 6.719651785111191433e-04 5.512981605004630510e-04 4.241301307045551908e-04 3.629309037990063077e-04 3.251170530878368992e-04 3.160425606613509442e-04 2.790250599557117473e-04 2.325418288639784377e-04 1.852573089079423624e-04 1.243046372066175433e-04 6.009008585765205853e-05 2.545524363431260717e-05 1.356357227094826231e-05 8.811094115114955234e-06 7.533000678014710256e-06 4.939826942252628656e-06 4.986064211230361922e-06 5.506540393152076312e-06 2.583089474071783953e-06 2.027296548536266961e-06
1.040902597522046615e-03 9.295831746585476009e-04 7.759297697301920918e-04 7.351984421118990150e-04 5.649880410343370530e-04 4.710410955392709985e-04 4.252591072338435924e-04 3.462345242999941052e-04 2.921689978257989689e-04 2.297182001210565112e-04 2.058157751427533498e-04 1.733474875072745587e-04 1.236121217888776159e-04 8.835372718826800195e-05 5.692310449674204651e-05 4.173466890474045952e-05 2.974574873179549388e-05 2.214864103817059667e-05 1.683537019666545077e-05 1.246858000887802487e-05 8.706314617073642690e-06 7.470475818571785395e-06 4.825730246252527673e-06 3.084769791438119630e-06 2.051241558169488887e-06
1.466397929220742812e-03 1.075319310699717834e-03 1.004532952970402064e-03 8.543363367636085635e-04 5.561252098227724167e-04 5.334809652881994380e-04 5.282466437945348373e-04 4.162589377536819149e-04 3.279871129913349459e-04 2.567740661739679217e-04 1.856338718842333931e-04 1.516756390257849925e-04 1.327412719652007890e-04 1.253358503043310338e-04 1.022652687897888317e-04 6.660898915324002577e-05 4.625071510665738098e-05 2.708058697073627272e-05 1.446274500990711526e-05 8.892485650038578352e-06 6.234155418464622369e-06 4.513209044633572629e-06 4.408462368272539717e-06 7.422985124254755905e-06 1.052485665334522099e-05
3.638074398413626998e-03 2.937794851190272862e-03 1.531132613424144315e-03 1.436053953546508749e-03 1.318401004253624657e-03 1.162039109689822674e-03 1.098693375810425510e-03 9.314463093712851537e-04 8.416542860717530399e-04 6.690274427114918047e-04 4.848599332999018537e-04 3.028820917848080302e-04 1.951304689116118611e-04 1.170806742087186227e-04 6.660093326947650336e-05 2.989969590645426417e-05 1.622297312594850004e-05 1.010980820776065759e-05 8.311703027574710633e-06 6.589705974746908205e-06 5.345694626104557011e-06 6.061503250407054433e-06 4.169770676709584288e-06 3.065097442761677784e-06 1.905397674346484791e-06
2.887556276427717412e-03 1.695134018156688443e-03 1.741057996447977147e-03 1.121070597051621303e-03 6.789253028812203576e-04 7.484871626386272207e-04 6.854551545821505358e-04 6.805747776173984038e-04 7.022765359078770447e-04 5.601452341948288515e-04 4.210499098420510925e-04 2.961191554568617002e-04 1.983301791217763376e-04 1.274718251194902974e-04 8.660264354565312315e-05 7.072093001075781770e-05 5.294931065111362897e-05 5.071845354163727516e-05 3.656043979695724355e-05 2.302860086444456504e-05 1.781030006789863663e-05 1.412841643512992778e-05 1.390046874982272583e-05 1.099374878841510018e-05 2.021044239401952402e-05
7.221204498276190438e-03 4.072831282157798709e-03 3.638867523343907329e-03 2.779931856461701715e-03 1.998397357268254324e-03 1.340048800969409655e-03 8.770450993658627766e-04 7.303796051181793815e-04 6.688746073830649248e-04 5.134493157885679530e-04 4.016196253404323005e-04 2.810278701485463071e-04 1.960223077310541140e-04 1.000404696526011088e-04 4.078700861582952705e-05 2.402667950966649123e-05 1.590936188258187700e-05 1.149884122538769276e-05 7.707377980260801713e-06 6.928547446570603936e-06 4.665387049397522063e-06 4.170348217818440088e-06 3.678949277944077058e-06 2.441563936812458006e-06 2.128091183892983104e-06
1.938537129446071643e-03 2.090503708977735960e-03 1.648901712041548262e-03 1.185216450794366249e-03 8.767884448187216601e-04 7.554562471371082484e-04 5.664368883275545507e-04 4.887564195854444266e-04 3.642341713107188211e-04 3.025854630273776876e-04 2.498402177612559470e-04 1.665791733417475097e-04 1.163318511743249465e-04 7.744412628606577812e-05 5.813037308482640024e-05 6.036294357992690306e-05 4.232650305967941757e-05 3.268455244938415930e-05 2.582149541596473751e-05 1.856768699637464094e-05 1.307352985001658906e-05 1.189040959224427983e-05 9.164392473398739905e-06 7.452489117856765804e-06 6.873993359510156835e-06
9.761259190218690186e-04 8.079511175206360212e-04 7.455523196116945524e-04 7.166857940884170924e-04 5.887224092140591961e-04 5.150330999472931990e-04 4.390290819545729709e-04 3.589255218439939710e-04 2.693126060771854134e-04 1.935920078705788622e-04 1.497573991082567070e-04 1.192085644532164004e-04 9.952946375979270942e-05 8.888834876281311048e-05 7.008308637334246507e-05 5.202449032915796114e-05 4.105010016280056785e-05 3.335604954630399377e-05 2.697496669796447139e-05 2.056029787949124516e-05 1.225839242817463901e-05 7.264406462641297328e-06 6.316660405131069307e-06 1.184788047496052244e-05 7.946544097225090791e-06
4.618328890248576783e-03 3.799654600936184460e-03 1.704125724762635017e-03 1.747199482925756303e-03 1.140384851640854338e-03 1.091683562158343073e-03 8.853289894998867633e-04 7.293293895584508418e-04 6.150818667845147844e-04 5.805647491326850233e-04 4.931762410989295672e-04 2.285832496054253349e-04 1.502504570804601169e-04 1.054876019995563800e-04 7.214163861178240534e-05 4.372888307382041302e-05 2.658442166639528697e-05 1.861758379960167000e-05 1.518654814572701499e-05 1.148873696167544730e-05 1.332788456265129085e-05 9.601791824894718473e-06 8.205725580723669473e-06 6.025704078722355985e-06 7.730398778265963413e-06
4.619863298568374979e-03 4.012236045833769693e-03 3.257964069975666666e-03 2.628284936649637020e-03 1.734812168775527698e-03 1.486012543842177118e-03 1.226909915775707422e-03 1.009178841536320344e-03 8.388160400690347195e-04 7.376976674979809825e-04 4.656393723846578370e-04 2.793796413333033682e-04 1.552261915441443770e-04 7.258478720222222584e-05 3.335495024204763174e-05 1.899425848327690168e-05 1.133735547528208190e-05 8.921964205450726501e-06 6.460059557436346408e-06 3.692140236733798653e-06 3.033524328051474614e-06 2.613926137581704453e-06 2.113243879768767928e-06 1.916508085147997185e-06 1.785768083729461244e-06
1.557763464443739530e-03 1.226078973967724851e-03 9.799531653839469759e-04 1.055535304242600537e-03 6.805528507577093562e-04 6.308211352042763197e-04 6.035824453716406857e-04 3.990125517487742943e-04 2.751082632021402408e-04 2.378215373478461628e-04 2.099079550684354784e-04 1.981940981453968187e-04 2.227809316012964360e-04 1.970320393144626623e-04 1.417962841594412257e-04 7.571696412167154132e-05 3.516581705307368297e-05 1.305246912828664760e-05 8.148709112610072545e-06 5.620061595579055766e-06 4.506398743194266112e-06 4.502396700274218205e-06 3.292086862086172671e-06 3.086311314208283451e-06 2.168141852829909997e-06
7.509185237633842977e-03 1.076756751820464805e-02 6.115889662694352739e-03 4.645925809253121513e-03 2.905961783943041866e-03 2.062431008646261645e-03 9.081841407680409182e-04 6.157929339054319263e-04 5.041747929934892614e-04 4.147789259865473466e-04 3.168485868090786502e-04 2.451435678988317141e-04 1.817925736642094349e-04 1.364949487893601997e-04 1.049447635831803451e-04 6.799967710463864466e-05 4.828904308227702875e-05 5.198110297421811038e-05 3.299674772553102165e-05 2.196656040170058913e-05 1.732615403591428275e-05 9.431643254048515540e-06 1.103909077728264876e-05 1.101550976579679498e-05 1.424153314291893512e-05
6.651397884464542269e-03 3.768345973170356134e-03 2.218539717752729054e-03 1.927967629099203552e-03 1.431902087116441102e-03 1.095380122861132474e-03 9.611963482859786070e-04 7.977932683369397824e-04 6.827967149021245321e-04 5.770695117692335860e-04 4.420219712532824055e-04 3.205355827369782396e-04 1.899296303995034899e-04 1.033170492095636161e-04 4.850371777805986850e-05 2.810995841822727667e-05 1.925586549918872407e-05 1.354870639354734611e-05 1.345494184665309469e-05 9.397005157391717114e-06 9.627755872214394602e-06 9.500394102928551944e-06 5.611238913978211854e-06 4.976599110928223889e-06 3.894660843491145810e-06
2.567882163309248567e-03 2.208834296344831718e-03 1.708588207104619729e-03 1.445251482425797271e-03 1.370660502327635324e-03 1.176553359984394611e-03 9.195416555498015735e-04 6.761108903201528374e-04 5.855156498394234769e-04 4.593452896814169298e-04 3.607214091155509978e-04 2.826644723770492767e-04 1.937333636183432499e-04 1.344478033604732737e-04 7.805599823091274913e-05 4.094945589326406152e-05 1.789553167548427906e-05 9.997008534439942134e-06 7.709463840741564384e-06 7.202170004894633107e-06 5.886215360060240446e-06 5.828444260919779530e-06 5.285017389980096408e-06 6.593408493005432496e-06 5.907960885640341137e-06
4.242876131683370397e-03 2.477192736168631285e-03 1.744039772307947374e-03 1.811707009113650230e-03 1.558707100278853902e-03 1.225348425682601817e-03 1.034526249868374494e-03 6.882738141561827805e-04 5.559090849682114420e-04 5.446554833917333343e-04 4.666066151386288343e-04 3.469740835905858983e-04 2.737738965816029018e-04 1.947443243968746825e-04 1.378166358529141547e-04 8.740907388986416011e-05 5.319448449196999344e-05 4.006306435215016077e-05 3.712422366386597112e-05 3.401591967141547789e-05 2.885286209868421275e-05 1.898483037541151791e-05 1.500583141995194318e-05 1.130703298634648171e-05 6.168110764224286648e-06
3.974736306249107218e-03 3.869381559240727374e-03 3.984130099757821585e-03 3.110184781304904666e-03 2.271391038035711074e-03 1.525592823542232549e-03 1.151473189055741845e-03 8.261992406885652245e-04 6.722837432309371631e-04 5.292635963169895798e-04 3.869774800447402241e-04 2.665195429071105446e-04 1.763919259589616861e-04 1.011838124198085340e-04 5.822799098441664112e-05 3.219382802867867881e-05 2.147109741903285068e-05 2.010709156344778835e-05 2.455121672467625648e-05 2.059539303624988651e-05 1.004372923213700528e-05 7.346303252326154076e-06 5.101489271963352520e-06 5.859315849886154180e-06 6.761750534279949180e-06
1.611755145508998385e-03 1.965648283307128152e-03 1.225595060902516216e-03 1.000053763769557244e-03 8.268038122329136094e-04 5.718242414113112624e-04 4.802820115577138859e-04 3.959277106119359047e-04 3.706843649643957583e-04 2.571733111041121702e-04 2.045106928954796590e-04 1.602643233322742803e-04 1.300986851570823963e-04 1.129858226596930425e-04 8.260550608500465911e-05 6.437094219267690081e-05 5.452804057799343632e-05 4.254568619502795709e-05 3.144838593404479396e-05 2.317858074826970581e-05 2.219038689910922255e-05 1.616330660299836885e-05 1.509557908739641480e-05 1.529389031189151945e-05 1.574959699381344507e-05
1.236739231420716512e-02 8.345357659183457247e-03 4.742907115194289203e-03 2.176752266552259979e-03 1.211124884540749078e-03 8.452936519057622274e-04 6.688125696876358979e-04 5.634207453923469359e-04 4.734780780896710099e-04 3.600194747015136626e-04 2.821958607056161044e-04 2.294802514173552017e-04 2.240411303119822252e-04 1.294537023802811836e-04 7.508837559254431316e-05 4.285068930437450262e-05 2.470771505581657605e-05 1.441235330779919209e-05 9.570332999081452847e-06 6.284719988620103742e-06 4.072542067061097967e-06 2.885661492643249769e-06 2.334427402862115771e-06 1.805841471613619167e-06 1.520085076960617028e-06
6.741085874119765679e-04 6.062137347908444669e-04 5.698516866179856831e-04 5.041697479137391370e-04 4.123102649698164751e-04 3.602638951972727448e-04 2.894816789531425840e-04 2.549990098801381056e-04 2.121191575796884537e-04 1.746151090967292712e-04 1.380190040070211090e-04 1.021294137719147728e-04 6.723593997956398222e-05 5.286398599590348007e-05 3.648984771228731133e-05 2.363830451284926548e-05 1.495943001905361128e-05 1.067118787087523559e-05 7.643761920501782655e-06 6.498960040660713487e-06 5.746963345844029907e-06 4.959035253204444273e-06 5.661275340726347082e-06 5.418734357481192118e-06 4.880827845826090933e-06
5.310874172542042436e-03 2.937278206426813774e-03 2.740896193070797675e-03 2.158421745104939331e-03 1.794872456559032641e-03 1.318262089331318767e-03 1.294093182714004366e-03 1.043911067255788626e-03 1.093348151732577737e-03 5.829927101315160410e-04 3.380764562782440628e-04 2.347912640002934777e-04 1.706349012984799071e-04 1.033223563677464538e-04 6.698250168288755104e-05 4.408421322985449543e-05 2.600663530479943426e-05 1.769138164952318299e-05 1.340823116096721016e-05 1.443319412073724815e-05 9.037133761204200390e-06 9.663111405839103492e-06 5.393341034496245347e-06 5.188455342914328402e-06 4.111810310054733241e-06
2.987914332448161816e-03 1.699002129132276074e-03 1.226575092714090676e-03 9.013159675994505135e-04 6.994414979379357574e-04 6.545746868809815613e-04 6.386580454998617550e-04 8.259092914212947528e-04 4.711270834032856383e-04 3.032590870188342546e-04 2.628074246451133906e-04 1.918087815423991202e-04 1.631580050641673731e-04 1.294533012430939417e-04 1.029955522958287529e-04 8.616564919917948028e-05 5.507620330555026403e-05 3.058993576936671320e-05 1.781844655258962878e-05 9.367952701544751641e-06 9.937725969358905884e-06 5.985077998785342379e-06 4.518857779512654300e-06 2.990246155806385537e-06 2.874710177249336587e-06
3.222886960641849815e-03 2.407962951678815217e-03 1.838620233839235313e-03 1.394637751580272414e-03 1.324966237151986321e-03 1.251851599314640672e-03 1.175122318790934204e-03 8.113556454270444245e-04 6.636255498433298733e-04 5.565907279905912396e-04 3.717576835099145865e-04 2.926809988058083211e-04 1.888199517099895528e-04 1.155877313447201929e-04 5.773623331342808414e-05 3.486221865378451041e-05 2.170442581064071553e-05 1.432832834299414499e-05 7.640845581731849843e-06 6.641582675832505499e-06 4.421415775264876389e-06 4.082465983625677232e-06 3.934512085912743101e-06 3.457370519874188425e-06 4.402861151382384573e-06
2.522237128077876086e-03 2.069017758044530610e-03 1.462667937845903545e-03 9.332703765751302781e-04 8.887059141248004283e-04 7.941611421551591056e-04 4.739279721862266681e-04 3.622048094370202624e-04 2.298611035110256111e-04 2.023792835902149588e-04 1.794456262041962177e-04 1.845655487717041640e-04 1.401027325141967551e-04 9.908839205187707118e-05 6.308866508915354028e-05 4.369060589711356538e-05 2.926036170945148481e-05 1.988258154842463413e-05 1.459558290214963227e-05 1.266585284497562163e-05 8.203943312183817072e-06 6.364381718159393352e-06 6.603187455999267283e-06 8.097758501909188986e-06 6.306422559681341946e-06
2.448005076431867405e-03 1.747214410523557394e-03 1.506122682038041859e-03 9.803905785905628681e-04 8.127509270384237778e-04 6.302277901120139237e-04 5.674706963473117758e-04 5.333798990227492072e-04 5.118849733513930770e-04 4.719800745745626074e-04 4.632258224107887188e-04 3.689967586741411043e-04 2.796452637189272535e-04 1.702787466260104188e-04 1.003584145555669208e-04 3.962318545341049166e-05 1.866051882519430120e-05 1.348395453672892291e-05 1.037967365401400426e-05 1.133688510794088855e-05 9.399663232783345818e-06 9.648470800903018426e-06 8.108674812508710704e-06 5.527161769500357516e-06 5.183022459009257665e-06
4.883637580837731779e-03 2.845309836006737654e-03 2.340524628925195420e-03 1.934228722802479620e-03 2.085983067935248594e-03 1.899781019903790547e-03 1.673973347422285209e-03 1.170030625749967756e-03 8.232867441484278872e-04 5.779550837874630840e-04 4.183203486531605073e-04 2.520824753543253905e-04 1.610906930068683259e-04 9.812593006810495623e-05 5.748593687785417543e-05 3.753156361395522020e-05 2.613224444096988631e-05 1.887748444480790680e-05 1.392632729757488824e-05 1.555490210798131314e-05 1.848663376954252138e-05 1.330462795818577089e-05 1.230777139548913932e-05 1.414781600439861066e-05 9.516849790105805077e-06
2.587472791765561483e-03 1.983845190264285803e-03 1.527923872038766326e-03 1.080848780270955191e-03 9.130757791176444867e-04 5.867753474343141663e-04 4.760043171490606264e-04 3.182405107637342745e-04 2.653331017402827318e-04 2.031435039355723379e-04 1.595762754854762871e-04 1.039857310373767935e-04 7.883420520507737476e-05 6.517048385303547914e-05 5.340763199449029557e-05 3.488406764773627612e-05 2.454106428792972381e-05 1.726980884786638747e-05 1.197217972112283580e-05 8.653260127665184827e-06 6.490932708307207454e-06 5.877087466623286738e-06 6.335455973243305143e-06 4.991122402409372829e-06 2.895923903737451531e-06
3.265526056103813368e-03 2.726426450943978449e-03 1.709171896422808810e-03 9.898010852577774060e-04 1.091276853978718651e-03 1.074554694635448471e-03 9.558864265016487520e-04 8.207963036478723015e-04 7.437407027334940130e-04 5.994328900523565812e-04 4.521406967027014620e-04 2.941930496627518233e-04 1.743649660931756863e-04 1.096590704404189209e-04 6.705891296004962143e-05 3.985510827695624574e-05 2.534414901744123935e-05 1.334722645433037960e-05 7.214509099903924969e-06 4.921565096206959837e-06 4.211160656434852337e-06 3.773340593956120751e-06 3.383491950178826977e-06 5.367820395540273252e-06 4.798578858543932648e-06
1.304236607110386987e-03 5.201752059992965048e-04 3.349930965112097865e-04 3.837947955299446726e-04 2.658884086302874166e-04 2.926449886538323567e-04 2.325052922077434729e-04 1.832574720002385466e-04 1.644641953866318848e-04 1.265195190678245700e-04 1.317898184325761270e-04 1.171947098502253560e-04 1.243834940519528229e-04 9.950269907845317669e-05 7.420607002936419842e-05 7.880833457816650432e-05 5.432251127675872914e-05 3.276564829942776110e-05 2.170735012896448786e-05 1.584777759383084323e-05 1.191825315170842096e-05 7.157971592947380289e-06 4.057090709570273136e-06 2.667226386445389678e-06 2.334537601900252211e-06
7.904032869663473251e-03 4.886617536846916965e-03 3.724868224142566155e-03 2.138108187625373680e-03 1.661118141531205432e-03 1.397232739013736695e-03 1.084019765501886791e-03 8.274098482748300232e-04 7.020394620069044184e-04 5.511138716265908842e-04 3.615228264679127418e-04 2.734948096129758300e-04 1.775477762073371607e-04 1.226005742697569632e-04 9.368693816648119828e-05 6.386153798805016318e-05 4.705236701039203722e-05 3.850904462885586135e-05 3.608404379387818042e-05 3.071374088799997337e-05 3.626307669404574198e-05 3.286489647299457520e-05 1.598329557472531534e-05 9.334499067986456533e-06 7.124475640873248486e-06
3.392175090409231628e-03 2.423878947865640981e-03 1.918364631470376733e-03 1.362647037166854914e-03 1.248138133727971387e-03 8.519414562690782317e-04 5.625527032434800680e-04 4.594448358582076683e-04 3.653037743311201473e-04 2.927449962635392234e-04 2.090762023319272698e-04 1.822919814252314818e-04 1.351785717010956834e-04 9.351711055890875443e-05 6.913196998912863646e-05 5.506384134660714753e-05 4.874333387939173523e-05 3.446665076938157764e-05 2.090952375982441355e-05 1.237884576401311922e-05 7.546640998791476637e-06 5.726440070896886567e-06 4.200068793612382385e-06 4.675213510998300989e-06 3.960532838050293779e-06
7.621209961653112493e-03 5.458656084480521635e-03 3.049520328276813293e-03 2.201892759240398414e-03 1.629226070007639554e-03 1.101146510190692974e-03 9.347154130033482342e-04 6.699014882253598617e-04 5.469001440457587314e-04 4.663218384658595239e-04 3.725302810645351299e-04 2.749913399977894544e-04 1.923603167002162716e-04 1.257999006309455875e-04 7.742425612736307538e-05 5.100762392940450825e-05 3.759440685579379902e-05 1.765045808896529848e-05 1.009891133402318988e-05 7.207029934905364872e-06 6.669641200177829496e-06 4.847947275206481498e-06 4.220653256739647742e-06 4.111800939857286577e-06 4.287156108919609092e-06
2.076128414633752681e-03 1.684560037417435130e-03 1.404056624793401792e-03 1.267748983623472568e-03 1.133656818178687591e-03 1.084760081386786350e-03 9.786193829364074268e-04 9.151036364101908325e-04 7.821145650626856478e-04 5.893299924414880210e-04 4.174580175340857828e-04 2.891616951329593508e-04 1.712225302517506379e-04 1.039860956570956378e-04 5.362327789468343873e-05 2.650601974620195409e-05 1.596811022005562028e-05 1.442768236173213528e-05 1.054162881289612943e-05 7.645855569844529974e-06 4.696302581524632916e-06 3.312903216204901391e-06 2.445099886534999464e-06 2.701249178458981698e-06 2.865153358150464506e-06
1.658314086949210994e-03 9.547102806087134561e-04 7.571442830685041429e-04 8.065437636323247519e-04 1.318203639833068468e-03 1.138424925765809141e-03 9.600288831211302920e-04 5.711556214558150338e-04 4.765030285611384546e-04 3.756541585387645327e-04 2.663711080227852170e-04 1.936479732008368644e-04 1.517464235254972727e-04 1.128040142312056909e-04 8.691252938594993670e-05 5.971318346820865899e-05 3.385236540265201816e-05 1.771444473528816773e-05 1.163999017102492179e-05 9.246569923863618665e-06 7.219764243255540408e-06 7.492969392532656687e-06 8.378360261624565524e-06 1.006120076326755805e-05 5.892648383994540332e-06
2.143119622959782037e-03 2.911514119093948708e-03 2.392940826003324417e-03 2.222560079075271231e-03 1.875542907802309894e-03 1.534444340900386738e-03 1.224752176640496459e-03 8.382607200102349873e-04 6.781423937187392110e-04 5.680490297276879173e-04 4.786348726706741931e-04 3.170922297273736181e-04 2.057528954749855764e-04 1.282172873140334003e-04 9.015579679215370706e-05 5.443997423955227052e-05 3.148810637785036333e-05 2.153726068466339761e-05 1.289212434806539646e-05 1.017361751763243059e-05 8.636047214008031085e-06 7.409772716654542489e-06 5.460426730934376903e-06 5.801494444492942707e-06 5.482784418036131312e-06
4.983511595452276392e-03 2.689120568146813155e-03 1.945254382785066224e-03 1.514843217794921296e-03 1.428129527925528150e-03 8.087508514895395831e-04 7.451395769381641493e-04 5.947678386543316965e-04 4.717172267107873200e-04 4.104976648474130819e-04 3.462552770830066694e-04 3.136295222542528124e-04 2.059939224314761912e-04 1.415774335054019754e-04 9.084669722317298554e-05 4.612156310020429698e-05 2.649722206701253510e-05 1.449922483680675813e-05 7.723889910404127781e-06 5.875852708152146506e-06 3.877143872432483606e-06 3.558938423155741904e-06 3.351764725816924822e-06 2.326669668870809773e-06 1.655722638116785137e-06
1.011262236168493584e-03 8.806560057141442788e-04 7.759748740232919138e-04 6.809752519318052833e-04 5.320674960567454851e-04 3.963221710863682758e-04 4.034933265363200585e-04 2.941208941739348564e-04 2.300552574863255881e-04 1.776886571218763190e-04 1.566989309039492858e-04 1.294711737786811772e-04 8.463155644731404478e-05 5.740393509359362732e-05 3.957468255723312300e-05 2.604679557566415933e-05 1.874994527310053016e-05 1.580212694935308071e-05 1.053464262468147140e-05 9.094414368538543696e-06 7.129959271103136939e-06 7.528151395910870598e-06 7.750083824324357191e-06 7.903717718720046115e-06 7.041273153107102395e-06
3.730179154073328014e-03 2.920148925823940530e-03 2.215622232311758796e-03 1.804247117354865551e-03 1.257398434946573615e-03 9.164762601413841813e-04 7.459087736958318901e-04 7.527143329009535790e-04 5.302686695324299038e-04 5.110792279170792022e-04 4.131010528196716789e-04 3.063675986155215618e-04 2.195480812597741028e-04 1.590414693573651049e-04 1.245530563345237005e-04 8.754204486634383148e-05 5.030423187645463335e-05 3.078593681311145080e-05 2.044603158945464802e-05 1.085496640957578743e-05 1.179126654952387693e-05 1.070405773176735406e-05 7.186365782367605622e-06 5.644605756425691915e-06 7.445706668039633277e-06
1.553280463050808399e-03 1.162636706872020647e-03 7.634031014612207818e-04 7.651007247897574030e-04 5.289824891769355020e-04 2.768405996130156917e-04 3.549897192776320289e-04 2.710000930704624974e-04 2.528607072332679766e-04 1.920452070287727417e-04 1.764898342129182232e-04 1.480217650593817569e-04 1.198004782815656905e-04 8.795838482427945787e-05 6.002552626151897721e-05 4.622460431057342112e-05 3.795996910929477975e-05 2.763222805732186313e-05 2.701240913277493225e-05 2.494011510114391251e-05 1.898096916148098542e-05 8.908249351580853353e-06 5.907535288841561834e-06 5.281058793682875478e-06 4.677278036936759611e-06
5.590622396163622693e-03 3.636444600262413521e-03 2.059535671527061313e-03 1.737924741252343860e-03 1.051081385883454247e-03 6.726598813962711117e-04 6.800938369898857066e-04 6.046544326053108825e-04 5.522608548806193663e-04 4.849292853681154143e-04 3.819035124221704567e-04 2.945792966775040152e-04 2.301425730550049175e-04 1.502599880653003670e-04 8.194293484681480994e-05 4.135853202249222948e-05 2.155111311094720446e-05 1.629734172336584841e-05 1.037669819916801495e-05 5.612745027627397757e-06 4.867790931862371480e-06 3.547357203280981568e-06 3.948674816741917119e-06 4.173345728689215667e-06 7.891520390384683631e-06
2.276876008500047181e-03 2.066664271147545997e-03 1.831501935052822850e-03 1.795119596710685172e-03 7.244285033216589249e-04 3.131192957888005116e-04 3.167580963542891768e-04 3.063840173074911465e-04 2.771292514468983326e-04 2.966441342176645308e-04 2.372078455030732019e-04 2.048093236559042120e-04 1.667731065942186378e-04 1.307078138457509167e-04 1.066167079792376508e-04 7.356552626893586447e-05 4.582976254839148724e-05 2.551030868005865076e-05 1.182825593127910521e-05 8.335695565805262771e-06 6.007482557942249419e-06 4.735921706381294012e-06 4.179010323639755936e-06 4.943261771965887009e-06 7.660881790102930605e-06
9.776508889204534383e-03 9.363657267053302272e-03 4.027183679051322268e-03 1.795701661623454832e-03 1.240265594757561721e-03 1.078904148931143130e-03 9.165158177249680500e-04 7.103105316002156916e-04 5.864208896195955865e-04 4.995962217580080531e-04 4.005976949030770162e-04 3.091352384084697109e-04 2.469217049247853630e-04 1.471899291897606871e-04 1.108406490443154878e-04 6.222041169376433601e-05 5.797432045990834934e-05 3.133404357956934419e-05 1.750981170666513045e-05 1.340597192486474553e-05 1.008303712709160107e-05 7.388630538746510783e-06 6.265577047352548719e-06 6.625726173819056203e-06 6.510440688500791882e-06
4.245748383497017163e-04 4.593457136298593623e-04 3.366355707639505932e-04 4.561190313134180058e-04 5.459415484447052149e-04 2.540194744987412647e-04 2.498739794985992656e-04 2.699744734966140155e-04 2.219095866767444903e-04 1.793921425882991387e-04 1.400110165225204107e-04 1.225511499954481498e-04 1.033218160921109581e-04 9.797959818402106628e-05 7.310452122618418564e-05 5.952651005188538339e-05 4.476002754773206530e-05 3.171003240140614273e-05 2.561284395414002366e-05 2.093051405372460346e-05 1.556756098073603113e-05 1.291351187295847197e-05 1.259337472170233821e-05 1.432941056144069097e-05 1.818733263872500974e-05
3.058374698115304702e-03 1.906744154445163186e-03 1.352166033060703612e-03 1.016905138489892536e-03 9.103112185272298597e-04 8.253793410119702892e-04 8.079164468532076425e-04 6.878844303692317232e-04 6.189155103754560286e-04 5.682522433164770943e-04 4.854399506242512989e-04 3.061787449634440091e-04 2.014908193297237470e-04 1.088532598874339706e-04 5.056768687926755388e-05 2.728476271585531906e-05 1.735064346955800368e-05 9.139090739940594361e-06 7.163487517925722768e-06 5.275453241632932490e-06 5.857477318040165796e-06 6.347759578165468028e-06 5.076951371020490303e-06 3.435441779335447286e-06 3.029436805942494571e-06
1.166417483041346827e-02 7.848948930644906313e-03 2.813496076460400910e-03 1.748099369235776857e-03 1.150956814289208398e-03 8.391838074394888242e-04 6.480648313268406535e-04 4.998645249002294389e-04 4.562951867630696441e-04 3.698250386786824939e-04 2.951669678732705428e-04 2.497250106401573870e-04 2.076666915640356791e-04 1.530534989397805770e-04 1.006569458662138236e-04 5.920782278414166508e-05 3.850784318470915627e-05 3.068216485995492676e-05 3.438756793265422134e-05 1.593706047754577207e-05 1.083865913533079578e-05 1.206386405927297668e-05 8.465373929860622808e-06 8.329885631612997466e-06 6.798471705772086162e-06
5.966863374191749836e-03 2.705552633518573495e-03 2.170372428463799869e-03 1.644429979905797983e-03 1.072567776681615905e-03 1.157123987696685426e-03 6.296414637180660192e-04 4.822816439318012042e-04 4.081714748492528333e-04 3.434249426194503738e-04 2.571651104656978498e-04 2.637748445664537590e-04 2.060198788296806530e-04 1.343248155802855817e-04 8.563314315608832727e-05 6.624375478119225473e-05 7.562053091396304537e-05 4.217972283404180530e-05 2.253683120752188513e-05 1.164629247253899883e-05 8.851281188749848000e-06 5.856879473583514393e-06 5.740398443661917802e-06 5.932469574607599087e-06 6.613253701711608830e-06
4.087487818996303826e-03 2.514938571697374319e-03 2.101563222611076143e-03 1.727311088752182290e-03 1.259682797507621172e-03 9.234388625600024316e-04 6.295250782292865751e-04 4.084638757448394615e-04 3.628327229100715922e-04 3.578775595788146434e-04 2.875076906120210178e-04 2.470114924353115460e-04 2.413508399541130567e-04 2.088773438414740912e-04 1.656934379715405050e-04 8.325910652739998939e-05 4.110152923484340702e-05 2.357540443484803863e-05 1.546044381735839091e-05 1.108120680910620641e-05 9.282672718037161458e-06 8.177351855370998946e-06 6.969740228457128620e-06 6.842384404979100297e-06 5.473689580635780918e-06
5.634779393988420364e-03 3.102933902345111385e-03 2.669415968792505055e-03 1.712618074875583551e-03 1.390196177117252949e-03 9.923123923149873224e-04 7.634220561916445821e-04 5.909838346997481253e-04 5.080593877844527106e-04 4.306126904570263276e-04 3.438966789803416793e-04 2.965614528233276445e-04 2.259707359364609481e-04 1.768071985888723056e-04 1.040428829271168126e-04 5.079356407472503912e-05 2.988455588973847011e-05 1.972514795320130080e-05 1.014647644782160245e-05 7.623914190582626517e-06 7.786778090985876539e-06 5.614328172489542580e-06 7.171525860832060018e-06 6.085751274642264737e-06 6.859605634393890057e-06
4.000489911090596498e-03 2.806561737545290418e-03 2.412349223256367216e-03 2.151006482218033311e-03 1.977148683106450498e-03 1.573767721089905673e-03 1.259426490083549385e-03 9.964794015515645535e-04 7.429075221463514456e-04 5.777957370024149140e-04 4.862110891766857949e-04 2.800816963523478044e-04 1.597582774190293693e-04 8.797428110359528414e-05 5.474952180444451588e-05 2.934691174213472885e-05 1.896851787308228299e-05 1.300881208908588320e-05 9.775518465022069661e-06 1.166596409888784192e-05 7.686277335970397416e-06 4.256022532112400838e-06 4.457361255609254326e-06 3.382154672460286062e-06 3.055747128087669274e-06
4.609124027578067467e-03 3.176371339974613447e-03 2.192618377584540802e-03 1.631406415693100994e-03 1.426771615952537094e-03 1.108167037671068051e-03 8.475776910653033637e-04 8.024218350591751222e-04 6.333968107166380737e-04 4.590783368404453726e-04 3.451776136245814910e-04 2.712318309747700383e-04 1.947328497740128804e-04 1.434453183457407932e-04 1.283067865933727541e-04 7.206457376250656108e-05 5.517836350413225050e-05 4.696579184103551917e-05 4.243856842353581615e-05 2.819802037497638129e-05 2.588603224532360129e-05 2.294207393716189586e-05 1.580097223614721568e-05 8.469969356335292507e-06 8.660385407126252189e-06
1.456353138720518220e-03 1.177022757988486221e-03 8.863420054354568048e-04 1.016853754759317182e-03 7.174928295818341299e-04 6.466660209250342257e-04 7.014601829309465367e-04 5.945795586953137816e-04 5.791451851862083671e-04 5.462421103003409694e-04 5.046107197417698271e-04 3.371890495612774453e-04 2.494918477884666133e-04 1.650111404022223287e-04 1.027292587821717696e-04 5.318943625111540027e-05 3.507466992436958288e-05 1.779363789173280007e-05 1.202056035559764699e-05 8.756815034202201022e-06 9.855189049129708357e-06 6.150493606232254440e-06 6.339887666934440823e-06 6.156537868470134612e-06 4.911340959208655471e-06
4.800664192942173149e-03 3.020848400735774014e-03 2.364104276115028963e-03 1.276370153865883338e-03 1.037574973254976052e-03 7.107058567564211856e-04 6.080147653698778640e-04 4.296623888581830469e-04 3.799558305422975511e-04 3.647895233285302166e-04 2.968417409555372142e-04 2.262179875243438664e-04 1.751995512186093999e-04 1.379403070250483944e-04 9.729782053044719033e-05 5.482204022314870291e-05 2.532029306775988427e-05 1.137466631941629554e-05 7.704863635595556520e-06 6.287153731245365647e-06 4.897652169661424476e-06 5.263091312285933218e-06 3.845862921207397245e-06 2.260256889247735520e-06 2.447386100923077912e-06
3.459220543619668641e-03 2.065968292162552889e-03 1.519786197260796856e-03 1.411836411364889932e-03 1.308031873851847517e-03 1.431357748668645380e-03 1.571008555427315725e-03 1.003690516444483540e-03 7.248195001464307003e-04 5.171341648828293265e-04 3.838913013840971234e-04 2.583585390628308676e-04 1.615618884665621284e-04 1.162431436853360138e-04 7.537755404381212422e-05 4.408610525969555651e-05 3.787251523157962910e-05 1.788042867749823801e-05 9.289287244672065629e-06 6.767474006416193817e-06 4.005569673790245978e-06 3.856259984028737641e-06 2.488770389290984457e-06 2.060300133275131917e-06 1.678636175078843465e-06
5.080572005200626601e-03 2.207325890554181179e-03 1.999389318364176889e-03 1.396380819028421056e-03 8.728906027724098659e-04 7.329108508458329454e-04 6.126931119324295627e-04 6.305257445421852272e-04 5.687529255649630567e-04 5.148168765625950501e-04 5.004483217723162741e-04 3.700075385172396408e-04 2.298180696430214532e-04 1.341849777344081675e-04 7.562300945879749190e-05 3.478255221366352904e-05 1.765086989162888216e-05 1.081361489797189009e-05 7.478412075248676291e-06 8.163830074926703296e-06 1.152878365764980128e-05 7.471007377748029297e-06 7.416491519923229806e-06 4.632574013800628230e-06 3.720280716650827203e-06
8.501812584749730492e-03 4.525657125744259393e-03 3.078109289288394768e-03 2.568495259192165193e-03 3.114024554686505453e-03 1.906716361700232622e-03 9.170203937673643627e-04 6.478270023093360072e-04 6.737647157413546211e-04 5.631477788177401784e-04 3.714277915474990615e-04 2.616343628248681951e-04 2.092658841176340666e-04 1.300428747686401736e-04 7.441222506843125028e-05 4.535698004237249611e-05 3.007845772149481329e-05 2.613672931122353296e-05 2.592791597471041850e-05 2.845827587147144007e-05 2.034478530430098856e-05 1.502560292372865108e-05 9.990257491393078287e-06 6.589535544784536685e-06 4.287931455335114530e-06
6.553865676356305462e-04 4.702842089497699337e-04 5.162313562450617952e-04 3.667584582824937284e-04 3.147637663642274711e-04 2.063999460393688460e-04 1.789728460078714308e-04 1.871513099880752591e-04 1.369206187021218264e-04 1.393817512746775317e-04 8.896265496769415468e-05 7.451580631666176850e-05 6.196955587206699311e-05 5.852953994937412012e-05 4.972592864011498296e-05 4.199187652725608973e-05 3.326183254527712246e-05 2.458635303676233482e-05 2.007447705874101262e-05 1.873277108855312244e-05 1.292683898277118009e-05 1.053149765409209032e-05 8.325966769423682109e-06 7.158030197736823023e-06 7.925524269078406048e-06
3.548559634084447884e-03 2.995341627174893072e-03 2.802145603638832305e-03 1.913621925052840433e-03 1.229640365926946890e-03 8.912216618044964964e-04 6.408870211898857073e-04 4.345630279094142611e-04 4.037270592930320649e-04 4.039295087069579341e-04 3.923679592362670971e-04 3.428983006044745898e-04 2.612138003960308603e-04 1.663009299146954618e-04 1.029670548665298361e-04 6.149602905229360652e-05 3.480658651590666839e-05 2.074669563724631049e-05 1.577302888941557182e-05 1.488561860515237687e-05 1.285316464259288441e-05 1.545018078567652857e-05 1.360668480124509144e-05 8.362539992470457553e-06 7.188146497573876945e-06
1.105405190535760840e-03 1.072067963406813642e-03 9.445415580767035782e-04 7.275179018960538325e-04 4.356958245785660672e-04 2.767186998850244633e-04 1.780207709423789529e-04 1.385641969991037805e-04 1.131130926093717765e-04 9.367293209107852188e-05 9.525896825595713056e-05 6.657625964744394746e-05 5.946134480205593118e-05 5.995137597552828066e-05 5.419633253026280708e-05 4.882056442188636172e-05 4.427398613201336284e-05 3.380240399176981223e-05 2.250906461592071492e-05 1.509314668828344382e-05 1.401134423880640900e-05 1.433293712014169040e-05 8.964289364524967137e-06 6.713177118162984973e-06 5.253208007796811395e-06
9.151785332008293208e-03 4.370424727364019199e-03 2.545487561330644650e-03 2.534196062580632795e-03 2.020660171351906700e-03 1.499783665310246540e-03 1.490670651943922171e-03 1.110791913489276054e-03 8.174399375681882249e-04 5.128296175286974675e-04 3.044761777689614741e-04 2.158864012399261173e-04 1.360642618162052214e-04 8.937880399890388153e-05 5.681034329934401666e-05 3.355370922991698495e-05 2.230038007581954483e-05 1.557467808614184971e-05 1.283574406474010388e-05 7.685285142283137304e-06 4.612016030875632141e-06 4.674539298771175988e-06 5.451706670758371986e-06 4.166874680433164522e-06 3.949144268223317783e-06
5.682889194095433298e-03 4.314839041590271158e-03 2.815155287874907247e-03 1.240607763853089412e-03 1.178379649877655177e-03 1.047072353089750166e-03 7.763007006231168730e-04 7.200195551712642314e-04 6.684452250977676157e-04 5.988266369372426427e-04 4.801369168771994745e-04 3.159317962948947497e-04 1.981112347955578618e-04 1.296621510640222190e-04 8.103879259149331094e-05 4.741209078406411029e-05 2.761370882665761185e-05 2.170591804475206511e-05 1.547885014152190064e-05 1.026045640187843329e-05 8.233257076551106054e-06 6.399899515854604954e-06 5.095887388645721360e-06 4.030257070887786771e-06 3.034145177447506322e-06
1.619445281995691077e-03 1.511446019408134445e-03 1.087019162640049264e-03 8.365051372361701019e-04 5.749312207390119096e-04 5.598061892445531200e-04 3.733257882516552266e-04 2.764507828870892744e-04 2.333420679008682943e-04 1.528603984989987429e-04 1.208885727442729599e-04 9.697859203958066878e-05 8.119681604196525668e-05 6.654697484350189784e-05 5.923601087549122890e-05 5.699621633994593164e-05 4.693739339701085751e-05 4.325014055113759684e-05 3.022858927498799658e-05 3.167943140267982745e-05 3.599376324042022541e-05 2.612380229212541840e-05 1.094456521662312257e-05 8.265455602616856388e-06 6.123225555450847409e-06
7.309288973342401192e-03 4.595459900697754750e-03 2.413330285590578519e-03 1.249520230976583187e-03 1.266871821171482951e-03 9.647255878735154283e-04 8.830132771357672265e-04 9.279186476212585022e-04 8.484128178170120219e-04 5.888286366371765779e-04 4.335335899340373280e-04 2.539942180479395212e-04 1.634092034709500431e-04 9.351597826429413089e-05 5.873018142488288371e-05 4.186991271926557919e-05 3.793874422052602750e-05 2.444402489172296873e-05 1.604681419540676234e-05 1.241033766069230398e-05 8.202189943331525784e-06 8.444610506002321929e-06 4.963624942656675269e-06 4.177756516641997893e-06 3.444199882393359757e-06
9.547398515788000110e-04 1.018364427391009637e-03 8.137785805078118781e-04 5.161095500242131881e-04 4.534311139174375112e-04 2.873953825620226645e-04 3.938553818069144021e-04 3.750429450077310493e-04 2.446961612924307221e-04 1.851718420159454456e-04 1.683184415280139761e-04 1.341934364497948510e-04 1.174377867950269919e-04 9.189875079806672303e-05 7.266698943141436189e-05 5.683510366613263120e-05 4.027465858545121698e-05 2.829992945064035498e-05 2.045549380733265032e-05 1.344024392217407327e-05 7.580058816451725385e-06 4.526323032866265554e-06 3.039978436971768957e-06 2.663767415997437070e-06 1.966111975573588304e-06
8.338665042341084077e-03 7.031839958253873618e-03 4.095477799288950276e-03 2.486154093272277456e-03 1.439855163656542179e-03 9.315498999423341359e-04 7.323859622837465035e-04 6.946718271786261629e-04 6.027467673330224587e-04 5.584064794629603349e-04 4.446672658027424362e-04 2.485497926381349050e-04 1.623412159351060688e-04 9.583387141281648721e-05 6.538535864221461155e-05 4.856426390685681483e-05 3.127047841311986047e-05 1.814363553235856340e-05 1.240913044727992017e-05 9.015481043410353864e-06 7.756040431583269179e-06 6.978183288530409382e-06 4.067641303688396628e-06 3.199876926733611004e-06 2.412259088570463140e-06
2.350828077582712942e-03 1.488310150810307451e-03 1.670102712998685398e-03 1.137381713500858031e-03 1.096656731828906609e-03 8.932992346477380483e-04 8.521616633446144149e-04 7.188025588128598570e-04 5.490025004239549190e-04 4.808511252200611753e-04 3.581074791366737286e-04 2.510697658959947149e-04 1.939715022577785295e-04 1.272939412503426169e-04 7.979802759327591451e-05 4.990026987926784568e-05 2.698525770628494135e-05 1.459882734433533947e-05 1.221398744481381407e-05 8.758588887905210889e-06 6.152803657453639310e-06 3.962009477515728611e-06 3.189377285675496904e-06 4.296260895447141892e-06 2.487943953240648435e-06
1.908829865636917306e-03 1.605019771235482876e-03 1.175262898254927956e-03 8.136220503759221401e-04 8.182504803400010313e-04 4.821671564837215766e-04 4.957104885130925089e-04 4.908421575675291342e-04 3.656877092633466328e-04 3.146203378472471330e-04 3.052709534791937752e-04 3.093448417565811842e-04 2.730539028415491782e-04 1.638296470934293700e-04 9.523229202082398421e-05 5.487135366374289413e-05 3.174218221073705376e-05 1.972104262977256869e-05 1.719741094153150689e-05 1.965961157150249841e-05 1.495731418157575584e-05 8.902302691070966117e-06 4.861937556238730579e-06 3.835747480023880231e-06 2.747051273568271953e-06
3.579488408390593939e-03 2.813387402300715403e-03 2.504490937845754023e-03 2.118992324321163339e-03 1.663719637841937606e-03 1.036956642119529325e-03 1.060719202743353904e-03 7.664584059114929208e-04 6.326993584867538671e-04 4.698601541461707668e-04 3.981289261178717160e-04 2.522349849449956240e-04 1.673812093884238653e-04 1.072294208475982249e-04 6.457924760257839354e-05 4.962962559868606353e-05 2.466112095322642479e-05 1.551822822336619979e-05 9.519928931367650549e-06 6.379290171622401591e-06 5.079474703448678919e-06 4.665594907765696724e-06 3.527738065807321533e-06 3.462982358282996124e-06 2.855662323118152465e-06
1.191918589171995623e-03 8.192091054449482336e-04 7.639156162999275346e-04 4.879091779283498088e-04 3.956360772285962306e-04 3.396228730221703793e-04 2.377098399142614971e-04 1.975833145965084393e-04 1.514693044599028145e-04 1.267009788337650894e-04 1.196047139859796347e-04 1.092155657556188436e-04 7.945698822267883835e-05 7.021984128192162175e-05 5.377934675927088212e-05 4.121767121932391216e-05 3.010167823716045670e-05 2.418469357806469222e-05 1.671097202310119716e-05 1.103516299067377366e-05 8.262131943194034491e-06 6.177019213691412272e-06 4.771050192969146827e-06 3.600531170414368383e-06 4.571333073082416917e-06
5.283989186472609276e-03 3.277891210376639945e-03 1.857938778838343595e-03 1.448371367286959907e-03 1.427787420917954377e-03 1.318950571658684089e-03 1.002250462404673465e-03 7.296743950461431847e-04 5.850463395504959920e-04 4.322072026618215598e-04 3.222324292645844775e-04 2.500993068514930457e-04 1.874231836287206117e-04 1.293367993596749655e-04 6.828850966770920775e-05 3.216871678665345004e-05 2.105168141052006942e-05 1.489159128251729932e-05 7.870715771106753697e-06 6.947159832163099726e-06 5.838351369148794851e-06 4.993588101360195536e-06 4.689010801758111453e-06 5.941618892037703475e-06 5.159573159552292853e-06
5.345227338831946146e-03 2.778393544231891419e-03 2.556955961171396893e-03 1.942704019215753730e-03 1.488700720372283445e-03 1.316067958291496694e-03 1.187080418474300647e-03 7.733753632427245017e-04 6.468755826295676274e-04 5.094883696956999412e-04 4.307881333497058803e-04 3.130595300045422333e-04 1.611836878911002743e-04 1.118725633083945882e-04 7.064942069906057017e-05 4.113837197225729498e-05 2.689081100097021206e-05 1.461900902823302242e-05 8.794393300124033440e-06 7.141822822727438621e-06 5.336084249955418829e-06 4.120559886054602659e-06 3.852248487725574735e-06 4.457598002669474993e-06 4.286466630092326412e-06
2.821270820216250676e-03 2.202327514855938716e-03 1.424500847136353021e-03 9.182547701324244877e-04 6.227194710021362583e-04 6.512693022637214323e-04 5.121058052448021567e-04 4.122813232915033960e-04 4.135800208590254792e-04 3.954919984638532483e-04 3.688082329111344810e-04 2.999045790557907103e-04 2.469192370269337913e-04 1.705375828906517449e-04 9.191509680385036665e-05 3.903175104324099184e-05 2.050982415314570869e-05 1.536272316947318392e-05 1.131720279010888523e-05 7.316884051693880120e-06 6.619690855632986752e-06 5.188734806046299058e-06 3.688213412866990372e-06 4.528879715732011972e-06 3.670141924001837061e-06
3.106484986445703835e-03 2.945444768652458276e-03 1.764130403038215254e-03 1.204990689495785304e-03 7.151208528464744014e-04 8.523102911662250314e-04 5.087891263700420859e-04 4.152182303267903767e-04 2.865583284435556269e-04 2.474184360100819429e-04 1.900997007282809528e-04 1.423427987867909440e-04 1.152245758395731886e-04 8.689314287103021544e-05 6.763350836011728815e-05 5.368240650166341074e-05 4.219106689555074066e-05 3.170086894602364049e-05 1.758787522762079533e-05 9.539965635126628138e-06 6.033638013093339498e-06 7.839307646069588469e-06 4.927280772125683121e-06 3.725568809073913149e-06 3.354006433087148182e-06
1.164119294457937768e-03 8.716788111530877035e-04 7.428253622255804938e-04 4.660107366059360154e-04 4.494978982122004550e-04 3.840997483572451470e-04 3.688912083691065174e-04 3.004356943043572179e-04 1.875239334870278433e-04 1.323293930518741558e-04 1.018661254967925404e-04 1.038023917390187666e-04 1.019654968063984056e-04 9.646582047481747329e-05 9.356088371694137255e-05 7.178065058962684311e-05 5.133667188687955900e-05 3.177947394251950236e-05 2.060705526453180959e-05 1.214247241603015871e-05 8.984013168000529602e-06 8.063771566822037183e-06 5.920209685775088470e-06 6.693781936078754461e-06 4.890980734396892582e-06
2.627864113654150048e-03 1.530017764516073331e-03 9.875121740048026057e-04 1.050464386823779473e-03 5.048056418176499055e-04 4.019905431269361310e-04 3.661157920314264745e-04 3.444720673129203384e-04 2.962776558458827657e-04 2.990351406022253504e-04 2.687484333001593389e-04 2.805093409538416240e-04 2.119052399179663783e-04 1.818557363390207896e-04 1.337716097905659461e-04 7.420267765779098475e-05 3.612526934202726209e-05 1.962097004017249784e-05 1.092484209588813513e-05 8.458501813562497749e-06 9.806715502032165407e-06 1.104448208068990505e-05 8.786966279389075342e-06 9.286141788670204957e-06 7.572554398125394858e-06
1.262602474864775578e-03 1.241381217657205145e-03 8.736463473107905367e-04 7.434637077572961092e-04 8.230834129958375682e-04 6.513902896148747890e-04 4.783763479860522749e-04 2.945915999462832714e-04 2.482455936398730097e-04 2.066563938838583312e-04 1.795665183267625684e-04 1.450912874439111184e-04 1.149166581172517712e-04 1.122631135831453228e-04 9.954239993432195048e-05 8.502984266944268988e-05 7.017637004604411379e-05 4.619961481834029799e-05 4.379289168752137042e-05 4.374898806554319727e-05 4.582382848799669057e-05 4.464528820737515111e-05 3.234241916535732052e-05 1.545116636594308758e-05 8.053447297297366788e-06
7.123548407922865137e-03 4.627244096996116843e-03 2.086100976062124374e-03 2.055259504969140540e-03 1.568439529442604589e-03 1.251774427946457553e-03 9.865054609713591084e-04 7.888212189818702771e-04 6.010108259305434880e-04 4.243815806037733803e-04 3.803223456238774948e-04 2.357152114335074231e-04 1.657558634099188524e-04 1.139643076706234976e-04 6.072464256858447888e-05 3.350687016663410215e-05 2.027099849072886741e-05 1.284701273243602716e-05 7.936024698666218025e-06 5.198119972941773020e-06 4.190466426278344259e-06 2.980489128173868801e-06 2.406705317009188496e-06 2.105772871166050831e-06 1.823068557507314434e-06
2.846980363114471474e-03 1.881322848794121519e-03 1.852765092257827170e-03 1.272827312901542380e-03 1.003929859493573945e-03 6.325415859411770078e-04 4.410393019123976465e-04 3.307259939814081702e-04 2.761136016910719433e-04 1.849854252157437514e-04 1.576634073081693952e-04 1.095023543658686356e-04 7.896833201909436728e-05 6.043844779404644460e-05 4.165270760288258589e-05 3.372248305125205402e-05 2.460151002351917984e-05 1.755833611838508832e-05 1.605877222682333056e-05 1.302536221251684974e-05 9.395570291150018218e-06 8.228483260221307601e-06 8.234589679091368008e-06 6.479891643931566692e-06 3.450923753429466823e-06
1.068126850730796024e-02 5.729517495265414560e-03 2.604387109484137142e-03 1.209967740407446885e-03 9.013079783283841880e-04 8.617906995255550763e-04 7.073321959000181819e-04 6.304893124667891244e-04 5.194842543916226374e-04 4.078042476653826148e-04 3.354736680189535536e-04 2.957606631213320430e-04 2.037967928552264713e-04 1.286726201403448687e-04 8.398618571815906421e-05 4.654863294001695571e-05 2.661116388162235324e-05 1.647700566540228524e-05 1.258656748695769009e-05 1.128761656025260140e-05 7.582622039668355633e-06 6.348891166990842873e-06 4.831358902621478469e-06 2.866543489754592108e-06 2.912057699797469670e-06
2.464834755962506518e-03 1.333440842672118688e-03 7.127113075849675740e-04 7.144142438867446968e-04 6.146913831689019897e-04 4.374921991299387668e-04 4.932331434164284037e-04 4.429300742280555762e-04 5.071319225991253185e-04 5.632733188325924744e-04 4.868268955512257781e-04 3.290075431351470762e-04 2.233336995905583469e-04 1.545815646957598142e-04 9.346585709811230545e-05 5.301464740183640869e-05 2.741965612677389050e-05 1.871048085428233138e-05 1.124932480724820597e-05 1.148544972486436296e-05 2.054648591592269540e-05 1.108495652422467889e-05 5.721155610029522568e-06 6.205833833716878882e-06 9.430929054982442527e-06
7.074796126939265038e-03 4.583343348663156645e-03 2.728214516910333187e-03 1.648513103156193978e-03 9.981997460604180496e-04 8.204587652359868113e-04 5.968757828846443401e-04 5.529899243421462687e-04 4.461730203938809322e-04 4.152480476800773945e-04 4.668340063836763122e-04 2.812450903335807391e-04 1.918312577374449933e-04 1.340671303587392135e-04 8.644467088129053126e-05 5.171812545503774473e-05 3.386790659545434770e-05 2.370592494169602651e-05 1.553696262529098368e-05 1.541440767838743908e-05 9.550543528561573323e-06 9.108072784327738691e-06 1.449268479007017186e-05 1.517362630608140770e-05 6.005519153389353786e-06
2.470036215936281115e-03 1.703457133794320259e-03 1.106034482253898804e-03 1.054860889312691976e-03 5.932922790038167244e-04 5.214074576601070675e-04 4.168654018734688433e-04 3.863515187555483931e-04 3.633066536247849193e-04 3.670990963971008220e-04 2.940920650367986216e-04 3.374559171105291351e-04 2.882719985185709871e-04 1.902767537010378526e-04 1.181542680892917540e-04 7.715070178312049892e-05 5.570588828829389630e-05 3.185033133262567143e-05 2.054580783309663101e-05 1.407115716831498668e-05 1.408392771404571808e-05 6.963084378261571567e-06 5.082030353233616024e-06 4.709228438414228527e-06 3.182676249023404540e-06
3.750118935078374308e-03 1.796654391293497129e-03 1.287941017614730767e-03 1.108091144267640002e-03 1.299738961630824384e-03 1.246012114996232923e-03 9.360061027183577687e-04 7.180976177488389593e-04 5.549796152525353745e-04 5.235147909936850369e-04 4.173686235952918247e-04 3.405098136732623011e-04 2.183152007010891703e-04 1.362278756840760551e-04 7.648865501746422214e-05 4.503216925242059635e-05 3.012345591344626369e-05 2.341012079671025848e-05 2.478522143953785644e-05 2.460037253861840784e-05 2.536442441432126311e-05 1.870173620536224631e-05 9.017967870519206223e-06 5.100585538906911164e-06 5.964852767020840959e-06
6.076607615657913034e-03 2.657819940395996384e-03 2.173225777974903666e-03 1.466307834548293129e-03 9.567425971647985222e-04 8.308424429962223178e-04 7.075000609886001419e-04 5.933886459207742556e-04 4.816802500580690417e-04 4.163022437860296253e-04 3.473589560275765252e-04 2.733180942748075120e-04 2.008241893927359509e-04 1.462328883254111062e-04 9.502859311316132597e-05 5.711191355907515221e-05 3.790105940981056902e-05 3.647396812202796001e-05 2.640708186668177179e-05 1.220932774152578372e-05 7.193403451823772943e-06 6.476288380643854233e-06 5.025721685714789721e-06 6.332811971988399434e-06 5.088411866836128153e-06
7.566537454774489684e-03 4.116418825735669237e-03 2.182967311693752906e-03 1.745757548332990249e-03 1.474009318200071843e-03 1.274129595256898173e-03 9.685566530085495517e-04 6.808503967537926768e-04 5.897832716645620222e-04 5.299819661244763256e-04 4.137312860102269766e-04 3.144257023718554050e-04 2.195349185880860106e-04 1.066512638432784893e-04 4.541433132720447174e-05 2.594272841469546378e-05 1.389687006485278147e-05 8.238265485391642218e-06 8.031783339372535819e-06 6.461699071849428379e-06 3.645179331536364069e-06 3.030923485745003197e-06 2.275777704305395926e-06 2.314032601763786749e-06 4.076153145618798869e-06
5.746375424625676381e-03 2.430810224259229071e-03 1.865880662018565500e-03 1.281987668232653730e-03 1.258489005350316332e-03 1.608900429625498502e-03 1.995395238543435940e-03 1.344208101024449388e-03 7.937916811790954059e-04 5.326071031713674369e-04 3.739811351846658257e-04 2.550518907205459943e-04 1.658676353719444184e-04 1.135853119416131425e-04 6.713109196748770740e-05 3.448106328475957795e-05 2.023734669437662342e-05 1.240383876309121512e-05 8.425064506052891932e-06 7.529326936710596632e-06 6.998477893064735503e-06 6.333041188034204128e-06 6.229209420622833788e-06 4.447184741376440905e-06 3.469571007521904603e-06
4.649330668277327702e-03 2.974879495652942452e-03 1.819439759188385070e-03 1.311360563305186914e-03 1.035895386635873709e-03 8.357975049848798610e-04 7.961242824028217724e-04 7.571080939867559211e-04 7.188714776433290186e-04 6.169684168385973499e-04 5.036327210432306077e-04 3.183959834196384373e-04 1.841453167805505821e-04 1.047765073527211563e-04 5.564321772895172561e-05 2.759117855865965627e-05 1.739406816296650563e-05 1.498568965153155234e-05 1.124885413558895403e-05 8.133748723348973735e-06 8.886407609913442155e-06 6.342850898739128836e-06 3.786631943540052353e-06 3.816106723311385102e-06 4.111783105383919567e-06
1.256019264501044043e-03 1.086471727664819987e-03 5.205743533855346954e-04 5.052096111438424087e-04 3.886427402382848094e-04 2.901730079199471568e-04 2.360047122454425822e-04 2.046902981238633986e-04 1.940824908881873473e-04 1.603106086820915341e-04 1.825611768943720100e-04 1.785395573962322445e-04 1.701018220634475909e-04 1.647573691424441189e-04 1.428701551728988825e-04 1.049695290360924037e-04 6.041899027374308267e-05 2.913528180051088581e-05 1.731077084097463721e-05 1.694838260580262525e-05 1.561773990228924788e-05 1.206849566875936896e-05 1.222190286872433563e-05 5.867326006450324459e-06 4.204724567496351590e-06
4.146161094624511122e-03 3.212645920788321108e-03 2.222166091097328711e-03 1.801464854659434386e-03 1.291509531629979769e-03 1.125563214213867128e-03 1.123318395647045394e-03 8.897343328597061502e-04 8.172089394085853579e-04 6.323431894954193019e-04 4.291396930713068194e-04 2.629531195891127702e-04 1.653219705352126467e-04 9.042961923734706587e-05 4.944116341203533065e-05 2.514423992675302410e-05 1.374275487737544360e-05 9.335494826496424300e-06 8.165856150915781102e-06 5.186334004559734518e-06 3.421604241980009939e-06 2.949995556901679806e-06 2.950892650769706257e-06 2.341393902045569787e-06 2.476018773421028217e-06
4.664752401244681886e-03 2.349669524102462794e-03 2.635178346931384401e-03 1.562498748340899937e-03 1.299034570820739977e-03 9.162402871032329209e-04 7.406280836953473218e-04 6.821695210599551052e-04 6.521714718430902079e-04 5.442945596297602473e-04 4.201233248933942000e-04 4.134404470068316680e-04 1.989351996839470494e-04 1.209546215048239995e-04 7.114321890023442535e-05 5.053137578389249606e-05 3.583444599978769576e-05 2.616009484264963380e-05 1.753307501536511821e-05 2.137086055760292037e-05 2.385662273334317009e-05 1.076170370996049600e-05 5.434734632276129441e-06 5.036615935725443144e-06 6.133227653028822240e-06
5.898258193250808558e-03 4.104963775711004646e-03 2.799991432441134055e-03 2.305496417076568355e-03 2.354057921976539930e-03 1.922192492544064213e-03 1.557981008582464116e-03 1.167975421789482597e-03 9.671589400902171237e-04 6.158066412812418598e-04 3.390403161097419317e-04 2.157023273645436109e-04 1.524043280325370600e-04 9.331806024162889515e-05 4.950859196171318284e-05 2.738755515047620138e-05 1.692325299623577458e-05 1.122693873841256407e-05 9.791616058787235810e-06 7.974583353877722562e-06 9.251211950867133866e-06 6.183938772763244266e-06 5.360675450756349463e-06 7.333563091031094176e-06 4.971832206970593588e-06
6.864439734374148255e-03 3.786098164451544724e-03 2.195043752400284258e-03 1.186986228332152782e-03 9.419601060277329671e-04 5.777333656408843027e-04 6.193701896725526757e-04 4.921873877525497366e-04 4.553887080065650893e-04 4.875232778878722871e-04 3.962157585383154390e-04 2.946887607490090164e-04 2.317885094916912381e-04 1.297361720641405838e-04 7.361220422810965626e-05 3.751500562034475471e-05 1.955053417782226998e-05 1.127129635665846128e-05 7.120733915364104482e-06 4.709279478402467122e-06 4.294953700087892093e-06 4.039901000103953269e-06 2.225289552999702066e-06 2.329747500117508719e-06 3.233958551176842658e-06
7.581485317963055845e-03 5.315260489369488979e-03 3.536819988709641576e-03 2.811775731059953324e-03 2.547034292131111939e-03 1.573595409636869679e-03 1.142558109312598368e-03 8.280100522738569101e-04 5.777975866361396333e-04 4.475782329471312735e-04 3.390778840868269328e-04 2.676140701219069276e-04 1.631872165164541201e-04 1.025387251401661614e-04 6.239186900643380810e-05 3.765014947655099669e-05 2.259976727181609463e-05 1.375669596427902547e-05 1.258100612840236829e-05 1.133085840480971744e-05 1.300368140250269774e-05 6.896986226205585909e-06 6.650335860289046336e-06 7.210318431775589815e-06 5.671186174385022261e-06
6.027133092691418399e-03 3.224370643671160917e-03 1.971128766670304008e-03 1.779926035024028417e-03 1.822277231733472874e-03 1.532951985108805572e-03 1.112704666619173657e-03 8.293282784768360449e-04 6.655663315002201003e-04 5.300054636729046014e-04 3.532964406119950369e-04 2.667428399566812913e-04 1.813256179276207501e-04 1.279586491050776684e-04 7.875976628144127723e-05 4.457952406370639285e-05 2.632543716882705792e-05 1.769536105212152866e-05 1.193462914949180322e-05 6.598717852608428835e-06 5.275277804667162617e-06 3.936760408979395927e-06 3.558809869104660910e-06 3.018373241155109519e-06 2.906706388315363852e-06
4.047773554203356987e-03 4.030587162285573406e-03 3.696976393911456660e-03 2.803205365894248947e-03 2.147470681615924575e-03 1.622274062395745410e-03 9.252987645401884991e-04 6.574005360215304803e-04 5.380824217174572360e-04 4.400159836626928926e-04 3.385477405724621560e-04 2.589809707922854985e-04 2.016057932857248886e-04 1.522460825228772634e-04 1.042491942448654020e-04 7.337172349876929010e-05 4.220422497476117605e-05 2.699289060490543815e-05 1.918272918820287514e-05 1.671775077901028691e-05 1.303468322883745771e-05 8.040050649221122529e-06 4.793228974245087691e-06 3.883488092663982102e-06 4.552812574044272648e-06
2.689220344985734836e-03 1.842545414544985048e-03 1.633647055299074571e-03 9.931660025858388488e-04 6.328232787263622173e-04 4.159555640918353872e-04 3.549135336324532705e-04 2.637059135477447052e-04 2.083187746001836167e-04 1.592104319336383402e-04 1.277057653568332599e-04 1.084909667098091397e-04 7.684806494090257016e-05 6.002457338118027686e-05 5.805671299425564435e-05 4.375846352791292864e-05 3.600581201800576517e-05 2.857237600923657114e-05 2.052127879159865173e-05 1.959147938700860441e-05 1.978655523150744507e-05 1.181088807150288886e-05 6.980168595041660680e-06 5.089700520772824320e-06 3.912472529550977994e-06
3.853339743078373469e-03 2.868637887504889294e-03 1.758828026091391241e-03 1.479575342948310276e-03 1.798147693096346748e-03 1.116226346133834379e-03 8.028966022559292552e-04 6.931208619656740533e-04 6.528457386695785082e-04 5.233280812291868844e-04 3.365089437847521296e-04 2.238786496566301954e-04 1.492093960056584958e-04 1.183157069991844516e-04 7.690534957510324944e-05 5.030633804494262669e-05 3.442812635492388214e-05 2.302812136097250753e-05 1.881740928793220290e-05 9.024218815265713488e-06 6.426845697934931345e-06 6.105150261303161032e-06 4.398983086500850150e-06 3.888966503933793356e-06 3.162112807559555631e-06
5.246558185780950210e-04 1.231896569400656736e-03 8.742515552960978837e-04 6.253386709731494596e-04 5.864518989079422085e-04 4.732807151106623858e-04 4.615128655419157232e-04 2.784072392532069740e-04 3.292069190066744902e-04 2.226517755253459342e-04 2.425046789484437931e-04 2.173934978368813624e-04 2.181350380605691797e-04 2.020208375874550080e-04 1.558643124972151678e-04 8.910004582118123792e-05 4.981127939817029120e-05 2.411920814259356461e-05 1.924878115217993740e-05 2.065326661258208582e-05 2.703017928425168040e-05 3.186584206975128343e-05 1.949234700783230862e-05 9.404236578816433051e-06 7.915870402818614871e-06
5.102011973502586749e-03 2.391023525085627689e-03 2.205661590453395632e-03 1.426179271280477107e-03 1.151219559763052951e-03 9.397051566725536089e-04 7.502617283473633292e-04 6.926556810402963432e-04 5.968180357164645528e-04 5.314901768077469595e-04 4.707851158360089566e-04 3.180537308722447228e-04 2.138830261763371651e-04 1.445727776978607650e-04 9.387785385900815262e-05 6.135534529204256910e-05 3.416830343443912375e-05 1.641285216033506518e-05 1.088488723138254942e-05 8.942957906965964159e-06 5.465540763839990052e-06 4.397587213572823959e-06 2.580805062048460311e-06 2.609366481183285454e-06 2.641148671859201058e-06
6.029191000534582512e-03 2.248017897505357517e-03 1.574418612807466618e-03 1.059518598214671337e-03 7.948139445517519259e-04 6.814809952942206712e-04 5.917257974693564777e-04 4.962188640989621813e-04 3.945119053450072463e-04 3.714444454523537853e-04 3.255881747807135300e-04 2.817623540480878480e-04 1.984972556660306441e-04 1.361689888288715553e-04 8.305918064612139882e-05 3.860781531838643823e-05 2.081398053093132670e-05 1.314395565087371164e-05 1.367752261788449817e-05 1.079744745990050577e-05 1.106679233676161286e-05 1.657597205662855229e-05 1.335541883226179055e-05 6.748371347407174647e-06 5.724883273752935862e-06
3.175500307609168110e-03 1.949584875909498227e-03 1.826656070647497904e-03 1.720648302980078278e-03 1.422278153251968751e-03 1.261414373101306342e-03 9.020885674092947882e-04 7.999476524810679445e-04 6.275376994740537165e-04 5.092456455487092901e-04 4.041296934475965786e-04 2.871041512992743728e-04 1.920210542526787486e-04 1.406919459566320077e-04 8.374014631465708056e-05 4.335368652990716573e-05 2.352757238259347092e-05 1.612262940861336575e-05 8.808799891973696534e-06 6.277536276839548901e-06 5.944062263451385962e-06 5.800060225094091583e-06 5.952035290828000798e-06 5.296752998533932104e-06 5.623765373194447334e-06
4.264547199011798836e-03 3.356784154395804545e-03 2.373112449671140739e-03 2.774590018681551921e-03 1.249647918611653538e-03 9.710477149843258155e-04 6.909854008288989066e-04 6.052425804007136858e-04 5.264569491718902984e-04 4.325041811347964571e-04 3.470785443429147779e-04 2.856306155652096326e-04 2.251332369968347556e-04 1.535997904441031338e-04 9.273469330638305801e-05 6.605185558567218374e-05 3.389912754015136811e-05 1.902843237226941822e-05 1.089505616310316819e-05 7.401202665216232476e-06 4.722795983096944884e-06 4.340007192265261703e-06 3.629949530248748654e-06 2.590230275398213077e-06 2.733542521938392377e-06
1.284204830739015066e-03 1.207390076053362418e-03 9.973711467394941882e-04 7.126532814867419510e-04 5.202335606650184720e-04 3.649275040089632787e-04 3.275050780085319961e-04 2.848962725136550654e-04 1.659599582742796989e-04 1.329558522941246294e-04 1.037509262390457903e-04 7.699557948824701039e-05 7.123091385278968628e-05 5.929022106788801806e-05 5.275556549283523544e-05 4.525484928234509710e-05 3.255488159128543362e-05 2.589311574256836931e-05 2.283787381078533421e-05 1.390742095161776856e-05 1.165248425485111785e-05 1.166876975188024008e-05 7.223283443532348476e-06 5.032671269539183028e-06 5.486811884490425346e-06
1.374788696851528963e-02 7.856424133148345521e-03 5.882844197350065030e-03 4.165475798760099810e-03 2.774775836141037209e-03 1.997894292114744345e-03 1.253513781489783846e-03 8.975733851113018233e-04 6.845936063472393956e-04 4.962268195035629938e-04 3.343544333261693575e-04 2.200486559423210262e-04 1.471471276191725869e-04 9.306873720181634013e-05 6.018836047868440558e-05 4.198477278829491389e-05 2.217715355145923479e-05 1.514349874265526027e-05 1.243604864388601211e-05 1.050391246932026035e-05 6.239135450811211674e-06 4.828255016040269942e-06 4.594822918722421646e-06 5.449787747222074699e-06 2.872145723431591606e-06
4.947766311355893468e-03 2.792390228865311748e-03 2.162748412786036616e-03 1.700060189791301364e-03 1.261823656812287742e-03 9.017237574467455155e-04 9.120884973583574329e-04 7.463452935727551193e-04 5.187730683432651172e-04 4.254053532795860426e-04 4.287355048717666475e-04 2.928582473993792019e-04 1.987350658477347767e-04 1.345330227800176667e-04 7.900227093954057867e-05 4.759450377714385353e-05 3.270979005538119852e-05 2.456135441457010403e-05 1.674149336884624628e-05 1.338466182016359926e-05 1.065307877390800120e-05 1.208410547511330983e-05 1.103262281013132017e-05 9.555220266432510316e-06 1.009632874622023290e-05
3.360350516301722091e-03 1.362222929775603469e-03 8.869379505460013623e-04 7.814754507641922567e-04 8.173491593901944944e-04 6.899099662643984072e-04 6.257448503245774786e-04 5.538374244151405678e-04 4.933625919583409713e-04 4.377943788572385259e-04 3.529470111232179005e-04 3.075326946252620501e-04 2.236598080585845845e-04 1.863084264065707979e-04 1.225607341922956559e-04 6.495284377673150660e-05 3.630252827811818270e-05 2.141186509594049630e-05 1.245689358560823067e-05 9.274866063626032047e-06 7.939578083296096019e-06 7.168027989568765275e-06 5.775615629307374775e-06 7.284427804381196738e-06 8.647749900167384275e-06
1.436600278862817937e-03 9.144102626979786538e-04 7.073992845631141150e-04 6.377261136639667200e-04 4.811211416808430460e-04 3.326974168515573036e-04 2.863140339184464173e-04 2.059767771290085998e-04 1.586574188814439445e-04 1.487208934377698649e-04 1.220725052997917882e-04 1.152713714553111051e-04 8.068209450704616167e-05 6.386253353508372741e-05 4.843438656688110966e-05 3.956546400139987517e-05 3.420921281091924068e-05 2.457745443414669027e-05 2.169165174831443226e-05 2.378490302115089867e-05 2.082965066946177474e-05 1.622504810824179413e-05 1.035630649019158264e-05 8.272916981792308372e-06 1.270432259342286994e-05
9.885051606245377417e-03 5.696719334979438547e-03 3.388409967274901881e-03 2.842122533755814598e-03 1.295693176323722004e-03 8.218842238743163768e-04 6.670391658338004895e-04 6.329772006546241633e-04 5.233573159271489271e-04 4.389147945382591257e-04 3.487882409672554218e-04 3.464367396989428733e-04 2.468524599941001978e-04 1.780772395858621997e-04 1.228428567035593443e-04 8.062165907798097913e-05 6.670713811793674861e-05 6.683279589149947447e-05 4.966508907776284547e-05 2.690404688312947762e-05 1.840462710151581161e-05 1.512400451898969959e-05 1.104625924187643205e-05 1.115347178903697221e-05 8.875588800233674596e-06
1.117211796427485491e-02 5.640311208239925586e-03 4.400401666802838604e-03 2.168833745195975458e-03 1.187631603294474680e-03 7.741823692523954739e-04 5.978817986613751837e-04 4.849796427263675363e-04 4.187275043204121772e-04 3.690992920906713227e-04 2.948596160251367891e-04 2.322768042661363115e-04 1.805407061018835088e-04 1.386640080246327289e-04 1.212929010796723068e-04 1.017146367413796024e-04 6.323796294792090984e-05 3.232104233946983876e-05 1.811245144542348234e-05 1.239043823011210732e-05 7.979735997028231657e-06 6.676959306684839014e-06 4.095279574060248829e-06 3.282261900811400992e-06 2.989894579815858622e-06
6.612016425197605497e-03 2.624205820349629053e-03 1.862910291439073352e-03 1.687800080512798402e-03 1.706516109971430769e-03 1.356607486392417570e-03 1.145263106925238075e-03 8.921049487933160578e-04 7.154932890874848416e-04 4.891253645941016307e-04 3.404283079616223905e-04 2.326600071368964461e-04 1.531374247655175398e-04 1.081048958017500461e-04 6.690836413994743354e-05 3.787303535209962641e-05 2.172664010756002724e-05 1.206809857123969902e-05 7.758668050768396815e-06 6.086330043882171576e-06 4.244979508313076725e-06 3.267351637452740858e-06 2.280374001948644117e-06 2.428664638702112790e-06 1.460542678582611550e-06
5.293864087411647920e-04 6.621144434346698396e-04 6.015342631997300541e-04 5.912120878814944303e-04 6.165889094567849997e-04 5.639078886973625465e-04 4.497574545318267381e-04 4.584253350201306586e-04 2.937006632273457475e-04 2.183237098414759938e-04 1.705801945509763319e-04 1.440486542403927102e-04 1.382575155565236619e-04 1.462582981247942415e-04 1.502492233760293748e-04 1.524059887908773441e-04 1.186480024124749843e-04 1.000427888555969629e-04 1.001603121648517376e-04 7.380942934827731971e-05 5.400489055458089824e-05 4.010969531790257092e-05 3.520265991430736893e-05 2.934111728795813984e-05 5.042670914327689101e-05
5.229109570099792909e-03 4.323912259847398007e-03 3.001266059603715456e-03 1.482304676738374584e-03 9.888691497754154534e-04 7.555363162410126633e-04 6.992780888430958665e-04 6.362828910673048533e-04 6.039698529712380108e-04 5.287508520175604855e-04 4.324353849195192211e-04 2.975313187129548123e-04 1.831538416658033230e-04 1.001172101131349973e-04 6.562730698098661090e-05 3.104969565518168032e-05 1.735138892577584572e-05 1.397888465599519344e-05 1.269189615393035590e-05 1.312943353497430549e-05 9.818726897904262897e-06 7.114599921421965198e-06 4.214026466295221357e-06 4.152069798055447145e-06 3.043970823608700038e-06
1.383596407616488957e-02 8.623928345846926941e-03 4.888252544253619651e-03 2.737170709195262553e-03 1.558563445337806351e-03 6.902029922423341983e-04 5.815031987640044203e-04 5.070175032550832371e-04 4.463510645186704586e-04 4.087922194938192776e-04 3.449969026257705424e-04 2.716322637375926958e-04 2.432403831790054885e-04 1.804238652619059651e-04 1.180709484759884904e-04 1.070101784610865867e-04 7.103205449466518931e-05 4.655368656848548107e-05 2.901880199710698898e-05 2.546042945408077360e-05 2.468675815204166929e-05 1.319747152356076249e-05 7.126581777819696601e-06 4.729486352234474637e-06 4.487393053955431684e-06
7.495490915731394411e-04 7.506724462488405854e-04 7.845377513201474539e-04 7.218416601620930443e-04 8.891016342275825587e-04 6.995124236077951158e-04 5.471256035290219828e-04 3.676063692569346846e-04 3.085790782887120622e-04 2.355189071868210972e-04 1.851281223857612816e-04 1.478732057924306753e-04 1.238155164629633175e-04 9.499784593703764857e-05 6.999317649966418703e-05 5.307793803412509339e-05 3.990128450811081267e-05 3.216648114594669648e-05 2.019318174785105383e-05 1.375084712634189868e-05 9.282751313690555656e-06 8.262340632831315063e-06 5.958217126386375405e-06 3.778451919286382351e-06 2.819402616260422206e-06
3.745775637733407548e-03 3.092633798623745274e-03 1.848122840985832625e-03 1.479360042748096606e-03 1.118818759299233453e-03 8.339673208348526287e-04 5.290421173053815214e-04 3.873539300435157825e-04 3.580967900484640092e-04 3.316212387050515901e-04 2.598341893067062356e-04 2.465389728470228055e-04 2.429064812548813862e-04 1.791178883368703856e-04 1.252117909008146389e-04 9.454765787263577691e-05 5.238398438712305402e-05 2.653420767694278864e-05 1.369198606832478146e-05 7.799485814371073306e-06 4.856436160769583308e-06 3.604813185160517465e-06 3.086013581263502001e-06 2.438767233891791321e-06 2.815798412827401223e-06
1.348135610095607803e-03 1.416092169987639938e-03 1.530029761602370170e-03 1.803161706566081424e-03 1.079329103207675227e-03 8.331779811288192970e-04 5.361455170066093149e-04 5.315099637655678905e-04 5.933301506009425099e-04 4.816064423881257894e-04 3.677623198972899661e-04 2.842602231104998482e-04 2.302397289367647112e-04 1.892008735396797368e-04 9.393733765791468192e-05 4.882725947137561771e-05 3.439666064536830683e-05 2.713112262639207786e-05 1.583428983648194410e-05 1.180860373765066383e-05 1.001914117841537522e-05 8.429366201569207654e-06 7.354070848750127878e-06 1.015654677201406066e-05 6.274710605957393367e-06
1.499912924271273179e-03 2.209246464543253036e-03 1.388589302857510524e-03 6.685001237997799297e-04 5.470821196285866094e-04 6.440830597092011721e-04 4.652721739347889622e-04 5.122131619452588219e-04 2.634440434771870678e-04 2.417541760486544174e-04 1.972524967749704451e-04 1.423122526718035804e-04 1.345233027597236494e-04 9.478237478616155260e-05 6.557043008841025001e-05 4.893235591333518593e-05 4.155875156958569117e-05 3.244064540683707233e-05 2.494453065224928477e-05 1.560654352251739113e-05 1.005158928965789392e-05 8.312630974140165909e-06 6.323814138551077684e-06 6.711471532715893291e-06 4.733132690405026005e-06
5.997715284342449577e-03 4.530808534868549509e-03 3.044346888500041193e-03 2.121332023435641527e-03 1.499336966235902254e-03 1.115590991269996930e-03 9.054652527834834274e-04 7.504170316767095087e-04 6.457237407728493766e-04 5.238614046739578948e-04 3.893293503606703792e-04 2.787737549948339673e-04 1.820670249625066205e-04 1.109019710472083686e-04 6.597044283455145194e-05 4.996635075675298388e-05 4.202306811604596679e-05 3.426842489149560847e-05 2.485447186118068918e-05 1.888352007056058322e-05 1.394415689895405680e-05 1.186315875795029090e-05 1.032203620187908716e-05 1.140875028171013071e-05 1.272134854446906946e-05
4.472009221935714478e-03 2.502536849059512018e-03 2.126322645320609384e-03 1.858196284385566421e-03 1.389986873769826631e-03 1.592261064820153782e-03 1.237943299613733375e-03 1.003250547396901914e-03 9.030920772731991031e-04 6.269972421176684850e-04 3.713879857225887179e-04 2.492686545266832587e-04 1.622235508867004281e-04 8.612534013856516064e-05 5.098171677820613712e-05 3.350342888632132880e-05 2.185848790547361813e-05 1.476377348777147852e-05 1.298052189460619149e-05 1.202074319297010507e-05 8.809709329730448999e-06 6.090664337229517654e-06 3.497980668818985120e-06 3.309181169235706606e-06 2.796271332403241045e-06
1.305659900026786419e-03 1.133546288939087966e-03 6.879162427342562025e-04 5.962759936267898481e-04 4.330200505621262610e-04 3.195149724189583077e-04 3.011275263305283065e-04 2.366148214609310242e-04 2.164545767141409457e-04 1.990232652056580208e-04 1.836209964792780331e-04 1.675185636679309793e-04 1.689261096009705672e-04 1.439747303522073967e-04 9.944212067001890001e-05 7.159182739308296106e-05 4.955122056867384021e-05 3.195085330891584736e-05 1.625523602222189070e-05 8.317043036098592090e-06 6.795321818413661379e-06 7.516706988641139467e-06 3.765835787976817368e-06 4.165629254952214117e-06 4.646294900169308774e-06
1.515773739121495985e-03 1.061692273943246924e-03 1.105037072519853957e-03 5.620479128306096923e-04 3.868893103032608038e-04 3.055897885613055457e-04 2.807963449572539912e-04 2.261672641162553875e-04 2.385239637609605837e-04 1.752341580945621774e-04 1.351274879423518022e-04 1.137438678240121538e-04 9.021630292583408014e-05 8.061622471974085090e-05 6.102044942593367200e-05 4.601576150953172830e-05 4.108288114389279223e-05 2.898328932601974646e-05 1.923153973505706233e-05 1.289259764662092614e-05 1.030024991907277495e-05 6.436228460805713622e-06 4.556332961722111183e-06 3.608392927312337374e-06 2.465557116156194176e-06
5.492202568735151703e-03 3.269397003249983891e-03 2.707477444607557602e-03 2.357326717210514802e-03 1.151421761266498752e-03 8.536239711120630199e-04 7.462070262900426590e-04 5.850682225769983933e-04 4.881480362682151454e-04 4.478975457242131042e-04 3.499056584544047886e-04 2.643494800209112978e-04 1.941516136522327795e-04 1.304714755425953512e-04 1.150626202317813298e-04 6.263774306282558833e-05 4.296107252901839923e-05 2.492423173484177909e-05 1.235605413453377646e-05 8.307488749392456020e-06 5.745723367958380146e-06 4.150502366579966650e-06 2.631159986627381858e-06 2.287084282746452481e-06 1.851507843143678967e-06
9.169206110091900064e-03 8.399511182275760587e-03 4.448949199918737600e-03 3.112558531893572667e-03 1.567768186796562359e-03 1.042802454532603187e-03 8.856524421954822812e-04 6.504474955169111013e-04 5.552381449164473307e-04 4.239983672519395544e-04 2.890015894736584095e-04 2.352739658189453636e-04 1.578531362858770146e-04 1.122219646303756265e-04 7.853252128374148678e-05 4.570069230769192040e-05 2.607158971963320461e-05 1.725280253017046186e-05 1.234303038112963777e-05 7.584763450365200769e-06 5.334968990707591117e-06 3.710060096317348458e-06 2.852991458901507940e-06 2.763563406904131569e-06 2.636098784823654292e-06
1.026118843455714252e-03 5.579738104524181947e-04 5.465490621722193191e-04 5.634744873989185401e-04 3.694966294159442513e-04 4.876798893204517841e-04 3.866667672517663259e-04 3.410461261999900339e-04 2.740066547504130452e-04 2.107010514885555939e-04 1.846751662120437788e-04 1.558930331933528716e-04 1.257668024668779153e-04 7.624861782362984052e-05 6.151604798121878236e-05 3.801501508464476351e-05 2.611063602824552877e-05 2.365632692455272524e-05 1.991430391277312410e-05 1.596466796512517237e-05 1.579873283043995390e-05 9.660790795243806223e-06 5.658507534130390265e-06 5.815667862096310779e-06 7.077921549806597031e-06
3.244890489490310972e-03 4.100033179319782436e-03 3.660312491436103818e-03 3.270720839614511995e-03 1.663166164176087432e-03 9.720780019633094241e-04 7.158456850647600209e-04 6.705514118850663344e-04 6.183977996739513198e-04 5.082872519113259538e-04 3.910467795378461489e-04 3.390864032730720530e-04 2.208875528937258802e-04 1.477313377566018607e-04 1.057201001320206060e-04 8.366192261906102217e-05 6.261852956424830382e-05 3.833656976588091275e-05 2.548038866577499267e-05 2.034875526268147233e-05 1.292038014494552929e-05 6.883991936156501240e-06 5.554993275424591811e-06 4.364676039659747943e-06 4.225280967212629947e-06
4.115286869913056637e-03 1.875683026104171943e-03 2.133551180747276111e-03 1.481347237553914085e-03 9.414477577797424794e-04 6.927586228113079758e-04 5.105376258284186368e-04 3.992792732668243132e-04 4.067299367516208678e-04 3.199070009331986936e-04 3.124428027411214198e-04 2.749676575567730138e-04 2.156239949118007773e-04 1.521651440735855584e-04 1.016705960889127615e-04 5.469790387544896303e-05 2.944582962577172705e-05 1.558389699041489736e-05 8.581375838469464974e-06 5.099034067710647754e-06 3.710083242413787288e-06 2.802651766330326776e-06 2.676063740455614638e-06 2.687246483668030777e-06 3.132619194464909111e-06
5.816445205808387642e-03 2.790143340993732953e-03 1.898580316244388071e-03 1.641224065130284133e-03 1.040709523754820886e-03 9.891039657573222777e-04 8.953628211969763290e-04 8.084876817851635762e-04 7.206191295371878677e-04 5.713241725155510055e-04 4.383259397582232680e-04 2.834730134611408540e-04 1.721417691083577343e-04 1.136133426562391691e-04 7.372769246200250011e-05 5.298404867817262380e-05 2.613626200032824747e-05 1.334171523324194075e-05 1.078669544338521627e-05 7.840736806831494186e-06 8.008932027047343971e-06 6.418095023975842793e-06 4.274282173465003635e-06 3.679314751739067069e-06 2.581337949168502464e-06
7.657477716019664774e-03 4.298983633438223893e-03 2.162834996502515251e-03 1.964188748892425895e-03 1.073095787613920302e-03 8.893086884621375634e-04 7.310223388239220528e-04 6.734404848807384013e-04 5.540480110242644194e-04 4.552819690925067426e-04 3.419939118495751392e-04 2.664761883715417007e-04 1.976267316656100243e-04 1.423763270448767150e-04 1.065008184258958615e-04 7.085552884665986253e-05 4.994194608914464373e-05 3.266366576055462512e-05 2.307123105285850331e-05 1.229096181771603212e-05 8.538882891296100251e-06 8.248926252176851014e-06 8.798572529211215825e-06 7.688617059552773392e-06 6.239427570279001416e-06
3.908231557740849023e-03 2.520257558730875074e-03 1.790003023122652744e-03 1.565595959316542357e-03 1.489950755146964576e-03 1.389017379289154974e-03 1.326138634184940599e-03 9.961288531403376598e-04 6.778305840271926352e-04 5.153814526785496786e-04 3.953644114047119378e-04 2.624669391811265771e-04 1.733751100878799735e-04 9.284105645006715589e-05 4.829696427794559808e-05 2.567592010122287730e-05 1.539515841334852380e-05 1.218827778508225880e-05 1.196245805603128148e-05 1.655134694373029737e-05 7.840096928482919304e-06 5.851960487839778499e-06 5.388710786915269626e-06 4.368203688364848209e-06 4.886486485354695607e-06
9.621227866131209713e-03 7.385264367822577843e-03 4.773093358485226700e-03 3.178071524532358715e-03 2.690917101792469554e-03 1.717591692547963287e-03 8.319106822793635898e-04 6.140331115984633747e-04 4.997107055894326908e-04 3.928715694742980534e-04 3.027421752207826492e-04 2.224594676975711206e-04 1.737716964502889329e-04 9.620064933127518453e-05 5.623814285667922379e-05 3.538415132891171451e-05 1.977968937560037506e-05 1.161623494613295302e-05 8.577170268672212918e-06 6.635147507812037644e-06 8.578384463411303920e-06 5.007053479088840422e-06 4.107654371666125602e-06 3.192143734597558809e-06 3.504715463951235746e-06
7.961853680147019940e-03 4.022604981283931652e-03 1.703418341563434383e-03 1.397606752837258050e-03 1.398832934987232195e-03 1.157640442410591162e-03 9.511388576908043650e-04 7.386517298863178342e-04 7.208577228792658730e-04 4.435766488982706163e-04 3.288493672832660110e-04 2.921010697130246468e-04 1.751288536853179195e-04 1.095002139091429133e-04 7.100155663123063055e-05 4.210740201271083547e-05 2.629265953491322669e-05 1.359522056216966126e-05 1.023544832503775325e-05 6.870892586419139578e-06 6.359194381254526498e-06 4.941483516417178084e-06 3.405183434057455798e-06 4.389681233468847648e-06 3.062138392823645745e-06
4.478941061654696494e-04 3.449303264866306648e-04 4.535199565225826496e-04 3.407044102193877515e-04 2.899729568470230502e-04 3.059839113013902126e-04 3.072298049844484659e-04 2.520993320418958637e-04 2.072135278230120056e-04 1.724359935770093210e-04 9.992432639931664664e-05 5.282417034299508843e-05 3.930313719196049614e-05 3.329897384759208419e-05 3.683597957306333233e-05 2.942376173286954954e-05 2.475479358225377821e-05 2.142878159964890303e-05 1.932145853226817521e-05 1.435258715675930661e-05 1.636385879455069716e-05 1.303211787399482077e-05 1.009710294489031204e-05 6.907002121736631169e-06 3.831206430966986874e-06
1.939128625054131099e-03 1.495481260879759963e-03 4.760287033665330163e-04 5.542487094290256397e-04 4.094547974179604528e-04 2.475509666502831202e-04 2.153780487938025321e-04 2.261341502407510063e-04 2.074834775280860082e-04 1.901869412423479633e-04 2.130912269860756026e-04 2.129761794435176912e-04 2.059922849312537509e-04 1.830046567743204332e-04 1.323138031687483382e-04 7.409703617455253553e-05 4.256419960557624328e-05 2.409733263828861430e-05 1.711669655814356230e-05 1.124527413390201366e-05 7.313209254951767332e-06 5.724797613321874572e-06 5.973063949844105624e-06 6.384400883867166227e-06 4.283045459765512120e-06
2.102042590955453989e-03 1.512086848771269356e-03 1.959016703120629050e-03 9.922814952808298259e-04 1.365045039265431245e-03 8.648045695882515061e-04 7.713834938115221064e-04 6.322394652232247872e-04 4.743357029438029292e-04 4.043108456302379355e-04 3.242282432611558207e-04 2.551379297221443307e-04 2.304277970476260146e-04 1.662071642869906714e-04 1.084648345813285763e-04 5.817992932123411572e-05 3.126420069887773473e-05 1.732159821531771812e-05 1.216144155459024210e-05 9.124372541754936395e-06 7.043710365640487577e-06 5.304212172057001584e-06 4.055766207817434346e-06 4.009274131601274130e-06 4.404862293711801038e-06
3.842987010351838709e-03 3.887698556285652286e-03 2.292642944462707378e-03 1.805001528018721499e-03 1.244186946115968329e-03 1.097681096253246566e-03 1.230315388328406161e-03 1.060745156960705374e-03 7.203479233990373347e-04 4.274852925225856534e-04 3.738424423837004079e-04 2.441922957761945073e-04 1.755068569592199994e-04 1.425438759783968280e-04 8.421007546278645956e-05 6.027986948871606277e-05 3.512946505026951546e-05 1.831900159788652166e-05 1.299292893076318966e-05 8.024500451139253955e-06 7.016997848624100370e-06 8.908590357769527942e-06 7.437339027968983817e-06 4.854130063718746559e-06 4.626258238563206172e-06
3.166920680239809077e-03 2.766076983967093259e-03 3.840490141309331213e-03 1.908178393404361345e-03 1.753107987693056308e-03 1.052199578463954227e-03 9.766258783145040888e-04 9.157876530630331682e-04 9.382475743703622703e-04 6.743768257648373367e-04 4.478637301030739229e-04 2.985000983274671451e-04 1.667622583704940400e-04 8.059964611802486521e-05 4.539460709096464344e-05 3.220406235558284723e-05 2.232559410403465208e-05 1.606661750767597604e-05 2.342269842634868727e-05 1.912810133049307930e-05 1.426745386202660606e-05 9.150955401414000514e-06 6.778463876731486875e-06 4.980419051153719926e-06 4.794691247920624155e-06
1.339349339834507201e-03 1.273060275639121891e-03 1.160687730818316327e-03 1.770621314179336410e-03 8.128283876813293448e-04 6.863153641793359435e-04 4.634832365102132634e-04 3.626649757279411072e-04 2.927028762334364935e-04 1.828832613586052805e-04 1.429464138778268635e-04 1.205929136969834841e-04 7.831656140676538226e-05 6.966254499649930329e-05 5.764184370087959271e-05 5.044555402154930198e-05 4.626015579516149482e-05 4.306103842441622980e-05 2.762844687322069923e-05 1.635173897852559518e-05 1.013920225746663160e-05 9.544439529835189916e-06 4.900760640003033328e-06 3.283579169747226978e-06 2.399587245409523563e-06
3.502770728830670397e-03 4.763358321693731204e-03 2.862575216611018634e-03 2.412313110780360710e-03 1.336578548692163044e-03 1.054235096121569192e-03 8.256938178277497056e-04 7.460765768288908899e-04 6.497208187539832381e-04 5.052885400234787385e-04 3.983362452758569734e-04 3.056483407998991501e-04 2.294647930016821937e-04 1.750217964529016807e-04 1.047843397206260250e-04 5.701618111297474667e-05 2.889037178671726022e-05 1.793281484295944768e-05 1.484439122673860241e-05 1.928396608464031682e-05 1.830324999698882291e-05 2.087929566087672322e-05 1.790920255272192399e-05 1.610231453886021784e-05 1.002007853213206308e-05
1.214614941808450470e-02 7.163284359552583684e-03 5.247210064117895437e-03 3.542385800475513023e-03 2.471853273063358801e-03 7.489329625746644035e-04 4.958193438376940930e-04 5.313807396854573328e-04 4.573302344607334214e-04 3.267912685916833952e-04 2.701481325685314047e-04 2.225206203050172351e-04 1.618943227831848839e-04 1.081735826967757547e-04 7.639466735247396904e-05 6.999417289686562843e-05 3.519799414698461873e-05 1.802324236244734839e-05 1.174596181093022685e-05 9.274745386934612345e-06 6.010942163233532987e-06 5.229946675528030716e-06 8.680551060725113862e-06 6.449277164229585725e-06 3.941026741035164953e-06
5.409124754259644723e-03 3.917852060116918701e-03 1.662287590773951816e-03 1.624315105273888655e-03 1.252765159978155374e-03 1.196441560181268470e-03 1.089751354988173753e-03 1.033231058279368651e-03 7.645851625122905429e-04 5.953247652402277870e-04 4.356604549833269333e-04 3.423383675389321513e-04 1.790210532504180106e-04 1.257090818410872641e-04 7.615102961394695194e-05 4.019723906723663033e-05 2.577024650982868561e-05 1.793842131790182433e-05 1.369577650518152172e-05 9.183493907787376693e-06 5.665140680585672834e-06 5.924119432254886543e-06 8.844562103423127104e-06 1.446677726199272740e-05 9.444057220037869319e-06
2.361064581426324145e-03 1.269493048128016556e-03 1.121074565573645324e-03 1.171027821545996212e-03 7.633065112007505126e-04 7.299482581104843864e-04 3.873645711775416381e-04 3.498317731283919732e-04 3.191426604480639834e-04 2.916361244354553320e-04 2.589577023473792379e-04 2.457721430753371183e-04 2.183625600800906169e-04 1.583875578362227844e-04 1.112526851032519324e-04 6.739115633028972940e-05 3.690521888401621792e-05 1.869170387824245640e-05 8.655486779497243888e-06 6.042714841205465332e-06 4.128831570741347936e-06 3.803749331223401141e-06 2.600663041291942202e-06 2.763976942352956647e-06 2.265313249491360670e-06
8.214906091720129006e-03 5.724430998549918069e-03 3.006815799792493006e-03 2.077118856774480549e-03 1.584129909958266165e-03 1.108805221170192871e-03 8.572875633957668679e-04 7.894861499347273362e-04 5.115842317775831692e-04 3.870420109770602289e-04 2.995992942713860698e-04 2.513223529831631019e-04 2.222777568623241157e-04 1.484271938114252085e-04 8.580050731785086719e-05 4.013580395002213600e-05 1.850672115696163679e-05 1.110403077027520389e-05 9.749619861843444651e-06 8.640756873912985549e-06 8.967402795413135215e-06 4.976989582194327634e-06 2.749989148289152011e-06 2.427018212697716083e-06 3.578212189212999521e-06
3.251548315490024668e-03 2.471829752790278504e-03 1.401986116841954328e-03 9.664853144859002123e-04 7.566220261636456661e-04 6.105642404276068235e-04 6.151595104064578722e-04 5.716666336822145283e-04 4.320499301546867768e-04 3.982609263722254557e-04 3.663619620965334611e-04 3.302135153256550775e-04 2.693757399978184220e-04 1.717241974352426317e-04 1.133639959184975105e-04 6.985403998512089907e-05 4.067817917951660071e-05 2.059260924000055274e-05 1.359800622129169326e-05 1.023164009763947989e-05 7.815245994813996888e-06 5.630621681725347466e-06 3.486794247533650454e-06 2.856259965140800182e-06 2.177879564585558453e-06
6.443182980919938581e-03 4.059258508655731734e-03 2.167099809536132595e-03 1.463122894494385540e-03 1.221307152440322119e-03 8.955704441815064013e-04 8.715032757215391678e-04 8.413931890389653211e-04 7.640093762844243647e-04 5.067383044877152732e-04 3.502806513178950850e-04 2.659414971428175341e-04 1.821582684910032202e-04 1.488673318807481535e-04 8.573703151710021834e-05 5.914517104332718349e-05 3.203521499474954994e-05 1.977754647332555232e-05 1.284070022391223353e-05 6.958784318131344581e-06 5.977338327953316253e-06 5.036669224740573346e-06 4.813305229465603374e-06 2.464208198911107961e-06 1.751470476278657249e-06
5.822916026261716789e-03 2.891648833422266231e-03 2.151947474192477359e-03 1.545072260412323631e-03 1.073679426741642150e-03 8.074478048242011898e-04 6.774148765548579842e-04 6.095010098820961494e-04 7.163790767080006894e-04 4.199608261609160840e-04 3.478691236249483853e-04 3.009889295802135574e-04 2.050111253212148917e-04 1.345715945289643585e-04 8.890727374455269542e-05 5.547375027424578917e-05 3.322895452866332595e-05 2.164939228901405319e-05 1.705734809326727024e-05 1.394287181768296658e-05 1.275066980279289070e-05 1.087200544617504265e-05 9.070659089624351763e-06 1.046179391664533312e-05 6.649210011655222979e-06
4.005883275387415142e-03 5.762154486512854543e-03 3.464896510649909805e-03 1.623832473585161721e-03 1.642452866947620438e-03 1.558431942558379099e-03 1.108657881368194228e-03 7.116716490222524828e-04 5.800126889432708974e-04 4.139559443126109386e-04 3.116478349154528748e-04 2.939548803860778125e-04 2.290134916078327817e-04 1.259709868431163810e-04 9.670327408457384281e-05 6.370207288591787638e-05 4.207706338632550950e-05 3.603937946134875479e-05 1.303628122365033939e-05 1.140668298592462539e-05 1.247506653576708452e-05 1.403272928723547554e-05 1.116816282350497097e-05 5.738268761131027788e-06 2.960827907661355492e-06
8.954874753017958572e-03 6.507352857250850268e-03 3.601365125946734413e-03 2.758545893703091400e-03 1.827285473763919045e-03 1.241615901470333443e-03 9.871471856167327724e-04 6.610221318849522198e-04 5.432502953944908820e-04 4.059495920280504024e-04 3.271669019716628773e-04 2.467690015372754424e-04 1.871323977068491530e-04 1.420445584161772554e-04 9.299215322329365183e-05 6.571420075919072641e-05 3.365357263393528966e-05 1.680475396857699155e-05 9.616474550671278234e-06 7.402690773868737916e-06 6.304505053464289211e-06 4.897482857473427975e-06 3.546783683669576440e-06 3.488396102863763089e-06 3.683745681832400021e-06
3.018662702924712875e-03 2.204010633718245151e-03 1.828709499050325564e-03 1.181252540252732998e-03 7.441520290761460994e-04 3.833722061775845960e-04 3.153965170947262099e-04 2.321484408829088762e-04 2.422216313955285094e-04 2.484842901136893531e-04 1.577909250666035244e-04 1.331177399476848639e-04 1.214831084448495381e-04 9.717398056093420682e-05 8.025284780042901190e-05 6.249298474318170271e-05 4.584662098944947947e-05 3.097883398686168070e-05 1.609037099270740713e-05 1.262899245569836085e-05 9.989259489673370991e-06 6.339564120253087212e-06 6.099044061987575221e-06 6.336654398174798589e-06 1.233254161581037586e-05
1.468630209814325484e-03 1.172325093175753024e-03 1.048469569849381014e-03 5.539320405103106363e-04 5.742772694220595227e-04 4.003982034678254306e-04 3.856613486266858757e-04 2.665437499983151878e-04 3.613103469920659889e-04 3.922261858936012071e-04 2.071004248152429799e-04 1.651464122136274025e-04 1.614405619768857075e-04 1.426289946435877929e-04 1.041388625395827652e-04 6.533508393406316087e-05 4.326795755628870733e-05 2.212865659726859964e-05 1.062749732818139374e-05 7.189870556874548705e-06 5.019147580565900334e-06 4.494434410210153746e-06 4.255226748562711492e-06 4.189428803928065677e-06 3.987307270809109837e-06
1.480359575584809084e-03 1.211563809866009027e-03 4.958793662540425702e-04 3.457749007876649181e-04 3.135230964765180857e-04 2.421490986863775261e-04 2.127894722629284014e-04 2.188460637207335219e-04 2.376710490393557824e-04 2.672802552150009363e-04 2.605189985949755917e-04 2.797171260861422513e-04 2.662184195973126021e-04 1.940908994636428970e-04 1.243478356922992094e-04 7.254458767949198623e-05 3.657783034595726086e-05 1.704051188847223238e-05 9.215603144281823834e-06 8.627572897011154189e-06 7.130184546306235861e-06 1.217330761729165036e-05 1.081418602542619158e-05 6.263923571933151131e-06 6.460270153015301912e-06
1.264002176485165031e-02 1.151121710175556645e-02 5.465391112806351932e-03 2.978719544047430268e-03 1.657030487962323851e-03 8.795758463034568462e-04 5.994301802708600600e-04 4.380083783448319025e-04 4.082530756455010081e-04 3.540112572153626116e-04 3.061389153787228692e-04 2.443182975816266997e-04 1.816367239241976537e-04 1.327860760257898562e-04 8.578581979443030369e-05 5.253438153988004155e-05 3.584403498102196265e-05 2.056306404893766857e-05 1.590622356441906255e-05 1.386295217099415242e-05 1.682215015055452904e-05 1.136165533593970118e-05 5.930861413050253553e-06 4.209342975817592852e-06 3.430763467776054948e-06
4.933511999729293940e-03 2.365664383165311940e-03 1.684388943402268402e-03 1.602294203881826770e-03 1.417336909109951108e-03 1.670124160835848156e-03 1.263934853532313598e-03 8.989456706510198054e-04 7.141072323734428198e-04 5.678911509741104389e-04 4.101438103433038720e-04 2.870684870235680908e-04 1.653419525283411704e-04 1.057806538266923386e-04 6.645510009333208720e-05 3.821223649301771396e-05 3.177219539214601226e-05 1.795748730234661807e-05 1.472030546619996716e-05 1.301272608885411809e-05 9.973576951634790665e-06 1.038381001549119527e-05 1.229659978191635167e-05 1.056868669317244578e-05 7.838802393719495110e-06
3.007304246951847133e-03 3.136387684192866888e-03 1.434431314973311005e-03 8.966881522468244997e-04 6.649418443162679986e-04 5.806306651019593496e-04 5.313026317787613488e-04 4.935270063719671965e-04 4.564922305396682672e-04 4.308002614235101812e-04 3.334397968681782586e-04 3.022976547307166194e-04 2.159152899598551533e-04 1.366363374787381898e-04 7.810915514155897634e-05 4.774975391283154357e-05 2.616937433760544484e-05 1.413378895229447253e-05 9.776789605738924884e-06 7.592885065827850301e-06 9.264530786302790200e-06 9.930519369271724253e-06 7.021908114647200144e-06 4.403623745720692604e-06 3.687580417486239760e-06
4.673485450772146832e-03 3.211564179396058424e-03 2.479811843758556247e-03 2.320145515148638177e-03 1.771963904556666863e-03 1.570783255856847502e-03 1.184841494143818157e-03 1.023863950859007707e-03 8.099741608488097294e-04 5.363035141621177396e-04 3.824442671822095839e-04 2.574434276650644352e-04 1.503788283051223020e-04 1.025430812833776089e-04 6.708784539163475122e-05 4.771686260738142746e-05 2.807180736048524899e-05 1.788549239546588819e-05 1.223895490735862534e-05 8.759954007771457820e-06 6.665839034942887134e-06 5.686048044929858015e-06 4.446877587837207208e-06 3.397349254423707279e-06 3.071761646730843705e-06
1.351598616550000369e-03 1.123643188180127204e-03 9.192305601099221403e-04 8.286846657834290352e-04 7.568105830045316002e-04 5.538637607456540048e-04 4.256548428227461926e-04 3.733303315836513292e-04 2.405426662062276643e-04 2.544343463472842370e-04 1.806437811430929431e-04 1.455784802927740252e-04 1.068368307838864738e-04 7.916867836857443327e-05 5.637821845581350545e-05 4.226023517520312875e-05 2.753959888336000934e-05 1.956459526318221555e-05 1.451509620569999126e-05 9.965896792895959224e-06 8.416463973332861376e-06 6.625318664151391742e-06 5.968839758211304167e-06 6.198236043062400698e-06 6.139958996699648786e-06
4.506806073973462258e-03 3.935038810979927387e-03 2.303059589930471322e-03 1.820994321130626472e-03 1.361322783705777020e-03 8.558419448575636974e-04 7.090842706597589445e-04 6.685111311779031720e-04 6.139166535332788669e-04 5.734360775151420677e-04 3.993228230981721630e-04 3.114631896650097136e-04 1.994399953007317374e-04 1.080470044252430402e-04 6.692335394057557466e-05 4.933126466667821437e-05 2.906150952562971485e-05 2.186783438336222684e-05 1.154987237219118412e-05 8.776941081147016154e-06 8.200622559988820419e-06 8.012146788988384763e-06 4.994168542749954498e-06 3.959999983216669157e-06 3.783059960999317039e-06
3.441644466261658836e-03 4.030688495138050505e-03 2.545355832337088588e-03 1.804163338101706909e-03 1.279091468371100363e-03 1.287341645356539482e-03 9.992573044592142732e-04 6.528429202706759020e-04 5.392745734188166213e-04 4.540488181966117272e-04 3.623463510657911734e-04 2.656685581722176932e-04 1.715421302320191844e-04 1.108319744504400131e-04 6.893083738814673113e-05 4.508593235629808257e-05 2.657963893851284035e-05 2.089821248871889006e-05 1.378874547327361695e-05 1.410432926219226997e-05 1.689941181333970416e-05 9.963754938103346509e-06 8.407841855415144498e-06 8.693831122425576155e-06 3.566839575562980424e-06
8.326120451340024821e-04 5.791758240741711221e-04 5.653568824947101607e-04 4.206983523072823088e-04 6.405691713156347594e-04 4.947419920668893979e-04 2.783655582092513735e-04 2.291137035556798610e-04 1.310989047051254962e-04 9.738431322049023601e-05 7.511752006297912399e-05 6.204374051608289007e-05 5.967889585807950554e-05 7.323460088822418502e-05 5.832754451998679803e-05 4.855018510985164914e-05 4.124181122726452222e-05 3.023623470183748336e-05 2.300085152109432484e-05 1.825223936734552899e-05 1.328820416448800317e-05 1.097566676101024722e-05 1.003267920662954437e-05 6.409379183527164902e-06 4.559831328377842851e-06
6.949900294225597186e-03 3.764486249156690119e-03 1.873464448334307645e-03 1.471775748924674049e-03 1.380117067049720743e-03 1.168288335290308720e-03 1.097422506894306501e-03 8.042634098886791445e-04 5.719722174501852639e-04 4.787601574191823481e-04 4.562939555038681154e-04 3.270452287201176984e-04 1.883254178052772563e-04 1.092563812559243857e-04 6.725044848078460874e-05 3.983769639076765453e-05 2.356831880707127981e-05 1.296719745798394365e-05 8.535804649693850326e-06 5.818782076914797994e-06 5.393683708763607301e-06 4.528145509515468378e-06 3.333046332553663549e-06 4.199765629214170321e-06 3.177069790021936392e-06
9.121720935400307387e-03 5.584201521155338944e-03 3.765656808179528112e-03 2.657340921394707282e-03 1.975636889499214968e-03 1.509372602241867414e-03 1.027906965599514715e-03 9.746014390808953017e-04 7.885132270373807753e-04 5.354738469425862277e-04 3.499192906774493093e-04 2.196865343877523889e-04 1.492971815954962397e-04 8.951008980933293242e-05 5.213310000500430858e-05 2.905283916164562034e-05 1.786709764976625379e-05 1.468438230264260062e-05 8.344814713716547979e-06 7.058934843436746869e-06 6.381799686122915872e-06 5.626096074397390761e-06 3.863788613301856551e-06 3.700033963816256642e-06 2.945426793756824671e-06
9.415441159622315453e-03 7.092011941743503987e-03 7.154177138019669757e-03 2.639089874525174344e-03 1.174372686555977350e-03 8.702566807864539275e-04 6.339610375867233902e-04 6.451485976334163982e-04 6.018939198848815295e-04 4.654926340880109607e-04 3.939119917065146410e-04 2.864561547255730484e-04 2.248248181795246337e-04 1.630043305223156122e-04 1.105093014871077621e-04 6.725826663422961385e-05 3.715091494039535338e-05 2.132594267182566625e-05 1.903971367258447777e-05 1.179380986713627655e-05 8.638939969685309825e-06 6.264776324979351159e-06 4.501085654470153933e-06 3.456595068909720134e-06 3.845564363255116666e-06
8.189182780565922373e-03 6.716783187118807903e-03 4.143437397147148316e-03 3.158553190220961954e-03 2.343462916109063758e-03 1.953153713563107480e-03 1.064552267044100017e-03 7.111123740555795516e-04 4.787613840868198772e-04 3.616520430203725963e-04 3.055020852990042728e-04 2.376969524161113049e-04 2.093762597436361276e-04 1.230557317952221913e-04 7.859190727662457689e-05 5.014532250900761333e-05 3.180683124961561538e-05 2.048298331439183368e-05 1.685432948182342470e-05 8.163207105987359922e-06 5.923863763019863021e-06 4.323213402276401757e-06 3.736537836332414862e-06 3.938027684730885542e-06 3.900625699738686975e-06
8.580369181303539039e-03 6.187542833350510862e-03 5.249250839113522166e-03 3.665058525810249625e-03 2.437425829235993682e-03 1.549947528381419434e-03 7.804778962116645747e-04 6.010996737834092872e-04 5.040092310626239280e-04 4.412804922501782309e-04 4.529617328632442002e-04 3.132743942471278870e-04 2.051894522184266492e-04 1.234915102589297954e-04 8.144463981001687171e-05 5.077154041097710233e-05 4.907508263508945879e-05 2.652696486679295213e-05 1.817311806378704575e-05 1.500923751924941950e-05 9.534144490416693771e-06 5.999098547374988052e-06 4.613027945718973178e-06 4.845263459498288008e-06 4.275925794872677905e-06
1.273098303294475106e-03 1.233827665866905291e-03 9.029443324457359045e-04 7.880167116968509735e-04 7.067939881608704521e-04 5.383471090726296183e-04 3.428470388745011310e-04 3.093326812290391067e-04 2.704848152941254861e-04 2.199060777434349179e-04 1.941208428377517580e-04 1.605509402968543760e-04 1.397224846982896983e-04 9.118068537705238468e-05 6.397743905079055708e-05 5.622038689195162249e-05 4.810956459016955462e-05 3.877095963208353056e-05 2.640589423419997594e-05 1.668921945481912985e-05 9.630791374989550922e-06 5.864084948093245973e-06 5.545800839421312165e-06 6.734889321335741205e-06 5.766992728287073755e-06
1.015795237781798484e-03 6.329661527842548631e-04 4.597910458755901947e-04 4.076022983035506079e-04 2.877187656017947555e-04 2.660569246123824553e-04 2.306234399615435737e-04 2.139306493020480613e-04 2.155158088527769650e-04 2.280810708832833877e-04 1.758417798807300762e-04 1.411953476302363298e-04 9.925513327829111091e-05 6.746407990697554375e-05 4.137028872659535839e-05 2.914889898956284510e-05 2.430422191451717443e-05 2.049669603650163007e-05 1.790913662129728394e-05 1.471338516967653825e-05 1.305973191512878493e-05 1.144266255589704469e-05 8.418016510950702668e-06 6.037499121308403736e-06 4.815418897143556764e-06
6.463248310020075146e-03 4.082125613027118467e-03 2.689142389100835154e-03 1.415066155001507486e-03 1.112265927822434419e-03 8.089687093242518660e-04 6.231429187017947921e-04 6.111677943089305039e-04 6.586781879153636061e-04 6.137688415504473794e-04 3.692370150866210957e-04 2.276541045920592830e-04 1.592569584979623503e-04 1.159485956634281911e-04 6.970341494297262099e-05 4.179494260123935129e-05 2.564021441784306444e-05 1.752449587728210079e-05 1.120498428129585201e-05 7.666936961379599460e-06 5.192355552511874881e-06 4.592299085515764314e-06 3.991386991584727542e-06 3.110093365608639815e-06 2.371702800663338693e-06
3.796861906828564396e-03 2.964717857800950890e-03 1.878870413914753316e-03 1.950636185468358720e-03 1.701294815980928122e-03 1.234095590003729190e-03 8.639370187925977463e-04 7.241380549502611768e-04 6.473576361929747006e-04 5.877831415170897472e-04 4.351276404607528963e-04 3.010481567616912963e-04 2.176499079323711749e-04 1.536141139029041679e-04 8.999505197621067009e-05 6.662319815551055713e-05 4.723871939820323030e-05 2.633833729727192466e-05 2.112519174527735226e-05 1.125130716853428712e-05 9.161367843887578292e-06 6.955798911059303671e-06 4.230116717231655814e-06 3.021521052619134416e-06 2.680700139240915008e-06
3.426201484816939879e-03 3.665719493036628893e-03 2.800684567658926708e-03 2.061116295091237460e-03 1.483216210337217136e-03 1.275129189875043919e-03 9.864355341207455951e-04 7.940821078608866629e-04 6.145596609800694880e-04 4.364050817962244230e-04 3.214746632432120658e-04 2.448733151696580023e-04 2.148690243295448541e-04 1.224181669108191021e-04 7.373787317192486280e-05 3.975769670286162711e-05 2.294781316411136261e-05 1.518447908228360885e-05 7.697540895727722642e-06 6.102275415297555340e-06 4.813836610235402317e-06 4.721397873254699875e-06 3.539659407817172487e-06 2.722837109768836391e-06 2.016404318996246771e-06
3.921262144452042353e-03 2.867604664130008526e-03 1.726335066062543088e-03 1.351644189638939253e-03 8.655803112944299204e-04 7.796820563462093486e-04 7.602622811615027641e-04 5.936166670171938008e-04 5.154123543671119663e-04 4.361385361579214227e-04 3.478094638882451759e-04 2.619751837538319863e-04 2.110510148991285575e-04 1.763002090938816161e-04 1.350859282192740248e-04 7.835394959075212722e-05 4.180058648973802708e-05 2.742022147454245624e-05 1.868522697731837107e-05 1.853279174585262406e-05 1.691735110689610103e-05 1.588038263021950808e-05 1.260900193810489480e-05 1.052895880606974827e-05 7.804151876616650244e-06
6.776860750566278402e-03 4.245964217849201860e-03 1.976527627380354323e-03 1.414145613940902355e-03 1.190605624886986302e-03 1.118165175185123093e-03 1.092546762627473770e-03 9.997268571120818733e-04 6.991176544116266354e-04 5.486065272864200240e-04 3.607058235245347083e-04 2.776201608988977361e-04 1.891170110727734613e-04 1.140147958862939046e-04 7.032636239514807389e-05 4.721303474621873667e-05 2.122260205849894936e-05 1.492689963982668916e-05 1.042298139696543613e-05 7.384088042560657658e-06 6.007992107509787806e-06 5.220052353147571416e-06 5.799350304271841722e-06 6.199059247038975955e-06 4.143131178461791776e-06
3.054190659197054177e-03 1.530523351563639741e-03 1.631076365045144253e-03 1.142621516864573408e-03 8.111918067888410902e-04 5.751461241999616340e-04 6.582214141275590262e-04 4.238121734139039783e-04 2.888370462759910816e-04 2.244625869226382641e-04 2.085128677566966025e-04 1.927518412570943256e-04 1.797868586614385044e-04 1.608641999281126497e-04 1.235492329303753518e-04 7.931850111919822261e-05 4.370230170843983017e-05 3.011061908433438950e-05 2.474159132133266770e-05 2.065270294845936096e-05 1.619722489091393329e-05 1.476421473557066538e-05 1.115759141575653214e-05 7.686813776054760502e-06 5.842381441416714033e-06
2.072050426599171113e-03 1.323093476326515569e-03 1.087426155576137754e-03 8.053014437866120798e-04 1.124698867024156827e-03 1.366947143796167548e-03 1.015332925101542546e-03 7.240948873078426485e-04 5.522824384943171051e-04 4.358779579097455986e-04 3.825359399977860259e-04 2.984499603184152306e-04 2.228777598404046404e-04 1.268819700569351360e-04 7.987014731732802026e-05 5.590784936487650566e-05 3.378683083508677594e-05 2.028069495732683601e-05 1.103252010902329069e-05 9.468332753644569371e-06 9.245385177419016551e-06 7.953116720019413798e-06 8.658424149930642947e-06 5.733129046401717995e-06 4.483091407842507428e-06
6.626819136050700158e-03 4.220094352227088397e-03 3.872406924184810389e-03 4.262535434184878610e-03 3.430213509898861948e-03 2.687104315347897156e-03 1.217117665548514069e-03 6.709849111123163557e-04 4.946441196843977305e-04 4.029458350072873118e-04 3.272666772515211877e-04 2.395427860580072639e-04 1.675684281210325409e-04 1.082222744050066195e-04 6.589559522351593444e-05 4.262401792098122444e-05 2.979459592218323903e-05 2.272673423845090478e-05 1.463002322771793007e-05 1.247424747021800634e-05 1.040660773175786898e-05 1.153210904511674123e-05 7.155622326520645352e-06 4.601867643786552657e-06 3.474396811962221919e-06
1.928472023688716222e-03 6.795988386201745049e-04 6.212832407563690859e-04 6.152513199449608601e-04 6.055506122654800158e-04 5.036035001355853268e-04 4.870962704804384616e-04 2.568238136253359863e-04 1.720175513241184960e-04 1.427808993875128818e-04 1.258467212141030746e-04 9.195509929166393063e-05 7.315442740529260650e-05 6.104893067502091119e-05 6.628659573032572852e-05 3.746429109621137078e-05 2.740260258405876806e-05 2.017235504024258319e-05 1.534334906973444716e-05 1.185147428739061724e-05 8.595346714534708547e-06 5.766321751755515253e-06 4.509283639725364090e-06 3.411370426752422481e-06 3.547206684183414184e-06
7.073463822086205853e-03 3.210299108656972968e-03 3.287190024572908108e-03 1.849979115192913227e-03 1.344677852938621710e-03 1.102327393291421950e-03 9.016802276164545202e-04 7.423125237629008520e-04 5.497594898223004834e-04 4.475452544488169818e-04 3.591521126345903546e-04 2.735986075833876327e-04 1.834515112915710957e-04 1.165846581106726274e-04 7.780585260383917842e-05 5.099908651088609868e-05 2.968637393038189767e-05 1.790812887059301499e-05 1.266951164968421098e-05 1.208434067710226793e-05 1.541473368338387817e-05 1.151180916440742480e-05 1.184504533611465630e-05 1.429482209154374741e-05 7.860776130123734362e-06
1.358434746349314543e-03 1.130520178355748449e-03 7.502278748040559211e-04 6.284724640782127442e-04 5.501849455745750229e-04 5.433211838543187434e-04 3.257011437675255174e-04 2.344324187696059819e-04 1.733835214157962716e-04 1.482676388585972582e-04 1.297013756694167684e-04 1.369395279421961294e-04 1.474850065159215252e-04 1.362541002234794046e-04 1.172812734483987755e-04 9.273261705982201392e-05 5.771567075901988650e-05 2.525210200717702247e-05 1.017016126991951319e-05 8.331399293434356220e-06 5.052799753100021448e-06 3.399704982335627384e-06 2.645753744325350080e-06 2.479737853381535975e-06 3.348487682069359503e-06
3.314808143895445289e-03 3.437654248139933137e-03 2.718979172390713090e-03 2.008494822975079568e-03 2.060824579804214352e-03 2.207553051612044619e-03 1.782394975470922432e-03 1.091468392817930046e-03 6.062088786240782314e-04 3.944371173177611692e-04 3.547633781583600047e-04 2.305798164585071825e-04 1.475969494604633227e-04 1.168359382532010461e-04 8.393072493601656196e-05 4.783751984593395516e-05 3.617194021540403719e-05 2.220425869370913020e-05 1.552802813337962631e-05 1.183874378774142187e-05 1.212327469566975217e-05 9.726213792174301801e-06 9.436198926330813892e-06 9.744098321324621737e-06 9.379251757499327982e-06
4.477765105915965105e-03 3.027204620818403982e-03 2.803212502689549513e-03 2.185907873899459695e-03 1.703545281950475439e-03 1.519374914140050967e-03 1.280597453068932920e-03 1.264021826682968112e-03 7.654368508077726311e-04 5.276849870311871955e-04 3.384767665617762844e-04 2.397811687739614137e-04 1.819683614573260554e-04 1.193231125464815296e-04 6.689059507781260636e-05 4.536065531404648895e-05 3.063252740773850875e-05 3.173642294364730409e-05 3.848143859343651870e-05 2.092471429822583481e-05 8.437193118384682662e-06 5.709245222508409761e-06 4.786614730657954769e-06 5.324083195836043233e-06 7.882233660230768431e-06
5.092279217410781121e-03 3.314166432925339575e-03 3.594349983667444962e-03 2.361714517596024202e-03 1.566614028345573095e-03 1.308650829403666151e-03 1.123507354045435482e-03 1.213728435137957423e-03 1.118510003045115235e-03 7.002540716494051395e-04 3.847123002732277222e-04 2.631656873014474093e-04 1.892197171940754959e-04 1.529913084241581471e-04 1.010633795838435963e-04 6.974090102248935944e-05 4.889938231836537548e-05 3.957735488769724305e-05 2.940112433090353553e-05 2.875744047729612645e-05 1.661941820942468279e-05 1.007143896714724084e-05 6.183891151019704501e-06 4.410257476557679984e-06 3.525175999144825280e-06
1.185470563404196660e-02 6.724746951422648326e-03 6.516925397772437185e-03 5.144652720038945561e-03 2.166612494784990375e-03 1.230284788512982230e-03 9.469566572827679178e-04 5.835924689232251930e-04 3.941866026216061906e-04 3.542205895694619695e-04 3.156408682766996239e-04 2.568613667723385671e-04 2.151953586667318418e-04 1.585396579480225290e-04 1.192865090335533282e-04 6.975040135924941230e-05 5.282283882933620209e-05 3.513157317365537483e-05 2.395451188012704208e-05 1.375314518869261513e-05 1.485517246721644810e-05 2.031911804930338150e-05 1.915967444346986046e-05 9.539862422903087237e-06 5.728360691361018885e-06
7.562309920655907111e-03 5.035769014530809551e-03 2.431315996000436071e-03 1.964462143717376260e-03 1.806490086390965350e-03 1.293810495018260596e-03 1.084823384437563982e-03 8.199734641449558589e-04 6.456129699503295252e-04 4.549350127079425615e-04 3.562794358552842460e-04 2.522429257773576758e-04 1.770337635076325486e-04 1.190688091756043080e-04 6.431596197015636100e-05 3.160505277956569088e-05 2.065583374856792850e-05 1.039259902289992198e-05 5.755440319708083358e-06 4.665952760594301650e-06 3.944327953623048368e-06 3.031256326812218901e-06 4.398108755204851501e-06 4.184065109777587949e-06 2.507655865730277110e-06
2.956135456026028497e-03 1.690334807475069381e-03 1.683257107973860607e-03 1.487633185251888406e-03 1.252211990098713555e-03 1.276672586406129130e-03 1.099631880698413288e-03 1.104971563543936941e-03 7.517108606987959237e-04 6.200713870932893137e-04 3.411553311143294726e-04 2.408511905569210338e-04 1.519904491245496845e-04 9.682257808853647466e-05 5.509748595852970122e-05 3.505698642790332670e-05 1.981792517350932617e-05 1.307657083363799946e-05 1.171730629035362120e-05 1.168802010746803053e-05 1.109049417338961132e-05 6.471565396458223068e-06 7.397664558913364832e-06 5.717620430889522555e-06 4.045082649123934985e-06
9.641576773627041561e-03 5.409939409827768837e-03 3.833191375826526699e-03 1.991597052696800381e-03 1.322541529653986896e-03 1.271429398288700984e-03 7.135850232275657914e-04 4.674500999585674702e-04 4.487842407120253225e-04 4.987169561725487586e-04 3.591219265573060925e-04 2.804897359583536981e-04 2.107701805417628985e-04 1.559449669923176907e-04 8.882557210205850736e-05 4.567852861221765004e-05 2.488966737359645098e-05 1.270836141707988226e-05 1.040459402501434039e-05 9.191849294000612521e-06 1.370342457048094270e-05 5.767028988420471947e-06 3.680686630000789187e-06 3.156390660215208170e-06 2.649047710067951126e-06
6.168921009806381354e-03 4.572698596738638578e-03 2.077663576037709712e-03 1.479587863935378621e-03 1.230402925594435096e-03 7.493172679786182407e-04 5.723511674230260951e-04 5.005904898537891267e-04 4.054934501976965476e-04 3.543516795262337672e-04 3.252588150717050978e-04 2.864943850733070473e-04 2.382321971927851096e-04 1.673326259425129265e-04 9.792187193880585246e-05 5.653922608283404224e-05 3.880222490949459835e-05 1.977556796133077076e-05 1.019476487842779914e-05 7.091726246089213669e-06 5.069836614302683180e-06 4.079511211500694495e-06 2.832733757742392990e-06 3.356407666802040490e-06 3.231634323299766441e-06
5.930781028056917236e-04 7.929477606272524902e-04 4.446019993577262730e-04 3.688335167199896557e-04 3.048589220173581610e-04 2.454006803302946518e-04 2.367507058354411287e-04 1.879729587476233743e-04 1.493930420060685701e-04 1.446726867082727516e-04 1.045852269173944095e-04 7.216690100938877534e-05 5.571821763130901511e-05 4.481595691217483480e-05 4.353768732446740812e-05 3.849640479694188246e-05 3.199805541517867911e-05 2.573375763718474589e-05 1.898066975045901560e-05 1.542897154499056449e-05 1.714917547626839471e-05 2.035102943923764040e-05 2.100607802196558213e-05 1.847913787787296814e-05 1.669179323881533468e-05
2.058442169392744794e-03 1.189456782072135978e-03 1.519164948617189722e-03 1.283217857913236237e-03 1.024931931022488030e-03 8.390891099295803065e-04 7.699316228890456387e-04 6.579350219690671990e-04 5.921683710746686183e-04 7.131694438281832322e-04 5.075657236770907696e-04 3.117282697071331946e-04 1.759147428937174592e-04 9.714255886534869206e-05 5.056513326716140661e-05 2.896999913489610163e-05 1.650710119538592948e-05 1.167056667832352693e-05 1.203050147043697317e-05 6.452400241050229658e-06 3.722384873435599616e-06 2.924726816580145573e-06 2.447666058820919551e-06 2.618371346751890632e-06 2.576499144670936162e-06
7.704961412926918107e-04 7.527043053270943184e-04 1.172023957397484110e-03 8.516987422474324790e-04 7.305987477322393531e-04 5.494797394254486746e-04 5.279818756938008508e-04 3.279632382297487710e-04 2.926398405650590460e-04 2.040986212773681708e-04 1.648212297765941272e-04 1.487424511217697346e-04 1.228721338164600815e-04 1.028766334090943762e-04 8.019571559381697724e-05 6.724369977175752755e-05 5.216564420367586312e-05 3.393748480801286459e-05 1.871759085307058570e-05 1.257605028491586563e-05 1.443414117657168019e-05 7.069022362643657807e-06 5.057507317361832607e-06 4.513013302014740918e-06 4.913502754407347551e-06
8.261526245981854616e-03 4.836502226202581307e-03 2.146968730851017259e-03 1.893368682246686970e-03 1.558006507344217220e-03 1.577199733361928742e-03 1.259282644538392299e-03 9.288089075020450162e-04 7.960230939207668666e-04 6.683194390454386862e-04 4.058254656423165461e-04 2.787031435600014428e-04 1.953009809545692055e-04 1.304408572574080227e-04 8.459947990279903973e-05 5.459192056189620176e-05 3.644873666955603862e-05 2.439683772429081688e-05 1.766060683641140959e-05 1.696020602258982026e-05 1.881013714756942878e-05 3.636360000967275570e-05 2.510810533404324980e-05 1.043586623430805786e-05 6.112764432192490661e-06
3.344153309478480052e-03 2.251882454380532955e-03 2.460395538200979646e-03 1.803771692899442704e-03 1.170514917209654901e-03 7.835914816014807405e-04 8.460604727384428338e-04 5.145388376036120516e-04 3.315312856907886609e-04 2.085754885349935610e-04 1.721818975530748426e-04 1.790816803836120150e-04 1.879341834249262692e-04 1.989263009100425287e-04 1.703224533989271944e-04 1.273990457688910281e-04 7.748367732078968175e-05 4.292209791589828309e-05 2.837339817166520921e-05 2.202895170822496355e-05 1.751931553692882642e-05 1.238937077401847674e-05 1.030728596100283055e-05 8.736383117795327058e-06 6.498254568811798545e-06
4.296109022809193115e-03 3.449444767384257128e-03 2.596187336330398662e-03 2.586197037864420081e-03 2.492851754767138901e-03 1.996192232463182750e-03 1.273695879160239870e-03 7.810149543821703119e-04 5.425740320063529576e-04 4.340030574931007462e-04 2.919503915468041702e-04 1.811646492324349726e-04 1.190908365522838522e-04 8.019772582108673699e-05 5.314082175206401499e-05 3.420546711812796643e-05 2.065366883137498174e-05 1.033409985805099476e-05 6.959976177426033584e-06 4.561347216059035679e-06 3.884326310884562605e-06 2.823036261614292058e-06 2.542071514243076841e-06 2.458190230062778222e-06 2.798227189697124214e-06
5.401316770040976920e-03 2.554038881719268139e-03 1.555476324561779660e-03 1.219460626766988472e-03 9.399495917177732316e-04 7.148732649231668299e-04 6.379768791132317063e-04 5.480189996464104049e-04 4.535030722582085428e-04 3.967361686930727664e-04 3.244432062340193881e-04 2.572638580763734442e-04 1.877770681906542965e-04 1.223141494138590740e-04 7.435781834094542923e-05 3.960416547075878112e-05 1.704579856229973531e-05 9.718944556644243602e-06 6.254563274005115850e-06 4.213674826811520185e-06 2.944499474352547322e-06 3.043959164452533797e-06 2.420769971011930239e-06 2.548095894726187539e-06 3.670195601938663760e-06
6.740671395066353926e-04 6.251211915553887052e-04 5.021352001691013625e-04 7.098631833000257959e-04 4.962203146716429253e-04 4.832469468051231822e-04 3.027680574962197794e-04 2.593394862737414663e-04 1.736171520087936154e-04 1.461466829933893226e-04 1.272154701323751627e-04 1.193993263744982957e-04 1.181487572256549357e-04 1.176526687150483463e-04 1.224506371599331806e-04 1.176850534526081529e-04 7.882089439965222133e-05 5.693501472482679563e-05 3.309051931066675148e-05 2.187494932974234400e-05 1.504970931472540388e-05 7.527739632694223679e-06 4.798017175865484497e-06 3.387938035525287278e-06 3.039906818832991536e-06
4.243437218630513076e-03 2.777003078541046173e-03 2.370615836224688414e-03 1.449519426993756350e-03 1.261434229743267459e-03 1.145288658089214364e-03 9.645750450440085215e-04 9.519789309746949299e-04 7.314328624572056549e-04 5.925843813602493185e-04 3.962597069174676398e-04 2.456533207431010521e-04 1.567864642857627621e-04 1.013471234209013106e-04 6.582878708453144200e-05 3.727025278712159194e-05 2.693549849538975460e-05 1.757964254895731491e-05 1.236541189491157809e-05 9.052345014772924920e-06 7.320425261512155381e-06 5.811127303632938362e-06 3.952100736919393227e-06 3.506734042384586264e-06 2.242972323518708613e-06
3.443138120581213085e-03 1.692332041802043332e-03 1.473950202710927601e-03 9.556606606327605136e-04 7.560455166984383782e-04 6.698154825075501194e-04 5.922026529069317593e-04 5.409078859517240691e-04 5.761313198274971856e-04 5.560993558063689630e-04 4.473175610353886380e-04 2.901771273803405117e-04 1.888988027620316327e-04 1.207111903381417764e-04 7.378809011537687697e-05 3.676490768313379665e-05 1.855546242623244566e-05 1.344735791382527637e-05 1.117262164888834205e-05 1.617609785866011530e-05 1.074801036985007896e-05 5.874090728961523472e-06 4.110180247252691182e-06 3.487644842763920065e-06 2.893079679709897853e-06
9.585585005763506625e-03 6.255132560225928201e-03 2.776933094158034760e-03 1.860813256895485360e-03 1.706727418436948182e-03 1.793978223949097223e-03 1.485394667070320763e-03 8.756359221253290446e-04 7.344440843371181308e-04 4.805138870028957871e-04 3.585861351520449225e-04 2.659455562844765609e-04 2.041182604625779511e-04 1.496569422907970581e-04 9.799236064297298402e-05 5.724593817956107538e-05 3.598327022822061638e-05 2.812051379911654933e-05 2.021546288148470715e-05 1.131575645651265627e-05 1.089080723844620529e-05 7.305153372649768086e-06 7.738474293206301999e-06 6.365762981324057410e-06 4.885530540835789743e-06
6.810581192926285637e-03 5.312749731862574307e-03 2.337417121477148706e-03 1.420087827096222239e-03 8.144778780461723114e-04 7.474753624292647088e-04 6.629854520523150102e-04 6.140783112893959507e-04 5.901322373652912075e-04 5.576033167318000154e-04 4.128993450263670605e-04 2.869075022354757379e-04 1.924031775576093295e-04 1.276550537689659338e-04 9.255062266731491213e-05 7.182816880508199084e-05 4.289697344805988235e-05 2.290672590624510100e-05 1.184896493601088802e-05 7.641719704880954437e-06 5.179719747886182272e-06 4.474473391948442097e-06 3.340254186404213923e-06 3.305616213776503905e-06 4.382548913910705102e-06
3.221962725561883234e-03 1.769066025256976976e-03 1.242674579337555828e-03 1.196668541223013579e-03 1.183556214501749367e-03 8.819176022264690711e-04 6.545543831237972355e-04 5.128757665111454474e-04 4.361147840713893364e-04 3.384551744598477026e-04 2.761313522914867705e-04 2.147510059806241492e-04 1.502016595180477392e-04 1.101228138459896781e-04 8.314676313516394118e-05 6.731558387274269085e-05 4.512127779477894421e-05 2.174635886706023573e-05 1.296623439968318501e-05 7.280741576815505175e-06 4.939847052470510410e-06 3.266163039911654816e-06 2.887692692454419693e-06 3.433964942818963288e-06 3.219263834470969086e-06
9.666081898210394929e-03 4.844761102567246742e-03 4.214324412136945426e-03 3.458358853135706529e-03 1.914142982526970994e-03 1.707531133124020033e-03 1.118843626891019355e-03 9.014899538693612116e-04 5.961562150281427821e-04 3.928944030636362557e-04 3.160880215373668470e-04 2.319619238851016796e-04 1.829076936747030485e-04 1.499129350141582590e-04 9.280935736378955999e-05 7.877346970346611678e-05 5.143500109865113630e-05 2.321216964171720203e-05 1.975706592705321556e-05 1.283816501998632626e-05 8.369957968173607352e-06 4.981989536459229139e-06 4.281612900474061902e-06 4.226925887960507114e-06 4.115529194619223061e-06
8.752502131411281708e-03 2.918777682691631962e-03 2.375019453389875905e-03 1.362906271510003599e-03 1.313249587106406734e-03 1.029893383939851524e-03 8.612071125635378192e-04 7.958038900674913735e-04 6.771918050301036157e-04 5.864193459164650929e-04 4.222682496230648974e-04 2.781994314016325402e-04 1.767405604103730197e-04 1.085168547587909033e-04 5.972302930372642803e-05 2.728245912437184963e-05 2.147729505705705904e-05 1.476987883460681347e-05 1.086056448169363957e-05 7.997384701838488246e-06 6.537735836671143246e-06 5.166879315059275430e-06 4.379073678368274412e-06 3.706450976386114933e-06 4.688309836097106576e-06
3.983457936426091327e-03 3.206464001318563763e-03 2.131919001462047845e-03 1.632357075425852275e-03 1.598232583043632466e-03 1.208748532857590024e-03 9.521176672647335302e-04 7.666590739029844736e-04 6.468310527978102329e-04 6.023317791586861418e-04 5.034733324283302471e-04 3.108877122235723621e-04 2.080226650104041470e-04 1.311325351551264891e-04 7.512054766516465532e-05 4.359411000110693376e-05 2.512585765008898989e-05 1.929700526806442883e-05 1.584946312642823943e-05 1.557917991485970757e-05 1.317647734444619064e-05 1.219484014614786766e-05 1.097018434822328126e-05 5.384665323645046906e-06 3.706656550968514153e-06
1.138872453156337299e-03 9.073717845662598565e-04 5.729972349050839941e-04 5.575184063320418092e-04 4.021258904056834596e-04 3.150534874612561818e-04 2.103766007007814274e-04 2.187235378078238957e-04 1.949565624454060943e-04 1.624812689554501065e-04 1.331350247949423496e-04 1.129111472155626877e-04 9.741345679030168027e-05 8.900935735182413113e-05 7.061578120290284998e-05 5.450726185759623317e-05 4.234658730056847228e-05 3.382811003392552921e-05 2.725599692050037398e-05 1.761389839872897810e-05 1.013027717057798924e-05 8.610748733452749332e-06 7.037425244843703517e-06 5.831090732051573937e-06 8.293856260940078305e-06
5.237405706639711254e-04 6.074213195569834380e-04 4.638439323488845363e-04 4.435280705755759276e-04 3.333166395816469806e-04 3.151612710222902766e-04 2.507018082863463125e-04 2.035934000117349313e-04 1.697567438451553308e-04 1.391896498832267265e-04 9.819308445784899887e-05 7.557831256635417442e-05 5.753389491989289019e-05 4.013243237559265361e-05 2.961534339665613237e-05 2.319199005158498430e-05 1.790794833266497643e-05 1.427152913260316017e-05 1.142409092941159453e-05 9.522162435690659091e-06 8.869022358041397168e-06 8.529509611792200754e-06 8.365478089223050271e-06 4.762925313733517389e-06 3.791639105402624107e-06
9.765612562608784117e-03 6.617677741191079627e-03 4.700778592550678738e-03 4.190435857085038525e-03 3.153981915130237793e-03 1.544436743718012898e-03 9.527146108034834342e-04 7.330753577667401943e-04 6.007095660740666880e-04 6.258708992461793066e-04 3.542790308335104282e-04 2.361346070436176701e-04 1.384543381793887210e-04 7.673996234312059541e-05 4.275531966089696147e-05 3.005764407861228287e-05 1.652527253350441594e-05 1.041317045530195938e-05 7.399068891079437225e-06 5.013508220133008849e-06 4.822274266132427683e-06 4.889781261718177918e-06 6.070014908009272244e-06 4.962878551442817144e-06 4.069025181262213551e-06
2.772392166461424331e-03 1.420910977351734321e-03 1.030020725597128586e-03 7.384384434746194470e-04 7.846162487287364163e-04 4.958604900504518095e-04 5.630068600391120942e-04 4.738790029972484667e-04 3.245870671165225593e-04 3.393767972511354549e-04 3.045986424254468780e-04 2.768894677315314554e-04 2.009592323638234254e-04 1.454866836945760335e-04 9.818525764926357374e-05 6.339957315437471730e-05 4.229878526015798531e-05 2.818617034671593450e-05 2.079334985145463575e-05 1.852329033381035361e-05 8.803884732011273788e-06 6.882436742781390474e-06 5.123186382391665782e-06 3.780839581176311372e-06 3.364010591288465420e-06
6.991619430633450906e-04 4.908738080118323164e-04 5.484863002076502360e-04 4.036943980778519465e-04 4.189786021763759012e-04 3.254992277230288919e-04 3.229928084389687370e-04 2.612839597063821933e-04 3.393670804266175466e-04 2.227801065167229642e-04 1.429973303734758771e-04 1.071401538647352101e-04 7.996051844517555718e-05 5.395951725864239524e-05 4.173307219683706571e-05 3.389998070907268904e-05 3.043766948689696769e-05 2.658062489705331234e-05 2.010727058349452015e-05 1.513398049986751331e-05 1.262855554550131866e-05 8.090977216948342805e-06 6.235994087176162875e-06 3.844538850896277217e-06 4.347401743353849021e-06
7.388931922163176173e-03 4.747966808878054980e-03 2.777935531814523882e-03 1.541734075335990384e-03 1.055163497149662821e-03 1.021032802588115384e-03 8.973610091156480721e-04 8.248867957208788800e-04 6.310519352638652548e-04 4.679442900772460548e-04 3.415994854097542687e-04 2.564407789545396286e-04 2.082701902909579684e-04 1.581225590715007792e-04 7.694335024224430359e-05 4.127573338219360418e-05 2.181967977475738062e-05 1.413697690973989547e-05 1.279389462277255821e-05 9.836522369944334914e-06 7.546041655447972280e-06 5.632755125129437903e-06 4.283679842988582843e-06 3.138133660821575576e-06 3.029955355121673047e-06
3.325306805703110661e-03 1.735396826922031661e-03 1.831394482857444427e-03 1.242282356315143124e-03 1.182286001695849031e-03 1.285782301057393712e-03 9.900367936531335750e-04 8.486255628651310102e-04 6.962741251480081489e-04 5.882581214083546471e-04 3.852991938151365458e-04 2.233997138793872381e-04 1.331096556502142040e-04 7.846295943591467641e-05 4.961790703041903062e-05 3.405172550233149311e-05 2.441307935190244440e-05 1.688830059959438155e-05 1.223715886196735321e-05 1.345940730619621293e-05 1.210378643568522263e-05 5.476885090464797411e-06 3.421020336609418625e-06 2.384647143915090795e-06 1.808730655565427174e-06
4.978920329236966209e-03 3.780789659364124176e-03 2.810755084450823789e-03 2.524666447736241808e-03 9.554582393760917150e-04 7.150031708562979392e-04 5.241382652445808043e-04 4.863303496275676614e-04 4.318714174377889380e-04 4.089657682465022877e-04 3.677222278716148749e-04 3.115797526583439950e-04 2.431698154308114721e-04 1.626525036740322783e-04 9.497179752565159403e-05 4.471879486755454955e-05 2.827519680944047884e-05 2.243280258834870085e-05 1.850350560079344958e-05 1.718448702538088384e-05 1.802993749113419511e-05 9.811937860918984729e-06 6.818466371475690428e-06 4.258997442600545558e-06 5.638339205420434647e-06
1.005110140526468791e-02 6.068998529117774696e-03 4.095789727965851515e-03 2.747955364152721708e-03 1.911762166085798987e-03 1.235826823235349013e-03 8.815300735668823474e-04 6.786998497701170674e-04 5.080568117145106049e-04 4.070069519409134787e-04 3.125397665582031683e-04 2.450123727434390516e-04 1.817849061367068128e-04 1.235526122813647952e-04 7.429274535118561042e-05 3.856462313184529588e-05 2.092222316750441495e-05 1.232073449595923932e-05 8.056536701012280186e-06 6.148624638230264741e-06 3.968648988278033311e-06 3.228234647304348115e-06 2.619846758595535196e-06 4.223104857543862491e-06 5.482183052417232058e-06
8.705453245712627477e-03 6.463942601146370828e-03 2.839691359752554659e-03 1.763844052988140874e-03 1.503636260170649382e-03 1.201800805011182111e-03 9.246786650921369217e-04 7.657294434514193976e-04 7.608309146967007523e-04 5.581748177098900740e-04 3.921051678200212403e-04 2.659087914175322872e-04 1.558624972706503767e-04 8.805261464840490309e-05 5.527866829077927771e-05 3.866143063211944250e-05 2.689539954841377949e-05 2.159306009278588189e-05 1.425054334138055048e-05 1.291557242310615618e-05 1.479770663085033248e-05 1.564542188265994764e-05 1.649575082300211982e-05 1.716276031317308669e-05 1.276168919772938581e-05
1.343967573867302714e-02 7.289658881426235026e-03 3.983040971966646249e-03 1.692851534830840197e-03 1.262913601546666268e-03 8.091196876825339267e-04 8.323582155091199374e-04 7.225415106279106615e-04 6.067512129663076665e-04 4.992509602447084199e-04 4.349785174096614296e-04 3.146528870298474236e-04 2.239056424084606743e-04 1.447597157815810616e-04 8.565201888333148891e-05 4.552617745216575203e-05 2.451800485060418960e-05 2.375041719399075715e-05 2.124122304861644409e-05 1.255351878618113326e-05 9.927100023297184028e-06 9.794969143651692547e-06 6.154417992339572905e-06 5.031486389734848187e-06 3.717642004812939129e-06
1.091297971637575489e-03 7.863077944925528882e-04 7.272240218025405149e-04 6.161583913264412002e-04 4.941932988172159560e-04 4.159621361222277740e-04 2.649216662036255705e-04 1.795212654251264353e-04 1.328269988586379782e-04 1.018137161274907315e-04 8.280530076840261940e-05 7.359971628435220945e-05 7.987425292150790305e-05 6.459638709423534426e-05 4.851968186394791435e-05 3.913600246098630910e-05 3.239928149978544929e-05 2.509074071841736010e-05 2.108109279582725629e-05 1.759518563804204449e-05 1.065385539554579569e-05 6.887872082156067406e-06 5.050821060586694559e-06 4.147310032632521061e-06 4.240036962943910745e-06
9.653923833742214175e-03 7.169032717160691605e-03 2.486658982662658373e-03 1.041130438442078570e-03 7.764804147642386531e-04 6.995793519102762878e-04 5.972430328470535420e-04 5.678440040111875069e-04 4.872276124746013253e-04 4.019986162425583749e-04 3.556045045416080159e-04 2.371410747331704832e-04 1.565409498472778598e-04 1.068693706753170021e-04 7.157012346875924499e-05 3.846912853600831451e-05 2.101018578482051840e-05 1.332634516184189190e-05 8.418476584509237615e-06 6.719648881507230195e-06 5.118286013914127020e-06 4.405603239792520666e-06 5.501490629615579888e-06 7.538660171287558335e-06 6.098666909777924244e-06
3.275497531455748377e-03 1.744804560810944098e-03 1.587063998445694063e-03 1.692203682011348851e-03 1.452550783328389718e-03 1.293450507797539936e-03 1.038107076849744586e-03 9.529974307082870934e-04 7.663835475641932442e-04 6.010612746681999246e-04 4.146383639481286297e-04 2.887996562541923296e-04 1.665060569671076749e-04 1.135837906546297937e-04 7.961186263959368935e-05 5.265572629009724698e-05 4.012046494459047994e-05 3.046086012534667884e-05 2.321093545573907135e-05 1.680099143687378268e-05 1.638553465132394234e-05 1.279479889329601937e-05 8.970568936068384466e-06 9.359740016051993250e-06 9.870396102994654719e-06
5.822168599765009320e-03 4.638136819108902402e-03 2.734228953289006767e-03 2.334363645117459342e-03 1.937871075143583061e-03 1.432850835566135865e-03 1.150828360288364905e-03 9.017369461564805162e-04 7.245259112735648061e-04 5.267101212425192832e-04 4.232153680870905988e-04 3.396026043033073647e-04 1.963771436170247604e-04 1.151609569157243957e-04 6.302610558478686088e-05 3.875802440536089456e-05 3.164430828214630860e-05 2.860824180041045519e-05 3.777843301739578765e-05 4.389617680460916924e-05 2.181988341240677704e-05 1.381016514615302404e-05 1.190768815817733648e-05 1.146825952012413148e-05 1.647801068881263859e-05
2.863542028932212265e-03 2.316040268057269636e-03 1.588069872072237669e-03 1.186156434877444227e-03 1.174276609665682444e-03 8.258331659577011329e-04 8.433629623188572573e-04 6.917423792219639083e-04 6.584328379642638692e-04 6.602452534094078833e-04 4.151059529232152480e-04 2.978675319742106671e-04 2.114782849113804551e-04 1.405478728254127836e-04 9.500726984651589404e-05 5.954298609428852014e-05 4.017974384553275213e-05 2.260705228607218231e-05 1.684282226342642423e-05 1.707694780615074721e-05 1.610854331761917211e-05 1.591502671500608139e-05 1.380156117633830232e-05 9.943480400680386640e-06 5.856375846493160582e-06
3.915754052618659886e-03 1.195086556949182671e-03 7.064998252992111052e-04 5.615678729401018350e-04 5.260386230168314237e-04 4.648728064817115083e-04 4.268011156420574892e-04 4.444662682918613526e-04 3.841109581795692238e-04 3.960624462028329053e-04 3.677745106194534237e-04 2.933476955561422597e-04 2.384950285023965414e-04 1.608973454654228036e-04 7.849079730630112960e-05 3.974315150932453838e-05 2.289133357484046731e-05 1.543281365693630880e-05 9.845455341075772714e-06 9.461807282369941356e-06 7.722192577344062257e-06 7.476232927068731854e-06 1.070182108209008344e-05 5.817772947967577414e-06 3.064008959245477991e-06
6.707515015551489615e-03 5.119643045235742346e-03 2.947982049283109744e-03 2.195088747642701642e-03 1.910143732336252401e-03 1.613996945775683168e-03 1.371450059392980737e-03 6.886309925225625895e-04 6.234998549688025842e-04 4.755244250575591468e-04 3.387034419705122574e-04 2.162415371767134218e-04 1.627075127609469557e-04 1.096204147582410414e-04 6.643592403096059004e-05 3.578937006408218057e-05 2.189587683902763130e-05 1.193382357832062375e-05 8.683318452428692651e-06 6.008230630955653769e-06 4.276064255059226296e-06 3.616757910233238818e-06 3.460106114576923951e-06 3.475199249993364578e-06 4.657816621339330451e-06
1.591343765189502657e-02 8.939714819685076405e-03 4.135691499415160635e-03 3.185294736269693623e-03 1.756915905271096536e-03 1.177226096223296008e-03 1.013158181631131256e-03 8.813698116660358258e-04 6.213539180864355955e-04 4.228233609340849883e-04 3.159905192594755210e-04 2.353711137045744087e-04 1.536374654353826242e-04 1.020993580795047270e-04 6.160060447942932718e-05 3.535143393216906766e-05 1.912734241756122608e-05 1.165961070714023490e-05 9.946423715648462080e-06 1.030515766707029261e-05 7.800508814051774147e-06 5.721078256565134514e-06 6.111600015909127041e-06 6.889217272527173839e-06 5.961717999618786994e-06
8.367640551214312883e-03 4.292475772685564427e-03 2.653428857837910292e-03 2.412549722876453518e-03 1.372029435994953986e-03 9.069132491082076628e-04 8.041018504834078658e-04 6.155717470536197899e-04 4.956565569561153682e-04 3.931890424159067304e-04 3.113279290641035590e-04 2.510608012608601773e-04 1.858180785539271726e-04 1.054519294508131117e-04 5.812949100034008211e-05 3.285972072594062367e-05 1.729552642230206737e-05 1.041862393129617964e-05 7.713010461930611629e-06 6.214236375367624227e-06 4.425198507904079965e-06 3.679754362097899379e-06 3.079538876323145086e-06 3.795739600269242980e-06 2.959303417360661749e-06
9.107869105504375409e-03 7.682177306435944431e-03 4.692664412135208810e-03 3.413102405911252850e-03 1.966675938350146476e-03 1.047607078360005646e-03 6.232691722726955378e-04 3.683979769680543245e-04 3.188388993087792997e-04 3.131400442593320396e-04 3.097845929985160282e-04 2.042331311647717872e-04 1.638146880069100704e-04 1.233670000417274855e-04 9.097615261838985421e-05 6.642332651664642745e-05 5.293190079478557713e-05 4.441810800356241326e-05 3.930760160682785322e-05 2.400804903351161026e-05 1.967208754479135303e-05 1.613377625078227690e-05 1.596231138201395448e-05 1.965833724095316097e-05 1.426153036302375322e-05
2.197288672737507127e-03 1.315966824971365320e-03 1.171350247229183345e-03 9.511844813290986408e-04 1.003543572187615184e-03 4.151530924005705672e-04 3.690169162605318621e-04 3.438470063007800911e-04 2.815886419748398124e-04 2.395646577548721332e-04 1.984464675373956433e-04 1.939443453319338235e-04 1.683053598589496548e-04 1.553571480305249413e-04 1.143570799927872995e-04 7.076165965705912898e-05 4.459157384770933482e-05 2.368760412696811879e-05 1.130380357069638487e-05 6.630312164064594248e-06 5.460248216247052652e-06 4.647846627658819307e-06 3.478286296279190170e-06 3.873096477182193457e-06 3.609490763601741072e-06
1.883892356421113835e-03 1.625960901339892992e-03 1.355023762633877828e-03 1.013524753117847187e-03 8.352568319856002463e-04 6.039474924983277877e-04 4.161053129065131473e-04 3.120471213465034047e-04 3.725263486246783106e-04 3.091612831416159102e-04 2.530242396223603878e-04 2.148756287741242438e-04 1.682837580878161017e-04 1.577498925641663728e-04 1.013614238122593830e-04 6.466103742722410384e-05 3.793747417663289462e-05 2.291918736006675358e-05 1.224177719360863722e-05 7.114674085919684396e-06 5.882452442594638378e-06 5.653726608656426533e-06 6.508294586680256885e-06 1.003202222373801185e-05 1.145684504812110547e-05
1.282403561265247488e-03 7.962810247408178216e-04 8.685446697646563444e-04 6.547617963044897018e-04 4.459886211088578403e-04 3.171963766493042514e-04 2.398726411261830910e-04 2.135804072787141430e-04 1.681625565414871242e-04 1.562242317237828762e-04 1.416216384549400442e-04 1.223030364765371884e-04 1.135003109288641385e-04 1.063085976219263918e-04 9.987547658092597012e-05 8.444038147599952290e-05 6.471346427746494528e-05 4.045183059213519362e-05 2.111724684080421342e-05 1.322575093852726041e-05 1.241310119005142260e-05 6.870177956069079736e-06 5.493477398270503749e-06 4.732816969451205836e-06 3.835072661232996490e-06
4.255867352111415529e-03 2.788506108971225764e-03 2.385646530244682744e-03 2.205418306292991626e-03 1.290551630577903069e-03 1.289385453650557104e-03 8.694505220902021443e-04 7.512681150321718617e-04 6.126174359437042919e-04 5.231141395954971417e-04 3.959025552800117011e-04 2.855420775090501337e-04 2.004787102966788153e-04 1.320082144219818254e-04 8.255315885303096993e-05 6.362085130022880066e-05 3.627631383628281082e-05 2.654075001206693805e-05 1.850130709269284934e-05 9.796636347731074314e-06 6.499517869971039955e-06 4.772026928291050331e-06 3.784646995868991486e-06 3.737393869244829040e-06 3.647121218337814826e-06
1.949557387041962698e-03 1.156831407945232374e-03 1.160240489611959582e-03 1.024496928152541543e-03 6.145102976289264652e-04 4.004838386111200885e-04 3.442070278700197342e-04 2.781708929938043920e-04 2.400230729490574280e-04 2.238680844481568061e-04 1.863527426978810403e-04 1.816078990129229686e-04 1.619601657721148134e-04 1.246217837000567527e-04 1.012473282451451640e-04 7.667077747401914779e-05 5.173272982840470684e-05 3.325275182317324256e-05 2.118029810695581147e-05 1.369256936494584636e-05 9.753010303964812291e-06 6.442273461731950290e-06 4.379786751053722945e-06 3.614464695189151158e-06 3.643018848438589289e-06
1.105884864147128888e-02 8.203738853326722133e-03 6.089589589799051031e-03 3.143367876210699692e-03 1.850014312643636326e-03 8.162454571506263298e-04 5.967893409792138530e-04 4.988625480713018657e-04 3.508405601899699817e-04 2.657543388147961421e-04 2.013081948734671397e-04 1.729886908698483137e-04 1.621836035256930602e-04 1.258056244486799855e-04 7.769217943766138564e-05 4.696228823738709884e-05 2.908422644431260252e-05 1.544647293615239935e-05 8.010099797312381282e-06 5.827463852114727498e-06 6.202165392865015797e-06 9.081752561700216081e-06 6.746086490561283416e-06 7.485033250039042747e-06 4.688432312747505072e-06
2.438249554970877819e-03 2.775911348283946218e-03 2.156807921991274295e-03 2.335697822966070151e-03 1.509017694355167197e-03 1.443528329562508272e-03 1.271591149674188058e-03 1.209424046333412760e-03 9.350168884778434827e-04 5.917038470845692195e-04 4.190336426536169249e-04 2.371151103999686628e-04 1.394665448577269253e-04 7.731464471327289276e-05 5.128100124641989078e-05 2.804008436423363612e-05 1.591687312671438690e-05 1.034412914808966442e-05 1.025312939661209612e-05 9.742818304169883928e-06 1.103422462986162525e-05 7.682539672685765125e-06 6.021782154698347271e-06 6.816320843506659296e-06 4.632615835673223765e-06
3.560648521775170404e-03 2.482468715331833092e-03 2.265453434140758237e-03 1.861495803322014281e-03 1.630430954772679308e-03 1.571326916983144858e-03 1.339651109796248562e-03 1.064837374747031051e-03 7.925361505292118601e-04 5.116427306207858546e-04 3.136308483715719042e-04 2.015581795439461003e-04 1.156412114900579421e-04 7.289007490840840320e-05 4.592318400852108768e-05 2.661037338690410605e-05 1.751466183154807047e-05 1.204221710211825604e-05 8.203981244593368469e-06 6.031585380296780754e-06 5.179744203130942908e-06 2.859744035545915364e-06 2.041036472335475636e-06 1.898264183203887698e-06 1.513990186079587010e-06
7.465825423210849764e-03 3.603235747777640795e-03 3.578253987078903412e-03 2.721533714982952556e-03 1.823864132577987561e-03 1.240378658309692446e-03 9.419014135448068852e-04 7.593195100759627487e-04 7.336675401947256696e-04 6.446806342767909346e-04 4.310857113329510351e-04 2.648534444382811604e-04 1.717006711388441515e-04 1.067506982212618335e-04 5.807326612439066987e-05 3.826360972097548674e-05 2.822227791774312511e-05 2.006269348655649183e-05 1.189520727494376747e-05 1.028246931308825001e-05 1.077813779599960240e-05 5.513190884936269954e-06 3.716847661969300167e-06 2.768735709364408927e-06 2.845130021178554582e-06
1.232146603514676364e-02 8.104673420249586605e-03 4.254101169041054308e-03 2.212075413202179916e-03 1.645512369285959684e-03 1.420628276024198458e-03 1.271720185162424728e-03 1.113367000196811406e-03 8.011747997924128367e-04 4.979524546919337005e-04 3.831235646052285346e-04 2.601374756732304254e-04 1.807487372927958787e-04 1.033449560454122624e-04 5.653641723165367481e-05 3.282543834377598876e-05 2.272719887004109231e-05 1.686514382275609850e-05 1.178737868940903654e-05 1.103429656777619251e-05 1.336614119940448605e-05 6.059883866582889024e-06 6.249067449112189511e-06 4.121566972762329336e-06 3.850544491258336949e-06
9.590997553550459354e-03 7.502694933556756061e-03 4.652088310756019411e-03 2.249253571264141129e-03 1.146629796635195448e-03 1.134971458463992491e-03 7.793078156381329051e-04 6.405737660856043172e-04 5.772884599236251376e-04 4.575037611306880447e-04 3.836656102765017445e-04 2.657731233331320827e-04 1.971268488228013769e-04 1.367266835022416403e-04 1.060993699086446376e-04 7.958849050382605739e-05 4.256598979427662021e-05 3.218826380378523076e-05 1.743637290771947457e-05 1.168766251852015416e-05 7.603710054080504535e-06 6.416997021540487305e-06 7.428595292136938740e-06 6.139104750645445763e-06 3.706388583696589287e-06
1.467660366008282681e-02 9.431235811288608828e-03 5.527647065148102307e-03 3.014576546480201517e-03 1.303801606695318598e-03 1.103115829983657321e-03 6.957304985223677907e-04 5.440297054112479876e-04 4.782307393642471339e-04 3.948069020194115708e-04 3.306637592373870191e-04 2.275619650346237847e-04 1.535767612112164235e-04 9.717716768735611512e-05 5.160712155005198806e-05 2.381608896577951025e-05 1.266712948024315481e-05 9.248106565068132378e-06 8.406664240165004771e-06 5.716834692680669012e-06 4.935894935707113676e-06 3.624650638087552799e-06 3.119411704318831505e-06 4.660833969954756266e-06 5.603864536587811998e-06
1.130109947651211644e-02 5.914655400151885151e-03 5.160633930836933114e-03 3.775533100576311356e-03 2.774204110897236873e-03 1.437912335271689058e-03 1.400365649576701442e-03 1.198229094941139893e-03 8.969792320471610056e-04 4.493946115585850101e-04 3.603052954900827064e-04 2.097463419241893954e-04 1.389179613645318576e-04 8.911060325765684663e-05 6.736700546035639047e-05 4.006114550649452974e-05 2.089596086332217866e-05 1.242806455099974199e-05 1.017255887845603823e-05 7.397656818483147779e-06 6.179450149296584550e-06 6.329586326802816221e-06 7.260554480459169401e-06 6.352334228436563544e-06 5.887969676542174677e-06
2.998059331714479202e-03 2.201650187652444673e-03 1.779010345802886899e-03 1.329282701718491897e-03 1.233302561308735959e-03 1.054750923977863753e-03 8.429966722354077921e-04 7.573143004296190419e-04 6.716059182071757979e-04 5.754973489927189562e-04 4.284362212668437983e-04 3.176763483446248186e-04 1.822449286436422344e-04 1.225461416076110695e-04 6.043696821881790746e-05 3.352923526891595895e-05 2.124887413754810957e-05 1.448581613648831911e-05 1.001045859372952508e-05 6.881851821245076867e-06 8.163618465018890983e-06 4.816589965186081801e-06 3.515096729862920231e-06 2.966297900420761378e-06 3.642558325793034584e-06
4.127897593991475093e-03 2.179120444116370951e-03 1.174443907049404828e-03 1.102541237947297567e-03 1.067779297127745188e-03 1.072472686558663532e-03 7.908997239363759792e-04 7.167464870613397040e-04 5.242481875613817354e-04 4.127701993452891028e-04 3.114598196843064199e-04 2.274697652309367766e-04 1.955734308984578580e-04 1.546389466805508375e-04 1.277423625416419415e-04 8.262228096754512430e-05 5.465693836862019282e-05 2.910222062814634748e-05 1.789373367896185914e-05 1.276220849085232993e-05 8.363265031543828113e-06 8.604822573078424038e-06 4.459662773860877072e-06 3.242159567700912597e-06 3.333164367349740045e-06
2.152735289205415931e-03 1.657027485256801907e-03 8.329314559942597920e-04 6.506533937313813262e-04 4.965811694138177806e-04 3.398222618944088153e-04 3.450812230332614677e-04 2.968928465590317404e-04 2.580812004740655821e-04 1.885413573182726226e-04 1.370612433273040603e-04 1.146543282772790890e-04 1.003573264416874038e-04 8.745879054901362342e-05 5.584555174786797989e-05 4.326434739295995693e-05 3.443116175713604961e-05 3.065521502078096254e-05 2.770527595467632903e-05 2.227792221361489487e-05 1.422004099395281482e-05 1.060675691135129241e-05 1.300868073889905418e-05 1.277945467596251341e-05 9.262754258286281411e-06
4.039251573425195994e-03 2.320109549280640823e-03 1.258842897944060938e-03 1.315386269501399698e-03 9.407227222605105783e-04 7.064927385264660811e-04 6.660248437967879534e-04 7.962030178372740772e-04 6.388082293055392241e-04 5.465744325881821556e-04 4.155128049107606990e-04 3.013160614401863124e-04 2.199786058162298507e-04 1.614044789056806031e-04 9.259756332492825707e-05 5.494809411260512266e-05 3.950830535602767633e-05 3.164645511116797813e-05 2.217188670533476585e-05 1.792521596433609740e-05 1.554538637696833736e-05 1.231783662603207261e-05 1.529320752292679501e-05 9.880062237402733447e-06 7.664176992786242879e-06
7.091044199324012497e-04 5.355773409801352662e-04 4.737723664404534102e-04 3.265233363604857467e-04 3.245788640023543705e-04 3.541037974257246084e-04 3.901060020118187529e-04 3.303444135642244722e-04 2.482085442037093104e-04 2.466187732043807193e-04 2.627120199837831437e-04 2.575663300363190546e-04 2.607891560115261666e-04 1.832261003349575025e-04 1.185226382376201312e-04 6.741894703707504660e-05 3.992051645400676168e-05 2.564398404766437354e-05 1.945488240169936447e-05 1.839407337810346294e-05 2.042145520534301709e-05 2.420768625693262523e-05 1.548007614909569356e-05 7.287814404876495370e-06 3.491221613929594597e-06
1.159151363653643761e-02 8.558956865455401297e-03 3.307852705690360762e-03 1.752786186100795248e-03 1.042100302099322785e-03 8.078517713503240551e-04 6.440345321022602912e-04 5.254021117198306610e-04 4.742159973505174933e-04 4.197560124844719768e-04 3.707262158150707713e-04 2.662619202991196301e-04 1.985761921495480674e-04 1.504924432718131983e-04 9.858636223308271608e-05 6.192267576150219707e-05 3.138722930060837033e-05 1.772339481574877537e-05 1.468977320017054895e-05 1.966029120146391422e-05 1.887678134803738459e-05 1.123824615052355799e-05 5.042793679711999661e-06 4.409356823867747404e-06 4.815890887046432230e-06
7.631890020997919230e-03 3.771969989664063390e-03 2.290498308313838188e-03 1.290397291912153939e-03 9.326896096235779646e-04 8.193037507673808393e-04 6.872149388514616451e-04 6.208708850768258859e-04 4.750284939205786511e-04 4.085220524106184642e-04 3.545131971412808242e-04 2.650004537959875397e-04 1.818320098074203007e-04 1.198158485140732982e-04 7.994094050875981796e-05 5.284902083715983947e-05 3.316565307049801489e-05 1.846246277033986784e-05 9.583350880229163200e-06 8.067455459351976650e-06 5.926099946458406941e-06 3.689448033492862060e-06 3.315431354017666643e-06 2.323548451274173941e-06 2.164650226160975935e-06
1.167229421990778788e-03 1.213781084371266632e-03 9.200911386506537264e-04 6.124387143378218386e-04 5.437858060400073889e-04 3.373139186326822936e-04 2.587211371056062788e-04 2.209229080538590987e-04 1.848266600414779303e-04 1.589853275926315934e-04 1.694009405490950397e-04 1.445336453688712657e-04 1.112721271638086862e-04 1.015477765166116267e-04 9.938370552527822134e-05 7.800791900589728830e-05 5.722834477618697868e-05 4.040950482688423324e-05 2.296829086920402544e-05 1.156950564077182411e-05 6.258065635217236233e-06 4.984960653339458635e-06 7.084116663656297705e-06 6.328010370676216414e-06 3.962015069706297428e-06
1.832048003805290684e-03 1.849588911684558676e-03 8.418751989674713634e-04 8.062836291368967456e-04 9.159908521375862865e-04 7.371488407377211650e-04 5.719679177941977858e-04 5.373333368724524323e-04 5.576992694880128932e-04 5.156669442758941499e-04 4.249077861059294046e-04 3.253566594460126143e-04 2.386873445376803005e-04 1.633512563910235939e-04 1.068262682716447501e-04 6.573269035194200763e-05 3.970795237431656692e-05 2.159637622922945326e-05 1.323093089641841319e-05 8.580481516697607570e-06 8.490284213551366844e-06 8.927866763049293429e-06 1.169245145202390913e-05 6.476870141215107176e-06 3.782242429039482365e-06
2.841615718159434725e-03 1.925568879025613481e-03 1.443482922215601249e-03 7.829807593650623277e-04 7.938610564940117064e-04 6.568687123842537057e-04 4.695501068748089723e-04 4.042981563123156140e-04 2.726145658550295698e-04 2.339682940259299395e-04 1.770280018800438635e-04 1.689175535871419837e-04 1.360299794901232275e-04 1.058722211774547746e-04 8.234044837710534283e-05 6.297289081705832227e-05 4.549309201886863940e-05 3.122110103449541782e-05 1.576072372214475879e-05 7.630966004526214350e-06 6.465010865652947908e-06 5.293538553308345189e-06 4.499464354256102049e-06 4.086466454089007319e-06 4.806630904000003539e-06
1.114000948077422878e-02 7.269639055818783238e-03 5.192942716457702931e-03 3.027015619255049236e-03 1.959031838275826325e-03 1.326124594847341662e-03 9.325080331020157813e-04 7.533534412620555495e-04 6.693159642459539952e-04 5.407319379184129899e-04 3.558756395227055886e-04 2.463823513719833893e-04 1.923711328557146211e-04 1.447268587272415195e-04 8.456717166360330014e-05 4.452856137837962524e-05 3.174044445962543286e-05 1.993588800462728052e-05 1.199150601276292647e-05 8.815473966133162398e-06 7.874417457993799675e-06 6.955731356426835980e-06 4.455115261156071016e-06 6.222806004838269675e-06 5.686781116526935831e-06
1.166159995487115603e-02 5.959893472333524685e-03 5.067177210906053872e-03 3.226860024440454233e-03 2.291329919256531508e-03 1.669135997296502952e-03 1.226210285163650002e-03 8.557967037644101686e-04 5.908147501589223376e-04 4.694086976334378779e-04 3.360026091489859315e-04 2.468264478404614496e-04 1.563822778004989890e-04 1.039432360674092228e-04 7.107366939921561208e-05 4.638324502731821841e-05 2.278810109502893701e-05 1.672335481343839136e-05 9.743034505911660559e-06 6.375368562293014184e-06 5.593644206261230635e-06 3.233685014427808508e-06 3.002178624009342553e-06 2.266215763347045183e-06 1.945050042198974878e-06
4.775769223665880651e-04 3.821314691295396495e-04 7.583678887468021977e-04 2.992545327047521544e-04 2.578654755273121599e-04 3.439779141250929803e-04 4.436878873182598928e-04 3.777980436013034390e-04 2.624627726665991413e-04 2.527025231414354385e-04 2.545551360339418740e-04 2.153327225550348654e-04 2.024328451132968915e-04 1.734428645750834793e-04 1.386858235155589590e-04 9.050310681332657281e-05 3.403236108693242416e-05 1.276766891803658406e-05 7.073914280915870753e-06 4.852575769002338245e-06 5.534503319416591115e-06 4.306091603301557579e-06 3.136514728437020314e-06 2.891940285118302678e-06 2.727308258202158616e-06
1.681197555569429944e-02 1.102199452594015278e-02 6.983657967261548520e-03 3.969543032175819157e-03 1.906589363416579148e-03 1.115263187245727405e-03 9.542906675248303324e-04 7.366905686816659082e-04 5.833976014776172088e-04 4.524452356112957686e-04 3.528037801581859951e-04 2.623388123488797682e-04 1.777270124533087033e-04 1.145049545699348292e-04 7.449714244205422019e-05 4.900913184852128193e-05 3.247145832192012405e-05 2.181445343880216304e-05 1.628283048254994844e-05 1.083796186467948981e-05 7.256936881347516640e-06 7.202924091114546315e-06 4.527322773825978426e-06 3.733436199618896727e-06 2.700466652013673195e-06
1.108311238488128569e-02 4.276987381245158162e-03 2.518780669499902109e-03 9.170194371297770743e-04 7.314324181420264965e-04 5.210361621277266120e-04 5.476179870931238442e-04 4.532317077233965542e-04 3.917619502856780744e-04 3.258510363093503775e-04 2.579177246359538119e-04 2.069129762701777233e-04 1.758433608080685253e-04 1.418218292052409119e-04 1.125016698208109307e-04 8.483613612553175755e-05 6.093938612744104313e-05 3.099968653695183985e-05 1.682953742536148412e-05 1.100125114574543065e-05 6.105861726578424113e-06 4.854484026338140777e-06 3.633138869691755569e-06 3.022742995784026917e-06 2.724416707274087427e-06
5.886834146203521155e-03 3.583125253938272258e-03 1.992604412745981306e-03 1.073902855639834002e-03 7.688779388074826584e-04 7.802283215753598716e-04 7.247899476259023243e-04 6.544937624497439892e-04 4.714095407821353796e-04 3.884604863474096963e-04 3.641403903884420524e-04 2.465075547531469331e-04 1.879870352119126511e-04 1.126131630086597938e-04 8.353812871378020640e-05 4.970028428855271586e-05 3.689560007616804146e-05 2.292467265848138132e-05 1.138978585262582915e-05 8.287730548351488743e-06 6.907096481047071053e-06 5.932448991114570199e-06 7.218463934767975382e-06 1.382397293668094778e-05 8.337700011534000019e-06
9.350956140285127810e-03 7.179816828426649651e-03 3.074266462027203366e-03 1.908849474920786731e-03 1.152456121663465597e-03 9.992522761368667975e-04 8.734761329304512436e-04 7.318068945584790428e-04 6.695193864061966833e-04 5.103427250975133911e-04 4.421575975173011965e-04 2.313875417277237679e-04 1.885608731252045938e-04 1.364393601683780584e-04 1.349601527744397685e-04 1.129631904494295244e-04 6.366585248928769271e-05 3.834494341501011854e-05 2.659531336257430116e-05 1.925630748533449301e-05 1.717713236288402511e-05 1.792384393704436743e-05 2.424613356695575877e-05 3.387286564761922273e-05 2.604702973524701323e-05
7.840857927130762475e-03 5.825595577410071398e-03 3.774569885789780255e-03 2.020651841673645754e-03 1.060378051885913810e-03 7.943687537202300496e-04 6.143057074010381318e-04 5.521585922822964173e-04 4.864358890281572038e-04 3.957466342351810724e-04 3.537833881805883514e-04 2.966494384787941386e-04 1.822851508151070599e-04 1.388482103466623255e-04 1.093412767051399570e-04 6.178024436470792022e-05 3.654159424740795572e-05 2.645067537610243456e-05 2.247774681304107712e-05 1.779024317680605801e-05 1.725358879437260818e-05 1.643550165146058324e-05 1.799236914038632512e-05 1.680643668929269238e-05 9.444686156877003238e-06
1.601777986464675285e-02 1.173148713769080892e-02 6.889672486039538808e-03 2.621347673323001521e-03 1.332258734582419208e-03 8.920398067078712549e-04 7.175585532596660300e-04 5.627854420375806924e-04 4.756476324287423996e-04 3.597297473732752305e-04 2.488008923210123578e-04 2.034934599474738637e-04 1.411970904097236497e-04 1.041506667562620565e-04 7.580805414342878452e-05 4.665109448742287490e-05 2.552984865453017361e-05 1.281174499978835300e-05 7.533882544422379098e-06 6.356907999743892258e-06 4.971289737504186714e-06 3.137627200247177581e-06 3.735121157255782793e-06 3.850208140968704453e-06 2.982505242615102610e-06
1.056676215787845548e-02 8.295497779984645215e-03 4.485832116434217663e-03 3.096103456323726424e-03 2.507824341482393221e-03 1.539944049574539474e-03 1.016800935561284472e-03 8.197872367465131168e-04 6.722792487401090412e-04 5.428192827355930164e-04 3.994974909464226896e-04 2.833478760031672315e-04 1.885850506138517712e-04 1.333680133155145991e-04 8.757882060704640624e-05 5.166459863722069190e-05 3.739745988975301684e-05 1.946939784198753665e-05 1.398085755616763124e-05 9.020233025464511486e-06 7.722376385021652019e-06 7.763124030839499835e-06 6.242445441232870245e-06 5.520376986055670250e-06 2.732225087962057395e-06
4.264413661509977756e-03 2.697463771562105643e-03 1.719768394030811009e-03 1.112841552113520965e-03 7.873223686861774212e-04 6.400892175031571308e-04 6.183433805488426941e-04 5.797055663674871096e-04 5.047652411201689797e-04 4.067568124670369869e-04 3.684544839318969894e-04 3.518559315060989655e-04 2.183663576941561712e-04 1.398855821428419814e-04 7.455684263080287013e-05 4.170827036745244676e-05 2.476480047368226128e-05 1.666889153552605498e-05 1.314003264720889350e-05 1.708681488611086521e-05 7.995231252075176280e-06 5.546795443701484389e-06 3.682953902166909113e-06 2.832759517441283636e-06 2.060487471077351453e-06
3.254076239705856570e-03 2.547070803984074431e-03 2.819083892435189122e-03 2.521207013671374498e-03 2.438612031276393959e-03 2.297434039393389700e-03 1.554584108195129202e-03 9.706575197141061560e-04 7.376503440697481295e-04 5.912999867126910369e-04 4.359442225895003380e-04 3.190987424279812077e-04 2.171338895532159692e-04 1.372006542228855562e-04 1.050739904967974171e-04 7.952016208773564636e-05 5.286966460494346470e-05 3.684301872547985214e-05 3.195191234805919503e-05 3.017312138183553908e-05 3.089158008468051236e-05 2.541511053065837315e-05 2.082087844131276356e-05 1.608331116389233626e-05 8.650206726637339606e-06
9.202952203236677842e-03 7.021767159374608935e-03 4.359414479591147869e-03 2.673343883287912764e-03 1.915622980807022476e-03 1.352475668039049761e-03 9.196943244434497341e-04 7.792145160126804715e-04 6.241142746978623791e-04 5.560881640804875249e-04 4.625974517622904211e-04 3.406893937009820568e-04 2.399405259330496709e-04 1.476972753243030619e-04 8.197548966785086371e-05 5.326949614109112967e-05 3.933030978008263958e-05 2.754172157144150289e-05 1.867847709755427656e-05 1.738835457125159832e-05 1.240660782946704577e-05 1.096626512271648637e-05 6.071902520863804283e-06 3.643122259283207864e-06 2.840433955027337543e-06
7.716831855521222826e-03 5.716384225202590652e-03 4.129961051027396420e-03 3.012817655400470973e-03 2.474766583540895064e-03 1.461279723307071362e-03 9.256179414979373360e-04 5.652703680058795543e-04 5.053487131495157597e-04 3.457085741184656225e-04 2.677429757933354692e-04 1.885334820179317594e-04 1.212686505615542852e-04 8.017530387613344125e-05 5.283730383945588991e-05 3.597326198621894269e-05 2.440874946897959790e-05 1.531506096728686093e-05 1.007371071952868856e-05 6.836010785656611379e-06 7.500904915288877815e-06 8.157322908649348485e-06 9.914378557366909615e-06 1.090060510298629147e-05 8.317828386787873266e-06
7.521347085700983912e-03 4.121035110070529403e-03 2.475512557014977570e-03 1.968797334412554067e-03 1.423707869808037629e-03 1.123928160260380220e-03 7.772024097583545834e-04 5.792850255866593316e-04 4.859343101882019874e-04 3.819149958887208983e-04 2.717886380413485630e-04 2.151280085555913255e-04 1.690998129497382904e-04 1.372163629669415324e-04 9.201351062192702622e-05 6.233381989575992842e-05 3.735513165714662138e-05 1.983997176755460283e-05 1.063559400394832605e-05 6.849411702809103983e-06 5.304596942063159989e-06 5.024743214640310949e-06 3.137490402031577542e-06 2.954097029188459257e-06 2.511609789998781922e-06
1.158363359732588957e-02 6.650160407899106431e-03 2.718007076905105263e-03 1.130881607193785299e-03 8.557239191279470032e-04 7.083352179840017668e-04 7.369329286308658189e-04 8.240666967540607318e-04 6.324992677135759340e-04 5.070646624350707687e-04 3.523400244302084304e-04 2.625406003325493143e-04 1.828610923235994318e-04 1.219545935578656641e-04 6.706727916372520401e-05 3.956486298409454751e-05 2.502074546819348962e-05 1.365883251674795147e-05 9.701389889927779797e-06 5.544699312998294905e-06 4.832273784500062914e-06 3.493437698156049344e-06 3.870013970885109478e-06 4.602962154749552534e-06 4.060894383971604395e-06
8.184571076314969829e-03 6.132232464370851281e-03 2.762976497278066702e-03 2.124170229132359231e-03 1.996661707506822495e-03 1.209567101367654439e-03 1.080804894664619828e-03 7.545981605176809489e-04 5.475879999801916290e-04 4.570244243644551907e-04 3.735963222221859643e-04 2.612628975870205585e-04 1.912283245372148842e-04 1.396374775932677679e-04 9.444083727472276301e-05 6.024866060100829266e-05 3.909985870643625897e-05 2.965030267707059085e-05 3.050864546653623112e-05 3.649416802123899825e-05 2.665801182832051356e-05 1.572978246821994913e-05 1.035923355244292074e-05 7.766061867299188040e-06 7.252631125690509688e-06
1.570980738958461078e-03 1.586761226411571683e-03 1.098122091498547658e-03 6.027167563016567120e-04 6.776016458338006161e-04 5.357955157969841601e-04 3.583711903116288300e-04 3.597585113475822854e-04 2.647875908569345574e-04 2.567866358154635427e-04 2.040549670318345815e-04 1.234299496461794426e-04 1.041481958191569707e-04 8.245153330051251594e-05 8.370881760182786666e-05 6.068437748628385966e-05 4.946529300567965718e-05 3.180174727111596730e-05 1.672832612615327369e-05 9.115859928689967363e-06 6.459160278432856745e-06 5.670354170507229946e-06 3.415136951960487953e-06 2.265344940336851988e-06 2.128173366260859849e-06
2.076532600730779214e-03 1.514162873679477392e-03 1.074683192607941854e-03 7.391268768464559014e-04 5.280232306313724757e-04 4.715137622587485360e-04 4.872519970180425215e-04 3.639123386658408492e-04 2.480068742493565532e-04 1.938752400789504904e-04 1.548990834551528721e-04 1.466525416043053134e-04 1.351379336200465517e-04 1.378037226883308181e-04 1.172638513294122718e-04 9.529782644302736802e-05 5.150603045784467245e-05 2.172704766827414751e-05 1.279802095659152070e-05 6.217448183370988517e-06 5.966328899575223317e-06 4.201697792649741585e-06 2.757152750847862575e-06 2.361252223094978402e-06 1.985747089068176761e-06
6.295608587144152588e-04 1.020427770066913630e-03 7.526867125617251429e-04 6.219387777689135578e-04 5.828458889232659632e-04 6.170431209764521167e-04 5.537003462689606224e-04 3.648482083077960077e-04 2.748106171095666332e-04 2.376338042646912018e-04 2.000723261878941642e-04 1.410353478542194627e-04 1.144862708523656294e-04 9.882610021552516071e-05 8.200251312553970371e-05 6.465324944098744327e-05 5.214479370951700943e-05 3.948783808246622876e-05 2.019156496679255360e-05 1.140727030443878074e-05 6.507681399710225628e-06 5.368474514040542403e-06 4.601900546589579833e-06 3.504339326849588646e-06 2.228213982695548104e-06
4.648222425008996343e-03 4.439173670429026781e-03 1.996101436970773059e-03 1.508656936235672468e-03 1.063546244823059895e-03 7.562202249390316414e-04 6.317449506213442846e-04 5.351071739141560236e-04 4.581963775037952748e-04 4.025785526494970274e-04 3.490462642824556662e-04 2.867906468707307377e-04 2.268541211200659287e-04 1.528985077911501644e-04 9.541083840299871522e-05 7.268728431192867235e-05 6.068234583375234798e-05 4.519492229544706737e-05 3.270375329847678041e-05 2.252131619596879842e-05 1.420942476491730990e-05 1.240263315395135431e-05 1.555422791112766418e-05 1.167189470986892724e-05 9.748176598092229319e-06
8.324213517659636088e-03 4.804112258759127979e-03 3.035051579809862430e-03 1.992304280291470886e-03 9.243334633774746845e-04 8.221421107939551635e-04 7.080079473155737220e-04 6.308897532230706498e-04 5.453077778447176479e-04 4.354985969522655429e-04 3.993759294749765223e-04 3.655825106496986168e-04 2.748914815909413146e-04 1.583044318250956815e-04 9.602382710639002252e-05 5.035813497646807348e-05 3.250753507228757637e-05 2.746837083354114971e-05 1.749930012805525105e-05 1.074364629450168273e-05 8.849405708479631861e-06 7.549953620044426482e-06 6.632268395550197693e-06 7.177778971876998612e-06 6.837098875795344019e-06
7.593414464830541616e-04 1.001127490847255946e-03 6.269834598889040961e-04 4.072695432376480956e-04 3.977823077481811129e-04 3.593259290904298278e-04 1.916208069511508773e-04 1.114589416297825318e-04 8.775613180179231757e-05 9.869942012688664719e-05 9.855645869871115848e-05 8.759281371861235923e-05 9.362935247107474150e-05 1.052469684425500049e-04 9.574665978662357099e-05 8.224545908980064927e-05 6.610875289849589261e-05 4.034739433657607974e-05 2.253568009597318366e-05 1.459579493652259003e-05 1.039949503871409379e-05 4.866854417970355938e-06 3.471576329589061796e-06 3.123817795607891325e-06 2.978834632725163138e-06
9.152184787111508624e-03 5.153730302677865006e-03 3.266528811990471268e-03 1.884985118140630788e-03 1.235144999970632859e-03 1.057902028506001483e-03 1.116271262578622100e-03 9.429254042936789952e-04 8.322879893241995168e-04 6.221429244340687982e-04 3.884462342426152413e-04 2.552365924243261692e-04 1.475291425347105187e-04 8.387744979661444777e-05 4.865026208131603718e-05 3.813922682841251369e-05 1.727259157589277109e-05 1.250210753727176611e-05 7.770725884930407531e-06 5.756987938316629572e-06 3.338865601331460473e-06 2.180126199359498945e-06 2.020199046697244360e-06 1.807402518044490485e-06 1.725193925960468131e-06
2.554400007560679153e-03 2.112646541024222092e-03 1.483575392561768463e-03 1.180061371809070989e-03 1.039500864395969141e-03 6.605566934998569019e-04 5.685993863106353179e-04 5.330560992639927099e-04 5.111475150839730770e-04 4.520986095573868865e-04 4.020407353704400985e-04 2.989543194458726787e-04 2.001842878454725616e-04 1.395608068915671243e-04 8.252205890060071252e-05 3.732219624786233409e-05 2.349090208363348650e-05 1.520845193963128814e-05 1.155179510277800517e-05 9.766130683117226817e-06 9.190349022855645654e-06 7.812674200200364982e-06 7.177718378608463867e-06 9.608344809318237264e-06 9.881688395468245868e-06
2.375729308078713183e-03 2.022923634060298011e-03 1.212995821677596321e-03 1.026725329353514980e-03 8.788657482649932023e-04 6.075194001800324987e-04 5.567037522663447835e-04 4.769104754017178694e-04 4.073443666435157002e-04 3.469447665632793419e-04 2.782518745719820847e-04 2.039395899561246021e-04 1.511227449744026224e-04 1.070200063272176282e-04 8.181396271398162421e-05 6.713235677358369224e-05 7.169042142586433853e-05 4.679658499658335112e-05 2.952688595867071652e-05 1.506708260292837131e-05 1.254105516496157856e-05 8.067765367202723269e-06 5.841365867823944150e-06 3.898242345368075608e-06 3.964741763861886842e-06
5.815703427247045226e-03 4.157431876488545432e-03 3.938142205301830602e-03 2.379646147765409302e-03 1.439067042651906133e-03 9.865613809968214968e-04 8.737122831644368983e-04 7.372936463524432235e-04 6.209173339299604161e-04 4.660577189986764876e-04 3.289776960599143422e-04 2.232139319805937112e-04 1.452813890991149685e-04 9.794106933139593333e-05 6.474971978861675736e-05 4.903527876265599848e-05 3.638890367000510235e-05 2.197533558688117222e-05 1.626986642772133341e-05 1.087543656613209475e-05 6.292793419477303143e-06 5.616766740646222825e-06 7.044047514463127132e-06 1.014012140032717519e-05 7.585764959513677958e-06
3.906972233983889431e-03 2.528847445534491978e-03 1.307157074404282412e-03 9.102337835290147654e-04 8.316919177761245919e-04 8.361176139516442347e-04 8.776721360399654479e-04 7.678267684132623720e-04 7.352222157847817553e-04 5.945343492247917409e-04 3.708774660097996848e-04 2.443864782137490101e-04 1.812889745253009406e-04 1.194655116303944726e-04 6.978539370990844890e-05 3.620509177741701565e-05 1.975310128895257605e-05 1.280894502866621063e-05 1.028418142239254248e-05 7.848124353700712256e-06 5.176716048843262492e-06 4.035919649830153481e-06 2.881655760572164306e-06 2.793420095651554217e-06 2.674666145177214433e-06
1.202653218275710582e-03 8.469153722764650311e-04 8.136288702837382461e-04 6.940371039394449375e-04 6.587854591822279960e-04 6.193356269270510091e-04 4.740356850435922570e-04 3.578211340010809308e-04 3.467139370891207770e-04 3.282554354780636645e-04 3.292685068817659093e-04 2.883778281780994299e-04 2.049949812406889991e-04 1.646373511332432796e-04 9.911866446199875088e-05 5.802604399816062742e-05 2.882443013971573676e-05 1.612197990695428228e-05 1.293016661541369937e-05 1.103802765551530867e-05 7.886723778970332869e-06 5.197644096716494882e-06 3.225414313764445332e-06 3.270585312466161354e-06 2.605938019665363294e-06
1.066547577080837611e-02 3.672192514551267817e-03 2.327060164469441691e-03 1.337790840562064773e-03 1.340061487693648516e-03 1.203552621709467205e-03 1.050821295439544967e-03 8.518751811563319990e-04 6.544487156065994420e-04 5.571852997275165411e-04 4.236274393112502887e-04 2.720270570427909987e-04 1.706748638284561934e-04 1.134788062773884823e-04 6.973770238204031978e-05 3.489265765641626780e-05 1.980313270774448217e-05 1.043333181707842024e-05 9.109214801327080685e-06 6.228268041338922181e-06 3.742331241596844696e-06 3.372513675611749275e-06 2.973059615134062553e-06 3.501622646330937309e-06 3.577115044372804148e-06
1.796071731079474081e-03 1.823343646355410222e-03 1.574738757103473236e-03 1.160850225682641575e-03 7.288512141689208572e-04 4.916992749854999295e-04 5.453486994504283189e-04 4.123005406892842452e-04 2.607564692866608637e-04 1.816921988103601911e-04 1.388035175680363677e-04 9.379303410158323939e-05 7.568271611746526541e-05 6.686015551453075763e-05 5.641241387173151088e-05 4.360646377805427247e-05 3.434294692837530194e-05 2.118077093835320592e-05 1.651977818152942370e-05 1.551923201727157061e-05 9.663751547072727322e-06 5.436289569065704036e-06 3.284488428637903491e-06 2.523943691586839543e-06 2.382946678462194334e-06
5.207117173711330732e-03 3.132323352773294742e-03 2.025141737407203709e-03 1.356061510974995591e-03 1.258766221666415830e-03 1.003672188110205738e-03 8.734023349608924756e-04 7.040605440001689724e-04 7.685132161474037601e-04 7.536071191077797337e-04 3.531359264520697637e-04 2.298806370314589024e-04 1.715169376797797719e-04 1.290057063453234202e-04 9.455275458720631702e-05 5.309090381929649940e-05 3.004723417487991535e-05 1.628845873039625641e-05 1.126344635989581754e-05 8.286464830603251669e-06 6.480079905738439367e-06 5.180978770341735330e-06 4.507573057386758461e-06 3.046968755898831616e-06 2.355246192675881232e-06
1.061497100016459486e-02 1.105991061814835114e-02 6.567726800711966642e-03 4.250035133296876239e-03 2.212601479562713563e-03 9.445069416754143079e-04 7.795361719298425944e-04 6.434702904622368810e-04 5.623764928204195209e-04 4.442383697485703144e-04 3.417893397355826058e-04 2.550668377817207066e-04 1.665144464697441626e-04 1.088875257385322608e-04 7.328986260599021374e-05 4.688523328666411140e-05 2.965929018873855632e-05 2.033246989851535984e-05 1.470528153403549553e-05 1.137655365204048951e-05 1.184368464167403692e-05 1.416329837217019688e-05 1.532516611046182812e-05 8.359279975921253834e-06 5.172885815033436579e-06
7.223528161213099187e-03 7.748612733300068445e-03 4.640142725887834094e-03 2.865776595225078428e-03 1.937973001839556021e-03 9.432062617854029612e-04 7.148038852174865183e-04 6.783316758922534146e-04 5.468455508981220556e-04 4.104889562528493425e-04 3.177202523755318911e-04 2.276469245669752485e-04 1.549508474797755371e-04 1.050558907279894707e-04 8.143567964930705752e-05 5.556565950964284143e-05 4.465933897710090591e-05 4.466598268405692321e-05 5.004270753809919467e-05 4.969140557751801758e-05 2.473464483352959782e-05 1.124431441399999073e-05 6.021863976716293070e-06 3.769212674340942063e-06 3.615241765565800554e-06
3.427419522004865673e-03 2.660538064933604552e-03 2.224826918611136437e-03 1.397930721349498499e-03 8.277296166172638976e-04 5.873542955173854116e-04 5.499148285560497050e-04 4.078332239254033086e-04 4.208622830339147562e-04 3.671506453245635955e-04 3.846829542744612234e-04 2.652723805989755032e-04 2.228291939746251981e-04 2.149350882635996367e-04 1.279128546048947902e-04 8.970120911166014430e-05 5.924468388466577301e-05 3.588054574159225941e-05 2.020499530848755981e-05 1.736678352247846821e-05 1.034318302567734606e-05 7.286423092553898284e-06 5.734739887090097067e-06 5.832278137937321408e-06 4.197527107352416754e-06
1.252158087692469522e-02 9.485298766168739210e-03 4.941635848535560170e-03 1.963542123136670110e-03 1.147855236038251153e-03 7.466002293937324579e-04 5.819303300382646553e-04 5.799971115883040913e-04 4.721005976412348233e-04 3.967423444362259098e-04 3.344634410750369131e-04 2.697134132475524811e-04 2.215553343917005431e-04 1.403567091386795905e-04 7.376778939609144952e-05 4.538577818302370274e-05 2.170684983928285088e-05 1.141306280124478415e-05 7.980277791141326675e-06 7.189561022164928340e-06 7.246457153046112362e-06 3.908107846495859640e-06 2.692527051088409097e-06 3.478330078297462153e-06 4.660702791775438094e-06
6.780632180305655801e-03 2.673894401488212912e-03 1.042896454638548350e-03 1.009941685728732354e-03 8.109824973063894504e-04 7.803296954320944681e-04 7.133940042244402494e-04 5.586353235576507585e-04 5.590751316703582337e-04 4.746318385208148386e-04 4.126039419402726814e-04 2.932773802144681904e-04 1.999982110981530148e-04 1.404007099522495202e-04 1.659511100312792919e-04 8.595645622455310559e-05 5.175630102874459216e-05 3.185346757029278788e-05 2.243321951502886218e-05 1.609076460824939922e-05 1.312361038013052775e-05 1.322329954420809749e-05 1.276419011069530015e-05 8.206742799795004433e-06 6.109132283493563545e-06
4.628805795266290914e-03 2.465398720843281922e-03 1.455215836198408197e-03 1.369589502591543736e-03 1.141579166969079392e-03 9.970278061547440274e-04 7.875427542577596732e-04 6.886232116839980993e-04 5.157146536429389446e-04 4.264147055781654068e-04 3.262810469156152615e-04 2.474781289888613447e-04 2.021906866539272267e-04 1.594909886520977219e-04 1.023614119072664247e-04 5.498164191116785041e-05 3.242265252692876694e-05 2.065466607152731534e-05 1.688209235675526828e-05 1.387738430684668898e-05 1.432350826864227383e-05 1.143240422519556931e-05 1.019265388485839235e-05 1.776486305923046823e-05 2.186627628790176761e-05
8.294051982432859224e-03 3.735835274382471455e-03 3.328322954566690760e-03 1.774830256447772550e-03 9.657258851424743587e-04 7.761582753837205926e-04 5.660912064715900539e-04 5.213224881958555476e-04 4.221876516285142517e-04 3.632934484804787125e-04 2.938023820963350579e-04 2.339270731530929972e-04 1.773607056381294126e-04 1.450161505679091966e-04 1.005136609833777233e-04 5.460688286589855092e-05 2.613630243610196149e-05 1.356122954522269998e-05 8.366791151529159130e-06 5.841821085536073448e-06 5.085681255401488265e-06 6.395701613799641716e-06 4.641760855864243128e-06 3.438934807007948521e-06 2.604074144156925554e-06
4.037786580760819449e-03 3.243345320084811429e-03 1.839973921993043500e-03 1.817534901336665450e-03 1.370424938483680603e-03 1.349327242978285921e-03 1.117734629651725075e-03 9.206896384126215215e-04 7.704983704541589883e-04 6.099202031476111613e-04 4.106462113046297976e-04 2.281890160641284956e-04 1.338632299410263320e-04 7.822553359166468587e-05 4.489300710843693881e-05 2.634746512930337647e-05 1.432863415882930110e-05 1.069507826376217880e-05 7.216571593981179509e-06 4.809603718733011104e-06 5.068610188852069573e-06 5.276240070721197169e-06 3.799241604393837412e-06 2.935805515228533418e-06 2.477343974350630178e-06
9.916608400572053325e-03 8.629729912153343355e-03 6.751534092459838404e-03 5.407946039857809174e-03 2.980276919061488825e-03 9.155193075723748507e-04 5.563677189963295907e-04 4.289989181047333395e-04 3.710272292410033063e-04 3.684468313309599932e-04 2.953104550368171625e-04 2.573067839422040729e-04 2.042206280968715169e-04 1.637710704720761197e-04 1.122463529531585034e-04 5.759327473544357168e-05 3.688290374109045086e-05 2.234381992319770237e-05 1.254075067234296116e-05 8.920283985919203322e-06 6.748325561453862397e-06 6.195412311205185565e-06 4.475652516181020576e-06 3.415167367356342770e-06 3.084414207515142182e-06
1.296725559324236193e-02 8.422291043661515528e-03 2.679961990829530204e-03 1.876215166587421896e-03 1.592196573396191571e-03 1.047646860194420635e-03 8.499639527513675125e-04 7.655430642324682336e-04 7.531584797358504115e-04 4.803160217007837484e-04 3.453230787446691244e-04 2.874770011603036907e-04 1.730510236679438192e-04 9.651858564107309831e-05 5.714384176945603086e-05 3.090310039428164539e-05 2.109097306700638577e-05 1.050655609821098332e-05 8.045099435930746931e-06 7.877883586729857754e-06 4.348366962147796196e-06 3.386336194089300869e-06 2.774224752543246330e-06 2.742878110034215083e-06 3.686426151517678662e-06
3.134225668127316525e-03 1.360034057210401546e-03 8.722960834659992469e-04 1.011219502481219877e-03 7.775610316193109746e-04 8.382057569776153174e-04 7.782633381303275151e-04 6.509249094147233133e-04 5.544970549095655423e-04 4.173665063611016642e-04 3.284575093611683590e-04 2.423868942711817167e-04 1.642401861494729651e-04 1.242727676043019853e-04 9.034520774777746665e-05 6.751578765375873732e-05 4.304387477800904405e-05 3.038150994258095560e-05 1.475540442113402438e-05 7.524479463714560654e-06 4.214854556843754912e-06 3.489073252303160860e-06 2.456176232941696136e-06 2.496207781746917551e-06 1.936259372508992263e-06
7.888003422408609161e-03 5.386563169479025026e-03 4.423522496257394597e-03 2.171809506896677216e-03 1.226338278293779508e-03 8.058967891824759438e-04 6.367687462293668320e-04 5.811289708273555555e-04 5.618153166662388179e-04 5.212605228934279449e-04 3.191508125510024809e-04 2.279886297020121183e-04 1.867710169086882264e-04 1.582698829758839225e-04 1.270097216782962004e-04 7.610010087968477994e-05 4.341357968156282120e-05 3.186826819909602964e-05 3.033017808272087804e-05 3.337406035379346489e-05 2.190225961284614860e-05 1.890248938839687550e-05 1.167409729704889201e-05 1.308558089462429384e-05 8.267300599516216370e-06
1.164330739074164768e-02 6.061397074549415738e-03 3.454178184325789464e-03 1.482556188722900913e-03 8.132232499473609480e-04 5.729408179063394174e-04 5.588355634066178397e-04 5.342050116121232085e-04 5.172196339425900145e-04 4.289134098220667496e-04 3.142280252169612239e-04 2.351396998220554890e-04 1.665030781942889089e-04 1.235009511470790329e-04 8.668219901877411142e-05 7.535068487485137236e-05 4.347165373191229007e-05 2.908815732859227235e-05 2.345882590783564695e-05 1.793637279335060113e-05 1.391653151582401456e-05 7.943107130791916988e-06 5.080968894595933590e-06 3.109640908134983173e-06 3.054145579376336280e-06
8.199567531726395173e-03 6.412610994498019537e-03 4.240928655940236734e-03 1.999116167772844663e-03 1.445626103357445852e-03 1.254294023869586844e-03 7.440446211141570889e-04 5.533314013406348845e-04 4.605992209984860713e-04 3.950991583892893614e-04 3.385049253187163401e-04 3.049794397079833843e-04 2.115796903341395042e-04 1.309686007370954822e-04 7.372745018580232669e-05 3.711606656885375682e-05 1.946183574250642830e-05 1.097463728202636502e-05 7.012628503294927712e-06 5.304092756180402926e-06 4.456959943797897327e-06 3.976817185670712621e-06 4.137829921238527039e-06 3.505926240797677681e-06 2.973154888974713437e-06
7.640231152923288114e-04 4.835046691687898217e-04 5.149446177517632986e-04 3.848829956089763033e-04 2.976464858046594017e-04 2.740587391903043821e-04 2.033617364935060403e-04 2.007019210435213874e-04 1.519573813702395965e-04 1.146180473951519233e-04 1.191968275895290537e-04 7.966748856707631652e-05 6.186832570281045008e-05 4.630805313191648713e-05 3.830981587259326901e-05 3.281672025416177861e-05 3.259358899618140169e-05 2.621970886770916813e-05 1.918693514806492345e-05 1.553016523804025978e-05 1.060826125019791303e-05 6.411405604905953126e-06 3.715076370292072477e-06 2.420454328030646368e-06 1.915318513309350230e-06
1.118293620609864779e-02 8.722128661017011092e-03 4.306792249145715602e-03 3.517026894564990579e-03 1.371157162608161546e-03 1.158309660238148603e-03 8.506762148934672498e-04 7.424694639322073709e-04 5.853515114478606389e-04 4.285023064279578622e-04 3.415681520187516381e-04 2.357544925440825526e-04 1.785662526379582806e-04 1.334615219859406655e-04 8.783351716647908611e-05 5.849794587990837373e-05 4.216675192434759747e-05 3.001600289131242541e-05 2.696455301472425569e-05 2.481423532942790758e-05 2.162376268175400079e-05 2.188384798486979273e-05 1.638222242700994647e-05 1.054938355917429178e-05 5.005469751386371370e-06
4.670217857534352500e-03 4.838760647829535785e-03 4.043828656540996228e-03 3.541884440610735315e-03 2.245494262024992638e-03 1.631839645554486115e-03 9.593963219705713532e-04 9.262497466895143385e-04 7.010341148586301044e-04 4.773646716066037507e-04 3.680079374722702249e-04 2.318022580301640765e-04 1.567986553399506396e-04 1.015776960810907100e-04 5.141148788724353766e-05 2.906268021740305823e-05 1.735494962393653020e-05 1.101757441828039875e-05 7.053202690628119709e-06 5.450872385708502265e-06 4.186297239183618838e-06 4.714382766177769850e-06 4.795358031522902004e-06 4.796385392322867669e-06 4.926633614758246681e-06
1.068322698744286411e-03 2.220401896167161198e-03 8.754739622962061374e-04 7.916565397497627452e-04 6.384515031201583313e-04 5.081969286988735927e-04 3.297561522117109598e-04 2.581678358560383110e-04 2.108162365747264248e-04 1.969114211471364236e-04 2.288070590394436694e-04 2.759757522987456779e-04 2.436626052775505596e-04 1.852922377701933325e-04 1.121873455819714477e-04 6.541207839466542341e-05 4.048948763565011913e-05 2.003703402595644149e-05 1.067825257792742498e-05 6.673794335707853412e-06 6.873228627846815558e-06 4.819803023668871909e-06 3.916282234398386512e-06 4.074707899080308138e-06 4.951648489132865777e-06
3.967455372018517494e-03 2.699712886194368701e-03 2.015500172331686178e-03 1.441292005803785671e-03 9.370251739480382324e-04 7.670540403899405021e-04 6.684168224112771190e-04 5.965495369296911756e-04 4.974001705934468680e-04 3.870905327664382069e-04 3.096925065947250203e-04 2.718493842306340231e-04 2.328592770353026041e-04 1.488476359618642181e-04 9.260812739684200928e-05 4.420924776424450814e-05 2.653882788516296338e-05 1.456614244951350134e-05 1.126988468575611212e-05 8.608918966593847433e-06 9.255811668412731988e-06 1.008869383248348231e-05 9.418908498683087872e-06 8.907343732407984501e-06 6.233615741413912125e-06
2.209266221625263808e-03 1.420406039983757984e-03 1.376756475330560532e-03 2.539338205371299752e-03 2.276987130015549390e-03 1.493281198174109883e-03 1.052018275198142970e-03 1.081168095937058834e-03 8.459305425837367835e-04 5.773170809041278410e-04 3.773383550191598064e-04 2.264306025068936728e-04 1.803911649106464869e-04 9.689978403211648719e-05 6.009331291212981002e-05 3.646301375525765444e-05 2.495503502752640561e-05 1.836664922235732475e-05 2.169569843527643598e-05 2.373898119563513297e-05 1.912486394907261024e-05 8.521674267677553527e-06 5.960029605530223391e-06 4.757896822803311986e-06 3.142604579063383876e-06
4.583696407964312457e-03 4.251650665155996302e-03 3.371658144554273099e-03 2.248387443856542794e-03 1.797236876475232469e-03 9.940110319927285016e-04 9.202848715649295484e-04 6.674019876039828355e-04 4.793638355114540877e-04 3.871900146107963353e-04 3.742227360550795805e-04 2.824357281068674299e-04 1.912121400644747058e-04 1.354418453239609554e-04 8.739396365802996859e-05 5.395108367224153831e-05 3.374328110123500006e-05 2.683018409332253151e-05 1.438405878474227832e-05 1.208257938768056220e-05 6.702027144243744480e-06 7.314669477541767098e-06 8.300790053024970132e-06 8.947231191376182400e-06 7.641066216937247721e-06
1.236914180949422876e-02 8.598630574004622815e-03 4.592107987243705843e-03 1.670851398790235533e-03 1.080658691758283651e-03 9.715532734808488610e-04 7.414815647769245526e-04 6.378625887216690703e-04 5.320426883784247236e-04 4.271340713320963376e-04 3.361149252404964567e-04 2.489811962022863041e-04 1.419214306057259745e-04 8.942423858044199945e-05 5.615865670122523900e-05 3.304041795397691768e-05 1.630745231729062873e-05 1.424371770438273644e-05 1.034098748646577950e-05 7.532197800632420344e-06 9.924250669841947880e-06 1.423803844706785254e-05 1.225981937696545652e-05 4.158962069413687352e-06 3.344349104077754381e-06
3.808145046657562989e-03 3.771230203675221201e-03 3.114053236280987704e-03 1.272072248691321185e-03 1.025698488061469729e-03 7.474214231830512761e-04 7.404794631944688335e-04 6.223056914923452351e-04 5.411742225275320518e-04 4.878175699932964129e-04 4.391202946019834167e-04 2.651828722199822577e-04 1.745345608600453976e-04 1.101854434495441374e-04 6.276272020289510364e-05 5.476683755193793065e-05 2.478765756579053668e-05 2.313737981149614309e-05 1.509984606529123742e-05 1.059970802785305866e-05 7.797384558585235579e-06 8.693033594387926825e-06 9.392887698856493826e-06 9.616226049293132147e-06 5.620688581017569377e-06
3.405172673621612630e-03 1.931221755970567722e-03 1.602699736624089598e-03 8.873883656998498735e-04 9.907539345755565167e-04 7.182249479215320129e-04 6.636200006140489244e-04 5.272095652071572816e-04 4.707908308699434411e-04 4.057659967016983768e-04 3.403138549437427192e-04 2.838819765922646725e-04 2.203382942563047509e-04 1.576247236951741344e-04 1.137047880246793178e-04 7.529110958289330475e-05 3.654080823888993142e-05 2.243004259845055812e-05 1.511961168331984067e-05 9.926642170779766082e-06 8.941857928007796675e-06 6.963530453379241792e-06 6.973912607071793603e-06 7.138807324348354203e-06 5.181150959291007620e-06
4.704834947614748575e-03 2.305777276916629124e-03 1.134377190309893493e-03 8.547346924845534294e-04 8.849599033116971932e-04 6.909612129193438588e-04 6.725587693549163297e-04 6.413617129632080173e-04 5.908610375324058195e-04 4.600359685942469862e-04 3.931016462862891095e-04 3.814585450682614061e-04 2.484026682305807304e-04 1.395945723230338734e-04 9.406410761046582556e-05 6.883458712594722393e-05 4.124837791227826218e-05 2.606258293521127348e-05 1.332617745652117678e-05 1.077858571477998867e-05 9.015323826926551268e-06 5.740621013006263416e-06 4.362580380770963394e-06 3.350377486730529072e-06 2.820577175994784337e-06
9.124437398400306667e-03 7.082582894157968614e-03 4.429222346036133795e-03 3.437987072056868706e-03 2.621324010425964742e-03 1.314890551682790362e-03 8.541256921572977978e-04 7.753372119630264157e-04 4.850212830337867595e-04 3.761870934845475719e-04 3.167060831005970279e-04 2.647564653225449789e-04 1.703742753115951010e-04 1.046356957320995800e-04 6.467578125132947113e-05 3.877888215669852002e-05 2.543659010321902060e-05 1.500525497357192699e-05 8.443200076896721347e-06 7.985762348457104773e-06 8.911709300309557521e-06 6.859263965470541370e-06 4.703587733313449229e-06 3.466129324070287017e-06 2.612230250353830219e-06
1.525259510395191552e-03 1.499984212424870225e-03 1.200156196175108459e-03 1.497331155777122721e-03 7.296502928178781079e-04 7.172722724001661439e-04 4.559782392702872895e-04 2.357490308084178783e-04 1.896004063982057244e-04 1.804084995301952958e-04 1.532900152957119536e-04 1.399033962711130426e-04 1.240290880747953422e-04 1.109310190697083493e-04 8.062093330417307820e-05 6.117331056687540399e-05 4.524442363898462625e-05 3.941684568068351812e-05 2.599177806602013372e-05 1.280592032213561198e-05 8.728454314955505286e-06 8.401365688844048623e-06 7.572756454253402986e-06 3.771403511066095820e-06 3.655878997160781629e-06
9.133966053017842160e-03 6.929176288361290140e-03 3.705711484011504908e-03 2.339705667606106331e-03 1.287406861753839131e-03 7.908544108735667379e-04 5.838230760984660945e-04 5.755442374288169405e-04 4.909590715696863887e-04 5.186320274670730944e-04 3.811699788057396347e-04 2.598968425897393744e-04 1.960108650199375308e-04 1.440014050266183562e-04 1.007212772305641346e-04 5.642468662497334347e-05 2.967971546261634539e-05 1.804241846268334604e-05 1.254733020911403681e-05 1.088112631617359692e-05 1.721695990697516416e-05 1.292306601056059196e-05 1.355338201804629660e-05 6.451506978683898306e-06 4.767664720568554805e-06
3.917495886784769753e-03 2.471686178268790637e-03 1.818615042221214360e-03 9.823007755919261567e-04 1.102128605676247182e-03 8.207962484935619292e-04 7.212272242708753743e-04 6.309183405147038423e-04 6.344768348411995631e-04 5.259551460157911888e-04 3.654755632988950843e-04 3.029051302280801787e-04 2.149497819232853209e-04 1.381802831527944057e-04 9.549481169696809357e-05 5.535567500745242037e-05 3.488488530109143496e-05 2.156511061316403202e-05 1.630621446790206204e-05 1.387066823675065712e-05 1.083622406897141483e-05 7.514866040736961320e-06 4.595831202697062805e-06 3.755836306388909977e-06 2.602865922632967754e-06
3.588893679813031073e-03 2.057471105301697002e-03 1.464618062694359249e-03 1.116555540000789938e-03 1.126342604492333371e-03 9.785892756473766468e-04 9.204322003950539573e-04 9.305602440026883694e-04 7.080649589468965017e-04 4.853877121305727655e-04 3.899347807306892291e-04 2.796360718323169948e-04 1.790726764333224776e-04 1.074888620424637906e-04 7.798775484495321011e-05 4.486525258234703772e-05 2.722708069642468964e-05 1.680739472955354794e-05 1.257635186148100307e-05 1.127829322589184138e-05 1.349725781987029916e-05 1.478510330010762212e-05 1.164749071891024815e-05 8.630704415133596405e-06 6.717940803272116511e-06
2.795108655637557407e-03 1.507847117817497822e-03 9.873992930378946466e-04 6.780698869759158942e-04 4.548319025862957387e-04 4.927626159490745101e-04 6.628099337582509399e-04 4.833763757646558699e-04 3.623856336397410531e-04 2.812324795479759481e-04 2.451949651200397784e-04 2.377508517891072440e-04 1.916468507980608426e-04 1.446868938803059460e-04 9.716498894344734942e-05 6.789562829456330785e-05 5.069990449657166585e-05 3.678989862681544603e-05 2.531836477642655038e-05 2.203184192030919851e-05 2.134893619632608595e-05 2.610753222679849386e-05 2.213243745842587566e-05 1.093143131559216693e-05 6.997196711370174715e-06
5.804556821498439365e-03 3.986903083818110413e-03 2.999766625567395258e-03 2.494794148461584003e-03 1.469038120535597763e-03 1.235823683714415856e-03 8.852363300030556634e-04 7.094821492857938993e-04 6.002242581365220368e-04 5.486280415706734507e-04 3.768074387612911874e-04 3.000907134363966383e-04 2.003181094688332245e-04 1.337914132202246327e-04 7.575627640181195849e-05 3.653656590062161430e-05 2.006264224685884326e-05 1.622599302089124197e-05 1.200242600073917679e-05 8.407338756422120076e-06 7.060702490423252558e-06 4.969019720537049963e-06 4.097728656079976363e-06 2.798237122394370001e-06 2.871975546805924965e-06
5.155342139700724337e-03 3.078282034804188504e-03 2.605478391188942398e-03 1.411403417286629389e-03 8.269927043499829874e-04 6.914476392965765959e-04 6.124334946609333178e-04 6.719893173208072237e-04 5.432714736346716403e-04 5.265877898315116275e-04 3.628674077147822988e-04 2.148794761327065179e-04 1.828374662050687833e-04 1.103818416748845592e-04 6.504687233915696482e-05 3.965303233745306306e-05 2.699106585568584018e-05 1.646856908387480032e-05 1.195713270689844117e-05 9.608344472335528748e-06 8.231830451026157366e-06 6.152175380406550608e-06 6.097166930178577352e-06 3.577599599168818942e-06 2.355745744355185559e-06
8.856242800780669486e-03 6.435378709202378526e-03 2.710720300093738717e-03 1.902472571544118560e-03 8.637958895668247086e-04 6.587901035458964931e-04 6.049437441309583885e-04 5.274189497511134594e-04 4.382444109284580505e-04 3.760192901351423170e-04 3.222769100733266783e-04 2.733913447372334957e-04 1.943660363188598277e-04 1.444939607282725040e-04 9.486811859737485464e-05 5.805620479523488948e-05 3.500988407999115006e-05 1.799822829769403206e-05 1.154156219636422866e-05 6.509337556606597512e-06 6.188513189045309916e-06 6.548719606890555035e-06 7.447697249117913279e-06 5.159712984641962461e-06 4.593435310530718985e-06
9.035782679031316867e-04 4.953657892922999195e-04 6.627510995228563708e-04 4.551550713047428738e-04 3.587025729127150671e-04 3.722394767762342814e-04 2.529082736125763198e-04 3.010960735862316094e-04 2.539620131147938024e-04 1.896439564895423279e-04 1.571209653999458165e-04 1.394840748416890746e-04 1.074254199106949154e-04 8.089792797791995173e-05 6.829655493843457190e-05 5.854747523329682069e-05 4.796526763476103178e-05 3.228099505898210023e-05 1.543117797606197348e-05 7.322460152497935160e-06 3.477143600898534988e-06 2.502655101593303230e-06 2.210206057935917495e-06 1.877888847263329139e-06 2.034257590506654291e-06
1.095423635774287483e-03 7.985895537858140204e-04 4.799775351125016480e-04 3.055201962314770740e-04 4.039584114598209104e-04 3.670593235801846571e-04 2.821794342764233853e-04 2.087349638372877571e-04 2.236733745888631539e-04 2.330529175815411621e-04 1.481472621856029840e-04 1.130485502855255945e-04 7.935251627852821102e-05 5.356962018459253248e-05 3.999949479365206260e-05 2.942865400231260575e-05 2.443472933030065467e-05 1.808169691716369310e-05 1.339023035731480068e-05 1.000220731344844326e-05 6.789748061137243201e-06 3.751131966768914154e-06 2.560155261905362480e-06 2.119081265872570015e-06 1.814193008731846181e-06
3.835437776469895893e-03 3.800340340137004207e-03 3.431544115393851072e-03 1.972249031515111838e-03 1.455656264734845641e-03 1.054478705447484902e-03 9.443579151574651607e-04 7.422618894740365533e-04 5.704632547425301332e-04 4.044094339249155816e-04 3.355190423369969698e-04 2.466650405417012597e-04 1.907436643791926383e-04 1.231651680752716136e-04 6.391537991411688996e-05 3.026322440096994822e-05 1.569227662470836052e-05 8.518489872635886639e-06 6.304766920175011869e-06 4.926835234445522926e-06 3.650150629211542412e-06 2.768610431358402393e-06 2.084045172229664341e-06 1.835597329373356875e-06 2.557659430111892726e-06
7.253522548901066187e-03 7.385378226727828954e-03 4.201242325255654872e-03 1.796591494341206584e-03 9.183442812601503441e-04 8.267202924444326832e-04 7.038588522849955308e-04 6.446569505870096764e-04 5.652733108222302927e-04 4.534208376797965734e-04 3.634067359667729675e-04 2.815022375006939054e-04 1.998716167847389082e-04 1.269303447450757002e-04 7.612493228008149432e-05 4.590747538670243504e-05 2.643312886653840095e-05 1.539764666209308028e-05 9.563133281988806669e-06 7.906263785325986807e-06 7.890966506176921223e-06 5.167588400830003918e-06 4.994409034285301385e-06 4.234573988343605857e-06 4.820513808480889357e-06
1.277532498455995940e-03 1.470875221528053891e-03 1.295669744902454333e-03 6.741783911178842771e-04 6.947746438849761522e-04 4.364157466482727790e-04 4.131615943169995278e-04 3.043277264918722099e-04 2.536334754626958692e-04 2.392570888742692617e-04 1.566296609442836591e-04 1.180246626485850585e-04 8.777325162325597834e-05 7.096622202616250838e-05 5.175932021732932732e-05 4.132050491972746572e-05 3.431832601540226840e-05 2.432363937231703049e-05 1.633023517063188090e-05 1.114414643753333213e-05 7.004507611250758382e-06 4.359277718975662295e-06 3.271675318537693538e-06 2.810063397849992155e-06 2.361298274237562289e-06
3.911583835300568024e-03 2.104424742959147901e-03 1.330856613402771772e-03 8.660813265540142887e-04 9.595617413570302866e-04 1.133931533437772601e-03 1.491066240392059650e-03 1.193984197888268636e-03 5.980999636319122691e-04 4.534911077634250134e-04 3.411327931813613705e-04 2.569043710502424711e-04 1.851533685614263538e-04 1.282534528657218583e-04 8.567629518524981687e-05 5.133032523590390763e-05 2.926521775550826456e-05 1.793204531986003085e-05 1.301688650981564860e-05 1.282482592499768287e-05 1.286037392444680437e-05 1.625502429978080467e-05 1.337317029123813404e-05 6.305286702987613149e-06 4.828659957390947571e-06
5.822474243309559358e-03 1.979155397912585063e-03 1.287264204476004691e-03 9.089860541007901192e-04 6.912591533471042779e-04 7.643688439069875554e-04 7.611398739659845213e-04 6.935978225444828366e-04 6.922943846480608893e-04 5.653763887301415303e-04 4.518344900892892714e-04 3.510480308157926436e-04 2.450671715538824450e-04 1.466641752998088389e-04 7.385396137905951704e-05 4.086908137357069421e-05 2.180763403185822448e-05 1.383069979521304550e-05 8.832674998477369437e-06 6.495672069211132834e-06 5.141703485615260254e-06 4.562460466307928130e-06 4.188011179015151269e-06 2.631180726731098350e-06 2.332962015756129693e-06
7.472309628439104470e-03 5.735298653186658192e-03 3.071771274397701226e-03 1.995999082918235683e-03 1.407583909611562082e-03 1.224749688660855575e-03 1.084152637683545410e-03 7.403876162613445919e-04 5.437295074416614556e-04 4.520269051696726805e-04 4.035970838990473285e-04 2.339735179674907344e-04 1.604409883571769732e-04 1.235028132397292451e-04 1.041613902033027825e-04 6.722593541596123649e-05 5.520744524865827080e-05 4.234883887490794175e-05 3.977008830757622446e-05 3.813572527071255311e-05 3.179599934435487749e-05 2.905916096673420861e-05 2.125621429843045269e-05 1.366593928226832805e-05 7.527044288507696121e-06
4.301819592324365032e-03 3.347065927855531319e-03 2.133685292102022440e-03 9.850466641076202970e-04 6.973482302370841504e-04 4.644551868614859311e-04 3.883759171383655180e-04 3.362652422808486835e-04 2.927712689784275771e-04 2.460102507162328337e-04 1.939443909850361344e-04 1.584857689520161950e-04 1.218133821206413161e-04 9.826434771674989038e-05 7.978939411929928045e-05 5.841203689833735435e-05 3.939789060888393901e-05 3.033462931112221349e-05 1.716469131446504798e-05 9.586643822370022718e-06 5.193017581905408991e-06 3.675913043612615116e-06 3.201609073244053233e-06 2.972236944993952370e-06 2.843945449513205835e-06
8.700995160341350870e-03 8.353279132651447031e-03 5.540149919567176166e-03 4.960389183980651838e-03 3.387600461336509085e-03 1.586212301404781597e-03 1.108056877081748217e-03 7.833133803837123753e-04 6.248211048861719184e-04 4.533802363559234663e-04 3.170828956953077428e-04 2.317790504842192809e-04 1.388039178607089659e-04 9.304979003089668284e-05 5.909131523946898294e-05 2.906366737628730289e-05 1.820910814751671708e-05 1.155632598711879313e-05 7.846343349684159702e-06 6.973014069357508135e-06 5.650448106625805678e-06 5.968599296712306326e-06 4.504937601989966559e-06 3.005140453463905046e-06 2.331959529355621188e-06
1.919603040082728130e-03 1.789927593422534604e-03 1.513751627679541618e-03 1.236937387543213035e-03 1.325883436250409417e-03 9.633171853914963096e-04 7.335825084531751635e-04 6.334884537924487984e-04 5.534730222283350222e-04 5.040660859132885903e-04 4.045702927576672134e-04 2.476548231437626082e-04 1.771080753372729995e-04 1.146168539791701769e-04 7.198526782537411131e-05 4.242857998309666566e-05 2.441365972150142871e-05 1.828935619562287011e-05 1.258119411229270892e-05 1.171976490221838961e-05 9.724016140726352865e-06 9.900848248196277688e-06 8.463293312845545789e-06 5.668216589262297448e-06 4.508417912812633744e-06
5.932748712651701381e-03 4.012825603545191501e-03 2.678468145617603300e-03 1.633000189765196081e-03 1.352562471476780872e-03 1.323166816319984668e-03 7.152772840964156118e-04 7.281284258123545388e-04 6.473638216807582396e-04 4.892922019084419011e-04 3.690727901101806437e-04 2.723719960452735344e-04 2.056651117733870177e-04 1.426386616705289402e-04 8.283777189409736628e-05 5.543529869308624273e-05 2.880056374819433160e-05 1.918005994369322747e-05 1.140275976140690653e-05 8.202893536249313252e-06 5.891526042191944936e-06 4.237073655140545946e-06 3.738474936522170404e-06 3.380639010063005412e-06 4.138287816357067267e-06
4.715067139821615093e-03 5.764956286337663549e-03 3.452055551849132244e-03 3.410610968522380902e-03 2.620996532530583435e-03 1.275589338914036959e-03 7.449039831664976434e-04 4.983701207120597469e-04 4.519197963940233269e-04 3.776918668166526758e-04 3.673585192003373206e-04 2.232057164836012372e-04 1.644834146477008223e-04 1.313952488338529620e-04 1.044732710131488943e-04 8.024808454679601831e-05 6.783333281411291086e-05 6.529985258790924811e-05 6.850781577041825741e-05 6.998094932677367634e-05 8.255059509889410021e-05 8.998102432082403233e-05 8.281674389771954828e-05 5.852427125858491379e-05 3.475596485815865604e-05
8.928029212951462540e-03 6.309107010809227208e-03 4.177234493957472303e-03 1.993275499300809980e-03 1.400695043884904152e-03 1.132797767773502601e-03 1.602214629950395042e-03 1.177794489749264166e-03 6.826738327761569134e-04 4.449687945024435030e-04 3.799551585652842923e-04 2.383767675285058084e-04 1.574242998284860703e-04 9.987910324548213408e-05 6.151500559134395318e-05 3.378598597290295502e-05 2.357242178870984207e-05 1.666462549680617020e-05 1.178111564595805488e-05 1.013592661643608962e-05 5.553313118727238973e-06 3.691039156996154849e-06 3.234765141682679336e-06 3.166343018223224580e-06 3.931914994815234872e-06
1.127760468989903210e-02 8.589162749362321339e-03 8.067258848572685104e-03 4.641407649013323290e-03 2.384711989566631191e-03 1.292320940547595984e-03 9.006822833305304582e-04 7.142166088883544978e-04 5.280024758487524006e-04 4.073475991493024522e-04 3.272713361504657166e-04 2.521173300315742794e-04 2.052044630782940630e-04 1.482487592140241080e-04 9.796094516127303584e-05 6.628801317297003859e-05 4.539895133569034748e-05 3.080020498007437390e-05 2.235685573000407286e-05 2.664325910957118665e-05 2.883861321772002829e-05 1.440742260596815364e-05 9.673979825630786304e-06 7.899786362655233796e-06 6.802081421065506887e-06
3.840569742005743147e-03 2.027991867031832002e-03 1.631059135305836655e-03 9.891767194022029874e-04 5.479276943406758034e-04 5.648592764185899695e-04 5.387039202320776819e-04 5.888585251498226541e-04 5.861895315673104406e-04 4.655873459978443073e-04 2.963473182612440466e-04 2.339564801729505895e-04 1.978968938981405979e-04 1.446526278659569494e-04 1.007105898298104305e-04 6.276177612750157280e-05 3.500913860202536779e-05 2.006213827017563214e-05 1.355721212815483205e-05 1.285788438246914747e-05 9.089991198224400040e-06 7.338805241423508636e-06 4.973757294202778008e-06 4.316172756733506949e-06 3.633518900922885146e-06
1.704470229718862886e-03 9.421181008713837637e-04 8.271505886449251419e-04 7.314479026542174090e-04 7.474449806689002470e-04 6.095618921132820106e-04 5.944885149706528220e-04 6.062440635612506958e-04 6.740622275114828638e-04 4.257235221659051629e-04 3.944979864726056969e-04 2.573719154311122068e-04 1.560276386077272617e-04 1.207851890878560802e-04 9.642040984774944963e-05 7.145576444219319369e-05 3.977633128781058629e-05 2.676062162321958169e-05 1.582840721541701757e-05 1.457033425300166158e-05 1.738631793835645808e-05 1.085592468458506839e-05 7.812819037381226974e-06 3.799139406572062951e-06 2.598786883892576600e-06
1.497256199007544579e-03 1.556310043637186514e-03 1.394044243179233360e-03 1.279847232456406093e-03 1.157423949676935271e-03 6.732935928133661511e-04 6.249785164442623470e-04 5.315617425834408662e-04 4.510327473558020011e-04 3.936119975771637069e-04 3.471840069044714082e-04 2.873418139630437617e-04 1.967352190323474277e-04 1.428785918339132673e-04 8.944362412793812396e-05 5.208009689484049514e-05 3.442111003571371664e-05 1.940244984165087600e-05 1.117247763179071884e-05 6.791618021404655119e-06 5.686616722697132887e-06 4.017330849661808915e-06 4.327496051397129532e-06 4.683560578923999732e-06 4.877985066843927263e-06
3.148125551963438813e-03 1.957469837075407129e-03 1.425619137269848414e-03 1.282379612315916878e-03 8.812146851965887680e-04 8.570363454099697628e-04 7.168927384828949591e-04 6.723532767537242043e-04 5.731069045651407661e-04 5.188428500572861077e-04 3.938357886881435339e-04 2.954274425624828248e-04 1.914164101768789242e-04 1.225178162422193694e-04 7.273599660637963013e-05 4.426546825054806058e-05 2.393695715184438830e-05 1.446207531322668350e-05 8.944165762611315488e-06 1.167820094492457827e-05 1.050011760788730733e-05 6.721530591959391493e-06 5.844638450085415913e-06 4.251552958493383047e-06 6.264896783277191340e-06
1.264694249733040211e-02 8.419245894823224746e-03 6.735958471615416214e-03 3.239632503058574933e-03 1.240235091024865935e-03 9.337319071220531817e-04 9.488393981157199021e-04 8.649463238988473138e-04 7.809839084032307432e-04 5.249031883490315334e-04 4.331666872885674949e-04 3.276401766279626090e-04 2.100281339052734956e-04 1.329259259499226584e-04 8.406342648565797175e-05 4.252737172822454459e-05 2.050635249222019629e-05 1.943385608239892129e-05 1.477113977948461582e-05 1.111781044443498516e-05 9.378991010211964603e-06 9.921733569163611536e-06 1.226661886141912389e-05 6.574772208024374339e-06 4.746338262462094455e-06
5.419594035338361378e-03 3.447350031930149997e-03 3.218495745967652269e-03 2.172515000560309908e-03 1.468145084619883276e-03 9.872595896266106539e-04 8.369848574207675593e-04 7.170316840286961252e-04 6.333498184681572458e-04 4.130727962056074723e-04 3.145457064535540264e-04 2.683293046124396951e-04 2.139889614043496567e-04 1.380468740257016259e-04 6.851670019285697522e-05 3.920180322065033060e-05 2.214667861213781818e-05 1.732980563848845679e-05 1.508977780404630929e-05 1.393576351259656047e-05 1.158672621612890293e-05 9.301715745699721283e-06 8.244063169521613152e-06 9.186431237481552166e-06 4.583715019225160207e-06
4.940006957291418269e-03 3.213006973679654286e-03 2.721462018278160248e-03 1.598080877791232483e-03 1.047120720678389270e-03 7.105972866819783816e-04 5.670940622329746078e-04 5.317354318316934274e-04 4.486024084110821738e-04 3.631995887991710712e-04 2.983921048774452415e-04 2.420286588088421502e-04 2.050434163694380004e-04 1.423671090871648527e-04 9.970744871592667857e-05 6.667019018147027332e-05 4.050367101929540765e-05 2.656157321849095213e-05 1.433864257963594197e-05 8.713016178840742327e-06 6.548483616900208755e-06 5.096958085606125729e-06 3.587129499005374738e-06 3.229654788922422343e-06 2.660294166025688370e-06
1.764004414450103149e-03 7.972303217773292917e-04 7.123218933709357398e-04 8.938843752067500642e-04 3.916246856250899357e-04 3.579023911817622787e-04 4.543181466337409529e-04 2.574814390423258749e-04 2.077359523596908537e-04 2.366596008857566101e-04 1.698038594618039453e-04 1.589779407267251485e-04 1.507406171459716522e-04 1.015465531079033027e-04 7.107859564722922568e-05 4.910287662351844347e-05 3.883017761852141189e-05 3.068178515729595008e-05 1.799830260465101918e-05 1.092295542912592274e-05 6.752006688174845830e-06 5.170614989427857671e-06 6.338479676660487420e-06 1.004905043154663730e-05 6.342543831659326332e-06
3.649785778318363760e-03 2.082438708269677106e-03 1.668257592979120046e-03 1.412294485558902250e-03 1.083353481988350497e-03 8.573974706975531768e-04 7.811077434775278751e-04 6.612373493903887572e-04 5.476960993606950958e-04 5.158040491389054251e-04 3.817023815481577998e-04 2.848663741743706797e-04 1.884751608133100836e-04 1.414532488588507789e-04 8.885085338559891308e-05 5.607506168574638951e-05 3.187528606622757959e-05 1.925103511448458512e-05 1.386494763145218822e-05 9.941363853045300457e-06 6.825238155736301092e-06 5.595496779306768552e-06 4.040555690320235100e-06 3.701290487679654940e-06 3.438469086413797695e-06
7.507083638338536875e-03 6.297519658221516041e-03 3.038762114312744574e-03 2.165411981286675079e-03 1.688762056958885861e-03 1.307271223674889415e-03 9.258717478124561502e-04 6.688283917010443220e-04 5.239145463500852890e-04 4.181504264373186162e-04 3.399049963033435131e-04 2.462580886767165361e-04 1.707874107372703569e-04 1.122652119167919047e-04 6.899296427490984526e-05 4.141004842235650901e-05 2.961515419766266817e-05 1.606614527623359700e-05 1.407421543287681202e-05 8.340735799806493509e-06 5.397065983402092807e-06 3.625886253549255429e-06 2.568643074142845791e-06 2.292228761700805717e-06 2.353400857575039897e-06
5.300933857858297280e-03 4.247798381161206442e-03 2.750400333631204761e-03 1.898221001359140514e-03 1.230798220681321269e-03 1.076729234804277811e-03 8.695380471877673604e-04 6.585947068141586105e-04 5.113434404586459422e-04 4.094729125341355753e-04 3.328570179221705173e-04 2.696147990432766917e-04 2.169988395020671040e-04 1.709072478061141520e-04 1.028262958281756032e-04 8.210767071096217076e-05 6.928392482312454258e-05 4.368584276853004479e-05 2.187140645159872115e-05 1.258782235898204661e-05 1.201555801600720227e-05 1.066762401665089402e-05 6.429359025667058488e-06 5.486875223203351803e-06 4.677293778061467668e-06
3.589937886042050569e-03 2.875748309980399441e-03 2.502251909777934453e-03 2.059429576731733325e-03 2.205444288315867255e-03 1.370525993982363907e-03 9.900584631011676972e-04 7.808732620521310419e-04 6.815371964342109828e-04 5.592742980453640090e-04 3.021509098492008625e-04 1.822750723900665149e-04 1.138423107786323330e-04 7.961917878494616891e-05 5.201616932594597628e-05 3.694633274151236417e-05 2.239214175969102033e-05 1.206079144775956303e-05 9.786530351133466884e-06 5.818429113657155372e-06 4.817510978149312266e-06 3.757383533313902043e-06 3.077489528344110833e-06 3.614768117513817770e-06 3.913591527326895816e-06
3.571656315736578685e-03 1.652084258823744399e-03 1.276731981936584910e-03 1.345598207981732681e-03 1.377903152257922400e-03 1.195205907412115682e-03 1.315631886798863557e-03 9.362112406303360222e-04 8.104989556254584221e-04 5.665828804013361888e-04 3.911069747703640955e-04 2.493732730572259179e-04 1.517204392954712739e-04 9.410174228443618667e-05 5.679290915379736561e-05 3.716281675137303719e-05 2.402793963513035651e-05 1.827615971129634517e-05 1.174263432266543566e-05 1.021081284097931633e-05 9.379678563116269262e-06 8.551017232379450213e-06 7.999876845532061226e-06 6.358884395777066804e-06 4.068020049220193037e-06
5.510964472991167207e-03 3.580722629249917955e-03 1.641326417777906914e-03 1.247259593810782141e-03 1.061347633172649756e-03 7.643613499729993337e-04 7.456425964123945425e-04 5.963499790774648597e-04 4.729010516281057256e-04 3.620798776023524570e-04 3.228962085585666093e-04 2.747056373966623400e-04 2.050197522750874348e-04 1.130848690374316469e-04 6.773799280837876715e-05 4.643662242742899545e-05 3.364281692807006614e-05 2.332157221674011245e-05 1.483274232097556393e-05 1.352321989068267247e-05 1.677252762880713916e-05 1.018473828193437425e-05 4.921980621565202595e-06 3.172166491890653436e-06 3.262777812761043752e-06
1.292963613709557837e-03 6.411192062405912271e-04 7.007995603337403411e-04 4.270148387986399496e-04 4.306034429417976038e-04 2.777536820611242090e-04 2.798151701790469511e-04 2.247250836113872914e-04 1.950732456153377817e-04 1.570928871784858468e-04 1.166709880995716659e-04 8.227322501550505195e-05 6.449116995161550080e-05 5.205128222719606783e-05 4.455123659240767378e-05 3.706316425720801493e-05 2.380174705352785887e-05 1.811237988528496072e-05 1.523649092831213657e-05 1.230711551329238320e-05 8.280021404909951039e-06 8.039323314438829053e-06 5.841942442638982528e-06 4.799803235265964284e-06 4.737089712689544836e-06
5.270062155649051644e-03 1.886587571175106460e-03 1.299458544769194462e-03 9.199359477772599747e-04 8.256525152017607722e-04 6.858390710569570213e-04 6.250622523694146591e-04 5.322139029370801617e-04 4.669909841065895940e-04 3.783335742383410255e-04 2.801103844729007546e-04 2.139153027884523387e-04 1.630217522992646688e-04 1.217781670257012789e-04 6.962311380276038142e-05 3.259136768638769131e-05 1.628013064725066086e-05 9.429156499251748497e-06 6.074340936225188649e-06 5.227212029211818397e-06 4.614584824190044383e-06 6.155175653580927003e-06 6.261054147654499685e-06 4.399861142624632456e-06 3.865467610836023758e-06
3.200152596854539261e-03 2.158845952460141954e-03 1.809390495363142563e-03 1.503074550485942931e-03 1.627080330357707702e-03 1.207160596300838658e-03 1.056462778446077980e-03 9.542330445819877018e-04 8.550296997018531952e-04 5.558228888274246169e-04 4.115575834054251017e-04 2.926618649640310593e-04 1.815186176395015610e-04 1.123603833195567752e-04 6.994443642390113416e-05 5.118749062511418778e-05 3.468059960389246354e-05 2.954510832796231547e-05 1.934341874412417119e-05 1.349943933280177072e-05 1.224390913087458743e-05 1.171373749054094279e-05 1.225093900682606055e-05 1.142344564899571028e-05 1.062166332194581279e-05
3.854952423251567506e-03 2.928704818747725723e-03 2.524750535087771919e-03 1.936926157483684569e-03 1.523361852558637389e-03 1.056437086082429077e-03 8.345197535698601959e-04 7.720289958287805633e-04 6.523613457762738894e-04 4.895873846295212533e-04 3.789775406191041849e-04 2.637260666501458403e-04 1.844423921770499972e-04 1.304153679278353517e-04 8.609653435187364541e-05 5.870593351470682108e-05 3.017679120229425726e-05 1.521598637795530802e-05 8.718360674043123824e-06 7.001789500556630300e-06 6.972797496736941314e-06 5.075761062648358998e-06 4.172134481903425304e-06 3.479104092033792260e-06 2.274458913338382384e-06
5.734581344368893524e-03 6.426572935726603160e-03 3.082530974538072194e-03 1.685476030124528511e-03 1.050674623443359794e-03 7.716497830510941382e-04 5.657127747497889617e-04 4.821275272836944635e-04 4.181202710622037308e-04 4.470367391495650615e-04 4.409702935871895541e-04 2.871117846046611312e-04 2.050555077504976741e-04 1.168866988174226216e-04 7.378974272882308659e-05 4.058693821258007553e-05 2.501329214322794997e-05 1.745668398414575024e-05 1.546088928379180200e-05 1.222717896999542111e-05 9.454290450455270185e-06 8.344894135674783649e-06 7.675877169542825448e-06 8.707165292682371571e-06 1.127052977205109295e-05
1.702821508378028455e-03 1.253043474278577691e-03 9.733284300351802924e-04 9.124770605478379820e-04 6.208709053279759266e-04 5.854677997491853844e-04 4.915248444104891416e-04 3.532839208233023998e-04 3.133248163974766101e-04 2.578020687571353571e-04 2.743742001679519557e-04 2.232912461435987764e-04 1.720007540029745111e-04 1.503356096674111496e-04 9.633714664631638335e-05 6.155047820317533273e-05 3.739080131932849777e-05 2.095914887572538054e-05 1.320564399438731213e-05 9.357832590214966225e-06 1.255209501647167473e-05 1.485162924784126733e-05 1.138043439956084198e-05 9.554551295881170918e-06 7.569604380303361170e-06
5.581651232302018741e-03 3.923125158030057319e-03 3.468022338598761301e-03 2.110213571301109824e-03 1.611696230571311962e-03 1.103874608632254969e-03 6.933816784151332823e-04 5.370828633241513496e-04 4.627666450983048329e-04 4.172643994593252452e-04 3.709883752569415613e-04 3.079766675395167260e-04 2.271846988973511645e-04 1.631178198501907512e-04 9.290305574887573205e-05 4.370425991614286905e-05 2.860235988241183324e-05 1.735124887874482281e-05 1.293541432929949439e-05 7.786474579849803713e-06 7.961418469760675075e-06 5.401835478586088192e-06 6.565142945588249426e-06 7.578589381033222406e-06 5.665868279796021297e-06
7.041247553748045725e-04 7.931524957658751688e-04 5.806381567831593376e-04 4.544264999629893192e-04 3.762911203212188148e-04 3.509925340869749530e-04 2.772850329972722854e-04 2.211016754321011417e-04 1.874698257395792560e-04 1.241406511559589197e-04 1.121524780358306529e-04 9.496764547889568933e-05 8.543554919319178913e-05 7.570843959180599103e-05 6.660149235978705029e-05 5.965966058766293897e-05 4.993548494242565491e-05 3.544164250728758947e-05 1.982778666707079093e-05 1.041985127925286384e-05 5.627304714808081553e-06 3.842444900969383126e-06 3.363894098124549919e-06 4.986209506154159335e-06 3.641912985234950641e-06
5.529217390930624143e-03 3.022761289786786258e-03 1.685533540487853385e-03 9.874025904604104547e-04 1.206550886785840533e-03 1.009246944628650576e-03 8.831245442826783859e-04 8.365432047179725307e-04 6.519499456956627048e-04 5.419406327942648824e-04 4.020817137851299483e-04 2.713544917755009275e-04 1.673568849127546061e-04 9.753762061457616687e-05 6.127020576417817181e-05 3.314800770518485349e-05 1.825427619886456243e-05 1.075641924115448935e-05 6.336475153728023329e-06 4.909324831738465900e-06 2.994856064297939373e-06 2.989993739602661413e-06 2.666093242574608544e-06 2.513734036827975527e-06 2.684682747148720445e-06
9.718529434962312752e-03 5.317440704192786215e-03 4.883907628964509647e-03 2.327217586299535745e-03 1.573447185833028823e-03 9.429096674074038866e-04 6.871370874030346704e-04 5.932125594039846942e-04 5.664650345749375768e-04 4.872306118113756048e-04 3.641720776914795068e-04 2.457462805183929940e-04 1.688260838105393863e-04 1.177968787089376254e-04 7.929220221818765566e-05 4.756997603151308959e-05 2.577653278849000810e-05 1.725021030484248918e-05 1.378271287783212284e-05 9.999357923247869233e-06 9.113037002551256671e-06 7.152852644786269668e-06 7.261593674471448999e-06 6.872824206452533712e-06 5.933264511883685040e-06
3.762301459628011446e-03 4.130632055850069762e-03 2.177230028849610251e-03 1.539437453827423611e-03 1.092699324520801651e-03 9.409153064641719239e-04 1.024954109853204670e-03 8.385246621652711792e-04 5.690790408933222612e-04 4.261431817445437064e-04 2.929111647987442868e-04 2.122569228920439773e-04 1.578868883833069810e-04 1.072088259908839607e-04 9.021290713742162654e-05 5.199838681875324300e-05 3.373450788652507183e-05 2.161416423145593246e-05 1.691665762347661811e-05 1.121721201496423573e-05 1.122469008829691884e-05 1.629968148731123152e-05 1.585812660219269786e-05 6.082216536348769871e-06 3.817032578960451780e-06
4.962895987774075361e-03 3.029174126425240865e-03 2.384490106865758390e-03 2.809981412700284994e-03 1.989070006956374613e-03 1.486866043954262638e-03 8.745527309840864238e-04 5.622219037331664367e-04 6.579633698118130241e-04 4.622504877852187796e-04 3.445879290710819891e-04 2.262064199268008335e-04 1.405744329154486332e-04 9.261039277021080110e-05 6.095125019968988442e-05 4.137767594537648808e-05 2.976878744238621938e-05 1.656521422345714437e-05 1.009648787030390024e-05 5.738264641614904131e-06 3.989050128968087498e-06 3.355618933037600290e-06 2.896810689252286297e-06 2.317049564432826867e-06 1.919208680976248585e-06
8.705753858134955558e-03 6.888963755897677468e-03 5.547263770167796051e-03 3.530837545409983881e-03 2.595036591367240117e-03 1.330323759328472071e-03 8.476380964793044223e-04 6.842494353647292403e-04 4.799807424310984470e-04 3.839287802259459315e-04 2.524095445915312016e-04 1.860937367424450953e-04 1.355902737721242414e-04 9.136129504487283269e-05 6.298072753412208209e-05 4.417605175973476173e-05 3.625196711894887837e-05 2.677428086171607441e-05 2.037244894252558463e-05 1.190290716762661576e-05 8.075044239996067384e-06 5.837420749692186000e-06 5.038104048315749698e-06 7.457191576864049290e-06 4.030990874348445386e-06
9.744144609013224989e-03 5.238031235367402415e-03 3.586713287973971546e-03 2.119884143633290422e-03 1.318565905729722834e-03 8.394607802699228811e-04 6.620808441970008279e-04 5.295100637240251519e-04 3.958960095511789858e-04 4.109291395251506379e-04 3.354287981875173573e-04 2.459041656336403438e-04 1.462533607112698783e-04 1.023046697473729193e-04 6.265541313034468803e-05 3.452949001640423770e-05 2.298414683792262837e-05 1.709032229423719745e-05 1.116918658178710374e-05 8.854382217997485118e-06 8.876001588024614415e-06 9.078899972107417243e-06 1.386148127168629628e-05 1.000737130572276695e-05 8.560174251888859106e-06
1.111993229406851944e-03 1.362104850503103540e-03 4.077157768828847464e-04 5.381552501751899311e-04 4.360749301184299750e-04 3.901800189642785064e-04 2.811155123247995762e-04 2.985739073864883777e-04 2.882427986345271315e-04 2.661947702771264045e-04 2.550021581425659326e-04 2.652107773315989813e-04 2.522168142945663857e-04 1.895698704527327885e-04 1.105265490468700264e-04 6.472362862423434212e-05 3.702973768136770582e-05 1.869847451658208028e-05 1.094095732633461649e-05 6.602954981388884041e-06 5.044755658358849157e-06 3.746170584719732618e-06 3.355125669798603111e-06 3.015113334325941271e-06 2.373356079679231097e-06
4.166592083845880104e-04 8.142096156709507275e-04 9.160024118726508560e-04 3.121109122977343102e-04 1.911192735770620300e-04 1.729154369518807045e-04 8.051820849716692305e-05 7.443770001361192841e-05 6.728952339774585162e-05 6.561931537600918548e-05 6.125907402917618529e-05 5.454249281975782204e-05 5.619907703677436139e-05 5.660217880779395429e-05 4.879800375841934616e-05 5.307155380560764899e-05 4.222996784091278551e-05 3.537561856936695804e-05 2.620431922115561450e-05 1.580727114612233907e-05 7.371597133267723764e-06 3.946692428929422894e-06 2.949646446490108322e-06 1.889511961353551926e-06 1.518771640680259155e-06
2.637521977963257561e-03 2.061914228248572147e-03 1.649681145674996435e-03 1.674543459856859965e-03 8.321634812487280642e-04 5.347048863313853427e-04 4.947422491327939853e-04 3.869244770510416520e-04 3.819452038191219700e-04 3.589531265871891532e-04 4.171586534774619683e-04 2.937451314682522330e-04 2.266256804504484211e-04 1.663718984581923760e-04 1.214452497428902681e-04 9.342686044343692891e-05 6.850625751923432804e-05 4.860098709036916127e-05 4.620058629007111635e-05 3.740862627041824731e-05 2.423810107208673251e-05 1.072350743996384334e-05 6.421636973610907935e-06 5.631247047295220269e-06 4.157091555599777617e-06
1.558654863084865541e-03 1.346304132614981270e-03 7.611490250437796855e-04 6.351209473831189800e-04 5.226769554486841675e-04 4.521909562669451242e-04 3.710613838185512726e-04 3.927007209457939537e-04 3.698443936227792058e-04 3.276007802649597879e-04 2.528654931478698290e-04 2.072497463526908393e-04 1.535129144399564177e-04 1.240388016975177052e-04 1.026977666533573306e-04 7.216977877778582313e-05 5.068962876666561411e-05 2.446943533471641828e-05 1.453124442394854962e-05 7.868603035283282157e-06 5.659549845498238390e-06 4.910222721178692356e-06 4.574764697177542304e-06 6.059272155717418751e-06 8.150164679629484185e-06
1.609237064207241644e-03 6.663391290333346402e-04 5.718100350726795312e-04 5.132448401333935661e-04 4.198108912172271402e-04 3.464653607902894736e-04 2.079875203006328725e-04 1.976790141761711444e-04 1.833067323252485074e-04 1.615769611577142634e-04 1.574817926582948013e-04 1.477893122968718250e-04 1.256140698578999489e-04 9.665908618238328932e-05 7.737042816430065824e-05 6.187473829070957098e-05 5.178971231097274008e-05 4.560582419483335501e-05 3.298159596992977999e-05 3.048088991192105280e-05 2.713626375715377486e-05 2.159461085468758628e-05 1.371679559700192501e-05 9.757053198652710873e-06 7.684468242954771796e-06
4.341546364696074502e-03 5.229785390830536153e-03 3.821621082765412885e-03 1.413143634143296636e-03 1.493580752310913430e-03 1.194614284938332136e-03 9.956971587322292153e-04 6.865798230226927363e-04 6.342522920551299428e-04 5.717124037311284348e-04 4.345203390830628233e-04 3.419885753283590565e-04 2.409285997049672259e-04 1.477721000000782668e-04 7.536887249503447343e-05 3.820096758501350878e-05 2.570906683561980971e-05 1.210105685317216213e-05 8.147201806795494053e-06 5.223650800317467839e-06 4.033901642215510868e-06 3.894296243639399080e-06 4.780581775613790649e-06 3.475107009054265057e-06 3.739718940526347172e-06
9.235036346558101947e-03 5.866262857740469489e-03 3.669165503136924758e-03 1.608514296390623974e-03 1.022446060680177234e-03 6.928723312342676376e-04 6.003118171052523487e-04 6.407408220490847222e-04 4.178403807393028758e-04 3.468948242324475283e-04 3.007160862969828776e-04 2.661382953912031077e-04 2.486396223118141568e-04 1.805215312716455204e-04 1.170236157511800866e-04 6.779081800583457715e-05 3.629987612020299666e-05 2.370461803431784064e-05 1.660788340147758521e-05 1.536243992992617036e-05 1.126076074190362876e-05 1.143738635122009061e-05 1.431521685285557051e-05 1.553534240598313391e-05 1.254238343733865428e-05
2.227804344146991182e-03 1.592523043016760929e-03 1.428123256607055809e-03 1.176026821789414667e-03 8.757685054764291271e-04 8.291054976394271817e-04 6.664471993566928537e-04 3.838279444802311625e-04 3.431526715867114241e-04 2.261860528621362644e-04 1.359561948605829483e-04 1.020482103471045173e-04 8.204953454410255807e-05 6.491147368044887110e-05 5.928717962953975498e-05 4.609794750760622491e-05 3.557380467997660225e-05 2.789419436192086614e-05 2.030105340129034527e-05 1.614049818051263837e-05 8.640259468338901298e-06 5.288324250972721970e-06 3.745296389403256594e-06 3.300177334932696267e-06 2.584224270552101071e-06
6.969427350287186670e-03 5.279269826504988210e-03 1.803459448681871266e-03 1.292935235957849227e-03 9.802676153940171559e-04 6.579101832464557100e-04 6.066873776272482246e-04 5.417461184389842739e-04 4.932156129325288149e-04 4.175925160312021398e-04 3.490927121760605944e-04 2.817376181156216238e-04 1.989463133903331365e-04 1.667489386141872247e-04 1.095160547479086802e-04 6.358243560908123843e-05 3.933935245416489055e-05 2.446432798090934660e-05 2.154002319516769726e-05 2.709163487832924217e-05 2.826483497507104777e-05 1.714892789319048469e-05 7.351560692894201012e-06 4.759016487304585288e-06 3.616186106865399580e-06
4.037437856077762122e-03 2.260008689010687463e-03 1.993633942913606866e-03 1.257533190332110664e-03 1.056792420329000313e-03 6.347135056583978231e-04 5.097680051961145506e-04 4.267434670014677600e-04 3.989819799683329564e-04 3.944199627420162820e-04 2.708907581083545521e-04 2.418973580142227649e-04 1.866455009852295511e-04 1.540831951552381154e-04 1.160338874378427670e-04 8.898349190923751694e-05 3.917823847973567767e-05 1.669772080242766619e-05 8.600745639878981913e-06 6.680628034238892814e-06 5.109734295819200257e-06 4.656042782754740609e-06 4.273722130732613057e-06 5.445407725085126342e-06 4.102279813084863411e-06
7.419663772369171177e-03 6.558264004374051749e-03 4.401993017195429854e-03 2.171030949366762296e-03 1.298087387618284978e-03 8.564818009225170841e-04 6.174277319428632350e-04 5.313972198645145828e-04 4.636183770546125271e-04 3.454998383093113795e-04 3.006032016586445712e-04 2.548229763025578755e-04 2.082480147748222508e-04 1.576672826464997179e-04 1.028726922365516772e-04 5.796985198584479613e-05 2.835129855581156670e-05 1.613799944381360998e-05 1.093133979128556348e-05 7.405411341945915385e-06 7.177298915475174752e-06 4.532859807146661889e-06 3.429848434243247012e-06 3.274296254877963945e-06 5.059844603706264057e-06
4.920040461669921567e-03 2.395282731187072141e-03 3.833301276668411601e-03 2.490613919912590575e-03 1.169167708084662555e-03 1.173129231767274178e-03 8.048972071691064701e-04 8.665284883239399681e-04 9.163871365294738768e-04 7.129613601621595563e-04 4.879037747293247271e-04 3.130785736715436997e-04 2.296202957074420809e-04 1.562682920958316144e-04 1.197599229055463003e-04 8.088159574007215550e-05 5.865678691709359587e-05 3.986090272890336950e-05 2.925312473434390603e-05 1.984633923430046361e-05 1.269881961353058162e-05 9.820397520333752509e-06 8.285567763894461686e-06 8.338163508868637615e-06 9.306453337933822688e-06
1.418255971465897172e-02 8.770063253225776970e-03 6.219034361282207296e-03 3.367055835154690070e-03 1.730383279029522412e-03 9.462889887558114830e-04 6.473357455522165023e-04 6.297960585186478935e-04 4.385047957461961376e-04 3.539314708752071899e-04 2.792133239913079557e-04 2.309815199216508472e-04 1.852814123063111125e-04 1.435156316395843701e-04 1.109426472257479948e-04 7.518138003547427870e-05 4.841237323871961772e-05 3.229689667243299022e-05 2.560290126682808170e-05 2.119951627290175361e-05 2.062657154825781367e-05 1.880181604783599992e-05 1.864773189266123908e-05 1.733811838281537683e-05 1.264507613691556564e-05
1.272222825746900481e-02 1.012906329096540346e-02 7.904690480624141855e-03 5.251773962983243005e-03 3.557894121239719900e-03 1.534002561083256484e-03 5.925256151626005427e-04 4.494594276681640466e-04 3.352392526631893955e-04 2.608597709773658293e-04 2.288288778690406294e-04 1.842333342061000057e-04 1.412492414959204043e-04 9.944040030455475942e-05 6.991018551970296611e-05 4.238004394041504499e-05 2.868389180417606538e-05 1.440197076646116409e-05 9.421657926220648684e-06 6.913775552953995446e-06 5.096353823619504567e-06 5.246420310154910948e-06 3.050038632168914014e-06 2.738141697955960161e-06 2.836709712793416141e-06
6.699169141031646908e-03 4.731704744329783344e-03 2.964137840111497665e-03 1.736842452408364186e-03 1.469583374982535041e-03 1.094572692249147581e-03 8.224970202401130212e-04 7.139512797719676325e-04 6.143023319391495082e-04 4.968227310948758902e-04 4.268548898738503371e-04 2.322750338507980001e-04 1.345668070862097391e-04 8.306425410036919388e-05 5.797143654466806070e-05 4.119411884569210944e-05 2.368090375685043061e-05 1.689318306640112143e-05 1.441085611721707709e-05 1.125703440829401302e-05 8.545516473300200020e-06 6.513395462447711997e-06 5.800717036802161132e-06 6.279640141546833257e-06 2.992740368955535811e-06
1.861119406403399920e-03 9.808595759576788434e-04 9.305323125553929993e-04 5.478496131423628290e-04 6.230249798062664117e-04 4.583981702135458383e-04 3.656450269739510675e-04 3.188631442822129265e-04 3.809106323116421568e-04 2.201936096047323185e-04 1.855166063581941414e-04 1.326227430809740501e-04 1.044567427198044994e-04 9.132022330150037790e-05 8.031935829687157061e-05 7.055786912449647503e-05 5.452006112577842953e-05 2.927922818236103586e-05 1.493967708299962081e-05 9.108180903776752257e-06 6.118429178489753932e-06 3.964490500548277399e-06 3.264457114717238181e-06 4.010568419977539636e-06 4.703214344769236010e-06
1.231047332376006449e-02 4.912357535308439944e-03 2.389629006606858175e-03 2.412472769146080300e-03 2.247393589523486324e-03 1.180704402443569657e-03 7.937193166960506991e-04 6.947969803392922954e-04 6.143231122047903333e-04 4.738226373371703351e-04 3.485043173648800043e-04 2.561672455566404126e-04 1.839418519960415543e-04 1.238444921216375375e-04 7.965916780555701098e-05 4.175837275339483044e-05 2.982005556757034331e-05 2.780160367843903827e-05 2.498079856768269178e-05 2.091976804222099928e-05 1.257243420183812044e-05 1.299569861172996715e-05 9.986007815552767618e-06 7.006625095135887004e-06 3.870455038188527720e-06
8.701281374617035255e-03 3.378266560451912304e-03 2.341128741987033492e-03 1.418968111408086801e-03 9.471590277402285605e-04 8.946714365477484573e-04 6.823165251659313356e-04 6.366369842178396009e-04 5.685641830784404554e-04 4.591205800059601255e-04 3.327830016301670996e-04 2.444572721844187287e-04 1.722628652708202836e-04 1.261934482841097058e-04 8.747725946461718004e-05 5.233425071816889313e-05 3.237033176708783863e-05 1.593353105648337290e-05 1.360405221217906254e-05 1.390609037299438529e-05 1.723016161470338007e-05 9.652502750988753774e-06 5.230153203698859876e-06 4.727838347508044593e-06 5.761543996669016007e-06
1.233480952644243171e-02 8.472506579654162651e-03 6.694957285050973789e-03 3.452137300028014673e-03 1.470311399359932030e-03 8.482629524605720187e-04 8.344140077200031414e-04 7.392195478855886209e-04 5.512715224074402108e-04 4.391087119126090075e-04 3.303730160357844247e-04 2.554740334959093345e-04 1.878226607180073836e-04 1.292467708842067722e-04 9.100681248362474743e-05 6.000123637763253885e-05 3.666361480718575007e-05 2.077893301603223863e-05 1.219734599743693938e-05 1.231812996577468704e-05 7.193695599639226190e-06 6.168977137236406160e-06 3.568920623652065651e-06 3.474613888702807090e-06 3.491497988577146073e-06
1.425806205966456078e-03 1.359396476244618740e-03 1.088430288380086994e-03 6.990537444847174080e-04 6.463906118064633973e-04 5.180654459056618488e-04 3.928484202250910021e-04 2.973092314440699594e-04 1.782215501374579140e-04 1.249429075278430876e-04 8.976562594200090061e-05 6.598604483390473801e-05 5.083430861661236965e-05 3.891957449163951997e-05 2.898481794413087226e-05 2.332332989141207313e-05 1.648187038390166100e-05 1.271823593730402032e-05 1.106107931684866327e-05 9.200679061726224045e-06 8.377221930977914527e-06 7.651838925604137579e-06 5.651283771756866395e-06 5.106486229364865438e-06 4.987933119248547097e-06
1.312577440897330465e-02 7.883013700123932266e-03 4.221404692274457159e-03 3.886125199377877312e-03 1.505261748286221540e-03 1.274803011869516788e-03 8.624190405675019513e-04 7.719123296651521967e-04 5.946694728402951652e-04 4.283179244006586660e-04 3.358490677763575406e-04 2.798217704491591995e-04 1.952828060726111842e-04 1.262323579542312993e-04 6.279161715417817390e-05 3.734939626294937190e-05 2.092289196559239409e-05 1.079422315254524024e-05 7.175094757032137767e-06 5.087263022931528181e-06 4.698171797078432123e-06 3.644187472664137846e-06 2.852144805220577525e-06 4.501711717284950853e-06 5.230554617860471510e-06
8.684272024942998880e-03 6.382251627563546512e-03 4.816723336111616155e-03 1.821687965045502497e-03 1.209951564172595702e-03 7.735358462639798987e-04 7.413614525477949793e-04 6.332542778440399629e-04 6.906202605794943680e-04 4.910442548875570750e-04 3.517759020090647972e-04 2.396295748611544662e-04 1.667748673462011945e-04 1.164468048909018835e-04 6.895369053930420664e-05 3.946641752463335456e-05 2.718134338503001149e-05 1.919042430828294435e-05 1.375111572657670918e-05 9.001355025713215005e-06 6.135165886606092160e-06 3.748521024134776720e-06 3.001417528250547924e-06 2.778852100789968416e-06 2.258647229513841075e-06
3.008215571578706522e-03 1.283006855797286933e-03 9.225809318676569254e-04 7.289116346025590340e-04 7.407462111303343786e-04 6.871938828885309526e-04 7.402462544788431225e-04 6.373473785666639328e-04 5.595051842980832682e-04 4.617517193498831994e-04 3.987439844582956047e-04 2.990848566930519726e-04 2.017259724283593095e-04 1.448928655441547760e-04 9.582593872379696241e-05 5.960875026089921321e-05 3.843652738820153305e-05 2.420847728420356631e-05 1.069307938712363550e-05 6.411668890852300192e-06 4.815991029488160858e-06 3.508017487767207429e-06 3.320853052753292017e-06 3.368083826469876681e-06 6.634160396524525850e-06
1.024805123450984491e-02 7.231920214601499954e-03 6.335948199188369892e-03 4.231386549086842142e-03 3.081639315672924165e-03 1.948397986931180810e-03 1.241383728874982705e-03 8.238264420718822978e-04 6.034491375959459645e-04 5.030725688052932552e-04 3.577468143361896670e-04 2.357303854094244485e-04 1.597685748235626020e-04 1.111448279290134247e-04 6.608217124507108342e-05 3.339065658302018232e-05 2.282351661826748118e-05 1.620674533325524851e-05 1.284680868023579927e-05 1.004193805226043713e-05 5.901271223382160141e-06 4.613295777324034761e-06 3.705543645164174640e-06 4.018589507010255980e-06 5.183759121176580613e-06
4.551750132554423407e-03 2.608324055917230454e-03 2.317607592835364307e-03 9.138541103218857098e-04 7.542597341679095884e-04 7.166960551003714874e-04 6.634573453152601110e-04 6.324485004421196831e-04 6.014351234566550457e-04 4.521409063222236145e-04 3.628112923532815504e-04 2.806109267980881291e-04 1.882959844503503933e-04 1.188605661481858785e-04 8.036226369894640083e-05 5.269021377541602155e-05 3.159036887405478983e-05 1.802501561530647664e-05 9.393018439384343926e-06 6.336976728556758912e-06 4.690907884382676425e-06 4.362977929517302788e-06 3.785414478930561835e-06 3.101138605739638920e-06 2.644941124119566291e-06
4.541975551121915644e-03 2.548352303441493542e-03 2.063246473943598693e-03 1.896090281157842465e-03 1.637848719532627615e-03 1.324979388701435406e-03 1.088749869609954976e-03 7.630338115834835611e-04 5.077498667645310732e-04 4.160529235405819887e-04 3.250393328913394968e-04 2.685130989020232989e-04 1.755350725623656678e-04 1.169988325661050000e-04 7.400957104100815587e-05 4.310488966260262031e-05 2.229745539503984067e-05 1.067988110386491188e-05 8.081397884189735152e-06 5.706574478292065944e-06 3.161069629004484139e-06 2.372097535593774514e-06 2.104897285054692236e-06 1.599900421632392540e-06 1.455381798163930214e-06
1.176977072028758233e-03 7.107590177798345059e-04 6.019326945896044841e-04 4.192169694604824109e-04 4.280117889485417020e-04 3.281108045405559223e-04 3.534174364119023514e-04 2.848861454421128172e-04 2.014458762939187416e-04 1.734038789641385945e-04 1.467620284876364461e-04 1.266157882432974633e-04 1.187182932736701032e-04 1.014038866751581597e-04 7.695362373862682211e-05 7.028629057081508733e-05 5.183104074708187536e-05 3.562976049758746473e-05 1.644097217311006555e-05 6.482635480638396392e-06 4.003550866740133523e-06 2.765027267130884924e-06 2.310297543635040310e-06 1.707726628868272937e-06 1.362618062735634740e-06
3.635707743170532233e-03 2.353147673740633473e-03 2.187670876548409010e-03 1.353921741473092244e-03 1.371739865237298333e-03 1.157221935227503240e-03 1.268133635403271946e-03 9.590029546664897726e-04 5.754546916165515554e-04 4.450716620607086732e-04 3.358954273581139121e-04 2.440196606097856202e-04 1.750671414743523572e-04 1.147189230124666918e-04 7.112294352826108352e-05 4.149315212692355012e-05 2.095768697149741455e-05 1.309898804364581710e-05 8.610417488079065958e-06 9.100544439557608034e-06 5.917384343522858129e-06 4.611021558036768052e-06 5.802289097627200857e-06 3.294897739123465164e-06 2.912521198713495333e-06
5.759753361632061371e-03 3.864389520891443018e-03 2.274932578188616685e-03 1.616640299870564278e-03 8.607159333184585034e-04 8.340405115358053359e-04 5.968043044951844246e-04 5.563842849004368377e-04 4.944929242104701122e-04 4.652630119198926926e-04 3.844122236237956878e-04 2.920507896272281031e-04 2.072559255962016199e-04 1.207970528734610100e-04 7.561098716932503311e-05 4.353618717592332496e-05 2.766070019831542512e-05 2.014863847743844481e-05 1.158196822538150921e-05 7.954520640797430850e-06 9.897457437528757115e-06 9.746827072026250776e-06 8.049464180814183155e-06 8.229435535420430924e-06 5.466873481693599663e-06
6.014301415993742600e-03 4.315336159531515947e-03 2.071099654550902051e-03 1.102573731143962569e-03 8.413724602567741609e-04 6.554922833690206632e-04 5.859186773641256694e-04 5.478940907591304046e-04 4.113363962537685062e-04 3.211077807464589122e-04 2.640400739881866706e-04 2.417767568675412669e-04 1.714453068425567843e-04 1.268582814156040740e-04 9.863542155592662064e-05 6.700995907273067881e-05 3.267314827053783264e-05 1.400171944286098541e-05 9.308048824658842285e-06 8.113570377584291933e-06 4.352508441023967497e-06 3.579592640035786277e-06 2.629142330497030018e-06 2.284664932389574774e-06 2.796556935672281363e-06
6.354812455981216157e-04 5.465682103341429950e-04 4.811634565535046924e-04 4.462199897693915865e-04 3.799253659186929482e-04 3.502425439802445421e-04 3.447826809724356873e-04 2.784906359571300547e-04 2.008853855097584868e-04 1.777462092743478260e-04 1.097216240445911235e-04 8.817482949786574009e-05 8.476605742210422962e-05 5.910107909579413228e-05 4.267843680084785883e-05 3.251285618041446497e-05 2.822777681155976174e-05 2.734715519753571836e-05 1.825354694003155731e-05 1.513529932938995889e-05 1.134219607471547895e-05 8.489355652518807728e-06 8.081347688477497258e-06 4.682238161915487268e-06 3.544483132108164325e-06
8.582521565804532640e-03 5.064246795378964626e-03 3.566720735208081701e-03 2.291289777994015304e-03 1.509334569968583378e-03 1.033513311609188766e-03 7.564747596365312306e-04 5.958506966396269347e-04 5.596356784328521648e-04 5.553871944198649326e-04 3.761721148770413945e-04 2.666258291195221057e-04 1.574179791053234025e-04 1.036235676321311389e-04 5.831565785242000607e-05 4.019381999275691556e-05 2.351835323863642836e-05 1.557044706517692314e-05 1.404376416136923354e-05 1.366203575115697088e-05 8.493411985652203966e-06 8.780776199170678428e-06 7.004273499468163275e-06 4.223206696895159885e-06 5.676266402857767465e-06
8.184986164577337867e-03 7.506256827142500539e-03 5.628403081159466873e-03 4.222853627534835230e-03 2.864203205072686758e-03 1.104990383248425755e-03 6.530376943271374267e-04 4.079022801607949254e-04 3.459049302985689879e-04 3.125402063903019159e-04 2.836818032226707045e-04 2.309305546051112254e-04 1.909619592801922445e-04 1.405526610378498166e-04 7.930673309812672162e-05 5.548320175633313398e-05 3.148646696726084901e-05 1.937987264021708396e-05 1.331834985728834944e-05 1.179497025440912160e-05 1.560848737258705490e-05 1.417466178103814375e-05 1.005832411410803220e-05 7.171237435318778736e-06 6.700659751265941523e-06
1.017623547386487318e-02 6.692779061877839920e-03 3.041042223014615766e-03 1.753445937678588164e-03 1.478868624967545750e-03 8.595675226505168241e-04 7.716478132234213085e-04 6.108535691590953566e-04 4.788328063852889454e-04 3.957219755150279974e-04 2.932362913738495772e-04 2.279870419686262444e-04 2.044740763256258133e-04 1.274314952543051567e-04 9.130498773650247131e-05 4.877096729075688746e-05 2.780644183078932266e-05 1.419309679772505579e-05 9.582463228821517948e-06 6.870043923709179669e-06 4.802468700265633488e-06 4.398621099810100722e-06 4.472671217840739977e-06 4.946877560253541459e-06 3.626056222810738127e-06
7.983045625574599312e-04 7.237515167538793957e-04 5.233791330621302479e-04 5.428337073828534091e-04 4.768011285312378491e-04 4.059721117294749510e-04 3.728493117139918250e-04 3.472374902900921315e-04 2.987227553975720941e-04 2.789568056513655708e-04 1.995080658053049051e-04 1.138784950316731203e-04 7.784035210768880397e-05 6.818227158285778420e-05 4.606423114810799004e-05 3.992386636390699012e-05 3.001951945510475284e-05 2.422248084922006345e-05 2.409711135092130837e-05 2.129319930839694943e-05 2.020369946755920022e-05 1.323490477549255492e-05 7.624512217582203194e-06 5.254475008337196427e-06 4.018109025874418087e-06
6.083356188405076963e-04 5.421327697486251571e-04 2.591802431324436167e-04 3.243105250393699623e-04 1.574327700181065348e-04 1.771589262399641087e-04 1.455882773116280499e-04 1.143977344869480915e-04 1.066332567810419121e-04 7.496159659116700090e-05 6.123522001044904672e-05 5.797055099605167064e-05 5.219573581518833848e-05 3.827679098729478487e-05 3.647704919489760277e-05 3.632333748123871243e-05 3.318590155454775387e-05 2.872170911301131989e-05 2.265531172437497336e-05 1.627503311478728206e-05 1.033578649376490741e-05 6.785055919573386595e-06 4.350326909232664468e-06 3.324876395393514729e-06 2.098386739229703862e-06
2.450774049706330813e-03 3.483446147695200973e-03 2.050680122037362458e-03 1.400249250263161868e-03 1.107265314173519304e-03 1.022944945324879163e-03 7.270639825867638130e-04 6.329694132075322542e-04 4.705115945234934868e-04 3.703809659253749645e-04 3.556287451228975507e-04 3.067709959723966158e-04 2.496527354458895191e-04 1.717300144483805183e-04 1.033778324333598154e-04 5.348609124383570465e-05 2.417085940702552526e-05 1.682119779843649793e-05 1.305615223489897786e-05 1.312710095003299905e-05 1.774513018862948987e-05 2.384216617992598023e-05 1.938964480033496566e-05 8.819564540318860393e-06 7.006271624725253040e-06
4.704196128601990066e-03 3.470274392809038957e-03 1.723641071866823839e-03 9.287141773551770658e-04 6.448239588115318955e-04 3.986056475427013270e-04 4.721633134485201224e-04 5.507772313170391067e-04 4.294681811047667782e-04 3.361733398768276858e-04 2.874658746212603306e-04 2.378916182237721187e-04 1.748682213021769758e-04 1.224020399495925145e-04 8.421637601775502685e-05 5.375320352072526163e-05 2.888520588790979458e-05 1.409750185834352680e-05 7.319279122767247344e-06 4.865549340735128973e-06 3.552992947523453282e-06 2.607690301636748872e-06 2.821136708158330513e-06 3.005801375006074173e-06 3.243667260585551541e-06
4.130849594537648953e-03 3.964760077317852106e-03 2.930744631541572828e-03 2.010901390477149581e-03 1.458103908087289699e-03 1.229052549794168534e-03 8.693022405602175446e-04 7.046893471527966232e-04 6.400923310747983104e-04 5.351781213732255751e-04 3.344633477821724855e-04 2.206629808723668861e-04 1.448180697990823480e-04 1.060873052396333222e-04 1.200768996271778542e-04 5.637420419119153556e-05 3.724041661556902477e-05 2.456681545223947372e-05 1.511709142962208027e-05 1.205166803810824705e-05 8.447485133317872170e-06 7.892543222680266254e-06 6.576995878130448541e-06 4.177798052846351267e-06 4.408853505556934802e-06
1.052078549888944316e-02 7.140395620165582852e-03 3.906228674541127252e-03 1.760326844005609534e-03 1.123382925412155352e-03 7.579281461058169503e-04 5.286929372128540763e-04 4.254734776216128299e-04 3.851768331041645257e-04 3.214386062930016516e-04 2.731118815710811983e-04 2.197126145443677593e-04 2.059824675388429891e-04 1.276840667938085002e-04 7.441307566898693927e-05 4.854641344926242171e-05 2.707685118149247993e-05 1.681157099439043362e-05 1.272498467873250545e-05 1.213206771293543612e-05 1.053851499314864036e-05 5.937626689826830634e-06 5.366732226390795183e-06 4.804751447048972787e-06 5.962845613368391651e-06
8.873654121238467099e-03 7.722704912647112771e-03 2.703393394174467921e-03 1.629246123859184620e-03 1.533872529808561532e-03 1.303066857585529793e-03 9.960331128400189138e-04 7.364932636957297052e-04 6.363291981336609933e-04 5.214006937724269741e-04 3.646654865950239507e-04 2.701649113706558469e-04 1.564849572643794192e-04 9.481586063130906337e-05 5.639677213456314910e-05 3.268374041906984499e-05 2.021733534830540903e-05 1.288149983212855637e-05 7.921137398889951882e-06 6.212645873253261468e-06 4.861273623842132941e-06 6.359697595017616726e-06 5.251850392807136954e-06 3.608257456287426735e-06 3.396928183866003406e-06
2.981136919472303966e-03 2.695848894709687669e-03 1.866767898185818335e-03 1.362319443776363386e-03 1.155395145681843358e-03 1.031237329049159183e-03 8.347797457948247799e-04 8.350726535202877615e-04 6.650207170949284669e-04 6.009782052081556487e-04 4.374856398239734150e-04 2.934667823757342248e-04 1.769270372862276623e-04 1.211109146413401214e-04 7.286092444218747650e-05 4.609652958068214361e-05 3.181367812521085971e-05 3.511192758455581301e-05 2.147614429986037282e-05 1.562266621783512123e-05 9.641701046984697964e-06 7.303310332625278684e-06 8.525777292901634351e-06 5.479415574672941801e-06 4.428020894352809110e-06
2.977700721830694834e-03 1.848855033384348397e-03 1.519299565857833677e-03 1.438070282350341735e-03 1.273305723386348618e-03 1.234316323078845420e-03 9.874487221823906400e-04 8.106087817524690623e-04 5.793750999888877496e-04 4.692498347746284159e-04 3.363616895553140263e-04 2.355375195993854277e-04 1.399768707432566214e-04 8.384654820491770945e-05 4.746041503658743723e-05 3.509978488757257617e-05 1.946277923104929559e-05 1.137861637950691704e-05 7.020208938844630080e-06 6.299922131815536393e-06 3.892486257996927303e-06 2.535826478207873796e-06 1.821141650009938996e-06 1.491680887605176310e-06 1.321872797089865430e-06
3.989978070518955186e-03 3.018576265177785791e-03 1.608989146301622415e-03 1.401116535243354406e-03 1.150634310894816823e-03 7.635724621717917366e-04 5.912769869410412164e-04 4.413502245956319359e-04 3.713336035272498813e-04 2.854151403491272487e-04 2.470598938510298079e-04 2.083596241714555982e-04 1.786905905777177095e-04 1.434929302302584647e-04 1.003578315863464838e-04 6.582699923055720036e-05 4.398304187647669445e-05 2.626488728357053134e-05 1.383208067694033350e-05 9.892350515005747646e-06 8.544382120878587708e-06 1.119543051507814667e-05 9.356135945237033206e-06 5.455304694624021428e-06 5.086104284853606106e-06
1.928531727844651558e-03 2.036529676809971812e-03 8.946248528790587233e-04 7.424175811761198063e-04 5.127254153201275810e-04 5.006354264719353828e-04 3.735618668750565028e-04 2.693028107629209561e-04 1.752072743658254197e-04 1.698317454141359416e-04 1.380364721093203513e-04 1.304797255342832283e-04 1.464850703342936101e-04 1.385263178138606318e-04 1.409170117929430389e-04 1.300757535929690100e-04 9.444766841262280271e-05 5.925494586769634029e-05 5.190885096702824603e-05 4.815528609369208756e-05 4.994159829287551005e-05 3.153237314986291287e-05 2.139120622440359424e-05 2.234377940644301718e-05 3.221349992824988460e-05
2.751615603975389891e-03 2.091498055724290862e-03 1.671522729528867809e-03 1.144214070128274233e-03 7.234281927765299006e-04 6.505450842063670172e-04 5.029323619536973629e-04 4.156282710751267270e-04 3.250753799932331418e-04 2.693379280552299685e-04 2.429015508157629933e-04 2.144472367909727771e-04 1.821271663390642127e-04 1.390908123632928438e-04 1.002471920126614174e-04 6.530639815683539730e-05 3.703760297475417026e-05 2.297368729978142065e-05 1.253084997346868902e-05 6.990942236995841134e-06 7.688013853024626721e-06 5.287936189943317407e-06 3.576465617104160573e-06 4.161679761083848705e-06 4.503035098352806977e-06
9.499000702356758322e-03 5.296900096551705218e-03 5.332720163210260406e-03 2.498398516653687479e-03 1.757738889166366846e-03 1.112790409546457948e-03 1.175352104092461814e-03 1.008601533085689769e-03 7.507236239152044553e-04 5.204006863875747799e-04 3.670422066411520930e-04 2.266579809541948896e-04 1.544108654980980567e-04 1.037056409264394008e-04 7.224117837380662592e-05 4.591997549243006361e-05 2.901089049984613920e-05 1.809177483120756036e-05 1.189777732740617967e-05 1.035983303528392373e-05 8.459730055553885800e-06 7.831422259202237222e-06 9.283807649848344217e-06 8.457505132085076311e-06 5.957035729583737205e-06
1.492552431833926328e-03 1.415360709282413674e-03 1.587714216929328936e-03 7.923036374988991085e-04 6.082626580984105491e-04 4.406022555289354752e-04 3.672422132676075586e-04 3.295899440271626802e-04 3.397536841650487089e-04 2.615715320327736244e-04 2.048023644117643498e-04 1.794942942512475672e-04 1.560310702638440026e-04 1.153248630219329117e-04 8.989195955940167365e-05 6.647455518608494504e-05 5.256434135258247162e-05 4.360317242395017444e-05 4.192354425541259345e-05 4.573956956791886747e-05 3.576305955141089078e-05 2.229120577983344402e-05 1.492439540123532644e-05 1.009343450748195383e-05 7.674010563460619921e-06
1.862672981558516436e-03 1.818224757868314558e-03 1.413711105065969817e-03 1.035988890334854076e-03 6.165434370973243679e-04 3.546602979339543316e-04 2.396866435098328452e-04 2.408340645090125711e-04 2.179030494056717236e-04 2.084055950916094207e-04 1.667039573528027521e-04 1.195088817644860747e-04 9.991623773895998487e-05 8.357833155619773095e-05 8.430357731409395970e-05 6.317111080620520334e-05 5.218130648853975509e-05 4.181137504309606308e-05 3.286278488136676649e-05 3.688896238248018855e-05 3.090143504940894058e-05 2.561968125747244511e-05 2.695935645211869363e-05 2.311231410398694225e-05 1.462254640763071817e-05
4.101365844618294620e-03 2.019830445358602230e-03 1.090655002557897307e-03 1.315795672701650055e-03 1.363322997714700282e-03 1.336085761833763486e-03 1.085099388339357809e-03 8.076280841144352655e-04 7.035166490618140114e-04 4.829285916007905271e-04 3.707327827622314167e-04 2.578329884948991554e-04 1.806651474008944068e-04 1.306363638983891516e-04 7.002747722355299141e-05 4.187172825437755086e-05 2.755268045996582256e-05 1.777352745889041843e-05 1.318668048308747301e-05 1.156412335009800526e-05 9.797228937818094302e-06 9.675914245027171843e-06 7.075065610517886751e-06 3.793418727049109519e-06 3.950996750324833977e-06
5.281523675340495973e-03 5.242922775393230213e-03 3.869022213454747540e-03 2.306070878807138947e-03 2.574278891554076382e-03 2.335255392983219807e-03 1.328649119042421209e-03 7.604760958631294476e-04 5.394743342653386805e-04 4.887528106495586146e-04 3.277476272911132365e-04 2.725224673248740335e-04 1.567206599581432596e-04 1.100631658954436291e-04 8.119594688963852709e-05 4.524168407307841170e-05 2.423342239617173028e-05 1.666566068110748969e-05 1.158899187360419705e-05 6.676200980290181081e-06 5.418840154408382826e-06 5.316484472581019121e-06 6.479320265650406195e-06 5.634662001202720539e-06 3.565109795107444889e-06
1.172401698932764268e-02 6.617405565891817595e-03 6.044817046771496470e-03 5.266706444857103750e-03 3.191179389900734246e-03 1.847229399338955712e-03 8.307374847671638142e-04 6.072406678312449423e-04 4.360853613876124451e-04 3.482913346327625565e-04 2.684255352825584370e-04 2.112491264608575697e-04 1.545678080633589957e-04 1.222594683373365190e-04 1.013093884454740443e-04 6.419248520596120911e-05 3.655172585163936935e-05 2.374333109205691456e-05 1.743564303465131203e-05 1.432417969412690696e-05 1.058976505805920158e-05 1.152430217869223852e-05 1.007760374308343232e-05 1.082655695480316018e-05 1.169556786629172873e-05
2.881247561735410766e-03 3.697863635725366464e-03 2.940993840845613876e-03 1.482699798671431373e-03 1.187812153422009367e-03 1.034104780896192210e-03 4.561963380214959602e-04 4.347119238733856235e-04 3.381586791060012210e-04 2.759033300091364772e-04 2.667520013148084882e-04 2.399344758794543289e-04 1.982798194772543009e-04 1.554548818990066409e-04 1.254127687475183994e-04 7.824613444760805832e-05 3.697948745091094727e-05 1.988072520316571366e-05 1.089368459420015495e-05 8.706933652740265410e-06 7.195077114679623381e-06 7.000268839040571038e-06 7.656713343790511828e-06 5.928300430824323707e-06 4.315999306191520580e-06
4.431760816138172535e-03 3.553469483343845488e-03 2.695860339966937858e-03 1.883234272832565040e-03 1.290580885240038764e-03 1.009933074872512238e-03 7.911690920929829660e-04 6.363118373709402472e-04 6.073529308611300614e-04 4.343228460333066780e-04 3.582933971230563698e-04 2.651682466959142184e-04 1.824483741858355678e-04 1.252701156401529693e-04 7.030117903300672549e-05 3.843622006346165769e-05 2.423373723196177437e-05 1.442684295201324722e-05 1.215940548847859945e-05 8.579223402040407636e-06 6.045873733808461934e-06 4.649433469540234306e-06 3.524247474126722182e-06 3.961626518587770728e-06 3.782712386272454548e-06
6.578462408112694011e-03 4.109841509925179701e-03 2.949824853650159003e-03 2.128610416567248108e-03 1.208823219495680024e-03 8.767743120669259892e-04 8.223813355225135938e-04 6.823489413376196628e-04 5.455032624438415322e-04 4.285909467549367242e-04 3.432409049841709083e-04 2.532883042016610990e-04 1.873507862533716818e-04 1.147364076865190998e-04 6.887197234272571624e-05 3.853244229264475243e-05 1.990106185525891271e-05 1.087870489784020840e-05 6.747586316406077239e-06 4.385151841014326785e-06 3.171572581944440263e-06 2.687566916090388322e-06 2.707097382703375650e-06 3.477890806472151499e-06 2.784641596678129176e-06
4.965134267703633086e-03 4.128141373907381721e-03 3.598487764943561224e-03 2.457071329900196478e-03 1.821214560300242003e-03 1.030118110963535241e-03 6.227061740083838712e-04 3.419073722977608891e-04 2.825238908959431909e-04 2.762943539497050567e-04 1.984106424324281841e-04 1.550779009860039502e-04 1.142347529063934581e-04 8.638623497558473485e-05 6.219274092150050724e-05 4.211131311785293205e-05 2.929977032130209901e-05 1.860428410976784359e-05 1.009051126741226162e-05 5.955749840417339015e-06 5.019390322905730642e-06 2.885444646156812375e-06 2.288726481219074088e-06 2.257003792858643590e-06 2.259782986827770844e-06
3.841048212721760897e-03 3.254743065119913847e-03 1.912656465125888968e-03 1.148201808094736045e-03 1.014452025174700104e-03 1.038488782595156819e-03 8.169465156816825037e-04 6.770078151043289541e-04 5.243262999938484280e-04 4.000819336675638833e-04 3.201148897145452343e-04 2.449054346943410295e-04 1.906252328733901527e-04 1.310916329343801549e-04 8.300165663531197462e-05 5.369447767571914053e-05 3.281798093297730296e-05 1.861644506827229544e-05 1.147966835982907465e-05 7.648698868465099706e-06 5.523622285782656950e-06 5.239727694985457482e-06 4.556906351364579290e-06 5.555907011546195381e-06 3.834583171813109845e-06
7.896403435473379334e-03 4.495888918959786706e-03 2.871204391207121849e-03 1.729685879263133342e-03 1.206379158642343664e-03 1.127276562832937781e-03 9.993188338920737900e-04 9.902150225092414514e-04 7.350041265796895861e-04 5.270081644957232830e-04 4.049901540129535239e-04 2.948047112093738560e-04 1.928560273812265024e-04 1.116809733436363773e-04 6.832805879741211637e-05 3.723301416397827962e-05 2.495889049841128792e-05 1.567093023941244095e-05 1.104726786915079675e-05 9.340215521366078991e-06 7.575461777024372825e-06 1.148604310950251268e-05 5.241762035372159143e-06 3.478200991524973549e-06 3.808070707310678294e-06
5.489386831525898229e-03 3.672899537227472012e-03 2.898355278382803817e-03 1.851101014272043361e-03 1.142137299064738785e-03 9.105340724681327928e-04 8.323652769808633249e-04 7.818774093629836646e-04 7.111698425661447777e-04 6.020068578973917801e-04 4.221560948366541292e-04 2.766578012332305647e-04 1.808851585257237034e-04 1.145559731773901986e-04 6.667566578722880965e-05 4.315609236336794219e-05 2.195458304400179798e-05 1.380536003938342596e-05 1.022818727363705736e-05 6.937635335938655054e-06 5.737724256067488233e-06 4.657286027806158204e-06 3.934628739515616643e-06 3.226510060549926834e-06 2.900518947739202503e-06
2.147533911048432088e-03 1.344404562349544967e-03 9.324663230364934555e-04 5.485073240219451784e-04 5.265267609107642270e-04 5.118533176245995209e-04 4.493073236178626775e-04 3.296729857612220910e-04 2.612821486937799416e-04 2.309530918246586583e-04 2.201924422176986256e-04 1.890834014931570177e-04 1.705908703169498064e-04 1.316391454255759507e-04 1.110051178373047182e-04 9.248308919612417581e-05 5.960969268004324533e-05 3.313302884002522616e-05 1.875724359857544086e-05 1.295444930336106201e-05 6.986416403863388342e-06 6.030085903372611786e-06 7.680596461425744561e-06 1.006656345403182143e-05 7.541445250720523438e-06
1.417175900056605146e-02 6.208653672489608012e-03 4.064982246173901546e-03 2.058721536989443265e-03 1.107550603209234846e-03 7.164159845243658724e-04 6.755898191138946449e-04 6.301111623097877196e-04 5.691289049057835685e-04 5.027140933865847320e-04 4.099631229964188273e-04 2.793807007971170313e-04 1.938577388611289879e-04 1.153054214922451671e-04 6.792524525756430938e-05 4.320096190369370029e-05 2.793964023790552594e-05 1.764605379399668579e-05 1.062842172629539088e-05 6.685978831104570446e-06 4.678998345130770705e-06 4.339087064263146213e-06 2.669903899199836573e-06 2.203155315658734282e-06 1.920354670018786304e-06
2.385600861790458313e-03 1.175270356365624904e-03 8.751952959592771038e-04 6.048552506763293663e-04 6.808412549546974998e-04 8.790877102438842891e-04 8.617465897784874805e-04 6.383527455099242097e-04 5.667320460360169253e-04 4.204783460642028559e-04 3.643565379854026790e-04 3.009770355376724296e-04 2.209023268404167444e-04 1.403398564546579660e-04 8.754642962298350196e-05 4.576733082177312384e-05 2.447438381346516114e-05 1.419775457564401853e-05 1.098897525405352525e-05 9.240353809002413324e-06 8.366814968153648565e-06 4.696262383287299873e-06 4.352797141701049961e-06 3.843545357117633205e-06 3.927631510562254168e-06
1.539623190076311191e-03 1.676982014875807222e-03 9.666898102402868244e-04 9.809069827471591802e-04 6.066853649731182791e-04 6.119742910777378059e-04 4.740461305423820742e-04 3.090484705452532874e-04 2.635632514020000991e-04 1.624072247676547299e-04 9.201362886907861211e-05 6.038974569793816580e-05 4.839600653758938071e-05 3.255292458531570802e-05 2.385988995209963395e-05 1.853214570975392591e-05 1.542101103302614360e-05 1.415248446756616964e-05 1.383373388923700385e-05 1.454763394837036618e-05 1.341804817918276988e-05 1.099125610565073521e-05 7.044951339015041694e-06 5.622511270605899999e-06 4.982530219730651231e-06
2.564765993120287930e-03 2.338401309325945001e-03 2.571876119657306916e-03 1.529506772670737643e-03 1.072039733176563840e-03 8.003817719948143946e-04 6.583345300086709600e-04 5.185669379228570377e-04 4.745161299093366737e-04 4.334139865049500004e-04 3.153079445003200451e-04 2.336808953953046933e-04 2.000475255273056097e-04 1.339779063532999426e-04 8.664948539420963851e-05 7.063787673658604893e-05 4.350151848932845967e-05 3.334230884247783730e-05 2.735716550779974894e-05 2.884415283796615354e-05 2.968022702379452570e-05 2.794435048380502912e-05 2.266253498944841336e-05 1.688182272164964339e-05 1.657244409384058247e-05
1.012796297848485121e-02 4.011479714995370288e-03 2.014275720684562208e-03 1.502231913497673477e-03 2.109809557308691200e-03 1.527520705869112603e-03 1.303109779378316653e-03 9.061425705962367896e-04 7.899479538596006168e-04 5.070508414851053296e-04 3.740471916609082459e-04 2.872767576918105982e-04 1.842895509384794321e-04 1.108921473943815661e-04 7.786327981164589576e-05 4.366823433561992850e-05 3.022068787399814757e-05 1.811303259655327189e-05 1.364178243954993775e-05 1.296379207409512108e-05 1.188353856744691370e-05 6.831734516792330303e-06 5.424807939323057761e-06 4.680243833146595748e-06 3.484909636089410355e-06
1.183333929236341300e-02 8.340401480448102201e-03 5.677603923229808391e-03 3.738215826108360999e-03 1.841165896582844068e-03 1.389951084455610204e-03 7.666180705509711502e-04 4.471983810344215137e-04 3.938939499917791759e-04 3.280794952848300225e-04 2.771540060558174107e-04 2.300983254247206502e-04 1.808526754751607320e-04 1.382620375568205536e-04 8.745277466060622634e-05 5.986532183608732496e-05 3.626346711059240857e-05 2.409972579308198402e-05 2.454460175989419378e-05 2.411521797272589318e-05 3.010064437511618580e-05 4.378759441176530528e-05 5.467309255074997857e-05 3.447839255461272837e-05 1.961122896085979220e-05
5.989702727806953987e-03 2.907125850800058864e-03 2.415542059899548118e-03 1.842471206599460018e-03 1.664455415955674866e-03 1.428930376606985094e-03 1.255641254568611032e-03 8.414319343580347514e-04 7.176621300219060981e-04 4.795419909585723565e-04 3.081920177399316953e-04 2.078569540344173540e-04 1.440334539578924709e-04 1.027732595711702086e-04 6.216097183563116277e-05 4.370240584370214661e-05 2.646129924579829291e-05 1.748797272276746357e-05 1.140962818014976066e-05 7.220621473624767502e-06 4.760506112325173971e-06 4.700468840065937045e-06 4.771926389200234260e-06 5.743161299646714557e-06 5.170944459550235496e-06
6.020190590016927593e-03 4.088772812560797359e-03 2.099375703936234069e-03 1.676021333040512897e-03 1.195460572392144502e-03 8.748906876585323513e-04 7.015647124043991514e-04 6.197656244014934949e-04 6.496547011844484463e-04 4.788607126406814441e-04 3.574205908813476518e-04 2.418090586040015633e-04 1.794920916191667976e-04 1.168907954668731446e-04 7.488029065359331712e-05 4.410811291786952479e-05 2.759742616864038940e-05 1.606273184670950198e-05 8.578248101478124882e-06 6.233271412382154323e-06 4.270275282821232666e-06 3.073641966999540883e-06 2.845961865742772923e-06 3.086037839259953049e-06 5.191231504837696408e-06
4.727738088306125859e-03 2.839446105607447077e-03 1.814653028646207424e-03 1.386539616235383035e-03 9.500975068109768738e-04 7.257893986465915534e-04 5.479526712182977276e-04 4.520898057525915212e-04 3.217951652786756110e-04 3.565100055374445672e-04 3.624122335519410236e-04 2.606078019592508992e-04 1.941850835481377126e-04 1.478059211438206291e-04 8.594389855098336182e-05 4.538114428552172692e-05 2.556579173227143187e-05 1.838480988016375517e-05 1.629192786630923468e-05 1.833252088737192484e-05 2.173213795842126897e-05 1.340812142731721756e-05 1.384161434664650712e-05 7.435658578724176856e-06 4.578773912621530245e-06
1.080963381909961878e-02 8.903334060021054694e-03 4.092151321599649290e-03 2.253175970039314555e-03 1.897454407813275361e-03 8.745666470249252979e-04 5.914000520736176171e-04 4.334186371402588768e-04 3.912782582984137484e-04 3.189027420966189953e-04 2.482263189917408908e-04 2.220018276226281087e-04 2.026381176902230933e-04 1.756110735941668354e-04 1.108924773678844470e-04 6.690352160873564845e-05 3.276791325339741836e-05 1.900805294678906154e-05 1.057801153684258318e-05 7.184795999970917240e-06 5.908625655368994714e-06 5.438430696129019064e-06 6.263083251182256640e-06 6.693444545928594025e-06 5.749055960571276349e-06
9.248068533717089534e-03 7.678238367408790448e-03 4.290390489610507348e-03 3.709879844049933373e-03 2.424665735876642934e-03 2.005877119730788312e-03 1.336407425223770868e-03 1.119854597882044642e-03 7.482138601826547738e-04 4.714088322617146607e-04 3.225079413924617942e-04 2.170206661612604916e-04 1.554123335553763351e-04 1.148329180184626269e-04 7.057006264707295091e-05 4.132198790561890215e-05 2.370613847373785721e-05 1.548062969972236909e-05 9.887915353143182363e-06 7.136399304316365953e-06 6.142758416364550070e-06 4.580802211327280736e-06 3.559412927047345917e-06 3.951288767238162994e-06 3.646988148593888866e-06
4.002232310977517273e-04 7.120243918449127574e-04 4.092521543144211362e-04 4.161769852654357876e-04 2.859989175880599320e-04 2.131938821471563242e-04 2.653558108752988149e-04 2.260522440866790067e-04 1.786531224347734999e-04 1.755040400294374391e-04 1.446865696412856018e-04 1.436243350183384485e-04 1.374663144784371213e-04 1.240511437082282282e-04 1.015287155329341672e-04 7.903250963140193749e-05 6.151065011457142846e-05 3.886077930006497392e-05 1.938812996301647170e-05 9.260900965736450821e-06 5.676927947807955575e-06 5.850028591578557336e-06 6.930028012343053537e-06 4.472740089376149140e-06 5.738274371686974285e-06
5.372934641806013933e-03 4.667543882877743695e-03 2.758558444783219734e-03 2.839969199652890922e-03 2.321098473953354165e-03 1.007957881783381202e-03 5.510382696805436352e-04 5.278621789970303416e-04 4.761592415631733062e-04 4.463613359298829685e-04 4.085458532415142934e-04 2.869555004016313519e-04 2.173308345460742087e-04 1.554387477775881531e-04 9.494578474462656004e-05 6.396131431265601405e-05 4.811178727470019818e-05 3.360138061636894029e-05 2.833674063346009348e-05 2.224212331742710262e-05 1.891989178954210413e-05 1.787833529681680798e-05 1.827696531340890467e-05 1.806852682401931552e-05 1.313757982696934757e-05
3.176566483695375011e-03 1.852594115675754941e-03 1.494396329826030902e-03 1.117353678327858693e-03 9.426470813124462672e-04 8.799100278013440414e-04 7.445384247211044157e-04 5.947468396540454578e-04 4.675570605742591598e-04 3.577459676917246279e-04 3.021440215106566585e-04 3.033693495077883270e-04 1.952207652224941664e-04 1.364197631661065728e-04 9.048163840549726573e-05 5.916136123654149156e-05 3.458205837822131960e-05 2.522502269218300532e-05 1.315353432898090348e-05 1.012857185430804097e-05 7.190857882168742036e-06 4.163196586566701795e-06 3.398754527632409914e-06 2.718395835534717416e-06 2.767018814470993302e-06
1.082488538415962882e-02 5.562104943574280348e-03 2.970610866203032743e-03 1.544398708267414114e-03 9.974586088036480145e-04 6.591222798384960670e-04 5.166179308843232149e-04 4.302490507596133163e-04 3.599501556804024288e-04 3.524417813886325046e-04 2.785384615484776008e-04 2.100560736680510390e-04 1.749029968231094619e-04 1.357961057999588128e-04 8.824451380418729749e-05 5.035704515455939845e-05 3.124564127350101957e-05 1.979379808981995105e-05 1.351166897862982794e-05 8.449972105103629736e-06 6.495689594814672546e-06 4.995186707435411572e-06 3.247285177608791945e-06 2.375823448129056602e-06 2.228894587888229995e-06
9.491499792970479674e-03 6.460955077392921929e-03 5.764362518661914937e-03 4.027298587436788785e-03 2.406160481805977563e-03 1.311643573902081597e-03 1.045290143953731899e-03 8.669178899945038019e-04 6.715312984684869641e-04 4.164470815143556689e-04 3.435706117861585902e-04 2.038533728505283259e-04 1.317424109464823689e-04 8.227183038227711199e-05 5.339316692537895070e-05 3.279458221225763065e-05 2.181686974000492994e-05 1.274626853186440954e-05 7.415664012366894333e-06 4.673716122113043819e-06 3.198938532014573200e-06 2.533159980939557572e-06 2.024197818838345731e-06 2.828279645235738852e-06 5.933319338477418330e-06
6.805925067868797383e-03 8.268074436075505823e-03 3.514411782443359940e-03 2.347518316459340764e-03 1.310078668961501972e-03 6.529346648601522642e-04 5.741820540538988479e-04 4.518146199369214400e-04 4.279427809054153135e-04 3.555263861612644209e-04 2.820466349454292315e-04 1.925652819589047211e-04 1.507542735362642368e-04 1.305602860879935426e-04 1.151574018277695400e-04 6.014944847729805313e-05 3.617518197949454151e-05 2.283513167323495861e-05 1.645877348713861094e-05 1.256302125504242402e-05 1.187024707554621349e-05 6.747455393490844219e-06 5.323971317666906527e-06 4.162705870407305412e-06 2.514118366517501256e-06
1.514232503920705415e-02 1.411914706652103897e-02 7.813221820686539962e-03 3.580846208138802143e-03 2.044364728358124151e-03 1.429439341408412839e-03 9.688307164278844169e-04 8.224198300564623809e-04 6.307780813638792002e-04 4.682446167054454844e-04 3.350293231061882149e-04 2.118982822876730779e-04 1.435298213853493452e-04 9.346179315902809911e-05 6.152169987829658921e-05 4.002040689448304548e-05 2.098440157648744374e-05 1.050974186995066794e-05 7.745674532714095953e-06 5.072961997755384475e-06 3.616930867147907091e-06 3.455248460548182358e-06 3.328924139416975274e-06 2.842880872009532499e-06 2.892069955331391666e-06
6.745872682536672126e-03 4.320376889591670197e-03 2.602029112835887396e-03 1.875855984460867917e-03 1.255679456280020707e-03 9.274187895295432551e-04 7.745497970830184315e-04 6.007267845027099672e-04 4.784916126774077733e-04 3.830039315990910881e-04 2.931267384088682287e-04 2.073513314149990283e-04 1.485320888182243616e-04 1.095023928324979315e-04 8.763385028255074117e-05 6.226301746230480569e-05 3.519763570323618788e-05 2.431103478191928963e-05 1.798600084308285340e-05 1.563922610120140817e-05 1.931099028135123413e-05 1.827852965928944016e-05 1.013817229159887871e-05 6.041269519737458377e-06 6.199117303273226838e-06
6.056725912172614135e-03 2.264632642013097562e-03 2.391596716100317672e-03 2.184861169528349873e-03 1.153615343031852902e-03 8.447363049540613632e-04 6.235041292630356989e-04 4.236618707553179829e-04 4.034542978354816768e-04 4.192925354309161670e-04 3.691246349644380963e-04 2.236247168605833848e-04 1.663011213174392952e-04 1.349693690787148303e-04 8.547883638662488607e-05 4.545588312345767425e-05 3.149794611343279010e-05 1.813103954068991214e-05 1.245333456246930079e-05 9.122762727771466733e-06 6.414914099280696330e-06 4.600514067194195573e-06 4.183487226255427746e-06 3.305897194596829753e-06 5.161241570823401201e-06
3.497520871181688910e-03 1.485262010399113642e-03 8.723843164467325615e-04 8.801738256433373807e-04 9.430618582920214689e-04 8.766606183807163421e-04 6.071417264174366803e-04 4.231118127662611352e-04 3.771977562320930739e-04 3.199590501521989939e-04 2.955427166660118919e-04 2.628045991824091467e-04 1.963151538614100425e-04 1.285684511547461771e-04 1.020922491033577305e-04 5.831264206827269488e-05 3.038574464707544792e-05 1.702039129189567422e-05 1.201488545158622367e-05 7.696357434188087987e-06 6.128744774787901021e-06 5.730972290634558035e-06 4.060982181347752138e-06 3.864893275157461204e-06 3.224623806467506886e-06
1.106752353682457883e-02 4.014235508698561251e-03 2.148209080236590691e-03 1.965053003030586224e-03 1.856383555596876527e-03 1.550766884561527404e-03 8.425002725685731136e-04 6.274739732366719450e-04 5.311351307761692613e-04 4.311882388363704865e-04 3.553667977047916793e-04 2.861156496763656368e-04 1.914844039675032050e-04 1.338748281187292970e-04 8.770545560950391531e-05 5.971538686020078855e-05 4.289509316742118778e-05 3.037247378510608774e-05 2.488850498643914921e-05 2.045049421560010759e-05 2.178617118617056975e-05 1.612009124015161511e-05 1.412368131909401777e-05 1.072567397865660968e-05 8.815273575452752319e-06
4.027239056752109254e-03 1.575652237746196947e-03 1.118665667517665298e-03 1.189714512765576229e-03 1.127122398613355364e-03 9.292533970362133701e-04 9.136111839408660564e-04 8.230230166545452397e-04 8.208116818413509165e-04 7.222952527556185951e-04 3.866882595865802534e-04 2.223090843228344294e-04 1.436386402777712007e-04 8.518244626336329763e-05 5.326852955492558450e-05 3.849336623634692575e-05 3.243821004799956606e-05 2.862287206593334962e-05 1.951353472503336388e-05 1.897022873603154957e-05 1.847291240624621394e-05 1.531142030994763964e-05 1.105581059164326146e-05 9.222327267410524373e-06 6.388127690303402278e-06
3.616024013299090362e-03 1.854101547516572371e-03 1.125861250157905594e-03 9.520984006853766600e-04 9.548688302316057875e-04 1.019763565778867035e-03 9.654769155800144165e-04 7.054704301392169218e-04 6.568075598666892794e-04 3.948153350016386461e-04 3.410697261201349906e-04 2.634114272054786910e-04 1.725514787980523754e-04 1.169450781620903112e-04 8.449640911449018163e-05 4.903291311939430663e-05 3.115983486028701293e-05 2.325567392223172706e-05 1.611135546473712856e-05 1.446691866792395581e-05 1.440366285941359761e-05 1.444869163376978680e-05 1.231048601058163041e-05 8.378034068942708283e-06 5.957783642017661172e-06
4.718014212344008237e-03 2.651258348686821691e-03 2.059126578584035382e-03 1.202657209852911078e-03 7.797466573277633990e-04 6.468597421673393660e-04 5.991980618307256572e-04 5.289416169708583033e-04 4.798679569696330180e-04 4.262059191350774860e-04 3.270758147682031229e-04 2.490548778494231083e-04 1.828378006674482334e-04 1.326141654123165492e-04 1.013541232359426288e-04 7.445633586636272333e-05 5.410342274258103320e-05 3.678653125810506995e-05 2.038014005037403633e-05 1.140729073596386758e-05 9.391984920962906594e-06 5.808906764743912570e-06 4.564926413111531481e-06 3.732132019663756213e-06 2.897499247531864819e-06
6.922608708142684482e-03 4.452350556507525710e-03 4.233152161613780960e-03 3.189768068591360400e-03 2.268478295862836822e-03 1.198271767775968338e-03 8.613312211012959197e-04 7.182738550453643313e-04 6.217017026103518465e-04 5.981955609412460770e-04 3.379918983318127429e-04 2.200315288671665398e-04 1.345192638945209992e-04 8.497392573443703859e-05 4.902640040404965282e-05 2.990475491979189450e-05 2.212924487084261160e-05 1.406858478051150173e-05 1.151214285589007534e-05 9.986647737569167253e-06 9.341511454887032055e-06 9.992511445467637098e-06 1.571962623192228525e-05 7.026537351154247292e-06 3.520176934152439840e-06
1.658674879122569792e-02 7.121631922253310841e-03 4.860278655094526362e-03 1.739146868611400262e-03 7.805609324960481729e-04 6.369085280425406228e-04 4.843238834778298388e-04 4.432837872911409081e-04 4.270054208578246595e-04 3.837508493239119036e-04 3.030980121737421751e-04 2.582601559828456286e-04 1.824309650714699496e-04 1.232241010435315991e-04 7.039788654611906567e-05 4.133133712512312053e-05 2.571290473260693440e-05 1.753416025099966679e-05 1.327882716660849523e-05 8.858941281090026193e-06 5.523023206569205296e-06 4.076797020997229114e-06 2.854380813502187945e-06 2.209206803607741657e-06 2.005574100973866789e-06
7.831412079485552957e-03 3.556942850315045809e-03 2.342463603604932453e-03 2.619598660345362484e-03 1.416186276027270969e-03 1.272020250193712327e-03 1.121102271662818882e-03 9.458569783028450027e-04 7.858973469235051423e-04 5.734043212247297728e-04 3.768314272762157083e-04 2.423534285662139859e-04 1.650598633641423918e-04 1.206988562391933870e-04 9.277613865453965313e-05 5.805449327419026938e-05 4.670570160149015604e-05 3.762902528928484171e-05 2.064264817678972757e-05 1.421001035934626060e-05 1.208411653021860701e-05 1.103741275064848701e-05 9.667181970320145405e-06 1.205393925269382797e-05 9.237471793298249331e-06
1.736236465939437149e-03 1.156780358096348195e-03 1.079897796228315070e-03 8.788247015829220212e-04 5.415635586028967998e-04 3.851836219142583070e-04 2.988280445402045926e-04 2.239262951225858174e-04 1.816484879166268532e-04 1.309293169654883134e-04 1.288812756584998935e-04 1.037953446941492186e-04 1.023918597019538073e-04 8.961784873913021196e-05 9.083178118307670646e-05 6.755835805980354688e-05 5.131789870385446866e-05 3.388582398891584106e-05 1.887547567078664204e-05 8.705194715630325169e-06 4.995221606021552615e-06 3.200521293145642815e-06 2.262250648949611224e-06 2.032910755520642138e-06 1.845416851389851125e-06
1.839509378015692989e-03 1.423394260747913630e-03 6.754660844690354993e-04 6.223674943881803232e-04 4.947905347393449782e-04 4.080866980079551963e-04 3.671627380711017731e-04 2.469896821798447072e-04 2.187488824039737832e-04 2.034356735216178650e-04 2.218452080338856108e-04 2.074552433732290929e-04 1.554790552220444461e-04 1.235317703559793586e-04 9.814193430211525556e-05 6.529350354847661083e-05 3.998100436650095784e-05 2.239609652839134603e-05 1.169040650281172268e-05 7.813215335550527626e-06 5.108644423543282262e-06 3.483717239055559597e-06 2.792158725855444636e-06 2.926063408191667527e-06 2.250954605556456281e-06
9.275520365179553903e-03 7.522802189959591768e-03 4.403853100896006068e-03 2.373744467640751758e-03 1.059021333098570479e-03 9.544819120479954748e-04 7.303531050934628953e-04 5.032913815071207112e-04 4.440435363581812073e-04 4.106031736490988425e-04 4.124688200695690913e-04 2.978344758516866353e-04 2.428565094434434924e-04 1.616959825790176644e-04 9.643948622958170623e-05 5.319996795404704435e-05 3.366083005215846275e-05 2.506327264459747470e-05 1.282003063936380906e-05 9.488433074458330359e-06 1.023983358519650990e-05 8.566486678078546438e-06 8.575152012726681066e-06 8.592389490260927531e-06 7.271274681508026758e-06
1.273822978187367019e-02 5.355402245765753660e-03 2.227941095068866617e-03 1.037741933397648897e-03 7.906682244786029283e-04 4.805001747876528543e-04 4.317271028921621520e-04 3.605778167253882748e-04 3.209825605826073904e-04 3.030882840005660883e-04 2.740084571307193555e-04 2.277681202258623520e-04 1.778597176043654352e-04 1.308698163919153707e-04 8.577895244412955084e-05 5.310224058961465131e-05 3.411047051208598185e-05 2.658695754155341212e-05 2.314318072918183897e-05 2.491291856717741112e-05 2.524718151083827836e-05 1.873352679775735501e-05 1.918620966282023611e-05 1.063883042561083467e-05 6.879967680549896177e-06
7.888796937916733431e-04 9.969472597603583862e-04 3.661857739667013210e-04 2.272307528582998492e-04 1.951235074012590384e-04 2.011285874362813569e-04 1.531896870527562943e-04 2.092708766667062228e-04 1.573011839739088243e-04 1.248203224733387636e-04 8.542670712040482440e-05 9.676859987035765732e-05 8.266997358909517119e-05 7.313587750540835348e-05 6.669066562257093664e-05 6.246840838529605158e-05 4.527142016338368678e-05 3.601595253456168404e-05 2.058746117468997336e-05 1.319032551175934095e-05 8.123703114461045861e-06 9.884479877513579511e-06 1.081227929533041122e-05 8.931709731150921163e-06 4.221669593312447461e-06
3.115606739950767690e-03 1.874787806607801539e-03 9.957017115022519585e-04 8.111543431500760825e-04 7.688808889541921560e-04 6.895293050926215540e-04 5.951007640183146423e-04 5.003211750917809951e-04 4.067328719247536250e-04 3.520539635093408466e-04 2.896585787551960952e-04 2.464651104115671157e-04 1.957418825252932499e-04 1.361552469045251726e-04 8.948098431822137651e-05 5.280651032013395843e-05 3.239252191367507643e-05 2.156409892984841929e-05 1.298321302747900262e-05 7.637153214684571417e-06 4.975619437265245347e-06 3.967990565703951648e-06 3.430025976853914221e-06 3.719695683287649265e-06 4.059753510551810407e-06
9.380996718268099681e-04 8.751128879177330925e-04 6.326197808413251472e-04 7.051401095548385503e-04 5.652318931147127428e-04 5.885263699234367409e-04 3.267499165909548676e-04 4.261274260797969816e-04 3.088233809212754871e-04 2.762865635729737607e-04 1.993167741454370185e-04 1.713828356537323351e-04 1.366604977708546552e-04 1.088318055576650904e-04 9.939538059840448338e-05 8.765739515279533654e-05 5.780495222176123009e-05 3.190134941887526809e-05 1.632357394564335425e-05 1.051207828944154475e-05 9.862200094813871519e-06 1.122332773117843054e-05 5.693634107913609901e-06 4.631264370057638213e-06 4.477548307661832491e-06
6.198279345017950956e-03 5.874255922013268787e-03 4.335929612247844088e-03 2.922934184194397877e-03 1.340579267181213731e-03 8.784238949122580428e-04 7.681031056935725071e-04 6.495637240035370555e-04 5.561523736029187542e-04 4.230797723847449002e-04 3.657370174757566123e-04 2.783094021410437938e-04 1.860621893233329119e-04 1.291467699081670184e-04 8.670500052698190468e-05 5.994043550455039655e-05 3.663940735113643024e-05 2.870037481218624836e-05 1.667792826200443956e-05 9.360858441752620897e-06 8.457868300545189096e-06 7.001923430346925540e-06 3.736930280897593087e-06 3.199289791371716107e-06 2.348523764488935645e-06
1.102688026607697575e-02 7.781013136938736210e-03 5.279691741855263402e-03 2.809483376618062030e-03 1.373367280232105003e-03 9.498679114438075442e-04 7.613376666516220945e-04 6.285126654151306728e-04 5.012897650115595571e-04 3.679846821100842013e-04 2.768983077594553755e-04 1.924454488508342857e-04 1.514797986982976486e-04 1.280651425243449883e-04 7.872235980747742834e-05 4.981049717246277786e-05 3.132798867359386713e-05 1.681489336125968897e-05 9.287193575521483332e-06 7.114458869568007597e-06 6.927012434282092381e-06 4.749826866862558720e-06 4.598239762568422956e-06 3.244978479630005132e-06 2.655085307349844893e-06
1.404758871921227455e-02 5.278068071340884931e-03 2.084927835461318490e-03 1.906900247916250030e-03 1.343081010447482815e-03 1.039640400020653633e-03 8.910759748436504262e-04 7.088263690713388857e-04 5.312731132823846330e-04 4.014991246923565777e-04 2.952745635635819696e-04 2.172130258248111570e-04 1.577876507946893777e-04 1.166429361588510540e-04 7.256376793117897675e-05 4.321484270576274577e-05 2.402203438273420999e-05 1.551594906925355844e-05 9.126325069297098040e-06 6.677247564170518271e-06 4.231558922776614150e-06 3.877494917041981306e-06 5.042993254051636108e-06 5.698512593598114522e-06 4.285107293468077972e-06
4.501385322339694108e-03 3.080754595354898411e-03 2.092981397737597032e-03 1.482046881534771713e-03 1.246684945871964594e-03 1.153277616547468323e-03 7.782499818602460571e-04 5.724035240009442806e-04 5.493391073201004315e-04 4.199624597503004539e-04 3.099799376964247339e-04 2.280789633017553603e-04 1.737794044761247847e-04 1.257350855096224691e-04 9.185483759173065216e-05 6.048292612719631631e-05 3.064798501205767082e-05 1.451136581979334576e-05 8.131056292486191209e-06 9.259550701086375374e-06 5.704547914947069373e-06 4.092645711058254594e-06 3.318550362109381616e-06 3.584728700311412604e-06 3.070881703748830823e-06
7.736268626969903216e-03 5.526682726076361137e-03 2.630641678861259276e-03 1.461794712902274090e-03 1.281954280054550810e-03 1.365047735988777610e-03 8.339640865809352108e-04 6.022199038952544096e-04 5.490516101774268673e-04 4.792394177858917215e-04 3.480245197559317079e-04 2.702617776747046280e-04 2.042739705881962541e-04 1.398280855820093513e-04 1.004802083336461924e-04 4.905157175143646706e-05 2.812078062328448691e-05 1.764575737098227260e-05 1.251228232376772014e-05 9.439494007559120486e-06 6.152174244616376877e-06 5.485988016522094394e-06 5.058448527532472955e-06 6.546186722971423980e-06 3.712362975100920451e-06
7.349250142240822299e-03 3.246244223541354824e-03 2.179192023380462865e-03 1.611441802457733640e-03 1.062682539056420501e-03 7.962467555674959587e-04 6.247165274134613066e-04 5.254335861023606098e-04 4.884578128210485077e-04 4.367481900571811341e-04 4.022972516744088801e-04 3.209820501683877656e-04 2.053772674702360049e-04 1.200328226937225729e-04 7.411920555251454363e-05 4.401032022296977070e-05 2.560899010409881194e-05 1.660371061869103757e-05 1.296094609510484139e-05 1.220433210183525121e-05 1.425301084408813177e-05 1.258993600373091383e-05 6.605204501376130071e-06 4.224292591985191921e-06 3.728525570711777634e-06
2.933288292845356946e-03 1.590655276602724296e-03 1.617154461059257167e-03 1.133825189917188293e-03 1.047381547399361089e-03 9.021367051958185121e-04 9.557498205188986887e-04 7.860787355972864840e-04 6.317155876945069158e-04 5.852054108015807866e-04 3.726367474445382031e-04 2.762145994205420603e-04 1.859249108575562542e-04 1.320795881464196218e-04 8.554230740405983717e-05 5.360875452697819551e-05 2.548875372962600223e-05 1.922865082070122821e-05 8.555524290437221778e-06 6.167620575810584937e-06 5.771058697178815531e-06 4.670967399929062845e-06 4.084228616514133164e-06 3.566615327255157333e-06 3.259263177453846619e-06
5.785246065745161884e-03 4.942390748730931052e-03 4.523682714370384252e-03 3.119887269988971725e-03 2.420756337208687225e-03 1.806365578582821508e-03 8.104545588957499415e-04 3.778493592605336828e-04 3.282576485609031008e-04 3.051762218678507449e-04 2.836034103529748007e-04 2.022706208215870635e-04 1.513761864115839996e-04 1.053743648068472175e-04 7.437382235800404136e-05 4.838446674356363520e-05 2.740816489765113587e-05 1.768153250314721082e-05 1.521293691941620007e-05 9.986757544978134990e-06 7.906417154702603228e-06 6.644027102531627199e-06 4.349558772044787487e-06 3.648170986825265960e-06 3.275154280120616813e-06
4.329121870368267053e-03 3.830202815415988636e-03 3.396317571449403681e-03 3.158162072312846198e-03 2.097169449561587032e-03 1.481389622028079708e-03 7.828330120242918584e-04 5.529096811827733564e-04 4.214226297035052866e-04 3.247076116550328090e-04 2.443976594694566751e-04 1.921110876283613179e-04 1.510056385094080882e-04 1.201778214563594619e-04 1.021008459450487807e-04 7.024944930867446527e-05 4.382180083613758392e-05 2.820317266284260525e-05 2.352599874676951762e-05 1.676690125525149799e-05 1.924960343678742435e-05 2.382804635838893233e-05 1.767091846435337170e-05 1.561522313308933229e-05 1.441931584204222272e-05
1.088419090143698947e-02 6.041839590637750751e-03 3.219093669398520683e-03 1.873276253297698462e-03 1.866260888282432430e-03 1.241645336605238679e-03 9.323620552362803411e-04 7.307663625464391483e-04 5.652341722718340214e-04 4.663574865868092370e-04 3.549102162561504673e-04 2.738317952943613871e-04 2.044511806282265937e-04 1.395575387364629441e-04 8.584705063738632628e-05 5.085406147323414804e-05 2.520505035348858733e-05 1.235494781943932550e-05 8.637055747453960903e-06 5.800383863863277339e-06 6.033678614435560504e-06 6.203476562269808246e-06 4.234798295450569804e-06 4.081787059711719642e-06 3.826934447580482546e-06
6.468245534640935761e-03 4.236493519772577439e-03 1.698567951829120732e-03 1.101051293028772931e-03 6.651412639257221586e-04 6.226822879237528183e-04 5.309952076827742246e-04 5.309343710218972830e-04 4.330817790871628755e-04 4.038555601245496628e-04 3.671211035616424811e-04 2.793773944519699804e-04 2.055956797272162032e-04 1.236356234462150140e-04 6.904512023759083966e-05 3.757584169928031374e-05 2.574258998179756601e-05 1.279975808085113028e-05 9.460660022867688627e-06 5.948615520460063901e-06 4.003846889276549316e-06 3.851691020892538882e-06 2.317553622275674238e-06 2.802221867293157102e-06 4.996767801431979755e-06
7.922367126390120196e-03 6.806149477178128661e-03 3.908602982576109622e-03 2.994471606122608553e-03 1.540751667347944409e-03 7.271741116624664105e-04 6.942468993650654195e-04 6.412220346966327139e-04 6.146729260596866433e-04 6.519377508494523859e-04 4.127710217244648198e-04 2.991525956415878765e-04 2.046089254485165972e-04 1.253027751801882015e-04 7.431999224767764953e-05 4.706745676321332731e-05 2.640067585388250742e-05 1.707627620330594455e-05 1.151374751579140583e-05 8.151763221924833688e-06 6.248531804957177871e-06 6.472962737782790941e-06 6.113133841617542299e-06 1.018518259075523074e-05 5.474875167454183412e-06
3.790871427168418170e-03 1.788385928555344352e-03 2.074260529527298825e-03 1.207722604930015417e-03 1.115012687867070673e-03 7.627688938700443204e-04 6.713683776287640743e-04 5.760148875617230289e-04 5.659334053700479849e-04 4.528766380565735650e-04 3.698551616120184611e-04 2.706139554026224187e-04 1.860946603520505043e-04 1.345305302135570613e-04 9.722753675417426572e-05 7.108314912178102817e-05 4.309582257195374109e-05 2.375881295008069516e-05 1.654350802351934731e-05 1.166908509694377676e-05 9.284371168404521776e-06 1.493895896135953259e-05 1.021672903782081488e-05 6.557072595854791009e-06 5.712184175662946435e-06
1.625867301526897138e-02 1.042091061409283585e-02 8.155391156511775444e-03 4.174653456829547672e-03 1.868632471760191954e-03 7.875642827405189691e-04 6.240278385808706307e-04 5.082680121345635156e-04 4.400228609368465361e-04 3.703885223574053553e-04 3.070751112751684653e-04 2.287916501766308489e-04 1.707341760226979590e-04 1.095027178397813602e-04 6.827949947158305874e-05 4.010029696167253643e-05 2.250499421884761368e-05 1.837341483103494206e-05 1.510040182453754249e-05 1.781988071038784110e-05 1.791732871194217511e-05 1.544034415264761796e-05 1.404890420288868671e-05 6.558040409482043149e-06 3.332475459123530741e-06
8.394743751385118705e-03 3.786558214866153713e-03 2.146633809284804757e-03 1.294111168262498252e-03 8.158860646347702340e-04 5.140722868118808523e-04 5.169845898881463139e-04 4.297085258797335309e-04 3.895085813766450663e-04 3.458567931872529293e-04 2.650133851884393368e-04 2.164588478599785621e-04 1.713035458343566456e-04 1.359580387794383617e-04 1.070887697930087172e-04 7.785108721327141899e-05 6.620200679013166299e-05 5.140679244001559322e-05 3.800767939653191608e-05 3.051091402835987723e-05 3.117741229714385065e-05 3.640264578340101249e-05 3.780663883800454721e-05 2.427024106789112286e-05 1.630624221560634279e-05
1.908904339835342705e-03 2.335797118512787391e-03 2.084408302310577013e-03 9.179643050376114439e-04 1.012370182339189604e-03 8.031236991975239771e-04 6.516749606763164735e-04 4.865407074780591420e-04 4.400548764284465254e-04 3.943075603174939453e-04 3.045471899567070580e-04 2.468509672988227020e-04 1.853531518990837778e-04 1.182819515869288035e-04 7.522767811110387976e-05 5.401105961203439960e-05 3.209963658265389846e-05 1.955823082149074049e-05 1.161218190228445247e-05 7.327474927382212540e-06 3.841023591465891702e-06 2.915525945367104360e-06 2.083626027470350531e-06 1.637935369154491925e-06 1.360576810949325616e-06
5.488722209644640755e-03 3.487650959679347833e-03 2.177046784575391389e-03 1.533509670051495582e-03 1.598127784765225210e-03 1.241838311534871567e-03 9.801179957079752397e-04 6.927980539186015746e-04 4.599646297196543403e-04 3.650408199423155566e-04 3.219391632887351625e-04 2.054315950706576857e-04 1.382318465090446083e-04 9.667389657339064447e-05 5.832271859633774330e-05 3.752114885622974665e-05 2.517457462555448564e-05 1.778206240306160350e-05 1.295585800407193219e-05 8.872556566973936024e-06 4.651743935733860554e-06 3.111698505921555092e-06 2.349052378230754993e-06 1.929473556379780047e-06 1.766974284013174620e-06
3.019487211123933392e-03 3.074025814376393339e-03 4.278897244333681148e-03 1.903926070165058888e-03 1.171496640614223730e-03 8.731555749239220798e-04 7.714404522204409715e-04 6.225137203344744633e-04 5.727974032426329676e-04 4.670283915226969957e-04 3.496804719057022316e-04 2.765581056716456322e-04 1.856130088325898785e-04 1.388695284095991861e-04 9.138111509842808736e-05 5.924113820769639702e-05 3.742700458517464647e-05 2.303364900450858684e-05 1.604407633436965636e-05 1.242865688663642138e-05 1.249229812984044738e-05 9.859068186957089397e-06 1.021486010159188653e-05 1.354118839988912202e-05 1.034789743091534685e-05
2.263796427192983456e-03 2.362050887944385207e-03 1.543033847425575103e-03 1.230896372214866554e-03 6.350088851034181320e-04 6.666349620114867891e-04 3.896654998254118845e-04 3.451743561215152648e-04 2.378692173778561216e-04 2.606471484884858572e-04 2.012871543790506934e-04 1.967585095701818154e-04 2.039945308310057916e-04 1.777776259370430849e-04 1.279699677865401371e-04 6.334095712447287182e-05 3.403838636534806919e-05 1.850128115331590425e-05 1.282222363235010920e-05 9.977812596968784565e-06 6.878860763595716132e-06 6.496660124806342935e-06 3.499247072681732737e-06 2.239465229321314199e-06 1.751131093059887644e-06
1.027191010004770665e-02 5.780703410665960322e-03 5.563338440084041395e-03 2.437026818109291806e-03 1.510610188799722288e-03 1.235008970614654084e-03 6.281178760326874486e-04 5.990289530017814780e-04 6.210567738720964345e-04 4.007388897281220536e-04 2.861299285520139631e-04 2.127173499540177125e-04 1.465520013466431091e-04 8.792449795340986354e-05 5.206638087838830317e-05 3.193412012568641920e-05 1.989250104380060134e-05 1.244541154958691396e-05 8.371491478311324442e-06 6.567027691072377004e-06 4.491642608524557223e-06 3.326440060395455204e-06 3.453946732573203910e-06 4.717414595768840411e-06 4.093062933631269876e-06
6.428796380748766359e-03 2.761149145641264742e-03 1.782728433662926883e-03 1.207548692236872336e-03 1.121389331747141673e-03 9.021496294775973104e-04 8.533277264500179491e-04 6.619726123668332775e-04 6.278963264772866862e-04 5.133209197683550641e-04 4.947671655649220302e-04 2.428004813206151660e-04 1.926675855577036607e-04 1.120176298617581905e-04 7.363220735231740689e-05 4.650352659969228341e-05 3.533169633895666791e-05 1.901360601288584458e-05 1.194380358980751557e-05 9.942600461572129441e-06 1.019710106781942466e-05 1.443459143216209933e-05 1.562410450853126233e-05 7.072653938775453208e-06 3.487247319223699771e-06
1.247048143457163069e-02 1.438910925803629955e-02 7.079592531147674457e-03 5.642735906114183971e-03 2.796390524153102158e-03 9.014528763662294376e-04 5.532761009591289757e-04 5.033383825396429588e-04 4.147134261147847724e-04 3.511929228929678930e-04 3.039607498237252288e-04 2.272254349365689997e-04 1.702310063025102075e-04 1.308017165466585389e-04 8.020715722859758634e-05 5.139902111728372362e-05 3.354424877008409120e-05 3.150861189911979696e-05 2.874901059653833460e-05 2.873094081552608878e-05 3.027073168768214611e-05 3.875184499271087523e-05 4.636131744618667954e-05 4.867595897543748856e-05 2.712770178905917365e-05
7.569786348909711242e-03 4.505044076319708081e-03 2.637954908111916040e-03 2.135536405845123512e-03 1.578578538458889858e-03 9.925999674935898423e-04 7.561174314564051606e-04 6.011408023864235877e-04 5.190207847538597964e-04 3.917492919427627632e-04 3.628446562647849442e-04 2.716431245300887296e-04 2.110734934184201527e-04 1.861920565050928771e-04 8.782495062875666668e-05 5.004946063445849566e-05 3.176132775031757083e-05 2.286244521084571088e-05 2.017376313081929406e-05 1.188627693112761767e-05 1.002572939080243379e-05 6.964236326714632397e-06 5.946214400768892952e-06 3.944926529528901041e-06 2.767808325701179398e-06
4.273624102247046939e-03 4.293270895444209305e-03 2.770440706277828638e-03 2.670393173429512577e-03 1.616382960667767533e-03 1.298142638810292166e-03 1.007667005784128019e-03 7.040984613133482051e-04 5.859752716695218119e-04 4.119761797390896472e-04 2.930935670322516859e-04 2.169294478609980800e-04 1.488855920060457700e-04 1.032075023723710822e-04 7.172913435238318584e-05 4.375264421948826511e-05 2.326424832880709189e-05 1.706645631625012494e-05 1.215238150505779648e-05 1.242608499602459500e-05 8.103990666761539009e-06 5.892482012877892356e-06 4.319512099414080370e-06 3.498956904025306199e-06 2.381262345975412714e-06
3.190087371314457351e-03 2.720129185201891533e-03 2.393760296810686691e-03 2.473874079578921182e-03 1.763303165552207929e-03 1.040271670663965716e-03 9.730150559897550759e-04 9.055778124263235557e-04 8.368125445408595986e-04 5.322010110931766659e-04 3.803203635583344427e-04 2.516175962914779323e-04 1.639964788672281990e-04 1.013077635909582293e-04 6.669103390077582496e-05 3.870323372031416473e-05 2.218275483153155783e-05 1.384516876792516571e-05 1.066490619144286129e-05 7.611364596455002793e-06 4.460347023840491624e-06 3.759233276573293443e-06 2.970944601827024031e-06 2.969430380475433648e-06 3.342037183071129413e-06
2.557977074830452939e-03 2.479871348446230448e-03 1.307488610012997893e-03 8.698398230318062996e-04 6.701529980720189426e-04 5.894505261101365108e-04 6.687260759949472267e-04 4.969415047783381448e-04 4.345352059530943134e-04 3.372631207726457629e-04 3.165703497361680449e-04 2.689339967763656656e-04 2.549067326190636697e-04 1.553478446041701739e-04 6.754160120767973251e-05 3.990421168810384363e-05 2.117205882548613184e-05 1.561499691221497296e-05 8.758206687604797266e-06 6.255754480261931746e-06 5.099152059863325706e-06 3.698905614388465083e-06 3.506342376480928558e-06 2.911234950046882122e-06 2.651319680183912192e-06
7.154844180794427654e-03 4.929987845769244828e-03 2.768199623126309499e-03 1.502788450223782862e-03 1.356669628343641892e-03 1.007443118459998982e-03 7.771328163296474740e-04 6.840581754408945345e-04 5.625648179446698840e-04 4.590273773273483298e-04 4.183037057924231185e-04 2.690881478705398240e-04 1.801374359690617144e-04 1.139984802369582885e-04 8.661518418367655347e-05 5.592046972184385904e-05 3.633355777668317767e-05 2.403563780233787341e-05 1.912798121794750166e-05 1.269849803287284554e-05 1.206595944862885466e-05 1.382179551867591747e-05 1.837647099262479941e-05 1.389500407771440984e-05 9.605400784002489280e-06
5.035560263377238978e-03 3.540138646705523300e-03 2.603690415702765697e-03 2.046983497424612834e-03 1.250269058583699123e-03 1.075112250461278916e-03 1.026766040740783063e-03 8.325765919656737644e-04 6.327913561567273266e-04 4.161154018709065029e-04 2.933614671312022217e-04 2.199208034549532257e-04 1.515983731198240129e-04 9.029738367509053832e-05 6.240529628007554302e-05 3.912557591721755706e-05 2.872564957375627848e-05 1.708071760699401214e-05 1.101120216529782001e-05 7.752830967912844774e-06 5.454242236449390491e-06 3.727606931995741383e-06 4.016789046416452740e-06 3.309081804397502677e-06 2.346546327351499955e-06
6.128979463345152721e-03 3.733039028008950256e-03 4.042474257771249552e-03 2.590132746918557150e-03 2.111255727979744444e-03 1.189561253202873169e-03 1.030747206522416399e-03 7.691188526557751455e-04 5.714332261577476828e-04 3.945190979849741062e-04 3.138463002037013110e-04 2.563529775350997428e-04 1.519144672473842124e-04 8.636971186634496392e-05 6.032938391642332177e-05 4.132021226632915170e-05 2.536030736106806589e-05 1.597080253668869320e-05 1.147424054575258135e-05 8.523362380075445128e-06 7.463169090996258414e-06 8.914147026667629712e-06 7.072040505853196894e-06 3.374732637947091865e-06 2.784899629517281367e-06
1.221122564398421061e-02 1.009207052434138961e-02 9.490434304402564636e-03 4.819171790411134679e-03 2.142216381957838794e-03 1.170483418213808576e-03 9.123641869562611629e-04 7.055536053192424696e-04 5.617399747621579361e-04 4.477366048916597212e-04 3.446034755698454063e-04 2.508290886415979614e-04 1.866231477292163842e-04 1.333961740076387370e-04 8.436757913561470908e-05 4.179918234830701755e-05 2.110633864172181239e-05 9.900057851025675240e-06 7.652192307952015399e-06 6.944676494717055152e-06 4.806031779315046703e-06 3.141799002492002173e-06 2.776504611515979766e-06 2.821670665945732420e-06 2.969368409679779058e-06
2.635176024322778091e-03 1.369853960792565602e-03 1.318219659124171723e-03 8.572110364966098548e-04 7.540107718934081858e-04 7.015654079337661081e-04 4.904086189153829311e-04 5.079607109381769356e-04 4.207389050922614288e-04 4.022652878956737839e-04 3.992233341522291980e-04 2.903152773179659284e-04 1.795948474032206348e-04 1.180685655293598819e-04 8.764153735334470564e-05 5.249324236139353469e-05 2.595660301965443698e-05 1.157591111363707335e-05 9.133905948053155441e-06 6.649227047764712540e-06 4.303599696254315216e-06 3.953926191231291865e-06 3.994435980274729950e-06 3.393903619722706638e-06 2.259829305068930112e-06
2.996739757729915271e-03 2.267518970369253317e-03 1.652636005261829679e-03 1.200831658019506582e-03 7.582072864960428182e-04 5.616043958288883826e-04 5.594776996851900594e-04 4.395264584102854047e-04 3.207679728106635811e-04 3.022158076983892292e-04 2.407229162144640963e-04 1.741844919482470836e-04 1.499867388039984311e-04 1.255443181312979734e-04 9.517249705913198912e-05 6.688180117784968848e-05 4.339682521578545091e-05 2.284678521825341945e-05 1.307082323401929083e-05 7.330232771210220138e-06 5.593511500796180159e-06 4.675868743628829002e-06 4.140399104072429281e-06 4.457625562754379059e-06 8.233388012792191744e-06
3.396817114469300033e-04 3.891862127889081000e-04 3.806314476663691252e-04 2.995821036632829331e-04 2.194474741531949799e-04 2.315531848555502298e-04 1.322454199525080086e-04 1.133661331288762076e-04 1.162536312371265069e-04 8.488029901867891799e-05 9.082985766057707357e-05 7.673964226499114844e-05 6.672902061075778799e-05 5.645687058480365199e-05 4.196354145607354474e-05 4.066944880196442333e-05 3.647788915423167750e-05 2.956793935842975244e-05 2.336358491798613317e-05 1.802366124987476507e-05 1.223235599267656122e-05 6.194722532226636535e-06 3.875064248766436362e-06 2.904726861420262001e-06 2.456359476014140221e-06
4.944430434462809137e-03 3.190209595694874344e-03 1.763008348725207718e-03 9.108836305956959133e-04 6.075046292211870114e-04 4.480925501254914172e-04 3.950077705236873971e-04 3.617479564542144853e-04 3.168068011473943444e-04 2.629214217794107128e-04 2.561033110796668926e-04 2.477562339772157126e-04 2.231568507701426382e-04 2.043060127278965821e-04 1.339718074013769935e-04 8.131113374238955343e-05 4.969657407393462950e-05 3.230600151760978732e-05 2.629690487449228481e-05 2.794319028186662500e-05 2.387812079854296292e-05 1.557435725532376052e-05 8.698615037341633213e-06 5.652873859794752224e-06 5.244822236539232121e-06
1.125113636715927359e-02 5.594724907214351957e-03 4.912922758994054361e-03 3.206997054171437794e-03 2.088670973146915417e-03 9.778260582988412310e-04 7.654104357814296104e-04 5.531722287491820265e-04 5.387507851096531289e-04 4.956158469820372715e-04 4.730066275045769907e-04 2.802158863650380609e-04 2.118810037922016598e-04 1.644940784510329158e-04 1.092769037330121334e-04 8.024697470314498191e-05 6.403620449640716158e-05 4.182856849684638635e-05 2.788738001762890910e-05 1.726832675426602740e-05 2.031355998016471645e-05 1.745858451066811920e-05 8.731346732361106510e-06 5.759544468212260981e-06 5.638944862452462788e-06
4.984983380836390324e-03 2.986812257468494155e-03 1.950249835372124159e-03 1.849450299012932132e-03 1.287794033316997907e-03 1.601865396147338734e-03 9.414417510023383347e-04 6.647734904977507190e-04 4.209369597966500448e-04 3.371257419897904866e-04 2.721356505123397507e-04 2.159696574352100505e-04 1.636116158949481357e-04 1.289075073617804005e-04 8.601221379915064075e-05 5.861709950747932146e-05 3.480954285463307667e-05 2.019439562930385387e-05 1.090286444909101236e-05 6.694919372713816287e-06 5.985974083723705857e-06 4.644458164889197853e-06 3.540664254212082195e-06 3.311293370750307974e-06 3.435861836023173603e-06
1.462726199558643525e-02 6.901175953031576243e-03 3.864143918662613867e-03 2.635010268666835870e-03 1.255133628083976395e-03 7.241778524397688398e-04 5.901508303877997606e-04 4.305750059520546485e-04 3.765535518637399388e-04 3.033341741187761936e-04 2.572189506076670486e-04 1.973908221344787192e-04 1.475951286773503901e-04 1.074640926705369205e-04 7.577506127121889153e-05 4.450175090757076260e-05 2.485051467707595610e-05 1.499898353353123214e-05 1.006258916811065522e-05 5.655156444867026791e-06 4.238311796409137827e-06 3.070952459964592153e-06 2.268746137159870639e-06 1.955949754199446662e-06 1.477539569524792291e-06
1.309504045700998071e-02 5.553006190095991987e-03 3.820557264050224427e-03 2.368369768884796053e-03 1.693934091156077499e-03 1.172629819243103813e-03 9.858930907696999719e-04 6.852776679812041822e-04 5.284524202494275983e-04 4.097840017448491708e-04 2.943414755614323489e-04 2.007952267046100587e-04 1.279733364016669421e-04 8.911208651626463507e-05 5.985341579256410694e-05 4.877094912562018170e-05 2.484957004313432749e-05 2.175245619619051849e-05 8.832188653867575331e-06 6.525563540636058347e-06 5.010960566028455503e-06 4.069834757831804313e-06 4.464068520724964814e-06 2.657354779957948663e-06 2.382713122786070744e-06
1.119559597358556202e-02 7.015134581449106871e-03 5.483174174364509323e-03 3.128933594535453395e-03 1.457602669887424728e-03 7.058957784471171001e-04 6.042372948073231748e-04 5.539090292586211321e-04 5.124918779120024364e-04 3.950154050304400394e-04 3.536551250019858957e-04 2.507176291125982979e-04 1.874905145080770755e-04 1.209483239371139576e-04 7.643875042961749671e-05 5.419513243209928206e-05 2.212926837005806693e-05 2.180325421830091846e-05 1.194699130467168435e-05 9.950762640270074426e-06 7.689676145286133247e-06 4.966169532006244329e-06 4.169179770337652665e-06 4.010943985059010031e-06 3.163000124960269037e-06
3.467085674561995196e-03 1.758930276418517761e-03 1.719307091697811450e-03 1.441571160159520410e-03 8.324018292836986516e-04 7.890172870443269313e-04 7.047216630805152498e-04 6.340811746031093038e-04 5.861072511184648804e-04 5.381546725334588254e-04 3.866305631375086330e-04 2.731081571689064581e-04 1.744249824441173333e-04 1.098189010095063550e-04 5.630699880907928060e-05 2.537122624222408043e-05 1.439650545641552517e-05 1.013862410170943994e-05 7.984387944200496559e-06 7.574315391154537860e-06 5.004920428428474286e-06 3.470936978249574208e-06 2.621781988199492697e-06 2.216510872688782973e-06 1.666194127414205049e-06
1.367581364937933176e-02 1.033002249532577466e-02 5.069505074449278531e-03 4.329774133333599145e-03 2.554129219996510193e-03 1.741914038667679958e-03 1.021550449095541980e-03 6.435663213894835324e-04 4.625993583260819752e-04 3.699484454781975054e-04 2.771963552655985221e-04 2.158449620405391667e-04 1.485212227305227832e-04 9.215945869198692315e-05 5.664349344364878817e-05 3.513178948011223146e-05 1.842108555762309155e-05 1.135771607333346488e-05 6.823381161778179678e-06 4.665799770801311045e-06 3.494560977794726303e-06 2.797075656787577238e-06 2.404841164533943808e-06 2.184367207646026468e-06 1.872569590427583595e-06
8.095073290501958799e-03 4.312141717307415092e-03 3.742254793765779214e-03 2.201692845549377362e-03 1.308559512520290468e-03 1.055828290747348264e-03 8.014806119246642912e-04 6.714996127031453701e-04 6.751975518301548069e-04 5.070320020249316885e-04 3.879705456923545443e-04 2.991263973200228928e-04 2.318505438244505845e-04 1.736308087043806996e-04 9.962877713383908073e-05 6.209839431234304543e-05 4.084626922689406245e-05 2.221324812565414001e-05 1.358979566904327593e-05 9.317145775669773350e-06 9.337800594899581198e-06 5.614957867318183029e-06 4.806320667498721722e-06 4.303333222636050139e-06 2.817448955879335542e-06
1.517621173207629043e-02 5.582987819634271237e-03 2.226159612429549472e-03 1.899599844028409526e-03 1.555655380950351748e-03 1.086245478928853179e-03 8.251804130802286707e-04 6.807745884510826590e-04 5.797561311718878695e-04 5.576236502687951201e-04 4.396903324591370024e-04 3.174411688444928156e-04 1.981099399849008938e-04 1.209223271848262481e-04 8.525899196356043544e-05 6.172629060948090873e-05 4.571225110898721977e-05 4.337604160282176614e-05 4.279474141208547693e-05 4.189248637284478163e-05 4.016030067807657515e-05 3.437521092976615497e-05 2.592716066912726169e-05 1.741239854854664517e-05 1.390764498985826300e-05
2.799395010499212706e-03 2.020382980130879056e-03 1.487813982274202888e-03 1.604816195622118559e-03 1.914436539635362266e-03 1.158039399155363957e-03 1.118341218891121501e-03 5.090819699684512485e-04 3.965098968901045241e-04 3.350587512536054970e-04 2.498619092293288563e-04 1.860995167351198979e-04 1.477787373849694303e-04 1.116658237074977272e-04 7.491151881617722278e-05 4.221016106285952575e-05 2.358609704173643667e-05 1.166644037168655983e-05 7.531333702076726643e-06 6.428564989698471527e-06 6.474178739568539367e-06 9.051459846264956881e-06 9.124610766861441128e-06 1.005304834361858462e-05 5.806643602542898148e-06
1.212081275920118620e-03 8.006691018234797161e-04 6.191541055947283973e-04 6.535794191091174720e-04 5.689355371667620398e-04 5.109775141048824958e-04 3.644223626372947470e-04 2.656060244799419903e-04 1.961295361724869077e-04 1.333306978812609446e-04 9.989422666938629349e-05 6.996678784990665234e-05 5.027334051104689465e-05 4.037790475196348312e-05 3.114423897151327817e-05 2.922330061635340577e-05 2.289946491051491034e-05 2.056797803018802054e-05 1.933795822693656100e-05 1.587509176104846630e-05 9.559741269039175084e-06 6.005433274134591339e-06 3.896834052173335944e-06 2.765210484799659803e-06 2.046938139125609278e-06
7.641880113484119871e-03 6.103082393793525691e-03 5.661246114254979596e-03 4.806139675154645803e-03 2.610040572448115489e-03 1.954265265890531116e-03 1.059465847607178992e-03 4.516464125843439059e-04 3.116166693218092054e-04 2.886526817200004108e-04 2.242572432459608673e-04 1.832945442103615864e-04 1.182541843961269448e-04 8.433995363058772511e-05 6.003530229642574248e-05 4.081255094111436657e-05 2.833478602757885426e-05 1.711423870344328863e-05 1.023527851863131596e-05 6.396019320515251025e-06 4.992746059713925923e-06 4.751009476445207276e-06 3.938577516933288049e-06 4.061129600402175242e-06 2.762885299190864032e-06
7.999498401740690046e-03 5.452744366537093899e-03 3.421194736367037890e-03 1.971332167439190236e-03 1.466556021012456468e-03 6.990975523395702180e-04 6.008790315575983495e-04 5.403764026558210845e-04 4.969430227749094698e-04 4.629765384556228428e-04 3.688027026524689752e-04 2.922219822782046910e-04 2.074872853438756038e-04 1.182955941383553134e-04 6.998091132693111881e-05 4.345186770887951496e-05 3.713711191073194992e-05 2.092111077730090499e-05 1.040091453688002660e-05 8.597232851465779483e-06 6.963281765778057066e-06 4.812805345220642041e-06 3.355499256322801872e-06 3.290993723876497533e-06 2.964771960176165814e-06
6.723703014509686132e-03 4.903692567232968355e-03 2.833024109461037415e-03 2.404692278766932655e-03 1.427432794081095763e-03 6.740678137478809100e-04 4.380867111127881405e-04 3.734458704967936527e-04 2.965437419789733486e-04 2.730035424994496748e-04 2.445420527494515531e-04 1.984373111918818447e-04 1.382908596150799428e-04 9.876180645005488664e-05 6.428355422288912027e-05 3.458867737705668272e-05 2.263651423536267758e-05 1.481453816611225892e-05 8.440920034217714129e-06 6.982808445525020152e-06 4.462899975659031962e-06 3.849162044243369812e-06 3.653186191401584261e-06 2.635153317085517026e-06 2.980640038006009771e-06
2.468334351253632930e-03 1.458061033397365031e-03 1.267882325364779947e-03 9.484174544777710736e-04 6.670916902166547455e-04 3.939477734700726728e-04 4.516479198710438730e-04 4.401943279799881465e-04 3.894304021308703950e-04 4.089422910575646894e-04 3.702352305966936040e-04 2.521758433279083647e-04 1.749181141029466631e-04 1.412565818356100508e-04 1.104506389174583563e-04 6.813165915751492256e-05 3.512512724561499147e-05 2.220856537987957611e-05 1.349014846501583080e-05 8.506430106506187880e-06 5.956515316560456005e-06 4.642371128123886292e-06 4.253702561436083801e-06 4.170725386374076977e-06 2.291104939791754509e-06
2.843915804023516413e-03 3.425678921200696597e-03 3.003669547361027641e-03 2.994901280307807247e-03 2.548485240251795528e-03 1.682284580109382225e-03 1.160948332765040104e-03 6.979590535290089741e-04 3.930170897660458418e-04 3.236100840871897937e-04 2.321419791868422581e-04 1.698044558723029221e-04 1.214841615852888006e-04 8.414535896016617190e-05 5.897425841182945920e-05 3.591601258528194415e-05 2.093114515323648314e-05 1.294725093664817800e-05 8.532279386517160205e-06 6.068894883954313695e-06 5.196344294029087609e-06 3.686215611858195515e-06 2.808487303515225665e-06 2.021426738126969857e-06 2.024599125003034667e-06
2.355569610038567904e-03 1.567094735749563917e-03 1.103755098712187396e-03 7.264038574555450748e-04 7.726377605424630552e-04 5.986897544825109862e-04 6.236654276242834492e-04 5.850871826816046294e-04 4.775276133874326945e-04 3.913337503784847194e-04 3.576409306143954925e-04 2.966058004033941950e-04 2.092791565798441289e-04 1.258588860849831515e-04 7.104325174575464475e-05 4.423610874905705630e-05 2.476133116539161030e-05 1.372460231977690233e-05 1.085317989422389943e-05 9.784919292534926088e-06 1.035278304932328794e-05 7.475515369636360603e-06 6.056802106383822804e-06 5.577841596057706551e-06 4.805236922727614919e-06
9.359857858422821614e-03 6.705334685290198146e-03 5.343229433967462347e-03 3.627032014813069260e-03 2.251362622676016459e-03 1.533641881327751531e-03 9.252872291822767867e-04 5.958065069668396505e-04 4.488198927325772478e-04 3.803558043047618707e-04 3.299521207009945565e-04 2.725233976714314219e-04 2.169796094385139610e-04 1.401843688160986042e-04 1.009267462438190197e-04 4.786734009469408664e-05 2.368785842016649467e-05 1.780005244869763278e-05 1.066702502430914398e-05 6.911608217735840053e-06 4.800164203445358982e-06 4.403776375944399851e-06 3.951478922115819657e-06 3.484692267181264067e-06 5.587548771448770196e-06
1.218583792298789589e-03 1.233180539573406091e-03 6.452380280897920123e-04 5.674630422977200526e-04 4.015227634439149881e-04 2.292215680516549695e-04 1.915523146580154078e-04 1.069605942715824162e-04 1.044092179497765085e-04 8.378229210542252419e-05 5.685746615774735306e-05 5.799003157303980852e-05 5.470015010185002501e-05 3.739570153185512618e-05 3.617349285927375915e-05 2.598622179064022727e-05 2.134446272282622943e-05 2.057987706029207591e-05 1.620904740284128239e-05 1.338617023180267209e-05 1.287277715723908506e-05 1.137979818971209718e-05 7.010224907849624082e-06 4.995633141765637229e-06 5.378529486869601997e-06
1.042840356924249097e-02 9.093065110990609934e-03 3.342080440210771358e-03 2.223912764186726249e-03 1.338024872007831552e-03 8.537758778775265088e-04 7.171228048271185204e-04 5.696171234408480563e-04 5.277839577373989212e-04 4.073676483847712797e-04 3.153309313816628255e-04 2.438589817987925833e-04 1.787132168536888633e-04 1.129717500881669798e-04 7.882546387038453248e-05 5.370877058374565871e-05 3.473658990176620918e-05 2.021625339190974717e-05 1.125773990812386771e-05 9.701337022003128535e-06 6.082215613983659963e-06 6.425166939685748922e-06 5.222092377045302000e-06 5.924505923063663186e-06 3.279598328453359756e-06
3.651038153737822933e-03 3.538283316654404660e-03 2.325357212318010947e-03 1.221184783106249710e-03 1.413301158396510155e-03 9.857694987671493814e-04 7.984767204101379063e-04 6.950409944351257840e-04 5.695473619484560162e-04 5.393148992488058921e-04 3.545376525175229624e-04 3.026027161384563301e-04 2.068260137442841547e-04 1.224236016466965777e-04 6.873277249937355653e-05 5.498929751762599873e-05 3.127087292434473006e-05 2.360299553527451280e-05 2.830128758298695732e-05 2.271026439035592648e-05 1.598452877711020715e-05 1.098064989312248519e-05 9.677084408773608152e-06 6.499275451107339155e-06 4.685559339462855722e-06
2.828949977124614601e-03 4.174552317326162519e-03 1.336848363179585220e-03 1.263803210945406734e-03 7.841714891323989288e-04 5.635847817360103464e-04 3.559161089919021044e-04 2.320353056702868897e-04 2.087464150263778717e-04 2.137994718397099128e-04 2.226331821026977429e-04 1.780698683652944306e-04 1.573258670031466196e-04 1.232227469199923345e-04 1.018059099116106224e-04 8.578380234715441614e-05 5.539273848682881154e-05 3.299520180536989181e-05 2.215007259717954253e-05 1.347161397899127376e-05 1.159324466665846335e-05 1.149479698331526588e-05 6.505060486359742311e-06 4.521542556386510910e-06 4.347522734681634491e-06
7.080800913417385940e-03 3.156433392917912771e-03 2.822219659891763571e-03 1.761875086495379855e-03 1.740985505981195542e-03 1.087436030549106866e-03 7.069884460975194669e-04 5.922915146872927833e-04 6.707113478883817807e-04 7.568088040183989324e-04 3.499798644982222940e-04 2.017548982616456277e-04 1.359634749884134144e-04 9.544452490897016106e-05 6.966715908523200308e-05 3.669837256836809726e-05 2.336954162444026045e-05 1.597253026938337428e-05 1.092904732639240817e-05 9.385094527269017124e-06 1.072087644312817336e-05 6.651518612363293213e-06 6.018789750166250714e-06 5.351122268202498675e-06 6.893246980859402253e-06
9.216289185581549165e-03 4.756288921474129648e-03 1.842883545467315868e-03 1.422033675661732140e-03 9.644746264982678643e-04 7.339662812053586536e-04 5.013932253573347240e-04 4.720315695465156702e-04 3.634555482248135231e-04 3.165869342615659451e-04 2.669245897619765945e-04 2.325279392588738619e-04 1.850128106627715267e-04 1.256384318517177624e-04 8.494929045759999110e-05 5.214580540168390639e-05 3.263407902334975309e-05 2.010888884216601829e-05 1.132803956145457171e-05 7.836269882502577318e-06 5.518168935662429343e-06 4.594291849378897926e-06 3.154748894054192917e-06 3.072007404915297183e-06 3.258142552417616436e-06
1.245662347926769671e-03 9.068364791593873549e-04 9.498713586477272120e-04 7.340139710021548148e-04 6.483494735789334428e-04 4.309981145226040016e-04 3.030697989594040558e-04 2.418638725609747932e-04 1.867867489849939905e-04 1.243623074156449823e-04 8.399816225813472141e-05 5.086387114305803721e-05 3.866916018288178209e-05 3.164854872665595696e-05 3.085099672839614618e-05 2.528747748986619930e-05 2.081750065642136078e-05 1.677041685549240929e-05 1.410147229880964798e-05 1.347250962190592316e-05 1.023129733530644885e-05 6.708684857824253108e-06 4.681780969650231307e-06 2.898568721558462812e-06 2.438593678554233538e-06
1.740630169353255116e-03 7.657322926504690503e-04 7.798315281596792216e-04 4.238103256391083395e-04 5.509014758474182344e-04 2.968386124494364954e-04 2.844398515555789726e-04 2.116982640023569950e-04 1.765901162197156427e-04 1.671610615179121913e-04 1.345762376349141814e-04 9.326956623892664164e-05 5.131003185172578742e-05 3.477631191711023050e-05 2.848698678479384910e-05 2.442068845816418557e-05 1.687131200696285991e-05 1.325311681682347550e-05 1.355021382745103632e-05 1.071949519879034969e-05 7.394754395672853929e-06 6.788073220215571701e-06 4.833538973163054897e-06 3.384751343408324063e-06 2.553110619408053297e-06
7.052020259297913426e-04 6.870866150947099217e-04 3.985938374345415086e-04 3.684995326659027022e-04 2.886711803567791005e-04 2.752513517141562914e-04 1.792050738316108447e-04 1.786517570294874854e-04 1.438456651073063638e-04 1.197839678068180185e-04 1.028230260328520364e-04 8.167891343569355189e-05 7.162048719352527755e-05 5.195669987774508870e-05 4.229812411881809532e-05 3.874309056637609277e-05 3.741141056329626258e-05 2.643389834479460606e-05 1.980102739301690040e-05 1.399794090566236526e-05 1.135270829266948782e-05 9.584212340713822560e-06 8.966122051446217018e-06 5.627217263998127251e-06 5.450339420840672147e-06
6.818428098709744013e-03 2.626942043427697802e-03 1.747115549680241684e-03 1.082646165316631954e-03 8.272992410333163344e-04 5.834286849677166459e-04 5.085573935268274202e-04 3.459807728936314919e-04 4.064176510458717361e-04 3.476030683127482928e-04 2.558347469870501001e-04 2.419685040261760050e-04 2.090405434853275879e-04 1.626066980564765899e-04 1.085601037730307949e-04 6.437704717636506574e-05 4.366589642206011282e-05 2.881393766116078939e-05 1.950252472755724991e-05 1.545764161213262651e-05 1.397783788028080795e-05 1.244686477168165781e-05 1.722607855467902824e-05 1.955839173909706448e-05 1.317387910924956440e-05
4.980220635025984534e-03 3.225850440096864492e-03 1.528848546556204994e-03 9.598846452582037890e-04 8.837883609746136331e-04 6.747438080838659901e-04 5.747652575635033793e-04 4.711369230790292124e-04 4.063193092223467678e-04 3.411810874784836837e-04 3.204723169344139114e-04 2.921522543344115541e-04 2.184925062260733837e-04 1.486423373039930768e-04 8.180572605406533331e-05 4.508947680504062165e-05 3.055471878697111146e-05 1.810914341845276169e-05 1.134143070209911486e-05 7.799350799535110691e-06 5.045654317947895953e-06 3.716437075287473270e-06 3.289875114995951272e-06 3.243001299182391885e-06 3.292281364445731145e-06
4.689411657519274371e-03 3.049895954749011571e-03 3.404527299578547373e-03 3.336079829165938641e-03 1.691602441800635955e-03 9.784753452994209184e-04 8.083362424850371432e-04 5.300823663058297150e-04 4.648317839151731401e-04 4.041951216386104680e-04 2.945878264491657390e-04 2.224870563110952447e-04 1.572449332041689297e-04 1.038109910932150895e-04 6.552029476349892432e-05 3.739940623321668100e-05 1.913219114834250120e-05 1.021618685603401291e-05 6.968387281916626003e-06 5.642247835413289336e-06 4.794752982317264808e-06 3.682853254923051585e-06 3.015649099020113110e-06 3.399643765434311346e-06 3.574099590104990373e-06
5.651538587978372809e-03 4.868941322959702278e-03 3.205725819709579708e-03 2.451799830265533574e-03 1.615607775324991082e-03 1.214920947040489408e-03 9.221312211070220935e-04 6.555999780448482171e-04 4.975996981008481155e-04 4.356261839550065480e-04 3.044146385569450352e-04 2.265636120219484395e-04 1.701314575957051307e-04 1.139443508389614986e-04 8.276122185681365751e-05 6.160791457955481143e-05 3.281256472941332175e-05 2.572767506194096744e-05 2.048627163545339511e-05 1.411023040136652945e-05 9.396659701899688324e-06 8.707319765990619497e-06 6.166905333887294919e-06 6.083167673420786055e-06 5.163744250014385590e-06
2.766564754615896682e-03 1.117433032321558549e-03 9.387546641456076275e-04 7.599874606096613605e-04 6.004669973891095828e-04 5.100511596149987078e-04 5.287777317411055571e-04 4.551931384501192116e-04 3.917084120428623384e-04 3.329134978937693472e-04 2.170724018397602901e-04 2.026331578360208063e-04 1.742423067413432255e-04 1.350395530495223490e-04 9.488666407526107516e-05 6.732678566705346845e-05 4.680264261041555348e-05 2.543599335376808015e-05 1.248496750275972244e-05 6.936398812593032032e-06 5.555256397605978490e-06 4.383403928128755881e-06 4.452715622401778933e-06 2.974741685305796674e-06 2.149456586352239269e-06
1.241794568216598484e-02 8.023304257929750674e-03 3.952421574535392584e-03 1.921966089173136102e-03 1.066105246719000615e-03 7.577342227764058630e-04 7.461680603003489854e-04 5.594333879552714460e-04 4.388776386894656877e-04 3.848849319608238311e-04 3.204059492922670333e-04 2.175257945033748353e-04 1.611145868892334626e-04 1.178913551417289861e-04 7.092154133813487562e-05 4.384631762625183814e-05 3.060283961157463827e-05 1.767518079814484327e-05 1.044730127460064639e-05 7.608169076885730822e-06 4.688074579890065885e-06 3.880113808448362945e-06 3.672251301488152954e-06 2.726772110841318157e-06 3.799261755085726995e-06
1.011882681448996596e-02 8.943162583640969915e-03 5.267868132757337445e-03 3.225146266115492405e-03 1.494850139923668180e-03 1.199719998073997713e-03 7.697310142034466396e-04 8.442454976836836307e-04 6.971030665837735663e-04 5.114293469612250353e-04 3.555042525786883010e-04 2.471638977912477084e-04 1.801767246249796938e-04 1.302222640783308591e-04 9.058957760833961286e-05 6.099623768132587086e-05 4.426160688703916678e-05 3.148708782615298530e-05 2.433835455767736293e-05 1.889174742900141783e-05 1.450129527720214620e-05 1.264063200137513234e-05 9.930299340489907091e-06 9.152871698111304894e-06 6.726377495167666660e-06
5.598183330630370803e-03 3.745847308601977805e-03 2.295527803063333611e-03 1.552943387938938340e-03 8.703736098618086465e-04 5.988531588007411054e-04 6.109656085154972034e-04 5.095150663301610799e-04 4.349309977927117744e-04 4.163800473833246347e-04 3.960781674011731759e-04 3.100071278175060385e-04 1.874492630846498638e-04 1.292438209828900919e-04 8.528537830750020196e-05 5.046434980696081938e-05 2.797185474179915933e-05 1.438209780542036413e-05 8.890382414179972889e-06 5.922102247973800549e-06 5.650701560214625976e-06 6.559883541482895159e-06 9.029457231923697136e-06 8.332892264342442901e-06 3.742881456297096650e-06
1.658456902997558838e-02 8.325813079710456602e-03 5.329871887578587798e-03 2.741309174347123043e-03 1.946496075587810567e-03 1.398359557150551883e-03 1.184613682770397454e-03 8.272966862823717942e-04 5.460428081568271044e-04 3.752207871964471355e-04 2.926627721878802182e-04 2.261785681628158419e-04 1.713097113521158254e-04 1.129727553035792177e-04 6.818791020911424601e-05 4.264069492434512408e-05 2.672987585748864872e-05 1.792553413367816993e-05 1.092061244128659425e-05 1.252159831503931548e-05 2.004656282697239307e-05 2.141060461729399556e-05 1.535419615848416925e-05 1.213955765377108650e-05 1.064523706947210467e-05
5.960029678031388348e-03 3.670429868039165513e-03 3.099421506393907049e-03 2.000435140553003758e-03 1.927753440903189324e-03 9.501291384788939027e-04 4.661543122202732180e-04 3.529969364634958934e-04 2.948182698098563911e-04 2.863160543053969859e-04 2.517565936156776702e-04 2.202000850900150434e-04 1.937940472221334114e-04 1.633742682546553712e-04 1.167427138872215690e-04 7.688716505855459037e-05 4.311886598517622389e-05 2.179396160052688634e-05 1.361692966339373876e-05 1.084809742081095942e-05 8.618816310666360444e-06 6.830471738082557597e-06 5.805984243823647737e-06 4.389072024594375080e-06 5.748373332967557397e-06
4.125047866868923607e-03 2.609062364696845306e-03 2.237193667114830125e-03 1.189981894903081221e-03 9.503993219513466508e-04 8.892848140852032800e-04 1.001920579381732805e-03 6.179918318021629820e-04 6.893134906631026961e-04 5.732252767217936064e-04 4.152512292934344446e-04 2.893576990902586789e-04 1.997660518044082139e-04 1.379509130555070886e-04 1.003884978175632019e-04 7.059103499677017322e-05 4.528860786167288635e-05 3.472361709508621161e-05 2.092829475070053164e-05 1.838395949224921286e-05 1.485779485886575243e-05 8.521146048045937771e-06 5.809881867201423196e-06 5.047879343392309782e-06 5.341919080805452329e-06
1.357968893657148131e-02 1.236963722309377366e-02 8.876525392379481030e-03 5.703263548886431181e-03 4.343263853508490431e-03 1.337171710477867573e-03 9.076567309795799919e-04 5.749836065382045837e-04 5.020806955828741947e-04 3.847725931734585075e-04 3.037171267974202258e-04 2.619682979532867817e-04 1.799917614611451196e-04 1.120254790440503441e-04 6.513804307742090158e-05 3.714757246917966063e-05 2.395812437262913891e-05 1.547797314416921502e-05 1.159779020917542868e-05 1.003507970782043531e-05 9.911548797395841975e-06 1.370729609339470565e-05 1.385943238877951086e-05 1.133310989705925480e-05 1.027641083481260583e-05
9.770358944137568294e-03 4.709248245629981712e-03 3.961682181355512429e-03 2.003759753692199285e-03 1.582412158187610635e-03 6.563005420428129387e-04 5.909368258217521496e-04 5.716624039017543981e-04 5.139880531753988164e-04 4.145121772720819606e-04 3.798579296004446276e-04 3.744180824768623679e-04 2.508650163361689808e-04 1.385122319530568099e-04 8.843378044586346488e-05 5.734103449402194952e-05 3.486645482877775060e-05 2.494031740899101620e-05 2.529576964060174926e-05 2.372232729640717105e-05 1.581702836331410947e-05 1.559868885745530897e-05 1.571710095100436349e-05 2.018135933237747418e-05 1.500656696138566801e-05
5.047181274278799736e-03 3.036658108263626601e-03 2.257972240215488577e-03 1.184260053306609474e-03 1.035180260958745409e-03 6.516654154670585997e-04 5.113910811248822399e-04 4.700081432878977180e-04 3.932882726098031593e-04 3.761406517222982125e-04 2.822668018305437860e-04 2.146457497163643368e-04 1.761105901156300737e-04 1.224802026248871716e-04 9.858453405210492425e-05 6.443398659127797781e-05 3.338591035965408812e-05 2.079771096524620009e-05 1.236272154142908098e-05 9.560855442700509966e-06 8.261085722885747507e-06 7.197674873225182377e-06 5.291374608563508222e-06 5.245814867242881259e-06 5.832646015480047046e-06
6.960178744445358681e-03 3.289844218769580244e-03 2.278277974425931864e-03 1.494922838878065844e-03 9.768407846739012457e-04 1.334989801267341507e-03 8.325741765325795577e-04 5.890457943452366779e-04 4.833312184033041066e-04 4.722820378191324581e-04 4.312290388859053880e-04 3.032632354465250829e-04 1.884006092992320522e-04 1.208629286365998912e-04 8.138022619015273195e-05 4.711733945624122259e-05 2.607294509809310562e-05 1.911411068060750503e-05 1.609481716597293841e-05 1.636801398146896363e-05 1.279993958431009925e-05 7.247477513705758567e-06 4.646159213717384223e-06 3.998131883359027226e-06 4.087512600245733794e-06
6.582993597766773237e-03 4.395839854419100919e-03 3.147603780708841878e-03 2.024356525056053048e-03 1.344677274823972892e-03 1.189419113925294048e-03 8.787314071023020643e-04 6.749128539927050623e-04 5.325897331038674130e-04 4.123661764313791655e-04 3.604427066150610488e-04 2.832971060230743887e-04 1.789174644977611721e-04 1.110956487806947823e-04 6.637927842619573680e-05 4.001768608234007596e-05 2.265460324210541793e-05 1.326421803249288865e-05 8.326917083635419639e-06 5.672567673525058421e-06 4.434924685779627083e-06 4.067831328478413073e-06 4.180975945452156943e-06 3.604759678025353222e-06 3.175443246950753912e-06
3.045041914850654501e-03 2.777042386908316115e-03 4.235010291663485020e-03 2.621739309964913646e-03 1.295197919560023281e-03 8.600046554046536593e-04 5.536585350366602168e-04 4.922362699549642610e-04 4.116235115712328163e-04 3.217945804220904656e-04 2.907858389855899877e-04 3.010432736240339371e-04 1.950626942987979486e-04 1.163211330509504517e-04 7.011880266702980188e-05 4.146448558825641448e-05 2.602920156360350633e-05 1.737793701449020581e-05 1.404035581924518830e-05 1.079675668022518635e-05 6.034211038747207772e-06 6.207545465140097909e-06 3.803218944068114968e-06 2.497450883579802139e-06 2.285428527035865070e-06
6.125701241802754791e-03 3.173586176468906270e-03 3.174799343854245708e-03 2.173903878393081829e-03 1.643289271102363249e-03 1.254497276652176245e-03 1.224000943142487547e-03 9.746658790553800215e-04 7.756938819670537938e-04 5.874836234185022319e-04 3.955883538495914950e-04 2.129577691664666307e-04 1.200449646785165707e-04 7.069782963484925456e-05 4.686873942773481363e-05 2.845254755631673277e-05 1.865287970394985970e-05 1.329501024069055426e-05 8.945749408868325066e-06 7.855879218975807612e-06 6.388366517499465776e-06 8.823948177537089274e-06 5.245780439642064220e-06 3.826060066324809472e-06 5.577379294950048900e-06
6.749431969468404173e-03 5.355781103599125369e-03 2.963094118508135047e-03 2.160301631365086402e-03 1.403013174529077652e-03 9.967987446018802822e-04 7.852280728927533678e-04 7.177864748049397111e-04 6.261415649833482807e-04 5.167739749795591036e-04 3.551490031549467603e-04 2.463900017751399622e-04 1.559369015492258095e-04 8.695521904017855638e-05 5.621719908776664528e-05 3.887491153772522546e-05 2.553423552381022560e-05 1.342946651146898953e-05 8.228215365962537740e-06 6.632567375483091430e-06 4.663552864394856929e-06 3.477822266084161681e-06 2.989966520584165438e-06 3.081349916346019583e-06 2.567427672794010995e-06
9.062627751337299850e-03 8.094263063731840097e-03 3.815523289870195473e-03 2.222180887759371039e-03 1.055323516897830249e-03 1.077367988917017801e-03 8.873866575399844744e-04 6.438522529219441182e-04 5.672657150675211027e-04 5.102543356439149212e-04 4.063224054732839942e-04 3.067559689934275702e-04 2.200270792115920375e-04 1.502630285845531352e-04 9.956469134752721098e-05 7.039745875000258206e-05 4.919479446346849250e-05 3.312004818013994633e-05 2.686442753546241166e-05 2.439513860527456210e-05 2.189147273801530965e-05 2.550906410687019197e-05 1.514731193555188644e-05 1.060835567772260803e-05 7.580169099895308427e-06
8.245551538766299204e-03 7.397881659966214739e-03 5.211014455669278275e-03 5.410777598275308062e-03 3.428713087708837922e-03 1.895722561999260139e-03 1.267316307860637909e-03 5.969802363952513491e-04 3.741403612344233612e-04 2.964289993908256855e-04 2.582134518578324306e-04 2.053807430464704784e-04 1.572658112097095873e-04 1.136264092869264256e-04 8.148033860553698668e-05 4.622627059284732426e-05 2.955072011999251982e-05 1.884766921964191569e-05 1.640217106407532952e-05 1.832768578502612364e-05 1.457543608543908469e-05 1.067098906082860374e-05 1.075902977390599505e-05 9.784093541637812658e-06 9.410302713938478120e-06
1.109127158765539460e-02 5.946275632402994553e-03 4.178246137691003607e-03 1.917213507390908662e-03 1.186022699994500199e-03 8.254577632384965278e-04 7.511176170967209841e-04 6.328491214611195893e-04 5.071090357486956156e-04 3.855489474000949957e-04 3.401379338414261839e-04 2.698526960970342933e-04 2.191184559648232967e-04 1.522650285925909752e-04 9.990949298363984018e-05 5.356398390381875868e-05 3.513350837179834291e-05 2.620578546839813185e-05 2.271155383521171068e-05 1.948053003276982057e-05 1.674751100268581807e-05 1.640418515005181567e-05 1.809532084397474572e-05 1.484735076195976958e-05 1.270249661716411416e-05
9.692425252528580684e-03 1.002457569406970360e-02 5.675829039452677527e-03 1.966382631192792069e-03 1.195627120685109363e-03 8.317211494333499183e-04 5.808349917503117729e-04 4.591329944714867212e-04 3.631804827468964421e-04 3.173847467641606360e-04 2.522683540485238878e-04 2.000417636929937497e-04 1.590825979741877230e-04 1.183337705910283315e-04 8.835288066014100009e-05 6.631002626870439553e-05 4.501954029446254829e-05 2.694629329171475282e-05 1.212587630895834351e-05 7.982975098714679534e-06 4.866825947227487566e-06 3.840682265975851268e-06 3.769173832882113027e-06 3.155036344903943383e-06 2.671492687189953076e-06
1.077842579618709141e-02 6.738797047129142098e-03 3.505373842220496465e-03 1.550849231760470385e-03 1.242238741603762017e-03 1.093378744824394103e-03 9.136460943342763390e-04 8.080632873098828398e-04 5.416266687940107533e-04 4.278176259931891295e-04 3.378234931428201527e-04 2.411128412659516271e-04 1.676950638951806092e-04 1.166815973040905772e-04 8.650650079463629812e-05 5.921478962011683650e-05 3.938043881194452326e-05 2.433368570993408781e-05 2.250022197594809154e-05 1.446515881897034942e-05 9.688454837547135043e-06 6.877443689305871203e-06 8.767651833295780526e-06 8.938730665106346920e-06 4.817358306496590835e-06
1.442401276803093567e-02 7.092824099658157772e-03 8.441019958448791813e-03 4.609259208891907343e-03 4.806679707289649058e-03 2.174382785032992049e-03 1.088570032139925129e-03 7.386139024235355809e-04 4.483221316613275327e-04 3.177296546400574335e-04 2.922830315111726385e-04 2.448156196852375381e-04 2.061774514550392470e-04 1.482978144273105375e-04 1.083900808371562072e-04 8.310265944797516754e-05 4.659247759948325393e-05 3.031493794640209021e-05 1.780601548926079216e-05 1.065412746512628010e-05 9.775469823496066703e-06 7.322563867292505356e-06 5.118849890356702031e-06 4.508362541971146426e-06 5.420955889992265038e-06
8.498594625894190582e-03 3.179488366281146752e-03 1.364234211425259871e-03 1.026575317511230689e-03 7.062899392357331607e-04 5.437926821761783665e-04 6.260194529513123194e-04 7.181616685991266220e-04 6.176736684578796590e-04 5.659114589680162583e-04 4.398452983380633069e-04 3.440339906302608097e-04 2.499789425222692543e-04 1.777525733900184508e-04 1.271538668900159825e-04 9.222054700798703718e-05 6.219422960141236703e-05 4.544467553497325696e-05 4.371172583960027921e-05 3.356109397260882118e-05 2.296746552969607612e-05 2.418861346758735699e-05 2.218870166215084825e-05 1.722780440384873678e-05 1.159410611480202546e-05
3.468900376637832923e-03 2.313613597609118829e-03 1.606980745043176716e-03 1.592204507359945998e-03 1.398581462913085988e-03 1.448616240646571690e-03 1.337385990176640513e-03 1.199235480327505302e-03 6.449452693101807767e-04 4.587709874181100048e-04 3.269652622319258687e-04 2.472295607134170092e-04 1.685691058117515641e-04 1.019528434241906255e-04 6.305320820327237942e-05 5.082787994561324126e-05 3.146360511964767465e-05 1.820833371924491178e-05 1.558611052160624360e-05 1.287902750028020197e-05 1.072490312523323117e-05 9.149125683963989019e-06 7.854639603930817977e-06 7.525288886110437317e-06 5.272677359806816741e-06
8.797081086026995204e-04 1.099071018989040451e-03 9.703652588017622985e-04 1.016414998679591054e-03 8.278878867892118564e-04 1.117493735591185838e-03 9.030994281112381724e-04 5.610182040029115021e-04 4.654684914831638690e-04 4.139507782626855310e-04 3.873763230718232399e-04 3.165942820954675482e-04 2.361825027464383754e-04 1.355981148846701213e-04 9.280031771439533944e-05 5.085351306919220967e-05 4.317096439619511289e-05 3.515386310573845107e-05 4.574355945772376513e-05 5.315303395493568270e-05 5.413217435152182957e-05 2.851469283243833041e-05 1.492303429281284287e-05 6.698760767638630457e-06 4.902839199286052648e-06
3.965695055349631654e-04 4.601714076323306095e-04 4.184850551413222424e-04 1.596843694204272163e-04 1.274747866845414091e-04 1.983892079327550400e-04 8.596609801325514201e-05 7.050576947068285308e-05 8.278182174300470248e-05 1.210427274104447287e-04 5.659959754637585599e-05 3.896367610418967597e-05 3.314798136823724319e-05 2.816756969075846830e-05 2.626965918620031672e-05 2.362744454806089527e-05 2.564757684924181866e-05 2.279825375748354631e-05 1.965181448375015414e-05 1.879944103816485882e-05 1.622234767549095123e-05 1.260650184358583968e-05 1.185794794100524626e-05 1.376460522551366291e-05 1.483397625235750001e-05
5.066581272369603123e-03 3.175944833245277887e-03 1.320595661082161814e-03 1.151122995610070164e-03 7.094088122579946106e-04 6.818268772778415853e-04 6.136473847463178553e-04 5.245891593393116033e-04 4.553807088961671573e-04 3.810089905263339236e-04 3.513248000947795727e-04 2.748235594296596007e-04 1.750672661411018828e-04 1.293381821538622527e-04 9.021420826688202586e-05 6.085164801353667400e-05 3.593342995173798640e-05 2.306617789764140732e-05 1.919781722868677394e-05 2.393124867437577754e-05 1.168770844336200510e-05 8.031018499520044493e-06 5.805682611994164138e-06 3.878060645249439817e-06 4.377673239004962390e-06
3.142711678831881621e-03 2.277718788171788442e-03 1.930157269481837289e-03 1.428143769466656181e-03 1.321743358200034527e-03 1.195500944245608084e-03 8.899969632618152503e-04 7.188307977302464983e-04 5.631473806778668949e-04 4.412721231201683432e-04 3.085171154013954310e-04 2.251119196406161347e-04 1.652902933835891900e-04 1.399660293841527932e-04 8.697673641278004172e-05 4.268389468674450821e-05 1.986315366033642441e-05 1.310578883813390014e-05 7.441778347106080675e-06 5.124288010787803880e-06 4.243379790594626085e-06 2.757345962098010521e-06 2.003995531434921971e-06 1.784873078513287371e-06 1.877339291773949168e-06
3.938424624627649348e-03 2.378959190810976329e-03 1.910781929301000369e-03 1.742890362037213987e-03 1.066896439232217558e-03 7.029028061616611218e-04 5.754281871918616280e-04 5.360865286478326119e-04 5.711900784738569272e-04 4.348915721330450629e-04 3.042248847399895155e-04 2.021306144547018455e-04 1.450243470782741336e-04 9.114665233339243366e-05 5.594228281337351011e-05 4.297783964845516017e-05 2.516162652258741318e-05 1.500752252862745350e-05 9.723021078414653473e-06 6.653876130607682996e-06 4.088829871629173712e-06 2.754032690321146205e-06 2.204759526652771425e-06 2.119422957216926556e-06 2.520683274653994941e-06
6.737892327354979161e-04 5.947175986684224850e-04 4.091028329449057578e-04 3.628707434383626296e-04 3.561728504901516437e-04 2.539828226585396872e-04 1.956713835595521114e-04 1.891030616520513385e-04 1.553229524550175532e-04 1.379982894382165742e-04 1.028917592791923230e-04 7.370296762818266483e-05 5.635071447537561928e-05 4.284192690704892296e-05 3.122676579077655087e-05 2.154148554477929869e-05 1.702814291718287971e-05 1.374469982653140548e-05 1.061894278560476350e-05 8.378752246093918937e-06 6.680532926940884237e-06 5.539637555888929146e-06 4.705987988074780696e-06 6.364010901484895043e-06 5.122714386159123165e-06
2.784955922675403511e-03 1.679666762239929176e-03 1.523679291482039899e-03 8.507422980580783617e-04 9.462027563079851433e-04 5.142494531913293417e-04 3.729631685796441407e-04 2.234427804063821694e-04 1.666552397733416261e-04 1.539734238777095820e-04 1.018203685623059434e-04 8.134273063737024797e-05 7.071404517094469016e-05 6.182232744351389136e-05 5.077614291954228603e-05 4.975919546054085555e-05 4.419465747227966702e-05 3.402778981250424847e-05 2.451728594398804045e-05 1.512173651045502195e-05 9.302386030787427674e-06 6.537693158504707182e-06 5.191856860238197526e-06 5.393988202054424114e-06 4.462952026442433811e-06
1.141702711764601072e-02 8.456753222235239772e-03 7.511740301778654406e-03 2.979424216512323743e-03 1.765210005754076598e-03 1.069272558143619014e-03 8.211180454003817178e-04 7.037950694892755599e-04 6.207334243688743996e-04 5.292756667425044725e-04 4.292112330905002238e-04 2.719412039427467954e-04 1.796399371034420917e-04 1.106369379845007828e-04 6.759793605915112677e-05 4.247052138626348025e-05 2.387983011528151958e-05 1.388962326241975466e-05 1.200859258383816407e-05 7.266709101693971665e-06 6.589515329824168342e-06 7.977479472477372026e-06 1.079161979717897199e-05 1.116910585967597941e-05 1.111861750236230554e-05
3.771050716628720090e-03 4.687383960989657469e-03 3.122264788784679963e-03 2.936327163782882083e-03 2.899547793438916280e-03 1.615630237517285414e-03 1.227577796778632317e-03 7.533889293699800802e-04 5.108011649032338265e-04 3.923615073105746589e-04 2.823839413181741071e-04 1.939499546383084900e-04 1.451996377662571132e-04 9.388708508890505585e-05 7.279438050451761855e-05 4.986163500928921335e-05 2.879396236270445315e-05 1.730055300971201855e-05 1.203469207342048038e-05 7.802354820559716033e-06 6.306274492340353387e-06 5.372053852391747320e-06 5.188878964086828415e-06 5.153207836972223680e-06 4.832529090580495571e-06
2.435897922107571525e-03 4.479943631459423932e-03 1.646484772856579874e-03 1.911010868569219682e-03 1.087622675822028226e-03 7.619070679622207392e-04 7.226722632548938452e-04 6.781602000006691552e-04 6.419252746210235170e-04 5.693810849729409986e-04 4.572055884878806838e-04 3.093450898501327461e-04 2.190155084140953047e-04 1.316179798319006987e-04 6.611013327722358314e-05 3.509898013368053799e-05 2.209059134693883061e-05 1.848045587725321992e-05 1.210591104392788980e-05 1.116014842843147012e-05 7.029807559687819566e-06 4.811682255283436419e-06 4.721251030528144139e-06 3.096535411489132876e-06 2.808611560514652238e-06
6.969956013505412308e-03 2.964943486428596453e-03 1.643008774222468526e-03 1.056062751839361574e-03 6.728085479414118615e-04 5.922687862700790626e-04 7.265794395768690288e-04 7.674321079985699061e-04 6.896723590211916886e-04 4.345618371057711777e-04 3.725356040476499086e-04 2.987068258051566068e-04 2.165459919661581213e-04 1.411082661643637745e-04 7.616979926504705923e-05 4.090694971698244977e-05 2.412963153939358776e-05 1.557790963382660259e-05 1.089618378165301782e-05 6.181030983356738129e-06 6.852864189044362156e-06 5.545178986368775780e-06 6.229637887469841911e-06 8.904158454284684892e-06 1.159705856430168046e-05
1.163622938838158177e-02 8.644697367261243784e-03 5.414139830880609211e-03 3.138798300015094734e-03 1.577348661720904535e-03 1.009709161562129037e-03 9.093305195299174280e-04 6.969473382578766311e-04 6.884498899506440433e-04 5.401501333064188384e-04 4.021053937358820465e-04 2.635360206744063387e-04 1.650022717806187385e-04 1.094946606572018975e-04 5.488748997466827884e-05 2.979801513340960283e-05 1.522475445587212034e-05 1.131627800073840457e-05 7.631362693625067526e-06 4.988284682405288616e-06 5.759673514608030266e-06 4.351045822906365831e-06 4.849131769684674754e-06 3.795295766694622495e-06 3.598146643695994493e-06
1.287676598210308991e-02 1.354224460569319714e-02 5.348564494356611299e-03 3.057836757487161945e-03 2.422489917258113541e-03 1.556139982582546580e-03 1.109403912975538828e-03 9.587811057878686122e-04 6.852234217087498384e-04 4.412825229323197687e-04 3.237530085481703387e-04 2.516484716119307013e-04 1.818469944901163356e-04 1.312399939869044580e-04 7.643334818205019959e-05 4.399479661918562120e-05 2.614521137081398717e-05 1.499046648672241626e-05 9.312278756190073549e-06 6.534225013013254419e-06 6.717051619006320105e-06 8.653586813822292763e-06 1.169734652109923445e-05 6.943241712969564287e-06 6.403728217886104420e-06
3.340354311608974107e-03 2.988549331564994277e-03 2.189151840020242025e-03 1.917407982118656462e-03 1.299630917389444328e-03 7.681342286309716461e-04 5.644303023556739062e-04 4.462067035331668805e-04 4.609636685057801357e-04 3.862758774291868134e-04 3.234679823232548823e-04 2.412236521672776648e-04 1.578666843867692845e-04 1.146333783690232179e-04 6.742348755141436961e-05 4.041069273743986786e-05 2.377472526995362830e-05 1.429158320712028658e-05 8.471711772216569024e-06 6.416861286470392006e-06 4.334561946694345725e-06 3.542202476270371040e-06 2.413204981501261604e-06 2.269215409244953996e-06 2.347303817129550021e-06
7.553976802911433093e-03 6.112015980874559683e-03 4.109347670959477387e-03 2.439508344463927388e-03 1.546698017846142312e-03 1.353611871571678768e-03 9.261003760828995365e-04 7.915869878928911280e-04 7.094751329208959624e-04 4.624929724520184362e-04 3.319264548492621160e-04 1.948230774382338052e-04 1.411816040818864167e-04 8.832208194817156848e-05 6.214783842173905845e-05 4.163945522414430161e-05 3.005051044883585412e-05 3.063376935796668758e-05 1.601741240395937360e-05 9.823217653412299013e-06 6.787050716020224758e-06 5.209493573606650219e-06 5.210386153075800317e-06 3.937698090509825811e-06 3.965381245163246773e-06
9.863526674218164869e-03 6.098481369872124462e-03 3.698504065950414428e-03 1.606960081258676162e-03 2.296794722248220004e-03 1.242816679924866512e-03 8.775222986000932651e-04 7.324558192144518289e-04 4.990799390125414802e-04 3.554966886207713665e-04 2.621390207712941817e-04 2.119847766861078931e-04 2.045139458074105249e-04 1.109056267076942675e-04 6.190191417737953710e-05 3.585976560608873610e-05 2.083531031510259989e-05 1.097630535361563423e-05 9.143061379669337665e-06 6.222901029884746650e-06 5.067297006707053240e-06 3.746081012355737912e-06 3.082302989622741854e-06 3.573692481236294155e-06 2.977400035184613253e-06
9.135294610090221798e-03 4.791443114425922127e-03 3.710777123802301916e-03 2.400860424901185303e-03 8.441025877338229847e-04 6.473978530537155248e-04 3.953354805305870235e-04 3.733658366150750829e-04 3.505366772675499640e-04 3.200271257776560489e-04 2.654132997626206924e-04 2.123247651717694333e-04 1.582945402199214624e-04 9.558815722283401566e-05 5.653477919860661586e-05 3.509396614002318601e-05 2.160624818602757940e-05 1.643595018582942979e-05 1.522881956063703274e-05 8.095065673999290613e-06 7.622831674721567473e-06 1.003329134534119544e-05 8.942301825457701954e-06 7.354701990343676723e-06 5.048069762680439568e-06
6.256680437424009915e-03 5.649517680744028589e-03 2.383490166434800665e-03 1.847861922381453673e-03 1.384189973761163145e-03 1.275731725885133902e-03 1.053249415095430927e-03 8.382502482570347406e-04 7.350535671780877509e-04 5.055049827705593128e-04 3.759777772521643723e-04 2.928136294665869307e-04 1.916841811414054402e-04 1.274607017735990332e-04 8.303036051051383953e-05 5.339019361641957073e-05 3.238807648328019458e-05 2.212572463815601118e-05 1.527350494903762141e-05 1.596141031189017234e-05 9.825099580920374908e-06 5.416299588255134703e-06 4.032608112436968982e-06 3.874465335404162680e-06 3.733880124218713066e-06
5.750237286494767203e-03 5.398073970674892655e-03 4.389209365807680840e-03 2.523238859891296752e-03 1.411395627502111004e-03 7.490910029078678631e-04 7.423830427262713026e-04 5.869695413806940831e-04 4.761074134365137845e-04 3.869091858884222274e-04 2.949727108414653418e-04 2.274368977682066138e-04 1.655737612475976952e-04 1.050716499348991505e-04 7.792578800275537011e-05 5.530543590513916670e-05 3.919399286152242424e-05 2.795276742523616480e-05 1.898976107839518525e-05 1.431231540224188882e-05 1.294923631734782388e-05 8.602919806494186439e-06 7.810055775910931594e-06 7.322222992066623732e-06 8.756716681239901120e-06
2.612224692261944179e-03 2.195387915866702823e-03 1.294430212633961713e-03 1.555846938633765600e-03 1.131126310948101779e-03 1.270458574079998300e-03 1.055079783127434428e-03 1.109748890604938349e-03 7.063868324598983599e-04 4.751968111009204727e-04 3.164155541851837038e-04 2.408166522116632639e-04 1.647227794148065799e-04 1.140453545438852950e-04 7.848986258251720047e-05 4.853713824766165661e-05 3.131368718456793287e-05 1.915592839200781422e-05 1.876846541869339269e-05 1.693819095038805913e-05 1.613498379777495307e-05 7.766618783072517401e-06 7.216771051947333722e-06 4.665471279198092367e-06 3.893891400996445574e-06
4.008207941628472853e-03 3.187641021759255594e-03 2.780751502563202134e-03 3.166017674115486225e-03 2.607513815256841307e-03 1.833468660564498923e-03 9.117596988270639750e-04 7.324807927986625279e-04 5.940277432907025432e-04 5.287572078896729576e-04 3.997654136250571163e-04 2.690013786221740269e-04 1.795513866039080827e-04 9.244569877360954565e-05 5.246991819687895768e-05 3.311815538718394509e-05 2.477643788888643086e-05 1.629805723076718224e-05 1.011286210926722351e-05 8.284809317856650675e-06 5.385192031587896046e-06 4.194295286843937747e-06 4.431828947606830225e-06 3.991139083657204604e-06 3.656250168109341062e-06
nan 7.269892656626765785e-04 7.604012238065931172e-04 4.788397561697997911e-04 4.589517952648410450e-04 4.504987944251297605e-04 4.928164488077767290e-04 4.737608257532019721e-04 3.396156339656988192e-04 2.206310782304676181e-04 2.008379802534598804e-04 1.586487578779299042e-04 1.263359647680878091e-04 1.027617896897613643e-04 9.795144381816702969e-05 8.083821802867649411e-05 6.659572657017980273e-05 5.367177769084217963e-05 4.069265931536563866e-05 3.026249243960285086e-05 2.366240840559603900e-05 1.796794273928940710e-05 1.437822445762912264e-05 1.347903969755009828e-05 1.342985223756609267e-05
1.111082787998176127e-02 4.702630372120162119e-03 3.652705960434295043e-03 2.114244697829812097e-03 1.283639771710944760e-03 8.013816857542465635e-04 8.006694750578371989e-04 7.349189311190206311e-04 6.500887236747693613e-04 4.591099844255211600e-04 3.495069488463841919e-04 2.563037446280765270e-04 1.999109022969286628e-04 1.328770217329135596e-04 9.052715497779429245e-05 5.235588749898033539e-05 2.773441258699180578e-05 1.702195992958437020e-05 1.223330645329905329e-05 1.022115476981539140e-05 6.992589264078743352e-06 7.322201347728742126e-06 5.892238406666273444e-06 4.283501409662375607e-06 5.058494344961959817e-06
2.159913490215622719e-03 1.256786263678058091e-03 1.036839227619059138e-03 7.665706035116839337e-04 1.084948174082236766e-03 9.391315019956457399e-04 6.807920074379527568e-04 5.304637677439218288e-04 3.295653741659582874e-04 3.055568545998957461e-04 2.790798403926889808e-04 2.471358269528466925e-04 2.225849160022281518e-04 1.783767212282371002e-04 1.102771549773578390e-04 6.113118942576138031e-05 3.431825984659158979e-05 3.080954072084573261e-05 2.273112737411756343e-05 1.785612310000155977e-05 1.983471694776379140e-05 1.913901463956462994e-05 1.844997152387454849e-05 1.055623193912045376e-05 7.421905448657736651e-06
6.558718438386493613e-03 4.666445844520829972e-03 4.274063984808271210e-03 2.405061794286376259e-03 1.483424758937712702e-03 1.249316029546781353e-03 1.156182993280145373e-03 1.014861057781905494e-03 7.606433917035415387e-04 4.916259946593186511e-04 3.606538631421364366e-04 2.371276913914975831e-04 1.576061687125436593e-04 9.814483514612624634e-05 5.811857205317872023e-05 3.051133086104569704e-05 1.755287675905209272e-05 1.086811748592723847e-05 9.193660743907318148e-06 7.581372270265516401e-06 5.239345554339173843e-06 5.100629851069360877e-06 5.918031726131207119e-06 3.992903071770340198e-06 3.722631829744838310e-06
3.297396381483495148e-03 2.851699626608924110e-03 2.481503444570860514e-03 2.178830526344816779e-03 1.155512208590955521e-03 8.991088708140142390e-04 6.708682049081085216e-04 7.115227268740428575e-04 4.239855545804496382e-04 3.662266752002919313e-04 3.330569025877403648e-04 2.518226600261070269e-04 2.060175994655939074e-04 1.443328690640862386e-04 9.276840180970404308e-05 5.066904786741480371e-05 2.358666188289721907e-05 1.166571508649206585e-05 8.951166558172167894e-06 5.237083459963439457e-06 3.799954797232526075e-06 3.307579927722137120e-06 2.505132057943477055e-06 2.586420037265216680e-06 3.322512694459090636e-06
4.500253664950575570e-03 3.440802732147375895e-03 2.459331205425736248e-03 1.239295086927119215e-03 1.278532494378094428e-03 8.956586375764608336e-04 6.849500188909716115e-04 4.787906748157604963e-04 4.200485787360783889e-04 3.236153514783160403e-04 2.736882305447054637e-04 2.381747203113464446e-04 2.198161140847780125e-04 1.375839836671457713e-04 7.540571671661834639e-05 3.667664185165202050e-05 2.326450701563573329e-05 1.449672663665550705e-05 1.026899431716125124e-05 7.633866614299916683e-06 6.821649394515828951e-06 6.484015806819972827e-06 4.968726107660653840e-06 5.452735743825663224e-06 3.729429685838269789e-06
4.971858961249052584e-03 4.059616689603642685e-03 3.512520821719089786e-03 2.722358158112873731e-03 2.051672548440973236e-03 1.518119479329959037e-03 1.181066987555050036e-03 8.543285886733897752e-04 6.428843469321468898e-04 5.157079591948220002e-04 3.667477201831979665e-04 2.864704451050827149e-04 1.977223958449996844e-04 1.347544797046987925e-04 9.416652129300178602e-05 5.902745840292730024e-05 3.913137463402929247e-05 2.277983144626254033e-05 2.374898000226367633e-05 2.108730631117918666e-05 1.101153990108702009e-05 6.363327582072064738e-06 5.343754389078414091e-06 4.571596944872709394e-06 4.715965494354328932e-06
1.470086574117142678e-02 7.706666442853679980e-03 3.173842888788695488e-03 2.200896214554532056e-03 1.277906662083732551e-03 1.183913840432883639e-03 1.045632978773378867e-03 9.569980900664953058e-04 6.191392805640789096e-04 5.012950469447844488e-04 3.910774874966127220e-04 2.713327276041406716e-04 1.725610083387504022e-04 1.023113577002953041e-04 5.962974153437966416e-05 3.324569267145843055e-05 2.026164151160167421e-05 1.389753050010434983e-05 8.763709116004353834e-06 6.255699649748514529e-06 4.769881217048464480e-06 4.046787046298090978e-06 2.763765999964856630e-06 2.555067312813553029e-06 2.222443168896033371e-06
6.776587729483850644e-03 4.754703494006942872e-03 3.099081002287127577e-03 2.730124200269152396e-03 1.826295172026710066e-03 1.418661319508578980e-03 1.046884104892597742e-03 7.195187278714858942e-04 5.732504755782239121e-04 3.489241577725200058e-04 2.491881575833049256e-04 1.811972250483314718e-04 1.256969647616861050e-04 7.757349527787891434e-05 4.729709336455612873e-05 3.258024612476465584e-05 2.242519456207296808e-05 1.335726408539165792e-05 7.780749798404444160e-06 4.937885374095302504e-06 3.853177293036103421e-06 2.391439954022585681e-06 2.014230088486733090e-06 1.891141232507265852e-06 1.672528101356066448e-06
4.646188509966001599e-03 2.710703768849920866e-03 2.670219481832920502e-03 1.407275319232009899e-03 1.529871217535910431e-03 1.535171765349318315e-03 1.308974135856536816e-03 9.769412799855779587e-04 5.741000611600698697e-04 4.952058421818592709e-04 3.930810163764010892e-04 3.018712083247643914e-04 1.765967072036357687e-04 1.016433781719624569e-04 6.410162686698381979e-05 4.068508411227818539e-05 2.821168768471433023e-05 2.721181829206790573e-05 1.909798580071966046e-05 1.503406160368859324e-05 9.470062395856787627e-06 7.586248173800380533e-06 1.127023578541689586e-05 1.511562251686673123e-05 4.953401909378172174e-06
7.874574499366963215e-03 6.798180105391597380e-03 5.005194003771174481e-03 3.894852603405200668e-03 2.119613288317857228e-03 1.649879555757731648e-03 8.827155392566948073e-04 6.094570815431686909e-04 4.691916128173513221e-04 3.336220789644679923e-04 2.592568823763097947e-04 2.122660093321263974e-04 1.705237136124396820e-04 1.206469571020236221e-04 8.216164561795241163e-05 5.781002515996911658e-05 3.560317884974699469e-05 2.138507280147588295e-05 1.381630584930751246e-05 1.002051545650018670e-05 1.348577256552596767e-05 1.305370227707197891e-05 6.851028121659792897e-06 5.824599630822074941e-06 4.213214448993217765e-06
1.876526000531223391e-03 1.345269220826690766e-03 1.306305804179499260e-03 9.865665867756934909e-04 1.345843502631800543e-03 1.389558286490674872e-03 1.227314570865606054e-03 9.755891510184468932e-04 7.363773208575389705e-04 5.232072980453407202e-04 4.088111682733820717e-04 2.857128192344049553e-04 1.722924084256090846e-04 1.102598721098782943e-04 6.629515395241681556e-05 4.015169132908476073e-05 2.417480264107048238e-05 1.816545157091462983e-05 1.698808759647194000e-05 1.187536657111114154e-05 7.680875290420402312e-06 5.387162581871920004e-06 4.766600116566588197e-06 5.041377288657208958e-06 4.598379979663648828e-06
1.093589061221279281e-02 1.014069572026946552e-02 5.111715280534269608e-03 4.264311260389923829e-03 3.109258203530534167e-03 1.391900323450503746e-03 7.829017106630834118e-04 5.031805732873197330e-04 3.995262843994145372e-04 2.864130172446407844e-04 2.320185731052870637e-04 1.852369898838810813e-04 1.604866943743669732e-04 1.296562807449214442e-04 7.996868130395981306e-05 5.234083023619668312e-05 2.440613715214995456e-05 1.403416028973046478e-05 9.252674716596669195e-06 6.845869649120877829e-06 7.145420164524664173e-06 5.023595113243195036e-06 4.862441232167329544e-06 4.410795817599045996e-06 3.847857786319970940e-06
9.513875877419509641e-04 3.593132765762920813e-04 4.276994456144329665e-04 3.443039590983917029e-04 4.862925062810750996e-04 3.521540326678257232e-04 3.763353863422974491e-04 3.653948274141503296e-04 3.158162230353045940e-04 2.411921828599646554e-04 1.563058910832653640e-04 1.175544787793883885e-04 1.001571722786583361e-04 9.401186814809267165e-05 8.988669851536403965e-05 6.979063555467026031e-05 5.246262208023798264e-05 3.984363278390717992e-05 2.371704492711150354e-05 1.500216962512091347e-05 8.925671212601961872e-06 7.430244656019192730e-06 7.130901782394242691e-06 5.741488658948857470e-06 3.936535948763973620e-06
4.688084497397161134e-03 3.405878760290338703e-03 2.590122126519604513e-03 2.257302538572073317e-03 1.786415976286209392e-03 1.119031084366891660e-03 1.050726050756717930e-03 7.712473296390627607e-04 5.506432776744864515e-04 4.960702879992931816e-04 4.230460493853013511e-04 2.915702661777467295e-04 1.616058094530775863e-04 7.693018430249786137e-05 4.162913705445787471e-05 2.582040093496413308e-05 1.620852593346037496e-05 1.279108811628974023e-05 8.603167742696572940e-06 6.456241742974509844e-06 3.447140231731052041e-06 2.654206686639029440e-06 2.005042262762715542e-06 1.773376948076944534e-06 1.501771834730275242e-06
7.795671883446248125e-03 7.120639818079157156e-03 4.227298981307289760e-03 2.510070889624454061e-03 1.263324588273456771e-03 1.122486282359792245e-03 8.485052963261888962e-04 6.005940726499989484e-04 4.985630331563529246e-04 4.060976516822735862e-04 2.783186030162921199e-04 1.984794552354180960e-04 1.523333720393805243e-04 1.071586719225107743e-04 7.327822244866769334e-05 4.299058204394503029e-05 2.348040266195052081e-05 1.573551130642561593e-05 1.034011965641449096e-05 5.656915923868126875e-06 3.213974224884127639e-06 2.314917069630785477e-06 2.230951290314745608e-06 2.120043670566726712e-06 2.106434811255701490e-06
6.468631901260274604e-03 4.720212945732122495e-03 2.294979673428748472e-03 1.220523881448674951e-03 1.164625538816607729e-03 9.429609513911036594e-04 8.691914671487386982e-04 7.201925883881598418e-04 4.825627602712313519e-04 3.715998167937598702e-04 3.063257114491059864e-04 2.419002593663642671e-04 1.758776306332667546e-04 1.292310907060678703e-04 9.657336746063314135e-05 6.655163217259655868e-05 4.083616399044994269e-05 3.436638667869348907e-05 2.881545055239244377e-05 1.902688966453299600e-05 1.554979005919538616e-05 1.521597807183655373e-05 1.808357100847979401e-05 1.182294010336405838e-05 6.759877706261045054e-06
5.254446955576694452e-03 4.086809988811912833e-03 3.188528829416685008e-03 2.103707715459863896e-03 1.465747443593218464e-03 9.095290274462407678e-04 6.897796409041273601e-04 5.679520653932177907e-04 4.177868131198377521e-04 3.080818914557399897e-04 2.409424636605185738e-04 1.687196091771972744e-04 1.236111573795432958e-04 9.090196926337477793e-05 6.631042316801108319e-05 4.205509022081076512e-05 2.772214172323789845e-05 1.534277739327904604e-05 1.072545197797854394e-05 7.239263399379988492e-06 4.430389529583774678e-06 3.708780490704183936e-06 3.776973868683032626e-06 2.004419927983329228e-06 1.983596386421277944e-06
6.217128138111416118e-03 3.588781345607116365e-03 2.967131104258642973e-03 2.238475692083795841e-03 1.892175415563350071e-03 1.299462400706257164e-03 1.114886227682019551e-03 6.780192721265364481e-04 5.830817882159513264e-04 3.559161137936035671e-04 2.898827771759501554e-04 2.480149526214215391e-04 1.750215083223760843e-04 1.113986060400491110e-04 6.872018142168433575e-05 4.520235720739956294e-05 2.926408978127396433e-05 2.025988781511153829e-05 1.544133919531386537e-05 1.059535163419210021e-05 7.858521163849370783e-06 8.877546300458768238e-06 7.416272432581740947e-06 4.766291040081072177e-06 5.224269514446258731e-06
2.666205081798110436e-03 1.837932902941651157e-03 1.569405225242920731e-03 1.293319672222966983e-03 1.202272868904526778e-03 9.921194751643265791e-04 7.586995397483985853e-04 5.914768667045053243e-04 4.949197099991890217e-04 4.078185063146431565e-04 3.385731649424011534e-04 3.047288166702540870e-04 2.336166070526872734e-04 1.630181530823246656e-04 1.009236933315089951e-04 5.909317240385732211e-05 3.220979274673018143e-05 1.817613839407569983e-05 1.332923217400925493e-05 9.633320747739673780e-06 1.008644900249144363e-05 8.822320536847511695e-06 6.855998948584295269e-06 7.537257876299876669e-06 7.416123888183690390e-06
4.559234007248878263e-03 3.059849127825688304e-03 2.602424018997512647e-03 1.910296148904913702e-03 1.223385365780956750e-03 1.162809723439231155e-03 1.109515558380927153e-03 1.113704766697460810e-03 6.314150454691880646e-04 4.044838684020456089e-04 2.918757414310940712e-04 2.075138331011489837e-04 1.460994190924353819e-04 1.053312335750825729e-04 6.911794751441482465e-05 4.148939284073395049e-05 2.629039926074174777e-05 1.617594998891215799e-05 1.179205052705326475e-05 8.654646942537164931e-06 6.788903584283275559e-06 7.077474323292655525e-06 8.436841129546647814e-06 5.207739977615134584e-06 2.873439663666729572e-06
5.846321318750252564e-03 2.672536218733455923e-03 1.698315432151847448e-03 1.769428636186655196e-03 1.341309939013888945e-03 1.034804423592277419e-03 1.109709909447235358e-03 8.762208093469204661e-04 4.569515349784247695e-04 3.595247984133203298e-04 2.812260815986887780e-04 2.046699621072990368e-04 1.393758941555276007e-04 9.560886455885707867e-05 6.138646063607592544e-05 4.051160747745767912e-05 2.241869159144203077e-05 1.276709713919304137e-05 8.106959783742442128e-06 7.018610582458148766e-06 5.481409654210373571e-06 3.681239567395323900e-06 5.200150122002013298e-06 3.108258662450755073e-06 2.501767251795007147e-06
5.131629591351481202e-03 3.682212058517196109e-03 1.512587274442760968e-03 8.754066149628452007e-04 7.910848588656911899e-04 5.757409093263501530e-04 4.323986185917285297e-04 4.201525656989936420e-04 4.516262774155535304e-04 3.652491819180408517e-04 3.879666405777848861e-04 2.776917270596204572e-04 1.743428416372881748e-04 1.149957236001679497e-04 7.222828950619995141e-05 4.708490448335783148e-05 2.996534120337448906e-05 2.040484016555864171e-05 1.086445178060589782e-05 9.309547231081046964e-06 5.605911482880344972e-06 6.132055970655909563e-06 5.008961134347134925e-06 4.347917680633071671e-06 2.953298110603980954e-06
4.308009819037361167e-03 2.405392810371500927e-03 2.073546513103868751e-03 1.468771545916838219e-03 1.264806431672269374e-03 1.225131478036780913e-03 8.821562282102520620e-04 8.165063802142737397e-04 6.206440756971154079e-04 4.324006787501150258e-04 3.436445184587226141e-04 2.312014793828429625e-04 1.619178589848273070e-04 1.035563675585145178e-04 6.493276174641173784e-05 4.365619172643316119e-05 3.001080889962454457e-05 1.552648351160915849e-05 1.194426223841103265e-05 8.081205230807684390e-06 9.123314548104026876e-06 1.105928092225937946e-05 4.283620295302425051e-06 2.896626299543485707e-06 2.187559954460987333e-06
1.982741007028836905e-02 1.340298019906905648e-02 9.965829915154223936e-03 6.359135711896782978e-03 2.753146461635259685e-03 1.751947402312371794e-03 1.059360916667127697e-03 9.701544982857611583e-04 6.702390556012750942e-04 4.689553772405297876e-04 3.047066292221422374e-04 1.874475650182134598e-04 1.243194817545663475e-04 8.626498503390740030e-05 7.069145138253121068e-05 3.410642905474492041e-05 2.160290386336339791e-05 1.555246212399730558e-05 1.000090776437100555e-05 7.444468665764482583e-06 5.492820810956360390e-06 4.980167457139503983e-06 4.870476812430041543e-06 6.309521015034578430e-06 4.978397175417940535e-06
4.362136264561229659e-03 2.057254642373957526e-03 2.077343894975320140e-03 1.856718860127379300e-03 1.336331493853094117e-03 1.032184311060327028e-03 7.214740042046415697e-04 6.711506554057551904e-04 5.763380981693954882e-04 4.646062097657244878e-04 3.440720628760753400e-04 2.664334339979666354e-04 1.728599752003052265e-04 1.118273878719735516e-04 8.490996818722006264e-05 5.051837763209511588e-05 3.065534879972202603e-05 1.953163821747154022e-05 1.188261079362036019e-05 8.030593182065024041e-06 8.758879493154661598e-06 5.759934089251340084e-06 4.713779202230108595e-06 3.564206746448633773e-06 3.152785540764136134e-06
4.276224862600291887e-03 3.058385100612380243e-03 3.081219943016348228e-03 2.297894128773222532e-03 1.158726531063859234e-03 9.597053152263432252e-04 6.041686500231869487e-04 5.917950764968268797e-04 5.106670894030277547e-04 4.181102758612790442e-04 3.444930214364519752e-04 2.725203606597875164e-04 2.035546183916200522e-04 1.414044725548525925e-04 1.032574849772923656e-04 7.201509439581105384e-05 4.745563755033016176e-05 2.666968525354118500e-05 1.274567118207723974e-05 9.129125760021125670e-06 8.119598553772123351e-06 5.474650360102790624e-06 3.372919322110997665e-06 3.381831310360337804e-06 3.293885798305286206e-06
5.189438460977477754e-03 3.242559781142943624e-03 3.001234269623888513e-03 2.489327851700906796e-03 1.820352124827111879e-03 1.210589340589043493e-03 9.576016636581195438e-04 7.786092637692107769e-04 6.290543568908305667e-04 3.821147169998337129e-04 3.261845657729718542e-04 2.096469388477458754e-04 1.749080780808115508e-04 1.217411112627207965e-04 6.546420093779314669e-05 4.347549109611640244e-05 2.668819001045231442e-05 2.037202332378748563e-05 1.349407481957106912e-05 1.072061302800075020e-05 9.816705379603101535e-06 1.019435152564432482e-05 5.425537794768422851e-06 5.439469329830015411e-06 6.433325345506655958e-06
1.115751519584780478e-02 7.378851317800937983e-03 5.034636892138434627e-03 4.378326174197887978e-03 1.483956708156551011e-03 1.085723012315560057e-03 7.524356297534110687e-04 6.596374901759612629e-04 5.780390708674418244e-04 4.530474213102833061e-04 3.502510972235732588e-04 2.532091933251560761e-04 1.647154097822352010e-04 1.118372001543247211e-04 7.123689993799671623e-05 3.958151620194615719e-05 2.131621682907356661e-05 1.283718539631460716e-05 8.361390161998166805e-06 9.049801207939509447e-06 5.380503228378648127e-06 8.528783438264420644e-06 5.617412325368823050e-06 3.387288324055551968e-06 2.295715154977070309e-06
1.098971850943151508e-02 6.654696321314556434e-03 5.834316202679062750e-03 3.121379763581641573e-03 2.149153996427585842e-03 1.559084719976487144e-03 7.142901099581381013e-04 5.546381594030485793e-04 4.442183151697110975e-04 3.571780118315189879e-04 2.895117555551222650e-04 2.388601102388020008e-04 2.146680244154086854e-04 1.755227280295684387e-04 1.146529046313584830e-04 7.175582508195015648e-05 4.852683473124970025e-05 3.779230236216401325e-05 2.344688593557229807e-05 2.350223515845812868e-05 1.125604480759784846e-05 7.557918498364317408e-06 5.809372882754497468e-06 3.994430457544042570e-06 4.294567815707151560e-06
8.494912055494826045e-03 7.586051306438618309e-03 5.228200715680315046e-03 4.076382962544062606e-03 2.603625391007044487e-03 1.646701444802607705e-03 9.448429844908580759e-04 4.964721587128427538e-04 3.911079107877167517e-04 3.364679443537330322e-04 2.787205076145327521e-04 2.144167344704242463e-04 1.310920477368470523e-04 8.385970839734875409e-05 4.782953789412148875e-05 2.611738012347076653e-05 1.327854849202764731e-05 8.165681208931357653e-06 5.512013688346954449e-06 5.561435407420619651e-06 4.634645913218527364e-06 5.991016225206468297e-06 5.513943635815851809e-06 4.052088653989327653e-06 2.165812707189104885e-06
4.853371327972927016e-03 3.086301204057904316e-03 1.606402745537097599e-03 1.592419652146820352e-03 8.611753341910272216e-04 8.081324211849333188e-04 7.580482402955516759e-04 9.883672816338100013e-04 8.141653181643607922e-04 4.372050832765334819e-04 3.042628775904803427e-04 2.194493720074588603e-04 1.451115518510762430e-04 8.756825913345429055e-05 6.092388887774204722e-05 3.853463259721166833e-05 2.199472197943716883e-05 1.250254321775290610e-05 1.071566840017013365e-05 7.116394561396001694e-06 3.896387757879822474e-06 3.125212829982366799e-06 2.575722481365544148e-06 2.651997355689998986e-06 1.648583627565254293e-06
1.026344540937288753e-02 6.034415382228540924e-03 5.348699355962292790e-03 4.570414302583717704e-03 3.404769714412538874e-03 2.488562202469467993e-03 8.109597586809881358e-04 5.368292168846603568e-04 4.305680462731940861e-04 3.184373445315879657e-04 2.404761923800986063e-04 1.950766627216473899e-04 1.448519564562039371e-04 1.004672266872849360e-04 6.471000163741341259e-05 4.667370710471315979e-05 3.062534014646585651e-05 1.953263071946475610e-05 1.066550754574504970e-05 8.278764388896191597e-06 7.785936449265212626e-06 6.816603374011333986e-06 8.583925129518719677e-06 4.566666076424205127e-06 3.055600275078832360e-06
3.661312628601939931e-03 2.301900256268979081e-03 2.362691831573166326e-03 1.815379090042411455e-03 1.179126425663101730e-03 9.633485136957639248e-04 7.085308647109808461e-04 6.712478662113069254e-04 4.915394586769005359e-04 3.509669026177116122e-04 2.614011543486527553e-04 2.260693531805853295e-04 1.921772503370456351e-04 1.217979182652508788e-04 8.267334172945145769e-05 6.023221004641881134e-05 4.245042358274007932e-05 2.770535106250882586e-05 1.543098215803214915e-05 8.696904492951463108e-06 9.890156590927270743e-06 1.089075957355199758e-05 9.951427330671574264e-06 7.387205535053963240e-06 4.571509486391716401e-06
3.077057200933693091e-03 2.262399464463375320e-03 1.654976019980731539e-03 1.243575173038451208e-03 1.858123095722615317e-03 1.580259014816430725e-03 1.299608210574228684e-03 1.095754902062309180e-03 7.025306561610217141e-04 4.238383235658918567e-04 3.263968114454846004e-04 2.539272631086482413e-04 1.687042162692854827e-04 9.624119930209749224e-05 4.857684448833195570e-05 2.772808050169806019e-05 1.829262614560043653e-05 1.258845465926444263e-05 9.606405429291968174e-06 6.287603388625153258e-06 5.855138108175095075e-06 4.996363791569859813e-06 4.225266417488439493e-06 4.776193262224481118e-06 4.603616556287886785e-06
3.285090019727767222e-03 2.329184193575663513e-03 1.121610129323714162e-03 9.215140387233797682e-04 9.852429156363710829e-04 7.360662789036995701e-04 4.884227769177849551e-04 4.764172353924307291e-04 5.957782475040161296e-04 6.844638066730957893e-04 4.263181615316773230e-04 3.207401226299397539e-04 2.010513924331553315e-04 9.870873812969377804e-05 4.381166882940325594e-05 2.485552163162701073e-05 1.317470937827171480e-05 8.074910260500629426e-06 5.541794890191026178e-06 3.798045123086207403e-06 3.322037539700369226e-06 2.566605584069292430e-06 1.727053464316043996e-06 1.587157425497732927e-06 1.273415875409721744e-06
1.351153928904566537e-02 8.294991534306383682e-03 6.555165217677265052e-03 4.532624129478633399e-03 2.220611589596491794e-03 1.435075398074212114e-03 1.172279363428824391e-03 7.303580711219039012e-04 5.505420079222620236e-04 4.368685229645746185e-04 3.310175365790825634e-04 2.328994835053205595e-04 1.601771483320130489e-04 1.048362837218431087e-04 6.648707696878442984e-05 4.296390465511478487e-05 3.160198832822960438e-05 1.994256113475252113e-05 2.058733940677722073e-05 1.251659602563090913e-05 8.415836894755376532e-06 6.734332762476762757e-06 5.769706975622939792e-06 4.517449056471398623e-06 3.636566129150478260e-06
2.586041747869991924e-03 3.008313894598428195e-03 1.956564670215205862e-03 1.527894112252275961e-03 1.303476075955873562e-03 1.075693463776873204e-03 7.615877539905982398e-04 5.886764385118043418e-04 4.831018225625607573e-04 4.408582563705191874e-04 3.567851873965354435e-04 2.113434461937310370e-04 1.490904288344351632e-04 9.328530602439222719e-05 5.592323754373306941e-05 3.218350234391582047e-05 2.018497616145437483e-05 1.205448029712569498e-05 7.883243532805711413e-06 5.314671495116820832e-06 5.480753528235572659e-06 2.965420378468193685e-06 2.760984648914011353e-06 3.077013339892946088e-06 2.941645505786067890e-06
4.757734770172343010e-03 3.114073799471369069e-03 2.135566543148155992e-03 1.422412919913301418e-03 1.151437452746646110e-03 9.014891499071212228e-04 8.067596537901991624e-04 6.641843168642735983e-04 5.570706049493422520e-04 5.167816451439829518e-04 3.797911314368584501e-04 2.363328772701905867e-04 1.657237686077071284e-04 1.097200417152478601e-04 7.301728673983983483e-05 4.247676312007195342e-05 2.831389175053140731e-05 1.459332542720869845e-05 1.048149112630843152e-05 8.212761527092816437e-06 5.020505332508720268e-06 4.107685740573089803e-06 3.406266662524319624e-06 2.934249509665123012e-06 2.266917299661656844e-06
4.699764508056198178e-03 2.905293492991745715e-03 1.842440938332687685e-03 1.355763646530931937e-03 8.605526312539599080e-04 6.851917269941163076e-04 5.457027735639734169e-04 5.155543662502862744e-04 4.231492491612626910e-04 3.507296671901377551e-04 2.763932673289399579e-04 2.544653023347712563e-04 1.766632057952056099e-04 1.254002486391271761e-04 8.840968380529439766e-05 6.148573044569874380e-05 4.612422186623338041e-05 5.114930283627765542e-05 3.051272864369293386e-05 1.868441573872228650e-05 1.238227849634780691e-05 1.012965835937185849e-05 8.696234274668154289e-06 9.106874958400166322e-06 7.358241121525934299e-06
7.015389322055545773e-03 4.239769118728618086e-03 2.195401496326453063e-03 1.250484760403302231e-03 7.645496360972559241e-04 6.199464391677209779e-04 5.586509587899024520e-04 7.522340663931939564e-04 4.886106843320410119e-04 3.792292499736696636e-04 3.069702269933096707e-04 2.771514992580589973e-04 2.332347589190449544e-04 1.695076895930377851e-04 1.000053613460810025e-04 5.414816870430859039e-05 3.296843611817598305e-05 1.978366154542521112e-05 1.545598841878447621e-05 8.179000301511207350e-06 5.718234674782713440e-06 4.586922285401204275e-06 3.573958512630274104e-06 3.685230669470972835e-06 3.900652893792589789e-06
4.594464696227440643e-03 3.949896586596580821e-03 4.828968722693394167e-03 3.785161720927751085e-03 2.759292498337944689e-03 2.094605557478914411e-03 9.381292409758180788e-04 4.788052961277981258e-04 3.601205299917117734e-04 3.089068953042909500e-04 2.425886515010301694e-04 1.783062792965046353e-04 1.286269615717145170e-04 9.114815804497875830e-05 5.649877909863926803e-05 3.318704356294489692e-05 2.113712612629485444e-05 1.544247967636938040e-05 1.183073319359816926e-05 1.218318815016090247e-05 1.999537651362310947e-05 1.668849023408050319e-05 1.078619828301996200e-05 5.574445217393213405e-06 3.656150265611119171e-06
4.011270498673542503e-03 2.085773891545632860e-03 1.127656070598008877e-03 1.328623400567205187e-03 6.916605685847823128e-04 6.264042619387223416e-04 6.302689116741764901e-04 5.013267379057696543e-04 4.853008746648879677e-04 4.333675774046873630e-04 2.938116090216422497e-04 2.233395520856317114e-04 1.992793191085444804e-04 1.104451006353946205e-04 7.028875609570357265e-05 4.451048944273384539e-05 2.718543309441125714e-05 1.551547542486578937e-05 9.216739245440514887e-06 5.883459116698943642e-06 4.144257295301182954e-06 3.409074988509747400e-06 3.012184363747241734e-06 2.883100675927691649e-06 2.286080770548952664e-06
7.298965225028410109e-03 6.644522780659108466e-03 3.284999423489076524e-03 2.777846138176329367e-03 8.853549907478002953e-04 6.794007073309301899e-04 5.258071222427166975e-04 6.048984406626969597e-04 6.025329973618454796e-04 3.376432134104360712e-04 2.722489667169591412e-04 2.123067088391640653e-04 1.620616150012158798e-04 1.088459608699649260e-04 7.758609198156122828e-05 5.378071880935845404e-05 3.663917588971559960e-05 2.534709661213831620e-05 1.994416174083205243e-05 1.255209995986172222e-05 8.649042393665836136e-06 8.232808923745506358e-06 1.012461486171041842e-05 5.928994564906751821e-06 6.754418589467600791e-06
2.055884083966055039e-03 1.830996277342772545e-03 1.506264418245407922e-03 8.581027297282824845e-04 5.651933298719651055e-04 4.228817227054566287e-04 3.068830241441475467e-04 1.913607725490940438e-04 1.710164326545008393e-04 1.542795807359437677e-04 1.250745864202487342e-04 8.710991408266343869e-05 8.418651968591140701e-05 8.342678339545357995e-05 7.841265986752908807e-05 7.054318816060479189e-05 4.885724029636040916e-05 3.646539588123283546e-05 2.260142869840392021e-05 1.548521546644366609e-05 8.787966932447600457e-06 5.833061532845240527e-06 6.414131595141542248e-06 5.495754151255490744e-06 5.155529332669878668e-06
6.318448633555789375e-03 2.901971958233629748e-03 1.778115519680987296e-03 1.664178013449299715e-03 1.235081609646479853e-03 7.540059642945177998e-04 6.049206111256068275e-04 5.219213515261166524e-04 4.266637245380580537e-04 3.138605868366491601e-04 2.275011173128659535e-04 1.817545918058322940e-04 1.527917282484784155e-04 1.071439368439559961e-04 7.666217856696395537e-05 5.909977517230576417e-05 3.515254830197159328e-05 2.167991894942173238e-05 1.444460722040083726e-05 8.481221675745402718e-06 6.328048608790114400e-06 4.826015765528122027e-06 3.056237596396891757e-06 2.650249909661271150e-06 2.366366541041891264e-06
4.355201696278005255e-03 2.658411155056531697e-03 1.303621479943268321e-03 1.176772976369947323e-03 7.021185344475052966e-04 6.235449110510887013e-04 5.058589993375064986e-04 4.272025274585054821e-04 3.418269667071986012e-04 2.894923555420030915e-04 2.313346431539771290e-04 1.955940283156181044e-04 1.637211395960334903e-04 1.227411932150902719e-04 9.648905155109115865e-05 7.488524996826507985e-05 4.681801781465381638e-05 3.188055311278468573e-05 1.754617220983702876e-05 1.641358091910389091e-05 1.087920127202562732e-05 7.219255354360834449e-06 4.063540108919721448e-06 2.587024005919674609e-06 2.453505806249812024e-06
6.284155494958006474e-03 4.794376606916886906e-03 3.815743222321448056e-03 2.653176329496832742e-03 2.024855877998615102e-03 1.564581239727694294e-03 1.139035777667844231e-03 7.444430725249058002e-04 5.778779085564595287e-04 4.212887700983045927e-04 3.074096944709351557e-04 2.134051399525988338e-04 1.530693259598587760e-04 1.032779341756942054e-04 8.666881569388535213e-05 5.825763288268794900e-05 3.820268672361794396e-05 2.449783431006242511e-05 1.938348442894613225e-05 1.577541416505271108e-05 1.514245527126395106e-05 2.040502295552751246e-05 2.326853845208760969e-05 1.895062325388304609e-05 8.177964423763553297e-06
3.783929441817116424e-03 1.693978108571335362e-03 2.990261326170287962e-03 1.633924713755369835e-03 1.263624044663944936e-03 8.845139414706765582e-04 5.784286108694254363e-04 5.151283528281179643e-04 4.237593139143736682e-04 2.884807754902097838e-04 2.235873281581467328e-04 2.036075560107977235e-04 1.858569493731508984e-04 1.706078367935673281e-04 9.662388318398189378e-05 5.310639779259946123e-05 3.042469613945873264e-05 1.723495795121492591e-05 1.137478903342142118e-05 9.323569154205270490e-06 1.029297256686791080e-05 9.198162356702239132e-06 5.901556411262976543e-06 4.014236867454397226e-06 2.080922745850648170e-06
4.291420024321491652e-03 6.167123766012421945e-03 2.689917693502430832e-03 1.932490199206225332e-03 1.171240289743200394e-03 7.563742991475750710e-04 9.008762832640774491e-04 4.384747786445022857e-04 3.596145041508924363e-04 3.164257510890334233e-04 2.256440464168697746e-04 1.870505165141339468e-04 1.461050017691226880e-04 1.089480322145007756e-04 8.202299313325104712e-05 5.772714462509319686e-05 4.055678076739338117e-05 2.602089578033607865e-05 1.528397714812372295e-05 1.541189489790295851e-05 8.645416841354403511e-06 6.948199011429552152e-06 5.442409409519420417e-06 3.871289695145677058e-06 2.905796241656279867e-06
5.577621951831187273e-03 5.111246126422801760e-03 3.925326257807852139e-03 2.409598139512481637e-03 1.865414905353591059e-03 1.145678059390540030e-03 6.444775372060096734e-04 4.672878293645038724e-04 4.494541897389148569e-04 3.641098929531337374e-04 3.017454930682262953e-04 2.332940673997597569e-04 1.844927472109421764e-04 1.132407299787837663e-04 7.800503797853134010e-05 4.871738267823081363e-05 2.974388459594664325e-05 1.624846202808380571e-05 1.282966115007803636e-05 8.604181467462822545e-06 6.274093308595043680e-06 5.225170126331383658e-06 4.274101581636381777e-06 4.820483263051202938e-06 4.172474904527212670e-06
1.482652157796406772e-02 1.158421166104808830e-02 8.228932071400695686e-03 6.352784233312175344e-03 2.107406835048196425e-03 1.030693897361730773e-03 8.055029874548493745e-04 6.956883798926083353e-04 7.070675229751885709e-04 4.907380378437376954e-04 3.751354558898567005e-04 2.274631125618277656e-04 1.547285268964692176e-04 9.910137975734305651e-05 6.033454350823194603e-05 4.113532302392212329e-05 3.175024561943964239e-05 2.167356694958384516e-05 1.463617547847987120e-05 1.065295238821992785e-05 8.481375200376888634e-06 7.907981517781053428e-06 6.481990786577364102e-06 5.451257556529479018e-06 3.713687683617535739e-06
6.409440140256973326e-03 2.910102607422334568e-03 1.925849271606256243e-03 1.141285077483180591e-03 8.703003968844443211e-04 7.130855969503437780e-04 7.740928416071086440e-04 5.805782044103515978e-04 6.071943423745409640e-04 5.505476183110420956e-04 3.461708872197972781e-04 2.602414468615527835e-04 1.827830639290257844e-04 1.164322168619912951e-04 7.981729219109687766e-05 5.503219151670747227e-05 3.550381269920989229e-05 3.015097855010111894e-05 2.382476633021695625e-05 2.161491477768814911e-05 1.422268649628885892e-05 8.490119316383367548e-06 7.112491947824677835e-06 5.832481445549617643e-06 4.284302952544036044e-06
2.241531790020902595e-03 1.507350159641998588e-03 1.118930650176539312e-03 8.375419570147235680e-04 8.966991781538371023e-04 9.526261944752170002e-04 9.329104073650125017e-04 6.943205679129124501e-04 5.113743150970574821e-04 4.925298163547137684e-04 3.978011314191616673e-04 2.438103413358928037e-04 1.688608875589027902e-04 1.083212755286329718e-04 6.629434508860939355e-05 3.551427089894716060e-05 2.150096834855151544e-05 1.669267592691601657e-05 1.457965500062573941e-05 1.249822905218241106e-05 8.765266798636091048e-06 7.432765017001227199e-06 9.158920509876557398e-06 1.101818493922547035e-05 8.922100931814359263e-06
1.635158989548443891e-03 1.036407013045409628e-03 9.013816960521874944e-04 6.559114922138942249e-04 5.475574962359319601e-04 4.506298460569736915e-04 4.773399422446222970e-04 4.775374111043005501e-04 4.678768667429120251e-04 3.867164121894588907e-04 3.371268491918509905e-04 2.601529639278552723e-04 1.758649656973419663e-04 1.264876843570733405e-04 8.765482999265350212e-05 4.493522048756701568e-05 2.458460480634622040e-05 1.629091855965114413e-05 9.827228583512286097e-06 7.477933463157990235e-06 6.725837743271061824e-06 7.205952937123174660e-06 4.753245743260218784e-06 3.788345160071904763e-06 4.272987781283956824e-06
3.377284998636479428e-03 4.513910725986699894e-03 2.749370853116201493e-03 3.144918176732695771e-03 2.060530780187743490e-03 1.545903460430232300e-03 1.126408910770680411e-03 8.916084274381479245e-04 6.695561617604692478e-04 3.109761755551188620e-04 2.339676199948424848e-04 1.699347668905799597e-04 1.142808937764510263e-04 7.227201385340716576e-05 4.630954672702088782e-05 3.620884712474180343e-05 2.111330969207069331e-05 1.536246795770541878e-05 9.014366803678758419e-06 6.602383287571426773e-06 5.884466508065350500e-06 4.271097878464478770e-06 2.532556741599195975e-06 2.132880811493990781e-06 2.149530059942890614e-06
2.757150221583105475e-03 2.483469017521732197e-03 1.506579201979794946e-03 9.953569213907043772e-04 5.224863508036417352e-04 3.926139625447281570e-04 3.424066295350620070e-04 3.096394721624810505e-04 1.990824534266427519e-04 1.927540924822566124e-04 1.623145591292953719e-04 1.388316686397304291e-04 1.272984261050004592e-04 1.202539354847090134e-04 9.340890549587909438e-05 6.662166581990562316e-05 4.339473092199246470e-05 2.361735000642614603e-05 1.176240117999089341e-05 5.466327672801825189e-06 2.971847090101401283e-06 2.243608840408132541e-06 1.822281085630551444e-06 1.596771459936669384e-06 1.552052868778673847e-06
4.330214454319767335e-03 3.275863592033953497e-03 1.955152352732313775e-03 1.059967000475861522e-03 8.292983697172231052e-04 7.253151497680662523e-04 6.427204474166674621e-04 4.968882877976109553e-04 4.246687959287837174e-04 5.373088176034322358e-04 3.678758369187183391e-04 2.317231998288461824e-04 1.622048062950224960e-04 1.122728000634930071e-04 7.290924051898553602e-05 5.083349086860867186e-05 3.350303762071912903e-05 2.141380830673214492e-05 1.366389044036149312e-05 9.603068124505097182e-06 8.037496757157472433e-06 5.643005802690333218e-06 3.793726337252061253e-06 3.166876855700600134e-06 2.747584429809761713e-06
1.236120460959520611e-03 1.063937563276458071e-03 1.494680177054379588e-03 8.483157440940272643e-04 9.505614393600236725e-04 6.233573997043719787e-04 5.950610700288006026e-04 4.326626962130017992e-04 2.959347495481566451e-04 2.421515096059085443e-04 1.883981330573706442e-04 1.457206731862638208e-04 1.143335266891072762e-04 9.704974590713266226e-05 7.399018640484772197e-05 6.218707524584536801e-05 4.465322606171403359e-05 3.478325272752066911e-05 2.678676149544236009e-05 2.410933716914062883e-05 2.007440397349110752e-05 2.178998943342116496e-05 1.633563289148098164e-05 9.319333652284901614e-06 8.886284527000942997e-06
1.581384407605995312e-03 1.525463176128645428e-03 5.877672665965490888e-04 6.554515554505847613e-04 4.061401444962880200e-04 3.021186083005992194e-04 2.031535132744222572e-04 2.162961033567274640e-04 2.136819422454255802e-04 1.653643628133522081e-04 1.338676994998886467e-04 1.224535874366779566e-04 1.059922249502757979e-04 1.068646306600398146e-04 9.495521090212672387e-05 8.317403375932042617e-05 5.816986215550775752e-05 2.994996939100844153e-05 1.450068174905277492e-05 7.980195687860862006e-06 5.326309467751798359e-06 4.675776209378781882e-06 6.491725248511580938e-06 6.679697155891938956e-06 3.784724015016200277e-06
7.798828136068593729e-04 1.003390910068220924e-03 7.002321093738851253e-04 4.831304934698279520e-04 5.193929221126263041e-04 3.270127135141994443e-04 3.118172533991596059e-04 1.978688061454280506e-04 1.968881295617677435e-04 1.951781850525425514e-04 1.219317504860236361e-04 9.065805023794017614e-05 6.363690074994546894e-05 4.875681268758617096e-05 3.956953742586584053e-05 3.437397300099743824e-05 2.810060380520554703e-05 2.513684397528911140e-05 2.151477816081267031e-05 1.884572225194404635e-05 1.147875679603296195e-05 6.700036555368011203e-06 4.921094826579116279e-06 5.335114706482246930e-06 6.577269282665985441e-06
6.947394567143565583e-03 4.034313947350442325e-03 3.246441487370716351e-03 1.746452792675592600e-03 9.443683840867066756e-04 8.030299592852582422e-04 5.433130331365437684e-04 5.417784254038517143e-04 4.381488425938921943e-04 3.854815840486641048e-04 2.888421344184391448e-04 1.903495194080773970e-04 1.431643233833732075e-04 1.121433858116442292e-04 8.431270068015128509e-05 5.611685116539858945e-05 3.321808166342770817e-05 1.371547755668517397e-05 9.364565979795157715e-06 7.058087848029566733e-06 6.787972631089164183e-06 4.860397124159017124e-06 3.112450146324265866e-06 2.999922936028542517e-06 2.503789967499471812e-06
9.165961060566692534e-03 6.631956019421228130e-03 2.081293049281386816e-03 1.159854730317732381e-03 1.243911086326543024e-03 6.939611818420964940e-04 5.216599504440505575e-04 3.440633836943865140e-04 3.581937344947388243e-04 3.376816201771064415e-04 3.146076729233109916e-04 2.341858338850225920e-04 1.590659203613837940e-04 1.159323493205083517e-04 6.956562879352942686e-05 3.542951444820481604e-05 2.232920759756225787e-05 1.552625802413495277e-05 8.842521846350573687e-06 6.128641450308970810e-06 3.614890080074816215e-06 3.163194311680979191e-06 2.297428735385508798e-06 2.538326434212816896e-06 5.155708497666461877e-06
2.426616449989396369e-03 1.446072956304851132e-03 1.276173566344390026e-03 8.721089470058886574e-04 7.759348033661259440e-04 6.425174243430265388e-04 4.612430404576750402e-04 3.007728829645727538e-04 1.828192241347261046e-04 1.306884168770462088e-04 1.093734526610547827e-04 8.277124151875632637e-05 7.702380170525570055e-05 6.911280264988200930e-05 6.614634183284910890e-05 6.354268243810534363e-05 5.729092352650304250e-05 4.577535497764267285e-05 4.568057295833758384e-05 3.546208733639035122e-05 1.816755937567513104e-05 1.252852798678021313e-05 1.214032909462855977e-05 1.304240425217777657e-05 1.346820372329847167e-05
7.152627740422919100e-03 3.173917590161205986e-03 2.186384668760716493e-03 1.444596199024936320e-03 1.316767238942300779e-03 9.529226258589511799e-04 9.645775634188570244e-04 8.019444361832206913e-04 4.820831579426964773e-04 4.077649305228442920e-04 4.535994652122740363e-04 2.316085942505891754e-04 1.597806153697288521e-04 1.090879025033682161e-04 7.191387871730180376e-05 4.317657187757783957e-05 2.676385555382727814e-05 1.944823964664703706e-05 1.497064936135754625e-05 1.320788294257192126e-05 1.391179417462493221e-05 1.237805362246350217e-05 1.562155094762208356e-05 1.011822196180769028e-05 6.652188538231270649e-06
5.617902024078642864e-03 3.974154124158301403e-03 2.740408672140125408e-03 1.855730239372668918e-03 9.393845390444254461e-04 7.217581914945180206e-04 6.783888951755942791e-04 6.442451195280606219e-04 4.591581345390725747e-04 4.000759877165679392e-04 3.040348379815757955e-04 1.846453555616070583e-04 1.279018683015533059e-04 9.594222770089818643e-05 6.460433271178720501e-05 4.393332588595937977e-05 2.613868329070959622e-05 1.553220884515656803e-05 9.387324796115265567e-06 5.591950153329544853e-06 4.766220551114954977e-06 3.079909397738428539e-06 2.718282296245135176e-06 2.376524654046564679e-06 1.587201130274103774e-06
9.316602593690990683e-03 5.671595348628942317e-03 4.237299629105260000e-03 2.422733624248064096e-03 8.642675418508774781e-04 5.631971963743471034e-04 4.677622988625023846e-04 4.427155675655936365e-04 3.866635909169242056e-04 2.962947530781022171e-04 2.346798234152548516e-04 1.942129628951578168e-04 1.562747235589353437e-04 1.105448484623408492e-04 6.258792116606362317e-05 3.650371896755114982e-05 2.411082692630218418e-05 1.402768232876199658e-05 8.586777270194342838e-06 4.964820118647880058e-06 4.058764772876234946e-06 3.714356048411858104e-06 2.624384102999126133e-06 2.462348835260237670e-06 1.908471791095575255e-06
4.499716005790147075e-04 3.007971238868473412e-04 2.843240433420465016e-04 2.401926392816312059e-04 1.998287761810723620e-04 1.804056783180646591e-04 1.341332569653795148e-04 1.395919261552371364e-04 8.337246854579065424e-05 1.061721226018600464e-04 6.833394302444317271e-05 5.673432788137314399e-05 5.575237203403720764e-05 4.320516580529841613e-05 4.478782913293008223e-05 3.947162484932101599e-05 3.546338760141649394e-05 2.836674927454155013e-05 2.041765075629692726e-05 1.315841562046942354e-05 7.572090628599531811e-06 4.485327633560572161e-06 2.968120868349907514e-06 2.179465948555835500e-06 2.176056624214390393e-06
7.036028304457541370e-03 3.766362102644598212e-03 4.061948133753458950e-03 2.575659060336541861e-03 1.457949000770663748e-03 1.070419990945637150e-03 8.099085868163427224e-04 6.007581535901930373e-04 5.413616925416150612e-04 5.643384299285616676e-04 3.989984660078483756e-04 2.029019665279916892e-04 1.339261786949974976e-04 9.140934888341348372e-05 6.054529630242308518e-05 3.623393821945488920e-05 2.137385087987189150e-05 1.330993754592200846e-05 9.450236855760061434e-06 6.498028079752455981e-06 5.860670379317781219e-06 5.259573599112782495e-06 4.633329767444808606e-06 2.867795076696948684e-06 2.355508517595594626e-06
7.469741628082434380e-03 4.982993601770226329e-03 5.272004023093255880e-03 2.477684058802220000e-03 1.291886943838593555e-03 1.063371667582657361e-03 7.769313807975397872e-04 6.722644372337845510e-04 4.950858980509045089e-04 3.338701444521435520e-04 2.277103076971814279e-04 1.681709023742961463e-04 1.120650949956054898e-04 7.421352158136821330e-05 4.574598653558442179e-05 3.133185904367698812e-05 2.120132558802733614e-05 1.434287557504157021e-05 9.489942090091390176e-06 6.969181838302990134e-06 3.930523823281005316e-06 2.623931001134331057e-06 2.430063385254817461e-06 1.419183407123168706e-06 1.359017013246182734e-06
5.883678185313825741e-03 3.917786736640435641e-03 2.265761198037693266e-03 1.339089183704487941e-03 5.446356063549979152e-04 5.824262676348944271e-04 4.593533389084722136e-04 4.320168257515077720e-04 3.375784606599696960e-04 2.695600499987685405e-04 2.172042191826485961e-04 1.810537475451453086e-04 1.378961358424171581e-04 1.004466065592765677e-04 7.187162307739260864e-05 5.243282097437492362e-05 3.703011481574555058e-05 2.972110306056786064e-05 1.990645128821525163e-05 1.674044345021950998e-05 1.452200415318140414e-05 1.660743514085319216e-05 1.552825831180180998e-05 1.217359591350140592e-05 7.153959667156241945e-06
3.044625507346403626e-03 1.669912032038890163e-03 1.387523472078606122e-03 9.830319673755805610e-04 8.959178504455124958e-04 6.637569925935062412e-04 5.682513102316351719e-04 4.869999508337516901e-04 4.001359673033269321e-04 3.624481660513756897e-04 3.425378004210437527e-04 2.484356406705667038e-04 1.701767956847542143e-04 1.214632783314149894e-04 8.820478794299929735e-05 5.676296634877363463e-05 2.906815005925638247e-05 1.488637805341198180e-05 8.287031672018469695e-06 5.688321085737306992e-06 4.223953021417782347e-06 2.966805245632530309e-06 2.347901428681354248e-06 2.006548881768287625e-06 1.950650405953883825e-06
1.928983183483916645e-03 2.449827480738654088e-03 2.163643302787625518e-03 1.236708223810941126e-03 1.009714404323830807e-03 5.825144586713898367e-04 4.917418994070143264e-04 3.152159190977258068e-04 2.642451762382369237e-04 2.313744311624146746e-04 2.124349513904679593e-04 1.793848867874242158e-04 1.368214603110215553e-04 1.040807680444132989e-04 7.882564829613550273e-05 5.802947751859118642e-05 4.162670637843036216e-05 3.164161325746103211e-05 2.292544273727880285e-05 1.460590524937612760e-05 1.096416374094111645e-05 1.033573829251272216e-05 1.256692379958147663e-05 1.347642366211257144e-05 1.395876505024744303e-05
6.585840535938919469e-04 6.191126892119767737e-04 4.715325693005976960e-04 5.072663271674948422e-04 4.239007307552857136e-04 3.444229915695957902e-04 2.724752912515599206e-04 2.381126255847770281e-04 1.955136660524448835e-04 1.735777912473342904e-04 1.373284649091697390e-04 1.158836860819149281e-04 9.460136434254467087e-05 8.610448184042650028e-05 7.315012452154922955e-05 6.845412605007094003e-05 5.978472022918200786e-05 4.907940296007891497e-05 4.721962066926429174e-05 3.759028877346101265e-05 3.540078799846027244e-05 4.437704320123020321e-05 3.901696327680944027e-05 3.170196416760584881e-05 2.782983464411396894e-05
6.636421091639491338e-04 1.877318504988623995e-04 2.443840764825010474e-04 2.070346948329320055e-04 2.025744551493604368e-04 2.970449460852112012e-04 1.517188029441965240e-04 1.212977754300957996e-04 1.612474110651095733e-04 1.139321170637761594e-04 8.235621179471296158e-05 8.410102986646863252e-05 8.493798580616246699e-05 8.742317750544375393e-05 9.067442267382068682e-05 8.225447283696042449e-05 6.701881388542552706e-05 4.889642829623803500e-05 3.515963822348289251e-05 2.285479773658177395e-05 1.607317453208708267e-05 1.779882669876945640e-05 1.477793212965811874e-05 1.819969500634332563e-05 1.806302925956788228e-05
