2.946919018468063483e-06 2.164398230666948783e-06 1.859066027594038418e-06 1.633584899510564015e-06 6.697045373381629373e-07 4.239755019709921433e-07 7.516609352446006679e-07 4.335772032583150247e-06 2.070087478516481714e-07 1.137797451054037422e-06 5.615517534421739116e-07
2.205914352811172426e-06 1.194991324405374584e-06 1.339822756285745328e-06 5.582778786433168901e-07 4.854544169366685950e-07 3.533949806982828205e-07 3.230708323958293432e-07 2.812322135559292350e-07 4.719236184680339331e-07 1.401377294175426979e-07 5.565012204790536367e-07
4.133466448192382941e-06 6.091335119595873747e-06 2.805475966837929808e-06 1.902918642349003084e-06 1.037554003780756363e-06 4.409262557695780169e-07 2.713467556252504320e-07 2.918435756860259032e-07 1.530579689130380521e-07 3.256473394171025712e-07 2.260996449426822886e-07
3.680514444457792556e-06 2.858959056954822749e-06 2.012879059244995158e-06 1.173264755399042730e-06 8.479246535633399372e-07 1.019919762494238722e-06 4.145404141025836870e-06 2.078014753808664042e-07 1.070663138798853430e-07 6.162678919066081872e-08 7.544874072186098522e-08
2.993641825244401206e-06 2.455021058269385855e-06 1.795962739573967398e-06 9.424719656612179821e-07 5.509235617947547217e-07 7.483862500479544484e-07 3.904105585971943052e-07 1.471355459993361813e-06 2.386927785170838564e-07 1.075965050713688901e-07 2.872721162173776159e-08
9.124839207684119603e-06 5.408408334584324533e-06 4.034887191867904602e-06 1.798228579030482396e-06 6.700376384238022327e-07 3.310550140949333550e-07 2.383895410075225874e-07 1.777348291350203189e-07 1.111392979090743971e-07 6.313251833272817243e-08 3.954397996633253163e-08
5.258440110245429852e-06 2.993971539309930453e-06 2.454332326652419188e-06 1.327141049981178936e-06 7.510824954072470064e-07 4.590587656462329900e-07 3.075613375699804497e-07 3.331897656887291885e-07 4.095182785012879458e-07 5.354728639441129014e-07 1.784555530390623403e-07
6.569708899145033382e-06 4.506768732206171487e-06 2.700422313289519206e-06 1.144261875688808333e-06 7.160269990933754360e-07 7.461756875154153664e-07 2.732364344690101484e-07 4.805788331589986535e-07 4.376403121347997483e-07 8.382951004973508753e-08 1.175426559422485948e-06
3.119147893738951445e-06 2.710904307799974565e-06 1.368261625211043463e-06 9.036016700425623876e-07 6.856955154744366951e-07 6.275357145777720623e-07 1.009257215213843137e-06 7.874049172454153215e-07 1.958644734574097373e-07 3.601534499026469302e-07 3.357566203732382438e-07
4.210146068710990530e-06 3.580870600588678120e-06 1.854976176030664078e-06 9.600523085023571673e-07 6.728446643876212948e-07 5.238264130617289662e-07 3.299927704810200532e-07 2.217265977487637364e-07 4.977193513575897959e-07 4.578278975709970449e-07 1.957207821598689052e-07
1.334040994279076885e-05 3.483572307625424997e-06 1.722381488939397013e-06 1.029347021909178308e-06 2.179314086397633790e-06 9.974836857322777531e-07 5.235684748739678993e-07 1.761449868816320417e-07 1.151791580739520173e-07 8.951143990662444572e-08 2.295213818554659742e-08
1.135023179328207447e-05 7.700158349514338719e-06 6.625302200075687741e-06 3.058382200097543501e-06 7.179849100876235974e-07 6.492324771865413608e-07 3.214085528498026449e-07 1.008210800037221741e-06 2.674700270393330776e-07 8.439546635409150126e-08 1.292981315212601280e-07
2.212528858892818321e-06 2.067753239918434668e-06 1.659211619680746234e-06 1.003412664238629284e-06 5.843954698347628745e-07 3.995690079020046659e-07 2.681527669022793517e-07 2.315902539152314766e-07 1.665123283134444902e-07 9.111951167624478383e-07 1.522227418548617678e-07
4.263000267735611592e-06 4.650582502655219207e-06 1.586344127247784498e-06 1.015386185218063358e-06 8.906840207659615742e-07 5.055368733935391289e-07 1.283596355400943356e-06 6.152961096771646498e-07 2.984792713349219749e-07 1.145006921503529173e-06 1.961640988699862632e-07
7.922033329537463381e-06 3.374268766498176945e-06 2.488722260929619354e-06 1.884839133069569900e-06 1.085824216423742008e-06 9.823006320548200429e-07 3.478709302224279828e-07 4.236673231399927466e-07 3.514440754732308897e-07 5.603911034187721179e-07 2.970461798537170291e-07
1.504324854465974098e-06 1.025700777011510482e-06 1.115034616527624144e-06 8.758041416528269608e-07 2.815918798353759300e-06 2.980116499058956020e-07 2.472833821101116502e-07 2.824634983226602998e-07 5.391526639900661921e-07 1.318080622994614185e-06 1.138920716925895963e-07
5.208903762694683164e-06 4.238821323015251175e-06 2.081978725669502828e-06 1.034670951347211718e-06 6.861299072024215486e-07 4.044102503054134123e-07 3.030537807867807452e-07 4.757246392634032325e-07 1.378033010769508388e-07 1.448850457784437342e-07 1.020803223871698097e-06
6.356254793888172748e-06 5.004131047623048368e-06 4.588209465362612575e-06 1.115826632709958259e-06 8.283930613592933847e-07 2.181406216303115486e-06 2.985527957442431805e-07 2.163202002647178651e-07 3.631062748871506085e-07 6.831578134129506559e-08 6.214930900947903198e-07
5.112760689693211349e-06 3.145181668693811853e-06 2.513692564599351926e-06 2.161608331192520026e-06 1.277648755154658891e-06 4.138839604988305511e-06 6.546423092354698678e-07 2.612828307885505267e-07 5.016359606446291239e-07 1.503175305776398876e-07 1.640447754852573397e-06
9.991844938204266603e-07 1.252482417592649401e-06 5.784415698196160366e-07 6.087802159564623132e-07 5.549761966217140593e-07 3.853406782118689922e-07 2.359590003658096828e-07 1.866998456714843543e-07 1.503175941384731507e-07 1.350617051104987143e-07 3.755758292665163122e-07
6.065691434216201198e-06 5.401130884220463679e-06 4.894956049287702212e-06 2.059599440828544150e-06 9.286134877731618257e-07 8.041854302538141066e-07 4.147217987713710489e-07 2.446541103963050540e-07 4.457330693711812432e-07 8.975389368944103128e-08 1.698773027145411026e-07
2.447699028800365404e-06 2.162808946458634794e-06 1.817188713751328149e-06 1.309341837166258105e-06 9.988573194162634905e-07 5.504085374950558210e-07 3.905791721246442415e-07 2.221548709556670119e-07 1.951548200872406200e-07 6.704996223219893118e-08 7.423266454246603485e-07
3.347013337826822198e-06 2.375891330667152884e-06 1.925622224884731394e-06 1.235016890778556791e-06 1.252791668012682571e-06 4.811012872956740947e-06 4.395091220144681574e-07 2.141090828821922076e-07 1.458274678724885102e-07 1.403746036341637478e-07 4.762192178580347709e-07
1.589807786956810411e-06 1.213207574020934667e-06 1.016913124015301142e-06 9.615036586043943858e-07 1.828962160581219544e-06 4.133763954358116982e-07 5.642878769380758638e-07 1.710953667165156779e-06 1.807299325700693160e-07 9.235799050123878984e-08 1.158296609084547967e-07
2.948600822172199089e-06 2.483675591676594364e-06 1.798363266864027135e-06 1.067598533699963493e-06 1.646019244228700936e-06 6.254381446483100824e-07 4.909114062502597072e-07 3.703586395037689563e-07 1.883136175463621533e-07 7.192642180152392852e-08 1.471198600974764241e-07
2.763229278936327772e-06 1.678458827973005530e-06 1.235057437405767867e-06 8.170355077969607233e-07 7.754705955059789255e-07 7.030346904808072764e-07 6.223918175526812988e-07 6.419566338205669540e-07 1.467474574015028819e-07 4.418143527879800018e-07 7.825200919784747865e-08
5.408756894173297339e-06 5.067152648864885568e-06 5.526223100507447344e-06 1.751543445421797237e-06 1.148109602573713799e-06 4.713818404102114196e-07 3.397872412570964144e-07 1.554912239428977415e-07 1.627894225316573933e-07 2.166640794063214227e-07 8.734119294585868603e-07
1.884707849509926883e-06 1.136641894926769433e-06 8.125011494089945060e-07 5.143690036264123132e-07 3.523506376814670002e-07 2.816441251527076069e-07 2.232696510052291494e-07 1.361498356773785959e-07 5.328161879295220596e-07 5.616351021944542130e-07 1.398928467648153944e-07
2.595847991501190995e-06 2.427266352702971229e-06 2.164370131055972939e-06 2.013034728609713604e-06 2.177456063698733866e-06 1.235816687233278760e-06 5.091526408484504280e-07 2.771419890413612748e-06 1.550912466062137127e-07 5.489170272371886373e-08 1.233756696766357225e-07
4.569701593977541043e-06 6.852070212136823721e-06 5.286970811401505949e-06 3.562056874680334115e-06 4.061501676076537617e-06 4.898968676859871321e-07 8.037557465879016592e-07 2.466407760273003478e-07 2.779599753258294848e-07 8.727338663838366612e-08 1.979609428094746425e-07
6.564202693383783539e-07 1.295897552408140249e-06 8.451969249738350865e-07 7.436402302208967637e-07 9.984405736383119056e-07 6.828838294483422192e-07 1.574239628730621259e-06 2.600512465953594171e-07 8.574826573101353723e-08 7.864099821323489508e-08 6.333816371297610338e-08
3.226623818052236472e-06 2.882015009940573994e-06 1.599089389552991192e-06 3.393902813194697891e-06 3.620578580813014327e-06 2.248613968429259579e-06 3.012643923100527405e-07 1.516281773328185081e-07 1.465752029439609842e-07 2.054614763988543637e-07 1.865610218334809662e-06
2.840158004389741936e-06 2.307513873971717641e-06 1.368588951901882521e-06 1.150174967205812013e-06 9.110674057219571785e-07 6.794905891407319542e-07 1.040784745387682202e-06 2.774477890402651003e-07 1.222394442564781448e-07 2.363670086336091698e-07 4.900952410699615031e-07
8.216583517070416025e-06 4.376557477380743390e-06 6.037091308907868968e-06 2.536245171357584298e-06 1.133655255851196373e-06 1.754919280557745337e-06 5.037246980306595839e-07 2.366720340786032621e-07 1.198853555342056094e-07 1.257147171602157429e-07 9.998356013612814315e-08
1.734267910192436906e-06 1.453852131425249569e-06 1.139890391529680474e-06 1.568611884441767301e-06 1.301684231682204824e-06 7.276407964133069722e-07 1.632900614503676040e-06 3.316863346697187397e-07 1.716469569477485537e-07 1.919117066649229783e-07 3.504369796595343228e-07
4.194868179177569761e-05 3.220642769377421189e-05 2.312546998753434014e-06 1.888597125768640323e-06 1.804994636585311943e-06 8.612402537491606386e-07 4.448818009626073788e-07 9.831257812067120228e-07 1.830456287628807109e-07 7.442269777047269986e-08 1.390966442533988765e-07
2.840941697157376328e-06 2.200557346573061636e-06 1.420824699541099191e-06 8.825456316840853597e-07 4.113891531337924849e-07 3.055769147700351539e-07 2.285260247458147323e-07 5.398625413069928750e-07 1.461755050291712613e-07 1.353053529021734971e-06 8.855126918947648557e-08
1.550896059786331438e-06 1.302090293274829831e-06 1.492895410062309233e-06 8.193696155885085828e-07 1.042522318873572433e-06 1.640331080151444275e-06 3.958917660289122327e-07 9.002467754238071438e-07 8.793760544509220225e-08 2.586388527352078262e-07 7.170365469209354184e-08
5.090971105366485478e-06 3.732138497106303496e-06 1.757836446786096757e-06 1.202381787694820513e-06 8.096719744929727889e-07 1.526038696656872628e-06 5.292400778150463968e-07 1.366133748897095726e-06 2.155074525933447504e-07 1.216920130349551931e-07 2.177233215370243115e-07
1.804721475921753039e-06 3.395058696802620465e-06 4.457550217492669555e-06 7.001161666893827125e-07 5.876031865853736807e-07 6.569780052655391777e-07 8.358708621030888694e-07 3.251671562149757438e-07 2.228902370150586763e-07 4.698035622432986620e-07 7.575814655760795270e-08
4.396577198408060716e-06 2.409617264334752213e-06 1.968638759162818555e-06 8.821709401110446820e-07 6.020350746053093130e-07 5.219430276242466021e-07 2.796047423688789692e-07 2.046486344167459978e-07 4.264278029432349872e-07 1.252378800737014097e-07 3.823279496831294723e-08
7.723839975323975191e-06 8.957719049885418550e-06 2.339608297399537752e-06 1.899118133458719777e-06 1.078516170487192733e-06 4.497573889501161844e-06 1.003743916561003769e-06 7.649867456595073381e-07 1.355282156203956570e-07 2.204782140963919319e-07 1.364268617396458257e-07
5.195636470645791698e-06 4.517840596499602537e-06 1.756140756093045130e-06 6.275285656363954318e-07 3.200759309460795780e-07 2.662297164588343572e-07 2.040723246878339915e-07 1.386234386208070806e-07 2.374055035219090902e-07 1.019671859835530973e-07 6.365105299029256470e-08
1.719776536493591555e-06 2.005417643555390233e-06 1.248751026270603334e-06 9.442968884192765899e-07 6.519641115267564553e-07 4.220902481424339264e-07 7.012438019457141073e-07 2.648424707944147785e-07 1.274803542709989678e-07 3.975202677586673909e-07 8.692042359165553051e-08
5.714811719795058748e-06 4.656979163243343628e-06 1.878399289691865988e-06 1.588596996979555096e-06 8.958119862470038372e-07 5.215796423717032177e-07 3.916508946526029964e-07 2.549626221515881761e-07 2.355794166572373433e-07 1.929510496209747933e-07 8.987318121169424110e-08
3.647470071395919481e-06 3.203971792736415849e-06 1.730541558696319498e-06 1.918289417120913487e-06 1.410359870865186758e-06 4.847473192165938539e-07 4.382491009398424675e-07 6.187944648452103882e-07 1.563623953640248079e-07 1.054623523806114504e-07 4.869807922490836947e-08
4.810641605449724720e-06 8.342110212534493375e-06 3.027417984151799348e-06 6.847244672514560348e-06 8.811359994188043823e-07 4.423725191736511135e-07 2.461312014835423734e-07 1.717908625584799061e-07 2.232366265337972739e-07 7.547599612759419012e-08 2.181985682957711751e-07
5.753507934031056712e-06 3.762631293014724499e-06 2.068361849406944655e-06 1.235176247617350399e-06 8.770848670569924953e-07 6.119715307702403956e-07 1.263077246983950814e-06 3.803093153654909039e-07 9.520153039119423583e-08 1.046382316622253975e-07 4.130882061935100823e-07
3.051866605458195528e-06 2.449628640033560652e-06 2.824649828228191036e-06 1.577423512167963332e-06 4.860134696200015745e-07 5.152173008948059530e-07 6.430097592289963743e-07 4.115761262299936513e-07 3.249493951110580735e-07 6.645707470094514957e-08 3.945054409005820319e-07
3.730986876374598392e-06 2.462701710039781543e-06 1.958117608116303413e-06 2.621140554812466514e-06 7.654501294527920035e-07 4.034895261839467534e-07 2.639407844888674102e-06 2.974578245962973372e-07 1.620535726314562717e-07 1.024978032173249993e-07 3.887180527803859105e-08
9.201370542208632453e-07 1.065167434504509987e-06 5.871882412867636808e-06 1.293311436571589426e-06 6.883655493630767716e-06 8.674352309096250280e-07 3.373235916924379553e-07 4.683027397447757558e-07 1.942580575485975508e-07 2.126283270974497491e-07 7.372725230363017978e-08
3.384506664436520956e-06 2.734411891284077555e-06 4.149689753140581046e-06 4.174322209882817957e-06 1.024867814895658200e-06 4.611279351647596880e-07 3.249966203620233968e-07 2.887468981654314228e-07 1.345876453841871422e-07 8.742350453443099436e-08 1.748640689620343245e-07
7.667613313545968197e-07 1.612265359554835191e-06 1.962532504135126335e-06 6.205286609232639222e-07 3.663509838711123607e-07 2.265276821957343453e-07 1.625201254047147035e-07 2.231475506330721233e-07 2.290397969298695329e-07 3.023620776857716178e-07 1.080387938463915934e-07
3.205620995574651600e-06 2.471075972759522184e-06 2.230842960144261438e-06 2.043859129803674075e-06 1.747025348089942200e-06 4.154289849624382502e-07 1.929929921180441101e-07 1.462787549602559639e-07 1.655023272337705753e-07 7.342615571196675924e-08 3.118507629737445114e-07
4.145623929080782001e-06 3.050780569273153519e-06 1.900735795250341440e-06 2.423282829498167204e-06 1.281139340488398864e-06 3.324014941616007412e-06 6.409032915528432128e-07 5.979490553082425859e-07 3.272874232901814542e-07 5.975813962454531709e-08 5.716263790565769945e-08
6.189799373828910427e-06 5.694171549253187116e-06 4.207742282932083767e-06 1.788094099883747761e-06 1.994325247329824368e-06 8.743116395907347683e-07 3.186154348437977419e-07 1.591667396175031300e-07 2.122141082729242511e-07 9.889483546466080471e-08 2.209182324736475507e-07
8.234349865145539768e-06 5.650030066700588274e-06 3.029253260841845946e-06 8.529848156926183133e-07 5.959700994196198548e-07 4.015180316387654548e-07 2.498744326623112445e-07 2.067697818712510131e-07 1.412877977350967946e-07 1.365561887896993144e-07 8.086745825728270997e-08
6.992266056064530845e-06 4.798323661313395878e-06 3.533612940532414278e-06 1.955581365956520023e-06 1.228620888685153031e-06 1.205439558794162909e-06 1.233179321208722425e-06 3.966584757758907889e-07 2.555601970839915952e-07 1.269979373931611353e-07 1.137612390895186924e-07
2.228827553728215451e-06 2.436129237771074767e-06 1.771225899673547589e-06 1.391047199037995260e-06 6.564549397103772057e-07 4.450636476011358258e-07 3.002511127289945276e-07 3.654687987757104275e-07 1.789583575293836324e-07 7.740809851338513293e-08 5.420477066197802046e-08
5.882106984570860296e-06 3.737334507556309335e-06 1.583826861664008302e-06 2.036627377780478823e-06 1.002920204453515187e-06 6.733511839013376399e-07 3.272732193418226030e-07 2.217348412411437674e-07 3.374718726034632018e-07 1.276733449806039401e-07 6.066257170918406600e-07
2.568630947754269274e-06 1.728289533115357284e-06 1.806613103109945282e-06 1.114538067717638079e-06 8.047226488942735555e-07 5.449997145341167333e-07 4.831237324128154691e-07 6.301979736872296707e-07 1.813763502095535636e-07 1.886294999544293115e-07 6.589885203093055204e-08
5.256557995016412091e-06 2.806137653546123026e-06 1.224236162659634276e-06 7.040536878742599631e-07 5.032651537568954327e-07 4.169344304881744602e-07 2.218103462116645809e-06 5.486687574022237525e-07 1.143022014752364390e-07 5.722445771879418416e-08 6.108409075021180246e-08
3.034329689807680985e-06 1.886177455378221915e-06 1.207232869497438491e-06 1.331046478180630497e-06 6.998573786000693075e-07 7.508753094769722874e-07 5.117638199380523096e-07 2.612712836038763687e-07 1.369192838924359821e-07 7.107146362884066170e-08 3.314570962104949721e-07
3.515141709922148697e-06 1.594497084455145691e-06 9.533412923634425813e-07 9.498834243667112803e-07 5.507998060900547627e-07 5.604015522424988431e-07 2.927048721587998428e-07 5.072067139583334881e-07 1.477066053544118566e-07 1.263555700096953759e-07 3.462279722027661212e-08
3.712798780564085901e-07 5.278204889676117344e-07 4.903607594411323819e-07 4.006383344253321528e-07 2.503785939032656920e-07 2.136869878166709508e-07 4.502930813286427453e-07 9.945901933294071688e-07 1.886073495092179022e-07 1.948120961099565913e-07 5.916034853645848373e-08
2.709161366428084178e-06 3.788102203462518784e-06 1.798367658905685536e-06 2.050579034750839517e-06 4.911620995758413760e-07 4.189355616048804774e-07 1.123730825104998250e-06 3.266733318770887063e-07 3.480606865653145617e-07 1.082145190694784818e-07 6.626241622060631812e-08
2.049326400806107768e-06 1.148339827826116136e-06 8.234089197516858189e-07 3.581147269701262761e-07 2.645296832624295628e-07 1.895047554649848640e-07 1.428873708527574802e-07 1.136863155513943422e-07 1.027846829161594928e-07 8.527318739621669641e-08 2.942958732804916182e-07
4.428026987420901215e-06 3.105140191323232777e-06 3.413419513918917837e-06 3.445563162794231963e-06 2.027945493864275421e-06 2.290421122038998970e-06 3.522705932673139079e-07 2.708152719909635224e-07 2.299934816873954912e-06 2.853405486518299847e-07 3.604057603799120986e-08
4.098285523628003255e-06 2.290409944703404312e-06 2.171290359384330759e-06 1.321504437851046477e-06 1.728183571955795621e-06 5.964606385709842416e-07 2.810866731533381487e-07 1.687993851625883136e-07 1.108695321796284996e-07 7.137936159944714978e-07 2.005312347260988631e-07
1.519696194150434739e-06 1.169867156713886448e-06 5.885514196938373227e-07 4.586996476344831991e-07 4.238683992140012981e-07 1.348912191407138225e-06 4.017436407038957795e-07 2.015733529454282988e-07 1.563717326584716601e-07 9.621275006977232308e-08 3.549611207706316836e-08
3.519051123977058169e-06 2.124869231074220902e-06 1.590281020970853935e-06 1.184202653680518570e-06 6.957242197501186572e-07 5.009593246678450233e-07 1.838411422267255180e-07 1.732047653856136180e-07 1.362925847844587999e-07 1.501296478023130206e-07 2.850830478743709862e-07
3.290595647832230918e-06 1.676759549444451415e-06 1.441569624507815968e-06 1.124830312639144236e-06 2.858834675222010884e-06 8.083811825327380794e-07 1.615853543965941121e-06 9.483923578167611654e-07 3.987478290399875850e-07 8.424786246776835016e-08 5.174767161670476532e-07
3.252729650169773763e-06 2.571325311312196725e-06 1.779963924816850733e-06 1.343885252766134135e-06 6.759005738902161937e-07 3.712076863587025418e-07 4.353247629713553336e-07 6.792916298716670176e-07 3.170968719348027452e-07 2.625663294189977372e-06 1.026762699665316495e-07
6.888014946336626732e-06 4.669843396856705252e-06 4.673459058782143181e-06 4.112222148390521651e-06 8.461160849709015016e-07 2.386681721910731549e-06 2.155737217395622165e-06 2.496189393296490207e-07 1.020342890914942773e-07 9.417252312512727618e-08 3.772846460526187913e-08
5.485934583390528827e-06 8.327802502452746829e-06 2.271385758406083030e-06 1.491402681845676118e-06 1.522541473893125539e-06 4.265765989480316031e-06 9.802981048828830488e-07 3.092184328696411453e-07 3.756629344631814573e-07 9.632151799809400951e-08 5.020434998998837810e-08
3.909568866652804213e-06 2.689337263873439613e-06 1.514523235124996832e-06 1.334689388683867878e-06 1.312226511720499395e-06 6.364724018722099726e-06 7.794524522105070721e-07 4.212312659856101350e-07 8.405613569712242293e-07 3.073722145549791665e-08 2.676707239337977642e-08
6.221876126646517903e-06 6.943637887786466494e-06 3.867809192124945768e-06 2.157453970794454423e-06 1.104948458163353714e-06 6.237178934479423190e-07 7.068323151962254166e-07 2.026129725824489119e-07 1.595231667323538564e-07 1.018410584463337583e-07 7.467298071168022220e-08
1.597284623131911996e-06 2.105309148079710171e-06 9.661159731570998111e-07 1.018103041070271294e-06 8.930991122289407550e-07 3.820131105323369367e-07 1.978858940215950142e-07 1.936405604271977834e-07 1.351580377657094201e-07 6.849393628738318845e-08 9.446368812438926108e-08
6.417523866882403280e-07 6.821702714332815495e-07 5.490515418661782621e-07 4.045009266196960008e-07 3.192078297232318529e-07 6.537634123561101621e-07 2.059608277738911046e-07 1.240493714615461589e-07 4.862051342339441355e-07 9.440881239384574477e-08 3.366824597057375757e-08
6.722660026809349797e-06 4.744609514494778901e-06 2.317891021313759436e-06 1.367066185161134098e-06 7.228169122557464891e-07 3.642559668273039259e-06 9.557953988013622586e-07 2.566327000362672405e-07 1.216082572311910969e-07 5.629210944050470911e-08 3.954781811708595264e-08
2.164426069272066976e-06 1.921249349231773304e-06 1.812786342201704208e-06 1.595977931689361933e-06 1.337355309127909475e-06 6.861236377244292330e-07 1.544422229265371023e-06 2.843726838081256961e-07 1.724020990701935667e-07 1.094789752596796676e-07 4.318805222796132663e-07
9.421310244232600548e-06 4.098951226767312695e-06 2.880587557361447666e-06 1.613543656808541714e-06 2.016736358848774092e-06 2.370062644827494429e-06 4.320266517674306033e-07 1.036543242186899405e-06 1.357006430721345665e-06 6.763913455898025332e-08 1.393005291837718677e-07
1.268933321416184025e-06 1.027319065473369776e-06 4.407459641150587816e-07 5.944119594834486597e-07 4.246258006570531674e-07 1.943339348695690500e-07 2.003160795875523189e-07 2.692212056683263082e-07 1.634367291258862808e-06 1.915769256327994301e-07 3.236868720692288937e-07
1.010962064111628022e-05 5.502654562223756440e-06 3.599111325357712054e-06 1.635170488518090158e-06 7.115957113110752838e-07 5.359911510095847239e-07 2.706337697147575251e-07 1.609269366059767690e-07 1.620664939387517975e-07 1.492996666407403225e-07 2.124949063944366689e-07
3.683409118302294203e-06 2.986363322451017140e-06 2.821770603646176883e-06 1.480707496915663525e-06 1.261723740413917962e-06 1.188914853698272731e-06 4.465864022440348527e-07 4.711215270654936262e-07 3.591773464661133091e-07 3.968774202944995939e-07 3.261929813968580293e-08
1.039223621489905737e-05 7.370193804891854692e-06 3.149562215912674753e-06 1.514121826438527183e-06 1.082878539145488087e-06 7.321357211811251108e-07 3.492110104609533175e-07 1.741056818383423809e-07 1.541572463650464917e-07 2.096809608545437973e-07 5.665951603556954425e-08
4.764607657619902139e-06 3.520804473710240780e-06 1.739187448763469129e-06 1.024680377641716798e-06 1.635166598291421888e-06 5.571261291240886858e-07 5.654243730014507799e-07 3.173935599836553430e-07 1.948131726832056851e-07 6.315184256408217808e-08 8.322839013950490477e-08
6.327964293316765105e-06 6.345711981905566546e-06 7.936113964667248897e-06 4.125416765867529520e-06 7.177935649066995182e-07 3.186337211586447579e-07 4.021052128467008453e-07 1.033854899798832478e-06 1.706668880672742084e-07 8.637656748795275553e-07 4.593933015644753917e-08
9.263561675282728073e-07 1.468879308917586702e-06 3.766813708535434774e-06 1.385062878083990665e-05 1.260905868070680637e-06 3.442120391909946217e-07 2.485641643073784239e-07 2.243680748186694583e-07 6.127141152007644210e-07 9.808007407081301902e-08 5.169104154277173048e-08
4.577347067489931424e-06 1.478762966525679077e-06 9.361416969717781115e-07 4.979184102450666466e-07 4.282504841130272778e-07 2.053041599615839006e-07 1.632913826002506513e-07 1.212110786823040486e-07 5.439860011398530161e-07 4.422871279890053366e-07 5.462813065080294819e-08
1.411217335125803266e-06 7.974523088238440357e-07 1.015929095778864654e-06 3.023172449722888438e-06 5.448647671965926983e-07 5.312026262981693505e-07 6.259585849794948448e-07 3.670261348477572962e-07 1.732807235921373103e-07 1.093760668120618692e-07 8.472148272786915885e-08
5.499048495403239819e-06 4.380958137979332864e-06 2.518980217709296563e-06 1.622951191990336989e-06 1.323428360281035651e-06 5.026377267494171383e-06 5.939085612083360883e-07 1.691882584146110096e-07 1.002880186192958636e-06 2.365074134313715172e-07 1.608095032798796100e-07
3.339583734079726384e-06 2.852978220797574928e-06 1.255183702877125939e-06 7.686793808995995994e-07 5.528952806366639093e-07 3.629380053239751291e-07 1.421688899251491438e-06 4.931452933430415314e-07 1.312707699526014896e-07 1.040129490238181893e-07 5.036798277894342855e-08
2.356925321182028323e-06 1.992799828426306615e-06 2.655864394665698087e-06 1.866816808055650539e-06 5.905726067847896349e-07 9.597227073443847430e-07 1.215165204320641796e-06 2.759533657127258778e-07 5.693711310086216263e-07 5.358893948623114513e-08 6.393412875364622981e-07
3.461273602914378804e-06 3.013658269153349143e-06 1.855000567426560147e-06 1.412186250597206188e-06 1.571500067030153144e-06 4.655754205941504931e-07 2.676172158755769178e-07 3.550036097837026809e-07 1.817521772341930744e-07 7.830351560918312956e-07 4.918611170181055812e-08
6.420580901006916928e-06 3.315129123383322757e-06 2.495062461452314889e-06 1.874516481387711729e-06 2.727359689910673625e-06 7.799385313361752531e-07 3.001325251216805469e-06 3.620451791355990407e-07 9.095092235806454362e-08 1.252861757937879803e-07 8.956978206252513064e-08
6.844243867542139666e-06 1.014099556418225055e-05 2.205697609216746434e-06 5.218148838891661826e-07 2.888911210327686654e-07 2.610797102581519910e-07 1.644580487956962835e-07 5.930930110665191278e-07 1.598241619710830307e-07 8.655281837520010868e-08 3.822301601707993765e-07
4.572511528147998835e-06 3.315826280158033179e-06 1.924068139482357386e-06 8.633540255698820208e-07 3.096282780691865520e-07 2.853281057686306606e-07 2.343594760633208684e-07 1.508753814266165306e-06 1.578926771428757070e-07 1.131884048719527663e-06 6.205897299342838226e-08
7.466650351435181828e-06 7.489447605235024141e-06 7.163120015607917607e-06 3.324126779766013310e-06 1.497667209116219515e-06 9.183159405422662276e-07 1.532319926718023896e-06 2.488117486245776940e-07 1.967957694769000832e-07 4.912184182120043455e-08 2.500700644040287824e-08
1.474360705902162396e-06 1.395189197531069422e-06 1.419042998876832840e-06 1.005413725645094007e-06 8.757795003495335560e-07 5.957416356123165322e-07 4.319489731792747154e-07 1.273346243839010679e-07 1.274715464763967264e-07 2.337719344453510070e-07 4.229676010948584401e-07
6.170797442711165579e-06 3.520647090833266699e-06 2.074802504563161503e-06 5.881193134670146623e-06 9.287726913312569489e-07 1.321052445673817160e-06 3.586398202213762657e-07 4.573542697171951083e-07 3.181047162182732742e-07 4.317264182923352949e-08 1.901802806271847347e-07
2.412269456211273654e-06 2.435127550777715981e-06 1.977681379332166549e-06 1.399387847665126354e-05 1.267496580762313793e-06 4.703282151514391019e-07 4.297217549925709117e-07 2.466082716954786096e-06 1.702278651101691491e-07 6.950040106877270180e-08 1.109407850441642994e-07
4.503433840933578419e-06 4.481603589143659115e-06 1.436024758830340000e-05 2.091357568711034422e-06 1.616375093423180267e-06 6.659729975929199326e-07 1.430513133188126652e-06 3.070549415224986958e-07 6.840940654702531133e-07 1.633567105504734138e-06 7.602222409791593271e-07
3.287094308134765422e-06 1.082193310578437179e-06 7.267957942840194240e-07 2.859896073609267068e-07 1.961496871622641915e-07 2.478825620738938800e-07 1.644857778524047174e-07 1.448897381603343355e-07 1.527041047345633786e-07 5.745708585815257366e-07 6.240668704439234865e-08
3.207247329339314651e-06 2.425474892382179027e-06 2.123329554035905216e-06 1.680333825926763964e-06 1.699874472934468727e-06 6.551366872240337309e-07 7.796171995509158863e-07 1.585366155532482964e-07 1.211879142974709751e-07 7.068825668568057535e-08 2.976604905189643388e-07
9.120944069559230080e-07 8.717053146993899796e-07 3.899459568106843439e-07 4.407283005124524753e-07 4.058874073634964676e-07 1.043808097179927910e-06 5.052116322132121685e-07 6.363551570278653954e-07 4.502097460971532343e-07 6.079361293116915709e-08 1.419070480595805260e-07
1.625489339704735134e-05 6.461678698551861365e-06 2.819362841231799298e-06 6.502859177600349282e-07 3.904041486417517735e-07 3.057855608719208148e-07 2.288924042420882554e-07 1.847879051096341474e-07 2.439378603713184574e-07 5.669141224946399468e-08 6.502091618496292860e-08
7.475919641857295028e-06 6.098042182575515494e-06 5.391193338291129798e-06 1.552755893241059614e-06 8.778022817098101170e-07 7.014276508397387233e-07 4.637534859932307241e-07 1.053319184626405921e-06 1.825579032719500704e-07 3.004113251468951704e-07 2.533133308537423937e-07
4.836646086743269808e-06 3.504560276707981244e-06 1.328788015320252703e-06 5.956892009210143588e-07 8.085671488299929978e-07 3.597799464361994410e-07 1.289181620018224874e-06 4.864040127504944413e-07 1.746044086995795102e-07 5.724234502170064077e-07 6.366698657281076779e-08
4.119258391439093451e-06 2.954124881881474322e-06 2.711733576426239736e-06 1.420796887940568732e-06 6.440970746708529306e-07 3.730461738530112624e-07 2.257259912732301834e-07 2.267696217441665265e-07 1.273683066654742875e-06 7.505191065076949117e-08 4.082762334446052191e-08
7.076453603498042953e-06 5.409720141948775328e-06 3.297354527716206888e-06 1.663936344517760941e-06 1.186793560081098691e-06 4.659276948417344815e-07 5.303875392583806703e-07 2.406841596599742516e-07 2.229576716074692671e-06 1.034016705029604042e-07 2.079537851088941303e-07
2.939231760647702981e-06 1.777050651420921085e-06 1.231199947572242416e-06 8.200858408443483599e-07 6.581405789518881300e-07 6.566559812278289775e-07 2.327041589473826318e-06 5.130510193030513375e-07 9.759038114247326583e-08 5.383081383985096551e-08 3.023146925787519755e-07
3.180287925008595368e-07 3.120058856793133839e-07 2.983396125641438270e-07 3.147215663546473660e-07 3.015041157549345169e-07 2.852872690502994388e-07 1.794263403722203145e-07 1.182922674528906370e-07 8.219164713428348390e-08 5.634470347992027905e-08 8.427691372070148671e-08
1.385731082867776800e-06 1.150704479599130646e-06 1.361125146879019804e-06 1.079711640469533118e-06 3.814628488530895979e-06 1.293652644028016623e-06 1.622218456880693336e-06 5.994815586884039577e-07 1.430058618578567600e-07 7.401537124534249810e-08 2.626499417728509635e-08
2.337837041405118800e-06 1.588129365669367992e-06 2.058386379150671800e-06 1.427837321663283419e-06 3.789934974502423886e-06 4.290448465453901641e-06 3.252309575934972309e-07 3.325652912824169681e-07 2.534723917034325901e-07 1.291777287633305143e-07 5.773048806938595937e-08
2.131551910559675212e-06 1.696817116240949577e-06 1.681541419332707891e-06 9.514775388170926190e-07 1.038392699138328282e-06 6.253415983413200653e-07 3.102994855333974560e-07 1.657360305211048060e-07 2.607530496892738001e-07 5.638232671043732342e-08 8.008245261905937691e-08
1.190524303260421167e-06 6.741043135719494780e-07 3.808265255693468508e-07 1.027894618132613911e-06 4.377173852429986862e-07 1.667990546957569070e-07 1.627901712003037594e-07 1.882218842616114783e-07 1.446412956361814751e-07 5.513729547738918924e-08 8.927913323188776798e-07
3.804817108651624555e-07 4.299274191304219975e-07 2.362661177603461202e-07 2.678140436304021689e-07 2.652423935334567013e-07 4.391925948627640336e-07 2.140804147456255687e-07 3.039877436662821807e-07 3.717200399888241766e-07 1.511380742391392554e-07 1.613750696551632422e-07
4.995515551424437247e-06 3.404108472138656298e-06 1.110874157772489587e-06 5.904769724107527509e-07 4.889071519029937574e-07 3.137942431877507740e-07 2.963889986502245647e-07 5.114691436654710924e-07 1.885682706559615826e-07 3.195717669568677056e-07 9.222443934318810620e-07
4.424338085652119780e-06 3.452337137499463036e-06 4.544971872306316900e-06 1.932279885659463319e-06 1.124673808729629596e-06 9.056523620031301624e-07 4.897856082083986361e-07 4.868610722622738831e-07 1.083506605273390087e-07 4.815974927664824491e-08 2.716828314978995130e-08
9.609230272936137803e-07 1.072171690361238470e-06 7.510268753606239221e-07 4.192175628181670850e-07 3.568952109669493220e-07 6.492058667657126627e-07 7.541308641977240138e-07 1.920996770066686367e-07 9.687067831160269970e-08 2.293459301245084751e-07 1.067797073813666615e-07
4.751691684025844327e-06 2.739985495434068416e-06 2.225623033581795946e-06 2.768391845022061395e-06 1.393508676496049179e-06 9.169319696277716807e-07 3.342302683052299787e-07 1.872896120714211567e-07 1.195472001566465568e-07 7.276337114149395237e-08 4.777916920059084673e-08
2.499684576705931582e-06 2.392426647411884544e-06 2.663334435963687656e-06 1.771611108094023796e-06 1.610021890610159588e-06 7.874889006275142469e-07 4.982285119967044437e-07 6.061585000633716512e-07 1.484503093632458096e-07 1.002408057036862510e-07 3.889373106058903535e-08
2.881515051903879371e-06 7.842805394856176227e-07 7.792996908116693587e-07 1.517453411738087528e-06 6.913503399619903718e-07 4.181321170134642265e-07 2.342321685729105894e-07 2.207916783184766120e-07 1.128301513537536526e-07 8.948882551120426441e-08 8.773785192390338756e-08
5.388578850959300916e-06 3.262428934397946689e-06 1.544716129588022307e-06 2.188958640418473687e-06 8.342188610834506512e-06 4.534633441879885791e-07 3.297965195056683204e-07 1.306769264320483411e-06 2.509240718559143229e-07 1.128397318958446504e-07 2.646830828944599315e-07
4.835641609881978537e-06 3.935317151516737848e-06 2.568731520491445612e-06 2.432015651224495801e-06 3.867046967155200369e-06 1.522764633988724178e-06 2.149638231536517034e-06 9.445123531392088499e-07 1.180969894466188755e-07 2.256024702396432977e-07 3.226946459434559368e-08
7.129341721455617873e-06 3.756096524918755053e-06 1.707573168893509262e-06 1.101265080294805272e-06 7.307332410483586298e-07 5.778891365464201976e-07 4.996699073412397765e-07 5.111526438925444774e-07 2.195593511020579313e-07 1.377541828043112018e-07 8.611848533003119725e-08
5.878598453161940978e-06 2.017024422514168854e-05 1.964098750520823073e-06 1.647059211026391035e-06 1.410516058220352552e-06 1.053666149171772238e-06 3.242081319081493514e-07 1.820207371841108015e-07 1.361883775943463359e-07 9.345305198823389161e-08 8.178505158464820019e-08
7.601343239312709537e-06 5.550126959249568605e-06 4.388980375210959797e-06 1.005489592140065251e-06 1.850485610355830076e-06 4.765186788156834143e-07 2.856428013412957315e-07 1.834749857313971925e-07 1.090153025257689385e-07 5.952589627644164948e-08 7.054248724370885265e-08
5.164400210919315109e-06 3.235210415616296242e-06 2.548166731593473350e-06 1.068566158373378349e-06 5.696404798520266312e-07 6.953401273647681896e-07 8.568514767761937360e-07 1.509018120616490595e-07 1.039992060115698975e-07 1.057896693200153738e-07 8.402885851900031927e-08
1.118906764145832104e-05 8.618930070870982587e-06 1.431276891402132924e-05 3.326577573762941115e-06 1.937101708219435641e-06 8.485977804006784626e-07 4.197183350363975328e-07 2.098807585674021928e-07 7.239551275509343534e-08 6.436732378247393929e-08 1.427705658032370942e-06
6.627396689146152590e-06 3.913444301840276338e-06 2.123665113200106099e-06 1.816971075943998029e-06 6.994810221398734248e-07 4.495003545045128961e-07 3.113977786110110635e-07 1.948036509459527399e-07 1.327060106936997945e-07 6.631996715617144853e-08 7.885369397410915512e-08
5.722675636837893879e-06 2.795466207527764295e-06 1.951905553021031856e-06 1.093874795095297312e-06 6.315426433001082280e-07 3.875844722832875784e-07 2.702457262301266579e-07 8.035955865094241418e-07 7.434878494773861031e-07 4.612330726470799489e-07 9.332060290808023089e-08
1.956960720821388736e-05 5.995444789528988982e-06 1.281674662848839813e-06 6.729736404644272576e-07 7.014269414435032443e-07 9.266806868725905623e-07 9.072775771088431585e-07 2.297645839828056211e-07 5.769776119239867757e-07 8.301448916052439528e-08 1.984320199600332064e-07
4.058231210172675169e-06 3.862140504683109428e-06 7.612161683955635874e-06 4.388660620027692780e-06 1.160099994077030126e-06 8.181226328482404869e-07 1.074379337764906479e-06 6.336439621228175279e-07 1.009175915145481792e-07 7.775965641457904420e-08 5.274626235476887230e-07
2.599004426408786340e-06 1.704234565142448546e-06 1.324543774718336620e-06 9.081124525721279783e-07 5.730185734309813654e-07 6.034655818148969416e-07 5.233164591835198753e-07 4.206595742988071769e-07 9.493044445945258720e-08 3.004901787683639913e-07 2.042388715966769429e-07
4.721624369814904587e-06 9.347749041376728708e-06 2.101953506339676369e-06 1.629301397151378866e-06 1.088475113763119376e-06 9.466218854638170812e-07 5.499280637616487071e-07 1.546956988088524481e-07 8.357014368981708344e-08 1.000799512779521422e-07 9.186951226276305833e-08
3.162113144625230177e-06 2.230092794671940176e-06 1.634649813154862345e-06 8.428478079123768730e-07 5.796362480749455970e-07 5.262197175212526297e-07 2.988203778742045308e-06 3.373931723876722075e-07 2.144102490778397889e-07 6.385719460011487866e-08 1.550820905584120763e-07
1.493902577804452529e-06 1.635519040872976807e-06 2.076273123473604016e-06 1.113719062458985695e-06 5.635577679740964637e-07 2.235832938880647338e-07 1.597848228686027345e-07 1.418105404864265874e-07 2.035520262940077931e-07 6.044177341780878508e-08 2.824903018302003681e-08
4.660744309669061813e-06 2.192294424010121468e-06 1.221929372357781564e-06 6.114930698690771325e-07 4.308021406348483884e-07 3.750880031048523170e-07 2.353222880275761439e-07 1.705397346466268098e-07 5.960928456228438498e-07 5.827635926636902491e-07 3.977126848243219568e-07
9.500715063354121235e-07 8.488491341307226637e-07 3.511836605489947573e-07 3.125427518645702267e-07 2.726126002647243838e-07 2.510482468218818439e-07 2.027044264774588635e-07 1.837055594931673633e-07 7.611982187716870451e-07 1.427439022231464751e-07 6.257769525664728880e-08
2.108016809532354561e-06 1.445991420502224266e-06 7.221651891873098806e-07 4.376857828092832258e-07 8.250411518090325357e-07 4.360633116044057015e-07 6.979177032109371155e-07 1.781584585465437145e-07 6.151629589330927064e-07 1.346238855719598527e-07 3.202672319673450001e-08
7.719376221772111378e-06 3.528777175079850954e-06 2.535846151765146196e-06 2.659196538641612029e-06 1.458316910873645464e-06 1.310381173030176586e-06 3.233925679024501113e-07 3.549059768863017726e-07 1.485066495618367867e-07 2.234826704029654534e-07 2.621037431167245512e-07
4.328002530258276832e-06 3.487158998345554255e-06 2.176022069347328732e-06 1.416284569853490228e-06 7.125351681523626403e-06 1.874022222144402291e-06 6.751347536455589287e-07 3.990856714768503551e-07 2.874143035829621634e-07 1.494188074636207151e-07 2.872596721481311012e-07
3.496794964185180534e-06 3.785761041857804510e-06 3.380519466679481532e-06 2.260575921763215871e-06 9.936301429557667486e-07 5.115775644898530600e-07 7.437550606201862059e-07 3.390358238959964667e-07 1.513730914712384166e-07 3.682521692082264256e-08 4.367753996271015175e-09
2.509043962819700516e-06 2.080264390293565960e-06 2.064054263693708194e-06 1.250745413044168569e-06 8.178041739861095377e-07 3.997198802757980272e-07 2.616894971260544749e-07 2.101407080579116178e-07 2.139247576808578488e-06 3.177527866269098278e-07 3.587032459599252549e-07
4.358279663245829160e-06 2.967826754828254701e-06 1.713801580413592233e-06 1.391680023905826784e-06 5.873531367248537819e-06 7.480597961689679761e-07 9.168889041798260953e-07 3.323520358991771475e-07 1.076584911202908724e-07 3.519183414390744518e-08 1.182974028043515257e-08
2.288094700471214539e-07 2.121083698670707269e-07 1.749666599065033040e-07 2.378091676608177888e-07 2.724643287868701781e-07 1.010110819976617623e-07 1.405695670736086041e-07 2.100782840442135132e-07 3.118201623660476608e-06 1.824598927331008609e-07 2.075839897494430530e-07
3.445698397237305074e-06 2.755455620649268620e-06 2.476815811840575609e-06 1.068575842415363758e-05 1.799411115569466245e-06 9.959613279643862672e-07 4.495963694414078872e-07 2.903962615909335901e-07 8.451396836648118057e-08 8.595630376283445060e-08 3.374120257782412082e-08
6.559359392858051481e-06 3.463412638508322314e-06 1.526148453672933998e-06 8.606735901562797920e-07 7.982398574134234313e-07 1.092807638060497751e-06 1.828475311398735581e-07 1.788152700466713600e-07 1.316141791633858965e-07 1.022888111449281045e-07 1.262245290460193984e-07
2.079857956741187094e-05 6.761530162142916814e-06 3.596237643155905143e-06 1.452473893499129539e-06 4.123710772637348472e-07 3.466243689026624505e-07 2.648642794433193246e-07 9.176871135506051548e-07 1.108867753320941264e-07 6.365845787001071782e-08 6.091100941431520916e-08
8.884171151382639150e-06 5.484934431929997131e-06 2.987407172003687293e-06 2.720308358940357831e-06 1.083565455068797113e-06 4.416215889962277390e-07 2.638537081660839714e-07 1.717941190826051589e-07 1.103063791924435896e-07 1.076217048858080451e-07 9.441488085169184372e-08
4.309478815597198789e-06 3.407551722540050621e-06 9.386038310822055277e-07 3.070375408566732924e-07 5.870581813348634687e-06 5.068028645663299061e-07 3.611485388213130219e-07 2.635475824916962377e-07 1.211659510079528408e-07 4.560392031165714469e-07 6.070179982672683647e-08
5.477837018807596487e-06 4.550740625609764396e-06 3.150503817552805389e-06 1.156491589502438711e-06 6.207784395619404833e-07 4.369859762081096012e-07 3.363470779752789787e-07 4.966925407270968787e-07 1.098586641123752424e-07 6.368410168432937831e-08 2.293411029568702124e-07
6.888102320792064013e-06 5.137480906141642041e-06 3.030828568034149968e-06 1.831230794535169857e-06 8.414572232428115801e-07 3.265370154026919395e-07 2.959427962136602688e-07 1.604055936922074938e-07 1.286019966547302245e-07 2.193458159756121266e-07 6.576720566817819337e-08
3.689711061426187811e-06 2.956975418261141317e-06 2.093774375585785622e-06 2.180484347688102243e-06 1.402064738654083796e-06 6.687674755211728326e-07 5.363254064738725793e-07 2.250086113071073511e-07 1.329013304278036641e-07 6.040334320973406807e-08 4.894882909186515568e-08
1.439197919214508015e-06 1.102415975516461457e-06 9.103940489085165358e-07 7.168429908085211638e-07 5.687340594026582258e-07 1.624762905674114031e-06 4.489684775204146709e-07 5.289901734191147276e-07 1.968972226299566976e-07 1.240826552646509769e-07 3.621502946558355400e-08
3.782829143034470390e-06 2.487693089268368988e-06 2.427957423948677020e-06 1.209349277948199953e-06 6.710404267239632048e-07 3.105658400930285219e-07 2.058439311604814708e-07 3.562266275315658503e-07 1.414543454246420356e-06 2.304001745687954828e-07 2.319105131826056903e-07
1.357431062872264723e-06 1.112168074702846698e-06 8.417789770712700992e-07 1.186633958622157283e-06 4.436770706043525275e-07 2.240929543186450454e-07 1.657211733581422567e-07 6.502918427575494153e-07 1.332466201813247135e-07 4.496587521456234299e-07 1.010509380935838464e-06
2.943743492904681675e-06 2.377506007145599862e-06 1.203959358991684565e-06 6.067477094209028520e-07 1.537304484521210125e-06 5.531853482992184700e-07 1.564218334741093483e-06 5.686102647014994642e-07 1.161494877118352621e-07 9.573852220803430381e-08 1.506721969293892776e-06
7.376481880285239124e-06 3.550601644665845372e-06 2.658228212531661908e-06 2.628574685882356008e-06 1.110653615515271099e-06 6.854843354479027341e-07 4.130390830456098194e-07 1.760328801073319469e-06 2.141639075903400540e-07 2.669843584401562294e-07 3.847221660725734675e-08
6.502696250707604724e-06 4.656654042797717600e-06 3.636946656339299070e-06 2.206512021904827966e-06 1.917563636280733699e-06 1.112098835699797043e-06 8.660009525753635519e-07 3.777893798273024999e-07 1.425660339110411308e-07 7.962218338254742092e-08 6.620953400134720488e-08
4.632612151276508026e-06 2.136118258257185170e-06 1.170469670269899788e-06 1.242762184893041263e-06 1.136538937171904854e-06 1.978142231183751248e-06 2.362520478388529932e-07 2.021527696655863465e-07 1.289574646997594051e-07 2.140920641525930147e-07 8.233088814542114082e-07
3.902294267931721371e-06 3.511793166689741019e-06 3.180056215022024488e-06 3.326831741388273452e-06 2.168785485283045867e-06 1.132185197647973134e-06 2.325886460709499202e-07 1.445489366658299804e-07 9.124564948509359098e-08 3.666565105087355269e-07 5.417048344886225353e-08
2.918372122334284697e-06 1.050072575393317899e-06 5.779748344526362941e-07 5.439942453752637422e-07 3.577080746655526374e-07 3.184959510328127622e-07 2.430733187978981280e-06 1.768134694624783121e-07 9.669460861422416896e-08 5.744520709011980476e-08 4.948724617650311489e-08
7.413470644914223059e-06 5.392494742801849058e-06 4.229010098459419315e-06 1.145532872171163445e-06 1.251285249224679461e-06 4.476630803717291725e-06 3.226682958497371786e-07 2.678597706310599048e-07 1.515600445455674521e-07 7.756010630264259736e-08 1.035946235367937993e-06
5.263307479830103080e-06 2.841100116465227970e-06 2.313924906208999787e-06 1.930109270380747148e-06 1.276375659485023428e-06 8.737806085734646666e-07 8.590186993603785492e-06 2.086416556817141014e-07 8.493184838894768292e-08 4.276201078215871292e-08 1.690882691668450111e-07
8.740191396437002406e-07 5.199811987538949840e-07 1.127325747004694152e-06 7.625302479151505251e-07 5.135365815150973219e-07 4.482143395409667815e-07 2.243857402547954960e-07 2.726713159981651960e-07 1.203259949264768592e-06 2.045450230371783277e-07 1.096863494617124871e-07
1.406410809318562873e-06 8.342126621729196305e-07 5.990825235308347360e-07 4.943849279798196979e-07 3.633449124141780418e-07 2.114096860518222013e-07 2.112688467271212801e-07 3.705243970401137075e-07 8.785992144444195793e-08 1.235345488055553607e-07 5.207037453943442387e-08
2.172886929469582255e-06 2.627859943847865931e-06 1.577438543785929345e-06 1.022359592956551455e-06 6.622093258635560571e-07 1.012341856519017778e-06 2.387198234463124622e-07 1.345660642690056030e-07 1.022486506663976049e-07 4.631421637758558303e-07 2.085176863135742314e-07
2.802318607042501247e-06 2.014270094750529710e-06 9.831590502713570288e-07 4.872608753064547547e-07 4.378377882135124732e-07 2.265297050265463760e-07 2.710771896458778524e-07 6.552044146417263633e-07 6.825498198018594221e-07 2.156752988925707087e-07 7.904823002492585827e-08
2.711150929196958622e-06 1.557615879048150039e-06 2.644518651183177065e-06 1.438269093835429981e-05 9.010791720952167538e-07 7.006044915426201048e-07 4.104568349993324233e-07 5.811147071892003947e-07 1.577131302610434781e-06 3.077746522558357102e-07 6.930998627856167934e-08
6.961802589973213709e-06 3.860506234716761068e-06 1.205405069467166409e-06 4.619003510406590402e-07 3.598685897949194264e-07 2.616399583033785734e-07 2.053767212178057017e-07 1.746622556155444059e-07 7.307892689546721863e-07 1.366344484511236745e-07 1.060701152993840365e-07
4.266793731821551425e-06 6.265552385588453437e-06 6.665983239175131766e-06 2.816610388289306484e-06 1.188524906002472344e-06 3.774635713039398563e-07 2.144302572411633306e-07 2.414492976361663970e-07 4.910979247270616724e-07 1.413100126361571897e-07 8.078793281890020377e-08
6.493833595532862054e-06 4.731837380298720380e-06 9.460519206614009834e-06 1.098705271172697227e-06 6.132990913546567224e-07 3.210825145863467798e-07 2.023966615336268626e-07 1.871090445127809471e-07 7.741485590633697848e-08 8.710404051404700743e-08 9.917316830292931432e-08
1.904307742171628578e-05 2.735213712984953057e-06 7.896315078936223778e-07 8.952504546332548332e-07 9.300166346192320965e-07 1.077823927680654239e-06 2.322015482159378995e-07 1.877713904898571591e-07 9.596207742007288501e-08 5.740010572926622588e-08 9.492598110394097636e-07
9.571739011957892975e-06 7.582867759909992379e-06 6.299865375278526346e-06 2.661631001409059920e-06 8.201070514173574316e-07 1.506787683841884278e-06 3.909877603026233883e-07 2.099151787690010638e-07 1.238925694872699780e-07 8.213708734467796968e-08 1.864096919987555836e-07
4.977769034030662719e-06 3.147150627464747350e-06 2.207803325359947870e-06 1.496301376340202194e-06 7.498624424011800396e-07 5.744356248149696884e-07 4.479790557817967776e-07 1.206527659560113953e-06 6.272830176507189020e-07 1.342538986529975046e-07 2.852858991970618201e-08
3.685695023880561450e-06 4.731030240477084217e-06 5.552258139883466436e-06 3.710178641507899154e-06 2.034889384119444160e-06 4.917565221193028310e-07 2.268113699561748568e-07 1.818982177902339072e-07 2.171943194296670958e-07 1.288969403162899615e-06 7.408247203743684008e-07
1.185957044974436851e-06 1.238012977867635970e-06 1.023097017899739018e-06 6.079182541378628437e-07 5.710984916764345335e-07 7.043442000679102392e-07 3.112710681021889833e-07 1.679655815101555286e-07 1.803572946344105641e-07 5.292028812471802373e-08 3.545797545136571346e-08
1.311559656903383133e-05 7.412666117171348835e-06 3.970504169614052003e-06 2.148168829030776028e-06 1.006809337162532842e-06 7.230206813411788960e-07 4.373619727263844860e-07 2.422749575904912779e-07 1.523252920166860292e-07 2.223351681592428684e-07 3.240681243721635795e-08
1.631023620828897183e-06 9.810308389744157570e-07 9.249620066734550015e-07 4.699318129073707918e-07 2.370395626709255957e-07 1.661499060495166911e-07 3.343917360032672338e-07 1.142424476706162785e-07 7.527731869716970594e-08 1.013507591747656260e-07 9.605845641904256344e-08
6.033098737446082983e-06 4.526963746292567313e-06 1.760909082711225046e-06 7.404885619936522890e-07 5.645704008400657315e-07 3.475392377969813854e-07 2.577405772522135948e-07 1.492297595006770652e-07 9.076010401327401890e-08 9.577874480094492971e-08 1.072777588348813316e-07
4.345353789242564736e-06 4.048036198764074807e-06 2.636880653238875703e-06 5.390326359469100704e-06 7.075118712509466112e-07 6.814446202338775722e-07 3.270948627916908924e-07 2.068193223398194779e-07 1.493354965638885797e-07 1.597780836396524941e-07 3.287954719295570529e-08
1.521602401967371230e-06 1.261678275576000610e-06 7.531692508996043577e-07 5.289007246220537011e-07 4.444198939952471305e-07 3.342939620242045852e-07 3.233972733511592714e-07 3.809156424843727926e-07 4.967286052913187151e-07 5.132806873509806268e-08 3.040645331442413233e-08
6.919750616749153861e-06 3.269280155234098615e-06 2.097813798341008188e-06 1.159234945533408069e-06 3.276286000119961372e-06 5.331470569805461392e-06 5.463291401209491047e-07 2.290372165873771719e-07 2.582129337086595386e-06 1.154903755122469411e-07 4.044488730171800251e-08
2.887875085699661133e-06 2.296128714996122712e-06 3.087059339795628683e-06 2.096639041387895378e-06 3.059276283080598280e-06 1.484717107451336487e-06 2.041146347052461323e-06 4.552948960439643136e-07 8.502733690509656498e-08 1.677230083107083891e-07 7.340688952051376121e-08
3.693688063688600832e-06 3.499985198452109593e-06 3.917585969024100428e-06 6.119281689965609062e-06 1.007169899952532002e-06 4.777688751112312728e-07 4.185893105868225497e-07 2.834172365700876489e-07 1.808991060145513095e-07 1.600427284704246472e-07 7.001716589771386718e-08
3.584312145955226627e-06 1.132253406308683487e-06 4.941345796419083867e-07 3.852691066530215804e-07 6.756223500316162580e-07 3.919226546694193204e-07 2.978222812019613345e-06 2.959545685096714241e-07 1.684137518607707746e-07 1.972851697068143856e-07 1.646843337812143955e-07
6.739550048471423688e-06 4.018982021253708263e-06 2.556930893585554059e-06 1.686244688177103951e-06 9.754401719047755437e-07 1.473557266497890363e-06 1.860620865231603804e-06 1.869057296751394848e-07 8.838318120137136246e-08 2.037486359395894878e-06 2.117880625955877793e-07
3.160329164694437806e-06 1.821981064527893599e-06 1.576525611076250869e-06 1.209469725370932878e-06 1.022734994683315095e-06 7.259242162941237985e-07 6.041584495080872243e-07 7.000662976258355958e-07 1.327613470010904440e-07 2.047498346909730663e-07 3.296739297548293198e-08
3.180992450344252876e-06 2.951835464162770249e-06 2.249659583884586429e-06 1.295614175724832559e-06 4.307245327639706832e-07 1.910159887634164264e-07 1.536648712274370037e-07 3.155472752873225802e-07 7.328171558019372008e-07 8.141102528753685979e-08 4.171598519950569312e-07
3.726975581401939894e-06 1.865209974867597341e-06 5.999800954866610629e-07 4.968717371836178198e-07 4.838696021407833244e-07 2.733913313831849989e-06 4.923778604344333372e-07 2.059675998694008735e-07 4.088669037483473851e-07 6.868169641045833733e-08 3.140314268156843487e-08
2.717963948645220725e-06 1.376014103757686064e-06 1.059257529283386897e-06 6.840113572332196638e-07 8.327462440518485398e-06 9.305834084027096254e-07 3.007982664608104906e-07 2.206240887776539401e-07 9.926510037075005450e-08 7.154086519389067748e-08 1.359785979162057044e-07
1.303987818353992212e-06 1.160531104497649761e-06 7.475221868037716409e-07 5.588812608078865291e-07 3.990342933274112178e-07 3.469483552542677317e-07 4.976763539497381264e-07 1.605479298209994127e-07 1.977839086169600878e-07 1.282709169724744345e-07 1.742944308926577519e-07
7.753356234010892436e-06 5.886530693195963345e-06 3.158260701932601447e-06 9.891984905857008552e-07 5.391070207115371144e-07 3.732036769189775705e-07 3.793151868829513713e-07 2.325601428705986462e-07 1.669877262667324203e-07 9.472010777841696036e-08 3.982729659286434478e-08
8.907904579304534251e-06 7.062036477208328995e-06 6.018371075493798238e-06 3.658423207058509647e-06 6.321963765942922528e-06 1.323685954655732677e-06 4.543142777192143519e-07 1.298064704497338659e-07 1.371979111970509955e-07 3.450471793552588994e-08 1.226735758647781360e-08
4.845029377578448472e-06 2.810524730866119725e-06 1.423204355114770219e-06 8.996665442064440766e-07 1.019022397237432800e-06 6.857393528151332398e-07 1.853341822273539963e-06 5.561097377632817377e-07 3.803190180177035096e-07 4.333432193539639298e-08 7.120329727294270664e-08
1.973118324288024856e-06 1.719136377761929761e-06 2.033389909566159799e-06 1.585030550703817182e-06 1.073096560455660483e-06 2.993004129249301724e-07 2.021379503729950716e-07 1.748717347961546365e-07 7.302126273238162477e-08 9.569674337178981997e-08 3.884690220745058350e-08
7.307038274495567864e-06 3.911181321607259342e-06 1.816910536106571588e-06 7.391692937199534912e-07 6.646749414590274950e-07 4.059818768269057658e-07 2.672718754464016189e-07 3.194671819903452898e-07 6.398394160855968515e-07 2.447797466620384938e-07 3.839948402670466650e-08
5.694618017034200756e-06 7.032068187277599680e-06 5.411304575711446208e-06 2.481843862095801307e-06 1.905310693516803314e-06 3.527071879445408918e-07 2.661088348508727039e-07 3.135157073936498361e-07 9.500214352464533387e-08 6.335220194023542184e-08 3.911843565367530642e-08
1.510108236399997301e-06 2.460183341122455759e-06 6.004864941395925515e-07 3.858357229162919318e-07 3.699564477992205722e-07 3.624309852742735794e-07 2.328112779255151870e-07 8.686434182450588995e-07 1.436035541363693830e-07 2.711452899993333885e-07 4.463484271436729689e-08
4.398450273792127252e-06 3.970218038016897581e-06 1.388848845008856441e-05 2.121162869300019918e-06 1.366955523583189296e-06 8.020847716449319863e-07 3.460458123105161442e-07 7.500104737258504837e-07 2.976363371658746315e-07 5.816725204942647178e-07 1.969426806476081414e-07
4.181525087542472677e-06 2.495615162334873234e-06 1.743944839012145038e-06 6.147299007143402142e-07 2.939134793130222796e-07 1.868422732897568794e-07 1.581747426472599511e-07 1.129979005739579937e-07 4.122103506822113031e-07 6.000517811162532124e-08 3.923544168852134413e-08
5.211485935384599022e-06 4.923310945276247241e-06 4.881006778029919919e-06 4.780272909345121543e-06 2.763037311077251930e-06 7.619653734393502033e-07 3.873431105396055998e-07 3.469384514994518666e-07 1.590343912179080753e-07 1.545271356340650196e-07 4.347916791207358184e-08
1.184528689360029702e-06 4.709733713740195083e-07 3.735755766264190670e-07 9.634034090038825234e-07 7.736990656556650130e-07 2.589680064480081817e-07 1.038868988003335953e-07 7.281035396904306519e-08 5.657839991998648244e-08 4.444450767670850194e-08 1.014157784560008771e-06
7.158859967147194336e-06 5.365015257555753624e-06 2.815979074352828527e-06 2.022932465185701457e-06 1.389573949850956033e-06 5.591336573384415257e-07 2.944153921549337863e-07 2.718248442635397469e-07 1.001839447547447699e-06 2.830466445970411748e-06 2.673757192474000775e-08
1.528220036287275419e-05 4.263000244057883825e-06 2.554290633842070239e-06 9.652943391698815632e-07 3.530281888211537317e-07 3.760294931007314610e-07 2.272083061469788547e-07 1.249807995962356349e-07 1.365499863585812510e-07 4.539859309970268754e-07 1.511444401561453900e-07
3.612619105196569766e-06 2.076341095496389283e-06 1.625230178503941735e-06 1.149913397958317611e-06 1.565836670941879185e-06 3.858213730796485629e-06 7.506880026126583607e-07 2.241440166625794300e-07 8.319022317851944048e-08 9.770827075874416591e-08 2.342675907396410665e-07
6.249707468254822289e-06 3.844382061318232002e-06 4.269949782522473572e-06 7.856288636509860818e-06 8.975247998718511685e-07 5.628030693657551258e-07 6.031443554907708449e-07 2.089288632982586280e-07 1.406689437992802527e-07 5.287880158689908584e-07 5.134426352245646073e-08
3.033783738947075750e-06 1.810090082340014335e-06 1.393768869632014209e-06 1.710036137006178306e-06 7.940936019793849409e-07 5.953188267397311736e-07 3.497235667561146568e-07 1.117288455465663379e-06 2.139571921811956698e-07 4.580384901283847763e-08 1.842452945522805040e-08
5.464500831854380210e-07 5.465008223528523205e-07 5.044607147410251871e-07 3.958231094277873810e-07 3.864401262480296089e-07 2.563284021900284998e-07 2.328214569951601406e-07 4.176371360921649269e-07 6.442623862679916684e-08 8.230943481805249459e-08 1.457406426197918808e-07
3.106116351421921002e-06 3.054026523815257007e-06 3.128744785166680351e-06 2.566781389778919079e-06 2.019129476020963702e-06 9.024288268167684513e-07 5.189243461337306532e-07 3.146808067590863848e-07 1.471011455221792532e-07 2.121877964135995923e-07 4.298066389851672944e-08
3.828153398969046113e-06 2.993629389771405406e-06 2.626667187937372678e-06 2.210708248240110254e-06 1.709364950139383094e-06 3.518875884020910351e-07 1.862534864852559207e-07 1.187846859385426646e-07 7.438120895137277809e-08 4.820992612429011651e-08 3.188992127052732258e-08
8.682878850305726011e-07 6.136146129233430996e-07 4.071955530235516538e-07 6.939036289211485070e-07 5.034958318686574270e-07 2.611358960929295296e-07 2.360996563425714370e-07 1.516175617054895303e-07 1.713719494267939695e-07 9.277308197582562606e-08 1.071981882025339671e-07
1.772472324554691333e-06 3.110944029668882529e-06 8.725453918618739418e-07 6.527993612017558700e-07 4.902482923835243795e-07 5.711758902301559282e-07 5.752245695087501060e-07 1.830162060279727422e-07 2.853849059040421659e-07 7.091152195882764067e-08 6.562223752881335253e-08
2.372438016171657775e-06 2.350560751264261174e-06 2.712296088529784438e-06 2.185085626058669951e-06 6.288345293995869635e-07 6.226110581920067662e-07 1.390732172413943841e-06 2.787016374800089488e-07 1.869015791531688955e-06 8.778394941901134433e-08 2.723634264061636788e-08
3.500747738539061883e-06 2.765482094520391722e-06 6.820721556080756365e-07 2.210558691672997990e-06 5.564862833927279190e-06 8.345976445897309655e-07 2.241781433195430470e-07 3.469344981325553704e-07 1.705914973478481336e-07 6.195184055730516859e-08 2.488229635199988290e-08
2.930146210084727256e-06 2.271836617244799037e-06 1.699237568419427085e-06 8.826483895836904156e-07 6.935182890735952711e-07 1.496697337596324301e-06 2.850759891888010145e-07 8.317018084819489457e-07 3.539833757770558608e-07 1.863752146730032815e-06 5.022380808369051326e-08
4.483650799373541408e-06 3.642629668655818768e-06 2.944128781814863918e-06 1.083276299828525030e-06 5.244095969352919662e-07 8.388012826855971614e-07 2.642208693306176540e-07 1.633806298315846047e-07 2.066487358241467569e-07 1.006333202090622447e-07 2.211120252846730428e-07
4.714736827473421764e-06 4.089133040770490761e-06 2.441536317609690257e-06 1.258582741337594379e-06 4.922745740182966750e-07 3.472443559679627291e-07 2.954714966950767306e-07 2.903945763771723608e-07 4.134454168634927902e-07 6.991622025470490448e-08 1.853146668179503306e-07
6.114177493849907180e-06 4.266732534882685217e-06 2.228546768691582241e-06 6.256944692507063452e-07 2.075573817296694544e-07 1.767564219153793640e-07 1.726685621229223430e-07 1.212772443443437942e-07 1.366740735341532407e-07 1.876913516964144079e-07 4.000819488556891529e-08
1.186976095196624496e-05 6.594295693196028049e-06 6.290977429243935073e-06 2.957011399881070304e-06 8.198198031293701132e-07 4.092124952236526911e-07 2.644817364822931957e-07 1.808123843339176276e-07 1.187103598036519836e-07 1.188475068354697179e-07 3.569074806694379068e-08
5.027502307628919149e-06 3.149394767055473505e-06 2.478743196087375762e-06 1.266739147153511912e-06 6.400557006801904798e-07 5.766905646052407143e-07 3.261920489022836911e-07 3.848104795123693893e-07 1.819529349598555259e-07 1.086261729595860083e-07 8.313238414914951480e-08
5.851957304614546292e-06 4.512024323608313219e-06 5.639591383433749424e-06 2.194729828503755188e-06 9.169434641611328473e-07 5.113666281704068853e-07 2.487168301887933290e-07 1.578441830113732397e-07 1.250384276120946197e-07 7.423842670672452324e-08 4.152297422117002253e-08
1.949544784084776949e-07 1.993646341724678274e-07 1.918011152560300599e-07 1.713559521764854031e-07 1.781463825156261403e-07 1.725955924739514042e-07 2.110885108938447933e-07 2.092878077492184902e-06 1.940773201820871963e-07 1.963715185463474791e-07 8.388625193017106884e-08
5.159903779826978362e-06 3.281769652450024045e-06 1.614634156760424875e-06 5.833053832671835539e-07 4.826526239398312661e-07 3.045898457890954933e-07 2.463791120207735043e-07 2.555016277440587324e-07 1.302733557087900849e-07 1.912951592914855979e-07 7.086771262153845378e-08
9.371612401500286214e-06 7.024767707408643340e-06 5.621893054534179546e-06 3.178287983389482533e-06 1.331233097053526713e-06 7.031438727860431855e-07 2.794032689500745284e-07 1.539623744478429084e-07 8.893461824526756094e-08 2.457718261421596997e-08 5.712818286063898029e-09
4.253986374908626821e-06 2.692042178163485111e-06 2.611614645598323096e-06 3.144716463142028624e-06 7.163386135822020798e-07 5.214000828397338294e-07 3.068256990665237615e-07 4.524036486211625585e-07 9.321539026926370377e-08 2.378839956731223358e-08 5.692084184265331333e-08
6.160490301960387981e-06 4.140583446985215457e-06 3.101883499918105649e-06 2.642444457848111760e-06 1.086473999462123932e-06 4.005016800483724361e-07 3.110409301989909587e-07 4.531648375963062576e-07 1.489097009512737435e-07 5.836866461621643291e-08 3.075411547428197609e-08
2.930728399587532070e-06 2.024338382550323593e-06 2.146195134035376138e-06 1.714747499556534639e-06 1.406117953167927227e-06 7.179713303237144162e-07 3.180665374945491594e-07 4.232547053983218516e-07 1.424401606070652526e-07 6.807350399695404836e-08 4.022467113489252030e-08
7.234287506882848169e-07 1.240798261466079229e-06 1.303348054358657377e-06 8.411619379971864595e-07 6.890818993938081497e-07 5.327883510391636226e-07 3.697733828100878528e-07 2.631626724039028832e-07 1.992416334288845421e-07 6.822302451700797991e-07 7.188800034900305299e-08
3.618921715542898022e-06 1.946777270718551671e-06 1.038201172404969928e-06 4.766310163902747516e-07 2.813635551871167294e-07 2.313296681309297547e-07 2.374848172083237134e-07 1.759312445300699632e-07 1.545961553670782626e-06 2.776120723017333135e-07 7.322440839604035812e-08
3.288600740523758043e-06 3.445258018325480706e-06 2.881709254560949457e-06 1.931584807551572936e-06 8.665589571140154790e-07 4.226073041694624519e-07 1.504640303556290787e-07 1.084930632296008876e-07 1.805810069493127475e-07 6.035916165361350950e-08 5.172347135626751759e-08
8.173861137649082777e-06 5.464042227572572761e-06 5.195984256366924883e-06 3.011323509780436165e-06 1.275676437741966019e-06 6.858401432276744044e-07 4.654145975975494870e-07 1.816172643888000379e-06 1.591135445609874508e-07 7.002179482160821816e-08 2.946080026273037738e-08
7.076370678448306018e-06 3.642750365560445628e-06 2.585882486794101312e-06 2.395872364565872562e-06 1.231422597072296269e-06 7.095186537503664246e-07 3.220881923270773260e-07 8.135201407816160896e-07 1.068476654778326328e-06 1.927659145568448588e-07 6.915509178919983395e-07
4.082572924835828529e-06 3.331859632762041152e-06 3.659025711726667258e-06 3.378667861937803680e-06 3.617872478022878809e-06 1.449327963733348782e-06 4.266668824253742422e-07 2.199671239207110988e-07 1.195097892618524188e-07 6.126728763518820468e-08 4.017661207631669423e-08
9.066764448589059483e-07 5.083446101825819801e-07 3.016237579959072398e-07 2.154855230410505434e-07 1.844694587622114412e-07 1.495909243257619049e-06 2.711943221317203364e-07 5.651864061288652961e-07 1.103147765207516951e-06 8.391532050065769984e-08 3.949281958812888327e-08
5.888092453984478492e-06 4.149714789830127461e-06 2.698035639799371721e-06 1.882358260665747108e-06 2.433529693759902167e-06 1.165807507380068280e-06 1.323578185737169893e-06 2.139207124485361948e-06 2.225941135570405778e-07 5.644902026437096490e-08 6.237878396846863231e-08
1.212867992985223792e-05 1.161981172365657798e-05 4.127893681648029497e-06 2.049253644439049781e-06 8.426760320230992022e-07 3.697524190260786877e-07 2.341139756317144620e-07 1.462493385031478774e-07 9.567666698811430144e-08 1.688995072095056804e-07 1.630646866842825914e-07
1.564435052707765162e-06 6.888004479756928122e-07 3.986570589738787445e-07 4.029703501810261480e-07 2.702307728938679397e-07 1.955955866032430548e-07 1.699963838249606405e-07 1.480101652414783229e-07 1.335760864574852729e-07 1.079730861649273459e-06 6.250882695829685086e-08
8.521061137241677544e-06 3.969850611600085132e-06 6.703266206748186179e-06 3.233329188279746211e-06 1.095106474758603434e-06 5.949926386051073110e-07 3.808269564071347227e-07 4.089085224067206164e-07 5.825790819675021761e-08 1.381646092273462151e-07 1.599810732411824559e-08
7.298951937505739179e-06 2.696916069991827002e-06 1.100006101970012110e-05 4.818993359872342388e-06 6.823199048153587925e-07 5.000585484494694236e-07 3.944553576468477137e-07 2.394934796413496867e-07 9.813581077007899657e-08 5.327580366378889685e-08 4.311223220939080324e-08
2.651571025940692324e-06 1.745332555243556783e-06 1.338886719074823082e-06 6.459281347723331332e-07 4.157794225537497505e-07 3.391391855002958939e-07 1.954311352816871178e-07 1.384592710397183407e-07 1.222498656222990519e-07 1.443801894895244249e-07 2.318564281734582913e-07
1.345614020330487389e-06 1.599232536598719252e-06 1.514976598544601658e-06 8.393519416608223972e-07 5.247809704302921445e-07 4.730510159229643093e-07 2.607554137775670314e-07 1.802847469263754576e-07 2.279546659793440542e-07 5.789735737009085999e-08 5.744207131142703398e-08
3.436079092762834891e-06 3.282892602923938456e-06 2.516093167305395850e-06 8.092099224229176341e-07 6.215751388946733922e-07 3.150323661112101741e-07 1.930580393220012854e-07 2.532146453944577285e-07 9.835658379477737507e-08 9.738689385915758145e-08 1.096164613835656707e-06
2.478125268161570909e-06 1.795582284295901341e-06 8.309069636493379075e-06 2.818750818509127908e-06 1.532860254568274825e-06 3.329598735984873822e-07 3.688683338745499060e-07 1.673630960195476861e-07 1.167058480924917138e-07 1.100855228112064709e-06 4.611393367231674535e-08
3.948590112526768419e-06 2.841235854809635005e-06 1.173829377962437414e-06 1.328372667964574560e-06 1.911864876715702528e-06 8.360736897619597998e-07 3.669240767830828283e-07 1.906801891124455112e-07 1.213233607802528592e-07 1.606379165752223230e-07 4.684605150106714532e-08
1.371079129713410836e-06 1.134085761844031686e-06 1.380091374700015106e-06 1.130138589353635512e-06 5.300496058926197921e-07 4.558516184177761200e-07 3.890123984462976670e-07 1.668752490771712333e-07 1.207136153586279112e-07 2.286512692282394302e-07 1.502790111219221131e-07
5.397787543047712979e-06 2.521163987639114326e-06 1.451930753701993680e-06 1.481953016227321184e-06 5.210378506400970866e-06 4.784448106583675478e-07 2.672582502849807182e-07 3.878874294542484226e-07 2.193786155542619399e-06 1.176693299167657506e-07 3.220005236658539790e-08
2.309776613317543569e-07 1.942585973204908900e-07 5.733715220355043593e-07 3.316959143466159803e-07 3.148157254961564440e-07 4.755304144513606602e-07 2.018579583039663783e-06 1.540271381102249841e-07 6.962998667656458643e-08 4.292392467120532331e-07 2.079784979171473312e-07
4.825789521666060148e-06 4.832998932157321205e-06 5.309175151959875621e-06 2.864699120000858104e-06 2.458169649066363700e-06 9.020511554706037383e-07 2.634787845301846665e-07 1.474789442490525965e-07 8.641617634527434710e-08 5.800747715494563376e-08 4.227079740012524845e-08
3.432653584333324776e-06 2.268438058938512028e-06 9.300308217081381629e-07 9.098554903799134088e-07 6.446913013653194262e-07 5.291886548135529519e-06 8.472833093035287907e-07 1.234644803582629074e-06 1.462861940266719089e-07 4.936134911818856830e-08 2.295487456722891646e-08
4.450895197628611386e-06 3.189273462118171878e-06 1.950645514880925852e-06 1.240762984665987304e-06 6.331887054604925669e-07 3.227432487359330551e-07 1.823694539519864560e-07 1.888550879708410836e-07 4.574483295288430454e-07 5.175829189110539032e-06 6.267126789310078780e-08
1.143733462283923958e-06 3.911942229817961672e-07 6.401705373595530819e-07 4.040966468628371874e-07 4.262093929346298861e-07 5.369655502342457714e-07 3.607508142774136311e-06 1.778946264342022830e-07 1.033728160105737533e-07 5.318260095464181154e-08 4.108360381933873024e-08
4.858151906946027542e-06 5.565226027457525018e-06 4.304488272370775813e-06 3.809371296751632010e-06 1.790184450333486985e-06 8.036923005674892552e-07 4.150052862598887744e-07 2.473653383605869553e-07 5.676947322690470285e-07 6.462829941826247460e-08 1.574842354849816987e-07
6.855245344012233885e-06 5.343343616988340042e-06 2.004296736733153218e-06 1.250892865595407639e-06 6.128140177635630446e-07 3.169625441441219853e-07 1.859792042133683665e-07 1.163832146578160829e-07 7.695790555450737215e-08 1.826041768131235863e-07 1.069206614576878303e-07
4.848732300670026474e-06 3.585851649276914649e-06 3.317050909401188350e-06 1.035441823807784212e-05 4.272331300655998416e-06 7.773699458965051682e-07 1.843552697727231628e-06 2.750410738170353096e-07 1.172636222525311494e-07 3.177014383560008880e-08 1.546964978033778094e-08
7.248456756505528296e-06 7.107580077838815858e-06 4.655409535730200742e-06 3.495133471392380577e-06 1.293253204298152043e-06 5.679586796652722076e-07 2.750989890334362620e-07 1.800227779733894132e-07 2.014901816794484128e-07 1.181331618972060222e-07 2.400296703044862357e-08
1.299820352205693436e-05 1.303603068066354243e-05 5.153663831672159686e-06 2.367617821197623114e-06 1.364377730973588897e-06 6.405591993219741301e-07 3.119295191239804939e-07 1.676895950555128996e-07 1.790609406408153500e-07 9.605421888696397733e-08 3.538096685944394934e-07
4.370513007761415896e-06 4.430578560786835722e-06 3.525795261342391729e-06 1.919466001095209277e-06 6.309457704296794623e-07 3.437567410610030341e-07 2.060399236734213382e-07 3.703462796430508229e-07 2.331717708297664234e-07 2.852515603398427318e-07 1.146715389783393340e-07
1.341368167558001610e-06 2.070042451420323606e-06 1.315810240366452127e-06 1.417523829744365483e-06 9.203531811230295280e-07 4.329875841904471911e-07 2.963191055104024449e-07 2.161986565972310317e-07 1.207393482501159635e-07 7.657516638039795946e-08 4.516417026006434834e-08
4.700370132262966882e-06 5.511582168751997115e-06 4.347892212676980530e-06 3.235625837757202148e-06 3.127494303433858641e-06 1.025326686172573625e-06 5.989043913904540674e-07 2.350915341163774586e-07 1.306630248782701371e-07 7.615363488510053092e-08 4.760204715167061631e-08
6.093042893239197443e-06 4.581121347055915714e-06 2.345146050087221706e-06 1.575425170763909179e-06 2.505455365965537262e-06 4.506685123902672015e-07 1.118738615576903741e-06 2.791466788612719589e-06 1.771638960664640059e-07 3.372772783048037861e-07 5.039198039810373069e-08
1.242378143449127757e-06 9.876928207927814243e-07 8.506654966244263891e-07 6.231575457393326728e-07 4.388697396117807871e-07 4.580810396555196383e-07 4.402102268245239682e-06 1.237095472641003319e-07 7.749628705315288253e-08 5.301840767790190760e-08 4.283925963215867855e-08
7.365958395354512331e-06 4.604310768931522155e-06 2.193899900852619056e-06 2.140600740145161146e-06 3.431477914162810132e-06 1.058945314484670755e-06 2.561331809593263806e-07 1.403855957819346376e-07 3.196688366667621173e-07 1.151589568093041327e-07 4.167718290357460838e-08
5.192918589396276171e-06 2.743032078608869662e-06 1.668762440242261090e-06 9.816453860642524755e-07 8.373901502092951421e-07 5.371286768631706795e-07 3.145005697174123588e-07 2.031676333941247500e-07 1.511983645220507297e-07 1.069664239727435874e-07 3.715807827256814756e-08
7.439663449228870816e-06 2.861139840690513234e-06 3.089710304779587461e-06 9.868788840875102378e-07 5.831424250499220321e-07 3.784008273501769026e-07 3.638382536828976257e-07 2.114992414452219386e-07 1.459310972115627503e-07 8.625636065135938687e-08 4.216396853675895793e-08
8.821268160815774942e-07 1.243035916712272177e-06 3.876863001452316476e-06 1.072329526578633073e-05 1.437545915982013375e-06 4.552684454098261947e-07 2.538481678451544214e-07 1.844812627020545698e-07 5.839026011533318292e-08 2.635298989739468172e-08 1.373430143256544978e-08
3.015735572316110640e-06 1.135844745855798248e-05 2.998352886195575188e-06 1.581494922582798501e-06 8.093625194547766695e-07 6.351050708711344599e-07 3.301158841079100839e-07 2.671763678229338450e-07 2.274456175808064926e-07 4.450667342989074836e-08 2.192387042585578199e-07
4.714227511113932773e-06 3.534711917499727142e-06 2.889518034223892002e-06 3.431922607015959023e-06 2.451366645250955500e-06 8.227147501099084659e-07 8.686658544529434083e-07 3.350989101118975452e-07 1.294147832362126121e-07 3.171198653504018172e-08 3.855540251530861280e-08
6.224732255561829008e-06 4.308956782913764624e-06 2.863972716225572650e-06 4.376115857036151941e-06 1.513786082438869720e-06 5.664132905056918225e-07 2.920682345048700644e-07 7.296512203631151405e-07 1.236041551429530153e-07 5.287150838964081421e-08 3.207870489829828350e-08
4.317040607308008226e-06 1.936317413731444240e-06 2.652618141360622026e-06 1.286246663231571223e-06 1.283783507484918833e-06 8.096882679453825315e-07 1.977528715361212327e-06 6.637461528000955846e-07 1.954527549963449019e-07 1.386352635990426625e-07 3.791400858531733633e-08
7.165764759373309260e-06 5.115094760626016641e-06 3.190900320998705328e-06 9.014034473173281570e-07 8.889813833977130949e-07 3.913839865183526727e-07 3.595835373144415135e-07 1.113419533901020736e-06 1.006716939389871628e-07 2.110384851034549623e-07 1.507595322524931938e-07
1.354415868890091094e-06 1.488392784874756855e-06 1.197164045712928855e-06 4.111047395856000468e-07 4.629641870936289630e-07 2.593535834481131758e-07 1.747708982673164755e-07 1.273037481050908206e-07 1.504272410092964265e-07 2.259048664034480137e-07 2.429384377196683137e-08
2.687720668306770899e-06 2.034729417785693427e-06 4.101754178508062922e-06 1.101954104085507078e-06 7.899560938872133609e-07 5.650465059016840639e-07 4.860765146373046541e-07 4.049494535992947732e-07 3.182942553056427894e-07 9.333536520626325172e-08 3.549930223627930736e-08
4.157249419222336404e-06 2.473913924797654575e-06 1.591349292838210456e-06 1.248613427232344207e-06 8.292983675952420806e-07 7.600044654211191850e-07 3.046593747257693104e-07 1.652199978378586839e-06 1.350054706270748172e-07 1.092141606709594003e-07 1.032713039680971225e-08
5.282779679008313768e-06 3.688481287588753452e-06 2.886824269513573744e-06 1.680828353561477499e-06 8.198598267088791619e-07 6.278923493196488903e-07 3.104649489293834402e-07 1.030784091569735682e-06 1.032968736224297116e-07 8.310164788070891184e-07 1.734177581694640822e-08
2.196240657463089302e-07 2.353076498140979264e-07 1.761359214576109934e-07 2.181944598982585342e-07 1.680617862115668116e-07 1.024455291569869838e-07 9.720613633185167389e-08 4.422342198022587079e-08 6.505387895734764853e-08 4.329819321389236972e-08 1.453807332247266787e-06
1.143332760754496465e-06 5.032583576209506855e-07 4.428060239342355240e-07 3.015728360294897537e-07 3.272813495048382801e-07 2.422868230242809381e-07 7.616186357877623312e-07 2.347011029079460397e-06 1.310743496076130500e-06 6.380181245837293567e-08 4.195918394832984984e-08
6.867649565827626596e-07 5.706102816527656355e-07 5.763398157144607520e-07 4.751139175449827902e-07 3.412552946490657851e-07 1.361387137423746318e-07 1.975511488477474733e-07 9.862608748099257962e-08 7.255374300998938696e-08 6.544486360443259380e-07 7.422669976209681132e-08
4.637059391634896941e-07 5.769859923668615632e-07 4.957688930479911989e-07 3.613543755889451099e-07 8.974733970074614289e-06 1.995469665885803514e-06 3.799826486018224831e-07 1.574605708747463150e-07 1.227133810220205545e-07 5.230909718291126775e-07 9.433762144840764162e-07
6.521045802486036646e-06 5.860988420627356865e-06 3.357173504343137537e-06 1.672321020153805596e-06 5.992441837870969930e-07 2.917820832443503392e-07 2.034902212546612087e-07 1.703572578095493577e-07 7.333731200059067020e-08 6.270146725902843252e-08 1.759029571717057463e-06
4.983555690639304060e-06 3.814928130636426538e-06 1.864817905475422827e-06 2.435544803572676662e-06 1.963039322144566299e-06 7.167249097541272979e-07 3.201450815723053961e-07 1.661966959796496082e-07 9.882504100254204150e-08 7.227731907228841063e-08 9.406207587717152655e-07
3.230396876869329520e-06 2.074717326896775566e-06 1.661537995450474323e-06 8.823886977889721081e-07 5.391513048613067486e-07 2.338483504701881376e-07 1.761043903147047800e-07 1.422335274783171823e-07 4.038319146750767274e-07 8.934039737814297214e-07 1.013255159994198964e-07
3.784724690155909058e-06 2.719285053421486818e-06 2.321097932593597528e-06 7.691537504261909003e-06 1.215796724025163831e-05 1.457388459799077513e-06 1.132439330970239077e-06 4.196020543637919273e-07 1.198737651857618425e-07 5.533242317105265365e-08 1.787029300469661700e-08
1.422378312754007157e-06 9.313702152564790820e-07 8.327004930013905900e-07 8.818270549980649135e-07 6.848740121612837149e-07 1.023255752530719943e-06 3.655604894634690849e-07 2.952400815470000251e-07 1.902686431684551564e-07 3.686895545770930477e-07 3.347419923301659963e-08
4.735811652601266295e-06 3.185510942236241218e-06 3.068121184368094348e-06 1.510687322459354818e-06 8.599094932330461228e-07 6.457574704882337225e-07 6.747757126430993568e-07 2.170527055472239720e-06 2.061679328234012195e-07 3.824964027822698289e-08 7.798078430078002239e-08
2.129359532668177335e-06 1.203138335508170860e-06 9.527459471340816295e-07 8.961153382599904463e-07 5.458306754524760253e-07 6.641036732676005850e-07 9.336876078536886076e-07 7.156870366535587303e-07 1.485503560633162797e-07 7.788334382251546955e-08 3.684716813485900698e-08
4.969542291392554681e-06 3.198903484982351883e-06 2.312773416982423785e-06 1.195134813586101454e-06 6.785416586882968212e-07 5.226334764558077766e-07 2.274336588497861118e-06 3.551201459664897551e-07 1.235674676580013826e-07 2.487913862694857670e-08 5.135179291673994755e-09
6.376793195245317328e-06 5.240913626507351733e-06 3.227567955373192270e-06 1.429880482577203393e-06 7.091486131277788031e-07 7.983997626815066548e-07 3.780605649632147057e-07 1.793763452944804655e-07 8.189617428630429969e-08 8.721734265391716699e-08 3.236959746468284257e-08
9.685965935345516474e-06 4.719971101297037311e-06 4.031835271783412119e-06 2.725559817335508513e-06 3.585115246390083472e-06 5.743740627781785839e-07 2.190476228191670678e-07 1.353195935768355543e-07 6.944120252979832752e-08 1.935639428961070187e-07 7.146794847770494164e-07
8.519173531441018201e-06 5.267869945319227792e-06 2.849333874229751158e-06 1.292747105391690917e-06 6.548130802360505867e-07 6.854543090135386576e-07 2.141061650327911480e-07 2.222182235291400528e-07 1.790647709614540837e-07 1.557908060380907072e-07 4.897411611008608249e-08
2.621672223487969712e-06 1.524713856709933529e-06 1.067905507460398557e-06 1.671810680836337904e-06 6.353745115539495516e-07 4.764760389722914549e-07 2.720384662685170545e-07 1.848688300531523279e-07 1.174587971885848956e-07 9.549080267689875747e-08 1.037507495521594997e-07
5.068471585399467085e-06 2.874727438508531885e-06 1.824407614446465498e-06 1.226762892661657749e-05 1.410687518082363509e-06 1.226469932505680590e-06 4.322167236195407684e-07 1.619967121523848855e-07 3.291111656477566452e-07 6.658849927246079740e-08 1.244964736245530506e-08
2.497896651617113551e-06 1.978453075695801483e-06 1.807715839659639650e-06 1.142629388651388836e-06 7.703942771355102982e-07 6.979044240853059354e-07 2.252144032246059534e-07 1.187746844958779110e-07 5.230580113845577866e-07 1.208276921290434805e-07 1.503370712424699815e-07
4.961424573015741828e-06 4.040364548969066715e-06 1.755077985638349665e-06 8.150965589289617270e-07 4.585676818852978341e-07 2.404351419161875268e-07 2.683529325640325021e-07 1.446201539754835943e-07 3.062043249382733156e-07 4.235226830496860146e-07 6.842999900926730243e-08
7.094850479238125602e-06 6.396187830206269423e-06 3.950482627452049938e-06 4.936586531969419723e-06 5.900569214530314216e-07 3.360754486226994283e-07 2.323449109926151185e-07 1.992990857962007869e-07 1.120224045970209740e-07 2.254292329696937415e-07 5.024597219444194167e-08
4.812244144386482818e-06 1.848971193657089626e-06 1.121904950923820683e-06 1.037262268008112385e-06 7.934218592092559829e-07 5.196019213178548848e-07 1.924909075062064039e-07 1.343290679971213253e-07 1.390204908156055243e-07 7.335786265528881836e-08 5.114209039547058196e-08
4.769322211715806805e-06 1.335888580257772482e-05 1.349097844819730473e-06 1.003738701085036933e-06 8.100999437668512067e-07 5.646137353104098555e-07 3.584280310824101301e-07 2.015239394983098424e-07 1.059407088554916384e-07 5.862230504329675916e-08 3.703734705380026791e-08
5.800870651124536040e-06 4.854980804886820976e-06 8.791655635943074770e-06 1.481915488368094700e-06 1.028691904924057101e-06 6.864729085017527703e-07 3.047679830375306908e-07 4.908122797319791857e-07 4.425899752400502059e-07 2.605612249781497216e-08 1.730750998231770201e-08
3.546671958746654450e-06 1.299711699696512233e-06 4.725228978966215108e-07 3.209768017209857053e-07 2.735318289939669075e-07 2.291045911628621592e-07 1.297788961382509510e-07 1.463841511457076540e-07 8.552956054308997498e-08 1.486659145118209239e-07 3.869423285826558692e-08
9.346336035653160813e-07 1.188742797426483283e-06 1.167349424771096611e-06 7.876028489029704138e-07 4.809801405301872382e-07 3.230696742393657693e-07 3.062649316019050379e-07 1.922404078135745902e-07 1.567706998476958710e-07 1.383211322604031411e-07 5.142870017730200901e-08
1.373988959901043334e-06 4.715492754231727646e-06 1.178707600161496017e-06 9.625750208022521367e-07 5.760099829132576575e-07 5.417316491277314771e-07 2.102180848754677875e-07 1.636089641808113533e-07 3.234526151996772815e-07 3.112001428310826481e-07 4.892913441475036815e-08
6.256305444550235548e-06 3.809737716945515079e-06 2.537699232720819572e-06 1.208199174371674987e-06 3.116743259960130757e-07 2.390990157332330556e-07 2.691091330432599683e-07 1.142321795324507084e-07 1.638903738433646033e-07 8.203326363440830680e-08 4.294791866210221803e-08
8.138312669560194320e-06 5.785322412402418465e-06 3.564034209625999270e-06 1.816892812871135371e-06 1.634982785673911626e-06 9.219625531740862628e-07 3.530751285839119473e-07 1.844892282441981280e-07 1.281640787049096865e-07 1.994181619469267930e-07 2.170013807566806847e-07
4.968828073311462752e-06 2.792257831159217588e-06 1.608917699108309787e-06 9.869862502090868287e-07 6.075955445889551871e-07 4.840468216702153017e-07 9.495073102566334267e-07 2.871709445247113209e-06 2.399557626859624508e-07 5.058837799021627065e-08 2.016227662843879138e-08
1.430267915733842309e-06 9.170958767236450710e-07 7.772028158074149848e-07 8.477213347246187317e-07 7.117813953936010332e-07 3.806273265759411400e-07 2.587609523748494360e-07 2.529736741359732011e-07 1.262380217644670951e-06 1.334813351500236171e-07 5.726951053895455599e-08
8.399562130262329140e-07 9.378689411719178732e-07 9.689050938667320743e-07 5.210376752676224377e-07 4.190483001845016275e-07 2.666741619125548188e-06 3.336966126111647338e-07 3.504503801652459307e-07 7.965947077493987844e-08 1.474926309932196278e-07 4.071069179637941466e-08
1.928923208989302488e-06 2.256656576020162302e-06 1.891596550484645786e-06 1.951892730136502741e-06 2.631083973243554886e-06 7.597595365558228938e-07 2.174326934898787359e-07 1.314672404844833035e-07 3.924714795602954447e-07 2.295447672509291056e-06 5.706466363712767134e-08
3.896570980565354965e-06 2.673092931741622404e-06 1.833189674527103416e-06 4.246760195553706567e-06 8.155688965527513696e-07 4.979655510354663410e-07 2.230669668010624085e-07 1.290654148257737877e-07 1.059041053647083561e-07 3.360621889720403483e-07 8.194689070486596316e-07
6.346756229408501427e-06 3.698879635194871991e-06 1.904664777289207939e-06 1.091163060194238069e-06 5.360256975582217885e-07 4.058129169580228460e-07 8.256107191900672121e-07 7.010905412170705532e-07 2.950228588500322332e-07 4.525199377933673895e-08 4.894665324189230085e-08
3.932108799377359379e-06 3.317244576710617973e-06 1.148088637055354488e-06 6.129281345628859818e-07 3.321743745487755211e-07 3.214968836593363052e-07 2.142893869033649706e-07 1.824023940334327818e-07 4.707028319286753813e-07 1.106564148119826723e-07 3.949065112323740824e-08
4.806972643339049781e-07 4.721145008234450140e-07 3.385880818760421748e-07 2.594808966766146953e-07 2.455335434012110687e-07 3.301018055074929686e-07 8.774138175594585870e-07 1.507251216346749419e-07 4.842128144930527267e-08 3.998269322571129756e-07 9.566565813965242105e-08
4.814940442590804855e-06 3.381899475436883153e-06 2.229509651491609838e-06 1.313279704033369766e-06 1.074529375622278244e-06 3.757622704277435916e-07 3.346331583186105367e-07 2.330150901028520688e-06 3.321958826582450406e-07 8.668767340749355510e-08 3.987797763652562334e-08
1.968967955421426448e-06 1.644856412859763833e-06 2.150828190624113988e-06 1.938954555297451701e-06 8.032385650673955733e-07 3.526832938912768527e-07 1.771549002273505599e-07 1.271759682875323648e-07 9.121276606530133911e-08 6.188723555480660264e-08 5.552856914792360918e-08
6.114456827933757955e-06 4.521261041146658506e-06 2.771075261934785108e-06 1.328015998347458676e-06 9.129584145182011066e-07 5.118616102199885343e-07 3.594634201975681940e-07 5.150147862307716922e-07 1.037536279673760407e-07 4.281554916627321891e-08 2.841808714819115907e-07
7.930517752352630347e-07 8.660726327637131658e-07 6.902080262830742524e-07 4.837630060459903792e-07 5.894969706886463076e-07 6.973019114001055690e-07 2.427432549958345736e-07 1.012892205926538839e-07 8.082458313476167819e-08 2.054791332428628906e-07 7.782510925302248783e-08
9.060067216274994921e-07 3.487102950845931955e-07 5.177654252963535192e-07 6.425458451975879667e-07 1.112471082768815876e-06 9.032804118829567606e-07 7.881775211718603527e-07 4.976030827407188430e-07 9.694721909243869225e-08 4.681474067799497181e-08 3.146474931346673728e-08
5.903854051186712955e-06 2.630767018258642649e-06 1.726904399184746682e-06 9.087691818746243021e-07 5.280217354071516182e-07 3.879632568815353985e-07 5.631507852410683816e-07 4.176377725138954834e-06 8.313923549280874338e-07 1.263598375513026886e-07 1.991502905121097404e-07
7.486472515481718390e-06 8.485104115225361668e-06 9.041632362823822806e-06 2.941234241424877985e-06 1.244014179677306761e-06 7.311459233165690479e-07 3.033023173869892996e-07 2.051177631913691062e-07 1.128397589179256929e-07 5.465217964109712172e-08 7.099482465933639350e-08
2.585848057337985234e-06 1.228521217853268975e-06 5.742234516462422926e-07 3.551016521847769941e-06 1.025208865365821902e-06 8.626298491276495301e-07 1.980728917757497559e-07 1.387071391393502876e-07 1.272904894746740052e-07 6.964081515542824159e-08 1.460945338634810687e-07
6.195157319520914533e-07 8.318016866228190895e-07 5.379336320885267946e-07 4.404995408888596784e-07 4.321791401244021936e-07 2.764811753876011373e-07 1.724898746316091465e-07 3.337660508812301242e-07 8.758524526729079064e-08 4.071023368754420511e-07 3.233440862906001771e-08
3.234344298520665716e-06 3.482581372690639002e-06 2.608679888341794736e-06 1.942315847912557736e-06 7.363891299645004379e-07 2.018247471464963908e-07 1.772324044298246901e-07 9.337210313865664681e-08 6.535464870619639417e-08 5.495381128364661746e-07 3.970922982075602510e-08
4.954329817718613645e-06 2.835497605122640941e-06 2.264268162884448075e-06 1.943043398157834377e-06 9.887230090861211071e-07 1.395747491158505956e-06 5.248975144919134611e-07 3.079888675723778685e-07 1.867167960306485552e-07 5.480923849937192794e-08 1.982319364629682282e-08
2.797887215724747467e-06 2.314696616794453855e-06 2.200872698885960285e-06 1.819054082128164089e-06 7.344154111072147943e-07 4.784111940924794779e-07 2.968258895412562849e-07 2.423428583582703489e-07 1.107225424808965612e-07 8.732871604084628730e-08 5.157960008341946494e-08
4.778458718454797013e-06 3.045666792034074168e-06 1.457815990973052841e-06 1.253725448126657626e-06 4.370481598078259356e-06 8.219060558047495545e-07 7.008626374877004224e-07 1.637543062331484360e-06 1.583732866979793319e-07 6.083266060865202517e-08 2.415981714385433233e-08
3.726794226244069221e-06 2.185633652048546823e-06 1.852633616448938501e-06 1.256235112863818210e-06 8.419172214879755108e-07 6.348794281945544573e-06 1.585443179237324793e-06 1.548854919882650053e-07 6.593398433211995915e-08 1.681971535546211726e-08 7.503076655149581008e-08
1.577595558550171112e-06 1.415285708588956895e-06 1.294155490523578105e-06 1.443510884406057765e-06 5.610217323570533583e-07 6.550668926527902440e-07 2.817450695003119728e-07 1.276745752556508525e-07 7.951305140196335474e-08 9.056918735607999710e-08 1.889061728396024296e-07
4.405150391016362895e-06 4.943176141888054873e-06 2.940885123776057948e-06 2.936694120459743686e-06 7.311712894528608057e-06 1.522594297219598163e-06 2.916563555675814968e-07 2.138882041710912997e-07 9.215713721344547677e-08 4.067346963533108141e-08 2.304633305561794055e-08
1.432383889381263232e-06 1.401055227071638365e-06 1.107333932619593827e-06 9.480868582492715781e-07 5.773000889053394820e-07 5.470878230037468518e-07 5.682691273506836595e-07 2.031575578372586167e-07 1.177747016958809449e-07 5.366537510065286710e-08 1.780760201934201644e-07
6.326275362875594989e-06 4.100291553689481120e-06 1.497134081621531065e-06 1.019325589497006425e-06 6.182365024792000005e-06 7.537104902316296509e-07 3.094110197515739816e-07 1.818012470270338743e-07 3.964240988028779550e-07 6.428001626887899782e-08 4.554050240001747419e-08
2.790563221016398882e-06 1.013731772002799214e-05 1.585555302462343163e-06 8.536175730822657197e-07 7.079028558474486415e-07 7.256589652417964655e-07 2.095420201751150717e-06 1.488797600721339048e-07 8.707311590123301902e-08 5.938255217664578885e-08 3.307661169848403862e-08
2.026956555014833966e-06 1.994490986404198873e-06 2.227865433031391207e-06 1.735636085526676281e-06 5.327642344619279028e-07 4.192720971043884513e-07 4.035625667458547419e-07 3.219311169174509220e-07 1.181405376629885699e-07 8.241145050969267965e-08 4.380480434166106701e-08
2.931402880783954691e-07 3.478726761854471934e-07 2.560548581064882542e-07 1.610369155112283209e-07 1.481588515783549026e-07 4.146709288293238423e-07 1.443966045504139590e-07 1.642204798594465472e-07 1.161337857838909693e-07 3.398600434390484351e-07 9.860481371235098812e-08
4.408710463296103423e-06 3.276212143013927946e-06 2.226850075571489814e-06 1.730163055472396304e-06 4.957430925362145141e-06 1.295987472986190972e-06 1.397566630424656413e-06 3.174151530519960567e-07 4.809931547663743413e-08 2.113187445544935081e-08 6.511572492027195900e-08
6.941254614751456968e-06 4.027516572250242710e-06 2.970746522448993722e-06 1.961549013957815968e-06 1.040981197565561936e-06 6.671455553881970105e-07 7.959351090379738220e-07 6.236846803051793732e-07 4.951206447203993604e-07 5.128634327689610305e-08 2.738693621028942720e-08
2.179248043649203457e-06 7.661467834027421883e-07 6.384745104110676046e-07 5.019839267028182293e-07 2.898381212710745974e-07 3.031624516150089376e-07 1.776281126569402417e-06 1.296697707775069033e-07 2.109064889598672578e-07 3.458462290133178285e-08 2.123647715626970952e-08
7.959385098350007907e-06 5.633799876856795991e-06 4.417075992038913299e-06 1.712997491469868715e-06 1.003200158699103011e-06 5.787826685251550162e-07 1.544122475407049588e-06 3.068364725840052623e-07 9.694832968886728370e-08 4.717074895543501127e-08 6.950819125067892902e-07
5.434607297563910622e-06 4.040013883385150891e-06 2.710376086606268270e-06 7.833169994438297219e-07 3.642407053328858021e-07 2.428593883531084967e-07 1.484115570693176032e-07 3.709045689119618537e-07 8.184348269703934893e-08 5.011869934006462673e-07 7.153828133835163792e-07
1.111986165323382488e-05 4.580747423858702317e-05 3.943977360845209846e-05 6.312106283120914922e-06 6.149209016941542363e-06 5.237790485673279343e-07 2.371615548702436218e-07 1.510997948184373170e-07 6.417862334677047517e-08 5.983804929821061415e-07 4.444901526016275316e-08
6.046820010278280626e-06 3.604527990925669010e-06 1.616319267625947394e-06 1.177893441399860970e-06 5.941127063895499097e-07 5.209124383528801463e-07 2.119632880719781758e-06 1.003603725880425818e-06 1.667704905667743961e-07 3.279824314419881249e-07 9.922963163268470272e-08
2.504757823849893518e-06 1.670903834696624564e-06 6.399878854804093535e-07 4.057702330408239817e-07 3.063067638272024287e-07 6.343284518589688944e-07 6.182462434929660788e-07 1.197803686868471162e-06 4.378921678341833894e-07 3.605422272522895074e-07 6.802067514645556641e-08
6.079068454089520453e-07 5.109002011346623998e-07 6.295107627048325679e-07 6.356894645509268630e-07 1.507780906213428344e-06 7.175019242504827870e-07 3.377776895649383442e-07 3.190568715482731818e-07 1.053966435299900928e-07 7.776242106808934926e-08 9.801373376504594589e-08
1.984939595853472937e-06 2.414461949378797645e-06 2.131205116482618570e-06 7.778700058030786423e-07 3.431915345546287008e-07 8.968994255202577705e-07 1.240535634898776398e-06 1.496072832346747050e-07 7.627625317458847776e-08 4.336964775924074891e-08 2.675728686882040266e-08
4.447086141380137981e-06 2.964541886108794878e-06 2.581426747702884146e-06 6.599629204678964611e-06 8.037052045578148790e-07 3.732453254544009020e-07 3.368842221979275112e-07 1.802844189760609822e-07 2.171540676769538583e-07 8.339501554932278472e-08 2.769972189029303443e-08
3.962335466886649380e-06 2.483167379536823371e-06 1.215620512517716417e-06 6.457090657354846103e-07 6.183315104405714062e-07 3.489545403581385478e-06 3.327046945262474770e-07 1.569511769892303141e-07 1.324609924554143132e-07 3.551616375478023270e-07 4.485472233616548397e-08
5.007649883994892637e-06 3.247148727707738006e-06 1.011397987721004534e-05 2.689040435320254515e-06 7.715566112260455617e-07 4.393542710834900871e-07 2.128863350670393009e-06 1.934848668918282371e-07 9.679888717531063985e-08 2.816837273060037468e-08 2.688357613876599469e-08
1.869877908149566319e-06 1.323819690231468686e-06 1.224488252095926945e-06 9.137044302849413659e-07 5.245919948032735259e-07 4.581449090034595652e-07 2.981457174563457046e-07 2.106553480938832999e-07 8.696506449500069696e-07 1.346656607279312281e-07 1.603732985268033521e-07
2.808708969651135430e-07 3.125359297851018363e-07 4.085679945832299233e-07 1.033046169967306519e-06 1.568700786099714999e-07 1.028371481228603329e-07 6.840756846642563488e-08 5.546184021881617777e-08 1.980345007930137905e-07 1.879762495332330138e-07 1.606574859672748787e-07
6.604805617744500247e-07 8.494212830259535005e-07 8.226024612448913080e-07 4.388189789478747142e-07 6.010602077292662707e-07 2.880343930479008975e-07 2.138728603023156083e-07 2.511089693309133746e-07 9.129168571003799742e-08 6.754637936257385582e-08 3.652098381100656918e-08
3.547118613780006766e-06 2.243601657997851798e-06 1.694121461929266755e-06 9.901579258268261398e-07 5.845962110449560622e-07 5.750857045448768433e-07 2.470476472089755096e-06 3.801359839160332053e-07 1.672297734834836200e-07 6.392560474925984711e-08 2.679815842640652710e-08
6.841273619563922515e-06 8.416234078018412955e-06 2.738439808729003453e-06 2.684037417875404043e-06 1.212036717038509607e-06 7.656198587349546698e-07 4.588192356361927413e-07 1.862352169431019310e-07 8.014594951127317200e-08 4.622522939695486593e-08 2.791302528448813972e-08
6.300213975834108732e-06 3.357056638097479145e-06 1.468665134786957095e-06 9.280921133890633386e-07 5.296987790123253912e-07 4.101621281249823631e-07 9.252055149731414793e-07 1.605629694208934507e-07 9.672954812949501384e-08 4.984238506397481449e-08 2.753043361335384988e-08
9.079059524296760698e-06 4.089307453506461963e-06 2.148984061995511236e-06 1.383216690143606738e-06 1.026915188451686144e-06 4.354851235263063911e-07 2.887887767140979429e-07 1.863821480459397204e-07 1.131805795261145778e-07 1.244665775921015995e-07 3.240834659609197136e-08
1.998431207736198282e-06 2.035090801895376705e-06 1.312363719523899537e-06 6.746346790309069410e-07 5.653936964834786997e-07 3.589521538024663050e-07 3.641245431600084112e-07 2.920904047135677128e-07 1.175665233399828123e-07 9.530978031128898272e-08 5.945670631272923593e-08
3.181477018389953865e-06 2.096507778969677611e-06 1.070063902679277709e-06 6.327807643542786218e-07 2.774227707876542385e-07 3.020781409492127470e-07 2.844908906043737583e-07 6.740855009896385188e-07 7.577434233500518075e-08 8.042764697429272268e-08 3.755005755380925578e-08
9.850013727299211063e-07 1.539441393942316686e-06 1.204111222680201218e-06 6.412861354759857203e-07 1.128377569246569722e-06 4.845783909352794321e-07 8.913567506818656240e-07 3.269660901882051357e-07 9.542305933060966067e-08 5.124467817101759636e-08 3.390113186442928381e-07
4.037647945282847976e-07 3.315742013740206753e-07 5.707274617044561038e-07 8.858702946774342149e-06 4.540710181768798842e-07 3.504144438219922141e-07 3.149016891919970969e-07 1.826004907054220463e-07 5.557390950232713813e-08 3.071173242805102274e-08 1.767429322689929227e-08
1.013384066417736233e-05 4.025338619148360188e-06 2.867861138851065199e-06 1.978271534414567622e-06 1.415841625783238842e-06 1.307187676166006739e-06 4.021172113700107767e-07 1.962661560763243410e-07 3.956395862972874365e-07 5.635544696705549817e-08 7.011168453942495639e-08
5.412855164698431894e-06 3.080986441267514250e-06 2.285449047694013379e-06 9.821630282305573131e-07 8.502277372129594955e-07 3.587970811034452526e-06 4.094702475414916684e-07 5.529312639598831908e-07 1.185391091245962158e-07 5.110778949440428282e-08 2.810456845439189043e-08
6.194818974486456498e-07 4.943429005452035060e-07 2.333198796513109883e-07 1.924220181075447689e-07 1.618806846650976394e-07 3.518804282871269794e-07 1.370297976314053875e-06 1.571024146448339462e-07 4.200346838823523984e-07 8.050267868639343953e-08 2.491762398268612554e-07
4.416097483398431837e-06 2.925162781552879950e-06 1.988597476123987897e-06 3.127298783361152440e-06 1.201567982201457222e-06 5.782437352440922020e-07 3.832595448048379404e-07 3.358975154550072218e-07 1.194525096958191928e-07 5.975848856666371313e-08 3.737189333517419404e-08
8.288785002627291178e-06 8.253071958056640186e-06 1.057233191066773080e-05 2.640760787504353420e-06 1.382477634548756299e-06 5.980528397465141314e-07 4.245698009443326395e-07 2.265499660534650202e-07 1.485546673681601496e-07 6.051870851478566373e-08 1.471453216466384629e-07
9.931901262935803127e-06 1.014487266223158325e-05 1.221842702717966297e-05 4.931423545801506711e-06 1.018272189196480169e-06 2.727287641611605729e-06 2.320984796742670867e-07 1.580955088073959118e-07 1.157372184628405169e-07 4.356190202091351323e-08 2.335426307686931497e-08
1.936393120762839810e-06 1.285609913341610384e-06 1.373652200584608702e-06 1.180842985329530075e-06 6.174469542177968160e-07 4.914002046207949652e-07 3.534813169611160781e-07 3.101804787683807788e-07 3.429948658653505064e-07 2.173771743989845705e-07 2.573694034255127576e-07
2.287460303874905212e-06 1.084829885146621893e-06 1.166352238090167852e-06 2.694870027119300390e-06 6.387117648571372294e-07 3.818626264635371420e-07 6.147038465946003938e-07 1.691207194820920404e-07 9.375712031605207575e-08 6.808288547662130482e-08 4.049354380303178436e-07
1.682654316581495618e-06 2.134160687975711279e-06 2.040453985279099937e-06 1.008214632072964339e-06 6.981562742713728751e-07 4.623859149558541298e-07 3.233996682213154791e-07 1.501498743116464739e-07 2.254972812409087279e-07 5.416057410547486623e-08 2.365833109761697585e-08
2.313989080336019328e-07 2.449083872076928618e-07 2.062818084949980990e-07 1.445205479535567359e-07 1.149632997319380652e-07 4.787206607307414115e-06 3.895587418294013621e-07 2.130450073575594591e-07 3.818388831377841045e-07 5.904231553812452932e-08 2.209646622420133059e-08
4.153362413272170996e-06 3.736329060514685255e-06 3.443481819607447933e-06 2.370581219880478431e-06 1.180148475065740043e-06 6.520843189766350694e-07 3.096418079213031806e-07 4.370592374327998049e-07 3.096614608447310131e-07 6.981806920965564533e-08 2.283780042402132332e-08
4.661941593462909219e-06 4.365128038138828907e-06 3.024360348360293037e-06 1.125308164377079818e-06 3.234712167855396668e-07 2.621335010178137114e-07 1.814453397386458768e-07 5.041606632524049183e-07 7.517676104810371843e-07 1.150458425974608494e-07 6.981646253919554120e-08
3.319861657100097171e-06 2.864949900095153189e-06 2.161029211045213684e-06 1.333079368525516082e-06 3.869522573713818811e-06 2.838087987438354507e-06 4.652037101168977677e-07 2.514564565468106010e-07 1.204031138338673115e-07 8.635930097868382618e-08 1.368453124930587974e-08
1.122930023111009638e-06 1.568726680574770637e-06 7.551401055010732269e-07 5.901434628719237259e-07 6.211217220883830098e-07 4.651056213469075424e-07 5.343770285916843789e-06 4.308694586388066646e-07 2.713454818611422099e-07 7.377299729814661089e-07 1.958375942953885718e-07
2.499668847160439199e-06 1.868512637173467031e-06 1.503011138931860553e-06 1.975462632183215715e-06 1.622137589150617686e-06 8.312632001712599053e-07 4.026758052490815056e-07 9.130666691362497989e-07 1.642594148901124688e-07 4.030411207612469468e-08 1.707161041540726510e-08
6.642834164224248588e-06 4.949328241306660279e-06 2.568858650105304633e-06 6.554314183751151536e-07 2.712047893041831909e-07 2.008783440321161386e-07 1.466364935660812030e-07 1.214708278993587755e-07 5.612228778299712414e-08 4.660952140603654716e-08 1.927238868737813569e-08
3.579771622975414542e-06 1.354000378498278324e-06 9.346366823281454255e-07 5.780011108618930987e-07 5.541321431005573603e-07 3.853059623066701485e-07 2.072517068270362472e-07 1.281165588559126250e-07 1.920235716365831431e-07 1.272370980738459482e-07 1.888674458876942801e-07
1.375719989603657935e-06 1.583044329452386638e-06 1.232255091627141796e-06 7.180567181590533769e-07 2.129463547916299980e-07 1.576043139111469987e-07 1.876818777554233196e-07 1.247408728770546047e-07 1.454738824253906845e-07 1.524584881678655696e-07 3.292824860617426001e-08
4.793491256748771594e-06 2.634761436726685273e-06 1.803999673732375589e-06 1.778644762876424527e-06 1.707568509997152571e-06 9.614920105416956233e-07 9.894388986904051970e-07 3.217303751570249730e-07 1.120458425195764078e-07 6.736185974853770224e-08 7.470359454428501650e-08
1.559738326948452839e-06 1.633937449971391085e-06 1.225606819792587181e-06 1.498661998319435973e-06 6.385846296809013590e-07 3.429544480113606430e-07 2.266197989847303377e-07 1.323465456933811485e-07 3.975460080967972123e-07 6.394341869302475485e-08 2.727190098956671385e-08
5.409819421745135204e-06 2.524671171155395262e-06 1.854670577140826744e-06 1.345392389775054936e-06 7.034571369912894168e-06 9.440672498688224288e-07 4.845520808328199552e-07 2.718752340360188513e-07 1.742966886329105311e-07 6.868413605307772994e-08 7.594478841270652800e-08
1.980202430896806970e-06 1.697653016076264616e-06 1.746804686654590241e-06 6.191645723179858647e-07 3.849900128747484995e-07 3.420379839338546712e-07 3.007018064820958687e-07 1.004830324271788087e-06 1.307763414364150636e-07 2.826949433857761295e-08 2.709035302754610610e-07
5.513978919918257760e-06 2.742903027535426572e-06 1.875366103580849498e-06 1.270952684999795634e-06 6.628278895039346288e-06 1.192130067258430705e-06 3.548873545133581419e-07 2.851668277148636032e-07 8.474513077731442363e-08 2.864317892170155610e-08 6.557399836638332025e-09
8.809466122491560144e-06 3.084633017059660229e-06 1.795784568821761670e-06 1.002328766711254916e-06 5.299258458392353176e-07 3.836252441198929153e-07 2.860483488459309970e-07 3.410826258409747829e-07 3.348531728846489155e-07 7.190617848705832368e-08 3.069418165064156717e-08
7.422205201490397537e-07 4.612909451469502738e-07 3.122125986203098241e-07 2.034835873154234045e-07 1.864236796603499587e-07 2.259125315833956485e-07 6.083704975525796155e-07 1.157903154093271872e-07 8.156335983415615963e-08 1.553301381016423386e-07 3.618911088632612010e-08
2.537965568099726190e-07 2.906337061456906191e-07 2.466691415402071524e-07 1.505471727695646572e-07 1.078471877188524468e-07 6.739550234857679221e-08 6.295130516206249646e-08 5.526293782866453457e-08 5.426724999293487744e-08 4.361720104366786306e-07 5.312209632128743358e-08
3.166700456446939119e-06 2.740323363077009258e-06 2.003146500831494601e-06 1.661357526649409752e-06 1.125984463723543767e-06 7.640419511733039346e-07 1.349030689342545168e-06 1.902379984731259015e-07 1.509298699727249771e-07 3.633938122807252585e-08 2.950754547485673186e-07
9.982990774029634038e-06 6.581473332361830281e-06 3.861083741397036073e-06 2.373572516028312354e-06 7.600922123625894492e-07 3.933997145392547747e-07 1.888514780726354459e-07 1.138648370087384007e-07 6.671425254664308730e-08 4.033981749508523257e-08 2.130016906383415959e-08
1.231884878457258627e-05 3.664948375712139655e-06 2.397127786079670742e-06 1.436073434462933453e-06 7.134256392003902732e-07 5.062624175615004316e-07 3.041590106072400381e-07 1.497096144685430093e-07 9.515924636087934436e-08 6.165179700393025264e-08 1.937794641664995723e-08
5.302930033883555816e-06 5.429568034892013310e-06 3.708038409272454290e-06 2.218545243240681367e-06 1.244106846043965809e-06 2.238780609484206728e-06 3.834669452119755149e-07 8.061967279241675708e-07 1.927775145062751310e-07 7.065081338979558751e-08 3.812891507992717326e-08
5.489710578921425283e-07 6.501111981471284524e-07 4.098699388094079987e-07 4.068761447373314764e-07 2.479837222743982585e-07 1.513012255598944774e-07 1.021163145804272494e-07 6.825597326455561810e-07 6.134198567366132328e-08 8.692600965136991125e-08 3.454978203916028629e-07
5.161270855899983813e-07 4.154507340370995602e-07 1.443329615543695282e-07 1.413606339999638292e-07 8.263294989146782893e-08 1.437635480484195548e-06 8.358516314141399222e-07 1.267214436015681254e-07 2.621798113541464192e-07 5.441780450096148516e-08 2.488950055633038011e-07
2.962662437329394206e-06 2.158239030929716343e-06 1.449712241853917319e-06 9.994375461378693822e-07 5.692770358949446420e-07 3.659591046203935144e-07 3.330444566389596089e-07 3.144601047082259307e-07 3.352045215959850598e-07 6.267729980231353711e-08 3.683022468347711697e-08
5.024235449368505341e-06 5.129309185216569309e-06 4.726999589710087103e-06 2.601941455136272515e-06 1.167020426399162993e-06 6.770128390570035443e-07 3.499739001482968498e-07 1.567528300201197783e-07 9.567095990103982788e-08 1.190852488424371684e-07 2.783348256317310201e-08
2.385432759879354873e-06 2.452895542926095402e-06 1.091107438472643013e-06 8.826516417734388630e-07 8.126225347862914342e-07 4.027702486199912176e-07 5.779704908383944923e-07 3.769676752175984794e-07 5.085977788087983841e-07 9.217478158066146991e-08 8.929904614102867545e-08
5.098116109341853432e-06 2.844160241184208384e-06 2.281029450942401394e-06 1.322762971329059910e-06 3.610648027278751388e-06 1.642953863449366664e-06 3.284930576292931991e-07 2.579848848333733429e-07 1.629233068916060782e-07 4.351487370058540961e-08 2.213289326475916557e-08
7.104800493457075206e-06 8.617862540240211092e-06 2.418270799014861459e-06 1.396821050929331761e-06 8.688792141661543434e-07 4.132026302116925707e-07 2.028568330987150503e-07 1.220992671070760581e-07 4.899216132200354000e-08 2.446750873941728802e-07 2.450972129464365938e-08
4.827829246590544771e-06 3.522427747266361690e-06 3.130462429491918101e-06 1.626846379785373640e-06 1.449573646424788049e-06 5.705733864485968087e-07 2.366315306583166933e-07 2.369824469240353102e-07 2.520534312220689461e-07 5.899387703386406875e-08 4.623940702232771110e-08
2.928108750399700605e-06 1.842638750926615828e-06 3.621529797550128373e-06 1.235517842779668624e-06 3.231001842614554669e-07 3.434394437397487084e-07 1.602243187375354974e-07 1.187106422783249631e-07 6.733768778618978319e-08 1.736236851862393731e-07 3.030389482019632682e-08
4.156286926603898627e-06 2.583196766382473087e-06 1.039721775685879717e-06 1.220589256431866949e-06 3.916368771048640871e-07 5.473062460782601630e-07 5.846050700879298251e-06 3.921592198442571259e-07 1.143708610369606641e-07 7.931387237319739970e-08 1.358150479276675860e-07
3.633202149787543986e-06 4.411107941283622954e-06 3.721135049802364050e-06 3.074497416165205629e-06 1.373716888248092068e-06 3.843360268756118352e-07 2.337677306138211452e-07 3.436362936317082500e-07 8.390202355317329897e-08 4.131985078819657686e-08 8.786433718143497682e-08
2.835305601147372800e-06 2.242856673681723465e-06 2.434910287315446841e-06 1.741089301821012930e-06 1.102356149993757145e-06 9.274409568562354985e-06 4.107355246196652166e-07 1.602147040684312299e-07 8.612185579942381795e-08 3.514585399864035559e-08 2.307065074567298076e-08
7.402202998764210395e-07 6.172840440142036155e-07 5.539652028378605227e-07 6.627533815934956684e-07 3.691753454860876208e-07 2.163612928618612000e-07 1.048560301479204993e-07 3.078321178428000862e-07 8.808043839172275370e-08 6.442785129575039619e-08 4.931363236196937476e-08
2.783459796549518520e-06 3.034768232873758215e-06 2.469503404656925181e-06 1.512353334352448329e-06 3.962856917916611295e-07 1.860445155905259435e-07 1.452772628682200556e-07 8.960208415152877082e-07 1.375169053666565541e-07 1.567148085849058986e-07 2.384586813621353698e-08
9.061177392982722439e-06 4.323638626940135131e-06 1.785233802410650976e-06 8.437152036583338623e-07 6.214415966552623626e-07 4.490285759502544043e-07 5.463038681559831459e-07 1.183638730814054648e-06 9.520601943536342228e-08 8.839420890619083083e-08 4.997402297955785118e-08
4.433032792940192279e-06 3.091735524972675977e-06 1.467570233450325123e-06 9.284781922775630280e-07 5.986017504024388747e-07 2.568209874896959781e-07 1.955639597350330896e-07 1.541101827876929623e-07 2.634192031706042739e-07 2.419683153781389245e-07 2.664993387344148131e-08
2.971792474395302321e-06 2.043225897861817489e-06 1.657960703648586376e-06 1.285180947120384364e-06 1.109312348764415278e-06 3.147890277026928082e-07 1.914885705890462497e-07 1.176405531475947971e-07 1.056010370791000219e-07 5.209660667263632793e-08 2.143738618632102539e-07
5.422446445646369765e-06 4.429446032736932648e-06 3.393170115380187439e-06 2.011798260681406232e-06 6.456011215494418450e-07 3.175870493226628176e-07 2.897496002787581082e-07 2.013448587897115494e-07 9.731297166191451201e-08 1.608478085102093466e-07 9.655908103507093657e-08
5.418281045525021542e-07 2.273846761549264284e-06 9.146752083016304076e-07 5.195029662801469613e-07 3.397225422989706387e-07 2.514635778975696412e-07 1.898423913457370139e-07 3.991790528828342843e-07 1.557819633223255863e-07 7.330409010806851466e-08 4.473140121874503185e-08
3.120440229279761369e-06 1.501036077615576334e-06 5.060912869979041865e-07 3.869380730449853843e-07 4.854293385198579552e-07 1.260810005764544052e-06 1.319285718250734281e-07 7.725331809768669425e-08 5.400960118809972028e-08 4.377094684158471023e-08 2.941532176802320892e-07
3.777364389995555440e-06 1.600468293945509672e-06 1.235438079362014493e-06 7.905239174867056959e-07 6.219107682228492018e-07 3.854571059180252061e-07 6.660141009510807435e-07 2.328760862078022434e-07 1.338611138972401069e-07 5.610208935079308379e-08 6.141616609804979979e-08
1.550024329059488221e-06 1.858761898404485078e-06 1.920798347342342693e-06 9.151686994922081993e-07 1.381115779788897221e-06 1.381086491311489396e-06 7.743919135894079215e-07 3.414682608422629219e-07 1.278041979712920692e-07 5.294394556777305989e-08 3.445952957134416845e-08
7.696277077340000372e-07 5.887459816963040767e-07 5.009265267881765690e-07 5.996116034531846482e-07 8.003947393869645346e-07 1.038631927416361989e-06 6.723826192137647129e-07 1.082481195756859285e-07 3.814708161063982265e-08 2.863610691646241136e-08 3.131910708723146483e-08
6.765835131528900230e-06 4.936648966602738744e-06 3.096635429495163400e-06 1.955917443593715511e-06 1.377770746550404697e-06 5.672561499790743907e-07 3.559252427578320501e-07 1.131764789637078651e-06 1.295694534235250656e-07 6.000486928112813241e-08 2.933520001681705685e-08
3.002223553154276063e-06 1.955127970288286981e-06 1.437511562768140101e-06 8.678824800669316531e-07 7.554700966024099962e-07 6.996570264591917192e-07 5.091550790701489700e-07 2.191017942777087442e-07 7.364524208219926655e-08 1.014817789522776748e-07 3.336979384962248304e-08
4.997506413561129131e-06 4.011855166501473012e-06 2.718783561459899183e-06 1.956127410696626904e-06 1.252785331944601125e-06 1.602604695582742258e-06 9.159937271408563965e-07 1.465297960073222594e-07 6.647389180552391754e-08 3.307754191328964719e-08 1.046845122127883883e-08
4.516074964091600763e-06 4.228654585839527136e-06 6.206579432723882759e-06 2.669034536520756394e-06 1.342594204554218538e-06 5.772295049381048067e-07 4.644081543720053706e-07 3.829121341504238839e-07 6.584576862074939072e-08 3.138197420021084279e-08 2.103083810004319325e-08
2.990370598721661120e-06 2.558080452786160441e-06 1.283481048851560066e-06 4.978009251001926597e-07 9.533983015576255376e-07 2.358206662189046113e-07 6.713160250486562580e-07 2.616646044924897845e-07 2.889708021470776069e-07 5.565416221046880976e-08 1.809152147449934733e-08
2.558624954318605138e-06 2.527376956112156466e-06 2.286279277600696423e-06 1.756912812033658929e-06 1.917474106173446244e-06 3.547398198131564270e-06 3.700129260246622532e-07 1.843426841507278886e-07 8.234195778107216225e-08 4.308511959727087647e-08 2.086271838061258630e-08
2.028785320601929896e-07 2.754106574883785015e-07 1.945701745969170588e-07 1.943346483043947558e-07 1.506103804836233596e-07 8.754258516887276863e-08 1.038048164924949355e-07 4.907435012888410474e-07 2.156292907089838330e-07 1.601658614879905884e-07 1.037026317924234994e-07
1.220862138201890212e-06 1.106788966503078842e-06 5.443006787888021267e-07 6.470636250213477641e-07 9.350761790792058812e-07 6.970496326352743504e-06 1.624750846754244391e-06 5.746692431984514588e-07 1.630492402139168640e-07 6.513443299299416584e-08 1.288244472355042194e-07
4.559123689439087439e-06 2.381861684691496035e-06 3.613190335564371880e-06 1.044688996059732158e-06 6.326269639223755376e-07 4.321700886169594622e-07 3.220894189942690323e-07 1.706779783103755178e-07 1.206399221443919680e-07 1.374714883505496912e-07 4.664234691331287781e-08
3.347481153495035127e-06 3.521058329977707240e-06 2.295329351319303603e-06 5.727526888860906424e-07 2.797220024564117680e-07 2.323561808433370355e-07 1.947990357421641182e-07 3.225550884407394795e-07 1.203209011287608341e-07 2.720273972398419802e-08 2.697291960014013257e-07
7.017807543515931058e-06 4.547482599714431804e-06 3.011187832881242467e-06 2.659701825540550463e-06 8.143189150975418627e-07 4.662334989037351293e-07 6.535536248744478994e-07 1.458260894028883132e-07 9.835212760842664158e-08 6.736676268995412219e-08 6.809903902188300591e-08
1.790654339989415877e-07 1.330734432237041630e-07 1.307719737476632069e-07 1.548935386202637270e-07 3.724787546049391162e-07 4.222060456673987195e-07 4.620600703627065345e-07 5.525217058431442764e-08 4.339783489932001572e-08 8.145594926657933271e-08 7.456971703762187278e-08
2.716447150705786908e-06 2.487103460488450159e-06 6.638642170212095075e-07 2.716422215658319045e-07 2.060037719124313943e-07 3.905956678008484978e-07 3.511445788732600948e-07 5.434560599906358774e-08 4.163419328200362486e-08 2.837581033383587212e-08 2.291178737583440348e-08
6.365694377530893282e-07 4.520013934903316450e-07 5.784628591022762649e-07 4.510245091611165417e-07 3.939724895626220502e-07 1.149105585426776382e-07 5.948319873535130070e-07 7.428611333022235293e-07 4.729027747380191289e-07 4.183996618174155160e-08 3.267299109690625149e-08
1.401976404976726228e-06 1.168602653527287655e-06 5.348108036220597892e-07 4.299203894316105179e-07 3.405882285502840453e-07 2.169899159586121165e-07 2.014652135101183029e-07 1.885498068538238638e-07 1.350315521291560906e-07 6.144054478780622077e-08 3.494860906856718001e-08
1.126303669827751290e-06 5.325048837971221812e-07 3.678404723887378916e-07 3.812141024467376313e-07 4.518207072251800055e-07 2.683479637085466205e-07 2.711989741423247528e-07 1.394254314685900559e-07 6.734686303269944899e-08 3.622815468810639339e-08 6.525865832756854429e-08
2.974079276444053880e-06 2.216938022796707301e-06 1.188678786663282348e-06 6.690679888725139240e-07 3.465487276287565578e-07 2.532326537936856877e-07 3.928498197506838023e-07 1.575041260581923617e-06 1.604746195209260106e-07 4.092988230256227179e-08 3.010681063599594429e-08
1.356310583651826367e-06 4.377841891031436737e-07 1.226562912198249618e-07 1.097549665555075679e-07 8.468040798604077685e-08 8.632732740839455096e-08 7.415630875873756911e-08 6.064512919603667286e-08 1.643112394640961163e-07 3.790480418951471950e-08 3.005075653562080496e-08
5.949971454767059479e-07 9.289045424123761623e-07 1.094726580242044050e-06 1.283503670456556950e-06 9.552509099948998025e-07 9.962430772119814009e-07 8.021704042434038366e-07 5.859096474907253486e-08 4.726637142106489260e-08 3.350025492584981673e-08 1.879777002325865796e-08
2.611649901494119821e-06 2.769359567923014431e-06 1.694182827778177088e-06 9.773125507753592890e-07 6.116493900656579824e-07 1.333581813361835131e-06 1.194511235705002834e-06 1.692653409498197235e-07 1.166734802150719581e-07 8.121872716011951826e-08 1.216336957803730371e-07
2.279999302450509075e-07 2.344449135618304768e-07 2.243436522296821110e-07 5.885489958567094714e-07 2.253798852047234464e-07 1.651563622966673238e-07 8.924602616886295865e-08 5.779141077587573046e-08 3.067027285468405362e-08 3.739940826255700687e-08 2.222190695743857520e-08
4.315740194590080143e-07 3.285255281531693069e-07 3.510898496387941165e-07 3.177747818715410495e-07 2.209915223268909099e-07 2.177947725560794253e-07 8.494306431444077421e-07 9.974406490412626691e-08 1.025845958168414972e-06 3.042944208669253438e-08 6.446532997319649721e-08
