1.342641681227856912e-06 1.130524822062471284e-06 9.288841314084933320e-07 7.441738653908928578e-07 6.201933577387689528e-07 3.321958793567637162e-07 3.496340465083367125e-07 4.587329317361784336e-07 3.395179452717528508e-06 4.612928373637316088e-07 3.551394367181803762e-06 1.192385589932123904e-06 5.260383079216639255e-07 1.553860296240774231e-07 9.292558097042282365e-08 1.139606323623268522e-07 4.334096061849722637e-07 1.108719402383939646e-07 3.443179926161270912e-08 2.188069317396732645e-08 6.465073815788157980e-09 1.014034887912648356e-07 1.654628573232201442e-08 1.202931203625917387e-07 1.301568445577332467e-07
2.073383797521572301e-06 1.533305552960838198e-06 1.264622200326447336e-06 7.406960507317811182e-07 7.189310847878866558e-07 5.597725000560950798e-07 5.397100556553270982e-07 2.266321464169519560e-07 1.984217645685062721e-07 3.040895405642518357e-07 3.831768114523772617e-07 1.656771310724317268e-07 2.378208125299042375e-07 2.002133477567928188e-07 7.668298026759080337e-08 7.466567601701108608e-08 5.559519389077834879e-08 6.359211159691323900e-07 3.007065641958526263e-08 7.295607920603907397e-07 9.326655182275324722e-07 1.156429580019966338e-08 4.279839451282012044e-07 9.936960092339652826e-08 4.309240299966360129e-08
1.051209202646520891e-07 1.137450201344207772e-07 8.908270120631561834e-08 7.986411101799959436e-08 7.870405625377780012e-08 7.863736248158587040e-08 7.273050031413036486e-08 7.183109880614841515e-08 6.862234379787614865e-08 6.208337320095007382e-08 5.650395233683829397e-08 5.315643377996788153e-08 8.486014465108737274e-08 3.314657843075977340e-08 2.928148611210634451e-08 3.038250651604261675e-08 4.675711311016943891e-08 5.965786906870098137e-08 1.911397639451340171e-07 9.824049449599598530e-07 1.854670688957305895e-08 1.794593495760030914e-07 5.313022938305215480e-09 2.553033467881286640e-09 1.513608620438672907e-08
3.335057996017710338e-06 2.307128342176435700e-06 2.206801538995405652e-06 1.724006067983926830e-06 7.312577666365117961e-07 8.573879629763205578e-07 7.308299381692989372e-07 2.778629916101461795e-07 1.963736324761968909e-07 2.195930238189277625e-07 2.871427675888387704e-07 2.006049008568533115e-07 4.890433399408207557e-07 2.341350980400342016e-07 1.483208534487115923e-07 9.089451626034980272e-08 1.641303516619390734e-07 9.309136615672223181e-08 2.796081671250610812e-08 1.358369821993051401e-08 4.442100604427130836e-08 6.644071877196891586e-09 1.777638270079639202e-07 3.075076153520163673e-07 2.346377643666210627e-07
1.308577231320828495e-06 1.047137781338522900e-06 9.055406351913491581e-07 8.203213995917983312e-07 7.177473056583469311e-07 5.175527508197938983e-07 4.205470788507075669e-07 4.005964564515252734e-06 5.532470057137376975e-07 2.339526917075841609e-07 1.635193928262358689e-07 1.292920900623175899e-07 9.918816148330558086e-08 7.558731408679233074e-08 5.845881350984049063e-08 4.246749136673727441e-08 7.215852705038095979e-08 3.109605258041674670e-08 3.560058317471761677e-08 2.378332504421211518e-08 1.804969307010615847e-08 1.110265645606330575e-08 2.113623325771165319e-08 1.422400096870132974e-07 7.227975494419070048e-08
8.437779412103395604e-07 7.103931315808862742e-07 5.644746686415715175e-07 3.735434406422558830e-07 3.477901352164750782e-07 3.806434277316033104e-07 2.486002638215084999e-07 1.628534092431585262e-07 1.204412196439985013e-07 1.008666579952244442e-07 7.102823636204639427e-08 8.162803480517309419e-08 7.480204509196238182e-08 5.447998750378030452e-08 1.665636021860534279e-07 3.009159267800226511e-07 1.692100411913309596e-07 6.088018093120362138e-08 4.170666799467578670e-08 2.956154946358635132e-07 1.057180041312672555e-08 6.656606174969816606e-08 3.598005720178745156e-08 1.722414743929519109e-07 8.592945279191610296e-08
1.729608747332408335e-06 1.620407244037399890e-06 1.225502141946752223e-06 9.160172687590816605e-07 4.844312078196728186e-07 2.985904794453614197e-07 2.566491223346437684e-07 1.439913803816524897e-07 1.219881423131653182e-07 1.281914113023337412e-07 7.884572240863278205e-08 7.668034073127003788e-08 5.309513251767594064e-08 4.638673599169474164e-08 3.918946800692279170e-08 5.883851695566014451e-08 2.384729210555429136e-07 3.873059020133748778e-08 3.502588827296496610e-08 3.732565620874830098e-08 1.722835245457170598e-08 7.193983088587029434e-09 4.568514904294884163e-09 2.614989408637073453e-07 3.089437487062451685e-07
2.957042497772171877e-06 2.795329782794299622e-06 4.646338883011382857e-06 2.532726871825310867e-06 1.706750535890342525e-06 1.288472418595847159e-06 3.604910935810146418e-07 1.755319021460073324e-07 2.825106786653505518e-07 1.727727047333012176e-07 8.744729256152886412e-07 3.335395071954069201e-07 1.021670159987353759e-07 2.559471592990923926e-07 6.145394216653470137e-08 3.802318351102243280e-08 2.804903013262416869e-08 2.297262569795889356e-08 2.275711295070105079e-08 4.826531669663770514e-08 3.107582153011599917e-08 1.560151887440757002e-07 8.823352331565777104e-08 1.000176343770984710e-07 2.807393806556450311e-08
2.275745925478436099e-06 2.331396706817448569e-06 2.552608965765901739e-06 2.370839421780087258e-06 1.653067327611638107e-06 1.395533876382457274e-06 9.996434248318711661e-07 9.028613095433408346e-07 3.895432826921013833e-07 2.029963675056224555e-07 2.394500251617757505e-07 7.960063407802681727e-08 4.337279077295872610e-07 5.720266274052884184e-08 3.828359837188045657e-08 3.103080736259732449e-08 2.769786271516995494e-08 1.180459082841869860e-07 2.992494099165313485e-08 1.697091364977181131e-07 2.404117088159960870e-08 1.853375443993178030e-08 9.215821309778791774e-08 4.229042055703876212e-08 1.040438568548458556e-08
1.564706454904687239e-06 7.836025948214658817e-07 6.611924267565045729e-07 5.032215474161299517e-07 3.834809986653261794e-07 3.160546685446163706e-07 2.883785832725710074e-07 3.020976834068471278e-07 2.564672022329497118e-07 2.349710402835319769e-07 1.785728379519553532e-07 5.936504291235149728e-07 1.246351462342447158e-07 9.915330062730892562e-08 1.373832469030698933e-07 9.827791584159052003e-08 8.021834416199645524e-08 3.894786832312812391e-08 3.302412103635176952e-08 1.163884333149693391e-08 4.709822597937254927e-09 8.109122669655879544e-09 2.036955657809139425e-08 2.532581055734310755e-07 1.123356232047688814e-07
5.676735298286095475e-07 8.574985174278765387e-07 1.317612644517711633e-06 1.303842275438045472e-06 8.127356256552028766e-07 1.209558898931901934e-05 6.015411913669810521e-07 5.322708529803544587e-07 2.953655999908775652e-07 1.575408769694312938e-07 1.521053233076168015e-07 9.805511584681201111e-08 8.186627703889174172e-08 7.376212452036862510e-08 5.068373941781321677e-07 1.567817290873284122e-07 6.423052723646661736e-08 1.822662226287036575e-08 1.452684813492751561e-08 2.372252059472325088e-07 4.921102408561360776e-08 4.467161302358111632e-08 3.064005488729464579e-08 2.490863779936424412e-07 2.336778232231532747e-08
3.683584946920419461e-07 3.916569064281307395e-07 3.881033004948067841e-07 4.162404640107166767e-07 4.416721571094432210e-07 2.722764460060039537e-07 1.918920465988171056e-07 1.475561517295086277e-07 1.591388838362435265e-07 1.354234169478612426e-07 1.328363957313237362e-07 8.470607579362656539e-08 7.455940326684215808e-08 6.268071422169717458e-08 3.946074807746602439e-08 2.911675628523813347e-08 2.577547324096453775e-08 1.831687263493572858e-08 1.270878297742819504e-08 1.121590950205754750e-08 1.978474696933888654e-08 3.005525796277070132e-07 2.843189808000674585e-07 1.802118203972143617e-08 7.203356933241480711e-07
8.305625606174493944e-07 7.698138125332396857e-07 6.514728514064908088e-07 4.036384681360403549e-07 3.980942884059513697e-07 3.592887060081013946e-07 3.481350859403117136e-07 3.819094266656428456e-07 1.425976973102006212e-07 1.204943896541517149e-07 4.369040916915460391e-07 1.256584376709046977e-07 6.597812158259000140e-08 5.923241972715262751e-08 3.103918090746642731e-08 2.587525254277334851e-08 2.294170472358639812e-08 2.949903000071678040e-07 1.308420574566760892e-06 7.885211631131312353e-08 5.500731174440153253e-08 9.716650338008504078e-08 2.987842810754854032e-07 1.109714986578550684e-08 4.441958783400006629e-07
7.995198091664864406e-07 5.098954423557896939e-07 3.925286839649331792e-07 3.562785883634295689e-07 2.870648357982734364e-07 1.660480217008455450e-07 1.271552219863093939e-07 1.264467421300609672e-07 1.285516977645095560e-07 9.648185875639885128e-08 7.861248050924843386e-08 6.585115283798747645e-08 6.274896424992910495e-08 4.600526314519036795e-07 1.270997331093051326e-07 5.777003226003478312e-07 7.101543596737308263e-08 2.707580831573486039e-07 1.946408436088317334e-08 1.350039669968365223e-08 2.688769249465426112e-07 3.884686956413656330e-07 2.135352796988665086e-08 1.198000385394327799e-07 1.378770229773281459e-07
2.066108328971256509e-07 2.057126623554905184e-07 1.801746421779580575e-07 1.512285166613440569e-07 1.295629694605861826e-07 2.514693755392663024e-07 1.707318515529545283e-07 1.680730130479985445e-07 4.736784179277439825e-07 1.866111006908874103e-06 2.656141366782442442e-07 6.454808387027392992e-08 5.758365808662347028e-08 7.745739503340023646e-08 1.053369630765525187e-07 3.572219154004085448e-07 2.721402862881291813e-08 1.738350579880728164e-08 5.999620835832153964e-07 4.863404001777413617e-08 8.349706044608033195e-09 5.268044059750857573e-09 2.132754664115208016e-09 1.820806306717517729e-09 3.408803433790497247e-08
1.552147743695821688e-06 9.305468414732148680e-07 7.111972733348050422e-07 4.286674253368795246e-07 3.725557690573760532e-07 3.824977842188740536e-07 4.253787728647448367e-07 3.842164847676157068e-07 9.974042911304879391e-07 4.127427400682111020e-07 2.115129607530992268e-07 1.005171005495657145e-07 6.664583237994561439e-08 5.947756170848658774e-08 3.927824454960785064e-08 2.987551002309939410e-08 2.217704624109185013e-08 1.759341598712284037e-08 1.659335241991962577e-08 1.421615041087505900e-08 2.331382401848305598e-08 7.678740780632449948e-09 6.270627142367596348e-08 1.015827279828663596e-07 2.731256861867021676e-08
8.177814043603760094e-07 8.935084395664583794e-07 8.211260675837345242e-07 1.100278669546656104e-06 4.652503043228638179e-07 4.676497766900035375e-07 4.933931614114001749e-07 3.844679685443263044e-06 3.287751690410133332e-06 2.838990602100067042e-07 1.426157666279456350e-07 8.835999070793397277e-08 5.576021927667153120e-08 4.796216689895794255e-08 5.907486173677644524e-08 3.619939015229855944e-08 2.101547208716452182e-07 1.757734337178515330e-08 1.303272712737224589e-08 9.763196564024258426e-09 2.086324754017339370e-08 1.645649239991105960e-07 1.484086794273521193e-07 1.320275653470788239e-08 5.071669299660258149e-07
1.119604945467667098e-06 7.320574407863809776e-07 6.854635259080081760e-07 4.562702690033119701e-07 4.119109257353129619e-07 3.019288945898914950e-07 2.016005619659073267e-07 1.790114148795131472e-07 1.719007583303531668e-07 1.888342069958578684e-07 1.673639383184114663e-07 1.258580711178519098e-06 1.020829887134044979e-07 8.576163011157684942e-08 1.203525952981619294e-07 1.078500869551901845e-07 2.794845304608027382e-07 1.210587568458752523e-07 1.690595564762984223e-08 9.029802978646794578e-09 6.812483640773679102e-09 1.074231654017038911e-07 9.171419566120423110e-08 1.170292658761666624e-07 3.603008796614558926e-08
6.073620612986329193e-07 5.212238556651815505e-07 3.893462702609273855e-07 2.957349200316437432e-07 2.660345340198402016e-07 1.478912335611151053e-07 1.044529581935228703e-07 9.995924681063821223e-08 8.528053844382838931e-08 7.817933512266524583e-08 6.391988365478435916e-08 4.939251666439723399e-08 4.163574668902218836e-08 3.647934076078095979e-08 2.975801115791936127e-08 2.475521863350618736e-08 1.926360229114030695e-08 3.268177114040761336e-08 1.943044554283898778e-07 1.071836792879480137e-06 1.984137992696801277e-08 8.303909626547220661e-08 1.215315658806055444e-08 1.442000599272158122e-08 1.463214605121560908e-08
1.274339979180857513e-06 9.975082335899091999e-07 1.040605536976356037e-06 7.890378776143245729e-07 6.029368880047879184e-07 4.944083521905632446e-07 4.166438614059693726e-07 3.513633541806712622e-07 2.694851126298235935e-07 2.267340411004941730e-07 2.122919476347623604e-07 3.144266862323046908e-06 3.075847907917666054e-07 5.576990631241814888e-08 4.629671784465011787e-08 9.233472160442444009e-08 2.562389647661720403e-06 6.094822341398338167e-08 2.505784115314920689e-07 1.310674079922757636e-07 1.140191424489076319e-06 2.015750163348412315e-08 1.639168379547331755e-07 9.674814804458510387e-07 8.767405375774631272e-09
4.439850046065151124e-06 2.670833056159703790e-06 3.509993372844606147e-06 4.285002286627236033e-06 2.158575089732297804e-06 1.534037893324373779e-06 5.097920630304481677e-07 4.686184567728387185e-07 3.866548168673596581e-07 3.066389118962724202e-07 2.224949419811865871e-07 1.730226135016125666e-07 1.106318012989052220e-07 7.489977594719821310e-08 6.170191630330707173e-08 2.986156015125874148e-08 9.490314659281635984e-09 3.267569421520052756e-09 7.678919409430161737e-10 2.218270636276913406e-10 2.327145351198971765e-09 1.289962767142607862e-09 2.261082165115296470e-07 8.020432154820433696e-08 7.054424398078772106e-07
2.083494265203117538e-06 1.820927669357738332e-06 1.749787570285524192e-06 4.461749652849934142e-06 1.967055175809016739e-06 9.745462258565097827e-07 7.427462704579818464e-07 6.753991112255186881e-07 8.692245612771210417e-07 6.765603489898016837e-07 5.506081934295820118e-07 2.228195392002293521e-07 1.459114936544640867e-07 6.323173825232651839e-08 4.543599486225031312e-08 3.796081953162474134e-08 3.178723197493719492e-08 2.847168071562320928e-08 3.659963952141698131e-07 4.511031079393646642e-08 2.709648363532832334e-08 9.936895961380559311e-08 3.249899602701925129e-07 6.635001907467046540e-08 8.313941290882803725e-08
1.928411738973438902e-07 1.780630056531285132e-07 1.937250320811770763e-07 1.515442170497209299e-07 1.361545962725821714e-07 1.206470914824230830e-07 9.224886660322557579e-08 7.421269328224306671e-08 6.523911281175389466e-08 6.157952913499983147e-08 6.945773640177303947e-08 4.827086430075291039e-08 4.630635495788225470e-08 4.439896139437328950e-08 4.520489864330242620e-08 2.478214850379280626e-07 7.102107877347005504e-07 4.000222987938089067e-08 3.376539468931205557e-08 1.005231823717413776e-07 1.223037477556926001e-08 1.855209846069526077e-07 2.388188818996491527e-08 3.088303610333205615e-07 1.302299977461121326e-07
7.695666515351478485e-07 7.394355390674407897e-07 8.738707829877328560e-07 6.885923591078764036e-07 2.423970434298082017e-06 6.355229759698139806e-07 3.971795730722455046e-07 3.340323753317952132e-07 2.472655445460848929e-07 1.737708800288151770e-07 1.423916381508125810e-07 3.564798367913514503e-07 1.079188741969493427e-07 7.021836529640769306e-08 2.150045565464291493e-07 4.285034426286613395e-08 2.943717087456501743e-08 1.878507343416887833e-08 3.553976841382029369e-08 1.038388036507220447e-07 6.145346691775602349e-09 4.892317273477913099e-09 5.657663970389944714e-09 1.487031111722172835e-08 4.426998332608747823e-08
1.621789263577454328e-06 1.248436485201242623e-06 8.036200068097529766e-07 6.696066008684110266e-07 5.102704825335963235e-07 4.796138047318667739e-07 4.037027931103516794e-07 4.200428116709474242e-07 3.970544147205383982e-06 6.830974011400169460e-07 2.921926031819885133e-07 1.836316161276251715e-06 5.843386756177618422e-07 1.069739458327831411e-07 3.157392431980557324e-07 2.015268172614669740e-07 1.351406720919065757e-08 1.251023641305883146e-07 1.711185679380976649e-09 7.262439590945177752e-10 3.796220802207116288e-10 2.713511068407697670e-09 3.035921794868679707e-07 1.929734207382148413e-07 3.719245620685196081e-07
1.182192236786399455e-06 9.401864661926088818e-07 9.707603310438175189e-07 9.487587179108393947e-07 1.565544708684229039e-06 5.179997040224423939e-07 5.308136849281554594e-07 6.520194946934430590e-07 6.635214440611795474e-07 5.495965043511718349e-07 4.549904618622230583e-07 2.207729104240745943e-07 1.891591297212405852e-07 6.064227052183826617e-08 4.368946967316552722e-08 3.419114184502809986e-07 3.451989393033382314e-08 1.708504958469869364e-08 1.042854412675418766e-07 8.718101261139179406e-07 6.079291933219462340e-09 3.128594277196190548e-09 2.771166469767410716e-09 2.904998647363456698e-08 2.816689537660475125e-07
2.949809863809171846e-06 2.242901953548003150e-06 1.701409335860606236e-06 9.920786580167916632e-07 9.287065704088456589e-07 7.232750689447542962e-07 6.029265468337086199e-07 3.439295583705339487e-07 2.620029073336594603e-07 1.964377440847297376e-07 1.907972700168987684e-07 1.450296073411538480e-07 3.614559115261241380e-07 1.357253445980980471e-07 3.922764531207085481e-08 4.257102505403488781e-08 7.903939890840017826e-08 3.693616366930140997e-08 3.438830208204655051e-09 2.303670812098846579e-09 1.270354710129855315e-07 2.389262955449977764e-08 1.260067204424807883e-07 4.420475811103446539e-08 6.997942610508930415e-08
1.404986972934563702e-06 1.041954664824830534e-06 1.143219803816114407e-06 8.542891995747678794e-07 7.817820225407598948e-07 9.477503342861899802e-07 7.734460717884642409e-07 4.654171189096321983e-07 2.850630869947096052e-07 2.100687455227731986e-07 1.996620871860193964e-07 1.609120646073085668e-07 1.149942266808342865e-07 9.943965011108218702e-08 8.672360394089878800e-08 7.220124890054372308e-08 4.002646616060526220e-08 2.712197790118652525e-08 1.467036360047145666e-08 1.546656278290550703e-08 4.230011804961871143e-09 1.771274953347071775e-08 8.588084080904678295e-10 2.261657681391012136e-08 6.412707615512324343e-09
1.666721623768061362e-06 1.072596747775828037e-06 8.956695477151581995e-07 6.850617924115853893e-07 4.448331233054345682e-07 3.435833770926348364e-07 3.814123229536430860e-07 4.757772078828383757e-07 3.110057370658290958e-07 2.346349347880597161e-07 2.115225659905233638e-07 1.683571569532477952e-07 3.931655587427419094e-07 9.187136623203369767e-08 6.238110897818702842e-08 4.977930155177389670e-08 2.715243736299523257e-08 1.724336907011406487e-08 9.632456976403302342e-07 2.631959579312424012e-08 4.441696112283267386e-09 1.360473317798390777e-07 1.039083826662535929e-07 2.570196446580632984e-08 2.792474811914672087e-08
2.602589191511024973e-07 2.458583270468757813e-07 2.964856697083874073e-07 2.176258190812984319e-07 1.035763300294735502e-07 9.011297233662237979e-08 5.997671079628040250e-08 6.322431952726180023e-08 1.024505354367527161e-07 3.519642479628945444e-07 5.023112903025168877e-07 4.162628454208186539e-08 2.677451427567450968e-08 3.396774816903878647e-07 1.128952757813392560e-06 2.658180929920800748e-08 5.604325620391959194e-08 1.769519703042159252e-08 2.758506399076855094e-08 1.397665528231576027e-07 4.371128434998297391e-09 1.763411952732373869e-08 3.736108414304706622e-09 4.007017920730976532e-09 2.099377348872034830e-07
9.870534316192981796e-07 7.315343983307239668e-07 4.782270629622589134e-07 3.621199851717730551e-07 3.197581139156351878e-07 2.804594314372956999e-07 1.158347382117891871e-06 9.831679641162377041e-07 2.034773702340553922e-06 1.969837490424931035e-07 1.550976857372975251e-07 1.483869192086302115e-07 1.181823456848167939e-07 9.101016618184972743e-08 1.025523673763187906e-07 5.955744931832160173e-08 1.349544152984419229e-07 1.269652486971378928e-07 1.010938017328123787e-07 3.719491277555318178e-08 2.484383297629117841e-09 6.671764790995957307e-08 2.935713632023027770e-07 5.560807729589012388e-09 6.935021893635746080e-08
7.963996942129661714e-07 7.980755480600296026e-07 6.326674666412344669e-07 6.427343396974147967e-07 4.917996236759460616e-07 3.811378215813349316e-07 3.826760293398889414e-07 3.027576958561627405e-07 2.611914660953569532e-07 2.390398652169913536e-07 9.436823973284489401e-07 1.849836772973362554e-07 1.075619018494186210e-07 7.857712656855169833e-08 3.853104447325971779e-08 2.482116353721987696e-08 1.329072330233593738e-08 7.858514166500743685e-09 3.559609185216655832e-09 2.000291757319401190e-09 8.268119014623935030e-08 7.416968841334220658e-08 3.981137360019823044e-08 1.194291014579389258e-08 3.552497682804441520e-08
2.436679365108821398e-07 2.182331620117680386e-07 2.297534613221387372e-07 1.977456721932378654e-07 1.647935622965493177e-07 1.434803515156548526e-07 1.138292393891408721e-07 1.101851562778565856e-07 1.126420005661335918e-07 1.324120269244670017e-07 2.563009738797770916e-07 5.611313962852135206e-08 4.212889083229653034e-08 3.601346682490891909e-08 1.170072476843604611e-07 6.892331398134891882e-08 2.403970110044947460e-07 1.481637390752824705e-08 1.214060307847737112e-08 1.627315955369624327e-08 5.480736110283981360e-08 1.155915277795398729e-06 2.201655438574712230e-07 1.171294648648761779e-07 6.249896718364207207e-08
1.709786055061868818e-06 1.470844885499585584e-06 9.977257481641876050e-07 9.310895105951998123e-07 8.905170858764015085e-07 9.208203691574936249e-07 8.019904912693118272e-07 6.750495987570053330e-07 6.746162759208869433e-07 5.443872368898903779e-07 3.057759411693591248e-07 1.017649078369115439e-07 1.049854920884749552e-07 6.532608251713577458e-08 1.309590612966774302e-07 4.222615106814994380e-08 2.564220287771523391e-08 1.699770092604188240e-08 1.693065642089805397e-08 3.356560625538147029e-08 5.155832131965180199e-08 2.408741080863451472e-07 1.337793876365087554e-07 6.493474330432541810e-09 2.926361591018212434e-07
4.576504482721230017e-06 4.037733990728692446e-06 3.267017047952602392e-06 2.927433426320095911e-06 1.717674198099746689e-06 1.034485174290689648e-06 6.781823223516555294e-07 4.064567594861575749e-07 2.311598554274900542e-07 1.806605794493639888e-07 1.138290778079038312e-07 7.496253905982235332e-08 1.820759908199860855e-07 7.060953790465447474e-07 6.936315871079068997e-08 2.852239649269639677e-08 2.396233329025040110e-08 1.790026753918748867e-08 5.055793851908347734e-08 3.914587718969443386e-08 6.409237616716542285e-08 3.466370189267936672e-08 4.335139813156996852e-08 7.787005369229449236e-09 2.467006122820201644e-08
3.261099454116150164e-06 3.001559590909010282e-06 2.915910752614573163e-06 2.164992317265467325e-06 1.207062064400387901e-06 6.539911797223884330e-07 3.030793342982225702e-07 1.708546138423709600e-07 1.269068254609514255e-07 8.538329474724460328e-08 5.368890870899436581e-08 4.582073873677220651e-08 4.090727118353645624e-08 3.637927168733357515e-08 3.029650069036033615e-08 2.626209769575192816e-08 5.489923084794653976e-08 1.011377277280309900e-06 3.276549117438378508e-08 1.975125274690631769e-08 1.064292195432647440e-08 4.852954904685047786e-09 7.789503099014453375e-09 1.199668946984884525e-07 3.394219961205571197e-08
1.328254384097849425e-06 1.420429636739705321e-06 1.078013409489390789e-06 6.154263430316491956e-07 4.668735037014831989e-07 6.731413049587652452e-07 1.572682415726445999e-06 2.649720379790620908e-07 2.766460571315383101e-07 2.289798081099154898e-07 1.506899484491960820e-07 1.462094103599709378e-07 6.319988163880892026e-07 5.244809589777368971e-08 8.646601156444420240e-08 1.232362296915517330e-06 2.532719009395089283e-08 1.962820539673527505e-07 1.884467234309746725e-08 1.197148010952689485e-08 9.612532508037869177e-09 5.273686182012990802e-07 3.059867716572995146e-08 2.324380120502938754e-07 3.707009774597862668e-07
2.152675371082885423e-06 1.995977905381050299e-06 1.333927885582192305e-06 9.271206790433451452e-07 5.736062964217650971e-07 3.618504644417501449e-07 3.944261705127775953e-07 4.374983891995408182e-07 3.058682845303340988e-07 1.180082311199310620e-07 1.183174505823978361e-07 8.438404944666296132e-08 5.910799278899689640e-08 4.977239238867023614e-08 4.251200509544943832e-08 1.345419468830879939e-07 1.984773201006932987e-07 3.435203628509327113e-08 1.404913453309282994e-08 8.540411485160519958e-09 4.793661011739037140e-09 2.490047076332216973e-09 6.703540591517857870e-08 1.916269320945008627e-07 2.137319311221162029e-08
2.514150017836503328e-06 4.125637789691084556e-06 2.944370627824627647e-06 4.664139358292877518e-06 1.666998397257192760e-06 1.446665346973935769e-06 7.284311107110765045e-07 3.381792355815296286e-07 1.709600798949130056e-07 1.229711522829939114e-07 9.688585952217422872e-08 7.905514117053971847e-08 6.486210611587044387e-08 5.466618807089251019e-08 8.605046845752554449e-08 3.493778758411648122e-08 6.894284351329674843e-08 4.067660489063012385e-08 1.910362112235623708e-08 2.326082749429430524e-08 3.979777692262311193e-08 8.461381785700460663e-08 5.255373431957890350e-08 9.968574414823590871e-08 5.039379180155266196e-08
4.371675051428353695e-07 4.979407688613539489e-07 5.922988273597170089e-07 6.639095827149464570e-07 5.847429890978733569e-07 7.004183238455368482e-07 3.324074340023091766e-07 2.815804023674617257e-07 1.070632372411509915e-07 8.808330581043334508e-08 1.053057505493062759e-07 5.023106175184276710e-08 2.541769745857979263e-07 7.301616533361722715e-08 3.707989578135224049e-08 4.668920387923587324e-08 2.047103969524007475e-08 3.196572622426455438e-08 1.533642242152566298e-08 1.010454636985111739e-07 7.098017480643337450e-09 2.177234739294521767e-08 2.602673462906234049e-07 5.284495038575529981e-08 1.035244798775440914e-07
1.868409656064899303e-06 1.587325367329761191e-06 1.283112144889934373e-06 1.138482643140839576e-06 7.785033154989418964e-07 3.598260791384000261e-07 3.135573977921787667e-07 2.597086249198496953e-07 1.895142369347576032e-07 1.333802896210512849e-06 2.338209374184639448e-07 2.012651124294703264e-07 1.211752277681499081e-07 7.822568562621289785e-08 5.552841405249043217e-08 9.290725208772496596e-08 4.401464714461689709e-08 1.358924240303246030e-08 8.937877865582812492e-09 7.043760783013443212e-09 8.669443259993446499e-09 7.282248920987848764e-08 1.818528199852536224e-07 1.401637747305955212e-07 2.984142706198735484e-07
9.811539621381700195e-07 1.946362673728931277e-06 1.456637326795142690e-06 1.025938342073509074e-06 6.848655979358275504e-07 4.892863658661610740e-07 3.936179910841884757e-07 2.971220494974688269e-07 2.516335287233587489e-07 2.348659122922323013e-07 2.372811644806859615e-07 1.179775000165161354e-07 9.020161654592493641e-08 7.260347841567591831e-08 5.860948818130339447e-08 4.273477202056756664e-08 2.639955675311264919e-08 1.298028081936541279e-08 5.934592512413403342e-09 4.961436540951076630e-09 1.145408920514102330e-08 1.785573111999788195e-08 2.337699514532833711e-07 4.588562121439704193e-08 3.176638950750799229e-08
9.437721613617295400e-07 6.930313498763475688e-07 6.169587558465978607e-07 4.540648325151118993e-07 4.962965270321971171e-07 9.658225076290927899e-07 1.219795929327772217e-06 7.057665095422198817e-06 1.074705469337597999e-06 3.827916865702385976e-07 1.696233403548583110e-06 2.853519977629443544e-06 1.863467606364859648e-07 7.466342693220795504e-08 3.726160689080770911e-08 2.707683804665347906e-08 2.130844659009786858e-08 7.385179854917304401e-08 2.103365119259016160e-06 3.049587849268420279e-08 2.678543843272300571e-08 5.113008566341543115e-07 7.115388684107256233e-10 3.070039646208306250e-11 5.335383288746572814e-10
5.094689147572328540e-06 3.685009035187894917e-06 2.118399589357406831e-06 1.421895747327341413e-06 1.384724929898772857e-06 2.471909705686393095e-06 4.667549504722234922e-07 3.378213762320173644e-07 2.489395012108353886e-07 1.938250251438310267e-07 1.778203257134606437e-07 1.115587776725868939e-07 1.007477211691917908e-07 7.929234361868344569e-08 5.759160548105478675e-08 3.759605176703275367e-07 1.997874024510487138e-07 2.387689180458503029e-08 2.033735615064177331e-07 2.592980708810348608e-08 2.315813859804897192e-07 2.150944190414411579e-07 4.326670687598317268e-07 3.627019176396521280e-07 2.750687106143867918e-07
4.869159960250926655e-07 4.564605284336429199e-07 3.887818962713379653e-07 3.822786253986549922e-07 4.466425655246112008e-07 4.409865341946738540e-07 4.247782543452013312e-07 3.651384777790911973e-07 2.989698722784418538e-07 2.311876404056103656e-07 1.735134220847707353e-07 1.197807309670737475e-07 9.817774794167004866e-08 9.003572014469759590e-07 1.299635566566668078e-07 8.716370216016698513e-08 4.093861233769199406e-08 2.923447845550362973e-08 2.860668279159460632e-07 7.494895175198188967e-07 1.069726446957562577e-07 2.116870164209792460e-09 3.293404888062156667e-08 2.376916264247910217e-07 1.996517863027826419e-09
2.078964200548327431e-07 2.063393266191907694e-07 1.732253731230819018e-07 1.874609161237728217e-07 1.825043731934951021e-07 1.174470063087603057e-07 9.688578685376850305e-08 6.346172078950497700e-08 5.870115103731372949e-08 5.519878056974988227e-08 6.267510115590966819e-08 1.522600011106409549e-06 1.171946713378599848e-07 4.116545094279125563e-08 3.741318539587651965e-08 2.877688016544123945e-08 2.281624213798334960e-08 5.125900822530247745e-08 1.514553922540795602e-06 1.072816977074342877e-08 3.987407609154579527e-09 1.888285246169923349e-08 1.108098613798715191e-08 1.936540640331377044e-08 4.359053544845180048e-09
1.797682619817601423e-06 1.156698336923136714e-06 7.316337929225541784e-07 4.226054673773997827e-07 3.860517465190595931e-07 3.435936243114468004e-07 3.567109512113625447e-07 3.115271440101576725e-07 1.795491246599254753e-07 1.146018584913006265e-07 8.402687963699855459e-08 6.470563984634531325e-08 5.821299264837185545e-08 4.903988822766880949e-08 1.389221357153161392e-06 1.112468017065709654e-07 2.742794289739291116e-08 1.710999543277919390e-07 1.677217995781167519e-08 1.414713084407024865e-08 5.483659353059586675e-08 1.542333886076178208e-07 6.383291141941846999e-08 2.806022440300381692e-07 1.788385234124698349e-07
9.387412331795431119e-07 8.169227433269386072e-07 6.382710764933928763e-07 5.858730948045803886e-07 2.297336145852102329e-07 1.160096598289281193e-07 8.939351412848769523e-08 7.340492797144812547e-08 6.385394592527886934e-08 5.818093576880774640e-08 4.695536366655445844e-08 4.786836973054993990e-08 6.301475446155657088e-08 4.964042530514696333e-07 4.496485053204669047e-07 9.060888840843247612e-08 2.898641945973891797e-08 1.935792714421278583e-08 1.655361649495144777e-08 1.337112159504279110e-08 1.449982186457000837e-08 9.861522696257602257e-08 9.975689898611284396e-08 3.729368216372348096e-07 8.407939465486533302e-08
2.223802512745154367e-06 1.748599494633516632e-06 3.496568491222080876e-06 2.320057590485038730e-06 2.035854512503315042e-06 2.546976172377839684e-06 1.528655241594645531e-06 5.641247109901766292e-07 1.690914640238021064e-07 1.043605687895109648e-07 7.292472322409471639e-08 6.351401255449495109e-08 5.549388852738702993e-08 4.220260220804595243e-08 1.794735638416077667e-07 5.286182136224717090e-07 2.746279854287220149e-08 6.424097354362035298e-08 1.495401834263902676e-08 1.245480489143354589e-07 9.162914983310565829e-09 8.769520777142628536e-09 1.549908475614818706e-08 1.058363112411445746e-07 2.275553509754219936e-08
2.641400729747070591e-06 2.809868869546239717e-06 3.647529223727041875e-06 2.215375860736697687e-06 1.264063700553203074e-06 8.396080345881481274e-07 5.889909644293368985e-07 4.687127002740228545e-07 2.753741226123449269e-07 1.797998323224474251e-07 1.524539251846520864e-07 1.377806907416209627e-07 2.381078844258523587e-07 9.068493516162620491e-08 3.617781282721392847e-07 3.246115278932224083e-08 7.205268849640831398e-08 1.230852664358701105e-08 2.771997663705793816e-08 5.621238402201025438e-08 4.644010666613438220e-08 1.973432588877196771e-07 2.413543109205197305e-08 4.297181807435326429e-08 5.008212407490138600e-09
4.898535609538062945e-06 6.931661925208499602e-06 1.112377864403379423e-06 3.685464264489904141e-07 3.470686102150508496e-07 3.472526178449197652e-07 2.264769915671683025e-07 1.525942907881096987e-07 1.350946585120824072e-07 9.858259673681369190e-08 3.480925405133983602e-07 5.472858548217243119e-07 5.314068030409402938e-08 3.878387314783281343e-08 3.235334642561836905e-08 2.792036152861092897e-08 1.003623835971951220e-06 3.504886768411785850e-08 1.900620709395868748e-07 4.059747732800753262e-08 5.332524138470873447e-09 4.230393066416245512e-09 2.891170874519977169e-08 1.877608419650800995e-08 6.291766486006014863e-08
1.961897576879980312e-06 1.204506743575959397e-06 7.084112076440398731e-07 4.371647089971544596e-07 4.267039229725760568e-07 4.830934825182189376e-07 2.216452918514259188e-07 1.963697382963143132e-07 1.278098388728390226e-07 1.192775428321379232e-07 1.122873660744209061e-07 2.297723048433870448e-07 2.884637714129986517e-07 1.998394545464793725e-07 2.260470622453124137e-07 6.300412837654292548e-08 3.557956551123694796e-08 2.914094982354132852e-08 2.352013100902997365e-08 9.017569956718966575e-08 1.883936882952843138e-08 1.681637482229419523e-08 1.499133859236724676e-09 1.109143250608640925e-07 1.765497556899901410e-07
2.310325470551600131e-06 4.710947852338566287e-06 1.970374056617353323e-06 1.960694434337831951e-06 1.222352014283381368e-06 9.357095879083867628e-07 1.016902379602591528e-06 6.283955889732079002e-07 3.271975941699369105e-07 2.015326934891247673e-07 1.322236032227186537e-07 9.240290410857881703e-08 6.502023374628239567e-08 4.492899701871255315e-08 5.648897819848905216e-08 2.846236887612630077e-08 1.029625345425092158e-06 8.477537576077117827e-08 1.424607783538436194e-08 1.675712790800063168e-08 1.511030699802183287e-07 2.587383057544404126e-08 3.710120855728968661e-08 4.086174512428890338e-08 1.500079817338141225e-08
3.379163118695774058e-06 2.704095147084937869e-06 3.949508972645978649e-06 1.583708574218610681e-06 1.139099020537359258e-06 8.958788876312426599e-07 6.691578769956209119e-07 5.754109678062474665e-07 3.946317591418651102e-07 2.407953707546937816e-07 1.666149453259820846e-07 8.831908146675373458e-08 6.676420745599291917e-08 4.901544944049151023e-08 4.042453101949043233e-08 1.206642696071769627e-06 1.099734961609691759e-07 1.224385130541890317e-06 5.640465833712517260e-08 1.548712893584637944e-08 1.226564531462205006e-08 1.511060263289564864e-07 3.170287625509954448e-07 9.196233828842869962e-09 2.545810645700737560e-07
1.006052613717618107e-06 6.843319093422668272e-07 7.612568511929957034e-07 1.107199830946588098e-06 3.988447057873931036e-06 4.674587903274239042e-07 2.171591916657849933e-07 1.480776931504294075e-07 1.370959371530876613e-07 7.009942898866901561e-07 3.555549010061464311e-06 9.255735327781703299e-07 1.367974080579016652e-07 9.172369267630227564e-08 1.383349547687913686e-07 3.449773264071983813e-08 1.847766369978551745e-08 9.389713688981034183e-09 3.750579136210932096e-09 1.408406895967338780e-08 8.100723206157924055e-10 7.327894904347698651e-10 2.895216736350374304e-09 8.222349027599203258e-09 1.126834979110158509e-07
8.207825281529423669e-07 7.173937509170863750e-07 4.435968206006020856e-07 2.517673049427318395e-07 1.972081121012906722e-07 1.278717891728062065e-07 9.538868004156386564e-08 9.967460140344608688e-08 6.896003444338223613e-08 5.478825052796211543e-08 5.169472381336286653e-08 4.582156826639596429e-08 4.376499550387934343e-08 3.720857013471269675e-08 3.501327573676721949e-08 2.613344233114040681e-07 8.388777510204210108e-07 1.229414109360571892e-07 2.843364737084548509e-08 1.606056792552994055e-08 3.830127831535191335e-07 4.334871097612108618e-08 6.197990902152447426e-08 2.399089060856979605e-07 4.015644193345954772e-08
2.489499537981094505e-06 2.081178120264289011e-06 1.027270136600683556e-06 2.154124983917481464e-06 1.129693529839321655e-06 4.579010805338423472e-07 3.603945151940046708e-07 1.228858941269853292e-06 1.753290595069941085e-07 1.732586530797008390e-07 1.918994379568664525e-07 7.255287692634032588e-08 6.432412471781718504e-08 4.076839558243378725e-07 3.334813535934325437e-08 1.947048877165062975e-08 1.197146080413956559e-08 7.885857180855749520e-09 1.002152886278485048e-08 3.884864042021889533e-09 2.317074857349006368e-09 1.744938584129253209e-09 2.746708480600535369e-09 5.556794482310579019e-07 6.163854259935039524e-08
9.363283398555615406e-07 6.334302380199250121e-07 5.937455424516214053e-07 5.929088071240859264e-07 9.720447212650328905e-07 6.673838981759311681e-07 8.502449205828461524e-07 5.475373047134964617e-07 4.295549319473030915e-07 1.127174895873278577e-07 9.208986397778719201e-08 6.235966465117686330e-08 4.384057094035157013e-08 6.402912684838698660e-08 4.653832743737428129e-08 2.884443500931435456e-08 2.389123266574489082e-08 3.121605542619511017e-08 1.518960367323675997e-08 1.072133016398530379e-08 7.515314214162037536e-09 3.588038659451136894e-09 2.272591421313263399e-09 7.028284213730353354e-09 2.877263288501639685e-09
9.146033131613496630e-07 9.175403126555577773e-07 8.272378092968821175e-07 6.783300422067562493e-07 2.295265105680141427e-06 1.035318422416497299e-06 3.861339963514585542e-07 3.182409778550608806e-07 2.375405101666316486e-07 1.940470079572181324e-07 1.443887204671920601e-07 1.316614991694454608e-07 1.056097306265275508e-07 2.726258279724656392e-07 4.841181504052299017e-08 3.327231326759781739e-08 3.105503600350526127e-08 2.528460949249858757e-08 5.995102733153223982e-08 7.675648497526035962e-09 4.869056196447894714e-09 2.792219100742647203e-08 2.040081184466722838e-08 4.348344121324731209e-08 6.003881437553768142e-08
2.349544588254937516e-06 1.852695456581240885e-06 1.353208869745876149e-06 1.259146973203938191e-06 6.665747677291891180e-07 4.286162917186563970e-07 2.448764379101793053e-07 2.641125944267496913e-07 3.185866345419039543e-07 1.791529731073385537e-06 2.848507507366978868e-07 1.198550329367803965e-07 1.061519986795050741e-06 1.206288138257480128e-07 4.735412572276605235e-08 2.240673658598810849e-08 2.136337307301374100e-08 1.113373871961393469e-07 8.247700680942778125e-07 5.754118460927011006e-07 4.427211395552300826e-07 3.782010680251699626e-08 6.412016857961851049e-07 2.535318953267963751e-08 1.766451724632906392e-08
5.537635184544945927e-07 5.527102684329975220e-07 6.511278092281574044e-07 4.902632382904946515e-07 3.610660377588494726e-07 2.529978005392904349e-07 1.969866573490783866e-07 1.501796489534997269e-07 1.458516190768401247e-07 9.010416799861126102e-08 1.492926125565670930e-07 1.761100379290364759e-06 1.786704206550797562e-07 4.838920027980592725e-08 2.606365944636103640e-08 2.086621112641597563e-08 8.794406328338743253e-08 1.562724940736128045e-08 2.939244355420477977e-07 1.419536220394075108e-06 1.629771497712507379e-07 4.453735428123335092e-07 2.831898787300219936e-08 1.638192401970120845e-08 4.038522293224450007e-08
6.731557574384926395e-07 7.521448585197665783e-07 8.726359203296258167e-07 9.509965748006213044e-07 1.337235152339262019e-06 5.365138335372745669e-06 7.318382517955395668e-07 3.977823837492837778e-07 2.283674854525831588e-07 1.988119638232887528e-07 6.340072027483558974e-07 1.622779474235219648e-07 5.583695021004033116e-08 4.765062772383041478e-08 3.997306942128202932e-08 1.471646187402068181e-07 8.294481073913280251e-07 4.823590647933523191e-07 2.454003901796762608e-08 5.820997870558175648e-08 5.861299627552940275e-07 8.534246715344992549e-09 4.964090521562882709e-09 1.489876190767625508e-07 9.321178964233259928e-09
3.625617238220316468e-07 3.700592115874329823e-07 2.646108805130177345e-07 1.352044666531761369e-07 9.720738846745831561e-08 7.047186826474195582e-08 6.475177146357743903e-08 4.815052323744702126e-08 4.086247285407671158e-08 3.393587262111994203e-08 2.873827969852873402e-08 2.752931365577742588e-08 3.109991419158173295e-08 3.541598160956769875e-08 3.305752152734047185e-08 3.083432512695572448e-08 4.892574030962952361e-07 2.980328523338302811e-08 2.466213148086872192e-08 8.071272358274093683e-08 1.901776727233834733e-07 4.434054733824647183e-07 1.950068725650722221e-08 2.212971054387575312e-08 7.259707251996916879e-08
1.030335720080053599e-06 7.648419808905811288e-07 7.722273925645645484e-07 6.574521982378859012e-07 6.725940705794547196e-07 3.386573091586868272e-07 2.001535944032539795e-07 1.283049821891868708e-07 9.674342307689259941e-08 8.339732923898436845e-08 7.689301205591997987e-08 7.265859373166136383e-08 1.187401853028938566e-06 1.222111249308203956e-07 4.975464732208291614e-08 3.931660513503822473e-08 3.082562835756782649e-08 1.068171281576731423e-07 3.476464772361888357e-07 1.692706597311153118e-07 6.925727022339493037e-08 8.880691216486213276e-08 5.965260420914457540e-08 1.539695506198900548e-07 9.167696688842407584e-08
3.760372026371629339e-06 3.378986350424085255e-06 2.847082590275152697e-06 2.317684595681614590e-06 1.797793803363675963e-06 1.651612381871902376e-06 1.057418828470925899e-06 4.667123385236154780e-07 2.479985059010013078e-07 3.215104510210153307e-07 1.105650813720745353e-07 7.333998070202006016e-08 2.403993013567865439e-07 4.595608580488106269e-08 3.288547190943126473e-08 3.145211265612902420e-08 5.609722448503993876e-08 5.997297653713005242e-07 1.925704423040160647e-08 5.995557033561028386e-09 3.673537944633738032e-09 1.792021295520180656e-08 3.530063131670917826e-07 1.294722197567125634e-07 4.504858488077379829e-08
1.019312043527538141e-06 1.109029924301480428e-06 1.181898092347467238e-06 1.234831654243368095e-06 6.980441775690768428e-07 6.311626412761444867e-07 5.493952471452907142e-07 4.266583689395765306e-07 3.339752813993891220e-07 1.779251266468524668e-07 7.919174678327766778e-07 1.444529714853202365e-07 9.036009905658824455e-08 6.306710774110559683e-08 4.714718237263991978e-08 3.483835174706497406e-08 2.539826315516883512e-07 2.443294532663002293e-08 9.454806045405922432e-08 2.262322610624919246e-07 5.842295236212159930e-09 4.152025425353859565e-09 1.084274759529649932e-08 1.433317025416293586e-08 1.815508147060470090e-07
4.083160881315104312e-07 3.582227332763148548e-07 2.520366110658623312e-07 1.685341425422498244e-07 1.537261586116234068e-07 1.244231787273720856e-07 1.056722451348094065e-07 9.328921314043909581e-08 9.844146293509126955e-08 1.087471779063493753e-07 2.995629396534885289e-06 9.278823144333824463e-07 7.998154613191071925e-08 4.565783669381417481e-08 4.050452340440063528e-08 4.138397857449232508e-07 3.473873564847155901e-08 2.795335178450015920e-08 4.380913700612230723e-08 3.837853350967511235e-08 7.718897529169609026e-08 5.690626589171588928e-08 1.712932778425439800e-08 1.654749307536278997e-07 1.104405236511768073e-07
1.025816612978704115e-06 5.207763984139346171e-07 4.351294415916108401e-07 3.422417561096601047e-07 4.116160046209495165e-07 2.918505762176387443e-07 1.714423770419080389e-07 1.459166979563217256e-07 9.477436727209210912e-08 9.646811939833296206e-08 8.191595620375095938e-08 1.665992183349773820e-07 6.920204740351451681e-08 2.524121153350509936e-07 7.189278887042482671e-08 8.804368177062413631e-07 3.834063276825834135e-08 2.027004099734315082e-08 1.477973572223256920e-08 1.284982138860043561e-08 2.300626584435860097e-07 2.573384049807862599e-08 8.083199280072938783e-09 5.734651687139768802e-09 5.708661877782729249e-09
9.502087901225572382e-07 8.813535838960318062e-07 8.097228379343030644e-07 6.746952260718904590e-07 5.418323346257490025e-07 5.342383106445813348e-07 3.095400692979007046e-06 5.209081299624310348e-07 4.839028294381831970e-07 2.682401805039956047e-07 2.135720688859633327e-07 1.294045512654671390e-07 1.025176903415449320e-07 7.464320030920178023e-08 5.915171742619498867e-08 1.397536004577857592e-07 1.173521179135775283e-07 8.686197244811968861e-08 1.138201931841077079e-08 7.783455940376226590e-09 1.103087120222703486e-08 4.320701280542877361e-07 7.667030319237635111e-09 2.282727681385703757e-09 4.191562095410576551e-10
1.453100363781754079e-06 8.218524736841702050e-07 3.683072198246430250e-07 2.988323247051663597e-07 2.243983748627584072e-07 2.330879057963943020e-07 2.015459067391736777e-07 1.244687459104845319e-07 9.736048783261669731e-07 3.509758244773391465e-07 7.778650712643878385e-08 2.659593150287313946e-07 2.200498974099730905e-07 5.154327335406844548e-08 3.871237375703007768e-08 2.750100381751433561e-08 2.533238675999129441e-08 2.193498634584987836e-08 4.150175833432602743e-08 1.898015279401855537e-08 1.003402893390014055e-07 2.107302883006224692e-07 3.104066557475280569e-09 2.690825646739352626e-09 2.323661600842133547e-08
1.354835821569963767e-06 1.435778080972275430e-06 1.526656349628931153e-06 1.820072022579208641e-06 1.611931428629951797e-06 1.331724034210091949e-06 1.143816770717223683e-06 8.241250064159067807e-07 1.217179758116376417e-06 2.376134272157069840e-07 2.114580338020159789e-07 1.197674855174794552e-07 8.165009722178231693e-08 6.492750821355598429e-08 4.474989408221919821e-08 1.790868075733003096e-07 2.888329006680732597e-08 2.902532135274819430e-08 3.436924110279308850e-08 3.828283891346823945e-07 9.029450986611520117e-09 1.219160829128337597e-08 2.473427638381950127e-07 1.074707989548359638e-08 2.368758755745593486e-08
1.525625314129881787e-07 1.214777265679617263e-07 1.483649978132159851e-07 1.546145779611586851e-07 1.283184541068999292e-07 1.048560501160650788e-07 1.044197629649379233e-07 9.890356977562126211e-08 8.696492992320769757e-08 4.169428032753851053e-07 3.367978568577345234e-07 2.015397096072838119e-07 1.204864967050161313e-07 4.463307484852616424e-08 3.427939239603348180e-08 2.881950393381321942e-08 9.252012980332389193e-08 3.124375908611706980e-08 1.108588596001716584e-07 7.377010163816819211e-09 6.002836317531564067e-07 1.258809350370357710e-08 3.963975781877023868e-08 6.222881742263347633e-07 9.003731726363675685e-07
6.008697566184450871e-08 7.849253874466145031e-08 1.021068950885478502e-07 1.081393720651098601e-07 1.011236220447834307e-07 1.291732803476129227e-07 5.911552458762548599e-07 8.301770352146438970e-08 5.472136529217565533e-08 4.901019465838523919e-08 5.057673435340970537e-08 4.617729647647134450e-08 4.213851642641419542e-08 3.583430832565994907e-08 6.476617069420309068e-08 1.292176751295999304e-07 3.752293997485702998e-08 2.507696223723458370e-08 1.413179396792456588e-07 4.408935929207238404e-07 1.529697036174304400e-08 1.652271935924974950e-08 6.676728237022007910e-09 4.746873060099240323e-09 2.786346634496352474e-09
9.493413182432096481e-07 4.576004117644189420e-07 6.694123864365374178e-07 7.063263152973015491e-07 3.711971152761704921e-07 3.158224713973493448e-07 2.441884338449123456e-07 1.723533966033567508e-07 2.031818968721018063e-07 1.203907173452302095e-07 9.034456400281913674e-08 6.733487702319818525e-08 1.205139048861241175e-06 8.803404117276142344e-07 2.815118952898448239e-08 2.292796868460495137e-08 5.185549866130439890e-07 2.131680920677531758e-08 2.880830186602731594e-08 1.491358169251401321e-08 2.379353003121542950e-07 1.897499347688994259e-08 4.171477382557295436e-08 2.469234372573630372e-07 1.210059619062229305e-07
5.021588538740663449e-06 3.631091556072047059e-06 3.057917873652281347e-06 1.997437888411590607e-06 5.085343498482438485e-07 3.661896000060856177e-07 4.432881429790385100e-07 2.044697310365781300e-06 6.106689709621573272e-06 1.220595036859465912e-06 1.498694350205819674e-07 9.185794024035113936e-08 6.777095142054095220e-08 4.659919899504529383e-08 2.754382711406238588e-08 1.838857033714994897e-08 1.488342974907263277e-07 2.948173545025864757e-08 2.221620268680014160e-08 3.137262932278912370e-09 2.069244715246690441e-08 2.149307906225244624e-08 2.036142604348058375e-07 9.132379473596805315e-08 4.876734800830473548e-08
4.662054479675084996e-07 3.186980786005524785e-07 2.855903167548369445e-07 2.432267727441624683e-07 2.466689327899065719e-07 1.863221275927352367e-07 1.286771620149212134e-07 1.019870696873032832e-07 9.330818070259667264e-08 8.450835649444275008e-08 7.606377677001467007e-08 7.627510380029439995e-08 6.296759200842660214e-08 4.027192267310619545e-07 3.094945271731667385e-08 2.882422586890970342e-08 2.050214304088983705e-08 2.136521661481381476e-08 8.426499172388297357e-08 1.220886375211823493e-08 6.413197776550358168e-08 3.468470258001263341e-08 6.153095037696179996e-09 3.829378959250159360e-07 2.337481251852380189e-07
1.058907137138555414e-06 9.980078654418071563e-07 9.632318531097834921e-07 7.526317342510829329e-07 6.059309722285778815e-07 3.654140425031425329e-07 2.186083942298109121e-07 1.478748253020076579e-07 9.774374856184300626e-08 4.473801567593169780e-08 3.799952636708863149e-08 2.967257724792621071e-08 2.727244250522841482e-08 2.315071975751170901e-08 1.820423743577734720e-07 6.262914746012877568e-07 1.778436481557002343e-08 1.212063053434730461e-08 1.005642520521127167e-08 7.116412229273282172e-09 6.873029163747802922e-09 5.017061832465727516e-09 2.952537011388025135e-09 7.906134963284459054e-08 4.181234054368584516e-09
1.795419433970397023e-06 1.612987514873365376e-06 1.877953640369683109e-06 1.504454570454697777e-06 1.352465798255090527e-06 8.846544430250310882e-07 4.437283227454588388e-07 1.695958382818464810e-07 8.979792100026631156e-08 9.126352993428402567e-08 7.226167712002918272e-08 3.104984077032411365e-07 1.163645423235174344e-06 4.831297162870995819e-06 7.953789591542696358e-08 4.868512039009125723e-08 4.797379152130873640e-08 1.252276123393760159e-08 9.506769050435992371e-09 1.456959138025471691e-08 3.855718894367602780e-09 2.772360041334241399e-09 1.602094401679455975e-09 1.989096570985707615e-09 2.751082043378215925e-09
1.607543674608012843e-06 1.092715185579664308e-06 8.120339108116342708e-07 5.269266087225899883e-07 5.524079085702655566e-07 5.219316872345696753e-07 3.674735024360300543e-07 3.381068592082613567e-07 2.316638216820946567e-07 3.268384809036609369e-07 1.241796081404602692e-07 7.397688500049042647e-08 6.418025543268541489e-08 4.805550032973385565e-08 3.707328998474419246e-08 2.804327497971446753e-08 7.064456024713039919e-08 1.725182448942948199e-08 1.463079271166655756e-08 1.246687724566073274e-08 1.409847087592665575e-07 4.403816037005081933e-08 3.796786530905493241e-08 4.355807608978017504e-09 2.524170737457595422e-09
2.430762034819335614e-06 2.342741352448978397e-06 1.972957371535576019e-06 1.721514128924795820e-06 1.411087293425196026e-06 1.385317105565526206e-06 6.216922368634796951e-07 3.874773490343091140e-07 1.536429591675115699e-07 1.452439220355814537e-07 1.321178934788049623e-07 1.410700422008122670e-07 1.329283230107669712e-07 5.521482170874824843e-07 1.091141674180164331e-06 1.128755237429658188e-07 3.706638846310808443e-08 1.780149520578094767e-08 1.405974569814693494e-08 1.078681760393653500e-08 7.408473433065018266e-08 2.519646366909663556e-07 1.300869121199850928e-07 2.520140530080113200e-07 7.330479136779874380e-09
7.404111026334781250e-06 2.969660989155409335e-06 1.303681302528624418e-06 8.436065237554926226e-07 6.775161775352934794e-07 6.352520717745579188e-07 4.612688615074230790e-07 3.831663779357323804e-07 3.134895117631102030e-07 3.150599527694720475e-07 2.203189395578805882e-07 1.337846556715118080e-07 9.424736174393111364e-08 6.970255853038974096e-08 4.921020377319742120e-07 1.259835101175824082e-07 8.307422622409867888e-08 9.695833097666363022e-07 4.708785182087517356e-08 9.851877612597181692e-09 1.799247516360610364e-07 9.932252840873059088e-09 1.124695736219559546e-08 1.732592115197133711e-07 3.520273388589702237e-07
1.137510690282858964e-06 9.583653946375170638e-07 8.445264351845499415e-07 6.095445786909230554e-07 4.977104211943449531e-07 3.549642927078651711e-07 2.679571197092718827e-07 2.677953050157286257e-07 2.280847247613709422e-07 3.161661966483033708e-07 3.683176386383704704e-07 2.235714669040612738e-07 1.308296926727261220e-07 4.425387809088424096e-08 5.317684680878106263e-08 4.843324716665198633e-07 3.106633210367948138e-08 1.839825125158607769e-08 1.373870799560592000e-08 2.019337088524363224e-08 3.765832790402689365e-07 1.474557557414613299e-08 1.970127767972348183e-09 6.017059267425235070e-10 1.030809228938960708e-08
2.549457410159093422e-07 2.769081131052784596e-07 2.086368213953058063e-07 1.810037031994634795e-07 1.653436761957774688e-07 1.464386102381317392e-07 1.466414822676135456e-07 1.345208499097689443e-07 1.074189391007136544e-07 1.001536269415207212e-07 7.991502572820204255e-08 1.212339889810722534e-07 1.262059476227001777e-06 1.497002856670004075e-07 5.888980635563538322e-08 3.467461160571887504e-08 2.616224861784380397e-08 1.267533285033277681e-08 8.121634510999294394e-09 7.120911563445930509e-09 6.420995687239854309e-09 1.470708575095587897e-08 2.330933188478223458e-08 9.104894913156872493e-09 1.781272923450832258e-07
3.195536972940980879e-07 3.034055692263912161e-07 3.035251402616821120e-07 2.935906534707741989e-07 2.853668687163305634e-07 2.466928077983848926e-07 1.806503492322830512e-07 1.555415374686903210e-07 1.673583325845096920e-07 1.102264410909093444e-06 6.416137950050966384e-08 7.242475766658325209e-08 5.970769017404824544e-08 9.409625661503639327e-07 3.140121069606757119e-07 1.009062082195132561e-06 3.329267423005162165e-08 4.337943604475004849e-08 6.144416979898806895e-08 2.089528980368548591e-08 4.616391617846841990e-07 5.105880546381569549e-07 1.394828737648067953e-07 2.046151062466521266e-07 1.709422377157290852e-07
9.401863084822283551e-07 5.983490362357218096e-07 5.932374261718865071e-07 7.987895252071613811e-07 3.425477488830022447e-07 2.719334630273884820e-07 3.842871998834129718e-07 4.922950046552419405e-07 3.662326744359688405e-06 3.312282876681916435e-07 2.293146107793111018e-07 1.253725352544054997e-07 1.296668601585204301e-07 6.483723034751576815e-08 3.627066043698498420e-08 2.501961229925084125e-08 1.887492985714904765e-08 1.439823559477457594e-08 1.170651842682995940e-08 1.028213793554126421e-08 1.098755426342658051e-08 2.202053111751393303e-07 2.886800418108618922e-07 3.643756354182983199e-08 2.451831505871781555e-08
1.178705301102880938e-06 1.481636141246476902e-06 1.107480821299286150e-06 1.250124588580037303e-06 6.908181794724112386e-07 5.561397552533327979e-07 3.744735242379737105e-07 3.226168875606645511e-07 2.256491181838303585e-07 1.698933066772489480e-07 1.351180652322173418e-07 1.952073886541814257e-07 1.078177496202189312e-06 5.690895524724189533e-08 3.584789738547918995e-08 2.291399471632233403e-08 1.361874279418041725e-08 7.925831985769878266e-09 7.990011850517734381e-09 1.543822376993294844e-07 1.339739423247080360e-08 1.616611706640425587e-07 7.215011817961764981e-08 4.072498589159167485e-07 4.783524754865326776e-07
3.698767029742750693e-06 2.957392819306126756e-06 2.223228890727668780e-06 1.910892395190339989e-06 1.386570023226046821e-06 9.850582455194507311e-07 5.550690704946689564e-07 1.355070140616718285e-07 8.181168116574892833e-08 6.241285056771379052e-08 5.779373401152059022e-08 4.854028213363525695e-08 8.071990598497550229e-08 3.128171573216329568e-08 2.666984302787516559e-08 2.300979625738715397e-08 2.099805685487434994e-08 3.741308086975090751e-07 3.343146260978863892e-07 8.926328761398785148e-08 1.916222836725112858e-08 8.191123455649417436e-08 2.612381611773263754e-07 3.273717943718754643e-07 7.076972002150324940e-08
7.403534269477918266e-07 2.676442444102482226e-06 4.565597527582516723e-07 3.592977646861019116e-07 3.582293850149020539e-07 2.063191855252098810e-06 1.859723792353077714e-06 2.402133445216714577e-07 1.552344481498138268e-07 1.096027176396218800e-07 9.525441745995128259e-08 7.924153156923669512e-08 7.572333348677968307e-08 7.826813281375570565e-07 4.471762890311332005e-06 5.639755435947172017e-08 6.557289189443815458e-08 1.874347815104024964e-08 3.071865716012274290e-08 3.444335079379235371e-07 7.447897834230542396e-09 5.136830890464656268e-09 2.032321292354221398e-09 2.059110685834248444e-09 1.736640929905787494e-07
5.110170039848733850e-07 4.869939577830690980e-07 4.725357660128148823e-07 3.701390887014776193e-07 2.988257724392846788e-07 2.117982104791030596e-07 1.724678701432343413e-07 1.398737135306943485e-07 1.049615760243641295e-07 8.457592785922891375e-08 6.701663696991728467e-08 5.008508222232981795e-08 4.936705895024274049e-08 8.471888184598407983e-08 3.429942379573765184e-08 3.354889894793365607e-07 2.317878042019148349e-08 1.456624087378473914e-08 1.174885364192048560e-08 1.839854565146855704e-07 4.761149472416818909e-07 9.341516564210571620e-09 4.202999532444929498e-07 2.306349345885778361e-07 2.571387863446491583e-09
7.002790977463826439e-07 6.888602244306147231e-07 7.038243290942553833e-07 4.988984817430992479e-07 3.949469113883012286e-07 3.685260394322156176e-07 2.542027741638006515e-07 1.801057891117352003e-07 1.385871546007523457e-07 9.779148748506846370e-08 1.093152662138397891e-07 1.164630899440268031e-07 8.711958051246144502e-08 6.422920711140831995e-08 5.376858936790097316e-08 3.860981429995675996e-08 4.364957540620757368e-07 8.773124609424545065e-08 1.725897146795838977e-08 1.223233747611503573e-08 3.621286297797442038e-07 1.538503491127768650e-07 2.658973480977882931e-07 4.672391593251046127e-08 2.507998645807796071e-07
1.258146248984515416e-06 1.317319339953804869e-06 1.045378602874516485e-06 8.433517275593382688e-07 6.212529821064986158e-07 3.212753509662645828e-07 1.420474673201687674e-07 9.491472807799260263e-08 8.141930651630196578e-08 6.519470977739291490e-08 5.422685780055837747e-08 6.105329332819525191e-08 5.054737109513351788e-08 6.104294948687644360e-08 4.323411163999186557e-07 4.347686862644569271e-08 2.745053702519277164e-08 2.367323665040945088e-08 2.181970884597089605e-08 6.691819699228517495e-08 2.123658575744479192e-07 8.821332648532671957e-08 7.757578767427937416e-08 2.262717779908967432e-07 1.267564385668608925e-07
1.209328701120650780e-05 2.254763474428595552e-06 1.284517771974748077e-06 8.432386698529049120e-07 8.094997348954121113e-07 6.687334070145941700e-07 5.274170341538954919e-07 3.609390724319645388e-07 3.060543058985751834e-07 2.502259361020672182e-07 1.527155174708863121e-07 9.709003360558954591e-08 6.581759867325402506e-08 4.954861953046202984e-08 3.995512631898564298e-08 3.064037841497307082e-08 2.542329713088513321e-08 1.923935049931341228e-08 5.141045973628248994e-07 2.268705426011436237e-08 7.056871914309042844e-08 8.300890785524659514e-09 2.334223236529206345e-08 1.358929591820865352e-07 1.525103066936553831e-08
1.483746743242162192e-06 1.103962902121493998e-06 6.547905394858790084e-07 4.558740823516342958e-07 2.639586585898831064e-07 1.812661325237161095e-07 1.114437550069290073e-07 9.191792463052923998e-08 8.851241980101063295e-08 1.027539398646296583e-07 6.205149825421736223e-08 4.960413250669532187e-08 4.002990869080349607e-08 3.877844733585571549e-08 4.349916211566436393e-08 3.842917745191800422e-08 3.855226915959323276e-08 3.275077392214875912e-08 3.644126403039443396e-08 1.609950783886222946e-08 1.278850238066063782e-08 2.079678182587489196e-08 2.209560772251992317e-08 1.217905488903243082e-07 2.412404763908735124e-08
2.606178557817588138e-06 2.303128615497001832e-06 1.613263641283896864e-06 1.120589769877007498e-06 8.881324267255821985e-07 5.998891708919684294e-07 2.998338218128319762e-07 1.663065834690766331e-07 8.217409310805514442e-08 8.157841538289972272e-08 6.667657604814984524e-08 5.310122765638286717e-08 4.634968932499079722e-08 7.923966883557191671e-08 4.221126406143752382e-07 2.575647759879866825e-08 1.841051271441592213e-08 1.434382726445652931e-08 2.897991019389721621e-07 1.923271132366540557e-08 1.063738946709853344e-08 3.813336748455641166e-09 2.288922883178095824e-08 1.478452365231693544e-08 8.439309100433913731e-09
3.605493047209975672e-07 4.788942483692925739e-07 4.716503104803546916e-07 2.226993910394698197e-07 1.680927044742198461e-07 2.085659709474163597e-06 1.864411842335486366e-07 1.288244026522356106e-07 1.398663528794929931e-07 1.202446544549549451e-06 6.323707927295805050e-07 5.997835851136845495e-07 1.961931543580996871e-07 4.284190271679536087e-08 3.019784405453750015e-08 1.229242282727707903e-07 1.966395797111486271e-08 2.755968285055416363e-08 1.842206588803360882e-08 2.463205395338162515e-08 2.436359106738089025e-07 3.777245545251631927e-09 1.088857538257165132e-08 3.536889307371398149e-07 5.692610727255197589e-09
1.095311512948666165e-07 9.048953270202426307e-08 1.221616336200847076e-07 1.283279850839123061e-07 1.549905370926169673e-07 9.619742775344344132e-08 8.267395912205679903e-08 5.969926133680038169e-08 5.041586108660991126e-08 4.721385565667027156e-08 3.762737894413368562e-08 3.004314242097753077e-08 2.397985880552892648e-08 2.155803735103599545e-08 1.841709605519052236e-08 1.522869143357818711e-08 1.710463260754805153e-08 4.760276732067586093e-07 1.814692983539780455e-06 2.483182897682277514e-08 1.226942501077486164e-08 1.492422508516439573e-08 6.617511851632126613e-09 1.223587044972163759e-08 4.581659089336277841e-08
8.271444956821100545e-07 4.867820250833559389e-07 3.520256012550383782e-07 3.107315136307356855e-07 3.000069234170890880e-07 2.836993056627539939e-07 1.616881599067687872e-07 1.316321687622903691e-07 1.148869083186114419e-07 8.177166961555844659e-08 6.839391997834647405e-08 6.139529110276938084e-08 5.101412203558653608e-08 4.125480915442608038e-08 3.273192878485046701e-08 2.461182629234288983e-08 1.952179972744044467e-08 1.595630384459742450e-08 3.249950136066261507e-08 3.090987391278035870e-08 9.396909569815572966e-09 3.454362967866369690e-07 4.768837320585862029e-07 1.247272578089517405e-08 1.164915734103916598e-08
2.043932020695227843e-06 1.915398377626024106e-06 1.898667597002650590e-06 1.787169444774916274e-06 1.695143616096544086e-06 1.635350767051774961e-06 1.012049002875375827e-06 7.416161038236112072e-07 8.508951109650070863e-07 6.220010316740844553e-07 2.725114053291895719e-07 1.434090568702918121e-07 1.076823046959472721e-07 6.583023878235483915e-08 4.804494742827117800e-08 4.725610981746910331e-08 1.531412689460088934e-08 9.352129423406843800e-09 6.362850237448654912e-09 4.064317695490205069e-09 2.686715647300269694e-09 1.486926657051245835e-09 2.054734070923002773e-07 3.354361715006367920e-09 6.006837723186712656e-08
1.272163777804851627e-06 4.883828518931036641e-06 4.806017685780262092e-06 1.518498683987449555e-06 8.313955478468310756e-07 7.548713984232983342e-07 1.436914796000986000e-06 4.125478167229828661e-06 3.233556881099315162e-07 1.395168847957994387e-07 9.194546313223691013e-08 6.340763966901096912e-08 5.840574531060954052e-07 4.582731025603659650e-08 1.050396442360552564e-07 3.631075010732060941e-08 1.382577030174926573e-08 9.315546944812790924e-09 5.979526788592460680e-09 3.905790899677130614e-09 8.279333276584149305e-09 1.115893396572093364e-07 4.250309516480033230e-08 2.083762786949001540e-08 3.504542485999899340e-07
1.805081831239470335e-06 1.427819976477449340e-06 9.174312362840283721e-07 6.417745517026309295e-07 5.179220849293392553e-07 3.876235837655386369e-07 3.312829486371142932e-07 2.651612973042935885e-07 2.159873309783408613e-07 1.586989845033056326e-07 1.433063223223159976e-07 1.141266221055426929e-07 5.214292025037698228e-07 1.643300601262509712e-07 5.052043438424734902e-08 6.960513524530237630e-08 2.637299149108979863e-08 2.552747579461614577e-07 1.353849600875302455e-06 1.379934641356654812e-07 1.669713775521713132e-08 8.999202296574840467e-11 1.063065328094120814e-07 3.242417530776486782e-08 4.279550155467268898e-07
1.225512879113194288e-06 1.186657601223961274e-06 1.145782116543181721e-06 1.110282387781495404e-06 9.666227856178922712e-07 1.045483742019339122e-06 1.187479120881770748e-06 7.070693542904533982e-07 4.047799308659084542e-07 2.949433765787044340e-07 3.118971587698369528e-07 3.242336801829664164e-07 2.164465468878331479e-07 1.818878658275626051e-07 7.685199009142953936e-08 8.684139220264174934e-07 9.605635748638020963e-08 2.523407609999828503e-08 2.427827507549612176e-08 1.915201837182448889e-08 5.296442041774234122e-08 3.509289760135540865e-07 6.508971595520858605e-07 4.605360311980657063e-07 6.173646335197652395e-08
2.918037758227117607e-07 3.166010408822627714e-07 2.903633826656432240e-07 2.882586820122422186e-07 2.146210606430033360e-07 1.633254529129251624e-07 1.327337191269204912e-07 1.117422206941091157e-07 9.610025880167683741e-08 9.522408853600102741e-08 2.435126795795348256e-07 1.573172426226746018e-07 4.802578797987205927e-07 5.698862242867325016e-08 4.227347052573645108e-08 3.525437230390390582e-08 3.082141545352772291e-08 2.484841575581265233e-08 2.795182135822137744e-08 2.193734682610170196e-08 4.843332626023747174e-08 1.310169174896330642e-07 1.159706932803634964e-07 1.335576341178702261e-07 8.955154482823283296e-08
2.955143243624969538e-07 3.768231482991437073e-07 3.844367331613725622e-07 2.899511018708101639e-07 2.502336450918300432e-07 2.565060042129244642e-07 3.480986295930984551e-07 1.561247615167300877e-06 7.632221242868526341e-07 1.324687065166528934e-07 1.582444739684032851e-07 7.497219237793752445e-07 6.082996148538647347e-08 3.791835220523120822e-08 3.514128284496562508e-08 2.779239851775546952e-08 2.581033549298696118e-08 2.045647701644707880e-07 3.044086299214437863e-08 2.916432102789697590e-08 1.291046964890582149e-08 1.128977518648013158e-08 1.590126351472633370e-08 2.809575070467859032e-08 6.230848941888069360e-08
1.581504352189583898e-06 1.255246099669663299e-06 9.806430056706091333e-07 6.299923908752603527e-07 3.346857780465618498e-07 1.256580403734749174e-07 1.013202707937224505e-07 9.548182695968270283e-08 8.828565298717099694e-08 7.971959557572811071e-08 7.463745351814087738e-08 6.641367884327831316e-08 5.341914079994506394e-08 4.297189044345758856e-08 3.755083495713718172e-08 3.246413986966894327e-08 3.765448245298129788e-08 2.542424056437283519e-08 4.034003861386451815e-08 1.800240501979816568e-08 2.268693337348610706e-08 5.194938699384450151e-07 8.017518857107056129e-08 9.131377912596584166e-08 1.415533293180459421e-07
1.822188342865436016e-07 2.810921933276956584e-07 2.361953833446987788e-07 2.130983147688313659e-07 1.523660586438517938e-07 1.233015989005361263e-07 1.656749779243413553e-07 1.478032299902531428e-07 1.951994561094884709e-07 2.439587747870991409e-07 1.883769765804433524e-06 2.852565996881596881e-07 2.610138574274076847e-07 4.244282359756661493e-08 3.634744392470770164e-08 3.717065911301729826e-07 1.346425275471396896e-07 1.500895780510796143e-08 1.705544479735168436e-08 2.796666879784737680e-08 6.625208495606448430e-09 3.719369808298381875e-09 3.887132919016111858e-09 6.953356348091237454e-08 2.171788938997964537e-07
1.276594405403512430e-06 1.367791448028966574e-06 1.507709164097422319e-06 1.298305393248312685e-06 1.504874867814203831e-06 1.089176417639704682e-06 1.005206417016951259e-06 7.973733310760408068e-07 3.435404998870063127e-07 2.455904660596082104e-07 1.842251576749466208e-07 1.535881884532371448e-07 1.170972137755444630e-07 9.744205863726493868e-08 1.439976267738120411e-07 3.998331571071278085e-08 1.955933258016088707e-08 1.230695559404142897e-08 1.319372098324850167e-08 2.988662987157958147e-09 1.215560684510780508e-09 4.234913958844489141e-09 6.939044122602651634e-09 7.744313215427654300e-10 2.978841443200336796e-07
1.969830002616509077e-06 1.666799871620029102e-06 2.839708829222615766e-06 1.404970402714377942e-06 1.287200823810236201e-06 1.147402733594985673e-06 7.084231801669663748e-07 1.150192343009072656e-06 3.475333199526058219e-07 2.199855933433050224e-07 1.172730160819708318e-07 1.026285836383316180e-06 1.118151551287499266e-07 4.252281741410146508e-08 6.769786969540849406e-08 2.138258271496959470e-08 1.796391567864565008e-08 5.188826824083354987e-08 1.356559980091557511e-08 5.674195391361182410e-09 7.359346839920356375e-09 1.108050114238280654e-06 2.775574905131575527e-07 5.062621261093306365e-07 4.826715837813916048e-08
4.058093711660283258e-06 1.751892405075464483e-06 8.588326761128905272e-07 6.210412718290193748e-07 5.228170466002162256e-07 5.717467956725519838e-07 2.655953579015341059e-07 1.891053903604344461e-07 1.525144701593686627e-07 1.496694953731328469e-07 1.529690629587273287e-07 1.263918586992129013e-06 1.345137780790410363e-07 6.737814837608628513e-08 5.471427006195437484e-08 4.233733671425581297e-08 5.038795040500934593e-07 2.097405237366104388e-07 1.369828419730618963e-08 8.278783053197744968e-09 4.661965566935063491e-09 6.406432935136451422e-09 1.588557370065279261e-07 2.287097598715450621e-07 1.195549302189602354e-09
8.669512619859476600e-07 6.234231968032596672e-07 4.001195951456259000e-07 2.077879125813575223e-07 1.808310547989983147e-07 1.367154206853202809e-07 1.079841218260945292e-07 1.152755162809348458e-07 1.620369312490119087e-07 2.487354140780674035e-07 2.233587503537815496e-07 1.511278638563610482e-06 3.230249180764975043e-06 2.237395299034235329e-06 1.003575157816810387e-06 4.502655139009014074e-08 4.397579537176727399e-08 3.909522593636968684e-07 5.221146399483744583e-09 3.461185165166898564e-09 9.318705700535732876e-09 1.477018753811633816e-08 1.156842586938380249e-09 7.980092920262299464e-09 5.155714086394994353e-08
2.621786718856297297e-07 2.097764017340426273e-07 2.318415988802504990e-07 1.883083820507933668e-07 1.568295530031201007e-07 1.434746197628567455e-07 1.187705722293192228e-07 9.718651123037544689e-08 7.533067637525034325e-08 6.577284579246471207e-08 5.617336804981107708e-08 4.675480403862831668e-08 3.999188226328309927e-08 3.534091637982712133e-08 2.864613920941228165e-08 2.711285795440555687e-08 2.421384382436381496e-08 5.683672562272952683e-08 6.687667766534712317e-08 2.311706436950050266e-08 1.531160835550281220e-07 6.819100754656339200e-08 1.873852042438743965e-07 1.969413604010585055e-07 9.255065015588146544e-08
1.325396928308125940e-06 1.615560049420608465e-06 1.005524044563423790e-06 7.874620296048441915e-07 6.239867152822658544e-07 4.861552539719261480e-07 4.669196092290458741e-07 3.806642483606451615e-07 3.617372543999371941e-07 7.421126399144974904e-07 2.728648965152628954e-07 1.269531073413637304e-07 9.901869865917985739e-08 7.316589465769989130e-07 7.872426419857271529e-08 3.451938814541366409e-08 1.173140695751238830e-07 1.470082658210521773e-08 8.321170723848621605e-09 1.544321047416308104e-07 7.619050793376307938e-10 2.444061730997305183e-09 1.226278900727929785e-08 4.145662912797393853e-07 2.113397958612400019e-07
1.587815435815997710e-06 1.275001380905641696e-06 9.375092093312636517e-07 6.520917523324346111e-07 5.099136747810458293e-07 2.756978424194510008e-07 1.671338519552072686e-07 1.580743610264073398e-07 1.756291497220953510e-07 1.515006978138922940e-07 9.469130882349667065e-08 1.119432448546959851e-07 8.242372983616537596e-08 7.635951084271768446e-08 5.026276752430463947e-08 5.214668821032826338e-08 1.846756772741708785e-07 3.735046930213753329e-08 1.639717371648392154e-08 2.197840882988717831e-08 1.768405777714755397e-08 7.164144210953728300e-08 7.855108135414985102e-08 6.905668852037423855e-09 9.925839345612857620e-08
1.035442043801826811e-06 8.360924903171403561e-07 5.912081212970771901e-07 4.885575009984651394e-07 5.972629501721409673e-07 3.456420930773883038e-07 3.239809826749867206e-07 2.456764598928886440e-07 9.789987436840886481e-07 2.101183344632714851e-07 4.923568048292751628e-07 8.615885761205299268e-08 6.674631286120800503e-08 8.151371851584365447e-08 3.709853447209795291e-08 2.781334792502209676e-08 2.534484937845702189e-08 6.818224031030009353e-07 3.109544864140110657e-08 1.268670635026054328e-08 1.042949768948917654e-08 3.897958697317213855e-09 7.660198918512367598e-09 1.593109852292256326e-07 3.271805807136812500e-07
1.179421125539242565e-05 3.913607134762790375e-06 3.249165439850789799e-06 2.052742938595052041e-06 1.753846994507752259e-06 1.534688183278803131e-06 1.149761809549072847e-06 6.716783250277034851e-07 4.720219100538996256e-07 1.372397871321173122e-07 1.017534448683297980e-07 7.941773697143159275e-08 5.898470406290240048e-08 5.407816986119376369e-08 3.550968897348076869e-07 5.557670975236663777e-08 1.880275213074660950e-08 2.067587883149415775e-08 6.860812953431350577e-07 2.320931832545869701e-08 9.052269469880077966e-09 6.332936144639225117e-09 3.412006669810975107e-09 2.632903051014654085e-09 2.084737643531283058e-09
1.270283945230324385e-06 8.620691662331353714e-07 7.070020243312515052e-07 1.397745545593878429e-06 4.903464509600459586e-06 8.629601808706197549e-07 6.002311108453954988e-07 2.925061197278785135e-07 2.401569564991178934e-07 2.056719315585343508e-07 1.861829206707731148e-07 1.169062614106560074e-07 9.956857087422431786e-08 6.971283408242339005e-08 8.633385497022265017e-08 3.189316799869637036e-08 3.928112883442420068e-08 8.481388547530118684e-09 1.356558324547480342e-08 1.820008556511763434e-09 2.615383597057341810e-09 2.015157361088165604e-07 4.067959238058135286e-08 8.736613648365685177e-07 3.952456736276030497e-07
4.367100968502978640e-07 3.392552669833358098e-07 3.389453218879725064e-07 2.159870349445509286e-07 2.077903022941636570e-07 2.103053944278611465e-07 7.098763476135297184e-07 1.652730826448173902e-06 2.255115715664659296e-07 2.287138139330630156e-07 1.975949815328441551e-07 4.657758369659762405e-08 9.498402642521723678e-08 3.952897187545492950e-08 3.417633461875358595e-08 1.211248494976924060e-06 1.841519207270822106e-08 1.437019927317718432e-08 1.422272169356125093e-08 1.190453666474201463e-08 1.485799125618142588e-08 4.709365358817673706e-08 1.609597282154677640e-07 3.514174296799996355e-07 3.335243809909443128e-07
1.013404650300529528e-07 1.138784601670446216e-07 8.946840318643843373e-08 6.205404364217161481e-08 3.954392427873142021e-08 6.959982018183749615e-08 6.406360809471080825e-08 7.311800237953717369e-08 7.338370694160365580e-08 7.054170938339792326e-08 2.403241885758045493e-07 7.994197480463596816e-07 3.840198353521392743e-08 3.596185347636915651e-08 3.461674564373033561e-08 3.219998644474471341e-08 3.880834312675028747e-08 4.096895284520311029e-08 2.715400663548209265e-08 3.378854206222702923e-08 1.177462546237956695e-08 7.488540785108409003e-09 9.837879630792620338e-09 9.209735856284531592e-08 4.073576245614763559e-08
7.758566876063924352e-07 4.732154759814488126e-07 5.046802460968836640e-07 5.399161617150746146e-07 5.041670615478461140e-07 4.808062516528555491e-07 3.215200068570824688e-07 1.284466323037067342e-07 8.997552607754990190e-08 2.367810874975350622e-07 8.788700688823970124e-07 1.084114187023666768e-06 3.047483047842844962e-07 3.380044058171093383e-08 2.356728765461590116e-08 1.769954970703834424e-08 1.446467628227098354e-08 1.254764650002351417e-08 6.672754514976362168e-08 5.549523619104017893e-09 3.167289536497352652e-09 2.607798066427603302e-09 5.707790878276831709e-07 1.333809739088506489e-08 3.986888881483137963e-07
6.417603333306470808e-07 4.488566966001455967e-07 4.633610858162253066e-07 5.932226530315169341e-07 1.398967009975018291e-06 1.101905977369632224e-06 7.591906870117461910e-07 5.209383013573622302e-07 9.847547322818427882e-07 1.835304595354398342e-07 1.612328642075944692e-07 3.158474310468131396e-07 1.059890740382877693e-07 7.192846243479982827e-08 4.530527200778811893e-08 3.300787333628161849e-08 2.352984962673648708e-08 1.651473400202453503e-08 1.740172679658380513e-08 3.415155662996000000e-08 3.532258695314046919e-07 1.147888251194357022e-08 8.527780387273893915e-09 1.945320558019716866e-09 3.362316178534307225e-08
3.798207855083430227e-07 2.204843991270523702e-07 1.916071695518521633e-07 1.314298202830933020e-07 1.265252610683157981e-07 1.116908906879426388e-07 1.021165966016531445e-07 1.443186689016787982e-07 4.299044994936139752e-07 3.065962779970714298e-06 4.507033049699100583e-07 1.155994185402813643e-07 4.378282416286114419e-07 6.583731308827082383e-07 1.285423850095615112e-06 8.083263876443197872e-08 3.500471229588267282e-08 2.188368094907770287e-08 7.002059144238564208e-08 3.130351605077615450e-07 1.348199691498253241e-08 3.455244314063500069e-09 2.490258326698644013e-08 1.390416301587510041e-08 6.458365434943922711e-08
5.039552784710085964e-07 4.545223900244540633e-07 3.301519904854688810e-07 2.367542164969459646e-07 2.152469761013054985e-07 1.409074555681997746e-07 1.266535093658100076e-07 9.217113424279542484e-08 1.036447035664461042e-07 1.379968768968507973e-06 1.097666271968157845e-06 1.124880092492528392e-07 6.923141184171524959e-08 6.245357734238403035e-08 5.103541940327655976e-08 4.292640902729698475e-08 4.357210213682313193e-08 3.624154438548372295e-08 5.751323034937678827e-07 2.631124863257435101e-07 1.665665160234355783e-08 2.317082633534453294e-08 4.215924579489623222e-08 1.084532457704479741e-07 3.503408046185027738e-07
5.786057072912033717e-07 7.596305954575163971e-07 8.982685331033476892e-07 6.998964836144040447e-07 3.910575517466973081e-07 3.343997707445541792e-07 5.444479984755661969e-07 2.474266904716266709e-07 2.528141666332039496e-07 1.611525498224850249e-07 1.271995186106627646e-07 1.121425297646414825e-07 9.287270368888187239e-08 6.806672276599768307e-08 4.906562332157797056e-08 6.093601554930361782e-08 3.072928582956571665e-08 1.910409838827106709e-08 2.855428306945076550e-08 6.442594631030527919e-08 8.795521069476336615e-09 1.500023342131830085e-09 8.690619008682806543e-09 1.089432756150250940e-07 5.105311679523568398e-07
1.959874445398725054e-07 1.807900638242750875e-07 1.836975409110020207e-07 1.339447108754437884e-07 1.149007741890336581e-07 1.044959792255972081e-07 8.701670882618986572e-08 6.940100839048159620e-08 6.636881641597300780e-08 5.998776378973145436e-08 5.431942087829186414e-08 4.445508363006516005e-08 3.854194424061818852e-08 4.675713293696476671e-08 4.018626841746562566e-07 6.217083229675085354e-08 1.779787952773934096e-08 1.326805424323050112e-08 1.143863448046009639e-08 9.472058537943089855e-09 1.030779423330470282e-08 6.175538548927515162e-09 1.491380308918859604e-08 3.124709900734802499e-07 1.332664870075331141e-08
2.473244892510599184e-06 1.924275504595582342e-06 1.365871049675225689e-06 1.052852582240556567e-06 8.303012994019142390e-07 6.615769820735008436e-07 4.087308281291853561e-07 2.062927043094434675e-07 1.386220237684719776e-07 3.225458312490514606e-07 1.465234589023942838e-06 1.645638848363860010e-06 3.425355940593347114e-06 2.652409753269335430e-07 3.444876265576082087e-08 2.356266434063866665e-08 1.808892677287761514e-08 1.326031491131578487e-08 8.858762573038943484e-09 6.308184993414926366e-09 3.952103739109642873e-08 1.494136416694342242e-08 1.225967423969975327e-08 7.522009105313658415e-09 1.023491501173562696e-07
1.866148141129112859e-06 2.216969824928465771e-06 2.088852372081232626e-06 1.965557061395733646e-06 1.837203450457672212e-06 1.856844539128777010e-06 5.984608833218670675e-07 3.989679651872558583e-07 2.694540932586101621e-07 2.207117019359857785e-07 2.051214554840311646e-07 3.140028500401851964e-07 1.105179715133225841e-07 7.427344949179480055e-08 6.754326918862124840e-08 3.798169955451085568e-08 2.586081277852873617e-08 1.659741101046063354e-08 4.160670619897374738e-09 7.285646050162403208e-09 1.697399078441665952e-09 5.954383998065603294e-09 1.361981387190875029e-08 5.186414195690632068e-07 8.481895372559048346e-09
1.893367546800805236e-06 1.189453683532623442e-06 9.101327525519421150e-07 7.839087585782464479e-07 4.656389325875978956e-07 3.640031805378937395e-07 4.039927187347708195e-07 3.647986917790896822e-07 4.830456158348698216e-07 3.872970245197764802e-06 2.896834576619558023e-07 1.344549185855852586e-07 9.733192663652716500e-08 7.484414538504230646e-08 2.452158900702282312e-07 4.071412062255538745e-08 2.446201118753034280e-08 1.680946145302106628e-08 8.171490153807840670e-09 4.598273802030766925e-09 5.820973927039307942e-09 8.188031344384887732e-08 3.663824081874304736e-07 6.244871515626261411e-08 5.790468515820349201e-09
8.105950906705161472e-07 6.864566075915580109e-07 5.644305412259804324e-07 4.422118976500107938e-07 4.058224013570090791e-07 3.861418289724636532e-07 8.070531154134306811e-07 1.740235428014540018e-06 7.969678074160733383e-07 1.588539003352572216e-06 3.699502223150358536e-06 3.439548456659402202e-07 2.951900186186357514e-07 1.275864475983242434e-07 6.270637842190507338e-08 4.781434490281150051e-08 3.235116651017784014e-08 2.556570470526570168e-08 2.509391284869963147e-08 1.781053338816500416e-08 5.014832607862984166e-08 6.809943772212682538e-08 1.348023007307128190e-07 2.921183634978508564e-07 2.198575243907996172e-07
3.121538263459354633e-07 2.463449731137862847e-07 2.426665070611102211e-07 2.351531783998284017e-07 2.278766316781464702e-07 2.624325135547111421e-07 3.727880622190731630e-07 3.156146577188819022e-07 2.197080859652580622e-07 1.724977251796336344e-07 1.311189643340346420e-07 1.237266540197292724e-07 5.568622010860568815e-08 3.813889440804829631e-08 3.040688577408769602e-08 2.801163362666973096e-08 2.244152660970304169e-08 1.780963964540196149e-08 2.484217579284280667e-07 1.589588661742346685e-08 1.826017743429912652e-08 6.560881731776759808e-09 8.073738186595914668e-09 8.655901611599621512e-09 1.179346092367938851e-07
3.879396833570160557e-07 3.531827710179327297e-07 3.301146853212082183e-07 3.659382061250702483e-07 4.022028500541133386e-07 2.717967186945355090e-07 2.755474425489648996e-07 3.020294203794717176e-06 1.717974686413272803e-07 1.018001323477897966e-07 7.423243318428470495e-08 1.003616467797996018e-06 4.605923977319685872e-07 7.007108808457864275e-08 3.288279231709264412e-08 2.188006619708567327e-08 1.554407606571593071e-08 1.123411511617799528e-08 8.471168926801179050e-09 5.865983843855864568e-09 8.696278674529454661e-09 1.146853294781270832e-07 2.417366633110331430e-09 9.445730121757800501e-08 5.711588092455698743e-09
7.217047645915353390e-07 6.144444263365365690e-07 5.617071811642713032e-07 4.980396367077388370e-07 5.276937635723125023e-07 5.971315869060597982e-07 4.326452896532072550e-07 2.867828291134964555e-07 2.695995070661331466e-07 1.549465129001297049e-07 7.862266323295085270e-08 5.310437345356525202e-08 6.756747616899677075e-07 6.004303430657047269e-07 3.381274343383340033e-07 4.717613623806962991e-08 2.054704647931709843e-08 2.038106763926905032e-08 1.544853822521201171e-08 2.784595078898955524e-08 4.882026368016774537e-08 2.256520488762586048e-07 1.794493396509744065e-07 1.027149561217383573e-07 9.224342677604939028e-09
1.199398080677949848e-06 6.092274028843282403e-07 5.009450130340576704e-07 6.471882126269934144e-07 2.921841667718318114e-07 4.066543053852324415e-07 4.873961439395293371e-07 2.393873133774437265e-07 2.485616377309156417e-07 2.106132211310607088e-07 1.866896254699738244e-07 3.524364752039516331e-07 7.427118302789114646e-07 1.629417915575071998e-07 2.344798238208036315e-07 4.750269728551955128e-08 1.030359452648148758e-06 1.808778633800985370e-07 1.869785025673455629e-08 5.976679921711932725e-09 3.233106879497420500e-07 5.489499090667022990e-07 5.110026427763746746e-08 6.249902820401694297e-08 4.063390109631136044e-07
1.449616700311696346e-06 2.633247642007664769e-07 1.746804283267851694e-07 1.501359789555870633e-07 1.381190677918971630e-07 1.043705022603899010e-07 8.443523042585003804e-08 6.908932004038614733e-08 5.592551375312642209e-08 5.211873370672300756e-08 4.491216682382269476e-08 4.539216312081530971e-08 5.353431983218120448e-08 4.192736695519179498e-08 3.511079195408080446e-08 3.341874780055107965e-08 3.329382138375177017e-08 2.804124715281075439e-07 4.247027631219236184e-07 1.332453945563333470e-08 1.251724511506445042e-08 2.145406814254857155e-07 9.594781015525297225e-09 3.623664494469488109e-08 4.242480523754102746e-07
1.471212215089767961e-07 4.027279763975557314e-07 2.179838079822649499e-07 1.603407997893248623e-07 9.767480567005363197e-08 1.255816081783010971e-07 1.114660931339656260e-07 1.045217469075516708e-07 1.066504876841801943e-07 5.640895672079491379e-08 4.569843205265533536e-08 3.912694836696626463e-08 3.308766239182651899e-08 5.448436305964887404e-08 7.835788536469482549e-07 4.134238584942295744e-08 1.572422876317711786e-08 1.229450842803267190e-08 3.202271951942892331e-07 8.237286233759106406e-08 9.973433667989821215e-09 1.300112547113735866e-07 3.043833774571051393e-07 1.165298750880486895e-08 5.027899745365226358e-08
5.710147343895335926e-06 8.886262999054289814e-06 7.681376675275988785e-06 2.951188024122266218e-06 9.534157025729290058e-07 5.217074950521812496e-07 2.572924216354490310e-07 1.347443344512619371e-07 1.004767990591995355e-07 9.237288339794815062e-08 1.141478086778086047e-07 9.928220022439103653e-07 3.495840189373897329e-06 9.144096582479893801e-08 7.050698581062669942e-08 6.163987238596357260e-08 1.480419321876275797e-07 2.085945286513071957e-08 1.398611073054846908e-08 2.407889395351981086e-08 1.458729732101200949e-08 6.917843466032498210e-09 1.100069658745919871e-08 7.699373633595919700e-08 8.385841502745271385e-08
1.106718553600618773e-06 7.631184229742387275e-07 6.615872716844402454e-07 4.043381699880190484e-07 3.945778337409252401e-07 5.297135952089385314e-07 2.159976801374397018e-07 1.521132562540710621e-07 1.132063056654906349e-07 9.184919895190586433e-08 8.048250032475493953e-08 5.711666346672410367e-08 4.411600463044808251e-08 6.496464282174300324e-07 4.965661944936797232e-08 1.892518591001908332e-08 1.619354851225972587e-08 8.627420917235767534e-07 1.227334395224402825e-07 2.522674045890011166e-08 2.569838125882168386e-09 1.410112113495777656e-08 1.307144286481669812e-07 3.720532668914342689e-09 1.127640471406656381e-07
4.932215176406532795e-07 4.002277004506455088e-07 3.750580214586587515e-07 2.450607972421729446e-07 2.291270874223640147e-07 1.740427695279592901e-07 1.554644276197000861e-07 1.366209433401756790e-07 2.625427790583353604e-07 7.139794389469318189e-07 3.457240615614392980e-06 3.697811439911786156e-07 1.191404289438941270e-07 6.448655677969453379e-08 4.972091245169900422e-08 3.603693965647854322e-08 4.338439214997957692e-08 4.195486886453956161e-08 4.544224512563515693e-07 9.751357643217588605e-09 3.521582037859340680e-09 1.720256931303961920e-09 5.778928185099720448e-09 2.916406781814807337e-07 3.228887965583571720e-08
1.412574379480413111e-07 9.278701390130760556e-08 8.844737463149768921e-08 8.370128395641468959e-08 1.328856653671651372e-07 1.233463064042696316e-07 1.201671856607082538e-07 1.144300123131521339e-07 8.236500661390657582e-08 6.754071234173657740e-08 6.989310939508801065e-08 6.898527303430381825e-08 4.286043772632054385e-07 6.613426224716867344e-08 3.575892956608428481e-08 2.843771339228794789e-08 2.271048360433822963e-08 2.387150312269147238e-08 1.533658932298680666e-08 1.053499859227182781e-08 5.859060019436854112e-09 6.576147636457188285e-08 4.623949104820137833e-09 3.168394189961983924e-09 9.231948734987681008e-10
2.478038280393404645e-06 1.644085712498115840e-06 1.860260417748107215e-06 1.641995293385354342e-06 1.304313340986553518e-06 6.348155192010171315e-07 4.202433091762218123e-07 1.918781136684078391e-07 1.366835125952113075e-07 1.228842685126022869e-07 8.622325958148644911e-07 8.837069611723610973e-07 6.838304775319394828e-08 4.628794935710464125e-08 3.480525958241726660e-08 2.671267899536523023e-08 2.019547503647023676e-08 1.436616666963374436e-08 9.692835378577539166e-09 7.643310053636620900e-08 1.874056374517557952e-07 1.073132754557702916e-07 5.545758862269923617e-08 5.542952337835971538e-08 1.090028407203296582e-07
2.010644595428056096e-06 1.923436112968263481e-06 1.255068235137212910e-06 8.125949303105507490e-07 5.179876406090783209e-07 4.225178141387467088e-07 3.749766249523404996e-07 2.973958297777097724e-07 3.424611973405766073e-07 2.183328374781759246e-07 1.361869762906743518e-06 8.286439974830761586e-07 2.561361327399887487e-07 5.203417329575620472e-08 2.354873740261096282e-08 8.310007671966061999e-09 2.040386340626370994e-09 5.218716996621352066e-09 1.806089568112902889e-09 2.178915669738257983e-10 3.485982619813513454e-08 6.870747974756601209e-08 1.803423720059732201e-10 1.211160485164863272e-09 3.782035596404504835e-07
1.373308485499421019e-06 1.442616885621706208e-06 9.712602394340613951e-07 5.231325682232723771e-07 3.403117907937306887e-07 2.442752092690262393e-07 2.030230866256749405e-07 1.921603266309391321e-07 1.297306713841592033e-07 8.098164817763322202e-08 7.082255716340092009e-08 3.590687560614588436e-07 7.541773460085697783e-08 7.044576852043868428e-07 5.048058403204009352e-08 3.770696476821451636e-08 2.790294679427799667e-07 1.822978192446255313e-08 1.425478002694571148e-08 4.851647797103093981e-07 4.659318473119290483e-08 8.873023337613126938e-09 1.635394219992872698e-08 1.149090963817995891e-07 3.569141182659237837e-09
3.684241633351839866e-07 2.188386456620936010e-07 2.107378923787482110e-07 2.509187307577193300e-07 2.340216657355346968e-07 2.712474257518247764e-07 3.259991922712706275e-07 1.484925086888199183e-07 1.298038438335267175e-07 1.208175641013045022e-07 1.003113486599438527e-07 1.040164399984325964e-07 8.727186799801657954e-08 5.170165446556028165e-08 4.028330738735929010e-08 3.271787616417516415e-08 2.585261154321142901e-08 2.005647300702260090e-08 5.931628432744314241e-08 4.580500491547624696e-08 2.171258762123090878e-08 1.522595159883952974e-08 2.132394606134673399e-08 2.596918814446516037e-09 9.948392202053343615e-09
6.312256210106102180e-07 3.844518249974531118e-07 2.460342396374162858e-07 2.459423568675890213e-07 2.260411571418251513e-07 2.038725439275007581e-07 2.077188883390824554e-07 2.110769019131510053e-07 4.033147072350991871e-07 7.833652700428512650e-08 4.690533955764240805e-08 9.596484186322773246e-08 2.999407256033140602e-08 2.639189747408735410e-08 2.466234163048420866e-08 3.248211204542964127e-08 2.126323102368415697e-08 1.354271386146041849e-08 1.400251862216598381e-08 4.073512106555034454e-07 1.547121800055280815e-08 2.623584951379307076e-07 4.458091244947637418e-07 8.792333431108716324e-08 2.995284707322922146e-07
9.937183714532235608e-07 5.706311405247375208e-07 4.376306916536362676e-07 4.282523028205183006e-07 2.650763758612640218e-07 1.183442195524336750e-07 9.985082947353174454e-08 1.121305249405606383e-07 1.425346716467277571e-07 1.132468755055214570e-07 1.491633490228129032e-06 2.710125266725244077e-06 8.519002589782060126e-08 4.608308339451233152e-08 3.950255045454829517e-08 8.770401006354722967e-08 7.685329725912770611e-07 3.441340644536833107e-08 1.895169997532671133e-08 1.107070715701317683e-08 7.361300881087486076e-09 6.009563669358930981e-09 1.640482447309663445e-08 4.449208866762725353e-08 2.534169408431758829e-08
1.156961870169699728e-06 6.299270303656127748e-07 4.527119494481036277e-07 4.560421462192297574e-07 3.220576276335211219e-07 3.124952403113146948e-07 2.675406824581871844e-07 3.317678464612411312e-07 3.166268551959494809e-06 1.929377729902155419e-06 3.421054311434474982e-07 1.014842394090493932e-07 6.549486966357588754e-08 4.832423710300073758e-08 3.850025082663069057e-08 2.973786854044212485e-08 2.085145933060108526e-08 1.968127766445463314e-08 9.053073501094540612e-09 6.178818915075347257e-09 9.690085904548974231e-09 2.125723939455250272e-08 5.051478911673480675e-08 5.597424006307665022e-08 4.817083439418698511e-09
9.429925975362071658e-07 9.878945443291373162e-07 9.730932573323973771e-07 4.553304747518833677e-07 3.091829048482722283e-07 2.228087267633468652e-07 1.672131765240171509e-07 1.240151598111673589e-07 8.501231651597409225e-08 5.203541350105158499e-08 4.317228778992285579e-08 3.390250245238306131e-08 5.148121591180801372e-08 5.505259688577569457e-07 2.425438836725161984e-08 4.791939587594964357e-07 1.485516031043155765e-08 3.412385746929056335e-08 1.677145012331495044e-06 3.047110570531164332e-07 3.185622879578883441e-08 6.508782061322965800e-09 5.427763440204284558e-08 2.322876601399087806e-09 5.285526176278300007e-08
1.632941053860703018e-07 1.685714843590078108e-07 1.064678687231878185e-07 1.002858878137342714e-07 1.186884812520629313e-07 9.335993213201553930e-08 9.035444562249511660e-08 8.029216848012801582e-08 9.605650760411367474e-08 1.355728439230513538e-07 5.140024510722220068e-08 4.035826674724624755e-08 3.634336725923175785e-08 3.700453413944380927e-07 4.755669062863028694e-08 1.523814975297540286e-08 6.416588958866172767e-09 4.051572372003186919e-09 3.164652015205423902e-09 2.237689575717821775e-09 1.781747830802987881e-09 1.417999688320035807e-09 1.036472277233563079e-08 3.028844531419020165e-08 8.705599084472405349e-08
5.637338473308100525e-07 5.382303566632146121e-07 3.768959730870149503e-07 2.676633064778133809e-07 4.351815388767772276e-07 3.608337393796154374e-07 5.692084026922580840e-07 4.341832938654223716e-07 3.294877075973386074e-07 2.102550653266576704e-07 1.231950816613922187e-07 7.091934299833158476e-08 5.896120273624480231e-08 5.822034136573880852e-08 3.919199304888246882e-08 4.601721353347659624e-08 3.351991605402150292e-08 1.705967177612488398e-08 7.734426422958047082e-08 1.854322834432773651e-08 6.008068911872742924e-09 1.517878044903310871e-08 1.443854717761101838e-07 3.756487022804095246e-07 2.054106983216195236e-07
1.136416490471804003e-07 1.454538687646381061e-07 1.461984466206067995e-07 1.382802738282122746e-07 1.372125884518479128e-07 1.163179343407927695e-07 1.079895322304909917e-07 9.425801640872046357e-08 7.163053076074700163e-08 5.914730988736763983e-08 4.993397901498297944e-08 4.336228428478892715e-08 3.529448487836335299e-08 3.103890156319205021e-08 8.134631494415434731e-08 3.512065768839815568e-08 1.482151947577363117e-08 2.651762374494753379e-07 7.816066669138571350e-09 1.149049471306323446e-08 4.679638849284681740e-09 8.799574169151220841e-08 3.706252909234534690e-07 3.854844395756937151e-08 8.397877439850621240e-09
5.483402063627223694e-08 5.830100459327885830e-08 6.665295054463371339e-08 3.392064679548159841e-08 2.341873209614774554e-08 2.597905794951377497e-08 2.160143165008515538e-08 1.998341002705368905e-08 1.993078502972762967e-08 2.198346147891266372e-08 2.197879404985091476e-08 1.087259955133996382e-07 1.558318052776331764e-06 3.874207455552184107e-08 1.154972450934745398e-07 1.138282309063356222e-06 3.756221115085355056e-08 1.066108360880887414e-07 1.520553135225437009e-06 5.030758642000942299e-08 3.736883918852074844e-08 1.477181600349468169e-08 2.150174177445467280e-07 3.691019612765636782e-07 8.837619752266240469e-08
1.681925903297563425e-05 2.658099321771182402e-06 7.731948016431655127e-07 5.899123978770767090e-07 3.753921349063597573e-07 2.465317506111196270e-07 2.067869139297535358e-07 2.098038125539116340e-07 1.708084812065444325e-07 1.285165243578258450e-07 1.006668128013629196e-07 8.423318108786805340e-08 7.324524156428829950e-08 5.625485213872492755e-08 4.261497533747690840e-08 2.504448372258503782e-08 1.613011489993099799e-08 5.451267555927181270e-07 6.872818973452857248e-07 4.290812996974048173e-07 1.638706738010718580e-07 2.238924758084444984e-09 1.877973621325126338e-08 7.714865810782048608e-10 2.984145273703258424e-08
2.628690680871042937e-07 4.105870031974078114e-07 2.723759473669041494e-07 2.307554772365013535e-07 2.167441468496424427e-07 1.657797692620575698e-07 1.481116872326591446e-07 1.810813244199372989e-07 1.187911735404118646e-07 1.415797545582028473e-07 1.760449998738021617e-07 1.136468156084563130e-07 1.157281850067662565e-07 1.045709756218419383e-07 5.028444507073209016e-08 4.033646310346010814e-08 2.947992758537719049e-08 6.425883322426084968e-08 1.555756354687270978e-08 1.102551894974538251e-08 7.050355656991186091e-09 9.209308590728362516e-08 6.183660423864796205e-09 3.698022049986279728e-08 6.451939668705897368e-08
2.133303644898671472e-07 2.485887495075058713e-07 2.042145331489345502e-07 1.791418252056923203e-07 1.448856910308915648e-07 1.219157661483230554e-07 1.211800226084305200e-07 9.025093639576169284e-07 1.155955654807624892e-07 6.920857520479979635e-08 5.301020558591002604e-08 1.219016680378138689e-07 2.619390548578218221e-08 1.863359652741191058e-08 1.455942185841248756e-08 1.787126898570688355e-07 6.685235327443830967e-08 1.855383462077392851e-08 6.911214437684240553e-09 2.300895550192095076e-07 4.582620800826833362e-07 9.332773752621978678e-09 2.159467103655293854e-09 1.201300678016440027e-09 4.219502144010563050e-09
6.246926785778234740e-07 6.215468513224569883e-07 1.112722860327845028e-06 8.242094972607433384e-07 9.461858158156224678e-07 5.018279700389211995e-07 4.044971978352005311e-07 4.068818342497227136e-07 2.449588925976026508e-06 3.060168117832232645e-07 2.222358162888517874e-07 1.411364370362662163e-07 9.811769931657643209e-08 6.489928565015822333e-08 4.530554774808715751e-08 3.057430426990155349e-08 2.323629661183542825e-08 1.872771050853810142e-08 4.690884105824493582e-08 5.426037443362779337e-07 1.021983948326728134e-07 4.941863678717849011e-07 2.150355405081680129e-07 1.382712512705984576e-07 8.102666270116989633e-08
6.420689935929188591e-08 3.760974566195257433e-08 4.648673701874077287e-08 3.197946470999445831e-08 3.623714410633445328e-08 7.471772892918409242e-08 1.315030378601668663e-07 5.580440974707402266e-08 6.241028065402256473e-08 7.396054623052007338e-08 6.517199870875738838e-08 3.705512794800499276e-08 2.950236261608947175e-08 2.439594202984806488e-08 4.863100319799847590e-08 1.227417202241496058e-07 8.567063559911618361e-08 2.589828887016971612e-06 7.815055761602284124e-07 4.006833235275690804e-08 8.795327074035553690e-09 8.396297447894187649e-09 4.085141756700877189e-09 1.079627304879409777e-08 2.594536853536548743e-07
8.187706866739116609e-07 8.292200509703636236e-07 9.125347189225955863e-07 9.881613318285019175e-07 8.809218699062303128e-07 6.080819706096189052e-07 3.983096527174565794e-07 3.469488956318002690e-07 2.018568761652362020e-06 4.747031158634982149e-07 1.700056772114943729e-07 6.773819794738857116e-08 3.894490574994018944e-08 3.444172377512839251e-08 3.800528237791063064e-08 3.173239209284951010e-08 1.827124922796546970e-08 1.365840198063080632e-08 9.080031865235418145e-09 6.573865429622001080e-09 9.543018582531114231e-08 1.789457849173979631e-07 2.724202040601482057e-09 1.947000627876140125e-07 1.423544931084414662e-07
3.171111538277769359e-07 3.650444787241474022e-07 3.620972943871902721e-07 4.244951092247709016e-07 4.739563226870043782e-07 3.981628611742790558e-07 3.123346727858972841e-07 2.301701416156737490e-06 1.178670321975300052e-07 6.208941408582336404e-08 4.767966531067882393e-08 3.944881829513972963e-08 4.357347145878733292e-08 2.968203735274784290e-08 2.230128376515161545e-08 1.936075340822098871e-08 1.497113571913401513e-08 1.342549813107292993e-08 3.019371965397799731e-08 2.222040408445401378e-06 4.212252233289140536e-08 1.819146685787620997e-08 1.066469326477164798e-08 3.485178212368422013e-07 3.024935195120127398e-07
2.439704627914860452e-06 3.412117318535789681e-06 3.257381895855095861e-06 2.435661414796205287e-06 1.514353087638309873e-06 1.350967938113310156e-06 1.039206301450779528e-06 1.033923470372228600e-06 7.925952958171182011e-07 5.701900646004853927e-07 3.215469325069677532e-07 2.065162186256566955e-07 1.328974415148517853e-07 9.173133131635583303e-08 5.170057392401154675e-08 4.824354956865277351e-08 1.907899979021072269e-08 2.014791400550442561e-07 1.136691841847734295e-06 1.911040653855230510e-06 8.790393297696251636e-08 1.030863543144680734e-08 1.557631673736957826e-08 1.057535987313486345e-07 1.868676245346993835e-07
8.031292750298791762e-07 3.960869478731475402e-07 3.029688577457782602e-07 2.884353724531674983e-07 2.030876354004166390e-07 6.511384518439244805e-07 1.980289470142675807e-07 9.301047482831105340e-08 7.477040524262929282e-08 9.293080543708735180e-08 8.613333425869672807e-08 3.890110498791647525e-08 3.239140988861954852e-08 2.293882087700484413e-08 1.781541795997101487e-08 4.333242263432371746e-07 1.188908515753567821e-07 9.115099748028329408e-09 5.159892951209580589e-09 3.036306965642234046e-09 2.079436815071823250e-09 3.562865440841004534e-09 1.447961179595593586e-09 6.710729772494164341e-08 6.661300192269757257e-07
9.068476836360409676e-07 8.132064073152150033e-07 6.623467978270346315e-07 6.498947431517046642e-07 7.050442250421385581e-07 6.453972845670387851e-07 4.637659950131271117e-07 3.428003947928731566e-07 2.746080402822424217e-07 2.472054119971848675e-07 2.042151828534515555e-07 1.292855996683053541e-07 6.853932714973144098e-08 3.974976879757635519e-08 3.228279532544191295e-08 8.501897339760983775e-07 4.487787065876255505e-08 5.989778613241325202e-09 2.072607763481668846e-09 7.445636517474228559e-10 3.376103363086929717e-10 1.521140460692494685e-10 4.226399020456116884e-09 2.926960681136481148e-10 4.201722119602074609e-09
1.370984437433036131e-06 1.737034909751649788e-06 1.472921577978609497e-06 1.225755000575870602e-06 1.239269860419936569e-06 1.305661530343734279e-06 9.011600765815035388e-07 8.685924408299625148e-07 3.331295238804233394e-07 1.948905972327518311e-07 1.552509430407323024e-07 1.536444316418022881e-07 1.143928805768387268e-07 6.994289755804753029e-08 7.857064644380346419e-08 4.254030306607702340e-08 3.482509130217752995e-08 7.396766114884048934e-08 1.612877930908624070e-08 3.454628277374642019e-08 4.508015175784173961e-07 6.422128636890521052e-08 4.037603792344338998e-07 9.924196742159242069e-08 1.235977657511178883e-07
9.410533009167652315e-07 9.034662932621218919e-07 7.794646530666252927e-07 6.115820467100222825e-07 5.159217126615248901e-07 4.299244035314878279e-07 4.799443009658545463e-07 5.086697635877085185e-07 2.973187280383819312e-07 1.528188745029533738e-07 6.556855973081494279e-08 5.504892375026105835e-08 5.432579684954495650e-08 4.446202194322369100e-08 4.233381074083115504e-08 1.154655070520105442e-07 1.857863802014079000e-08 1.531263129007746179e-08 1.249731196011847726e-08 1.332731751059142483e-07 6.695685649359806795e-09 3.905840346860536007e-09 8.850879996507779881e-09 1.218695011098092803e-07 1.495262235297758039e-07
7.441156957133461305e-07 5.842039050825701820e-07 4.536744190652548370e-07 2.900966350811277103e-07 1.972623809915085101e-07 1.717431301654818091e-07 1.727949849112930237e-07 1.101617359005458905e-07 9.123953691129801135e-08 7.310190729853773687e-08 5.621154952432763429e-08 4.324184977250787094e-08 3.623980186397457071e-08 3.017150394353149755e-08 2.213565899320411998e-08 1.710293558143020587e-08 1.279755320590797344e-08 1.064475425967180826e-08 8.193991701603631350e-09 5.953422683414801590e-09 4.506792351287429933e-09 3.290179360722428888e-09 9.345275660255685989e-09 2.443508641521415550e-08 1.297218417266913045e-07
1.109172623289318302e-06 5.845825981981372706e-07 4.827906059719952629e-07 4.714714056045905585e-07 4.452838580244471111e-07 2.534021944258152653e-07 2.344847399912592898e-07 2.172012006141384836e-07 2.020904602541633592e-07 1.526096532824815968e-07 1.292911036469130681e-07 1.031984272943137165e-07 6.332453852167680369e-08 5.658610372033715145e-08 5.982438572679058579e-08 1.698412466629989461e-06 7.143379616957487514e-08 1.623354111715031675e-07 2.931408112244038235e-08 1.001785649480696311e-08 4.668648478729034439e-08 1.951834343960012643e-07 2.357994006140679712e-07 2.742055989794049382e-08 8.603967859486241592e-08
9.913228346479526452e-07 8.784962343612912452e-07 1.052363616515441170e-06 6.829782450114469405e-07 3.446398612993735445e-06 6.596786279573726736e-06 2.937473049106061655e-07 2.114737118257355103e-07 1.998434687266743054e-07 1.730740705284379892e-07 3.889774961723516723e-07 1.280562156478976498e-07 7.877762809335186468e-08 5.112685063749702411e-08 3.634324666486568958e-08 2.844053911519986398e-08 2.200302951436715418e-08 2.245161723040287969e-08 1.064406446394491757e-08 6.728762819582998799e-09 3.834034330297181488e-09 9.899373929908887132e-09 2.193806957254665168e-07 4.271252877932388810e-08 5.954117707908102596e-07
2.855780162944205068e-06 1.813042542081030345e-06 1.366789661432104183e-06 1.414992832042008436e-06 1.411674392561295949e-06 9.479880241481065027e-07 6.231221276668316875e-07 4.701799551447321370e-07 3.208876215481527225e-07 1.801515963674934773e-07 1.822819780944298703e-07 1.905236012278524516e-06 4.191168284012769376e-06 3.942705508743916145e-07 1.665274855014252723e-07 5.346327757513157209e-08 2.105875491184933229e-08 1.615075739976349079e-07 1.976693717437062093e-09 5.852686087648723118e-09 3.840996101336166083e-07 6.613789015728135951e-07 9.539499450969799269e-08 9.178293617988397821e-09 1.725548805236569575e-08
2.992971680494011372e-06 2.424835442346304004e-06 2.102505976763984609e-06 1.853355030692414327e-06 1.407557490529870605e-06 1.059830108696362888e-06 6.443182271085138830e-07 3.485687526500360890e-07 2.241399909935430557e-07 1.714394021709589691e-07 9.232469473292143914e-08 5.851539980113976548e-08 3.790215986168297624e-07 3.399254402506139437e-08 5.294503609617063209e-08 1.753612613278536428e-08 1.345744072364067056e-08 1.244950441961277806e-08 1.217896106403131358e-08 1.517935242131098132e-08 5.537681941593652173e-09 4.822632142701261628e-09 1.437933266576583640e-07 1.733647284029426499e-09 8.586226942299535105e-08
2.381460343484398044e-06 2.207939420491909220e-06 1.832931640146783248e-06 1.344379029061676542e-06 7.793787874073698306e-07 3.446160731867713145e-07 1.439211698209940557e-07 1.342539781058053788e-07 1.108541136520415763e-07 1.286673749946016808e-07 1.715948104596409941e-07 5.590841395709998718e-07 1.111171762329785742e-07 4.659879136739156972e-08 3.017792948798423181e-08 2.148096883058280506e-08 1.676341098186442699e-08 1.344665730088948007e-08 1.085562372226289010e-08 9.184947442965879227e-09 7.983667736704604940e-09 5.769491808463706086e-09 5.941517820884506070e-09 1.224592181964146005e-07 3.358967645567117670e-07
1.983327753414226866e-07 1.915626587020118901e-07 1.759150296162923546e-07 1.572414786518873676e-07 1.324967661411346911e-07 1.762020887451280612e-07 1.315600544371680297e-07 1.211704697504705557e-07 1.221771519565487632e-07 1.673959314946867363e-07 1.287034289540322157e-07 1.085993290355261575e-07 9.152135128313473086e-08 8.488553612109971240e-08 6.885320063637951810e-08 5.431886494300373352e-08 4.623917316069261911e-08 4.036446685109234568e-08 4.299510431009669959e-08 8.771182787329989750e-07 3.019745833157783282e-08 2.852125812276791373e-08 6.400740418393210112e-08 4.363926847667378773e-07 4.340827051583799131e-07
3.504408754751063748e-06 2.910437312402160176e-06 2.186874829647891096e-06 2.094572317048868807e-06 1.487019879152556267e-06 9.137827531354815978e-07 6.190822820504687922e-07 2.836495496330029489e-07 1.381383088038989804e-07 1.056287377395180871e-07 8.167526487910043664e-08 7.326209327830615227e-08 5.338152485550342393e-08 3.436658535951861741e-08 1.633381606192711359e-07 2.083477587318626611e-08 1.628379679433497434e-08 4.987737585178705299e-07 9.327091664786403034e-07 5.007986809436380480e-08 1.074936660841053282e-08 1.401002868616651129e-08 1.076386940216244967e-08 2.345957181261659756e-08 8.478665674926513803e-10
3.386342003601550610e-06 2.564991596323257856e-06 2.541617479417917087e-06 2.778789280163283863e-06 3.105336595230399760e-06 1.707149894869859502e-06 2.734728146445150624e-06 8.859276653084411643e-07 4.950384418137079452e-07 3.180461513549905352e-07 2.922001574342337926e-07 2.192432656175602157e-07 1.231395953525563045e-07 7.877605803878070410e-08 4.269381336035647753e-08 2.710101637379959429e-08 1.949497288840489964e-08 2.138823459754630240e-08 4.223879293956596418e-07 1.560643575599823075e-08 1.561571855983782227e-08 1.757823960761211362e-08 7.385767284079984356e-08 1.513705812425529151e-07 1.870961911028364450e-07
2.181780340782285598e-06 1.806688537050891249e-06 1.643143532641245799e-06 1.156349366566396299e-06 7.946966170314554148e-07 5.149155780174336398e-07 3.265953470303010506e-07 1.843465002271227154e-07 1.958427042813707665e-07 1.498751963821107569e-07 1.083192043479403734e-07 9.072556823844963052e-08 9.658709651937402172e-08 2.338568859031348001e-06 3.065621108991203719e-06 5.764926799101167844e-08 3.701047367235959340e-08 2.123062941093571910e-08 1.053396942150419328e-08 6.677123144882611951e-09 4.538467102150913455e-09 1.742254122165187033e-09 7.224396809049689468e-10 6.932361527650610923e-08 3.875050379615108827e-07
5.734852928827332719e-07 5.600838171863053193e-07 4.583085229107762706e-07 3.266633924799941531e-07 2.335032068983609760e-07 2.383087732046900550e-07 2.046229618081804289e-07 1.388694110471475806e-07 1.365400565488018266e-07 4.825447094629782702e-07 4.285477104547641152e-07 1.211578039813085859e-07 7.578109535460533654e-08 4.342954420131677500e-08 3.278918122315754479e-08 2.630821862790839220e-08 2.025831560747864894e-08 1.531946243182455139e-08 1.116352714045263891e-08 8.720769018518441399e-09 5.236498724110453555e-09 3.247258397784142495e-09 2.236192813330226887e-09 1.265800836365339366e-08 2.029675364535033978e-08
3.329505295504192014e-06 2.729799872507658673e-06 1.993314776144714587e-06 1.550771733306948113e-06 1.288955989565765471e-06 8.934289253092543679e-07 5.493805142044558848e-07 3.288173903208594263e-07 2.733328335303294785e-07 2.063333944607456879e-07 6.461865328144356363e-07 2.889367324425951983e-07 1.258688897489024280e-06 5.196608847460341148e-08 3.660401394260225417e-08 3.338315648022709893e-07 2.407592911722596567e-08 6.298242144964000168e-09 2.796865919617629250e-09 2.913177456383214729e-09 1.098931149416209842e-08 2.041660880742053638e-06 3.668899557373382389e-09 1.511364076943207005e-09 6.427595610979164417e-07
3.264101440814013004e-06 2.590826215855764322e-06 2.132869696702283192e-06 1.338838347431568450e-06 6.804688364716980543e-07 5.369590568166018349e-07 4.897228854032297734e-07 2.272248624599229296e-07 2.017516263138660325e-07 2.510791260535101434e-07 1.296717309131193134e-06 1.333972127066726780e-06 3.865838755870208175e-06 3.400942477054302909e-07 5.984165525349579189e-08 2.860446743312698146e-08 1.579995886887358828e-08 7.142388645629105851e-09 3.702483507354661450e-09 1.816478077590324984e-08 1.035541631769550702e-08 1.554311725328652169e-08 4.014145815640487028e-07 2.823227957381215737e-08 9.570597056163203120e-10
1.700735700595902277e-06 1.555299446063622828e-06 1.573314330674406291e-06 1.483205397400231574e-06 9.806704329536086293e-07 4.564149781259845048e-07 3.724635745918189911e-07 2.464897655695618681e-07 1.947739621310143599e-07 1.556718234994700097e-07 1.050778846719473318e-07 7.648666230802094390e-08 1.652018173232512750e-07 2.045638789046377112e-07 3.796841167022006871e-08 2.639792438231310727e-07 3.140949239668762969e-07 2.450894197977864283e-08 1.934837077099019823e-08 2.186674118943870030e-08 3.298873899047778330e-07 1.060757013842343615e-08 1.444486785134951907e-07 1.275718723103653438e-08 1.453321284598035323e-07
2.998904487554887543e-07 2.352974729378485219e-07 2.110129518041505205e-07 1.611061895228105040e-07 1.274447483862850873e-07 1.014504210740222262e-07 9.240980566086397185e-08 7.229959644490959681e-08 4.119827558883765214e-07 8.200981942440111652e-08 6.579759557344791404e-08 5.105190441986469818e-08 5.438883100438675112e-08 6.511641779860081048e-08 2.440352803261048038e-08 3.251066973076239171e-08 8.165861483537412725e-07 1.181041059963161650e-08 6.339761054639983576e-09 4.313369183691835320e-09 3.768769251229221588e-09 3.060079166285365411e-09 2.309803530582674537e-09 1.739546155419977164e-09 1.384555336068953124e-09
1.721591075377120702e-07 1.916936889239503174e-07 1.224134849710410137e-07 8.553228532051994339e-08 7.149145659122944833e-08 5.153289330600463941e-08 4.474132212579176465e-08 4.793892607602556086e-08 3.636368499590021106e-08 2.730741935111736693e-08 2.248142475545742022e-08 2.168177323579307359e-08 1.817437381838682661e-08 1.714150755901703292e-08 1.481704382822809460e-08 1.329180752886365421e-08 1.171208246299141571e-08 2.167239328441518114e-08 1.002417548028111665e-08 7.493222577371022954e-09 1.550944786074247030e-08 8.742843070159301130e-09 1.629675074947493427e-07 4.467200282977691005e-07 3.403157943545281898e-07
5.691137488064665101e-07 5.353102940085437581e-07 3.964916432899006291e-07 7.361036190849316025e-07 9.961347283987399776e-07 1.251917442296001581e-06 1.425792833216970789e-06 2.359377580654462923e-07 1.005725637245225087e-07 1.137373028557689191e-07 9.473216077013278695e-08 6.861225554808132855e-08 5.946208770859269580e-08 4.876080221378492073e-08 3.807858208086441450e-08 2.898250543830766394e-08 2.405378384469660391e-08 2.093733601066907683e-08 5.917233127702768904e-07 2.169883350433583872e-08 1.201540580058327222e-08 9.040648315913487316e-08 2.201152163185035775e-07 2.026957308957883264e-07 2.148199159554969951e-07
4.273994985131123442e-07 1.285773357311395205e-06 1.504841756568355715e-05 1.947581668550711377e-06 1.372324301994437148e-06 1.431972321180647649e-06 3.445028904681530941e-07 2.306319355554999821e-07 1.630133161178545100e-07 1.305466554698795931e-07 8.592855234945065954e-08 7.818451839613063470e-08 6.749038880704700544e-08 6.544660372753923619e-08 6.615610934991837767e-07 5.013110340840562136e-08 2.536247369357030808e-08 1.808931388409055059e-08 1.164685399548286572e-08 1.800980390859974270e-08 6.331946614863830514e-09 4.351636879836964600e-09 1.190800046864082278e-09 2.740153705215177549e-09 1.479638795735244983e-07
1.658553377195051259e-07 1.011386526601618072e-07 1.670176491635357422e-07 2.138466829373660004e-07 5.049116949296107089e-07 4.434820790120367309e-06 2.100583404542289756e-06 4.650993738419812471e-07 2.817095091089392549e-07 1.800928969745193686e-06 3.719824184055022099e-07 1.041745669582789882e-06 3.312410476161738326e-07 1.224978361374648746e-07 6.632315727307870209e-08 3.413768268370598533e-08 4.005267540240546817e-08 3.636017585549274130e-07 3.909221730517430230e-07 8.815867906062461542e-09 2.113099105012329000e-08 2.071491909022020678e-08 3.247871081845996770e-09 8.149100019416860002e-09 3.372913309321374148e-09
4.665130800248291584e-08 5.275052592322430644e-08 3.466750161844396020e-08 3.979437720999220282e-08 3.983165215262160309e-08 3.170162865903060520e-08 3.118638004792814254e-08 2.697225305510216286e-08 4.998468511258815810e-08 4.550122049877462531e-08 4.336911421545055208e-08 3.311917475512718862e-08 3.940938413267887924e-08 7.817607814341044991e-08 2.074034646538083572e-07 8.320043904712618170e-08 4.115655986378317360e-08 3.320603280890769317e-08 9.759745205316490787e-07 2.675202386081361842e-08 1.346097184640690678e-08 7.376851490663815375e-09 2.415635712595528424e-08 7.284799574025838793e-07 1.132089782489319009e-09
1.717257378890855498e-07 1.960387569641237256e-07 1.526021958618711627e-07 1.474079212992354289e-07 1.286625018430038582e-07 1.084555352747337030e-07 8.990136113771823133e-08 7.512653211231380738e-08 6.198464154231876400e-08 5.143773973545365440e-08 4.137701435940810841e-08 3.432476314853328081e-08 2.677734819480164695e-08 2.145417241089724440e-08 1.783466424997446351e-08 1.429458419537837293e-08 1.173435388352840015e-08 1.023725384245584312e-08 7.162836469689096558e-09 4.845035386865210874e-09 6.577767281605536067e-09 1.715868612997713709e-08 1.122703268689010385e-07 4.074333866227029053e-09 6.032302914145605354e-08
1.320477244992197385e-06 9.291768476265730453e-07 7.064693253533406797e-07 5.686587826401206257e-07 9.710458371618144641e-07 8.860580280725612640e-07 4.175543912524789986e-07 5.956501678529845585e-07 2.536072839530256177e-07 1.155179514148872693e-07 8.470241355908642849e-08 7.227775163721482994e-08 1.717449138552999978e-07 1.573597386016731286e-07 2.077238284380409968e-07 5.706923302378335292e-08 9.949322308684523116e-07 3.162584299911084802e-08 2.722635491048324442e-08 4.370336377317485482e-08 2.065136211875840692e-08 2.501309140946786270e-08 4.988642378085191389e-08 2.060291599075614907e-07 1.119314582039160405e-07
1.823607656536606836e-06 1.457876565874133828e-06 8.714325297800458536e-07 7.553952994429867913e-07 5.094588090883358267e-07 3.809399486062838350e-07 1.198036127502039054e-06 2.068537324207603593e-06 4.584492936226673748e-07 4.855775050546211180e-07 2.616029249368145542e-07 1.579814674493104172e-07 5.030552963582646971e-07 1.028050019862402876e-07 5.930314987082916287e-08 5.199978506507818659e-08 2.275053137880539590e-07 2.192692121177896897e-08 2.815414345026500294e-07 4.555622420872166310e-08 1.187255914111352168e-08 1.854295543695594329e-08 4.035013501962316003e-08 2.986299432805683608e-07 6.053690822012672893e-08
1.738211328753738355e-06 1.475969551687523422e-06 1.386121295803824539e-06 6.386677322205293561e-06 2.059705611866376717e-06 8.760812167056344661e-07 5.357337234192390093e-07 9.872509025953104708e-07 6.958423531804096284e-07 4.641346238528912941e-07 3.797497771388393748e-07 1.115176341851894254e-06 1.552868952362077063e-07 6.800493006845074748e-08 3.888592492219929671e-08 1.853259888097066777e-08 8.730916044125036821e-09 4.000222731427485051e-09 4.101814411719381430e-08 4.857177602516369831e-07 3.132786715203608938e-08 5.247206705367241125e-09 1.344335349722543452e-06 6.041255936084624105e-08 1.519847847203818328e-07
2.247083476783249922e-07 2.181290946937767921e-07 1.398115995165347296e-07 1.662818680014740794e-07 1.590436254425363545e-07 1.490051828577603565e-07 1.038158259424842647e-07 1.013884567483577324e-07 1.062252898309665481e-07 2.896473417396504966e-07 4.627067967789828131e-07 4.403497234535407179e-07 4.908614892179404169e-08 8.685512094502228635e-07 5.840691195379416734e-08 3.652704672833583962e-08 2.642435609482578502e-08 1.887768481388920701e-08 1.440694602267838458e-08 1.172065076546010313e-08 1.052343506158921219e-08 1.810269711781836815e-08 7.591469081021251333e-09 7.094830286876036615e-08 2.747740511321782695e-07
2.726335653843094774e-07 1.339887021895606378e-06 1.300957360826981166e-06 1.801663379035432053e-07 1.485656644018947736e-07 1.483093731558726552e-07 1.165899749139929651e-07 1.042249351793817898e-07 8.480198866179359488e-08 8.100995562218297352e-08 6.648349075912227410e-08 5.340224731447299233e-08 5.064940427845273313e-08 3.477429077340394395e-08 2.727683694295293748e-08 2.442240987457444184e-08 5.210402497218491959e-08 4.675128488242174300e-08 3.117496286997860726e-08 9.188939004988900814e-09 7.490505509077869054e-09 1.941578159810295373e-07 2.006321504220640249e-08 8.620557507507237591e-09 5.668467270782722062e-07
2.542574524465751689e-07 4.580538772848088832e-07 3.203543208234491484e-07 2.683459646506614491e-07 2.669997744779162872e-07 2.531669745860891663e-07 1.315426092448337218e-07 7.608506315947101170e-08 6.367861946789830507e-08 5.378397932018488322e-08 4.845278267882219676e-08 4.744340951210875939e-08 5.107180309294311450e-08 7.564925814048700609e-08 4.446878080358645228e-07 1.560281383431302434e-06 5.367060323804308577e-08 4.252371193855378650e-08 1.609093841553637941e-08 2.319093632801521062e-07 2.587115349611247097e-08 4.667068651149949050e-09 4.309601277247595391e-09 1.004175101260314506e-07 4.144069645627002937e-08
2.262152084027358270e-06 1.841006182770648164e-06 1.223766420441525442e-06 9.149519146591888644e-07 6.870405792278041899e-07 5.150406536401437979e-07 4.155961560311496578e-07 2.938278983902349903e-07 2.660715398971648806e-07 2.293438585113063100e-07 3.232953796502627134e-06 3.221124202797580494e-07 1.334853179311182179e-07 5.570162714355130079e-08 2.958520207299083887e-08 2.770307832301694918e-08 8.663637958288316904e-09 7.453494332185729363e-09 6.921097993703457873e-08 4.865783947681549142e-07 4.027791776930686584e-07 7.143357841064788993e-09 5.712839866023423847e-08 1.230027107208899973e-09 4.048087657554228498e-09
1.513813045612039335e-06 1.135671053323463154e-06 8.674448370716952648e-07 7.941448679109698155e-07 6.609877576473392732e-07 6.372961970549267956e-07 7.610687532044021274e-07 1.521599813480144044e-06 7.598560554589109754e-07 1.385740301399131771e-07 9.336459239075766454e-08 7.323239348692545248e-08 1.422220989573594645e-07 6.111633031022186841e-08 4.531824812738602827e-08 3.832817341512329336e-08 2.619978225086830862e-08 2.251556123812893699e-08 1.357963279021208125e-08 8.780141438606754509e-09 9.982162866162430332e-09 9.715941292754999305e-07 2.865397429852814768e-09 7.403830306681807984e-08 7.364359688362816067e-10
3.776579686205310918e-07 3.249629112485590566e-07 2.613151390346935785e-07 2.542290945597271700e-07 2.011771806708242001e-07 1.624892310009617373e-07 1.544271936305147780e-07 1.754194128994369622e-06 1.387098364619532571e-07 7.559649172182201419e-08 5.377117559026306040e-08 4.180330798694192775e-08 3.589653063260483231e-08 4.749741210560682251e-07 1.037999713580351528e-07 2.636554633790794571e-08 1.813700274738376894e-08 1.200703251611135051e-07 1.231890872159935671e-08 1.778842343552494645e-07 5.582011606987770697e-09 4.867231252853314792e-09 2.011765294290168285e-07 2.899918340339702170e-08 6.449488266231139820e-08
8.974369199087488098e-06 8.308986890559976095e-06 4.657992263479733745e-06 1.435185471682889143e-06 7.660432085936645207e-07 5.405038745223555042e-07 2.771508698303862543e-07 2.125621196097791802e-07 2.035810473360862755e-07 3.109125444435960114e-07 9.505972580661593694e-08 1.069700145599474572e-07 4.744319066588627377e-08 3.360041822825991830e-08 2.717727109849800990e-08 1.371910924611881484e-07 2.062741857081616250e-08 2.880829124199765952e-08 9.722032966916692927e-09 3.728152885246738261e-08 7.558182259751592480e-08 4.958271842353652858e-08 1.105519614356643492e-08 4.025657000321604315e-09 3.910861163630467248e-09
1.340263820009704826e-06 1.162117516834761844e-06 9.450000172413126064e-07 7.078027861206442458e-07 8.145235723230785403e-07 7.456296783013842590e-07 2.310272126792427575e-07 1.756481275102243741e-07 1.162256428064513966e-07 9.203062804859671463e-08 7.037745186202282677e-08 7.685362733332771881e-08 1.223535694902661102e-06 1.434017355888041213e-07 3.448795015432830594e-08 2.670294655162055564e-08 1.842667464941640077e-08 1.416631007055905928e-08 1.122148177403383418e-08 8.707401899304912402e-09 6.809094997495114761e-09 4.801058572636742844e-09 3.016767955645790870e-09 4.913881421409203866e-08 3.334224147661211431e-08
8.108463251653973124e-07 6.052054075105167821e-07 5.291596029154734679e-07 6.234272058660926084e-07 4.187337037628381144e-07 2.310830230514152798e-07 1.616277587343075448e-07 1.006802351938981015e-07 8.319666716433889408e-08 6.911505985457675117e-08 5.485531115643817793e-08 4.918200942027959297e-08 4.576716752709701504e-08 4.479546078093139022e-07 6.355059700549919698e-07 2.672714973720159253e-08 1.871334353057518504e-08 1.598660470441504430e-08 1.458801848501824431e-08 1.195393876606925249e-08 1.047507367156178349e-08 1.894870376884824712e-08 2.406452264010699627e-07 3.273068584252283487e-07 3.096018252506154719e-07
3.865067071076468800e-07 2.557950753615193026e-07 2.541003579309442168e-07 1.861621703958922982e-07 1.855988273931499464e-07 1.531135480427550785e-07 1.235963248666319144e-07 9.862632973136366472e-08 9.657583358111864687e-08 9.058158665775524656e-08 7.111659670065148378e-08 6.344798395654660924e-08 1.522357497437640703e-07 5.079790344002359878e-08 1.698974040572508368e-07 1.944721508278146076e-08 5.117540151199192248e-08 1.251650528794783453e-08 1.367144387544990611e-08 2.283967949620971455e-06 1.695245646120283388e-08 5.521765869982728527e-09 5.011391436810586156e-09 5.802701359492613874e-08 1.275994514445033277e-07
4.029471253239162964e-07 2.965735591120552138e-07 2.704981150258604832e-07 2.336713242863483941e-07 2.615090934681812182e-07 2.026034108819322228e-07 1.845179187856165258e-07 1.720292930440522402e-07 1.366332526856176282e-07 1.467696660501130421e-06 3.406616842342544280e-07 1.188940583780314307e-07 7.023043221896112007e-08 3.826252939163572379e-08 1.925984005906506692e-07 2.618492037558072535e-08 2.130905353071828307e-08 1.451758920672236228e-08 9.544233177897491689e-09 6.000586972077896519e-09 4.613510633151576993e-09 3.270324202081717501e-09 2.767727806772723283e-09 2.112034931376819419e-09 4.154649917340356638e-09
1.866343688385044561e-06 1.485386197695854094e-06 9.953804222506276843e-07 5.584636319387206923e-07 3.163742640790821485e-07 2.027128790979399129e-07 1.484116058962060840e-07 1.141866219152433627e-07 1.835044989512785956e-07 8.983016182890942606e-08 7.281365864652690413e-08 5.653841222797305345e-08 4.394974677716095284e-08 3.601309957264853678e-08 3.157490835859624248e-08 8.130549566661478664e-07 3.839925552999100044e-08 1.691516955619446762e-08 1.428187763889040022e-08 1.081152132146391488e-08 1.022127606008441410e-08 7.182856037051044173e-08 3.452629454052813879e-07 2.360477421763325340e-08 2.189554295429433930e-07
7.710722022687167315e-07 5.445709304393511695e-07 3.814194777632870038e-07 3.496730448591677113e-07 3.343485227605365482e-07 3.536293129385162277e-07 4.094945508539363557e-07 3.659156987795312990e-07 2.120418767000917765e-07 1.763582048744490435e-07 4.349372285179763757e-07 8.256524457222329526e-08 5.257250912296574758e-08 4.312058975129277102e-08 5.681826938078034214e-08 2.508992511057853752e-08 7.068629426615432100e-07 3.434882122249499277e-08 2.247502384797834369e-08 6.359765132016160344e-07 1.929299184828382555e-07 4.749649162858084558e-07 4.814581321246694042e-07 2.827952289004321793e-08 9.940678391800498922e-09
1.940783208391852882e-06 1.829003674369042481e-06 2.068258493137853188e-06 2.090601151753052510e-06 1.984206029673208815e-06 1.530308903104059679e-06 9.802579550379227347e-07 9.300310221991403828e-07 2.435424170010614400e-07 1.509926519305845009e-07 2.793018153354665376e-07 9.830918411242123310e-08 4.579188662470975526e-08 3.121183898619548067e-08 2.442983200785114551e-08 1.923676988922507577e-08 1.509166666860521189e-08 1.205409783815272275e-08 9.653332009797382377e-09 7.655099681034489016e-09 4.217334945417559473e-07 3.765108237687544459e-07 5.936703817862215276e-08 3.718139442029541817e-07 2.855617540409068017e-08
9.544142830119549766e-07 8.468056166915482204e-07 6.131172634997210084e-07 4.712342689257663958e-07 8.172407594873323906e-07 7.221984211264481865e-07 3.823661166743500821e-07 4.899703111839269073e-07 4.568941308639884921e-07 1.659146570561102023e-07 9.804078737642838263e-08 7.416972065407670957e-08 6.138650412225779060e-08 7.948528621088471280e-08 1.176377076308159491e-07 3.829844507011097123e-08 1.993437614679687707e-08 2.757064552402090512e-08 9.798912339400532396e-09 6.792796786265240578e-09 5.127944375592237046e-09 3.882990971890668557e-09 1.521902800237209375e-08 3.161352324932484472e-07 9.489096725663095720e-09
9.952382962811639275e-07 1.644806000356022630e-06 1.943407453477982950e-06 1.389445525016881218e-06 1.088161642366024746e-06 1.469579449062774427e-06 1.769630090349626461e-06 1.355077528117960522e-06 1.685548421715840876e-06 3.735330080925452743e-07 3.129574520313453406e-07 2.691880657832669957e-07 1.459396302803127985e-07 1.071612554030228831e-07 2.492440266985114573e-07 6.366431889136754736e-08 3.865126829649069383e-08 2.732929916730876223e-08 1.618560383352942160e-08 1.316787513734452864e-08 2.082827789660561526e-08 3.392968969228310577e-07 5.785441592865861233e-07 2.534198231711622525e-08 2.161984685941477057e-07
5.810702075512775874e-07 5.114490874503657908e-07 4.377562916443042563e-07 4.185319350830613819e-07 4.200882800047052210e-07 4.265121219405975732e-07 4.934513999718347890e-07 3.668697079211732628e-07 1.108466956383414593e-06 5.216836244780128932e-07 8.075882829114315741e-08 5.434990817533653220e-08 5.284103849675598674e-08 4.387732193226653374e-08 9.748919752891288277e-08 2.360890687632286977e-08 1.929452963466183294e-08 2.669989779673368681e-08 8.457936280891520015e-07 3.763406544647161797e-08 1.131836847975761573e-08 7.054046547869595291e-09 8.415784932004255799e-08 3.056310451682335382e-08 4.113760911893292045e-07
1.425128742834509770e-06 1.122124396571094393e-06 1.106954074938854923e-06 7.222246842587019827e-07 8.249848504100747328e-07 6.769424136889635136e-07 2.113574539597175639e-06 9.055247211205506266e-07 8.649608636403356178e-07 7.915805900381784322e-06 6.153641914040631792e-07 1.903155013813928218e-07 1.094745238044581954e-07 7.840850265757834950e-08 5.140228106145052595e-08 2.623219053132197715e-07 2.209975333055027990e-08 1.342842212063858154e-08 9.632096913906549814e-09 1.816246039585580061e-08 7.017644291818924152e-08 9.941139173042052330e-09 1.212488017673902033e-08 7.076974673431240447e-09 4.108914702903729734e-09
2.920657222162409869e-07 2.428588117292830529e-07 2.002180973481412428e-07 1.894304898302956257e-07 1.498446957938793615e-07 1.387566948867790466e-07 1.163230542826705640e-07 9.313671580181251240e-08 1.130578272167604561e-07 9.592806350531455189e-08 9.889082402634017567e-08 1.818785431642520064e-06 3.058764192115558654e-07 8.684177635068734906e-08 5.221847869904124161e-08 4.463450813723752648e-08 4.435096875972073906e-08 2.803078636653294681e-08 9.805988806451531724e-07 1.138390464022700172e-06 1.160884973569114175e-07 3.242100672060091008e-08 5.576211605388610418e-09 6.429639269682295636e-09 1.346941364425756863e-07
6.052358175594179918e-07 7.098397458084431158e-07 6.973585299755003200e-07 4.288601243070977937e-07 1.229790867339521958e-07 1.567264192308810193e-07 4.549306173618119493e-07 3.819919509025567678e-06 7.665865786209680181e-07 9.749713578376835039e-08 6.805842465324913590e-08 4.881478001355367202e-08 6.481742819781478552e-08 2.754708917689117806e-08 6.407685554414349650e-08 1.963505410102506455e-08 1.572711010988773935e-08 1.152855395640298455e-08 5.767497937712339902e-09 4.319896671332052570e-09 3.201035776144910445e-09 3.700251386761413889e-09 2.051170540845952222e-09 4.138439551795907366e-07 3.977713309442697370e-09
1.944045411951937154e-06 9.161127893257166519e-06 7.479021620732131616e-07 6.289210986542560923e-07 4.108024001695797249e-07 2.976871629182115505e-07 4.234506875488129759e-07 3.400941298381721548e-07 1.618277906636661075e-07 1.674186301637812117e-07 2.513252480919904600e-07 1.712132700938483620e-06 3.562131762459871737e-07 1.058380768645184028e-07 6.572274623780795827e-08 4.445362342602026777e-08 2.782614309713595474e-08 2.484795210731730406e-08 1.897289371420213666e-08 1.193999980737438264e-08 8.440183491137268023e-09 8.921114982039967881e-08 3.198444939867093984e-07 9.860458216608465291e-08 1.132479162870127689e-07
2.754293134932725062e-06 2.678600519874334454e-06 2.529480823328730612e-06 2.951353269106979011e-06 2.042696960220901882e-06 1.848288786278500759e-06 1.698937681529392995e-06 1.038223337840922157e-06 5.103372004340108511e-07 1.609441301241280034e-07 9.216701768990268706e-08 7.135803732168520458e-08 5.420889373839160960e-08 4.003952295383388867e-08 3.102536224628598424e-08 2.454968273066298435e-08 1.685543470875578518e-08 1.169222914114912360e-08 8.359154767729112090e-09 5.022316342842459262e-09 1.837823486883170676e-08 1.072842131242932402e-06 2.183045478648771053e-08 1.082467888604532653e-09 1.277909736943464678e-08
8.911419683481347398e-08 1.233815183071608393e-07 2.712503689235421595e-07 9.514419012775060613e-07 2.052985968075242784e-06 4.488747770249238777e-06 2.015166558848605272e-06 7.323026914957400948e-07 1.735193290097764634e-07 4.758849380030390643e-07 1.595915656740030959e-07 5.982811534792739077e-08 4.984732945772536688e-08 3.558022207811048286e-08 3.027277697801532690e-08 3.025585408324664574e-08 2.640841459479897330e-08 2.449271706308332019e-08 2.326456991426905458e-08 2.910787295444791892e-08 1.262210073482132343e-07 8.189735896789075513e-08 1.313298911910394407e-07 3.200873687035611676e-07 5.528901556154008321e-08
4.065591192843581613e-07 2.437790573271206272e-07 1.553004701536641962e-07 1.709310218225348822e-07 3.876084183310373568e-07 3.799751398308123597e-07 3.033051904014118811e-07 2.799297394997270442e-07 2.680583892005760376e-07 1.926155005634595995e-07 1.418136031491941245e-07 1.368351830363251630e-07 1.416421142297193143e-07 1.494396396018556682e-07 2.240292907738682361e-06 6.975532915484000165e-07 1.515621644314748546e-07 6.862014311689665226e-08 1.379569423252492140e-07 6.862888721265775505e-09 2.641613464715821241e-09 2.711283835977127355e-09 6.133910424801135749e-10 1.277423923931126239e-09 4.137993054763951355e-09
9.188215308517953464e-07 1.998077725528239354e-06 3.089857566397211303e-06 4.151748579854344989e-07 4.102125372355913186e-07 3.638413583780999537e-07 2.896759621204054692e-07 2.384696195812799450e-07 1.968357474059558513e-07 1.851580351327069719e-07 1.088513325530146264e-06 1.320243589264045069e-07 1.025143572451767690e-07 6.756337740670706372e-08 5.370495546997256375e-08 4.052024912126664798e-08 7.670350122104716762e-07 4.224990047563823876e-07 3.411265794098761092e-08 1.533529282947284734e-06 1.301957976577542549e-08 4.552501631156375923e-09 3.076512339935837502e-09 2.537662122280117606e-09 8.724443156821254640e-09
5.195256905001565209e-07 5.223029011753875950e-07 4.553323486874231762e-07 3.122797765759558508e-07 2.135949449821236742e-07 1.750953320830488083e-07 1.290881240471187462e-07 9.935403995027149339e-08 8.271135730711619016e-08 7.542999042866443341e-08 2.283338525934790755e-06 5.201847435865629472e-07 1.474242079541382983e-07 3.384592705393755991e-08 2.639100299847823798e-08 3.125995462032791599e-08 4.310061614053267223e-08 3.511267222334491778e-07 3.184814227551005973e-08 1.270443773600719989e-08 1.085499661578616379e-08 1.938829832780418945e-08 1.609188218055965975e-07 7.043087037848788162e-09 7.190605790225394051e-08
6.239627046075305683e-07 4.953401701157395035e-07 3.061789455539297332e-07 2.827604267943632034e-07 2.969585059723886454e-07 2.801812108822595190e-07 3.030450347263099361e-07 3.403698193506849826e-07 8.793718451290761096e-07 1.873452822206426909e-07 1.192984787503525015e-07 1.016001535994851157e-07 6.272792513409237986e-08 1.606958311317214261e-07 5.150424077604361182e-08 3.792702024126374858e-08 3.893342744326207795e-08 4.404640586856534819e-08 2.595760642948144843e-08 1.528243286387037359e-08 9.463809618295286408e-09 2.025625262685710261e-08 8.637294719828490217e-07 5.970475733791037866e-09 1.446616734434133961e-09
3.515363196803384757e-07 2.636883355060058321e-07 4.608425595515694929e-07 3.468517222820504954e-07 4.411101850114827426e-07 1.458662268569019616e-06 3.204815748200310330e-06 1.496551537255737942e-06 1.040970576488621684e-07 7.615609806817501703e-08 7.188794408388084915e-08 1.234565100088845957e-07 6.264233504237340249e-08 4.858389011383242508e-08 4.724695829332444509e-08 3.995479088742416928e-07 8.526674007795845769e-07 5.471204121957335023e-08 4.146502144558934934e-08 2.597282219252335923e-08 1.033860365554818427e-08 4.497418370246945201e-09 4.240812554017285721e-08 7.684392415921724500e-08 1.489611538557900457e-08
3.203914384493516675e-07 3.683938795392097072e-07 3.222751866442748643e-07 2.707576461450005605e-07 2.674096653367694863e-07 1.511801948747618381e-07 1.650396322809374187e-07 3.644516565449659994e-07 2.089263283093825422e-07 1.337419053561044899e-07 1.120600491688817513e-07 1.135507121247405268e-07 7.584852249193639996e-08 6.284487878555185363e-08 7.812066781481492241e-08 4.323556797427368911e-08 6.652382922521001576e-08 4.391211252427927385e-08 1.419521781199873356e-07 1.256668562621721191e-07 3.582814434558690917e-08 8.496451389112732561e-08 4.368894816908886834e-07 2.406069017222896937e-08 1.431712990887775080e-08
2.434913549855751980e-06 1.963410080706029334e-06 1.330385448322336213e-06 1.145040360780041241e-06 7.408843892024923188e-07 4.146496909044766680e-07 3.401917667325812513e-07 9.450869356483645459e-07 4.226729314327569607e-06 5.770022831759298698e-07 1.019879631017288269e-07 5.051333853645240116e-08 3.786569170153176550e-08 3.556144739434057942e-08 3.014636013398979243e-08 2.824714407303246549e-08 1.079308617236648095e-07 1.340955484335046564e-08 8.820773061112453198e-09 6.964452450838090950e-09 5.809083274389236898e-09 8.106421502647888143e-09 4.105619588991325679e-07 2.605283518637055216e-09 1.063593663399532957e-08
6.231224680344357967e-07 6.143907007841892792e-07 4.851333338600894547e-07 4.331526847272420864e-07 2.994288809918324774e-07 1.655016938242430957e-07 1.199867832873122602e-07 1.012924296218964065e-07 7.793891859174048692e-08 1.759339193478054398e-06 3.714654862054428261e-07 4.969570789608440654e-08 4.259799640282048822e-08 3.687529524804823423e-08 2.912418507609338945e-08 2.601574242503342027e-08 4.581618183315443639e-07 1.638654895115711061e-08 1.071237811970509985e-08 1.304432799572745121e-08 1.194161928497936762e-08 5.630676682004621690e-09 4.280577782913259966e-09 1.290838249127563411e-07 1.866258868382072376e-08
2.652488536461234997e-07 2.117769871747784561e-07 1.878240060346465561e-07 1.498886701737323011e-07 1.224369196624250517e-07 1.151337583436466660e-07 1.067682636139920362e-07 9.501286821975665260e-08 1.043886269523085174e-07 9.184157164241289698e-08 6.855084476521407047e-08 4.531743333193391856e-08 3.391773454060052200e-08 3.024402435473048679e-08 2.851229379826107957e-08 2.761615250495932288e-08 3.355118413040874213e-08 1.730111857969703248e-08 1.362325334676325665e-08 1.106392527706853181e-08 8.472330960643816156e-09 6.102895324300099577e-09 1.481552915953546323e-08 5.404341181348279435e-09 3.749929374668865835e-07
6.224910597188852674e-07 5.877947382248760039e-07 5.488795230151787169e-07 3.959477324162525046e-07 2.880627587453810516e-07 2.455390756258923316e-07 1.991553144362335481e-07 1.746594708309859214e-07 1.406298526876412536e-07 1.526982150800708394e-07 8.993864269505989124e-08 5.865445889386874476e-08 4.757262479225698536e-08 4.564085165237275242e-08 3.750564850120651300e-08 2.737605487427294494e-08 2.743485474108715505e-08 1.411638719718230833e-08 1.051129874405909692e-08 1.981751481226859398e-08 6.345504664047406456e-09 5.642780281092087101e-09 9.011260923357960093e-09 2.114626878895066420e-07 3.526040996998634746e-07
6.011472690517415363e-07 4.092793708960550987e-07 4.605251534690326909e-07 4.585158565457188250e-07 5.121817161220052514e-07 6.380762110885106814e-07 5.571110501497926399e-06 1.018541360064639045e-05 5.922604906872072151e-07 2.880672116953817622e-07 1.763807368510461544e-07 1.681983523630194100e-07 2.572863125860204447e-07 1.480279816142989364e-07 6.705869939542168628e-08 1.783320393149922509e-08 1.370851559788472379e-08 1.227872550217702074e-08 8.764090906463555345e-09 1.452135813291738195e-07 4.830970551851375884e-09 7.271647136856025342e-09 2.938889051541447944e-07 2.025281952919669544e-07 1.929233146025270409e-08
1.269656131317997234e-06 1.120439369394879647e-06 7.953655355144605587e-07 8.035994336834345460e-07 6.978353542550734258e-07 6.123539395922732257e-07 5.541873473497165835e-07 4.429384275042127526e-07 3.574937140290924381e-07 3.816923783179690437e-07 2.373908145612590375e-07 1.478875606857906958e-07 9.169781428989734901e-08 6.562495870603211080e-08 6.693051926453775422e-08 3.923179708839851731e-08 2.914930165237458692e-08 1.577685749294170439e-07 1.052732207512887598e-07 6.738259978714336508e-09 4.317435657825739666e-09 1.147945522807349018e-08 6.662786248359754145e-09 1.462537275258429998e-08 2.793076665387689593e-08
1.684619859435801864e-07 1.530908489480710163e-07 1.748155826261047724e-07 1.767964929320694188e-07 1.865983872066790719e-07 2.544917651807618019e-07 4.783172994486981347e-07 3.847164531928981127e-07 6.899137023116390887e-07 3.673326937248437977e-06 1.074769825600891931e-06 2.072234821043319104e-07 7.928009869804705558e-08 5.441427421787339257e-08 3.811759368685002736e-08 2.026195485986997140e-08 1.119885486551688336e-08 6.507903862684857109e-09 3.563007716981727816e-09 3.361068304596481086e-09 2.811117868330634557e-08 3.026084412811048148e-07 2.174026229219247945e-09 2.199001708810177537e-09 9.114863597983617644e-08
1.359968854769929860e-06 1.372358185562248210e-06 1.366665283913265772e-06 1.255433459608252679e-06 1.065407239304729313e-06 9.425051772873934234e-07 1.363970985115868473e-06 9.403770771292678076e-07 4.249503128098100020e-07 1.614690233788064803e-07 1.017754202658094586e-07 5.413019403684516354e-08 4.252926731711870530e-08 3.538623141379800227e-08 2.908050888962039682e-08 2.625832586199760107e-08 1.249060517388836945e-07 1.378267894736569723e-08 9.956552497468427677e-09 7.495835565035386818e-09 5.876381865373592674e-09 4.352489460588042081e-09 3.634610728261620664e-09 7.984684445430685263e-09 1.574172610661821251e-08
3.551025226590712408e-07 5.008255018107236133e-07 3.881747574521272998e-07 2.538770751687068062e-07 1.927567757567136003e-07 1.327998703315460891e-07 1.152066978769298816e-07 9.534308809705882909e-08 8.456676824745213670e-08 7.135276657521675444e-08 6.396038603124414263e-08 2.178627141021413389e-07 4.139038635474286631e-07 1.327027980065973831e-07 6.561910834464257363e-08 6.087103386829566148e-08 4.169675949381999519e-08 2.500989432967194928e-08 1.716810245496553710e-07 1.999608777618690355e-08 7.335020754706365525e-07 1.825930481073789636e-07 2.448298440454618655e-07 6.807375162632602044e-09 1.636914058648569489e-07
1.355068057824101240e-06 1.030165362474590049e-06 7.401052403214802040e-07 5.358272589833067913e-07 4.163053589203927200e-07 2.945528028704759079e-07 2.512628853704855650e-07 1.677120591289616551e-07 1.276490647850870465e-07 1.073239878149728904e-07 9.649794417679849073e-08 8.627220022557892014e-08 1.922487564056889760e-07 4.316049265515028761e-08 3.582589760933778363e-08 3.719345964592418536e-07 2.770794564562604137e-07 2.904540254379546857e-08 1.026847123824677947e-08 7.119563946048790019e-09 4.239083651720698599e-07 3.246234407078114778e-07 6.669218802015572265e-09 4.352052001241071906e-09 7.154499419410675955e-10
1.599245322799478772e-07 1.672248423466320866e-07 1.499522743122523760e-07 1.285566225582947775e-07 2.094252608677959758e-07 1.441287188480920506e-06 3.651368026350383382e-06 5.685712965656186430e-07 1.597485522726348383e-07 8.381422658316551934e-08 7.284274864441751617e-08 5.904802406487431443e-08 1.230014832248380758e-07 3.526698356236352249e-08 2.512762061855068651e-08 2.067581417854624660e-08 1.781405902465296227e-08 1.477909005064933772e-08 1.089304070300768172e-08 1.251054848699068765e-08 6.511196680178559044e-09 4.386382135555186259e-09 3.152623365847920320e-09 3.701634503052233414e-07 4.579081024598335267e-08
1.371939598297029691e-06 1.301120268383801811e-06 1.055201302236804297e-06 9.437651567175683991e-07 4.621899236150339814e-07 1.818428652565132963e-07 1.467296800188496014e-07 1.045855707414000999e-07 8.817416538975046698e-08 8.621304109480140543e-08 8.249300526117032848e-08 6.816038061165346913e-07 1.716278419751737448e-07 4.679031582906064379e-08 4.059983237189587605e-08 3.095554335762347709e-08 2.269424489715434143e-08 1.578293859964609911e-08 1.049209235912073273e-08 8.818455471026082860e-09 3.735808223646027958e-07 1.468067891639916778e-08 1.245861678745412182e-09 4.840576234565725843e-08 1.515592261527224359e-07
6.402444579586310200e-06 4.447041800660198609e-06 3.201949062651385794e-06 2.233252044717646513e-06 1.371594457348709101e-06 7.771257466228847874e-07 4.304940500008832033e-07 2.310502207121055469e-07 1.651240929710717437e-07 1.191670739834071024e-07 9.609142039587401482e-08 6.710721788347030055e-07 2.524372324957710512e-07 3.529580635199861479e-08 5.330592166232699623e-08 1.233685858214953762e-06 1.853775448513714496e-06 1.851394463967829269e-07 1.488612627691728577e-08 1.786727561292325136e-09 8.693007252768327530e-10 7.236020190818806668e-10 7.009389453056065258e-09 1.577177863125729943e-09 3.278734085890788287e-08
2.655412887872265499e-06 1.549866079367344066e-06 1.182268302188195149e-06 1.052841114922289245e-06 1.031489631026147237e-06 9.719880741049746049e-07 7.112985430234830145e-07 5.901251378862261073e-07 3.922610524575840836e-07 2.454973614043793827e-07 1.523098372052052554e-07 1.005211543769334137e-07 7.665147206778270734e-08 2.240130230746894723e-07 9.083485704642716277e-07 3.012790335870330818e-08 2.133970015846596598e-08 1.551398516485078403e-08 9.752574202972431815e-09 6.725435457738357026e-09 4.892815515915828775e-09 3.396993153178652066e-09 5.543669524468305673e-08 1.179162794351923213e-08 7.410025814006114555e-07
2.769630771329069809e-06 5.281036592951981697e-06 2.702877202059370745e-06 1.325208252784314080e-06 7.246018720440591909e-07 5.161720298046117347e-07 3.133553695067318798e-07 1.946018898610080699e-07 1.465286064561315846e-07 1.400547984451899565e-07 1.028033672182874897e-07 8.770983450499772377e-08 6.419947651783707064e-08 4.965299051872943365e-08 3.980556260905221671e-08 3.628855127309720703e-08 3.521369901506887118e-07 2.040117799530784015e-08 2.155881884519906094e-08 5.979480810041715888e-07 4.791057447513456336e-08 8.494619504958819168e-09 6.432449829063985497e-09 2.430289270397642249e-08 1.226312035210081162e-07
1.010573364608131384e-07 1.218067119977934139e-07 9.524328741825599876e-08 1.162016254294958646e-07 5.027594513265144231e-07 5.119207073935980700e-07 1.138952377181654644e-06 1.737951245021912780e-07 8.115221828463013002e-08 6.179784188794516882e-08 8.925631679970557372e-08 6.741229924560643547e-08 2.414088143064056933e-08 2.016630777688608113e-08 2.639070348251113371e-07 1.438225367583623201e-08 8.585973913551780913e-09 7.070816060057635481e-09 5.475185108364123287e-09 7.731339684649905777e-08 3.162236614424665224e-09 2.350504243948170253e-09 2.720700662898264643e-09 6.676561698903008865e-09 4.436802040132523188e-07
1.577318906437309870e-06 1.069524542573063922e-06 9.985470474521143570e-07 4.822727754947027614e-07 3.450965854264539705e-07 2.490331103303858422e-07 2.506572255910040451e-07 2.069102087991123541e-07 1.686019006357084950e-07 1.746100352976987764e-07 1.931285437201857582e-07 2.789805379183216917e-07 6.312103126369854183e-08 4.837648884852285100e-08 7.330675144323924466e-08 7.791803242756918904e-08 2.866994802347754102e-08 2.493423298854140608e-08 1.993135130177286916e-08 1.909923960964510604e-08 6.090315671156309968e-08 3.224870680322964428e-07 1.125429549730774279e-07 7.805255130582225476e-08 4.076298999279975267e-08
7.587259254614767646e-08 3.301298469509468592e-08 5.316975796188646339e-08 7.629679642225501595e-08 6.521008209989483652e-08 5.040757894481417421e-08 5.104200475602133760e-08 6.998371783839050365e-08 6.289652353612470051e-08 6.432765460494642537e-08 5.558397110268991096e-08 5.950307310352769568e-08 6.012455472726663186e-08 6.326690974137390599e-08 6.978888856335866958e-08 1.554077038240774732e-07 3.375788271965385000e-07 5.766162471424675164e-08 4.428117554683104143e-08 4.461800127062064732e-08 4.883056014533274942e-08 6.002494320598208243e-08 1.168580511005815358e-07 1.239418961896502590e-07 1.550363022955292888e-07
2.067879917202198651e-07 2.152485863024890753e-07 1.520945540189418899e-07 1.036759251344008492e-07 1.139911223077075588e-07 9.156026577464155674e-08 7.201990596061070033e-08 9.994126684782251841e-07 2.880180522776906812e-07 6.421446239702912158e-08 3.637598225443052767e-08 2.541249637594475292e-08 2.703047028628273209e-08 2.753389216290338571e-07 1.739431843306132286e-08 1.485792346403082881e-08 1.310672869487316505e-08 8.903016345352204287e-09 1.166835825386866239e-07 4.061325546594924557e-09 2.632800514361066428e-09 1.674215628851945621e-07 2.063551488858071160e-09 1.569263365584399147e-08 5.296255429158841132e-08
5.034226360825397316e-07 3.990121570241299175e-07 3.538622546127600361e-07 2.864158882978432070e-07 3.098213430266744494e-07 3.466225217390751066e-07 3.272200185032424443e-07 2.415765948329903614e-07 8.201131435258332265e-06 7.720023993921544415e-07 2.543372458035376979e-07 1.160435527331052353e-07 4.204165104653892640e-08 2.840094564384916509e-08 2.319767970633629859e-08 2.150073989923870919e-08 4.722804534710386681e-08 1.317876299932293842e-08 2.050413118675538087e-08 1.020847837114223082e-08 2.123072171911412857e-07 4.485044086532766039e-09 2.811645579612137557e-09 5.250596631210997509e-09 2.694983799390132813e-07
1.101070777265275802e-06 1.011939676178164205e-06 8.237211357044037771e-07 8.325945457535867794e-07 9.780793766094983798e-07 8.495781357492384134e-07 5.999932870945031220e-07 9.043497820780784630e-07 5.291745094200622909e-07 3.400275359208829042e-07 1.674964612892834678e-07 1.332412996568285436e-07 1.323520105998774181e-07 6.050833269882717048e-08 4.694432875532454979e-08 3.693948832726324358e-08 9.319679807403394113e-08 2.327539229275113765e-08 1.639166555843118785e-08 1.169998569005199272e-08 1.261947636566997636e-08 8.899204780057735793e-09 5.059975866584969354e-08 6.875041276926971095e-07 5.378658112033130631e-08
3.551586041328346909e-06 3.260108423628242734e-06 2.916867278530742022e-06 1.377615030109545336e-06 1.594819794592197133e-06 9.758724148682366548e-07 8.751495717818274282e-07 5.020586891344746259e-07 2.734776078027494155e-07 1.943658907644356738e-07 1.473093966405528833e-07 1.165270646811216813e-07 1.007582639672983867e-07 7.352942928545147034e-08 6.199572508803551482e-07 4.308802044339492228e-08 2.497467435085031343e-08 1.338914392494726388e-08 5.305371641871936732e-09 2.134809140098307405e-09 5.186119456756039122e-10 1.164930073130641972e-10 2.528540594113591333e-08 2.119871583361364132e-11 9.119993004261279845e-09
8.227993064979307596e-07 7.114282599460068374e-07 1.833074009050524800e-06 1.080277964219108321e-06 3.967875241827052314e-07 3.231037114355398844e-07 3.040040330550911694e-07 2.230737415418117084e-07 1.794513280975538784e-07 1.487823387077402554e-07 2.024796183468401276e-07 8.282205108196269162e-08 6.717679942395714787e-08 5.834397872412505445e-08 4.323280864211315062e-08 5.133151285297287428e-07 2.999279104354052314e-08 1.634087992749725404e-08 3.712893839308422880e-08 3.603186666082939232e-07 1.518724482850785756e-08 3.005393251522429786e-08 4.290700629313166992e-08 5.717727212924156930e-07 1.424270813111447830e-08
1.113602205607106495e-06 6.738290129583407085e-07 5.649149794246060787e-07 5.968980733193971216e-07 5.105802488170590548e-07 4.773404743102505235e-07 5.154969941750947118e-07 3.808040482256601537e-07 2.939047317878225523e-07 3.911462779096992501e-07 5.618712758197783461e-07 1.557400370365765954e-07 8.949441470411097387e-08 5.950796502437736138e-08 3.911575432507070328e-08 2.781090407586309891e-08 3.280758178473913252e-07 8.723630983478594635e-07 3.976853915696177517e-08 1.103121896541317147e-08 5.209101770820857187e-09 1.436719170877283771e-09 2.969093597227050747e-10 5.361743602309308405e-09 3.861241501379967403e-07
5.802579617506064496e-07 4.673812917077353796e-07 3.634198432416114571e-07 2.809836074999193488e-07 3.302403126740530878e-07 3.268347250421313226e-07 4.231064473559819649e-07 5.620478467791976803e-07 3.692295639813528193e-07 7.076147060078560116e-07 1.031979824617188337e-07 4.398391432460865908e-08 3.637198741314856093e-08 3.127581685720122295e-08 2.736720037939345575e-08 2.196155898349512968e-08 1.793662637235085980e-08 1.946097307905610226e-08 2.492365140589789712e-08 5.671009007412314629e-07 1.981848969185122023e-08 1.696502005269270449e-07 8.640568006508931064e-08 2.104930125443167604e-07 4.693324866933829701e-07
4.656539546847725767e-08 6.217121023158133772e-08 8.033446863352542878e-08 7.887867273176236670e-08 4.768225718732397891e-08 4.396679977405520706e-08 3.702062012885417480e-08 3.504978179430293526e-08 4.413503411568891342e-08 4.754059735566670190e-08 1.474443585256913134e-07 1.311841885466604492e-06 9.908488482091123824e-08 3.516184374414451727e-08 2.823820841016272254e-08 3.694236042026244747e-08 1.360033752166025645e-07 2.893849962689397889e-08 9.342367976322188285e-09 1.284201215048503540e-08 7.257913562797833319e-09 6.227029648636947431e-09 1.187331702841592380e-08 1.019468455637463381e-07 1.023928629665228278e-08
8.927170970232025820e-07 8.255990123671586043e-07 9.254282281023411412e-07 8.250848658512749870e-07 4.875562854044350745e-07 2.506561719851473632e-07 2.799194866340263124e-07 3.103655703081673315e-07 2.878813609724090347e-07 1.086360620828576570e-07 1.042850134249908449e-07 7.162146439893310811e-08 1.667959438667969111e-07 2.430337617649229473e-08 2.063449639951305607e-08 1.579638053819751174e-08 1.838782567180403472e-08 1.018679823826002727e-08 7.982179535549497251e-09 6.573121202288201721e-09 5.667981282248355507e-09 5.302605013663616904e-09 8.229908177860640371e-09 5.361864408308430464e-09 3.030977553403998619e-09
5.820447844183408168e-07 5.306652127169998065e-07 4.142638192255308749e-07 4.246236198446929646e-07 5.503609920244443234e-07 4.970996605297235081e-07 2.087116901135329182e-07 1.925278125119011008e-07 1.763212326878130694e-07 1.200973658010468078e-07 9.090590857141548438e-08 6.453099156137958694e-08 5.325678143669205594e-08 1.687713213117931151e-07 5.167858787749703622e-08 2.737228996782701024e-08 2.036387976467283423e-08 1.647382473683261016e-08 3.082451281597511876e-07 2.069171064298775719e-08 7.541318382205411155e-09 4.948186308616544927e-09 2.294145563027824858e-07 1.054155481766626283e-07 3.021689032656066123e-07
2.032193397311509365e-06 1.632154716247302778e-06 1.377598136097868690e-06 1.298429988123396683e-06 1.331601580498629555e-06 1.323915442837923368e-06 1.198491064677809769e-06 7.213199636291172850e-07 4.344352183642789420e-07 2.779788821819776430e-07 2.000994911364987609e-06 4.480152972816389817e-06 1.081883222667646680e-07 5.876800369398228428e-08 3.428684013373845872e-08 2.238738277114335781e-08 1.995970790147736038e-08 1.697062770749357376e-08 2.270363623372161047e-06 1.108949694819231489e-07 5.137501146592230991e-09 7.867701897097905911e-10 4.104907556099125245e-10 1.557396952122177954e-10 2.413467305451435463e-07
5.699152373164879755e-07 4.480761470866898240e-07 3.665443903603359569e-07 2.237102018101310543e-07 1.478851919094174086e-07 1.287726660646018435e-07 1.151657936101119595e-07 9.559330323173578852e-08 7.835155733534180643e-08 7.237724724505742751e-08 4.446221648726474174e-07 5.011671877412702235e-08 3.662258985190389074e-08 2.465307004596547533e-08 1.788640340487802803e-08 1.986227733137647619e-08 1.589693598245581233e-07 1.033396842422541190e-08 1.063008423697664786e-07 1.177655354431737994e-06 2.463713671822659633e-07 4.100534222854153498e-09 6.043437197852288721e-09 4.001559861307394052e-08 9.202768531298203643e-09
3.815803821852698380e-07 2.602835818174835332e-07 2.417820916659152802e-07 1.914376675859385152e-07 2.082354123273613171e-07 1.655337103117054366e-07 1.326742384997385371e-07 1.089075154736170554e-07 9.614594094456708403e-08 5.985996698416783660e-07 9.261677001013341339e-08 7.306357147598449079e-08 2.111453887246597221e-07 3.333983482935766536e-08 2.487964803323082180e-08 2.591641148814796998e-08 1.879328028061194187e-08 1.994912296753685845e-08 1.352180546567048202e-08 1.683391601435577917e-08 2.059242756105546724e-08 7.668025855295869065e-08 8.255390833817728187e-09 1.052611933492075212e-07 4.052087404514034837e-09
3.593330272345912781e-07 3.074689318353071787e-07 3.976416100170041562e-07 5.243160231071181146e-07 4.549307033639505430e-07 2.459832440218982350e-07 1.460389143170002879e-07 1.390291975011039177e-07 9.995492966623841464e-08 6.543876548105370358e-08 5.648829352208213759e-08 4.324764082910074585e-08 4.011300355881828158e-08 3.027076876393717452e-08 1.899505063589128334e-07 4.621808299994210463e-08 1.999890607037330623e-07 3.166981968859769192e-07 3.904926060615478772e-08 9.729126220607884279e-09 9.572486562199880094e-09 9.292016567408314675e-09 9.749090635305368119e-09 1.041595573777730668e-08 2.350851836417743574e-07
2.272019393340131963e-06 2.921392900669288768e-06 2.566175693760286093e-06 1.234733793107728496e-06 1.041572290315765172e-06 8.054743675539111984e-07 5.872835721526061036e-07 4.946614113038338881e-07 4.573385211671547253e-07 4.038897885793912592e-07 2.285387090061206426e-07 1.271244127538171894e-07 8.115461949949359068e-08 6.197572403434572017e-08 4.150987464644068786e-08 3.265921184201714827e-08 2.283719050095296910e-08 1.167828569240235649e-08 6.362046734484493185e-09 3.888819179390742483e-09 2.236889858910591049e-09 1.541863759031263646e-09 2.098307153996137132e-09 1.184765584826346327e-08 1.886684069294376554e-07
3.176078914341439325e-06 2.561844870400328212e-06 1.979487147307018447e-06 1.568811647207773287e-06 1.764944348923216967e-06 1.335937396071510453e-06 8.471621534602595437e-07 8.312040058189991225e-07 3.898016744038556683e-07 2.147219011996118308e-07 1.885388201882255445e-07 1.124449333331774920e-07 8.940499835990602468e-08 9.119719325669450391e-08 2.047064090297333792e-07 3.506401714099980859e-08 2.107723618913614394e-08 1.067211137537139075e-08 1.356006265839696644e-09 2.490418653387095593e-10 1.295054483296990021e-10 6.077347456596024771e-11 2.248493003938625858e-11 7.185542932315620995e-09 1.669819835045085171e-07
5.972896423552629775e-07 4.298613812317771650e-07 4.064726903962650712e-07 4.374593650007412866e-07 3.975166271657187253e-06 4.110979954959702757e-06 6.629917409741086896e-07 2.286471341122767109e-07 1.190096565288840647e-07 6.011488180179304766e-08 4.932543960496048415e-08 4.223138139582278613e-08 3.915261191304100558e-08 3.106087206278060791e-08 2.759972586882240726e-08 3.067281769160792435e-08 1.962322691127391352e-08 1.246766321110957136e-08 3.644173050965799619e-07 9.321429297272694946e-08 3.907404238372098295e-08 1.786397328327901387e-08 2.938573565052425566e-07 9.980742710995348131e-07 3.575493491397818667e-08
1.487635756961525182e-06 1.087025605886796014e-06 6.974190732951966266e-07 5.156384373273314074e-07 4.130489503180117030e-07 1.971678766623883766e-06 1.257512155057041076e-06 2.340869811470177691e-07 1.588925367477692651e-07 1.514048308184217263e-07 2.077956904347176146e-07 1.385681997535083679e-07 6.432446329963760019e-08 4.797777130169609358e-08 3.223362844804978026e-08 2.836236622932027747e-08 1.086245091768694400e-07 3.647705230569078502e-07 6.097516422954299161e-08 7.898557566362312659e-08 9.868093545662993081e-09 7.862538432541067677e-09 8.516249780674971609e-09 5.143852966646696373e-07 1.172416817834021046e-07
6.892854537041451296e-07 5.136219100564161094e-07 4.326367777188963936e-07 3.059177339341248329e-07 2.618521538974261205e-07 2.541707153053127133e-07 2.676822550885328891e-07 1.714334268596122779e-06 2.965501628986318623e-07 1.410172492645519224e-07 1.374056284767304254e-07 1.066027629531155143e-07 3.419462039672855848e-07 4.352565744311221224e-08 3.739301874048051227e-08 6.844464012900539775e-07 1.420697707529758284e-07 1.692290986563304913e-08 4.071809565520326642e-08 7.997768817059482417e-09 5.541212479200071702e-09 4.831524002384915885e-09 2.147442282819924886e-09 1.999297433967141592e-08 1.106253924032005361e-08
1.354156657610996728e-06 9.817962928932703180e-07 7.720951866122260895e-07 7.468245844507372723e-07 5.067891061271126859e-07 3.163440901148857248e-07 2.199313792078678782e-07 5.334115898347603434e-07 4.030718302672589488e-07 6.080178951717388010e-06 3.717364395494535836e-06 2.674547177797140385e-07 6.403759138459460105e-08 4.394503079722739381e-08 2.815475271975870636e-07 3.592212740231750852e-08 1.357784771026980032e-07 1.081829377088099814e-08 8.161700549321412687e-09 6.701901561459782814e-09 6.210596931450527597e-09 5.502791172346544783e-08 5.930589311383682001e-09 5.276739113829924575e-08 3.661333715778679618e-07
1.156048396291596423e-06 1.225260184147086563e-06 8.795457054634941158e-06 1.222031148532285907e-06 2.835052553075313208e-07 2.180921199243888928e-07 1.667135907562807932e-07 1.323003431044504521e-07 8.926770927572501909e-08 6.473706828148556661e-08 5.876020464321091641e-08 5.237253356175189515e-08 5.341971839491275401e-08 4.434749719538007683e-08 4.395062626701019680e-08 2.396921553819653581e-07 1.121514930582095155e-06 1.238680419287595012e-07 1.593074107185896884e-08 1.163248407701167470e-08 2.151850219718870009e-08 3.025424704232443323e-07 1.229453905906138448e-07 1.938270186567794392e-07 4.569391951171690143e-07
7.251452231848560345e-07 6.201841405086221833e-07 7.213404600309635015e-07 6.467427893687880721e-07 3.871886481834696465e-07 2.888456628158009724e-07 2.594645950838890985e-07 2.012594964168571685e-07 1.803005076955361607e-07 1.422676281589962776e-07 1.317299913786460905e-07 2.367164327851381775e-07 5.143274767363790809e-08 3.995829637839820615e-08 3.615100158728895816e-08 1.753565368485384003e-07 4.019157724248596601e-08 1.694822923107742135e-08 1.270693443064131744e-08 8.860207218694739573e-09 2.390759690590058731e-08 8.665208565361079455e-09 4.413593119923564891e-09 6.098406277920704730e-08 2.435886566612094046e-08
6.331181494004655761e-06 1.836904012544169844e-06 5.565173740360841459e-07 4.611303839904868842e-07 3.618159319047922331e-07 2.685268608489951799e-07 2.382739215240020680e-07 2.227747859643508442e-07 2.133964969137205525e-07 2.373868543171283743e-07 1.803722989013002218e-06 9.391566603890787421e-08 4.493532446204312112e-08 3.945874510081947060e-08 4.265800503396181463e-08 8.545737598619478597e-07 1.526059398545080665e-07 3.382762246479587208e-08 1.674760302628704679e-08 1.734433355991442398e-08 1.182473463679017307e-07 4.304465427085758656e-08 1.471680001915674708e-07 4.300203093754963406e-08 1.361059047772825010e-08
2.792018802627243493e-06 3.205523919215292589e-06 2.308696657117186231e-06 1.215557660632371077e-06 1.119699028804533409e-06 1.806627784084042589e-06 2.808749471362019646e-06 6.882892311018869934e-07 1.747273488479237003e-07 1.278996737285841035e-07 9.951854522877030777e-08 7.255266185607178377e-08 4.957066222181386697e-08 4.576751652903855558e-08 2.898315469567610546e-08 2.143555503931019154e-08 1.150942738701730679e-06 1.017777239075079639e-07 1.174302907461016161e-08 3.344707975804632308e-08 1.636375040597215427e-09 6.407736717377040377e-08 1.249787438023887906e-09 8.226553274659127658e-10 4.116247350214419391e-10
7.930709313979675075e-07 9.871214282515991258e-07 5.963206874445890513e-07 4.350377295582119479e-07 5.798165536964455799e-07 4.191181908207822934e-07 3.671857358956155623e-07 1.065432295498528380e-06 2.690402749052165076e-07 3.552937989544584436e-07 1.674657679502685559e-07 5.860909829228042840e-08 5.255643113468625829e-08 6.826990280478232816e-07 1.541789667820255536e-07 2.753825932274327446e-08 2.368246534387615546e-08 2.096671449603245968e-08 2.855929728498305046e-08 1.116616391050068581e-07 5.372068962535138549e-09 2.063673406820179061e-07 3.904782483455503571e-07 9.913538763428396802e-08 9.020615263296469016e-07
4.772102782634971204e-06 4.126191249527953415e-06 2.914664754784563064e-06 1.176362873153928941e-06 9.510445014988416778e-07 9.817696406734615501e-07 1.588125955682632440e-06 5.477337240837973973e-07 3.298075828016801332e-07 2.143232014311325115e-07 1.597081808063894553e-07 1.187172165889878469e-07 8.854078136996706215e-08 6.426035315920657012e-08 4.521727086706791074e-08 3.253782071905123081e-08 4.226401827443537239e-08 1.401343331893926987e-08 3.167694998084424763e-07 2.246902891934164515e-08 3.399798341897759693e-07 4.650742085492073712e-09 2.741273911156865989e-10 3.752434099565861804e-10 6.356466113790601802e-08
4.801712690463656722e-06 9.848888562988204184e-06 3.050895921490763064e-06 2.020017841826494048e-06 1.444030135192923620e-06 9.890979852097793352e-07 3.101317896560886025e-07 1.994135033888348802e-07 1.636152797108097264e-07 1.374884954439995722e-07 1.228869946790312267e-07 9.815144066773720632e-08 6.259132865246000948e-08 4.266297762603736505e-08 2.823505606532822242e-08 3.214573532364699478e-08 1.347850492986867678e-08 2.131404185321104474e-08 2.020069927819596924e-06 3.325715855686561367e-08 3.083428547990764797e-07 3.590150976647001422e-08 2.295683124465520287e-10 1.379268424847358861e-11 7.750836177563534986e-09
5.198000568445928311e-07 6.988768771114506587e-07 3.214404341408141298e-07 3.336177560364335390e-07 3.041644881688717607e-07 2.609453541086873490e-07 2.274918387245746721e-07 1.927946283805582191e-06 5.552997917219895883e-07 3.332368376995576281e-07 8.345780483742659672e-08 5.576180274591536803e-08 6.889371472679078664e-08 3.957158642074205588e-08 2.612760316281931673e-08 1.598145377245091021e-08 1.867149360107744320e-08 1.467096270866275865e-07 7.930504364489635114e-09 5.445862246741653205e-09 7.915718949740569479e-07 1.951293844612256556e-07 9.896202127594638670e-08 7.403087941896105015e-09 1.398266418208795337e-09
9.906572012170574231e-08 1.058406242533552445e-07 1.154178320670310187e-07 1.056847164810481543e-07 1.122694694827165112e-07 9.389418705922442153e-08 8.318234021640112799e-08 6.934437954087979755e-08 6.049539744131661713e-08 5.590331178493858738e-08 4.306992689934950457e-08 3.749428444822350749e-08 2.856897060879617889e-08 2.044116815021860799e-08 1.654035058203707201e-08 1.288562358722315766e-08 1.126119981523578665e-08 9.866341216595177078e-09 1.380866096942972322e-08 7.643741799471798101e-09 6.590803826474334472e-09 6.751551729978496168e-09 6.611597416613175449e-09 4.389644036089821247e-08 2.100650320902848239e-07
2.288805493719470184e-07 3.131207170366855207e-07 6.642826494829343432e-07 1.625428319246102307e-06 3.699043926714312058e-07 7.142132332081412101e-08 7.533936783832033165e-08 4.759641785720841567e-08 4.771656618371266195e-08 3.933937424293584458e-08 3.412880743813547029e-08 3.301487840094226041e-08 3.529823165387560724e-08 4.433022461586860246e-08 4.096068121419634790e-08 9.273399214047783270e-08 5.985714591078271264e-08 2.722820521597605047e-07 1.794412821812760646e-08 8.060715125238799549e-09 7.871270037381264493e-09 4.676323770822095396e-09 4.265387743748701467e-08 5.631314580242633868e-08 7.541213982843462022e-08
3.454286830243120464e-07 3.183931139615221529e-07 1.943285481745177657e-07 1.500975381004202989e-07 1.216158696380134292e-07 1.241482289747365984e-07 9.335920460399671646e-08 2.003203614304507575e-07 7.711890946084842839e-07 9.708198226517107462e-07 2.585136596458814043e-07 2.871244863214339502e-06 3.285356335173178452e-07 4.326364683476141430e-08 2.790596268849579528e-08 2.684685234430633440e-08 2.840773328275796742e-08 1.813256691414055023e-08 6.455216696886454279e-09 4.795756471789309314e-09 3.773100763355467877e-09 2.325451550773672766e-08 8.230510016607692636e-09 5.774100511946880148e-09 2.322212519857239872e-07
6.400242948612699253e-07 4.897995662338604688e-07 4.854317228355724056e-07 4.560603621477414041e-07 3.689091880532862655e-07 3.239907136404179180e-07 3.227374394126620287e-07 3.671653080234411056e-07 8.639318862060014236e-07 4.952377465796800614e-06 8.714716890697321396e-07 1.260183594353135672e-06 4.831589424289750916e-07 1.697093969117217617e-07 2.233909167785981955e-08 1.839542302654932405e-08 1.472176171740237748e-08 1.047018486816839083e-08 7.722122946000307027e-09 6.695812607159596302e-09 4.043057910622633706e-08 2.448045126808242602e-09 1.145012121537260463e-09 1.625225253791308426e-09 2.898347569660433007e-09
2.903130285705227196e-06 1.252322576546682483e-06 1.213813135682399843e-06 9.416036681222921607e-07 7.122304181136195702e-07 6.885739451872880848e-07 6.370405545908178057e-07 4.757533370656755897e-07 3.350644506572709712e-07 3.468383550969002673e-06 1.276461858722701533e-06 1.494697385533302585e-07 1.013102716215582053e-07 7.069650233846618104e-08 5.422811210893746013e-08 4.108371451486962614e-08 4.741098104834943876e-08 1.018848548995285572e-07 1.030049562043143135e-07 2.666110023902297182e-08 6.797285650282044254e-09 2.997884357196509931e-09 3.983448780012086944e-10 7.256363740552775094e-09 1.153064377285082199e-07
6.864535569704730616e-07 4.881750943302357121e-07 6.434667665572984444e-07 5.524862871979379648e-07 3.285011683568011000e-07 1.747573615739135199e-07 1.249565954176889781e-07 1.057651375698631355e-07 9.954810952898103303e-08 3.740844067992446390e-07 5.855159254836430075e-07 7.911278198698632319e-08 4.904512975417563911e-07 3.895501509311990699e-07 3.879723083732364726e-08 2.916475093514709127e-08 2.674652950682679285e-08 7.540971179370868501e-08 1.796416564212142755e-07 3.053135351878677627e-07 8.749737607849281607e-08 4.291239658985984904e-08 4.015993381935653756e-07 1.357408617938754157e-08 2.100369443917357697e-07
3.053041220959324481e-07 2.995195476984919780e-07 2.151034889057469821e-07 1.882752018629930842e-07 1.352252187205454824e-07 1.168776578113915306e-07 1.205495349565647442e-07 1.145266899149281178e-07 1.162098142786326725e-07 8.401700360647601523e-08 7.289302976259816424e-08 7.033592130444352660e-08 5.068091236416789992e-08 4.451053672064950211e-08 3.444746617717380250e-08 2.720306382716962994e-08 1.921252754202119994e-08 1.616673111019531249e-08 1.409942881608054373e-08 1.439897807406927090e-08 2.785034412871964146e-08 1.792850905799043678e-07 6.268136347493973516e-08 3.814750998411955616e-08 1.525049550460503461e-07
3.368831519231671587e-07 2.393018885967974431e-07 2.442218253674870989e-07 1.889925125093991363e-07 1.684445074937383990e-07 1.488302862706485947e-07 9.962585247923213104e-08 9.873847915348445879e-08 7.499227842447973874e-08 6.008469949989739671e-08 4.808484866332895910e-08 3.926961245767004874e-08 3.256100784326488987e-08 9.621843852375809383e-08 4.681741222647461958e-07 8.320697397090150348e-08 1.810202878778395003e-08 2.338490390356288008e-08 1.524072788073386660e-08 1.159677533440922693e-08 6.185160816187508948e-09 4.508021570314630217e-09 3.340761382871465158e-09 2.042961947039968037e-09 2.043787212757491990e-09
1.987293019926067152e-07 2.768666463540106704e-07 2.723307083578057534e-07 2.998143847460973816e-07 2.426585368678619244e-07 2.384536043606725765e-07 2.093082733777440522e-07 2.679515831910804648e-06 2.263344825570872383e-07 8.717182017935683455e-08 5.286026758992526187e-08 4.199915940530803017e-08 3.076634163942910117e-08 2.744683684211485049e-08 3.510805946897542303e-08 2.036518926081427709e-08 1.617287267609140261e-08 1.321971661694510677e-08 1.152865782796494361e-08 8.351351796052910289e-09 5.690310207786798317e-09 4.573975710565393329e-09 2.808356607825385600e-09 2.448162076473580025e-08 2.300373511978286078e-07
2.466221701738876627e-07 2.173352664381054968e-07 1.817292670718332789e-07 1.183293734178714921e-07 1.035388589350680321e-07 7.908801344496695505e-08 7.710215650091307148e-08 6.481939733286374233e-08 5.449192998540051368e-08 5.565334932503208936e-08 5.594225133179155654e-08 1.645962012500001692e-06 6.794399897988771268e-07 3.753001629422306602e-08 1.791756520120620708e-08 1.405693457185220552e-08 1.401194252276882452e-08 1.138073438507798452e-07 1.085593802777911204e-08 8.163148775383557761e-09 1.617029274800794512e-06 9.438301561736362337e-08 6.581153740791338751e-09 2.695137796459872217e-07 2.049141200994490494e-09
2.537941856544681661e-06 2.014681501232412795e-06 1.583959095895572332e-06 1.240158958799793696e-06 9.122016356383757286e-07 5.110494065849911582e-07 4.301092554230125176e-07 4.036967327549296011e-07 1.552569891818200012e-07 1.210228039155362451e-07 9.495693056385162714e-08 6.888667819877826088e-08 6.084699868891260351e-08 2.374522332523956210e-07 3.188692196772610038e-08 2.385449129702872671e-08 1.683682239402638629e-08 1.244195155993314391e-08 8.978437035633223294e-09 7.087248186503007838e-09 2.986472372410890556e-07 6.830717784027689432e-09 5.230206480235441566e-08 3.372521604046484783e-09 5.017663305451309766e-07
1.450117818401589057e-07 1.188150365877169277e-07 1.039319304645004718e-07 9.935078225590933028e-08 1.003237533827899214e-07 9.060899224797639786e-08 8.653443058035560604e-08 6.540333437376089870e-08 5.623148451496135437e-08 5.088804925285285870e-08 5.511999516796754165e-08 1.375784801919965978e-07 1.731104727505590821e-07 4.611375432038773823e-07 1.353281023994316000e-06 1.049526475932707868e-07 1.280874645850019714e-07 3.924564414425101308e-08 1.661514287459590144e-08 7.609992795090495465e-09 4.699827364362045266e-09 3.344871721606309125e-09 4.355675205996693948e-09 1.911650989001095832e-07 2.033418992636200255e-07
1.071223393430472790e-06 9.660511575375566615e-07 9.710028321019787457e-07 7.825672360695192544e-07 6.296122479923721901e-07 7.309556772368583811e-07 6.596188662201354347e-07 2.964807720615119163e-07 1.912651570587547046e-07 1.231315638032469787e-07 1.129221703408490671e-07 1.037078045646996424e-07 8.510641880192199952e-08 6.716026431552348389e-08 7.222226863569953967e-08 5.140603117820169368e-08 4.314967822134788974e-08 2.973095138289913046e-08 1.149301050256185060e-07 8.931989800356677204e-08 5.192868029578121707e-08 1.008663163884441595e-06 2.981470579910699052e-08 8.296114416655010693e-08 1.294944650544593752e-07
1.211035651602160245e-07 1.856593578928879821e-07 1.659495243531973543e-07 1.302870769837679059e-07 9.155014196492678249e-08 8.093980940864685407e-08 8.248960858749863787e-08 7.756599727367623630e-08 8.085174154647390885e-08 8.228554487304072332e-08 1.591684744764430744e-07 2.373140683350521791e-06 2.607465032540680314e-07 1.363453763373959423e-07 7.250791776995864652e-08 2.338997614046820045e-08 3.040109657765702091e-08 1.411865507195729988e-08 1.119678985855511974e-08 2.144852483828980650e-08 2.707980015589522353e-08 1.893017656055944753e-08 1.153840333354041592e-07 6.217662695221730812e-08 3.844387742508110280e-08
7.311789954063754060e-07 8.172320042865860107e-07 8.456696298709523693e-07 1.132993215936007881e-06 6.224166616537389123e-07 6.436443159504363942e-07 2.327551719796270417e-07 1.227223900000149726e-07 8.512686405072941353e-08 7.009462288227184582e-08 5.586997930799180055e-08 4.102810474496609443e-08 3.111961785866070163e-08 2.786871375659896917e-08 1.235208317517150398e-07 9.925863365905050946e-08 2.660299519423715031e-08 2.120492635523008150e-07 1.648086247627576055e-07 2.707078420582168925e-08 3.241184639177171614e-07 5.142313782416147507e-09 6.111926450009076703e-07 1.514531964956320342e-07 9.374746936961614704e-07
1.151498923681874141e-06 8.274787204676633336e-06 5.620025664102596343e-07 4.119051190823127722e-07 3.334616411628608709e-07 4.224810652673736862e-07 3.789389813253363949e-07 1.977388219749260621e-07 2.560164141656737159e-07 5.627384503003386767e-07 1.745475142987736333e-07 9.497361047051417816e-08 5.632495384932330914e-08 3.894249584163565450e-08 3.334911281635623857e-08 1.830318844055044737e-07 2.857337782328047737e-08 1.613880499873013267e-08 3.182381878099905130e-07 1.462816598474643448e-07 1.314855451921458945e-08 6.098815515347028959e-09 6.368549118090705540e-09 7.793857047446649061e-09 6.894597501557445211e-09
1.122561529066365828e-06 7.462843936203857609e-07 5.985228345079326229e-07 4.771923240036579777e-07 5.395131660157519425e-07 3.841304593614460680e-07 3.592773165616994995e-07 7.781701445113884447e-07 5.470527489046831023e-07 4.942426718886867040e-07 7.833585184723693822e-07 3.682474598837792211e-07 4.773576337300374851e-08 3.934907201661847570e-08 3.163182944266568830e-08 2.328125434490635017e-08 2.137888541520921666e-08 2.872182832626650549e-08 2.184468201457836605e-08 1.622006831337157900e-08 6.768226072553023036e-09 3.098824155711123717e-09 1.979768062484243121e-09 1.682869403724061846e-09 3.240926052403125766e-07
2.447184514806089482e-06 2.619087491837641139e-06 2.071975126986161077e-06 1.230230142681232982e-06 1.237169927163514264e-06 8.835249791632670517e-07 6.435112252408217569e-07 6.344063319475220835e-07 2.902882409277937889e-07 2.169935637838124665e-07 1.575935112123667517e-07 1.052844713383715103e-07 1.011378044868646971e-07 7.733446372240244659e-08 7.311581107820825306e-08 4.729348387394645017e-08 6.026624705175948460e-08 2.429453072313029045e-08 1.842963750367558252e-08 2.846224548930846645e-08 4.806411563550937799e-08 7.605792903834896577e-08 1.070776646111545206e-07 9.519509692660784519e-08 9.349789392165124618e-08
1.128537100632008533e-06 6.764983138993407499e-07 6.504714372237975384e-07 6.213311464992694826e-07 5.453824087824855730e-07 5.099139916474180027e-07 3.322214493013029684e-07 3.101336830310371975e-07 2.814401703196573622e-07 1.423413325311815224e-06 2.433921296357849995e-07 1.091144183361268282e-07 8.768384228058364959e-08 5.335760588896185592e-08 5.631850082898057975e-08 4.071389086108543014e-08 5.514496407080440081e-08 4.997404132706291735e-08 1.668250639044595743e-08 9.114500240139599698e-09 7.738616781486992424e-09 9.127165163595057612e-09 8.512158647039465832e-08 3.294250255751371693e-08 8.413708824960567650e-08
5.967696125327582449e-07 2.702648701800435465e-07 2.052785763915193460e-07 1.794187928073562696e-07 1.198199374579256055e-07 1.268155522407532648e-07 9.999769112191200677e-08 8.021067265208651852e-08 7.481904143349976903e-08 7.947692252111446774e-08 1.828195067016073428e-07 1.317346948679828346e-07 1.177610866553522756e-07 1.030314378583172276e-07 9.248226592909666463e-08 5.893614443235056938e-08 6.381484077402863863e-07 3.191508690827586376e-08 2.326701237970344927e-08 3.362936811361665428e-07 1.664506167078247460e-07 8.049605956614224759e-08 1.841779516516126302e-07 3.564584457477731143e-08 6.421804490996184445e-08
9.921125408093658787e-08 7.671526618963305577e-08 8.699503868807695567e-08 6.431354637958132158e-08 7.678646546821795201e-08 6.888023937879814884e-08 6.857814362438020871e-08 5.818756768943533606e-08 5.464504521453113324e-08 1.283120177551666654e-07 5.408101196467287580e-07 1.450448817300044128e-06 2.924271309981163265e-06 8.783215915560570595e-08 4.040374532842024723e-08 1.992618206856886325e-08 1.250905675445885300e-08 9.759795518820521555e-09 6.722278724222181887e-09 7.815947555788215492e-09 1.452708737284043513e-06 2.909514076810234263e-08 5.334209376983699190e-09 6.475171746893221720e-07 2.234195760259071333e-07
3.973337332307359496e-06 3.431438085586019601e-06 2.183212326615448786e-06 1.685731837201681709e-06 1.038511583033902360e-06 1.012249251611058102e-06 8.709231304298954170e-07 6.016920153654164062e-07 4.317216556340207034e-07 2.832115152128087655e-07 1.668724228075356512e-07 1.172354568251287715e-07 8.551556223124283572e-08 7.698464142480075841e-07 3.343580525342701198e-07 1.918874829662788389e-08 2.651347716206751592e-08 6.106352567355590212e-09 1.259838521698011430e-09 2.684792744156003753e-10 1.173173947749389061e-10 7.401507696087486915e-12 8.490456036533983987e-10 2.324363489047566108e-09 2.564101654546735953e-07
6.846076353935059220e-07 7.906875712543733361e-07 4.866538125845691917e-07 4.039484525617620017e-07 2.616533578837036688e-07 2.572022590284988361e-07 2.358015043788464013e-07 2.077869651645555906e-07 1.812121464731069392e-07 6.652246826313374504e-08 6.829898694238927990e-08 7.791281517778025412e-07 9.032884185175795512e-08 5.720974822060474801e-08 2.497822779271516284e-07 3.792897011260726528e-08 3.167081207401033670e-08 1.774905756900251776e-07 4.435526616389856569e-07 3.500419897451775978e-07 4.113692240314209001e-08 9.841674301801339761e-09 2.573206806929696341e-08 2.368749156689251237e-07 1.938262973870896729e-08
1.998762080014275642e-07 1.820831057778010935e-07 1.699819739134690246e-07 2.594211256681941505e-07 3.651291664844112406e-07 1.982905672293386732e-06 5.024047658941172580e-07 3.253621914027319296e-07 1.730454420471469795e-07 1.447238243505893353e-07 9.527734926442524548e-08 7.842481998995705924e-08 6.502565741752101817e-08 4.759491455311025411e-08 3.774899267704686832e-08 3.252206480769692135e-08 2.577519598450104453e-08 1.829072727398098972e-08 1.322694754506568128e-08 9.972690072701714489e-09 1.297587387931229662e-08 1.162020094617654574e-08 3.031006343350014988e-09 8.453209263030779697e-08 7.951261762416046592e-08
6.461046252614847788e-07 4.688453564602338777e-07 2.172024370761058958e-07 2.237087525297044235e-07 1.486973973213243396e-07 1.070856885178661137e-07 8.356731020501460652e-08 8.916317563206268403e-08 9.705729211467291580e-08 8.815509533091541534e-08 6.205679414026645073e-08 4.443490889288798672e-08 3.663222160357855329e-08 2.039171419330955652e-07 3.081031032832811092e-07 1.051913739190220609e-07 3.488606771167269461e-07 1.459760671155457640e-08 1.227123348865335292e-08 2.550257691975175277e-07 9.366865181812917657e-09 1.244300807393730303e-06 6.343850724016604252e-09 2.276349738657224789e-08 9.328083502278772438e-08
1.316706499588027631e-06 1.247181489286679972e-06 9.255326105154182727e-07 1.192214440670326488e-06 8.720992573803706654e-07 5.353910869720982624e-07 3.319010362553346410e-07 2.718373944328932879e-07 2.062756741923183499e-07 1.630729017458400704e-07 1.349065241715569137e-07 1.205301191861223243e-07 7.995125332415165099e-08 6.887066087161554331e-08 5.699217471259835728e-08 4.980866348144159726e-08 3.536705547632919889e-08 2.317112143327490366e-08 1.301143173398956289e-08 6.367888918529798303e-09 3.431764638777463179e-09 3.463351936437117369e-07 1.020830999180954944e-08 1.412605482042737900e-09 2.718193311967355416e-07
4.698804080739701371e-07 4.480356716716913041e-07 2.327619513646800143e-07 2.459555349662443768e-07 1.862587206445814226e-07 1.565685629693460698e-07 1.138894610376433350e-07 1.504451064735547156e-07 1.001114294486264974e-07 6.483316164301369046e-08 6.166474054646106901e-08 4.467549359481122162e-08 4.355141812598654063e-08 3.745998200029834765e-08 1.841753156435407438e-07 2.234228030687539148e-06 4.599366066546368492e-08 4.063831705067223213e-08 3.107013012128443223e-08 2.994114706196904336e-08 3.030822475210104917e-08 7.359946915423422106e-08 8.045534168216421205e-08 1.986829573028800123e-07 2.726820186688427240e-07
7.369523445618885410e-07 1.504798723613746417e-06 4.651965322237459529e-07 3.613504659643413814e-07 2.948488857755001696e-07 3.579822469136384050e-07 3.076277039018538925e-06 7.322304309507575423e-07 1.838600669078309947e-07 1.112519588770708555e-07 1.153202716300322316e-07 4.858937363527199297e-08 5.117802378455935143e-08 4.165145033312584703e-08 1.561484288488117632e-07 5.334780770092839533e-07 2.142560962091996088e-08 2.298232100985218763e-08 1.328270213812903912e-08 9.716615844728321103e-09 8.620830955582841915e-09 6.033693333523777645e-09 7.335469413663356038e-09 1.731186887530822792e-08 3.397219829175546114e-08
2.686794753083801386e-06 2.954836713955958998e-06 3.478099784674931370e-06 2.750434720648422053e-06 1.754782340348119542e-06 1.491781683738851804e-06 8.238265401962165401e-07 3.116069942374741277e-07 1.243966741470002725e-07 6.482543032488796838e-08 5.211030652776384893e-08 4.075122215916659313e-08 3.547436085964847680e-08 2.489855425880438918e-08 1.916745384036535633e-08 1.663977246019500423e-08 1.191057121119813344e-08 1.063288979870644132e-08 3.906148005246584774e-07 4.900903907166429271e-09 2.989482296335304312e-09 2.089636383527620742e-09 1.575364881597112315e-09 7.816113675316459183e-09 3.296543157917558678e-07
2.515946823997176356e-06 1.879542553650388800e-06 1.379923701083922982e-06 1.133049241726385595e-06 8.561563528732712883e-07 6.744274253083924285e-07 1.599147832940339919e-06 4.124386977453760143e-06 1.113582807361873453e-06 4.286199735273317869e-07 1.470615685118737277e-07 8.933271619341896641e-08 7.867878128260841255e-08 3.739960193121290458e-07 5.740010645723785699e-07 8.463182560346052372e-08 1.955663965252429000e-08 1.174913603261395662e-08 9.198447376822593844e-09 7.195193033737664299e-09 1.981293443844459315e-07 4.880585033937916127e-08 7.217817488991436449e-09 3.524988276536950763e-07 3.169428519577104511e-07
1.447387220833209177e-07 1.251602337126099983e-07 1.068762661318448959e-07 8.952890997942609740e-08 7.988837782574228259e-08 7.748296990877795633e-08 5.950627182475489611e-08 5.049560611973799137e-08 4.663276748134466355e-08 4.012450251090916782e-08 3.252536863212421764e-08 2.672309626026021817e-08 2.091393176844808488e-08 1.714710477077281873e-08 1.620539451984551563e-08 2.081520527371153346e-07 1.311128195121395087e-08 7.484227758447747462e-09 5.622678197460852592e-09 3.369851855145135200e-08 4.000202315147289407e-09 2.575447130167999213e-09 3.374322817478350797e-08 5.641507118047573220e-09 2.146285347848518742e-07
6.944094188124200464e-08 8.478840080679929228e-08 6.202251461175929855e-08 6.522775389992391870e-08 7.482668581354080903e-08 6.052712963147977921e-08 5.615787791282052339e-08 4.704424326326031059e-08 4.251560773106142347e-08 3.465314398563878030e-08 4.023950855681658666e-08 4.934761120545116131e-08 8.121898772289334703e-08 2.213003836948312858e-06 2.305903729502982560e-07 3.291007134599165179e-08 1.622794439112307844e-08 9.683854142682667546e-09 5.910470498595562211e-09 5.142622289159217888e-09 2.932659715886474734e-09 1.030552926572971228e-08 4.723161875817722671e-07 8.737889051421510970e-08 1.449327142736158449e-09
2.117118468845768429e-06 1.735077189137120728e-06 1.435878331195418704e-06 1.285326413940218847e-06 1.084967616032547070e-06 8.660328758582264676e-07 6.422522604748012642e-07 4.947048587030215135e-07 3.534145229350866593e-07 2.851609823383855952e-07 2.076847246511277538e-07 2.419538788624743626e-07 1.504456943451631709e-07 2.352178599440670568e-07 4.162472925625147477e-08 1.841114561101244275e-08 7.836836480155758558e-09 4.797482580399524283e-09 2.318443099171401874e-09 2.531687866545257626e-09 4.758464048427799497e-09 1.049130196760811817e-08 2.884451609551319780e-08 2.676670838452386872e-07 1.214745759910596645e-08
3.782347144136379187e-06 2.783118591949871509e-06 1.951016410514011843e-06 1.443410986917753908e-06 1.070369665444605818e-06 7.920908434268596414e-07 5.702294836051096127e-07 4.445330122603995188e-07 3.249662767365710315e-07 1.843665080085968429e-07 1.498507852769868649e-07 1.175712087971312332e-07 7.140310508223570701e-08 3.754407077933341976e-08 3.354235961493986025e-07 4.529195395106686502e-08 9.600926141559930311e-09 5.755165055539199839e-09 3.103358671248481476e-09 1.180921114426158542e-09 3.729950580085758805e-10 4.612086451734795409e-08 1.351673429072829088e-07 7.987285065063178680e-09 7.069012090395953511e-08
5.595426642512400788e-08 4.190655983105628561e-08 4.926607347114579734e-08 4.631966447363517418e-08 4.974103289789376068e-08 2.086157498422057953e-07 1.500410140954058847e-07 9.228884837491951133e-08 4.403643489118417312e-08 3.566180598476577132e-08 3.841218556871310405e-08 7.684778988531689414e-08 2.098162371982444359e-06 7.831941675682616347e-08 4.625097107450779312e-08 8.914793365838415856e-08 1.452119570050940195e-08 1.151412568958860364e-08 1.026421077057620572e-07 8.270675479000464259e-09 6.080022492446615199e-08 2.881466575031128587e-09 1.831464629607765997e-09 4.036193687463300513e-09 1.767851719138997293e-07
9.182804845929079190e-07 5.282184166835591610e-07 3.660110784888864260e-07 3.047442091160229561e-07 3.010860954723896666e-07 3.040158074010940577e-07 5.048811532653639400e-07 2.409639749097294505e-07 1.893877918599866331e-07 3.103607873308427350e-07 1.323436439489664662e-07 8.742444749408529920e-08 7.700629990941935325e-08 5.785283867584043840e-08 4.666292042838173822e-08 4.084024510620765711e-08 3.144395655385483775e-07 6.073252472152656577e-08 1.162034075638658649e-08 2.962303798677576710e-07 2.967656436153124209e-07 4.585643448910358123e-07 1.648721245135562302e-07 1.025517092642177266e-09 2.885067893337369960e-07
5.232061587384274231e-06 3.701753883815253086e-06 2.482124229696223848e-06 1.424632893401353729e-06 8.354786177950211275e-07 7.013724519796162453e-07 3.820769982284850266e-07 2.740516753369604367e-07 4.216356908311173486e-07 1.872773648214272659e-06 2.098754415684475993e-07 9.263230199990468453e-08 6.028154591959738696e-08 3.867973798603142958e-08 2.670132245515103207e-08 1.811119396657550235e-08 2.481305326263079766e-07 1.360026088920769991e-08 4.417917827110113042e-09 2.118424488756878808e-09 3.307708753604250137e-08 3.125811011999227851e-08 4.673835084353147850e-10 2.340179749087060082e-07 4.145563589660677825e-08
2.871567032379849818e-06 1.974277431231185221e-06 1.642758375953162849e-06 1.799302974780371732e-06 1.968387660252286428e-06 1.981880093245627408e-06 1.266192469783920887e-06 9.800494112600746094e-07 8.822127737853650944e-07 2.816828321551626821e-06 1.140241930925295785e-06 1.218272309006448225e-07 5.128429545669283105e-08 3.446864597434316238e-08 2.432704166679448316e-07 3.193885927038903392e-08 1.241641139666604251e-08 7.590260002536286934e-09 4.626913665415949622e-09 1.311419316206395314e-09 7.596474837402943199e-10 4.223413235388178180e-07 2.021226385015184616e-11 6.425634846134536053e-11 7.754198011889606262e-11
1.250046231647829208e-06 1.481011478958883449e-06 8.577291156052486737e-07 9.703226237455565556e-07 7.985515654351940137e-07 6.931275590655230802e-07 5.580690802180225401e-07 1.999025000409925031e-07 1.187217684262258423e-07 9.283502691694761465e-08 7.738867926784607777e-08 5.396628389308051288e-08 4.357143830216970727e-08 3.458912121570111075e-08 2.983117659027110956e-08 4.108513617917031571e-08 1.998854017944764901e-08 1.367152393886931827e-08 1.151779246163261133e-08 9.215871378590704564e-09 3.566242282750047420e-08 4.058670704715547095e-07 1.123952402716173987e-08 5.268604967385477667e-08 2.507787576653206801e-07
1.577036822327135405e-06 1.436667730568082324e-06 1.409282309905115362e-06 1.335359059554995246e-06 6.517455462469857936e-07 5.504783940398796222e-07 1.550117179855060646e-06 3.898445071735068041e-07 1.343390080058008244e-07 1.205697569060195693e-07 1.026287964524398296e-07 2.937328084240710607e-07 7.168900145773379284e-07 8.917827679897596540e-08 3.024283782606023203e-08 2.624886014170785177e-08 5.483437595970218315e-08 1.648965605783083065e-08 7.216390923597489320e-08 1.899066668066431743e-07 8.084316684113175606e-09 1.159506953763692756e-08 1.288215815752274620e-07 9.010084636472745493e-07 7.690299493106464599e-09
5.181506560638888513e-07 4.681759519175607524e-07 3.529580221172354250e-07 2.726181150651768625e-07 2.218957695196923793e-07 1.339086339435038891e-07 1.099143208447473845e-07 1.318804196072687555e-07 7.266162280735474535e-08 5.660422471328048961e-08 3.933000031527739781e-08 3.614021297726737915e-08 3.067392405867591399e-08 2.776099828201419903e-08 2.517294391581916099e-08 2.238554621643924225e-08 3.071138330663361887e-08 1.854355370147089471e-08 4.238263868812269098e-08 1.169930097903631446e-08 1.637835669255787823e-08 1.078153318176799329e-07 2.475189479243575534e-07 1.345827686339460535e-08 5.330905496602577196e-08
4.594563711598766099e-06 4.224548285957077442e-06 3.120209246963655491e-06 2.785866736347633243e-06 1.255589894167663470e-06 9.800881570369628981e-07 8.559564905013891582e-07 4.800859603710078049e-07 3.034821317759400586e-07 1.607848672974721088e-07 1.344475635882956065e-07 9.649628703210027375e-08 8.780012299830888703e-08 4.361070572539277692e-08 3.432218761317243581e-08 2.505326956650536852e-08 1.696190371246217144e-08 1.226889560958572994e-08 1.786657202606287258e-08 4.570501771298492111e-08 3.598438338318426893e-09 8.518280846921179928e-10 5.709354254803900674e-09 5.999157987661983235e-10 7.404375221609026590e-08
2.145323772308343148e-06 2.592640654649415764e-06 1.967635030978092482e-06 1.348044246115114997e-06 1.022889345583436058e-06 7.768427928659699867e-07 4.858853908887374860e-07 2.670273916434162737e-07 1.871860692962802449e-07 1.737321169231702052e-07 1.667051930378294922e-07 1.253035930138191105e-06 1.761889675450748896e-07 7.098244016458325420e-08 4.117221124020172638e-08 3.215174211245761249e-08 2.308456006516990097e-08 3.335642946327321188e-07 1.953087280777713605e-08 6.654986749269645623e-09 1.055602376608017156e-08 1.105221951382495491e-08 8.405732127181408804e-10 5.658657866713734919e-07 1.213415645502438676e-09
4.644432040076636286e-06 1.846137150456226210e-06 1.434978332055365448e-06 1.328426742208457222e-06 1.118472764071892190e-06 5.182042746130557795e-07 3.797625011030707546e-07 6.145629082680528623e-06 7.040926124626009552e-07 3.203890309724424227e-07 1.134516466438835980e-07 8.558022274690315827e-08 7.027418777329940537e-08 5.532320750820401382e-08 2.569293844896086022e-07 4.489327307350192859e-07 2.526477529670951300e-08 1.581167018993847645e-08 1.032667717387121081e-08 2.532823225419075404e-08 8.142886655158053412e-09 1.096862858164432343e-07 1.694039694764718546e-08 2.407449994626174988e-08 2.564138122213235833e-07
8.121905440125981429e-08 7.634680746547631864e-08 6.174906395625801403e-08 5.804449238073813820e-08 5.722046632280669324e-08 5.684807391811889100e-08 5.536982468099388516e-08 5.356652584768534456e-08 5.390337323408584609e-08 4.376139245196647378e-08 4.019834836008912994e-08 4.582726687954161129e-08 3.583410316371474464e-07 4.557228652968892142e-08 1.506001802347170467e-06 2.576287082642517635e-07 1.205794626289001976e-08 7.939990648812959218e-09 1.057742290827056221e-08 4.130610406800823182e-09 8.460193928711973342e-09 4.382141184366163149e-08 4.264363134783465987e-09 3.428173521384760944e-07 8.147593794541044168e-08
1.839604396946394564e-06 1.274524754856533315e-06 9.421939931364383472e-07 7.215160315575295997e-07 5.935576526562090588e-07 5.073590514727391565e-07 4.319937203905986957e-07 2.831289773292030239e-06 3.750158154911147768e-07 2.433924234992623543e-07 1.847799013122744480e-07 1.340338235196191253e-07 1.106742676374885019e-07 7.260095657449289862e-08 8.234632488230334528e-08 1.418559809098295381e-07 1.036185841712402166e-08 4.894967947285686096e-09 1.283772839100868363e-09 8.175238094239501809e-10 1.162794183399206375e-08 5.722873630191181780e-11 7.291455243527018163e-09 3.650535797089007490e-08 4.545438644269170793e-07
2.324241067543632064e-07 1.715744975825588486e-07 1.481833815405401665e-07 1.627639102947468509e-07 1.070450194443552240e-07 1.011976203755957057e-07 1.011028106979823209e-07 7.985199128384280500e-08 1.064037498567558338e-07 9.708082986720394766e-08 6.902331400014059050e-08 4.980741216270804401e-08 5.070658212379907098e-08 7.145794903604872034e-08 6.658776585589681647e-07 8.668911018411999335e-08 2.291366405959397048e-08 1.331437216682788907e-08 8.974557325817409180e-09 7.243755642412554387e-09 9.052208622732097084e-09 3.065699134847978518e-09 2.548091103048832617e-09 8.995947685898278013e-08 6.227603491900821257e-09
2.140850615154143708e-06 1.675002544736670875e-06 4.053220235299259525e-06 1.196121623113001876e-06 7.252288168384909205e-07 6.672171693157612460e-07 2.065875169436909777e-06 4.976196911570000884e-06 4.885884320241751006e-07 1.898164784923795878e-07 1.234986323273058672e-07 4.662723019965245625e-07 8.177176291124336128e-08 4.095701847505483505e-08 1.031204350633626463e-07 1.564864584535059361e-08 6.643124216891167286e-09 3.006200048446895851e-09 2.858843815251648360e-09 3.814279948585852829e-07 6.538078375123554445e-09 5.131158059962265192e-08 1.066455883261198759e-09 7.260421912598345186e-09 4.856159483658118203e-07
9.562681788570940385e-07 8.505281051547870537e-07 8.526381505792555541e-07 8.692999781093176569e-07 7.238344150193020461e-07 6.859306844962033303e-07 6.430008917134775336e-07 7.735725094306288043e-07 7.190699314430539311e-07 4.688655682231009137e-07 4.037127877256094027e-07 2.339174255227364267e-07 1.408394535612348030e-07 8.342952794330129043e-08 3.279178111980123094e-07 4.361808252661131554e-08 6.514708416163427595e-08 3.979605903800453341e-07 8.923299356202878715e-09 5.606632048670214042e-09 3.204883980572556375e-09 1.648630041473012107e-09 1.477472396733784672e-08 1.448427177825652708e-07 4.043755815158981811e-10
2.419516046596173399e-07 2.078601033384980425e-07 1.436503243980141148e-07 1.051695986664886345e-07 9.105722033005399467e-08 6.703743785505737048e-08 5.218355117500421836e-08 4.982019351677000752e-08 4.974753643142730558e-08 4.041000436295450843e-08 4.273189194087140306e-08 3.661009420613169319e-08 3.225255961508402519e-08 3.012383478707736681e-08 5.299982260333927302e-08 4.216450002201486686e-07 5.104941779882216782e-08 6.487747040104840139e-07 1.760731687236963392e-07 1.023410763553948455e-08 5.320302429281668033e-08 3.809471966704465255e-09 2.406923478894229497e-09 4.208135587698462495e-09 5.507811298325992728e-08
5.566909902527737776e-08 9.592031748920416963e-08 7.108980511087211692e-08 6.164298650102315838e-08 6.141478757697928842e-08 5.159780059840507915e-08 4.246880093125886985e-08 4.139503889850316896e-08 3.270392998289441158e-08 2.841498397923933317e-08 2.919841757442000062e-08 6.872951689115828020e-07 6.815048603553869753e-07 3.816314792283051065e-08 2.271321897591667745e-07 1.359923353821589306e-08 1.008342440576491582e-08 1.001798671429834777e-08 9.053932219139271367e-09 5.652189927779834413e-09 9.728043181910079503e-09 2.587828898841691179e-08 1.302034841908328120e-06 1.472543310225223315e-09 4.120544761102893787e-07
8.195668279011841908e-07 8.708818877691681098e-07 6.682424121311924017e-07 5.631973345862694385e-07 5.124320650340807046e-07 3.985479244933828401e-07 2.314791495600746644e-07 8.588459380060812995e-07 1.296000931930888839e-06 1.646963725909841325e-07 1.409379838966132853e-07 7.227138681877460106e-07 2.857931178432696306e-07 5.009000006631272104e-08 3.896720793090125669e-08 2.981543954626608980e-08 1.964132262145981522e-08 1.677449183301672204e-08 1.804835693174379732e-08 7.459782545602764077e-08 7.954781772226645649e-09 6.733290046124976090e-09 7.878918107549871979e-09 8.671110493826511380e-08 7.791640713909468004e-09
3.698526826312439795e-07 3.644934209905141562e-07 5.008126408811226786e-07 5.435507280236527206e-07 8.172183799140131936e-07 2.105719413044555654e-06 1.315587276065064103e-07 4.098369667127588110e-08 4.024212334832457155e-08 3.795221951353961995e-08 3.217283034413679921e-08 2.581365028133632526e-08 1.841196102293268963e-08 1.574497272014087112e-08 1.060371058129448232e-08 8.234281703469091210e-09 7.286056517085840398e-09 5.821570885156311391e-09 3.334854436962199390e-07 2.249082168616926927e-08 6.147603996037642099e-09 1.836372487929906139e-09 4.793366601366859418e-08 9.673992774627935881e-09 1.265501493721781403e-07
3.242648865318881012e-07 1.216233376903533059e-06 2.928889535067068781e-06 8.961279284094921154e-07 2.912109310912266799e-07 1.796009365376486319e-07 9.011547584320838089e-08 6.580986298671673437e-08 5.287755538190130074e-08 5.217733224982731661e-08 4.931296111503328510e-08 4.058870744677293739e-08 3.235399272612822917e-08 1.481829148920206967e-07 3.085404881474045964e-07 2.375187376071552446e-08 1.782222568165165818e-08 2.565363652566385842e-07 2.042358150451502381e-07 2.297165052974523972e-07 1.755368979155680199e-08 6.474323881728574990e-09 1.156526698986427843e-07 5.547140237685077163e-08 6.714286306653798539e-08
1.392087756043621541e-07 1.362919616139948915e-07 1.456572993275992216e-07 1.123362412417836175e-07 8.682021982738970350e-08 7.191596544868182148e-08 5.826964631743661302e-08 4.343777500991982056e-08 3.853175836002797882e-08 3.270340424749649725e-08 2.975387806267138255e-08 2.375044954634080885e-08 1.915640449251662721e-08 1.540884424572420748e-08 1.377693744195492801e-08 4.424993275806144095e-08 1.284537886367833243e-08 5.467343375043558511e-07 4.999602182063959573e-08 8.655417781256608030e-09 7.811991712639470049e-09 8.941983746873649912e-09 1.802909852866639359e-07 1.069807006414178373e-07 2.727422202234200395e-08
2.443845139352371164e-07 2.104286563917933500e-07 2.387899496444202937e-07 2.449267013616585648e-07 1.723866859147968429e-07 1.698744384982284890e-07 2.211184131931293596e-07 1.721530226017390814e-07 1.158508819745339329e-07 9.112650452897557623e-08 5.847711257472019676e-08 5.017110164064144717e-08 4.075788965276490296e-08 7.134770669712298196e-08 2.529257457076372505e-08 2.788906956314106101e-07 1.541699679819960896e-08 1.049710465502342723e-08 8.906752103671871620e-09 6.812569178444320435e-09 5.157361591183485264e-09 3.777339052015577157e-09 2.645488635002987312e-09 1.982620958337112094e-08 1.151427875532729511e-09
1.016824124319254553e-06 6.485494296161592553e-07 3.224369980845221720e-07 3.122513496434251030e-07 3.504335451723393256e-07 2.373557646635404536e-07 1.580921949845303756e-07 1.126399642563168781e-07 7.906719261328929286e-08 8.843392612229008319e-08 1.077600403172671154e-07 9.283419942297061705e-07 9.637977405114879345e-08 9.873617301689650444e-08 3.378877088725140681e-08 2.031978161578180124e-08 1.518183767968052607e-08 1.144389559678377908e-08 9.470265218264644164e-09 8.702001589427673515e-09 1.034947036093805704e-06 1.503662551660094942e-07 3.661225216667570706e-08 2.213494631118908729e-07 1.095448049704579127e-07
1.893871350693057635e-06 1.896772038874948604e-06 1.881730191053068157e-06 1.414580726078907622e-06 9.902932192278693718e-07 9.079268724045491692e-07 6.531003671948779285e-07 4.191308537366198126e-07 2.002185933709468366e-07 1.124080631085964266e-07 1.095628053615481406e-06 9.650541343721560916e-08 5.127090796698362197e-08 3.882610110011845609e-08 2.965670155599366019e-08 2.288465587634167556e-08 1.923884947920382022e-08 1.652814470065961927e-08 1.992561743076372679e-08 2.473133676483523171e-08 5.295966483494237036e-08 4.567253834283254848e-08 2.627247926361802994e-08 9.499338982168694274e-09 2.138294271672528913e-07
1.449854142348666627e-07 1.703939957252686180e-07 1.995613685307903187e-07 1.278955232642248731e-07 1.375336238304504524e-07 2.202483274930266935e-07 6.835215002261444136e-07 2.738950787745841992e-06 8.824314991127443527e-07 1.886057439573448363e-07 9.717725351106091719e-08 6.236710955648888406e-08 4.724761695106455178e-08 4.282022925028052679e-08 3.228823212767766898e-08 2.755452118495744641e-08 1.854810886987578115e-08 1.433753313259128420e-08 1.089981395712932684e-08 9.863963782852287714e-09 3.141658216656146710e-08 2.688731262767280945e-08 9.809483106901036989e-08 4.266402798845212163e-09 6.319506457158333684e-08
1.167795789328102883e-07 1.284058789930591767e-07 9.760854570447571532e-08 1.155590760013304973e-07 1.367773898226924127e-07 1.136030769180003844e-07 1.401869331307128854e-07 3.996662238080187571e-06 7.583199055696919169e-07 3.519879387061542704e-07 2.865177027839410921e-07 1.237517575279587865e-07 4.510430559777766635e-08 4.474258540189588064e-08 6.481854207702003011e-08 1.315619799783475456e-08 2.198769800698162715e-08 6.314569873775280309e-07 3.363372518383163694e-08 3.731564183790609228e-09 2.513973041663609158e-09 7.159825925472974037e-09 4.057279211808425631e-08 1.703435591567059871e-07 3.037251581456671071e-07
5.708330846854154087e-07 4.403547559306392676e-07 3.254584743605793057e-07 2.680840173005358286e-07 1.774107532782472033e-07 1.292764386545409245e-07 1.100872345699529591e-07 8.235030490310292567e-08 9.364944030357760255e-08 8.179704381534843410e-08 8.943643838599171790e-08 9.217852587968999007e-08 6.653055719765562434e-08 1.768045145427710793e-06 8.431065669838157659e-07 7.153447798419645369e-08 2.837525240592359458e-08 2.488928743185876966e-08 3.211520349757740212e-07 1.781998445493655030e-08 6.389426061746094888e-09 4.379360408893219548e-09 2.458942884122031035e-09 1.863243153328188533e-09 4.522579005374671875e-08
2.933886160155471801e-06 2.362942814121781684e-06 2.149561348625670315e-06 2.308361970429288690e-06 1.341555567033612878e-06 6.710034869820269763e-07 5.159568856366292208e-07 4.186729674283755764e-07 2.466404464357804720e-07 1.923678420217433374e-07 1.546965343894457405e-07 1.210826324315073178e-07 8.121922638243800294e-08 6.225015147962307253e-08 4.557189158177654727e-08 3.288248424193409492e-08 2.610874510662275759e-08 3.925303997212092733e-07 1.153112795481858126e-08 1.909352695628234348e-07 1.899802225033881691e-08 1.359175875615477688e-07 4.132815894189607591e-07 1.711726342502401507e-07 4.678716008957307248e-07
1.355117717273800810e-06 1.566095305474937240e-06 1.910523418994563847e-06 1.238633890595534463e-06 3.931005404281165967e-07 4.212198084508834737e-07 3.193338102236809583e-07 3.071995828017118840e-07 2.386724290715478961e-07 1.858306262828603643e-07 1.794154216115933243e-07 1.629590580491846842e-07 1.295435309330945396e-07 7.908970484812845244e-08 5.249395003126543930e-08 3.993293820679399945e-08 2.903759574531029062e-08 2.473095046640341819e-08 1.477873976202256077e-08 2.727397485325757026e-07 7.706927077125837918e-09 3.441186984013601073e-09 2.729707194273066576e-08 1.467420256141405503e-06 9.580204237351129463e-08
1.060115277202808976e-06 6.862453125683215555e-07 5.238895495449739770e-07 4.640296545344630946e-07 4.716884193715117669e-07 2.771018926976222481e-06 7.896881375609767829e-07 2.518915814169238362e-07 1.669805358060338118e-07 1.421207992293988275e-07 1.151609591877476104e-07 8.928599929553379812e-08 7.562084652742386794e-08 7.473046018820895654e-08 5.299588703936379217e-08 4.123891878898437968e-08 8.475739188136307161e-07 2.440159650353443140e-07 2.663065546730011745e-08 1.848020701914085401e-08 1.273431627817919546e-08 8.882358624096121856e-09 1.090299332640025468e-08 1.653176891539302737e-07 7.114575948671297305e-08
1.069323207298266224e-06 7.410439465592533355e-07 5.102685093373516438e-07 3.483411232710150257e-07 2.430866512326394149e-07 2.122863147897714819e-07 1.544959394719606433e-07 1.309270593745043355e-07 1.217739496918703180e-07 1.269039086091154939e-07 1.941229113548812272e-07 2.278786064937486274e-06 1.297968031064431440e-07 4.640153795135483083e-08 3.217771099355846254e-08 2.407050203538798868e-08 1.858445963035487202e-08 1.366477782259544486e-08 1.003674454240346403e-08 6.848074340413875072e-09 4.384939136777136263e-09 5.549407302983321567e-08 3.394494669825386981e-09 3.746559091807353150e-07 1.072586691584035238e-07
1.077694018624295867e-06 1.050351774320795632e-06 9.741756263641301673e-07 9.196560017744378993e-07 9.719910742331513132e-07 8.801328061343994008e-07 5.695093742862249543e-07 5.376650992870847502e-07 5.739831397629613935e-07 3.368457498858451486e-07 2.029483834227433822e-07 6.962748441460963182e-08 3.463677543752187106e-08 2.832747829658500609e-08 2.192598019531357936e-08 1.842011217296357673e-08 1.670084605815515035e-08 3.773826266040498120e-08 3.514537362286152647e-08 9.461615430166494870e-09 1.808039820695274254e-08 7.588244446382840946e-09 3.058717082858234202e-08 2.086001909661110652e-07 1.033924560817971995e-06
5.617087660454750492e-06 4.498828106452678246e-06 4.097116576110958044e-06 3.436160730380064405e-06 2.647760423318267958e-06 1.800419088844408149e-06 1.063402070705695916e-06 4.044296690236002366e-07 2.292538865599545615e-07 1.635149124765728875e-07 1.161705957087186097e-07 8.692273879980554604e-08 6.545083853628139042e-08 4.884595428370670892e-08 3.390338907981345707e-08 2.156095175462282853e-08 2.532352494191758077e-08 7.033000969341339097e-07 1.894105677400046488e-08 1.419455397601241520e-07 1.550732977351939135e-07 5.228552902002681146e-08 7.508035315555143529e-07 4.403392362159601280e-09 1.965427162966620043e-07
2.603321853442156485e-07 1.432668377179596044e-07 1.556663503154487658e-07 1.562440089687149561e-07 1.257936962151482516e-07 2.134203190390636842e-07 1.262793091934860347e-06 5.512379360412797092e-07 1.940588890560820764e-07 7.512521231995901376e-08 5.864604297527468309e-08 4.562537306868371434e-08 3.827966110955363712e-08 3.083534787459059437e-08 2.696645401434084073e-08 1.194575306825947716e-06 3.895348823066177700e-08 1.234187110390694199e-08 8.942254766500928981e-09 1.385581268377609965e-08 4.448986915421836850e-09 2.783530401602976275e-09 2.348820208876282634e-07 1.882296614782185560e-08 1.069867787636818405e-07
3.031565847249471430e-07 3.881769755882884274e-07 1.461767442680361405e-06 4.309838153760189758e-07 2.356005639090951269e-07 2.043549700225644841e-07 1.443185439720726855e-07 9.700036252732726791e-08 7.137022893025339472e-08 5.851262081002481440e-08 5.404859960038599013e-08 5.321389130008682353e-08 4.094362336526830234e-08 3.210103877309416702e-08 2.491493156038628386e-08 2.167834411791899470e-08 6.160348305867919101e-08 7.254362946753339883e-07 2.249675506951019465e-08 1.485839685356713504e-08 1.325612798374797966e-08 1.418622247969451117e-08 2.836247269116797382e-08 4.729919184914636814e-07 4.088085779445117675e-07
2.411943191202265345e-07 3.129043600933490555e-07 1.879726587045763144e-07 1.294303103988577046e-07 1.158730661001937498e-07 9.922658817510604263e-08 7.535390968666107765e-08 5.878365531211610135e-08 5.010213207156099287e-08 4.369555405643182948e-08 3.360869940023061814e-08 2.448982608524619690e-08 2.935974771419072033e-08 3.252252789804341958e-08 2.847317145032554072e-08 1.225294193270600238e-07 4.652875315396945034e-07 1.071604911117077596e-07 9.915770635959340097e-09 4.179069639425473563e-07 9.110274394327155625e-09 2.352698339505123400e-08 3.504470228599813580e-09 7.247619139840448580e-08 2.178122437631226076e-09
5.440931625939833158e-07 9.882913370737328914e-07 8.407119748317965583e-06 4.498648447769120836e-06 1.441981118375052879e-06 6.214733808376280206e-07 3.162977241416237458e-07 2.278557315405962554e-07 1.997074086954881921e-07 2.132266969124340186e-07 1.298976087157259233e-07 9.645124070430557123e-08 7.532634502398109402e-08 1.023004586183971322e-07 5.505664800679504544e-08 9.395943286288338865e-08 2.175907320229354353e-08 1.551921763433245698e-08 1.148845281602489766e-08 7.440305265625376899e-09 6.214061922370041010e-09 3.023582097890515589e-09 2.062055579393482605e-09 2.734109712218841199e-09 6.128479670826263160e-09
1.303307230744138878e-07 1.271011715775736409e-07 1.091544706637187751e-07 9.645868199749813093e-08 8.519256973742401077e-08 6.644576903819411256e-08 6.344747718159634199e-08 5.796309210746311353e-08 5.025775663914641277e-08 4.122874411407715582e-08 3.327559154934754407e-08 2.533249435116973203e-08 2.286443193010303726e-08 2.110446039900848782e-08 1.780340152735900664e-08 1.023612678281900591e-08 6.406294316659498536e-09 4.007341077436246120e-09 3.002946283137289091e-09 2.218323657910594728e-09 1.807327117573796747e-09 1.603667739332082022e-09 3.695298690824236268e-09 4.839460015983030870e-09 5.246583075305995574e-08
9.164155124392127569e-08 7.592905135175251132e-08 6.383353387307581009e-08 6.339377370556776667e-08 4.520202163775981258e-08 3.795371585078613905e-08 3.238650177493439665e-08 2.243946091931871351e-08 2.190958525445768621e-08 2.276624859744292004e-08 2.590878905720922018e-08 3.700016156167324708e-08 5.818230864854244994e-07 1.740994882680607016e-07 1.899223444840479329e-06 6.900571591758212402e-08 2.982363760182225890e-08 1.048380445371224710e-08 5.475952958043361594e-09 3.220286289357311340e-09 6.675519723532428603e-09 4.452781629664638291e-07 3.170340145591796193e-09 3.196344852318065763e-09 1.392498069257885591e-08
2.163269378560412444e-06 1.555286992737870087e-06 1.641018071572940977e-06 1.179726349469939895e-06 6.800152894937778906e-07 5.655617430054108065e-07 4.703801849538296006e-07 9.012570608898765495e-07 3.394711844355309100e-07 2.541706285747560135e-07 1.812625102206865423e-07 1.238731964845686065e-07 8.771008296938720281e-08 6.873018667283121868e-08 4.514680404578237326e-08 4.576629861534785341e-08 2.818658436536888134e-07 3.323345427645694432e-07 1.434893045727612301e-07 4.916514711005913309e-07 2.159326639558597408e-07 1.400499605287349135e-08 8.171804953397772552e-10 1.010172942903830262e-08 1.309416447296312934e-09
3.795199001275092769e-07 5.092964882126337578e-07 5.827285296076362257e-07 4.223191817978318005e-07 3.147524993827578258e-07 2.405310644222040942e-07 1.771513392284103832e-07 1.656972101557653873e-07 9.213380360406941754e-08 5.542938941362125059e-08 4.724767104544064911e-08 3.795596266484567652e-08 2.751463491243826488e-08 2.441525294350020432e-08 1.874338575403376366e-08 1.473219045999196410e-08 1.128351115946391319e-08 8.591309215367814646e-09 7.218377325207497038e-09 5.426149766132150948e-09 3.900532563237190561e-09 2.879199650573020721e-09 4.085512221831205174e-08 1.388954303430246213e-09 1.115716519641755584e-07
9.969656294074488271e-08 7.118653772446877741e-08 7.146996295887017337e-08 1.007873691473559690e-07 1.193599764410805194e-07 1.142764099989969032e-07 1.551472125187371723e-07 1.045385838369805753e-06 8.876583358444344794e-08 5.794319228690694672e-08 4.760133322428124918e-08 3.920158033127413671e-08 3.129490882931137069e-08 2.186764635248797062e-08 2.306008834400062138e-08 1.505713821773358913e-08 1.390274661229871402e-08 1.311037498442527270e-08 6.244269729201209201e-08 3.247014161928047270e-08 1.270105177376698994e-08 4.544425705584380756e-09 1.031527914455627529e-08 5.208184202157907624e-09 3.730449287504939981e-09
2.360764392339857063e-06 1.624060803494570732e-06 1.284599838106972634e-06 9.661303880931004228e-07 6.629106889651215749e-07 7.104679211003367809e-07 5.262271718452695596e-07 4.850558068569562660e-07 2.791333164342913650e-07 3.619723549640857742e-07 3.654387847584711575e-07 2.443901812395694639e-06 2.320649098097774682e-07 6.541344387303792788e-08 2.160190714986394516e-08 8.033934960731517957e-09 1.188110385302467177e-08 2.010581197247026154e-09 9.690633832134115191e-10 1.495135698661916186e-09 5.204377801089857911e-09 8.875922309208832603e-09 7.685385948298027687e-08 2.094987168866529043e-07 2.278184288399250435e-07
2.269790709658942004e-06 1.750773072337844782e-06 2.134839464823873252e-06 1.815419406078638012e-06 9.703744078965855113e-07 6.335982137430533385e-07 5.361797800045285263e-07 1.588828172752403174e-07 1.688565296364770737e-07 1.439460470864686131e-07 1.219942836523975820e-07 1.116479278566106480e-07 9.271039814499496970e-08 7.437533597240662178e-08 1.211822372270030116e-06 7.784540830771728016e-08 2.962306240189761189e-08 2.188598496183848575e-08 1.235588483946188488e-08 5.733091208204263592e-09 7.024325717332575624e-09 4.523187495679183772e-08 1.101096170844145375e-08 1.898953167824751687e-08 9.510222509891994446e-08
7.111834309895372354e-07 8.233390360825440587e-07 7.001947355525692975e-07 6.033498354452753172e-07 4.851688817900321960e-07 3.564330072006937350e-07 2.806786168502633240e-07 2.897077614554817459e-07 1.412950120630566023e-06 1.216800139325791548e-07 8.281382111449819691e-08 6.639696093350639134e-08 5.629219212630817045e-08 6.748631828879608360e-08 5.595465690643042127e-08 2.658670632527854931e-08 1.545364435797145575e-08 4.548750242033394931e-08 7.636810073491757998e-09 3.146192450904762032e-08 4.689436983668828581e-09 3.564216656187749894e-09 9.236857579861452069e-09 2.472326537328810297e-07 4.076633144163729317e-08
1.635935035893606007e-06 1.085470968248828801e-06 1.028744760987376507e-06 3.671522127527766142e-06 1.003002779132046921e-06 4.638804910572365339e-06 1.555275687858728314e-06 6.792474941045841236e-07 3.768698723037230636e-07 2.568778743089813388e-07 1.658175753844209299e-07 1.021047308260997721e-07 6.244492216273741857e-08 4.119462837501344783e-08 3.881734729606235159e-08 1.470599041081318923e-08 1.075160435391002621e-08 4.082708383496313032e-09 1.596815670318440359e-09 5.108199635532907312e-10 3.463885957451191538e-10 2.957418310682006618e-10 3.918499938166702863e-09 2.381050416405140858e-09 3.343873819856961458e-09
1.793159580696657292e-07 1.500590752544392357e-07 1.301566241519178519e-07 1.414916130870245155e-07 1.661112990251643930e-07 1.861081320636871801e-07 1.691066901060446014e-07 2.130181186475804183e-07 2.010211933613453629e-07 3.252473084649180739e-07 7.699109858833333546e-07 4.178464321605555454e-08 3.592025747168837478e-08 2.733488958460524646e-08 2.602999624033919396e-08 1.962205125250550616e-08 1.590166162270560526e-08 1.267283158884356657e-08 1.155374468080371393e-08 1.014619659071565380e-08 3.574241767549641466e-08 8.485950818948603373e-09 1.927577612530183941e-07 8.411500120968352503e-09 1.495580769523866399e-08
1.145673302808072848e-06 2.203158609394248970e-06 5.705657912561634581e-06 3.793090305822957764e-06 1.598822657505989076e-06 1.960042249592104961e-06 7.977364499570949044e-07 4.264822231764323657e-07 2.950560761120162985e-07 1.450221515597924331e-07 1.086599585801313053e-07 7.509880057526273594e-08 4.474479015656362498e-08 2.874655075583285167e-08 9.280336419381527069e-08 1.933008946602308199e-07 9.327231581644383220e-09 1.741110700498461409e-08 4.513215561347010692e-08 2.089102705766951056e-08 6.926407268140169498e-09 9.128093789434725976e-08 1.131306857754003177e-06 7.450431314293007907e-07 4.677142006915413483e-07
1.811740789798791667e-06 1.715662087729524224e-06 1.412104540676948258e-06 1.390904544763335570e-06 9.697732722294348004e-07 7.048233069100246262e-07 5.603381542978218407e-07 4.365893356862901188e-07 3.752364114461385212e-07 2.774642562415735627e-07 2.147259469358075877e-07 1.461135631553715814e-07 1.052525009437007369e-07 5.769588996171605693e-08 3.824237261170961068e-08 2.512339515332733279e-08 1.419524661405500786e-08 2.642844672504554856e-08 4.066409525408493298e-09 2.124434593396604030e-09 3.253915090393548831e-08 1.233745554076890532e-10 3.896854430570162382e-12 5.516569495955115384e-12 1.516136451997959028e-09
1.088917980965091834e-06 1.251302811414808466e-06 7.003024501829162199e-07 2.284965035468687253e-07 1.967505870931920704e-07 2.054257099812695963e-07 2.140904191071734819e-07 1.986276767787491343e-07 1.308180782504429385e-07 1.506624013081804986e-07 9.779336592248110487e-08 6.963776328176170338e-08 5.442223531483550392e-08 4.924542226989974705e-08 2.243652874091397502e-07 4.677647746745372493e-08 2.443161335779455699e-07 5.347101642024542559e-08 2.437941608297185653e-08 2.043947523007981204e-08 1.837352253264547823e-08 2.053415791793113442e-08 7.675243969441981529e-07 2.387292233880616412e-07 2.925764057111986399e-07
7.640231000205503201e-08 6.582938558379012258e-08 4.074733536753859245e-08 3.142996250283226029e-08 3.080048811335105534e-08 3.007405703178700590e-08 2.778859311720866137e-08 2.367716047367353182e-08 2.731928647777997824e-08 2.523456681372201798e-08 2.554438565470400242e-08 2.587326235742987479e-08 2.325990293913634502e-08 2.170441806519121703e-08 1.749038185663297397e-07 2.766712635356865892e-06 1.140175118018973758e-07 4.130103132419307293e-08 1.608995145571482117e-08 8.573512822393256281e-09 3.391706581213689988e-08 8.154286570899015248e-08 3.365240619124827324e-08 3.542808823762325434e-07 5.961969140703470729e-07
1.207452607770812380e-07 1.502346351018531388e-07 1.341548319357040569e-07 1.185668729577121264e-07 9.921437455249294734e-08 7.488005389140943997e-08 5.881419756154474710e-08 4.844763146008263081e-08 3.902347266977980491e-08 3.036546831767205500e-08 2.596414431876651268e-08 2.130243405001972130e-08 1.744895688971604471e-08 1.453113239809761900e-08 5.158333873230232920e-08 2.673221825870258691e-08 1.947961467721788917e-07 8.868641352527335083e-09 5.951865724187603509e-09 4.114814330781405922e-09 3.773127118123174101e-09 3.935006403334789942e-09 7.609571011573379300e-08 1.596122467772448629e-08 1.366017108955933616e-09
1.870919485923554127e-06 1.531084779082216612e-06 1.296438464062508034e-06 1.003200971240954627e-06 6.748554571833993425e-07 4.967526868398630785e-07 5.690481141131325968e-07 1.762949074651888437e-06 4.604656170479773196e-06 3.324787173746091367e-07 1.265920766681979652e-07 7.484496625948135876e-08 6.384497870296099403e-08 5.270791649093183011e-08 4.624589023221723305e-08 2.114857327270417298e-07 9.464798122328411733e-08 3.124713218397749261e-08 1.838553757615691076e-08 1.364807734302297955e-08 2.567855116624604184e-08 2.677904792724850545e-08 4.860846250335036381e-08 1.201544910458994212e-08 2.649331471372106401e-08
3.254807435069241264e-06 4.229018038264477650e-06 2.142252617369893967e-06 1.306411762962590048e-06 8.599065659048345902e-07 3.287246897238016283e-07 2.245979629554332642e-07 1.507679776895066167e-07 8.863839853067989630e-08 7.146572256647726201e-08 5.541443149393501844e-08 5.373363484075477783e-08 1.008478049011929167e-07 3.817463857865814130e-08 2.754522808827135422e-08 2.435316409193287554e-08 1.709850738540379417e-08 1.301312393826652847e-08 1.060716036721405631e-08 7.678511582455985881e-09 1.260436449205441434e-08 7.429616103317078040e-09 1.138247585383864339e-08 2.487151480089071155e-08 1.740489033014489586e-07
7.446246322588743659e-07 3.883214125296739607e-07 3.629630523585393809e-07 2.462284369830813606e-07 1.970120532604250686e-07 1.616511034826992207e-07 9.982674386815027796e-08 7.117621439097313389e-08 5.560669453489414410e-08 4.474581461799602188e-08 3.101826987015022664e-08 2.072745243176757979e-08 1.790393319587927861e-08 2.502693834626903335e-07 1.503220205050502049e-07 1.665054621578333296e-08 5.533689431405551139e-08 1.095270264530030971e-08 1.476947955717389552e-08 1.566607198647160301e-06 3.703736177342973010e-08 7.781893055512473502e-09 9.865665600163422512e-09 4.583075197723543924e-09 2.537540582863894088e-09
2.069294114616958328e-06 1.878732277445240953e-06 1.867332827615631239e-06 3.447697241154131289e-06 8.266050941548285443e-06 2.714753865844454233e-06 9.601752315079150195e-07 7.070136576107499902e-07 3.289970024762666401e-07 1.205597586282933172e-07 8.927469621932460286e-08 7.123508423243027699e-08 6.698623543474952734e-08 5.137315445947339377e-07 6.422567098216754096e-08 7.810742538301156227e-08 1.436832281945914354e-06 1.785830384818198464e-08 1.147971990091394949e-08 6.854035962866960270e-09 5.117206820761847254e-09 4.496126458987709406e-09 2.042238577002040676e-08 9.189498053346887776e-08 6.340819264876690245e-08
1.412405039328474490e-06 1.069537617548234100e-06 9.847075054457297901e-07 6.502737803599201938e-07 5.287742149977613776e-07 4.303886870475181046e-07 3.583301168046968679e-07 1.102173345366243904e-06 7.835323945812375862e-07 2.064577586499913558e-07 1.236983950981173093e-07 9.973123425557862273e-08 6.962256697353943693e-08 4.983531213073500520e-08 1.619390319257619780e-08 8.446607250165170603e-09 7.563429882401591204e-09 7.412437878966323428e-09 2.713912731803775809e-07 3.977703208753203706e-08 6.252168520974315937e-10 7.426833831083153706e-09 9.186602604796605616e-10 2.366750725855533204e-09 9.280785474931281357e-08
2.304219525127644788e-07 2.592713407355417676e-07 1.728814904716319970e-07 1.274430683690829802e-07 1.201106473903612740e-07 1.536588029973127745e-07 1.885300709676447981e-07 1.644784683349389056e-07 1.416811743983762768e-07 1.181922269716934229e-07 9.606463786555143042e-08 7.562028598472705961e-08 6.348713934690289209e-08 1.403321854516329895e-07 2.481669743802251620e-07 1.387768896360362925e-07 2.193055712369850195e-07 1.900870643855480966e-08 1.191041654939646756e-08 9.071724473194699363e-09 8.033987161993966067e-09 9.207725780131818909e-09 5.674469289354928256e-09 1.422627465339252759e-08 9.136441012192769456e-08
3.784261201825254984e-06 3.687150790286254400e-06 3.023869359468682694e-06 1.769233467846746966e-06 1.134524444822492124e-06 6.921534376492292484e-07 4.510143662281371230e-07 3.119894213613677014e-07 2.300727617217675259e-07 2.019432724366408036e-07 1.430786058676945194e-07 9.908316519626387758e-08 2.628658363753738276e-07 2.462622769753973829e-07 5.894490666969264941e-08 2.889405345799706820e-08 2.726784232001410550e-08 1.219393171177287414e-08 4.867385652667860486e-09 3.192878553059665185e-09 6.662043103617546235e-10 1.097549206955861782e-12 1.563161986089272396e-08 4.297075632137428083e-12 2.421408023295175885e-08
2.615910025178279644e-07 1.775919839956435387e-07 1.380368446091922338e-07 9.730458990879491193e-08 9.627296494145703659e-08 7.940901471688622015e-08 7.508701579562264395e-08 6.904341048335707155e-08 5.324633605111132498e-08 4.038485004478828899e-08 3.705909462293654203e-08 3.197883156923048654e-08 1.969537265728708980e-08 1.472002755855117990e-08 9.404014995131257119e-09 8.059510494122685055e-09 6.117491207820691128e-08 9.648986100217673750e-07 1.385823006845426592e-08 1.284737525754086020e-08 6.529355381275493042e-09 3.305726840654855962e-08 3.079568742688421898e-09 4.888395126715935693e-08 6.401641140471168470e-08
1.116622750811125711e-06 7.860581024017454335e-07 4.374524660868605701e-07 2.568406765343319737e-07 2.388356458710017741e-07 1.585412478740069623e-07 1.267607318955552127e-07 1.147244594489172972e-07 9.437587305909665499e-08 8.153731880310216539e-08 9.355965007855988349e-08 3.060266146407554100e-06 4.025696037321427166e-06 1.328721942201463140e-07 1.138232364362669089e-07 5.639476683661743434e-08 1.909598403725847921e-07 1.589464842511623565e-08 8.837106387027899678e-09 4.600423281667152180e-09 3.468832283256029936e-09 9.589813652300195228e-09 7.900751618039487891e-07 1.745407696409700063e-09 1.802021569427368827e-09
1.423578503333815329e-06 1.335724681358286505e-06 1.326209123691122197e-06 1.640207398191301258e-06 4.500302321039431269e-06 1.731388156677141301e-06 6.699924860401912876e-07 4.298412191781370286e-07 2.901819730216808989e-07 2.524759647489198691e-07 1.276968907328474862e-07 7.837769279222693428e-08 6.057654395357280130e-08 6.730191821602383823e-08 5.203507924577715565e-08 3.370906661310032308e-08 1.470619760050797451e-08 1.971492173114822848e-08 7.595943184307244669e-09 1.478695142645790928e-08 4.759365083350818374e-09 4.940094043520356045e-09 1.232077913637372234e-06 2.230258956294366063e-07 3.813241689593470886e-07
3.374761784198830964e-06 4.177101654724302598e-06 7.230323465434611689e-06 2.103594069837829559e-06 1.383520663718545738e-06 1.132047385124066999e-06 7.840186766167299996e-07 5.058906786191646302e-07 3.668172027154242103e-07 2.065793177920734509e-07 3.867449989235148931e-07 1.020398769287665240e-07 7.000485951136003902e-08 4.269366601721500274e-08 3.279854778377154309e-08 2.395832636925378929e-08 1.775204595794759732e-08 3.836450742600353518e-07 1.025345192993199635e-08 9.101610007362091878e-09 1.022843715076826076e-08 3.216688197294333796e-07 8.226872263661968403e-08 1.107394532914644990e-07 5.008857880155574554e-09
6.854378951029269598e-07 6.700485038580622862e-07 5.623073870587401548e-07 4.926668025517605673e-07 4.137509824983617585e-07 2.878835589949853009e-07 2.040776638541905919e-07 1.550516252542133750e-07 2.839672740481956773e-07 2.540867776869376611e-07 1.175666553955515112e-07 5.313531357416021410e-08 3.613674315451403837e-08 2.808803280279756485e-08 1.880758709755069617e-08 1.548262314176076681e-08 1.183554046029746639e-08 9.818257744076618439e-09 8.807421404337165415e-09 7.264710801853497179e-09 6.239417863826844737e-09 5.412333696013847651e-09 8.030821877144938847e-09 1.430218601497310949e-06 2.847229809255442076e-08
5.014118419432313749e-06 4.187234253883833104e-06 3.505866245873792859e-06 2.637048714115454627e-06 1.967944313334914240e-06 1.519694473157806894e-06 1.028221204642743640e-06 7.755070192607851126e-07 5.895135723068498908e-07 1.549119821041620158e-07 1.097138071293945533e-07 8.286554903714790128e-08 6.807610522655000358e-08 4.370048740946303959e-08 3.028325853136947338e-08 2.423816369818124750e-08 5.081325742636894210e-08 9.201273874189789831e-09 3.988940731283115768e-09 2.700149509524382021e-09 1.932218484327966981e-09 1.245023869388323699e-09 1.017343160579227577e-09 2.757116948748900767e-08 3.823719662940900710e-09
1.117075944125782115e-06 8.360329263160939840e-07 7.398076369098745923e-07 5.592069584305796886e-07 4.281464510817866122e-07 3.262160711239473970e-07 3.117295638067576448e-07 2.407487084801988136e-07 1.975009510870438027e-07 2.815260839047649730e-06 5.362849459712745487e-07 1.183444584447578608e-07 3.658855470267877836e-07 5.312021404681578885e-07 4.380349685541312513e-08 3.183619298923724201e-08 1.240484638628041205e-08 5.638360722189955977e-09 3.478209536076357836e-09 2.012714377222901816e-09 2.856323990333321803e-08 1.934801540586917590e-10 3.202641123713504670e-11 2.127944603283354282e-08 6.584875126506851376e-12
1.666999916277389471e-07 1.871710521203400146e-07 1.691098628533333231e-07 1.276694041264747903e-07 1.317574820661643719e-07 1.102857398276989357e-07 1.281777156545267335e-07 9.922343949963190526e-08 6.576754229059213910e-08 5.451081823070568797e-08 4.167044252029745615e-08 4.049908835082905509e-08 3.821553891740275162e-08 3.383165348247644527e-08 2.227204711079430264e-08 1.067375195893844653e-07 1.348887387758640190e-06 5.184581267717381007e-08 1.524201417522113274e-08 9.786338484508393855e-09 8.461376796884498471e-09 7.602477584935085150e-08 5.245971910220031138e-09 4.763314996693235182e-09 1.120234103254317408e-08
5.012050883998783205e-07 4.040639691988174570e-07 4.161483685754650126e-07 2.982529847615402034e-07 2.522623296703674326e-07 1.764291230803531922e-07 1.966184242875323983e-07 1.467023275321956520e-07 1.161692793504900103e-07 8.207301856255802602e-08 8.263295731848694154e-08 7.912209213901526063e-08 9.830393556265427367e-07 1.664374859147486876e-07 2.916640010404151652e-08 2.225455924212075962e-08 1.906377863126488613e-08 1.509143624675896429e-08 2.172861428155150993e-08 9.269627248931713530e-09 5.664868195210257757e-09 5.641745684821189600e-09 1.430873034357343548e-09 3.737703318211843480e-08 8.988749590367399919e-08
2.147575030792079820e-06 1.784731242007580812e-06 1.361565137754164543e-06 1.166234564744895141e-06 4.099018188963845109e-06 5.769487768296116874e-06 1.487896519820893459e-06 7.658107393533045697e-07 5.179366116332856448e-07 7.165371796561424246e-06 5.074823909771916697e-06 2.445826090242718068e-07 1.028991064378235362e-07 6.054872912753322922e-08 3.366239778871749965e-08 1.918232326266237555e-08 1.317512725724445001e-08 8.615273439564403576e-09 4.930673337382444734e-09 1.742043057956157948e-08 2.540875821681663572e-09 2.327955564495041687e-09 2.204885801168728583e-09 7.886592171675905254e-09 5.380340061282022291e-07
9.230563688223722334e-06 5.164225566171576930e-06 2.949800301232615831e-06 2.372255570970303888e-06 2.153939497662021739e-06 1.401265457726172130e-06 8.201736323728910725e-07 5.786456898587819185e-07 3.487810881910932863e-07 1.381668374581956833e-07 8.508267417312385003e-08 5.693316286761346859e-08 3.804296018073959158e-08 2.514502848925982273e-08 1.667511070556748732e-08 1.047280950065447129e-08 2.485476302655576050e-07 1.704304462136628447e-07 4.419566215012270546e-08 4.304800721990551585e-10 7.910296541842054715e-08 1.944804441270716918e-08 1.400836134117454940e-10 1.492658593474944785e-08 1.683205842534977328e-07
5.535031347317804692e-07 5.442231493746752040e-07 4.886829140165771113e-07 4.180086850176732001e-07 3.856377613509881478e-07 3.499330624826511796e-07 8.606376643931633713e-07 3.217285809595524800e-07 1.842078842712068276e-07 1.515905180392761725e-07 1.158021867313465174e-07 7.469596489114403863e-08 6.191272186023093850e-08 4.442853470720204577e-08 3.562446963944656196e-08 2.950194927689312694e-08 9.614229249318800603e-08 1.696800060532358255e-07 1.427442032042354653e-07 1.026448807335306333e-08 7.299581419207628236e-09 3.367935828288822063e-08 1.871915636443090341e-08 2.503987795379845426e-08 2.438437155926905738e-07
1.794739513100128846e-07 2.564167324557014158e-07 2.099169903342115431e-07 2.092175158718609672e-07 2.221285367542320450e-07 2.484591714560302037e-07 3.167911127115718155e-07 8.182652296003473454e-07 2.404623941181716675e-06 1.358811117912929151e-07 1.597156118981527581e-06 2.059861058814373471e-07 8.109666803950770932e-08 3.298006857500959012e-08 2.480291039471215699e-08 1.986509118505130661e-08 3.718470101595980448e-07 2.344918526379189740e-08 2.963408235959114412e-08 9.858809051280396493e-09 7.209148392347761640e-09 5.559477409431019843e-09 1.601338760488210170e-07 5.920957384834178026e-09 3.709615713892115621e-08
1.141849101586436424e-06 8.445854382324011074e-07 4.503373008326071233e-07 3.927389110919283553e-07 3.079251603998127306e-07 2.713854672820224962e-07 2.367716371993811574e-07 1.855467433283966403e-07 1.594187687486980719e-07 2.240668960125249278e-07 9.665243137754796043e-07 2.000933437832789120e-07 7.802254565657556459e-08 4.994269451738300486e-08 4.336370394602407150e-08 4.188387823752726923e-08 2.224770533440563869e-07 3.550386357077266594e-08 1.337581405537313323e-08 1.393247155365838098e-06 2.406369795561231965e-08 5.235446370187783142e-09 2.550298812208183094e-09 7.950498474820625602e-09 8.106585356251017940e-10
1.462068498308994462e-07 1.638051231018177273e-07 1.826192129809957908e-07 1.562688779937011607e-07 1.288840549309717569e-07 1.105014350175149020e-07 7.904330370767907595e-08 4.633057688404369149e-08 3.014881383818400476e-08 2.212127904846481942e-08 2.042782570804703307e-08 1.801407182120827043e-08 1.525138810632388348e-08 1.182826364307080622e-08 3.164957288851302227e-08 2.390835701047316805e-08 7.363191266409416332e-09 6.389153302806979738e-09 6.624926915994339961e-09 4.654227702460665098e-09 4.516292518009206202e-09 2.834568327201520467e-09 2.400716382782040385e-09 8.111703488267999659e-09 1.187028017878502642e-09
1.705536086215619755e-07 1.986424579198480581e-07 1.388599769685349858e-07 1.605461036295930154e-07 1.307832335101557270e-07 1.202063343100234870e-07 1.071738116246395567e-07 7.863954507245322495e-08 8.230938353733407651e-08 4.994247102629731515e-08 4.073871873335269625e-08 3.238601571111800524e-08 2.816393020241271464e-08 2.555708753338201008e-08 2.108864341124257890e-08 1.646117599050205494e-08 1.277806374085332793e-08 1.005894341794195224e-08 7.096766990718125246e-09 4.805000679314825187e-09 3.243475269707091078e-09 2.260875550859659013e-09 7.930379340434713216e-09 1.228318505375338345e-08 1.466974334388643763e-09
3.027117007575487061e-06 3.651262362707645773e-06 1.870021677309474347e-06 1.314847066035928751e-06 6.405953999013492440e-07 5.681443848307653339e-07 3.247035160846621987e-07 2.551935008909845222e-07 2.253310003125978214e-07 2.223976707486067639e-07 2.568292083909142713e-07 1.043232333071598475e-07 6.382153072120733096e-08 3.756555866735990000e-08 3.083162195106190353e-08 2.534854029114812015e-08 1.836887936977683726e-08 1.449194329911673667e-08 1.257596222481193341e-08 1.043141074287624642e-08 9.029127426630638337e-09 1.485524943329480425e-07 5.324325888236477455e-08 2.682824121961595746e-08 2.983770217237916873e-08
8.010902721494276393e-07 8.412241011146227865e-07 7.030846867083622434e-07 6.008298136839463592e-07 4.636762342483476026e-07 3.250711390302679160e-07 2.335781019825272736e-07 1.221802708416906571e-07 1.047972712176067072e-07 1.045874547466475799e-07 6.878607185252538429e-08 1.759222831367012175e-07 3.060341361601857653e-08 2.623502240675210679e-08 3.621639467685144644e-08 2.310868525162929476e-07 3.267323619651944567e-08 1.149031444196487090e-08 9.708770271181231626e-09 8.073494092960444076e-09 1.057085921541887222e-08 5.222658448841210288e-08 6.269937805959859561e-09 1.188232327789432633e-07 1.707425982724322457e-07
1.672838577516609169e-07 1.578382729801706390e-07 1.366756880573962021e-07 1.563335981957278469e-07 1.494153083196606494e-07 9.346330111707909215e-08 6.700518544380434824e-08 6.843510986091667954e-08 6.220120314671400516e-08 1.245422346029541628e-07 1.003822071613524962e-06 4.315864267351889378e-06 5.350013075638714635e-07 4.182885059378702547e-08 2.309130099908848148e-08 3.993778574254562075e-08 5.430046635634546339e-08 3.253432183772415288e-08 1.020884931341721751e-08 1.141029802537008926e-08 5.275811800408044844e-09 1.598027000889885555e-07 1.194406622198866119e-07 7.039097347143394087e-07 1.697020521515977712e-08
5.487184974504196019e-06 3.858421502133547078e-06 2.180260640833106940e-06 1.553207654714962971e-06 1.191661835676976370e-06 9.823046256332831739e-07 2.207783004918401010e-06 1.768482240548878664e-06 6.104893361940540664e-07 3.905250945702644898e-07 2.338857658049213562e-07 1.455411086107644232e-07 1.226788174991623995e-07 5.518406001639824580e-08 3.345067783895417117e-08 7.451123970139374436e-07 6.229470550691757123e-07 1.231491834540679878e-07 4.443023813673428494e-09 1.801869522847305838e-09 1.628329553211794173e-07 1.663764669129090587e-07 9.156497692758573287e-08 6.004370661753166358e-09 6.263930726533027604e-10
5.339494178401135248e-07 4.613503851204440672e-07 3.160421434706591060e-07 2.561267252673448099e-07 2.813532496880649220e-07 2.438147794175834136e-07 2.569323380366373209e-07 3.767185431451384700e-07 4.628058205367729724e-06 7.330888928994220007e-07 1.054369742302105234e-07 8.098283175928090336e-08 6.552784470612214039e-08 2.172316652761949167e-07 1.203676697334648184e-06 4.643367884161823025e-08 2.276368550360567886e-08 2.027814589353828659e-08 9.292135167892726287e-09 5.672468881545374731e-09 2.196380499073498956e-09 5.962025526661247667e-10 5.830882580721119210e-08 6.491828274868910336e-08 9.072342208510112890e-08
2.873351327769141842e-07 2.017033554028869931e-07 1.526737855076247496e-07 1.499681969645502781e-07 9.279243407872579717e-08 6.834954453326595042e-08 4.997241931620443715e-08 3.398779680377124984e-08 2.866621470092539410e-08 2.437984355857750845e-08 2.131293130049652668e-08 2.175014362030183357e-08 2.806533409095909041e-08 7.365319988089003577e-07 9.661597128101653399e-07 3.845727571548005822e-08 3.795922097696898584e-08 1.389034378739302900e-08 7.158755381440121338e-09 4.738439139188958841e-09 4.121230535323800936e-09 1.588989217882738253e-07 6.779516222921377063e-07 5.804919718906334470e-08 7.958334289384463517e-08
6.673299971663665052e-07 4.286405733812550017e-07 5.500336643887367309e-07 7.566115388184066390e-07 5.537946569884654130e-07 4.988381930629001853e-07 2.807541791538955514e-07 2.233018720475941284e-07 1.744547235841434446e-07 1.321256676415326538e-07 1.178770007217489168e-07 7.344704166858353895e-08 5.052722635401225769e-08 4.403954945978387121e-08 3.010396959224070142e-08 2.556332603819742394e-08 3.472382148468632339e-07 1.554224535703684443e-08 9.332577321333809402e-08 6.628710202142131865e-09 6.144738299196265714e-09 3.871892657822026821e-07 8.941701264476550593e-09 2.340710912584163928e-09 6.551618293975718700e-07
1.378819879764950629e-06 9.452455016264080314e-07 7.517323687524324258e-07 6.444080141891953770e-07 4.687972996912646586e-07 4.065598856770860719e-07 3.430823717985629662e-07 2.889738111165874479e-07 2.514138434212028198e-07 1.857169455578974900e-07 1.226516998599306637e-07 8.563984728460158013e-08 5.734043787740543077e-08 3.543892385444356159e-08 4.348475795391216068e-07 5.506378887411740264e-08 8.714100311069013340e-09 2.500712603929668472e-09 7.546112858999148922e-10 2.360753405775523401e-10 9.377568573246910501e-09 1.158329260480200169e-07 1.335115724026586127e-10 6.158637497941808221e-08 2.040393068034123550e-07
8.038090299189647527e-07 7.857056350652330323e-07 6.887896349856553532e-07 5.163885931160897418e-07 3.847762938157749248e-07 2.353722655617800505e-07 1.242036704198393835e-07 9.415436603544384365e-08 6.009404932847478548e-08 4.289676269138542251e-08 5.102896582768086356e-08 3.513808721607996235e-08 2.460521415204294643e-08 2.200712364978873510e-08 4.148187172517732737e-08 2.399259316903771766e-08 3.225619732055765455e-08 1.019152368287881860e-06 2.041573519285611149e-08 1.428356085943593432e-07 1.380273962894285206e-08 3.621474837687951149e-09 3.527323018132380184e-07 2.385273667133701621e-08 3.358015979528584896e-07
2.691521663898874858e-07 2.682709700967392930e-07 2.024043667603768922e-07 2.069544646316525367e-07 1.709325411906385708e-07 1.449656382082089169e-07 1.238241267223533681e-07 1.196920254591589802e-07 1.149564946935046050e-07 1.115429548492764201e-07 1.348021507575670574e-07 1.138592403807807978e-06 7.898845963752160069e-08 3.479451497716120825e-08 2.651911271762855090e-08 2.337410144279970525e-08 1.863851769237634195e-08 1.874942231532742046e-08 1.329727427319370643e-08 9.040067151285274177e-09 6.225712618673972908e-09 3.051475527613138780e-08 2.514197629214665889e-09 4.789454086894458813e-09 8.060302808265236940e-08
1.053663755973424546e-06 7.849668986305931505e-07 7.013569376045645066e-07 6.387591359957383915e-07 4.964052811972233804e-07 3.606793801174007239e-07 4.206807091889359498e-07 3.542080240327368428e-07 2.056293088786487486e-06 9.346568421836387138e-07 1.550107730906718673e-07 1.122149742064084438e-07 1.366272295893988303e-07 6.385942435653798433e-08 4.101642950024196463e-08 2.488897392538333611e-08 1.973261499481718914e-08 8.135195583573654698e-09 2.432748276165262920e-07 1.472762377139129515e-09 9.207755478332648299e-10 4.824073577067315855e-08 9.793720373716494121e-10 5.842203462575723438e-09 4.327795873978914437e-11
8.578221476141743196e-07 8.451659183511305263e-07 5.086279624945794554e-07 4.049395663802059707e-07 3.529231576445489571e-07 3.632126569334933399e-07 3.369493805334936802e-07 3.145735061533502359e-07 2.821012068414074297e-07 2.781372876570447077e-07 2.349967764683374913e-07 1.748307762573118477e-07 1.227638056106670607e-07 1.214009194055497007e-07 1.168441308538214852e-07 1.694861067536150604e-07 4.717565869316721197e-07 1.573621905970999918e-08 6.286462023247349832e-08 2.407278746243615259e-09 2.519953432047198507e-08 1.108604135797634540e-09 7.039677238844285109e-09 1.658691729299549030e-06 1.160033228022004661e-08
1.775726963128098355e-06 3.708507414318398569e-06 1.272347261951128107e-06 1.116418955680958858e-06 1.029063206588234909e-06 7.685735100854675102e-07 7.400018241046681340e-07 6.957229168559530267e-07 2.005973960568132024e-06 3.784466858724435083e-07 4.779304318940598663e-07 1.408839942115011466e-07 1.040690628677581397e-07 6.338119449498885484e-08 6.458915318618360825e-08 4.081475860956175558e-08 2.700857398968276519e-08 1.699507892812117752e-08 1.168966361794283070e-08 8.854522317268133601e-09 6.666904602257029740e-09 1.800130233986456964e-07 1.584835246162898164e-09 4.656431254221595048e-10 1.121061754959074407e-08
2.106540064977087374e-06 2.217507162834762283e-06 2.085837246385932150e-06 1.908668808952518587e-06 1.884903417988146047e-06 1.250281208352327521e-06 7.679920119837245030e-07 5.444901769085904087e-07 4.757763429642540036e-07 2.199129247014999889e-07 8.090129175463230785e-08 5.387579912125654258e-08 3.796102270826497415e-08 2.897351676853467491e-08 2.158765796266524075e-08 1.822603002606888174e-08 1.406240390240593604e-08 1.208062855485156384e-08 1.064889693086411224e-08 8.559367683469628094e-09 8.153179710682631953e-09 1.981705486029798155e-08 9.867336421878830233e-08 2.893105220778374331e-07 8.889336243875999972e-08
8.558145074913145019e-07 7.601261418255631984e-07 6.016276195957308847e-07 3.602083429301881718e-07 2.980070146650589572e-07 1.774858696555789172e-07 1.654574351044415581e-07 1.112731018566712448e-07 8.565302028608310071e-08 7.220145688169841804e-08 6.591027176873213927e-08 5.246647848437847916e-08 4.864826830626638722e-08 4.750752562159387278e-08 4.110753043771563331e-08 6.841393822792725515e-08 2.517594506996960221e-08 1.641607302335963311e-08 1.748297105101691598e-08 7.339802428170734842e-09 5.346115093928522253e-09 9.657963009483312364e-09 2.723041028779193060e-09 3.344522252586378129e-09 7.368028177909956956e-10
1.344124168747561765e-07 1.216129556120289904e-07 1.221220344835422882e-07 1.233557120444477334e-07 1.200707076039201046e-07 1.025472300323231600e-07 9.921846294496267848e-08 8.994192080882654674e-08 1.253019180242952736e-07 4.265654974034483156e-07 6.394188380000153900e-08 4.844797627411783843e-08 3.439723728672823592e-08 2.624122705987083916e-08 1.973393426173788110e-08 2.042386529912532253e-08 1.807369049947089477e-08 1.054728738339903009e-08 3.655508299432024514e-07 1.198638336159028719e-08 1.961449876479679157e-07 3.959387083683418283e-08 1.166807740628419750e-08 6.519432702032143511e-08 7.217487939973370148e-08
5.508342575839340426e-06 4.789205054700203750e-06 4.080822354630770559e-06 2.760791213871281059e-06 1.599526272769369667e-06 9.012041516169152377e-07 6.510396169932614546e-07 5.128722689578744952e-07 3.575026262727263068e-07 2.383858845094375146e-07 1.620852129939406607e-07 1.036531982769161656e-07 1.197234845465847508e-07 3.723453047509814435e-08 1.104634464071307977e-07 1.161268858860705894e-08 5.449596048880958078e-09 1.915681910859417263e-09 6.083775381625657387e-10 2.830935263645519713e-10 1.631833953358386123e-10 1.323273756528979875e-10 2.999534002861075408e-07 6.965359791483040747e-08 1.097126063798579847e-07
3.566928593121226359e-07 2.446025864270841404e-07 2.705609013865443273e-07 1.335968270077197884e-07 1.352130231969353573e-07 1.019954745322656771e-07 6.911706450573832246e-08 6.791166233472804259e-08 5.424232521127403634e-08 4.449242998737262181e-08 3.845158114236478592e-08 3.139913578489628658e-08 2.538541161080170578e-08 2.457546315232421665e-08 1.955183134984327937e-08 1.549262553855212216e-08 1.446745567692031206e-08 1.199614525539512954e-08 1.041347071304650090e-08 1.431413090136781299e-08 6.411117086456037048e-09 5.525088998082152888e-09 1.373099730916534462e-08 1.257749162137838559e-08 3.023564072609908011e-08
3.391683647285252468e-06 1.099915186994053805e-06 6.420910756006998674e-07 5.335457038726577452e-07 5.990748899242056727e-07 6.773234450422085873e-07 3.525779528195652903e-07 2.850703726847556989e-07 2.320989842103099834e-07 1.878155988377263216e-07 1.389512377201930431e-07 1.201729789226219555e-07 9.906261937379759776e-08 6.347308003024621083e-08 4.517784750593859297e-08 3.192030501692224779e-08 2.786380045120516640e-08 1.382864288570320181e-08 9.878544676581951831e-09 6.506766108312078094e-09 1.142488375402354371e-08 2.644565975955800309e-08 2.186088720248171484e-09 4.372017148360727589e-07 1.016336333974848822e-08
7.715247682263767554e-07 6.624949397041114579e-07 6.649337033710481277e-07 3.606703534606363389e-06 8.939969076190445416e-07 5.407510013590126908e-07 4.176997297770533725e-07 2.974733300880043266e-07 2.246636023466380078e-07 2.087962402897806215e-07 1.616176566719881702e-07 1.244290559362581237e-07 1.226750689900584972e-07 1.197398258282203316e-07 8.439931586449567436e-08 7.783505804100116627e-08 5.520218672336455537e-08 3.921712847207371679e-08 2.618642330001837132e-08 4.163157936366934879e-07 1.541523332002614386e-07 2.315437374449366638e-08 2.219116139371166031e-07 3.236167424353684588e-08 3.555512173491707755e-08
4.263695844664511007e-06 3.327827911080974504e-06 2.419020225034686039e-06 1.843013492156617026e-06 1.423035381021555178e-06 6.583959520789480759e-07 4.432682193965148859e-07 3.191887529217439670e-07 2.006964862361932600e-07 1.630637934743320981e-07 1.234433394681687563e-07 9.273860864427529735e-08 7.416841506152743046e-08 9.839458869446250379e-08 2.052406811045325599e-07 5.525127835872631882e-07 2.279989576088690921e-08 5.653628250638592850e-09 2.603057460694191147e-08 1.802469596119309203e-09 8.050616125379879661e-10 8.678528315283650215e-10 8.721269642450686412e-10 1.462836651163392364e-09 6.847462202600766820e-09
1.221231884731429562e-06 1.030264749072237124e-06 8.650122339499226632e-07 7.474600632606612749e-07 6.574841234413369443e-07 3.840503911541691451e-07 2.761682332402410563e-07 3.188079465681936659e-07 2.870616742754157954e-07 2.553636136203047351e-07 1.489325218632505681e-07 1.109211625818316131e-07 9.053252830652169142e-08 7.225343840336380539e-08 1.855514068098297601e-07 1.286760846910934080e-07 3.087818764625733666e-08 1.855081325850946439e-08 1.314026233053142147e-08 6.597193929016801766e-08 4.556897343849838769e-09 3.284125191303626913e-09 7.039566904270256803e-09 2.692109937955538189e-09 9.857471107980441824e-08
1.411041518671350653e-06 1.344611353926896301e-06 1.034425119146583242e-06 6.181074922291311227e-07 5.359043702405344849e-07 4.073067766834753489e-07 1.335980751857686293e-07 6.699953023364205445e-08 5.039982740782071731e-08 4.394287467835804672e-08 4.255706771855221713e-07 1.228086374011061042e-06 3.802274917628187495e-08 2.424817336834961618e-07 7.942402215773100534e-08 2.481696225829893618e-08 2.348968261193227089e-08 2.104387375419870426e-08 4.251963307211367037e-08 1.635717458998083925e-08 1.560055102614031788e-08 1.608689431040985107e-07 6.750188136499172111e-08 1.001661701154656120e-08 3.050409532644853626e-08
4.004961184016832660e-06 3.565350486878577251e-06 2.978553818387546087e-06 1.568982497164727437e-06 9.707163223622613787e-07 7.125120764505626912e-07 6.466728328531410168e-07 4.424774615866813603e-07 2.745435040797322972e-07 1.745978209613878959e-07 1.125102231455723872e-07 9.357558768698346558e-08 1.482109175393087821e-07 1.744952700731074684e-08 8.483132014050072638e-09 5.008133710417230249e-09 3.037590158375823776e-09 1.166234304925744060e-09 7.868343190948523135e-10 4.182445601167780264e-08 1.304827663165263551e-07 1.477871187267193637e-10 6.722023581297101856e-10 6.055497123865783530e-09 7.725692067628508363e-08
8.342660742609776980e-07 8.688978225684539677e-07 6.024272289783326147e-07 4.424060690452756944e-07 3.660755668449047397e-07 2.671009988998160933e-07 2.050667184233601980e-07 1.245255015462519473e-07 9.867795152743105745e-08 7.242247037151722277e-08 5.887959657438825380e-08 4.921014701419422655e-08 4.110203100545030597e-08 3.683761393551929074e-08 3.198946791708045052e-08 1.087270165442958246e-07 1.810708215803026968e-06 1.742188158123595977e-07 1.875313570766260198e-08 1.053166256293040337e-08 7.312325925022810809e-09 4.660302578477949665e-09 8.347904544293337422e-08 5.580929672009991377e-08 1.546720832098755144e-08
1.372330470284940896e-07 1.315168552445675311e-07 1.080608170228235296e-07 1.132404027994622825e-07 1.100885213409488370e-07 1.054613986167860806e-07 9.113299424272536854e-08 1.035254839908334932e-07 1.377773849002512797e-07 9.852131650003876354e-06 1.336159159775040641e-06 1.348386187644330715e-07 7.408919353966641697e-08 7.040732371711663206e-08 2.401884145846053710e-08 1.402066771667800783e-08 9.963690282405226110e-09 7.139722706928665674e-09 1.813765186601842507e-07 2.141500566172161201e-08 5.270644119073229385e-09 5.660566486492295432e-09 2.158872892305630157e-09 1.731645346093822164e-07 1.051092301346023702e-09
4.006248462775527806e-06 2.397540602430763714e-06 1.836698078349383454e-06 1.089098966891163932e-06 6.864548354590330666e-07 3.942383794145427530e-07 2.866509090384159132e-07 5.055429990751841124e-07 1.564509772095481410e-07 1.153149288874334815e-07 9.925372991719724525e-08 7.930385716799382189e-08 1.718077588444414446e-07 6.465413606965295668e-08 4.666693563875356678e-08 3.915657995969012188e-08 3.850548692075489898e-08 2.821886599202819217e-08 1.770012076869451440e-08 7.924633608890656892e-07 1.793982199419713611e-08 2.295639957955602822e-09 3.540270733954918305e-08 1.592353859219532528e-08 2.296213380280939029e-08
1.871830985183749795e-07 1.366213978029067928e-07 1.460720684942539101e-07 9.295858346843446030e-08 8.068202958316658695e-08 7.772995264156477028e-08 5.908457401507930987e-08 5.146377180370026360e-08 3.670278128650851805e-08 3.327027193895653925e-08 2.236887763494032151e-08 1.936003578102447424e-08 2.627381970577339111e-08 5.641761547323952684e-08 2.182786596778768669e-07 1.654722317273923147e-08 1.387933970603240040e-08 7.859794251399542279e-08 2.310350407925831250e-08 9.690344719286157807e-09 1.050327462923398196e-08 1.445849922109505261e-08 2.273765364524600885e-08 3.045170036157697988e-09 8.348618079005547122e-09
3.914842184921756509e-07 3.029692484846747845e-07 2.569638662879863193e-07 1.899550331485670344e-07 1.446917661677573710e-07 1.047470196046587386e-07 8.909771080317274913e-08 6.911704452835646483e-08 5.081656185234120352e-08 4.717083783613419118e-08 4.070293284997822184e-08 3.441259350582199457e-08 3.113236593718849148e-08 4.831452807199387764e-08 2.876095776013273836e-08 3.157388262860949831e-08 3.337394513034083826e-08 2.775755032479105631e-08 2.074245677860573917e-08 1.952544574432228202e-08 1.609681194033086803e-08 2.296365851025522809e-08 1.893104958694204662e-07 3.930424718435432058e-08 1.738075044163192258e-07
1.283477778478182010e-06 1.364922153757590977e-06 1.187426691080892070e-06 1.108458869585665090e-06 1.119896542800869247e-06 7.992923366168821933e-07 3.084836199834045295e-07 3.115917610231633684e-07 2.534958641539313160e-07 1.666540982103732215e-07 1.127466438386625403e-07 8.641470415268285845e-08 7.127347455895580236e-08 5.366078988482473382e-08 4.224881194811128736e-08 5.883494418013937612e-08 2.609919015793470475e-08 1.923126224435812894e-08 1.564111131573901199e-08 2.728961550920939190e-08 6.675349916017688088e-08 1.144497918733822947e-07 5.299121474865573420e-07 3.117701177948637308e-08 2.938721361303488312e-08
4.299839301502300755e-06 2.634127429053956615e-06 1.766428977345743090e-06 1.387536991131241706e-06 8.635555834830516697e-07 5.784422862586808091e-07 4.593096940829914973e-07 3.969732639046303059e-07 3.039302471263714313e-07 2.181919069592515273e-07 2.109483555233415379e-07 1.388470648343723124e-07 1.234261231316158496e-07 7.798960475663831082e-08 5.321109923717043055e-08 5.176648922644716669e-08 7.872053129445062238e-08 1.737142819019178002e-08 1.054492624969292568e-08 3.851114756490152780e-09 4.681573460755385164e-09 4.196553170902042243e-08 4.262331068817050571e-10 3.609498393480545915e-11 6.247319653373909849e-09
3.923892858467727316e-06 3.138400108278551298e-06 3.039320519598869086e-06 3.839274667427052342e-06 4.503766900678745049e-06 1.041167776923705140e-05 3.195970433390651363e-06 1.263538463195463368e-06 2.805073897312499689e-07 1.525062717368592192e-07 9.881236332168963188e-08 6.153169152560415555e-08 4.094753495780686473e-08 2.559181578101181689e-08 1.464063964230749855e-08 7.841161116895248983e-09 5.138758268026495219e-09 3.090792461921392945e-09 1.222672073256296855e-08 7.890966717285752989e-10 5.189483491997988376e-09 2.921233057003043511e-11 1.437893005927967205e-08 3.619138113829510848e-09 1.943174555089394171e-07
5.652893973763466758e-07 9.367692310300554352e-07 9.921078752602134734e-07 7.432735183774859645e-07 7.251734779624684910e-07 7.140026551707132010e-07 7.042285684275710553e-07 2.347166160964463014e-07 1.763660349274368848e-07 2.675780674916737676e-07 6.394312321434660711e-07 9.033218152768393626e-08 7.413747212441488827e-08 2.830631967237795763e-08 2.241764916418771167e-08 2.892107031667204588e-08 4.592089935885672033e-08 1.167351667706446435e-08 7.804616655041788719e-09 7.525593867593198001e-09 4.147569229797263969e-08 5.448210631338581574e-09 1.900862028556540606e-09 1.697602609387899432e-09 1.151645122725900735e-09
2.190665927733017082e-07 1.722574404319287680e-07 1.424137028823113384e-07 1.316665150518457729e-07 1.211464669554160949e-07 9.337206257402040831e-08 8.255075505715325081e-08 6.194827350023803552e-08 4.774117779061808861e-08 3.453762801634673847e-08 2.843104519927328490e-08 2.558075957368333024e-08 1.710810548455126612e-07 3.299629044800779562e-08 2.132105778594535903e-08 1.892303511030733189e-08 1.015962660926904985e-08 1.477924613367403823e-08 5.992523836314668882e-09 4.882722324388249671e-09 3.591269410990090324e-09 2.430720452994475912e-09 1.910367935625050649e-09 1.358061432334726299e-09 8.419583198355440639e-09
2.466519612649708161e-06 8.559218955986737245e-07 4.736601485511498086e-07 3.156643247624992949e-07 2.138572747574861545e-07 1.779221642331817210e-07 9.383873551627202317e-08 7.976183027082724593e-08 7.883720658967458513e-08 4.621900018807031704e-08 4.185370161872555881e-08 3.931633362997997010e-08 3.638645666898928078e-08 2.817103548740737062e-08 4.263321609257664930e-07 6.687635145771164252e-08 1.742781724220781414e-08 2.773384551263388761e-08 9.169827374211509473e-09 4.729903214160287440e-08 8.061973592978266786e-09 6.506603291771660796e-08 1.550198950308367480e-07 4.860174322519196777e-07 4.903034784721702248e-08
6.946330860744627372e-08 6.491943735739793956e-08 4.711837159376236811e-08 5.182369733433704064e-08 5.565427009066416002e-08 4.499520106975264849e-08 4.328377689428407181e-08 3.664820029296425416e-08 3.220288864021907132e-08 2.860679398636293814e-08 2.625539964404375533e-08 2.290442615950750858e-08 1.568990242630447801e-08 1.551566983793715192e-08 1.702988189537564814e-08 5.930030999246730407e-07 2.728364259100225543e-07 1.732566595422294330e-08 6.929515247943601709e-09 4.105630051985581747e-09 3.348969759039836075e-09 7.397031790152984941e-09 1.097719395248875658e-07 1.686335062802581704e-09 1.126925837090168684e-09
2.736727720299218793e-06 2.477470031131723174e-06 1.567856592705732748e-06 8.918098966664011427e-07 5.822625830117787609e-07 4.157465723752389371e-07 3.345993001531536620e-07 2.978761755666608193e-07 2.503637653558963766e-07 9.195299827412068379e-07 1.956478467469764424e-07 1.558908646698926152e-07 9.881418637672655925e-08 5.920038300758772813e-08 3.914650102386514286e-08 2.801374915701858500e-08 1.951639305346814455e-08 1.426776134560167717e-08 5.397049791766880728e-08 4.946695067014004185e-09 3.324031407866888580e-09 1.498801935512702540e-09 1.652355651849140637e-08 2.449004899376339558e-10 4.880409824939213857e-09
3.462439456894663793e-06 2.461165573976754551e-06 1.943157689211717604e-06 1.039374547268271480e-06 6.828364175246879066e-07 4.101024725680640954e-07 2.726423430639663538e-07 2.249621590324184861e-07 1.698344808607246043e-07 1.607513097878448166e-07 1.259025426213292580e-07 1.089652115200929677e-07 7.991822140492695486e-08 5.931271320043520060e-08 3.604952784622393150e-08 2.709082704295474339e-08 2.171960577166019533e-08 1.395331108718618402e-08 1.746055786030868428e-08 2.718422739815164023e-09 6.134253260323689870e-09 7.615742590865582445e-07 2.356148855162703820e-07 3.769998930269990527e-07 5.245414910591955198e-10
6.982223811982953059e-07 3.717793260195273931e-07 2.084229214648739335e-07 1.409725834141476247e-07 1.328058511844964751e-07 1.215144675893267584e-07 9.373714914943157929e-08 7.401496559745362737e-08 7.183949203009907451e-08 5.747075208385522212e-08 4.675530963692895257e-08 4.014276917422950242e-08 3.117771899364669314e-08 6.901870884253443043e-07 3.428621593170343845e-08 6.716871747602112435e-08 7.688499201176640005e-08 5.775086372305857345e-07 2.552536983027119798e-08 9.535785592169003027e-09 6.105467147628599672e-09 9.082497146852467276e-09 9.872172654144601960e-09 2.816115345274905862e-09 4.856609273589572703e-09
6.704910033335770885e-07 3.729757336818571567e-07 3.773076614612585881e-07 2.252251188117944027e-07 1.408708824223451462e-07 6.964185340899416519e-08 5.786863275261484180e-08 4.599398410720299415e-08 3.890108907235944783e-08 2.961102771034782116e-08 2.775213791141743692e-08 2.875536482700406438e-08 2.561530299456973006e-08 1.991929618527042760e-08 1.930998736128683046e-08 1.460818147724994818e-08 1.283860517399304605e-08 1.061626393462449035e-08 4.939868194392438308e-08 6.227180732752131788e-09 4.785667297856441313e-09 3.503444576770644892e-09 6.125776781049403059e-08 4.076685228524246650e-07 3.625343496781607010e-09
7.615509527344361155e-07 7.542289289851946357e-07 6.730086130259966725e-07 5.516385837056323673e-07 4.312609141061516962e-07 3.082592250082013204e-07 1.764377041496816204e-07 1.394915915846524361e-07 1.493962715150812913e-07 1.219060328425754795e-07 9.381991548555894874e-08 7.312030388382715480e-08 5.451094709426360061e-08 4.511526991887064568e-08 3.199114227089317763e-08 2.679247911226128977e-08 1.827272383753022221e-08 1.188548496197728422e-08 8.454074282468502148e-09 1.462644027494797601e-08 4.434248224463349536e-09 1.540083978307724649e-08 6.147178981202074613e-08 6.733094783484040777e-07 1.363274591261777050e-07
4.064140927131318584e-06 2.734782048643736304e-06 2.327392034800253069e-06 1.952687770049061691e-06 1.740844672724155965e-06 1.376977985135546430e-06 9.324448234107317049e-07 6.292615741587413892e-07 3.327872632562082778e-07 1.864548781644977607e-07 1.292222122014031718e-07 8.632350678273824365e-08 5.988581472639652766e-08 5.121361906419525612e-08 4.153253495285199490e-08 3.229367357616465801e-08 1.657273769800529862e-07 1.677735008449450211e-08 9.301412295130759084e-09 5.937559056648313652e-09 5.233741618345785953e-09 4.530569997252898858e-09 4.349087556831705738e-09 3.993421895986787917e-09 1.795338853904228810e-08
3.118503520680598109e-06 2.424265613243415150e-06 1.933084167656880427e-06 5.742919711412440387e-06 1.877223620879493499e-06 8.882026577717986628e-07 7.118582634537895588e-07 3.919118081503063810e-07 2.669213524211032153e-07 2.354028857792776834e-07 1.544239598269274461e-07 1.089229839270206308e-07 8.267356734210987807e-08 5.217604410813637943e-08 3.709898988910651635e-08 2.787994851869522877e-08 1.446797750966102654e-08 6.500134635079600044e-09 2.008782241079465132e-09 4.781464196581775632e-10 2.927758500382733748e-09 1.048440698894333412e-06 7.029312763298796167e-09 5.914836794432383400e-10 2.108531076065692733e-07
7.701569822709194315e-07 5.616909779422829068e-07 5.701610823356706062e-07 5.452714606495390766e-07 4.275751126957654871e-07 2.237470417491240795e-07 1.322982319506256875e-07 1.124712288715577489e-07 9.256249112790902886e-08 1.266930229463079172e-07 7.358983525134568580e-06 7.515678546619761504e-07 1.129546107804313515e-07 5.982810656514534432e-08 5.730818981066803950e-08 3.064474451840837553e-08 2.533344930643077196e-08 1.953148621786032245e-08 1.572932945953943533e-08 8.821701410844012210e-09 5.062949130629553338e-09 2.630019906551595070e-09 9.136420293890328258e-10 5.826673018877203351e-10 3.461957907655643037e-07
1.665082897585954952e-07 1.511384541339071928e-07 1.849885462790985842e-07 1.313448768715424174e-07 1.187854877532149636e-07 1.008863961188741272e-07 7.993569985569699771e-08 7.649753872015006482e-08 7.313354025140932862e-08 5.267784754359885008e-08 3.984543079807007063e-08 3.198292556950750744e-08 2.349671419370546668e-08 1.689148511963203297e-08 1.350285392663455063e-08 4.968364213822990907e-08 7.457161437704084621e-07 1.987319444925794152e-08 5.333181135780970759e-09 7.259049540323546826e-09 8.640670795772340271e-07 6.787229446864543941e-09 4.240999621355836642e-08 2.053032270881163114e-09 1.870977667822103186e-09
2.023614651597669713e-06 1.826087032992131751e-06 1.693338522102993628e-06 1.571238677669409183e-06 1.232667326377197457e-06 9.638457639514789663e-07 7.035374348918055947e-07 4.187485584858281591e-07 1.955536016444000483e-07 9.679437872593727348e-08 7.038098121067735390e-08 5.507026192859415004e-08 2.112963056480164512e-07 4.865402041531084182e-08 2.960957134413868416e-08 2.312215763944416124e-08 1.565553945871925555e-08 1.080308872635074104e-08 7.124954290661152820e-09 5.665672149018591357e-09 3.911058755561346138e-09 2.568525944062516559e-09 2.032337294068914005e-09 2.074144626595888064e-07 5.109275405374192173e-09
2.367972890391569510e-06 2.088509766447096233e-06 1.547042009644324619e-06 1.419526595058761365e-06 1.136568454467500111e-06 6.814728208877752709e-07 3.810451328200341534e-07 9.521900795974371933e-07 2.679947915695197229e-07 1.044350386722263646e-07 6.800680229694562858e-08 4.885097279958522162e-08 4.267175522109174368e-08 4.115911148765201885e-08 3.272913171931333595e-08 2.618480948026588897e-08 2.061632826593728591e-08 1.628477330232703321e-08 1.682808090527904138e-08 1.281867663967731882e-07 8.516113228919004793e-09 5.037777273623799668e-09 4.411470859361061679e-09 2.477724765934633473e-09 1.617846055654928372e-09
6.269812231865441400e-07 7.025645136034163969e-07 7.005895704369623580e-07 8.295026819016142091e-07 1.439900234570693502e-06 5.121642677978465281e-06 6.517221052299053207e-06 5.732741045384238603e-07 1.865891249319321752e-07 1.572092607924294764e-07 1.068870158960463873e-07 8.394700411675529129e-08 8.826845252705762740e-08 5.240978934180449531e-08 5.166597591637802208e-08 7.163488105619440011e-08 4.616113455506763130e-07 4.844288595605431187e-08 2.724302239675463861e-07 1.443906920634797594e-08 1.087261737236728183e-08 5.741293653152023896e-09 3.452972984129700405e-09 3.614905411088913860e-08 1.217522648869500618e-08
1.624539165811646189e-06 1.180115984940066492e-06 1.034993004879081997e-06 9.050511154705899484e-07 7.073182218393043164e-07 7.394219357746072010e-07 3.342969834188757120e-06 1.944220448436533265e-06 3.944800190113434507e-07 1.419511296470404856e-06 3.550356214412024473e-07 1.591380859948182756e-07 1.072769542170161213e-07 7.511042640539090729e-08 5.230337629370722125e-08 4.845087303004544061e-08 3.254122285340274551e-08 1.920607444541151479e-08 1.509859148828251568e-08 1.139663479247739663e-08 1.174183674106631068e-08 2.361729028363413948e-08 1.837807998733955062e-08 1.457550091541837763e-08 2.345173297181488480e-07
5.408650211787018657e-07 4.786630809051997339e-07 4.091504235432958595e-07 2.827373269031029720e-07 2.005794741278940717e-07 1.112176145414031917e-06 1.952448777047313355e-07 9.294148313286089304e-08 6.549028625548110277e-08 5.646906887220784123e-08 4.493632775263228451e-08 4.306114786449078082e-08 1.666425659490592857e-07 3.925248413428527666e-08 2.976943518654757809e-08 2.983056063213687186e-07 4.458209287971774308e-08 1.385122795726609690e-08 9.426671487544266505e-09 7.851197302480514796e-09 6.222652068002470626e-09 3.643786419155669104e-09 7.259679004148914190e-09 3.056498262108761361e-09 2.609531442643863927e-07
1.795765361808970727e-06 1.583136759009476786e-06 1.030153195737732708e-06 4.772832250092884527e-07 3.439725352716374441e-07 2.456692018883671647e-07 1.667629530140931036e-07 1.097475423197695264e-07 8.239170048060072173e-08 7.167449913946972601e-08 1.220082181694917822e-07 3.090800856625346052e-06 6.041905556566283191e-07 7.866558672792041292e-08 1.444338158763065635e-07 2.824886410482265328e-08 1.920020826312918034e-08 3.638613201821277150e-08 1.484717079186182198e-08 9.385054461732925998e-09 7.272175742176375526e-09 4.600304692924714947e-09 2.853128347836935873e-09 1.728418156567110901e-09 2.128448449366364212e-07
1.474163521961704401e-06 1.439569221465254021e-06 1.038374396109354030e-06 6.465757911024548175e-07 5.186576626468410010e-07 3.448272200399585397e-07 3.059331604077637406e-07 2.762241716845582213e-07 4.020648711950335474e-07 4.111242306735530655e-07 2.023940229009828057e-06 1.297102539445732176e-07 7.105330868483975651e-08 4.421743697075642753e-08 5.952032136871585005e-08 1.629546036405867070e-08 9.384973875069890663e-09 4.988816731205380675e-09 3.518494234966241789e-09 1.582462222515620746e-09 5.015052226550412179e-09 3.428350032128085147e-08 2.206999877382360949e-08 3.171796412457080651e-07 2.268132530446867373e-09
2.390065981240577838e-07 2.524127199049406573e-07 2.243838322590424006e-07 1.461891046569010958e-07 1.925766234329807964e-07 1.656476281100229385e-07 1.187176217918190050e-07 1.290918792677707653e-07 9.576012098626342256e-08 8.839893570359359419e-08 4.743605733751576632e-08 3.325299851468986201e-08 2.880343064281594204e-08 2.393651037858146231e-08 6.112350033334163528e-08 2.235229934379021539e-08 4.459911180721025590e-08 9.594783154433873257e-07 3.565370045963374657e-08 2.130335935564646405e-08 5.335910312834835607e-09 3.664056154277210610e-09 2.723177973441822380e-09 2.575487340222128502e-09 1.986164779776227677e-09
1.821644503593215952e-06 1.408722688836164126e-06 1.192660379647365880e-06 8.561027283307063249e-07 5.681256769044989220e-07 3.632363538569820053e-07 3.327927467284264832e-07 2.435178902986880852e-07 1.890939008327238280e-07 1.524277448825139841e-07 1.089561254034675378e-07 8.446936633405231548e-08 6.988630144409253304e-08 1.109146946511405606e-06 1.614065417128275462e-06 4.567066394626376452e-08 3.028759891786138954e-08 2.320027559412705848e-08 1.555324582911742524e-08 1.093150216902596887e-08 8.759437831167520093e-09 2.776571070046330589e-07 2.637002924431813354e-08 2.915282568114102526e-08 5.571216642567401162e-09
1.249235649656716583e-06 8.684347224641755155e-07 8.339021554692664748e-07 6.373772221125837962e-07 5.993305927570326632e-07 4.962541455387067220e-07 3.389175857973783352e-07 2.830868662859266545e-07 1.812764162422690402e-07 1.545882929572340328e-07 1.381684493684223912e-07 1.350318595609757124e-07 1.088755392437548107e-07 7.866995930255310052e-08 6.310912449493303683e-08 1.020759030374825703e-06 1.184276963368966899e-07 9.776668943816034122e-09 3.423471243767306119e-09 7.980694292212519082e-10 3.002582675298457530e-10 5.982375884772693813e-10 7.011566872119028310e-11 2.519529942649569518e-11 6.276285576075596580e-11
1.699348199909162402e-06 1.223893792316360215e-06 8.398268229970872521e-07 6.057053489054571522e-07 5.305902376469450258e-07 4.988339853060852324e-07 3.428964092714441257e-07 2.621205379386688457e-07 1.946656688714802414e-07 1.528321811682017874e-07 1.165860407062283000e-07 1.396578897027423802e-07 8.343962508391871817e-08 6.573614861535795624e-08 5.806933970244645562e-08 4.914160815577070071e-08 4.618346944706382211e-08 1.209523340394517281e-07 3.357757405269619192e-07 1.265313678711682390e-08 1.507671955512582886e-08 7.440248808449221495e-08 2.470032908117887515e-07 2.838473397286278256e-07 1.855293373984709251e-07
3.264797195086936234e-06 3.455051702661752211e-06 3.824535183756378204e-06 1.950413536995320433e-06 9.261997153936338333e-07 4.413000123185879428e-07 3.079172230855697088e-07 2.134464319997162404e-07 1.616558166667653798e-07 1.314192908783039613e-07 9.181006671241425316e-08 7.532219103882168628e-08 5.802042644858789733e-08 4.165506923459868895e-08 3.045863375412357131e-08 2.630289065890068018e-07 3.577637478925373922e-07 1.435326282503991580e-07 1.217398768864866604e-07 7.490580151575724518e-09 5.839543447061534907e-09 5.746154539244763849e-09 6.956894251626778953e-09 1.157134394492616790e-08 2.477541431935055491e-07
3.369799676724335144e-06 3.070723901040043774e-06 2.724445185570372953e-06 2.420426673021709696e-06 2.296824699719716796e-06 1.788341861875443080e-06 1.278797934345561344e-06 9.500679486795727379e-07 4.766217285647117942e-07 1.891804865487420297e-07 1.289975774782980406e-07 1.044704552669281971e-07 8.983670480063226797e-08 7.182213585232075510e-08 5.504986533339903687e-08 4.307374316682554762e-08 3.184361507155983501e-08 2.618106538483000617e-08 1.841384942545066028e-08 1.180065917409832289e-08 8.240160602816895326e-09 7.484006920384562490e-09 4.079086072352897191e-08 3.338434344543461234e-08 6.062048206340670034e-08
1.119046392295282402e-06 9.208670401929726567e-07 6.868392020451664885e-07 5.591141500915845386e-07 4.583290276530627923e-07 4.731195303602264164e-07 3.567544968891683022e-07 3.430347879170219256e-07 5.313399069542690340e-07 1.132726078387449830e-07 6.842429039057899951e-08 4.435520990036302132e-08 2.845167427564134348e-08 2.352810821725579364e-08 2.056874109626365721e-08 1.739181726291966779e-08 2.499030676538143452e-07 1.463612351529286470e-08 4.371332877134054096e-07 5.977688375805022266e-08 6.563074333396937070e-07 3.630632099868828336e-09 3.703026367362021209e-08 4.743017793359541780e-07 2.982927988053435256e-09
4.121502978264668947e-07 2.059239811767699482e-07 2.006658117485292435e-07 1.414065250748144376e-07 1.151008355645574945e-07 6.685997239344097617e-08 4.789820363477063156e-08 3.463434369641403607e-08 3.013022297009091666e-08 2.149774226364431746e-08 2.134192035007685208e-08 1.885299136227666379e-08 1.743148640193336122e-08 1.718421558544278866e-08 1.798124378839240174e-08 2.732384757335486282e-08 3.962316486643212083e-07 1.564566655631620428e-08 1.216680081264622181e-08 2.532618214470842530e-08 5.097525392558711805e-09 5.146808771257536665e-09 2.509115367188179222e-08 3.625354145256439273e-07 6.494665013035206160e-07
9.440013225884984149e-08 1.194865981591679338e-07 1.231875152547908907e-07 2.000618025392582631e-07 6.751320133622649611e-07 4.012530973238850302e-06 1.065731994061906497e-06 1.284483551794956027e-07 5.218261963770572060e-08 4.789717085346384302e-08 3.754759662335537866e-08 3.525396376739310036e-08 3.576898445653154390e-08 2.892731022341948277e-08 2.097856006573138872e-08 4.431151627508159731e-08 3.882505330666415615e-07 1.521081547093665061e-08 7.727796214911367519e-09 4.314590025558293659e-08 4.334513970174116412e-09 3.112715019581893003e-09 2.396651509383948860e-09 2.524677113262958436e-09 7.292772261867947088e-09
4.158503377976599920e-07 3.705549828843532844e-07 1.773406816428093138e-07 2.119348673565496175e-07 1.591879255958123471e-07 1.550509026821292561e-07 4.104626708701785807e-07 4.085930898791661750e-06 4.282519599119682391e-07 1.320376999959868418e-07 8.778012188319304655e-08 8.412893070346869377e-08 7.306804122628091387e-08 5.996849805743880430e-08 4.983421058029901194e-08 4.581460396356236625e-08 3.456783987956962734e-08 2.830574652417806818e-08 2.187901870653031093e-08 1.842409867368152176e-08 4.891614609312264039e-07 1.017169907375937927e-08 2.099411062715172196e-08 1.674946592535826516e-08 2.030179846341155724e-08
1.393287357490934207e-06 1.681982281263859809e-06 1.774958292242927201e-06 1.141330911655499514e-06 7.973102272880092149e-07 5.822248181037198615e-07 4.367401636888582670e-07 4.500611956456572053e-07 2.884585225750440659e-07 1.910013415674904459e-07 1.478930061022228823e-07 1.243484397602942064e-07 7.593595508832450090e-08 2.526469012341529514e-07 4.947236334371157156e-08 1.583455083665728797e-08 5.294015633352061398e-09 2.731883359863809216e-09 5.198949774341781835e-10 1.998639856406980054e-10 3.751447688521900617e-08 3.173324587513153715e-08 5.967040447322975782e-09 2.144867701742791329e-08 5.190259710728711103e-08
4.456459584764292707e-07 3.240258037618665299e-07 2.072457019678436707e-07 1.854125985584235616e-07 1.676747073979974821e-07 4.710076040640501144e-07 2.500226646891005708e-07 1.003278052965957639e-07 8.993285662353727806e-08 7.608364099575462084e-08 6.371996538227173579e-08 4.228636053179501920e-08 2.642446731642529297e-08 2.266921992400789321e-08 2.692201501754505264e-07 2.108033350625557615e-08 1.165297444930216014e-08 9.586743599280446581e-09 7.858928296651427036e-09 6.093427034216360773e-09 1.017330420773811965e-08 6.625350717600392449e-09 7.798581879654250031e-08 1.677701803250791540e-09 1.785968196851107902e-09
1.548439950629711972e-07 1.322347217262163892e-07 1.279605551607864846e-07 1.160592888376601237e-07 1.089236329175440378e-07 1.022798336635279342e-07 8.585672809471538805e-08 7.276308274345253810e-08 7.077818089654504524e-08 6.232700650442492322e-08 4.602983238117417865e-08 5.613863124314106771e-08 6.162683162547157026e-07 5.928948502723991930e-08 2.995803783680404292e-08 3.167850365430427741e-08 1.512461077260244118e-08 7.764609671596763511e-09 6.822503002024710344e-09 6.089364189109628995e-09 1.407438737581549237e-08 5.480359624636608515e-07 1.354039450729314972e-08 1.473799979373113823e-08 1.244868347088353148e-07
1.610165735002037973e-07 1.564839224863440789e-07 1.352098059051356604e-07 8.753957176190644767e-08 7.619010449806997376e-08 7.047373655725823278e-08 5.302915692711547345e-08 4.539376192012213909e-08 3.412907287025842907e-08 3.227100158537929028e-08 3.076998761595390487e-08 2.784951923923190938e-08 2.743480634378726559e-08 2.158004416868475142e-08 1.735920703879248765e-08 1.430601780167259054e-08 1.179601931174790501e-08 1.271543078518170722e-07 7.520453484987302998e-08 6.447413216851770072e-09 2.025773962043092258e-08 3.879744054102571958e-09 1.663374934144934857e-08 8.170953296588570352e-08 3.133799920814299641e-08
1.296556983209136589e-06 1.319029888812295058e-06 1.249329254716533623e-06 1.191382794472057591e-06 9.767691693525348817e-07 8.517689652225909552e-07 5.770868642607555401e-07 3.390242604780054371e-07 2.235648446685475083e-07 1.661479491951985444e-07 1.400541976558587141e-07 9.933219536313530478e-08 7.049102650113078490e-08 5.020495741857906044e-08 4.836525089425681110e-08 3.261765468972733869e-08 2.270066556561979148e-08 1.772951277789123982e-08 1.438138131886734356e-08 9.596973823359346997e-09 6.463138482999195940e-09 3.907073680759170326e-09 7.476250167007473707e-08 1.556386025366206710e-07 2.285008965587731918e-08
6.018311696654937642e-07 6.362611065658660742e-07 7.898276833029696943e-07 9.563053070228795654e-07 6.038112286778676689e-07 4.575358515553063204e-07 4.636433528178296577e-07 5.018899220836089128e-07 6.313128476710658865e-07 7.402791663124940133e-07 6.316284682674255068e-07 1.858587523439700186e-07 1.015142015641811634e-07 5.260210660850712349e-08 4.082030169537180813e-08 3.576977335631508233e-08 2.888920835522685591e-08 2.244517182253141916e-08 9.614163220550943990e-08 2.407665367856676591e-08 4.550438127925106022e-08 7.351260325366963259e-08 3.608551224236301251e-08 1.343768638888749112e-07 6.418084211398291426e-08
7.236463416349751914e-07 6.132692787900272724e-07 5.757657195721121074e-07 4.624391009938706827e-07 4.588767887283403764e-07 2.610972125579141591e-07 1.945903558156195804e-07 5.011480526800419753e-07 1.641992290560488421e-07 1.193744084944968471e-07 4.726667841824003302e-07 1.739511401124483129e-06 1.560861622991072828e-07 1.432306102807008510e-07 9.935346201514567507e-08 4.330372283413853747e-08 2.595193363152146265e-08 1.897591160000430358e-08 1.176573199953869283e-08 1.065953144658738320e-08 1.209060790271794968e-08 4.715192179750455608e-07 5.315875474921408262e-08 4.892587354442032867e-08 9.534337716761870132e-08
3.239535231840816223e-06 1.873921924023547601e-06 1.500041720178640489e-06 1.114751832102181477e-06 9.297294364751038705e-07 9.752325448980578897e-07 7.308954197461809353e-07 5.003087076838370053e-06 5.872468488372003460e-07 1.801354320691043327e-07 1.112038454293413352e-07 5.823422440305889531e-07 5.991401184782669973e-08 3.090588821210824304e-08 3.239968492925498880e-08 6.276295143088695582e-08 2.052854354313914957e-09 8.348788326481354702e-10 3.065413280953579493e-10 8.449204597007034579e-11 3.026459408285263631e-11 1.657742294722702517e-11 1.531532257863390700e-08 9.730919404311730261e-08 1.776976341403122285e-07
6.383094010501288927e-07 7.400414581880495161e-07 8.154062938941699272e-07 7.734127890304223470e-07 9.579609393654259496e-07 9.362982195445901301e-07 7.696512662230512503e-07 6.702691432737871418e-07 4.113027229925324664e-07 3.036555039809269391e-07 2.435676462542828251e-07 1.665107166602477332e-07 1.076775293980868821e-07 9.052998893791283286e-08 6.688068405098415088e-08 4.144321168751863757e-08 2.374225336969083825e-08 1.413020644134916013e-08 3.469324803724638326e-07 2.109136919536314507e-08 2.453787902185427944e-09 4.342755813460387000e-09 9.554990452221575809e-08 5.608493143912943833e-09 9.640548093985309682e-08
5.191203802715782205e-06 3.498863458763691975e-06 1.881301191281702059e-06 1.133594705508999882e-06 8.499425540083693204e-07 4.749862136829923851e-07 3.544802772311412962e-07 2.612316205603605929e-07 2.289257831020979120e-07 4.073888620521956508e-07 3.675184546209187212e-07 2.163614434971848149e-07 6.271110191446687531e-08 4.568807765349428321e-08 2.078021837383807875e-08 1.176004622086880460e-08 5.584140171704329805e-09 3.186226291430081835e-09 2.782989735465967177e-08 6.819037347446753847e-10 1.572348994776875241e-10 9.867413037003247317e-09 1.431759351904250770e-11 3.007270883930249469e-08 1.683569509203230494e-08
3.364699140440927240e-06 2.334497049531956214e-06 1.285874141986394165e-06 9.326237889278679210e-07 5.836374474277630804e-07 1.975027930596498157e-07 1.030572864019691196e-07 9.296862818600166301e-08 6.299391682737136818e-08 7.129565445169697608e-08 6.645225565289617572e-08 2.687199049349916106e-07 1.619402368147114610e-06 8.525499584231570677e-07 3.545742637946524930e-08 3.397321936790093505e-08 2.005973643791296077e-08 1.076100772549338092e-08 5.962428221348332096e-09 5.179476383973929094e-09 3.622570925504478138e-09 3.612861847715392853e-07 2.810663766131561368e-07 5.738275176848602870e-08 3.432103195341211954e-07
7.725942105228368938e-07 8.300846156815901454e-07 7.152463587513008330e-07 5.117221940609456586e-07 3.886014688018330494e-07 3.348476132056490456e-07 2.368686408520547866e-07 1.686259656492133484e-07 1.576372582978632190e-07 1.199746719700648650e-07 1.129727667067922830e-07 1.004046037432298344e-07 8.583854703016450067e-08 8.758226796100878620e-08 6.869995675970567577e-08 5.235910015763909620e-08 3.269440583643470048e-08 2.148226365059217088e-08 9.404634938741333135e-09 7.119669197241130804e-09 1.890381382725087163e-09 9.441860576556400791e-09 6.707547364515399186e-08 1.301974282822671786e-09 9.835464337784887586e-08
1.400026423125157554e-06 1.340717576459338502e-06 1.473057196439726649e-06 3.572839287121767991e-06 8.470435046016572948e-07 7.303576490859275005e-07 7.049084029750837922e-07 6.455407597627633822e-07 2.507818151153235813e-07 1.920494639028145006e-07 1.542752427073905673e-07 2.773751541925714152e-07 9.345181236039945781e-08 5.925760823508267314e-08 3.643713341902978975e-08 1.719676022694449663e-08 1.082306765823401846e-08 6.600067031749341973e-09 1.567549862577124653e-09 5.273830819919053665e-10 2.748984285817383852e-08 1.783977587475330819e-10 4.944373901713746910e-11 3.850641045197772612e-08 1.261773656694027236e-11
1.339178014615674898e-06 8.565051771330246309e-07 8.066786974235564490e-07 5.925970905369989615e-07 5.278349639694577287e-07 3.368474994768970017e-07 1.852319069298970989e-07 1.151973095339879450e-07 9.156606817869751782e-08 8.859634905693803459e-08 9.161756631296633332e-08 8.388702481488862566e-07 9.591866482261108049e-08 3.495190281739990600e-08 8.832115230396524690e-08 2.089544280181585834e-08 1.390242172363439118e-08 1.543692130586275600e-08 8.313654208073980737e-09 6.152510042197354071e-09 4.930227939544019343e-09 3.248477253906808658e-09 4.172699254035683807e-08 1.274790958780992240e-09 9.080562784329960150e-10
3.848652026364634482e-06 2.794425486905749059e-06 3.237384059891067651e-06 3.024706297079393561e-06 2.277349378866924630e-06 1.575075445225412765e-06 7.756889815205063938e-07 3.715423505149353153e-07 2.087929989619851136e-07 1.236707997424964636e-07 1.077018846086450632e-07 1.326408139672947509e-07 4.919992192109466445e-08 3.723600687937973787e-08 2.654322806835963327e-08 1.571138262856010511e-08 1.230307914199095836e-08 9.331454115921805834e-09 5.725592614851856131e-09 3.800881938008970649e-09 4.787360868668464049e-09 4.612092695144573857e-09 1.953377068097953475e-06 9.681283851554730751e-08 7.018462777828203134e-10
1.764405059959194646e-07 1.602382576154564038e-07 1.363981958110091861e-07 1.114494211547088203e-07 1.051384766774546130e-07 1.147805413177160530e-07 1.009412511725859418e-07 1.051162934144076042e-07 1.247973932351253069e-07 8.211950915210667187e-08 7.342496516711115941e-08 5.708938606028885364e-08 4.371330831081618697e-08 2.857304861566308785e-08 2.382554512786087900e-08 1.816275837032663690e-08 1.880334394499489487e-08 1.681562503669019105e-08 1.566460862840590100e-08 1.696699022700554698e-08 1.877107428105752294e-08 9.077605359419917319e-09 6.774211022422952545e-09 9.727141583892262786e-08 1.192435159393064433e-08
1.477038937943979155e-06 1.498179047378072755e-06 1.549362265404449083e-06 1.553790605272833299e-06 1.330739103132618352e-06 1.138832913770561615e-06 7.905634053791229705e-07 4.183419532154341643e-07 1.405782074077973021e-07 6.390578799259259287e-08 4.589971121691746611e-08 3.495668454203982042e-08 2.829492948357130823e-08 2.655560139441998685e-08 1.736472926330844145e-06 2.788902046566622163e-08 9.242101656627635220e-09 4.497571879634119310e-09 4.506016012713743768e-09 5.995681818362313455e-09 7.320311794181903963e-07 8.386491323843834821e-07 2.797983933932488412e-09 1.076478206907722465e-09 8.654827056565536706e-09
1.023199629573014832e-07 1.101723469786317975e-07 9.212910247771738737e-08 9.558056770400865974e-08 7.271425072820455337e-08 7.046032006534739385e-08 6.397539061516843861e-08 6.105828770534422594e-08 5.787641879201168793e-08 5.854043558123555337e-08 5.153034572420605580e-08 4.392707319735976228e-08 4.888881995943916964e-08 1.466963276507107747e-07 2.439808656729289044e-08 2.077873943045978451e-08 2.055032846905333285e-08 1.982077459371717304e-08 1.708674241915490235e-08 1.540104059625653105e-08 1.607808798304089662e-08 2.452821585271964593e-07 1.056083933295641594e-07 2.428472344787375616e-08 2.334974675043205478e-07
4.273747715998727893e-06 2.752838602657329949e-06 1.942804568416465672e-06 1.224007174686926388e-06 8.899831048063434592e-07 5.382223021195324398e-07 3.528579057875425097e-07 2.397926856598862626e-07 1.946690966390723679e-07 1.251948882101935497e-07 1.036596299929249167e-07 3.750918414884254160e-07 6.266456152514607537e-08 6.251255060799058227e-08 2.542162957829542128e-08 1.257157742087537113e-08 4.315460685464427127e-09 2.451618473497874530e-09 1.385684393995361385e-09 3.943542330129450095e-10 2.203424408447578564e-11 1.477479410134593667e-09 3.555402228672785971e-09 3.256875819063590421e-07 2.989018488941214046e-08
2.329954808276939645e-06 2.443609529118730660e-06 2.424933001457154299e-06 2.895532230393325127e-06 1.610426284612199755e-06 7.963862047489947539e-07 6.272269345891557593e-07 4.107526588313980978e-07 2.790019099108152560e-07 1.864232424435529641e-07 1.169115498195093661e-07 8.986229850064138769e-08 7.609522608619385437e-08 6.167223249124736465e-08 4.259852567245938464e-08 3.370307871482647567e-08 2.702240372728211068e-08 1.980242275119691959e-08 1.601006531613582716e-08 1.473807234066625122e-08 7.922345062391099112e-09 5.623893688127204688e-07 2.293902547976729555e-08 9.929726719217191490e-09 1.057167483927907955e-07
1.129315041142614184e-07 1.436199125729020994e-07 2.047857964923687836e-07 3.600026761191220156e-07 1.321763242350178038e-07 1.014209196319965897e-07 6.617615096371570417e-08 6.844373881605489087e-08 6.167457244493113141e-08 4.796922427093450245e-08 4.110310308135340906e-08 3.315938717546773912e-08 2.766375440665294738e-08 1.747398158835377236e-08 1.426105355812697092e-08 1.404063575501158656e-08 1.369558429000275519e-08 1.569145678348343462e-08 5.269435046760089989e-08 8.136270725973255633e-09 6.943369969491370625e-09 2.184234961291364949e-07 2.488730724662061443e-07 3.542948508615181592e-07 2.804265769542286568e-08
1.234322404529117331e-07 1.203009056206269821e-07 1.270721267846147933e-07 8.444292868627995150e-08 8.086370347486579131e-08 7.075727366940900059e-08 6.520246321804969561e-08 5.250973456293231271e-08 4.972311427749561473e-08 5.721317250133366124e-08 6.516048270814416603e-07 5.704352416736603904e-08 2.448404286980614891e-08 1.668762468319868600e-08 1.415751229795722470e-08 2.970388327611942147e-08 7.258021911976210330e-09 5.330230104483068427e-09 4.337874182933670946e-09 1.373985893622918301e-08 6.074736352844058837e-09 9.753058023623006430e-07 2.797684685334579864e-07 1.022813523979948516e-06 1.097053297110629116e-08
1.947996435746595286e-06 2.408195947636906407e-06 2.182728498380356455e-06 1.983471680768686124e-06 2.317047827419849209e-06 9.397208728746594430e-07 4.981900770814700154e-07 3.550867891027327987e-07 2.290485209014892589e-07 2.018599349406300427e-07 2.005371597797407920e-06 1.524833779813140803e-07 9.331038602917224191e-08 6.365820850832530349e-08 3.143241023681640770e-08 2.033622512339143179e-08 1.570020735374024013e-08 2.358200430148562834e-08 1.114936248330706761e-08 6.786445939602678246e-09 4.850771275648173955e-09 5.659888066546626273e-09 7.164238388648606662e-07 3.348100275127386465e-07 3.884284117214525814e-07
5.027010649052936898e-07 4.165794244506012690e-07 2.934433564449441409e-07 1.447415482634423756e-07 1.437997615197210039e-07 1.351761566868980886e-07 1.091610773047196613e-07 1.252666153279963687e-07 8.994981027413885876e-08 7.758865072173335694e-08 6.415468430352118018e-08 5.689276474207349108e-08 4.690296399927799205e-08 3.854559464253841780e-08 1.262108516109997532e-06 5.020263356865833036e-08 2.809736974785053939e-08 1.071858014225606173e-08 8.088222398267085520e-09 6.206297306819194179e-09 4.825117497902848259e-08 2.029257147849090312e-07 2.241571709609987352e-09 2.756869207669223379e-08 6.812822382725510598e-10
3.223725511318809276e-06 3.013650047917472844e-06 1.930958437724532206e-06 1.405823884896703362e-06 1.221172584272830926e-06 8.344728120319517406e-07 5.045410323998436778e-07 3.653447603246630929e-07 3.102617618479261525e-07 3.022075205813054846e-07 2.367667269944590355e-07 1.609469656389037675e-07 1.115489418336044438e-07 7.700972040706352314e-08 4.353107029850601461e-08 2.890696386272996677e-08 2.068179477053713380e-08 1.259246591083055615e-08 1.048517822249969463e-08 6.232172196173582712e-09 3.387977627841350294e-09 7.413501106571238622e-10 7.406464996480859784e-10 8.672419996247983314e-10 4.858116011956795974e-08
3.174996726422670153e-06 2.948730433801513817e-06 2.879859634204166337e-06 2.339217349959284424e-06 1.556585281911702561e-06 1.625258081827824579e-06 1.463412963453420920e-06 9.115697970036894712e-07 3.885035577612169725e-07 1.063805996325699549e-07 5.635355352018974947e-08 4.326932640503950195e-08 3.317358430323904205e-08 2.670512458243713572e-08 2.504037226826047352e-08 2.041853229404817133e-08 1.530615284114602892e-08 1.403599381225334779e-08 3.560698061437798682e-08 3.986570716926009610e-08 1.271894272701612453e-06 2.580190346948311587e-08 1.620232408318449498e-07 2.835438588791779291e-07 1.639043453500846833e-08
1.067953529472619894e-06 1.094390106682253654e-06 1.069134040861265731e-06 7.007818067774161488e-07 5.567620758683005419e-07 4.744872597154808083e-07 3.964443148736928332e-07 3.593387624096475758e-07 3.000922858526641410e-07 2.623486873434779664e-07 5.882688360438968198e-07 1.367218064181102157e-07 1.170261818039171173e-07 5.945580479308779141e-08 4.288597869968303349e-08 3.398428216559384170e-08 5.104709974480491496e-07 1.673159693576598217e-08 7.466693819224838758e-09 3.268485277216927478e-09 1.124009224198999540e-09 3.026241851501055350e-10 1.374995830822726134e-10 8.133771904878903378e-11 3.694996359969608554e-08
1.848177076887102692e-06 1.715380321662291672e-06 1.404819858156827002e-06 1.174592824841872358e-06 1.155784131100894694e-06 6.896880250094760879e-07 5.044381075818312176e-07 3.625655379182206734e-07 2.654036087787450593e-06 6.804525235366478954e-06 2.683048988673654106e-07 1.034039130959303651e-07 5.919357504158250244e-08 4.654378232809671631e-08 3.467303522956324334e-08 2.645583070198120618e-08 1.964544698689367568e-08 1.508633186863087444e-08 1.342320218492809468e-08 4.864041300557962448e-07 3.837406720260042254e-08 1.520212838002424728e-08 4.611018244540626179e-07 1.004903566808482278e-06 2.910668860370797326e-08
8.691934558930557968e-07 5.447752751288346090e-07 3.961748147846871128e-07 4.383811543942635978e-07 3.925779056456790901e-07 2.028934961155870414e-06 3.049913307865984042e-07 2.352686608583718048e-07 1.889800542650607226e-07 1.346710425295019961e-07 9.328119583238186394e-08 1.024229696544211061e-07 2.373302941323429132e-06 2.389187128094357068e-07 5.741441167018391849e-08 4.133112853479439716e-08 2.824226453260543380e-08 1.783693662051894548e-08 8.189323832899976679e-08 1.523048008202292402e-08 2.146399521500019129e-09 3.874707993450538526e-10 2.610195533150334821e-09 8.165807265529752591e-11 1.057003500721413188e-10
1.402493808070160695e-06 4.425819088031495056e-06 1.342066373302150971e-06 5.973148362531985953e-07 3.874228957121088348e-07 2.319336331349569485e-07 1.963453265509916171e-07 1.461587681423274334e-07 1.069064238824135966e-07 9.811342423226834817e-08 7.603286569936411169e-08 8.904275583565158721e-08 3.373399839306653154e-06 7.866215007173714471e-07 6.074676125498149549e-08 5.206112466006629801e-08 3.415298727194496424e-08 1.494338270734537519e-08 9.433675158337512538e-09 2.333817409798611350e-07 1.206822949050601861e-07 8.946035428579919863e-09 1.033337872656062775e-09 3.817097072277004224e-10 2.237677947128946751e-08
3.602214260383902075e-06 2.783149353032799094e-06 2.207582783800655097e-06 1.759167257037925210e-06 1.103318013490279929e-06 7.146207989988959613e-07 7.837162482915454328e-07 4.624909062656693545e-07 1.446745746432246242e-07 1.026437138944613200e-07 1.009503417775171718e-07 7.489321622757585949e-08 5.124932912711900575e-08 3.911020525966855111e-08 2.369008080211745828e-07 2.662319236699336409e-08 2.071996899802900359e-08 1.546770528545681848e-08 1.072388124652096434e-08 5.772325373647289453e-09 1.611866161249771796e-08 7.230741612042762444e-08 3.317486981740561961e-08 7.602861392595443507e-10 1.551208684640177826e-10
1.661488289238468227e-06 1.652009207448402582e-06 1.342855457931654907e-06 9.509638390897714001e-07 6.500844366499977375e-07 4.543055746183306981e-07 3.404884411052446685e-06 7.125637104025938620e-06 2.986574431280393973e-07 2.324805231629684169e-07 1.801946379892889676e-07 1.354625453187593469e-07 8.986839552155840443e-08 5.311378318225919805e-08 2.912822216014780379e-08 2.063535441497181983e-08 1.431702577167704304e-08 6.249898810335593347e-09 2.363397500194817946e-09 1.246874795011755286e-09 5.087822177783829729e-11 7.768082487108573507e-12 2.186517384458376453e-09 1.921196663724630824e-12 9.817024020069976708e-08
1.429539001039347596e-07 1.467670558089719396e-07 1.093797483029660727e-07 9.411775301914015217e-08 8.880339221108153397e-08 7.261283040456405371e-08 6.260025361021296029e-08 5.418503072389982870e-08 4.514136206026657612e-08 3.789859645486347326e-08 2.667679162191187314e-08 2.184344546055415261e-08 1.807365188378374956e-08 1.771197485152459261e-08 1.579327030958185144e-08 1.189111723024872912e-08 7.977573863202043467e-09 4.202100508969272094e-07 2.269170499980425754e-07 2.411488543991537322e-09 1.714506849751413548e-09 1.984675576354953329e-09 2.205421553322509585e-09 1.316375363328650603e-08 8.655841900915479816e-10
1.051491653677885247e-06 1.277423838578096928e-06 9.847446010161867761e-07 6.892338375741892690e-07 4.504509707647851333e-07 3.129156002478575097e-07 3.770555743924366128e-07 3.490720024274891090e-07 2.175713134426530195e-07 1.987637330717129889e-07 1.722588039695552912e-07 1.301602280841433286e-07 4.175590712252814948e-07 3.431551462533366273e-07 5.756719881631928659e-08 3.518558588962740681e-08 4.299024328267969455e-08 3.843617102523418926e-08 5.811924171243800562e-09 2.202391391936718572e-09 1.704761577763161098e-07 7.201716341006367429e-09 5.422822954156500485e-09 4.811576202598900644e-09 7.004526006062879828e-08
8.573043380421359652e-07 5.313573311898403272e-07 3.944412052352419148e-07 2.241267627314345917e-07 2.053514825700368401e-07 1.720918701356637168e-07 1.196658269847049032e-07 1.085474730045637153e-07 1.083687501055391030e-07 1.060359208154131077e-06 1.051016665052340465e-07 9.598804092985527412e-07 3.016973753339017265e-07 4.018358255501885167e-08 3.026719425249271757e-08 2.528864638333098926e-08 2.007809096475957680e-08 1.562044782312482404e-08 2.477746250094268247e-08 9.383737584800804980e-09 1.300271099395575873e-07 3.301387967510798227e-09 2.688810069962837303e-09 2.384470066695594025e-09 5.138503736442927677e-08
2.120020097329804966e-06 2.210359684730974948e-06 1.681730514465210688e-06 3.174881270119206665e-06 9.433793016941342092e-07 6.716631687508063759e-07 4.796118107445557175e-07 3.472000549922982204e-07 3.031893746004016322e-07 2.293360368608348011e-07 2.063834636246245297e-07 1.514269439968740302e-07 1.110853601628771176e-07 8.551349501182990214e-08 6.195989908644962306e-08 4.172370376572081995e-08 2.852790203674171601e-08 1.821314164234103746e-08 1.388946764501930450e-08 1.009783745855087614e-08 8.227108372806299681e-09 8.432377251760555648e-09 8.810404860294648180e-09 1.383436606191827971e-08 4.536153922628894286e-08
1.803806920429371696e-06 1.653662988049583124e-06 1.500593315116129144e-06 1.186719754982161472e-06 1.282164284923890616e-06 3.139980322768008572e-06 1.521545160639641888e-06 4.399982834336752454e-07 2.282369781277282874e-07 1.596345239943361357e-07 1.511655408278724175e-07 1.925861101473760230e-06 7.973869921017407695e-08 2.914500176637189979e-08 1.383541208429929818e-08 6.894717815234978681e-09 2.831208132916667306e-09 1.310033275685203212e-09 8.530000806158982071e-10 3.150774274064151002e-09 1.410196212608582947e-08 1.091574583241400448e-06 5.797805474750219729e-08 8.107393653252094684e-10 1.337836772288065004e-08
2.979078766571998638e-06 2.603508683463994469e-06 2.182776397220701126e-06 1.774300454162782215e-06 1.575273876618066258e-06 1.331122513379581385e-06 1.067014943571723954e-06 8.537889666080394037e-07 5.635996600511162431e-07 3.742090817699233710e-07 2.530908449520240471e-07 1.770809744238800436e-07 1.281120068926336786e-07 7.952232699060511817e-08 3.150858302236584925e-08 1.524810819788823771e-08 7.983494790395940072e-09 3.296989466843200976e-09 3.119722518086525393e-09 8.251086755153086326e-08 1.050049040969813405e-09 7.614906226629498489e-08 3.053014448037844826e-10 2.454415357754713314e-07 1.271563371731198880e-09
3.213987382119024039e-06 2.931330825579238934e-06 3.242737294729858925e-06 2.840925406860341344e-06 1.489512870966752779e-06 1.285089792855655334e-06 1.173915421867798839e-06 6.150300341140447673e-07 3.164722217645381164e-07 1.598957502025982481e-07 2.507026641929422639e-07 7.612617712988867399e-08 5.192814653288427630e-08 3.789118671784420147e-08 2.855987886037616773e-08 2.154499787546056847e-08 1.852597808167153173e-08 1.227088487228720372e-08 8.042804588014151474e-09 5.743226153836218671e-09 5.680533973728248327e-09 4.596500750012521767e-08 2.970291111692102032e-09 4.107077112897299767e-09 1.959439607297131566e-06
9.007124316312459048e-07 6.419825565756123462e-07 6.673452867728702394e-07 6.133835382233487447e-07 4.279110070312621579e-07 2.302864745000957699e-07 1.980747794645119923e-07 1.404665702163162386e-07 7.331052039029767413e-08 4.680099379080298045e-08 3.235777283373692988e-08 2.193586218912313852e-08 1.894315277494237191e-08 1.543952366728330939e-08 1.246224225731311437e-07 8.539533028093008131e-09 1.903102579249799637e-08 6.687494437723854099e-09 3.512059653315417920e-09 2.618550783175697312e-09 1.628162407389814448e-08 8.965530233792162521e-08 1.897015586297762473e-07 1.501603620604832931e-07 2.023861071004015293e-08
2.482259071618367839e-07 1.822969201091219398e-07 1.732507900918281388e-07 1.079535686837493436e-07 8.854576292370124888e-08 6.825577980581501865e-08 5.185646784687365004e-08 4.610696283384308089e-08 4.392625862210559994e-08 3.764448395767346408e-08 7.564050761920664814e-08 4.166710954477832659e-07 2.801120272410084873e-08 1.892185643147691843e-08 1.681411127355128534e-08 2.770928002040161249e-08 1.389212926781853110e-08 1.098209954823102609e-08 9.905332397950114194e-09 1.760658928776610780e-08 3.893778937238369020e-09 2.456571280395144014e-09 2.817411222092190146e-09 1.268727255522622116e-09 1.464251927320081743e-09
1.004715612872317705e-06 8.422002087326253430e-07 6.525054308688439431e-07 5.071139282803167667e-07 4.285627755230272561e-07 3.579320758662147885e-07 3.332219650530361174e-07 2.812438076032844350e-07 2.399290978886256648e-07 1.835380366718555326e-07 1.243488262289359340e-07 9.497118206274955432e-07 1.341359257680192490e-07 4.800132037454045646e-08 3.561258074980822366e-08 2.003514528069006953e-08 8.565544538233839830e-08 7.795211736841042224e-09 3.232463325517367608e-09 1.405887627017763443e-09 1.355816123649437588e-09 1.463435940271821447e-09 2.029693456892200501e-09 3.952775494958719100e-09 5.541457828853724190e-09
2.757266622028350717e-06 2.631480949368153504e-06 2.440700926157742054e-06 2.260266755298212333e-06 2.157435801891617416e-06 1.753870558976069927e-06 1.278061283482225326e-06 7.140021840869058409e-07 5.257433904100145138e-07 1.780378779783618055e-07 1.248697567718103806e-07 1.110128178682043512e-07 7.110499101051744355e-08 4.915082225691353415e-08 3.692343711067230199e-08 3.167162259195707420e-08 2.490634353701727883e-08 2.311800118166723182e-08 1.538071915175964761e-08 3.266311797350480671e-08 7.237344949502433157e-09 1.999388067812363400e-08 1.235193634690437657e-08 2.272132782772302841e-08 9.190959218392388062e-07
6.149508447942822200e-06 4.851914374352475740e-06 3.609994477466215758e-06 1.964343665528679723e-06 8.566624148433841588e-07 4.125153847250084561e-07 3.042099880157335362e-07 2.631953451740307833e-07 2.457076315271049275e-07 3.127261934181953887e-07 1.245830475184878290e-07 8.433273875824300381e-08 6.202451562277306475e-07 1.066556584567373994e-07 2.805292777266143586e-08 1.991880685046673503e-08 1.062518751760379581e-08 3.604995596848631100e-07 2.330332349774324946e-09 2.676212241656208319e-07 1.094986292655268767e-08 6.880698651048785208e-09 1.063554958197112987e-06 3.815197236525687331e-08 8.135319690964780340e-08
1.113548358041103850e-06 8.520948765276598177e-07 5.665665209947607867e-07 3.702136185437908372e-07 2.626978515850485978e-07 2.436946733961858350e-07 8.451157634946727799e-06 1.537237624198311354e-06 2.562990586842964871e-07 9.542131629713689415e-08 5.789725755577244758e-08 5.025164648033350340e-08 4.134070163182453354e-08 3.641112598846432585e-08 2.746963566329356434e-08 2.280208147421301413e-08 2.088240383696228872e-08 1.725151456807514824e-08 1.685692078492546174e-08 1.269677343886976660e-07 1.446418981882337393e-08 4.090953443657341279e-09 2.288997121169665488e-09 4.429857724719477931e-08 1.674954242830415351e-09
7.515550254045355706e-07 5.936984173314101150e-07 3.697652720907800249e-07 2.906587626624324851e-07 2.180875220143712113e-07 1.908425008694379975e-07 1.536345712395770665e-07 1.060134901791058464e-07 6.754797156088493300e-08 7.014157362825339616e-08 5.978457274234708473e-08 6.354213053694918956e-08 9.551445432599270987e-08 1.810577059651268151e-06 6.112369924460823115e-08 2.639018793798486371e-08 2.116522590039107327e-08 3.265359073530766446e-08 5.077901742984638036e-08 1.559077404274221677e-08 4.392532918993966227e-07 9.108773822470175122e-07 2.179268560690784190e-07 1.450525853616759832e-08 4.171853676115390681e-08
1.055603678919423669e-06 7.622590892033855562e-07 6.500041633057782428e-07 5.764084167086532102e-07 8.935877938240293169e-07 2.870549992464849944e-06 6.465129588035240082e-07 2.407067746010301611e-07 1.168693981503242742e-07 6.138729293005640970e-08 5.440199171664911288e-08 4.807469155719490511e-08 4.527172559876465064e-08 4.506212112783711643e-08 3.059062909966634014e-08 2.653499408961205955e-08 2.499173510665756943e-08 2.300712614082943086e-08 1.721247397931759924e-07 2.527266689904638922e-07 2.470546956151375375e-08 4.819446791402949858e-07 1.647541436671508202e-07 2.542947190020556975e-08 4.432780345695192630e-08
2.265330750561560759e-07 2.630511117524833939e-07 3.312774974034162349e-07 2.733528563180893860e-07 2.436349014963115529e-07 2.942857432684595617e-07 4.765425698744527861e-07 2.534834788718790728e-06 2.270521062125970812e-06 6.588487923380540378e-07 9.297895439790375260e-08 7.783161050963727119e-08 6.610750066753885535e-08 5.454046788063333209e-08 3.732787476956536002e-08 3.324722543481428059e-08 1.645067820972759721e-08 9.400074910570478697e-09 6.284159498169412357e-08 3.449983336405737554e-08 1.595526800232741182e-06 6.207525304348452372e-08 2.276961694403962360e-09 1.170067449904187139e-09 1.833694799584524738e-09
6.655708494008004854e-07 4.911868265777522997e-07 3.497048820739344247e-07 2.911013571812973490e-07 2.603784205015982393e-07 1.950983911867490927e-07 1.566144933022952232e-07 1.273382383549363864e-07 9.792962221333229803e-08 7.873747957002038014e-08 4.790768737733077537e-08 3.208631500598707181e-08 3.202669626464337603e-08 3.004906724305077531e-08 2.516757501431104942e-08 1.302634727012187381e-07 5.773499417451883156e-07 1.589785725448243828e-08 1.067016069031108843e-08 8.243518976110667990e-09 1.690089076416589913e-08 1.846861540068179664e-08 1.200957532790724741e-08 2.107323223924191221e-08 2.408096921608579539e-07
4.991069143001614378e-06 2.658808718082820266e-06 1.904868076688337505e-06 1.215598893116627504e-06 9.079036832020456703e-07 7.113628093699405386e-07 5.165418350078630906e-07 3.579286732012011690e-07 2.728038323878691300e-07 2.096400140250183764e-07 1.628037337439193029e-07 1.367148801843300445e-07 1.109901319236541335e-07 5.497986827591941184e-08 4.041206274974194031e-08 3.297771109940315093e-08 5.612941233074583017e-08 1.826549776498159825e-08 2.345861285200016474e-07 1.340661793918041077e-07 5.137517154650189890e-08 2.137532459465804650e-09 6.032852321687450168e-08 7.128967231211668542e-09 5.188650347573628882e-07
1.105683914452290676e-05 5.943356564726241933e-06 3.910420903526552088e-06 2.659140874946801908e-06 1.308714564922933832e-06 9.281076144330101688e-07 6.874690363845035107e-07 4.780534979989591082e-07 3.418753662970109515e-07 2.332387484137598194e-07 1.175161777464737501e-07 8.801896994345264881e-08 7.014525757858499523e-08 5.609968017620187486e-08 4.644240247033113989e-08 3.012096687264716198e-08 1.786533780015815029e-08 1.289785404692358499e-07 1.445300670463663082e-07 5.405573267893042165e-07 5.436018214826596082e-08 2.099587833554856076e-07 3.819578471389212374e-08 1.854763429809896619e-09 1.116893613929759867e-10
4.910316959208376483e-06 4.236790953619461808e-06 3.785739930652114388e-06 5.073327555159362783e-06 3.815824296800034476e-06 1.206907000332405608e-06 6.146119069550238259e-07 3.006413618702108767e-07 1.902914943082180164e-07 1.356819785024007412e-07 1.092457302215877342e-07 8.229483889682475140e-08 6.162492899421113013e-08 4.808660566365828377e-08 3.071562199209581990e-08 1.984705382620444943e-08 9.748608411074227258e-09 4.224067769180378232e-09 1.299876050060950643e-09 1.329845176028073032e-09 1.085620102675511980e-08 2.034861139077948806e-10 4.034280480174301243e-10 8.005204967088305257e-09 2.481701848392864708e-07
2.153253813963650169e-06 1.746259266313162221e-06 1.321540275090381862e-06 1.030377897840113205e-06 8.068119177174044828e-07 8.398580330258598260e-07 5.790142519479655089e-07 3.755933213591008555e-07 2.075992881731069761e-07 1.355393629335106190e-06 5.934011415324086102e-07 1.486489749913474114e-07 7.674231215863667811e-08 5.389848383725247195e-08 3.408353982337437534e-08 2.198520637771033224e-08 1.516489311044061858e-08 1.189566601678787258e-08 7.808432751647645489e-09 4.692652695247792327e-09 1.280784311641415192e-09 1.023876886863996854e-10 3.003036251694759947e-09 8.176668036508621604e-09 1.034547337608125436e-07
2.243459427548461548e-06 3.538903971987826145e-06 9.868490948974924153e-07 8.956963499066116013e-07 1.125937085190660601e-06 1.862558607659422190e-06 2.937816305915983780e-06 7.728661808051077525e-07 2.357105019186965952e-07 4.326606224880370287e-07 4.633241599424207102e-07 6.063064923486109291e-08 2.853551822577626161e-08 1.515685350073576983e-08 1.032737763751185333e-08 1.121989935327250920e-08 7.831134439669919484e-08 1.133783036294187103e-08 7.401027809662322950e-10 2.005204423424599138e-10 6.141712157009677345e-11 7.839558517644971846e-12 5.620708640723538461e-08 2.914133551431627370e-07 6.619648885468904580e-09
5.501019430642817438e-07 4.524685160322325066e-07 3.662850335396118297e-07 3.213573169362272819e-07 1.570669335371564599e-07 1.343341312753483510e-07 1.240292577017552933e-07 9.513924724927725527e-08 7.303402698721811009e-08 5.505631838816892409e-08 3.896281570955366347e-08 2.810292940351752690e-08 2.309879778658431728e-08 1.981706425316056398e-08 3.144825982953799584e-08 1.605554665125166014e-08 1.170099377826792518e-08 1.967155586090051060e-08 8.362739626925986138e-09 6.356872770683729218e-09 5.586089064742635535e-09 4.366122960824845654e-09 4.813012793152446287e-08 8.681016402175467189e-09 4.222482313621379792e-07
1.044831866017575628e-06 7.684649328226089483e-07 6.774609051681218854e-07 3.795491574865460943e-07 2.720274114418930254e-07 2.482638700235120832e-07 2.377192254487656340e-07 2.295939419339314424e-07 2.315912469664571991e-07 2.585177733927458673e-07 1.760699438395427071e-07 7.130605943012149660e-07 1.944783739988448419e-07 8.512143542908545193e-08 4.719677920389549605e-08 2.590493675282042603e-08 2.084937799825692035e-08 2.442726306643896689e-08 5.228458118320067661e-08 7.409280655507399619e-09 2.350440777381047335e-08 7.427778293712856138e-07 4.868981771963635886e-09 1.822956738969352696e-07 3.363831124852007981e-10
9.106440983562915942e-07 7.442516552055640755e-07 7.280210671297904709e-07 5.157862282372076762e-07 4.737940872713414578e-07 4.293020582533485210e-07 2.717053724251045375e-07 2.460986307964184076e-07 2.103642220841238463e-07 2.025341109937075887e-07 1.601613535169570032e-07 1.541382245706434153e-07 1.307529654208788511e-07 8.738215860797489012e-08 5.175549833464455768e-07 5.407239790599029195e-08 2.607795318049473899e-08 1.530823836485820483e-08 7.718595767050815095e-09 5.086071093545774723e-09 1.330049679462110870e-08 4.174529203435082563e-07 2.676986556103524465e-07 1.214950084707944874e-08 1.465284674663036450e-08
8.407786847310532053e-07 6.716587605152348643e-07 6.118312461919775427e-07 7.655417808190222655e-07 6.098350986566857107e-07 6.536247529364954869e-07 6.285187277465300070e-07 2.447296852788410399e-07 1.378998756821879815e-07 1.325786616431596343e-07 9.048742398047960731e-08 6.630776225771421861e-08 6.517642751717863852e-08 5.199588586373877716e-08 5.175537799716672503e-08 4.176902554717664633e-08 3.178348835477362634e-08 2.533338587339372057e-08 1.300991781318162992e-08 6.235230361811979390e-09 1.731358496451833060e-07 6.138412769776344255e-09 4.578571762235520306e-07 1.608057670292857598e-08 6.269129125825897006e-10
6.350386061807145055e-07 7.648015162141710758e-07 6.329474624011866915e-07 7.846773754835703317e-07 7.801351962397519745e-07 4.143853140062332513e-07 6.909268029063951866e-07 3.366326817502401118e-07 1.351771066295115162e-06 4.210935752549821667e-06 1.029920321094443433e-07 6.828924006829214451e-08 4.761979739778441710e-08 4.817260298882028326e-08 2.833704737487914960e-08 2.006965418685235724e-08 1.541040653007634917e-08 1.072244889292020000e-08 8.122019370236409797e-09 5.873140064135409759e-09 1.338208091635735894e-07 3.684563892623795088e-09 9.146119093461442873e-09 3.483147212206219994e-08 8.966801957582569848e-07
2.023693781571837967e-07 2.358697808227525657e-07 1.449078873089865316e-07 1.280125054705840304e-07 1.012079264738090267e-07 1.282820606934835982e-07 1.109833751294086670e-07 1.828734163625358183e-07 1.392878462655229584e-07 1.796093090180901432e-06 1.552556877928910885e-06 2.621743124797643276e-07 6.356489746413001998e-08 5.820916876149859005e-08 4.588354854115698461e-07 5.096904217260347525e-08 2.014678648356887252e-08 1.327871996836121117e-08 7.923765615929088267e-09 4.979975632758054021e-09 7.057293466116786229e-09 3.282559122215799823e-09 1.916137042169083057e-09 3.220526655688884712e-08 2.271958423815031176e-08
2.123125482356299594e-07 2.308240677525617821e-07 2.660035099965971512e-07 5.646679457763833552e-07 2.167933153027799794e-07 8.883117583006204263e-08 7.715054822056212716e-08 6.800954509471439242e-08 5.091647589239924443e-08 4.812816812114496807e-08 4.614128850161156987e-08 3.500365181574511676e-08 2.804624994330835161e-08 2.425261110788183245e-08 1.977727117532024861e-08 2.371598156420011096e-07 1.067078696895742038e-08 8.936264568587883789e-09 6.621233044097176320e-09 5.559464007459581129e-09 4.282400750240614690e-09 3.512419017405250155e-09 2.402315991362197969e-08 3.871804207178071011e-09 5.366136020366193574e-09
3.613306062598219252e-08 7.535905142720589080e-08 5.714529354282786427e-08 7.250903540974922251e-08 5.699501809686478295e-08 7.774837665291028367e-08 6.433052864673313778e-08 5.261196058895055999e-08 4.659553613093790007e-08 4.359507786674464372e-08 3.684868848437722134e-08 3.156877569079554372e-08 2.897500328644370995e-08 3.088938820960716765e-08 6.638619356773033155e-07 2.657582874067153620e-07 1.691367257394312908e-08 1.251164816147557356e-08 1.510691312753540460e-08 5.649321087705836186e-08 1.440696319262129028e-07 1.417026837316406396e-06 6.055258959991409351e-08 4.019107241696282303e-08 4.478009144347995942e-07
1.708150327674438683e-06 1.089960158819539784e-06 6.965566050085857954e-07 5.955583521583562751e-07 4.568756112679446448e-07 3.649319450620544682e-07 2.945845627683572050e-07 2.152424425557751672e-07 1.630206221264865496e-07 1.212759718095460293e-07 9.304400783654018911e-08 1.492250444259796606e-07 3.021789035023978075e-07 4.306274077845206743e-08 4.728979129289748109e-07 1.133010037639623756e-07 3.409408801781790949e-08 3.509553211066455605e-09 9.559078143409456532e-10 4.936468531782477565e-08 2.693003337397102726e-07 2.546893450594314324e-09 5.106454080154286641e-11 2.657892573612357558e-11 6.815469362289968340e-09
3.593019137708229673e-06 2.847646523834449372e-06 2.212990976407118881e-06 1.495468807824614470e-06 1.097366190347640991e-06 6.753566482661015387e-07 3.877983301032680289e-07 2.929120425437352670e-07 2.420653641305888306e-07 1.856614792771964300e-07 1.392360050101341223e-07 1.069618434932812850e-07 7.520077680868430573e-08 5.730702946175443026e-08 3.989915175228102667e-08 2.682000192316409478e-08 1.773092895715923639e-08 1.277981224267853489e-08 1.087422880679534376e-08 1.155662357152216301e-08 1.951767083951298262e-08 3.702602931786906783e-08 8.011551891258523674e-08 1.727199986948695069e-07 3.296259267506469631e-07
5.300017062222795001e-07 3.400752818769552792e-07 3.244366456360100059e-07 3.028492291095555568e-07 1.800663869283063572e-07 1.490312818902143624e-07 1.003516774011214425e-07 1.045702298774931648e-07 1.134177252382411440e-07 7.746529638243513833e-08 6.231318090957292479e-08 4.643073602470798007e-08 3.802183051406128476e-08 2.935237735691049256e-08 2.455073867734875447e-08 2.185743365193950878e-08 1.912864080075208923e-08 1.458401880854389177e-08 2.003282308471617354e-08 9.956734554900932642e-09 6.907059508578042632e-09 2.740653775848932077e-08 3.844280485058683372e-09 2.779762293896662567e-09 2.175258731031005072e-09
1.567193676258065462e-06 1.647129789102356343e-06 4.265042020707656425e-06 1.758183534955993723e-06 1.041228162428738184e-06 7.736849355386539648e-07 4.076383664367049003e-07 3.992316350149074727e-07 2.154592566794849593e-07 1.323598770971386442e-07 1.103820107118441978e-07 7.461926532190695361e-08 7.401429104335228478e-08 6.749825730543945130e-08 2.990497090001370317e-07 3.374939061131929378e-08 2.481068098482895221e-08 2.098817179100582125e-08 1.530064303879364363e-08 1.112019819537532415e-08 4.974004151055231068e-09 2.835523247782727425e-09 3.155794914201432219e-08 2.905965642135503403e-10 6.265047213902933313e-07
1.339284601285550874e-06 1.359871519989993280e-06 9.600745318683146156e-07 1.338170307103348316e-06 9.378675929530380816e-07 5.559153375677652219e-07 3.545091498216852740e-07 2.875149598060062191e-07 1.923975357267289710e-07 1.607870155927847028e-07 1.222570657631982633e-07 9.701260299608427164e-08 8.248384464126745782e-08 7.164842161460185156e-08 5.330624603740298311e-08 4.393236046955234525e-08 3.004868342602528742e-08 1.969547883181859656e-08 5.213754537782012869e-08 9.733867717929557196e-09 2.861633440681645232e-07 6.398681007422192356e-09 7.864165518711766745e-09 5.516832133733929640e-08 5.383039231280491859e-07
1.113063767812808418e-07 1.026913849322107454e-07 1.141490147463547797e-07 9.383155074922331144e-08 8.072759777820211085e-08 8.618482290747752607e-08 7.098721715759424384e-08 8.272526467351901502e-08 2.207852411838955930e-07 5.738914218308350622e-07 1.873853250272164389e-06 4.265920988148137701e-07 4.411018400623136498e-08 3.189568567177065232e-08 2.379682996241463021e-08 1.951953965195680667e-08 1.510681842987386528e-08 2.355098987886195069e-08 1.025389437814687897e-08 1.954013480552398647e-08 1.089524987869491400e-08 2.721240773754898082e-07 2.166696300084027605e-08 6.497200068284252836e-09 1.635542450685287162e-08
3.241687242617004540e-06 2.849829066939041050e-06 2.379907922882718035e-06 1.475067174773099258e-06 1.149317688986367063e-06 7.936018949360482757e-07 5.844415474488864978e-07 3.202105700529772883e-07 1.469099137059073440e-07 1.214807083028682511e-07 1.031282317433917556e-07 7.949623637564383414e-08 4.307630208697610883e-07 2.256285283169261354e-07 5.074721212004250105e-08 3.553414346998511968e-08 2.432773174611568976e-08 1.628933526911556457e-08 1.110223783625960653e-08 7.677702811772140551e-09 3.190729376762943580e-09 3.827249737099907743e-09 7.712874023677270892e-10 4.652466600424208603e-07 3.221203722319902421e-08
1.502026176350013981e-06 1.401457512960149411e-06 9.569282764349232277e-07 6.054889395318459195e-07 4.008208881274799445e-07 3.055067594552472641e-07 2.372091323471628781e-07 1.916517169207368872e-07 1.469773940169237775e-07 1.590252316248076336e-07 9.376142344317756497e-08 7.075457673693692606e-08 5.811348121648881998e-08 4.096183508348840146e-08 3.388560899844542414e-08 6.926875639513875038e-08 1.980764868537240930e-08 1.749840396781627046e-08 1.409317018070965564e-08 9.757511461843783140e-09 6.417674602715338281e-09 4.056022763038114150e-09 3.380269831068971523e-09 3.802492524196726712e-09 4.300262589931934834e-07
3.324800111549122247e-07 2.365834587900742849e-07 2.254406410058228568e-07 1.923902820743621952e-07 1.507155704659631075e-07 1.474884867607461704e-07 1.531897293431036723e-07 1.330996343833619138e-07 8.548188987241725919e-08 6.793736660192599000e-08 5.528199179038982789e-08 4.320810052305047911e-08 3.212526274719070771e-08 2.694457122985813940e-08 2.304092727011485714e-08 1.899509322363019325e-08 1.431243204262026743e-08 1.313013833332649330e-08 1.190741992035406791e-08 1.188581432621377387e-08 1.229398725598825742e-08 1.374043163484906583e-08 6.025514501585131085e-08 4.777885282261292090e-07 1.359903574317761434e-07
3.146911760075022329e-06 2.243824720037892343e-06 1.981227012075570083e-06 1.457726146040786767e-06 9.517306728881204133e-07 5.769708014296142686e-07 4.218802557791804615e-07 3.025056851803539522e-07 1.991033593597631209e-07 1.277659548523241496e-07 8.529397350185384324e-08 7.476506870180719296e-08 6.403467067962896672e-08 5.242126365919217247e-08 6.570845224054140267e-08 7.993514929261887388e-07 1.072327499338070464e-07 2.201322540297330637e-08 1.337805531893692222e-08 8.784973055938418386e-09 1.841017026508966324e-08 4.506170864709028437e-07 4.280564436219828020e-07 4.421898385773039929e-09 1.172733101447408777e-07
2.668647735332082443e-06 2.326059598826434624e-06 2.075878096935467481e-06 1.817827310714728256e-06 1.829951365942576490e-06 1.829938567077058058e-06 1.538707037823437988e-06 7.726662624491650970e-07 2.942193211263994135e-07 1.760800441480670765e-07 8.004574632041933501e-08 5.519664740990462555e-08 4.612547412306214457e-08 3.109997913433467128e-08 2.421554304565498966e-08 2.938159486766431497e-08 2.070154459591236072e-08 1.697251381779703874e-08 1.425219991580148238e-08 3.456514231969152038e-08 2.403463051459039678e-08 2.915111488671306863e-07 6.230647584395749180e-07 1.280671463615929403e-08 1.812930199118772157e-09
3.476917878872991926e-06 3.145548024552665207e-06 3.161198744627310067e-06 1.782044212694909344e-06 1.329785800192707522e-06 9.342251288757127190e-07 5.019941506068568377e-07 3.388713983597693616e-07 2.255260506881047906e-07 1.809891383427193023e-07 1.264562800235177250e-07 8.468540171667405296e-08 5.765930890350205893e-08 3.805811998645725435e-08 2.609976797161281337e-08 2.757829322063351548e-08 7.654306955363167434e-09 4.323559220347269599e-09 1.999198335951421910e-09 9.769195220684591156e-10 3.229942536450277711e-10 8.114734460771649417e-11 8.583588231362339538e-11 7.649978757977772265e-10 2.589792087036440180e-09
1.970108637478153364e-06 2.121841600746431989e-06 1.771330978255469181e-06 1.945396393836979918e-06 2.083867986066663807e-06 1.319826588495735076e-06 5.096405791913646548e-06 9.771151892801411876e-07 7.174524412704892476e-07 4.837092178877742792e-07 2.807258628376164531e-07 1.348078286522420079e-07 7.656218918175924643e-08 5.410936613121510721e-08 2.989524550453119732e-08 1.261500736134157826e-08 5.849577860974799635e-09 2.998407693976413580e-09 1.537806003159336376e-09 1.022693608648774480e-09 1.142501438337690746e-09 3.475917536353317369e-07 1.277648438392933880e-07 9.701676560340261905e-10 1.069058819769755831e-08
2.085555401734675180e-06 2.013646040547827681e-06 1.952434510736958655e-06 1.505447112864506420e-06 8.780365361598369969e-07 6.423437936750625095e-07 4.491282602156274173e-07 3.375340379157160021e-07 2.788245561533101719e-07 1.992352368350707305e-07 1.518259642298941660e-07 1.198458213436253972e-07 9.055538916316391775e-08 6.541310924259941102e-08 5.618398359511415856e-08 4.089133033642032868e-08 2.703880059348667142e-08 1.881741603478806925e-08 1.215342586760007637e-08 9.489224538674904215e-09 6.337487585631454890e-09 1.620668895334619183e-07 1.512374098475689811e-08 1.215766566988099638e-07 8.169916582785320853e-08
4.514423770132059178e-06 2.911274866499776615e-06 2.310315453907296139e-06 2.062998194407399551e-06 1.888962597693200957e-06 7.855640656661124570e-07 3.489023073022140086e-07 2.374014937085161781e-07 1.854463951934390403e-07 1.915551628637989610e-07 4.161118854148612730e-07 5.828875229925562892e-07 1.027608294963483547e-07 6.913794791833430115e-08 4.926580405334456300e-08 2.578908568327077110e-08 9.560511793487430288e-09 5.445343995118977366e-09 3.507157399424715853e-09 1.292224306394324300e-08 7.847332297588388570e-10 8.147830318752917441e-09 4.397570015497012369e-08 2.950511863199980948e-08 2.628359670658966466e-07
1.681477007065030361e-06 1.952691212095580733e-06 1.274842908612823109e-06 8.729127654802184181e-07 7.752518371887623546e-07 1.618532640531316950e-06 3.032071939437559973e-06 3.888143176939794821e-07 3.095722594532309461e-07 2.019214131398401513e-07 1.326937501078640904e-07 9.245821617144056289e-08 9.548655029845450293e-08 3.491977912832914107e-08 2.387330018427286249e-08 1.442886178332991049e-08 8.502003294948661140e-09 4.341678234699342532e-09 1.994983734270728479e-09 1.017663460546768335e-09 9.453248023588034535e-09 1.883886518833203432e-09 6.578107035086592143e-07 8.905611366856524648e-07 9.703965419965367042e-07
1.376494668583285739e-06 1.099529572912380621e-06 8.368633353273168954e-07 5.217357839162049543e-07 2.689397546516368781e-07 2.614327739353511995e-07 1.725324215815655337e-07 2.019697730967557514e-07 1.815615587385311828e-07 1.486487794783670869e-07 6.927301394081149905e-07 1.825753339282021091e-06 1.087602430835856055e-07 7.282880719589353260e-08 5.261254510692812891e-08 3.602048195361962147e-08 2.900201698284661272e-08 3.844642297732250681e-07 1.005254187041327511e-08 4.931769602994098614e-09 1.652024498007772854e-07 8.269672026702442615e-09 1.350066654898615947e-08 5.442168869779276671e-07 2.859343497100313039e-08
1.043850244338778164e-07 9.732834919317149356e-08 6.703958849435461768e-08 7.608850865752928610e-08 7.736466238320251923e-08 4.642799585451695877e-08 4.874054370515908044e-08 3.847848554960957136e-08 3.768503659343237590e-08 3.367079803186382373e-08 3.565721876527837566e-08 3.233969785240096870e-08 3.273053698403017155e-08 5.592658187576192641e-08 4.676000293642801022e-07 3.584637062566250875e-08 3.277578541784064756e-08 3.183268659625119820e-08 1.746434205166137581e-07 8.055408874708032926e-07 4.083340407255295335e-08 4.183879011465363944e-08 5.715786693929812696e-08 1.020754431298798612e-07 8.291384486987218523e-08
9.887704435220327562e-07 1.480126041847354759e-06 2.929501198684013805e-06 5.520067275191636835e-06 5.862501722747509421e-06 2.477127915764197897e-06 6.221959078670725045e-07 2.275559823646542124e-07 4.044471448250323399e-07 1.114623971999217573e-06 4.198679223927350247e-07 3.038052328288895354e-07 1.020048858528004332e-07 5.532370235046022992e-08 3.520500229925413024e-08 7.466852806584500634e-08 2.641871483487603262e-07 2.609187435903062700e-08 7.443706520491518102e-09 1.888699096930523272e-08 2.981560408672407125e-09 7.468748724497687013e-10 4.071135644376259189e-10 5.480337673506772526e-10 1.047966187815907443e-07
1.305777488834098890e-06 9.854738717277847993e-07 6.946278020364559153e-07 3.996103865953825161e-07 3.029827530724129108e-07 2.110295908529098465e-07 2.359172563376178133e-07 2.009282194042145098e-07 8.586733671691014294e-07 4.068586637416974006e-06 1.630549716524396643e-06 3.241079093937644350e-07 1.113681979145437313e-07 5.926317932654781112e-08 4.019197945350337566e-08 3.138386562823956411e-08 3.457937077674619064e-07 1.538346081454097572e-08 1.219996160830521700e-08 7.834123294923829619e-09 1.967437692170623494e-09 8.170514417573860174e-11 1.429044311785323591e-09 3.630180219332236859e-10 1.605824947771746397e-08
5.311335613516044011e-07 3.167170559893219927e-07 3.590807677148298312e-07 2.935765086514846423e-07 2.458410598942437710e-07 2.430024203377897870e-07 2.033057767266789777e-07 2.523417171922731205e-07 1.369064662823425956e-07 7.991034776623924590e-08 6.149702725251234368e-08 5.305447966792942897e-08 4.190629582640387299e-08 3.459754353914300871e-08 3.066076548732831639e-08 2.358073448284854658e-08 1.898386402442336400e-08 1.405220318739031907e-08 1.123905650481960132e-08 8.432288811015531208e-09 9.550963296106560622e-09 8.614405000392365153e-09 5.678138183794668062e-09 1.046979317538872256e-07 2.733513133798936888e-07
2.696145609727444672e-06 1.498953962701896430e-06 1.125094752598562030e-06 8.074553559346340910e-07 5.645390396257045148e-07 4.471436841073458507e-07 3.456418435088202405e-07 2.773907667973170866e-07 2.000653964637450253e-07 1.484069569758562684e-07 1.257074791546533326e-07 9.560250364382337349e-08 6.905949741569973542e-08 4.212540630279304862e-08 2.865203544912400543e-08 1.496021937894543446e-08 7.939973706863666970e-09 4.119204015687324844e-09 7.567843411577261259e-09 1.035764214443232390e-09 1.262999896591535130e-09 4.508923683441092888e-08 8.877153697540392583e-07 2.101328183250672317e-07 9.802423796413149773e-08
5.148493219867299048e-06 4.471484127399512411e-06 2.752772556192336731e-06 2.287608108326145484e-06 1.908866028741924269e-06 1.587745952912791179e-06 1.163729686740526473e-06 7.991003982124928955e-07 5.538327541837225195e-07 3.064507667094797404e-07 1.847116757087509066e-07 1.087830884890986517e-07 7.058644416852624774e-08 4.976403487914669834e-08 3.701201365657164825e-08 2.991178991894798241e-08 1.968397769322973574e-08 1.286505640635352085e-08 1.042186246882763224e-08 9.376086688718747247e-09 7.437913968032919542e-09 1.854529118477512472e-09 1.181290947499907660e-09 7.467611788143143239e-09 5.455699120153822608e-10
8.420906345635021831e-07 7.270858964243505594e-07 6.263422033174355824e-07 5.488042688148161167e-07 5.760339880619082793e-07 4.007569095344306808e-07 3.776492814084278349e-07 2.258427057423545060e-07 6.784444254625380540e-07 1.230437352355289109e-07 1.015138022864875082e-07 8.502555582929312290e-08 5.056968778962647875e-08 3.591577751306930381e-08 2.896215453493201212e-08 4.416137398656545622e-08 1.613045269855389628e-08 1.022172044502343812e-08 7.627153270751371950e-09 1.308758596712781087e-08 3.248690084020436571e-08 5.857742829745638743e-07 2.003402690082157455e-07 1.495418748404375222e-09 1.211334368659593626e-08
3.529662471676763846e-06 5.991620587612752719e-06 3.640454939846091722e-06 8.535652563617944678e-06 3.684191119763495904e-06 2.669207851971904235e-06 3.498176764497835266e-07 2.078750582117750970e-07 1.619109652963995180e-07 1.051082203561136626e-07 7.841571926941821000e-08 5.684870207904999766e-08 6.054459532753442281e-08 2.476903563154918778e-08 1.653740692260237287e-08 9.395123771805987734e-09 6.397064283139017531e-09 4.704598995351897768e-09 3.024453346298582308e-09 1.416427863472278824e-09 5.040748214766817578e-10 1.997180111428842113e-10 8.680467883596822971e-11 1.820930318730617086e-08 7.036050956835062687e-09
1.699566620612561349e-07 1.710608680171716044e-07 1.635154273496043315e-07 1.361701560641063034e-07 1.306466701290717135e-07 1.015910207637067620e-07 8.728871813568388286e-08 8.213667767977740707e-08 6.253001627491917740e-08 4.608408053676449077e-08 3.601414146144215153e-08 2.995912861932896935e-08 2.474169383059541153e-08 2.378629901367979855e-08 2.311683980433471066e-08 1.760274313456949381e-08 1.466899352611889466e-08 3.296676766949947158e-07 9.007824875417068110e-09 7.005293250470562901e-09 5.262640978446161649e-09 4.268569988528395679e-09 4.612881127856322737e-08 2.039050540108356780e-07 1.547331396281335423e-09
2.888933477510214725e-06 1.983162067109158471e-06 1.569918527301159357e-06 1.341247407522353241e-06 8.797402022124066998e-07 5.718948090788623628e-07 7.572423057590825187e-07 4.314751311331496248e-07 3.371685815419532081e-07 7.013607272628418593e-07 1.998823497395774696e-06 1.921678763211471727e-07 1.180883891764844364e-07 2.846357842035479456e-08 1.234320996274922394e-08 7.146073208791096157e-09 4.580094650008073990e-09 4.219437110429462050e-09 8.538727420320699605e-09 6.809501348502915385e-08 3.785549298515926293e-07 2.566402633918036146e-07 1.203556019952978403e-08 1.249876762562460449e-07 2.268493898367155204e-08
1.110869254533848961e-06 8.100226837801249560e-07 7.587535094931144825e-07 5.493422989391214087e-07 4.654987443900320197e-07 3.550367681173599190e-07 3.380617879433613671e-07 2.534847236986967763e-07 1.234458852273254174e-07 5.848574230992517538e-08 4.192789220116248524e-08 3.324998909184381200e-08 2.953002338806188579e-08 2.568377442224340063e-08 2.197789401612613018e-08 1.697356222812782316e-08 1.357928037513688018e-08 1.345336163953833419e-08 4.137336856541977835e-08 2.372798530110059629e-07 8.873714362890127227e-09 1.365758374219684738e-08 3.034049740544135762e-07 2.699421821891308116e-08 9.045587418840649701e-08
4.379306665749842669e-07 3.150596903826695313e-07 2.753164635947483004e-07 2.832564479580035664e-07 1.717650077958350752e-07 1.945405796160922758e-07 1.834782126845130516e-07 1.560615227698358447e-07 1.087792584227829633e-07 1.013304154925931137e-07 9.400151623803365031e-08 9.168626330986910261e-08 8.101846917119601129e-08 7.697826725602022660e-08 7.995984162685070467e-08 7.784359332481988829e-08 6.528650522854894306e-08 4.536336023475396660e-08 3.189869690476899166e-08 2.510650501784546430e-08 2.190240565641796959e-08 1.981260155754089743e-08 4.182241119852973040e-08 1.851272734500770429e-07 1.866376414218192063e-07
3.744836086822544752e-06 3.950555630250608365e-06 1.748227524610368709e-06 9.923983196356558316e-07 5.831328467671955475e-07 3.221967783211804132e-07 2.781229568409454084e-07 2.171373764594557985e-07 1.366528673549675730e-07 8.310047465779549857e-08 4.227025873471337099e-08 3.789737972340362827e-08 4.783262066470442703e-08 4.555081692567937172e-07 3.359540426565883477e-08 2.630867461525942067e-08 1.752481834991284884e-08 1.525230150328150988e-08 1.269825163688210060e-08 9.358493393489602466e-09 7.013361107710830230e-09 4.032733495667887907e-09 6.810951797428011022e-10 5.048443906132080514e-11 6.534947010268523277e-09
7.772628470268726139e-07 5.768132674616663948e-07 6.037128111804179418e-07 4.935490931327260537e-07 3.421375766860046916e-07 2.167746993011946463e-07 1.563283775635345268e-07 8.000791883868478027e-08 5.662131991479565618e-08 3.805824680031955143e-08 9.361274444129927755e-07 1.307120938438665958e-06 4.270919745440671510e-08 2.471172289783313673e-08 2.036667853155070814e-08 1.671532631232165684e-08 1.446789776780439490e-08 1.444144280460273463e-08 1.622853619190997541e-08 1.069810437804650058e-07 3.721119544058122367e-08 3.166825415404868070e-07 3.695046748182283024e-07 2.385395498676193641e-07 2.029220192811153707e-07
4.121871876497493921e-08 4.314571862407179722e-08 4.612334180817389631e-08 4.564821314534856868e-08 4.430266362720451619e-08 3.684564712055511681e-08 3.938664988554953833e-08 3.336143701167618416e-08 3.410775781669342026e-08 2.802301598073124519e-08 2.361175853363299898e-08 2.149151242264131134e-08 2.215297429924338450e-08 2.213762750264242994e-08 1.878093233521075048e-08 2.184221815788465568e-07 2.053736338391571178e-08 1.596138680174274118e-08 2.278802193700296584e-08 3.634801016339720453e-07 1.649355995255170645e-08 1.439076479916683466e-08 1.784058023683995692e-08 2.338952582040708045e-07 6.866169607263313350e-08
2.112237223954787296e-06 1.918599636923445580e-06 6.284655134708188610e-07 8.341403166215016487e-07 9.663022177333038045e-07 4.400128768658677151e-07 7.074625172130142626e-07 2.123942714965101396e-07 1.835896092428055439e-07 1.339868670122483756e-07 1.109335844715748523e-07 6.375221677401124611e-08 4.643236679366105648e-08 3.905220042946907256e-08 3.790629104448311863e-08 4.094914174166108269e-08 2.743630539106375249e-08 2.258142108165592234e-08 2.027102965292910646e-08 1.400776291193862925e-08 1.337419490260354645e-08 1.034373308261725683e-08 3.395747487152114272e-08 1.120571619322799946e-07 9.734484062415649421e-09
4.011256271177949247e-07 4.333464472099751546e-07 3.682525388333567272e-07 3.225241714700094718e-07 2.107816757217005791e-07 2.055021393344866776e-07 1.664724650650987198e-07 1.296604629521199238e-07 1.037347820405002280e-06 1.575081957503077165e-07 6.643310657026639824e-08 5.612138118439362225e-08 4.132055309858329575e-08 4.101416125940890995e-08 5.611413928214161574e-08 3.286190844112128301e-08 2.508860990148526921e-08 2.038471971205224838e-08 1.470908328704572756e-08 1.526369711507551353e-08 7.299667757624093915e-09 5.532292204533259131e-09 3.471791493907860412e-09 5.328386438742210237e-08 1.292671803026970174e-08
3.994805648693664514e-06 3.689758517971845364e-06 2.721188570111499318e-06 2.022706632476188420e-06 1.602692024817154280e-06 1.027485151522247200e-06 5.819195106003881049e-07 3.928657586316698055e-07 2.919620178764953335e-07 2.226009029417952192e-07 1.555966573455895882e-07 1.020191335434045256e-07 7.357755491679566167e-08 5.821411567589567886e-08 4.257251929848011262e-08 1.836617136946962934e-08 1.479421900892571423e-08 1.790422028352295772e-08 2.978599990923443704e-08 2.793810236177716393e-09 7.854812797777971348e-10 4.906235713593510730e-10 1.369907290345113816e-10 6.188419527397669165e-12 3.347272530543047197e-08
1.963012599336148206e-07 1.879199802851649557e-07 1.291492099442267265e-07 9.693586188345058681e-08 9.219127299832800242e-08 5.847659858987394864e-08 3.786146650849463749e-08 3.173727228846469572e-08 3.077546841326520403e-08 2.913651963878616193e-08 2.169734629750928825e-08 1.862635916784412083e-08 1.644285047522120328e-08 1.478618443570609328e-08 9.782311840510232123e-09 8.503389061922019385e-09 7.408664132950749626e-09 6.995464800341225273e-09 9.869738425845238745e-08 3.555595809046416704e-07 4.446189188338653067e-09 2.884123519148130661e-09 2.322216451619018254e-09 6.444226954064001263e-09 6.605093157375633024e-09
8.023544056323405718e-06 4.234139890068360118e-06 2.836995411478876518e-06 1.814130419878971427e-06 1.438298770818984556e-06 5.065748276845035480e-06 6.504655415953687635e-07 3.806107412705939985e-07 2.772335000887834447e-07 1.950960873428868119e-07 1.307968514599839340e-07 9.572591759701560503e-08 7.948600159489097688e-08 6.215069927338948412e-08 4.463794596476792437e-08 2.196398946074138837e-08 9.028449139046820007e-09 2.761140922668316122e-09 2.943499741541353050e-10 5.114186548395005775e-10 4.925679167522276679e-11 1.371074938928892029e-10 6.206528397909028629e-11 7.693178409994197328e-11 2.560669849148373598e-07
2.400110525599138235e-06 1.458833499241176519e-06 1.084628311026050769e-06 1.021544699122871578e-06 7.579095180569178483e-07 4.769798942686762696e-07 3.716604878652017515e-07 3.073952630920697105e-07 2.967419084986350429e-07 5.916398447696027927e-07 2.131235407967173592e-07 1.298521559935577061e-07 9.799589321274417833e-08 7.274447852035455387e-08 3.163338619332734919e-08 1.470725065410767993e-08 6.230478464273959032e-09 2.236412386671304685e-09 6.051654171470038759e-10 4.103033451907590482e-09 2.214948452294199656e-10 2.353482983085253055e-08 5.973457518664804309e-07 1.814629813431756953e-08 7.652792617627605147e-09
3.790596673149240611e-07 1.351095441881264250e-07 2.098205688635169011e-07 1.260872949569346951e-07 1.296797411968662799e-07 8.947288122735948685e-08 5.738417977617105797e-08 5.931910194909446741e-08 4.057427911885763134e-08 3.426509637445562414e-08 2.443479149663990117e-08 2.388072136321979896e-08 2.152594662055638436e-08 1.848036855976025964e-08 1.420399621556065677e-08 1.019440875051174580e-08 2.374669734876858562e-08 6.625535343992791074e-09 3.319705920369987209e-07 1.617270787901387513e-08 4.001062844207862886e-09 3.272448085168479998e-09 1.662349163283990865e-07 4.558780643089778675e-07 1.663975239279210623e-08
2.942081209740555913e-06 1.988887611718922794e-06 1.893566654090441645e-06 1.269668006244744326e-06 1.029940250822849075e-06 5.078316643336040483e-07 3.594687614780649000e-07 2.395281719740497836e-07 2.143352633131820092e-07 1.515156291448379712e-07 1.403149935221072943e-07 1.111256500482267998e-07 8.515264348407184859e-08 6.451598081726858044e-08 5.480637452559833802e-08 4.348086111266038088e-08 6.723638827602183105e-08 1.921180216453972342e-08 8.091493741018104503e-09 3.218242763228254460e-09 1.723754170007001809e-09 3.946205366291508290e-08 6.432929916900248115e-08 3.729979821670234977e-11 3.244131437080547969e-10
7.341728745583053149e-07 7.872189928837034658e-07 7.660791894822667428e-07 6.221796167761878660e-07 4.647924434174721419e-07 3.982375990718080355e-07 2.821694417832782351e-07 2.210273545231075353e-07 1.620665581069607821e-07 1.580530346816744971e-07 1.150805959945358304e-07 2.984442262179740770e-07 1.018476820077760011e-06 6.287621199775883165e-08 4.762302948923171331e-08 3.106465812066670305e-08 2.109587610462690522e-08 1.510305578614813692e-08 2.181532963946675867e-08 6.236903443563286313e-09 5.054963265158675960e-08 1.619445853848320971e-08 2.431317328971796438e-10 4.374303617748519421e-08 9.170491372407808304e-08
4.529765358977531223e-06 4.319278169507791372e-06 3.546321695278170135e-06 1.905735467158161841e-06 1.020544087920530798e-06 6.591418294706498094e-07 3.556624455083673357e-07 2.031047801324812342e-07 1.555453062370168709e-07 1.200571027514540146e-07 8.514290578758331415e-08 6.336233773782557443e-07 3.024218647051978256e-07 5.201883034904811908e-08 2.292692141068767530e-08 1.024537854889326459e-08 5.122215317873605631e-09 2.916199815542187551e-09 1.821703456999844180e-09 9.043398777794606166e-10 2.990805521028107677e-10 7.264076102045864570e-11 5.298362949432938493e-08 6.663500557761652993e-10 1.194857583259198693e-08
4.300692799464151180e-06 4.439271342228981398e-06 2.496212689533607142e-06 1.413211938685758485e-06 1.349583505112554745e-06 1.148176634835638045e-06 7.872761523004020979e-07 5.709327257683674386e-07 3.416609591891915732e-07 2.533886735145286005e-07 1.799201506299244539e-07 1.093661214970319622e-07 5.889332901583763577e-08 3.219418205379148450e-08 1.835035242517580314e-08 2.504923539088640568e-08 9.880618944468242358e-07 4.920382161306190593e-09 4.710189101452762802e-09 1.276436370008889427e-07 2.122306687343507650e-06 8.736300391332640486e-09 2.635885733192056780e-09 2.390979412255097843e-09 2.961613382900263139e-08
1.715799708045408958e-06 1.614131947082208872e-06 1.516705395793640230e-06 1.641070920992173967e-06 9.843892726477725709e-07 5.878888806922013785e-07 3.894898559676670412e-07 2.460379203756402890e-07 1.925939889599808932e-07 2.114633266751302679e-07 2.581283791603588403e-06 3.147622393200501450e-07 2.071265943111151308e-07 1.964427968548732940e-06 3.663436861628199691e-07 3.916845179841880008e-08 2.844985714440370620e-08 3.149703843733749660e-08 4.187094107270245507e-08 4.004204370058855342e-08 1.640546750826292431e-08 1.213191998694020450e-08 1.624705056048025121e-08 1.357301034247472272e-07 1.787458409676240816e-07
3.983170740608776545e-06 3.365985246130432162e-06 2.617948437864268593e-06 1.936223341910559630e-06 1.637465128529160031e-06 2.473850919515849085e-06 5.491907848004859405e-07 1.692657645588329972e-07 1.772697778053828651e-07 1.272718751191659415e-07 1.078321754126294618e-07 4.825128398157698338e-07 1.212460663388401414e-06 7.782786073925085902e-08 3.560055538767327793e-08 1.922430446068242473e-08 2.193957266076754389e-07 2.397898751929978484e-08 3.903585513456570041e-09 5.716113657867617914e-09 7.038094710436637946e-07 3.114861516217402200e-09 6.454246111553443495e-10 8.990212782132172940e-08 9.105800300880207999e-07
7.898962729298841004e-08 1.383057781857408355e-07 6.961171290882702071e-08 8.954399598324626703e-08 9.569884090505866547e-08 6.727028547992503745e-08 5.766067753989245005e-08 4.644844156236704934e-08 3.491543520169464664e-08 2.542383048559256889e-08 2.089011469374671205e-08 1.758903813870925359e-08 1.619869451863473002e-08 1.277989492304373370e-08 1.051026159711041012e-08 9.285116032249415294e-09 8.225679739004552810e-09 6.819340977951316368e-09 5.878719623853622411e-09 5.932284604930517088e-09 5.620351669995352206e-09 3.732155536145896743e-09 2.349457429970412782e-09 2.219381399971796319e-09 2.205422010535284787e-09
6.142448499099335481e-07 5.246312185252797311e-07 5.481430986934790543e-07 4.732965595771446339e-07 5.180109307300700881e-07 4.738672702479941913e-07 3.871972204036304696e-07 3.530805957095206657e-07 3.217069679581224262e-07 1.127965709284362361e-06 2.268928970558851426e-06 2.303367426965266245e-07 1.668174174057300338e-07 7.091579128112688090e-08 2.431458934064253418e-07 2.006327827108313569e-08 1.158249166281986298e-08 7.299638458929675848e-09 5.884145741679476331e-09 2.672622941318263670e-07 2.432947536190764893e-10 1.652630296939774106e-08 6.233671104049487981e-08 2.300175731821178148e-11 1.596730989351642055e-08
4.315807013777497540e-07 3.937705800536954810e-07 5.547277776792884757e-07 5.399828113233493496e-07 1.044673635732131552e-06 1.624231749609014331e-07 1.050059206945233367e-07 9.228553398267604574e-08 7.305445215456281223e-08 5.930497539813647732e-08 4.557782358996411830e-08 3.963275308062695424e-08 3.160029714527102464e-08 2.632968488124261619e-08 2.154784203928439354e-08 1.851303589164161613e-08 1.817679278223501723e-08 1.879879552021096823e-08 2.138086389283541083e-08 1.761100116999645690e-08 2.145591219842683498e-07 3.818258456660159589e-07 6.927654469741525018e-08 1.924281448010438167e-08 5.926142384040276666e-09
7.786634962010036597e-08 7.321896439115950120e-08 5.639829237364150637e-08 4.925765175208928362e-08 5.209236482938464299e-08 4.688230313052456424e-08 5.244610910260408232e-08 4.579097775890558685e-08 4.789294244284873819e-07 6.704849272574831248e-07 2.610269453865802696e-08 1.596420520549688560e-08 3.501159458624436618e-08 6.010730841735172788e-07 2.839869397453894411e-08 9.967164400235682261e-09 5.468545517978146004e-09 4.397664464169638286e-09 2.971749595974278715e-09 2.549687183611370013e-09 2.347621633232146441e-09 1.897883724682040059e-09 3.602734908476580412e-09 2.005606498182744936e-08 8.508902288242238012e-10
3.343018059607630924e-06 2.722056010669361053e-06 3.227718489419787912e-06 7.371276818874754244e-06 2.457753949335542917e-06 8.464512831786665203e-07 5.881717734453637079e-07 3.440862747482948356e-07 2.519333805531807922e-07 2.534876765859744969e-07 1.058746315592656990e-06 1.709472722680323623e-07 8.675451829421033981e-08 2.857783196666456068e-08 1.861482423053610864e-08 9.902342258538741284e-09 4.907094516988535379e-09 2.658860780820462478e-09 1.148504473669540052e-09 1.762095453143770944e-10 3.810576673716896705e-11 1.936849009541410160e-08 2.711566625094795335e-07 3.619609418656896077e-07 7.250274818303518317e-10
2.784970821696478714e-06 2.628306586895938788e-06 2.112480938405516377e-06 1.413739997605260145e-06 9.189483022688346930e-07 6.175968325605394788e-07 4.189138692598712860e-07 3.097435702967901267e-07 2.211654705267920971e-07 1.780126707600395017e-07 1.404674905558560415e-07 1.036125433804949549e-07 7.459146923343428967e-08 5.779202067022623994e-08 4.482639859436077742e-08 3.058654476730367625e-08 1.368245913435906975e-08 3.800506670345019508e-09 1.287774453770300773e-09 9.779981810975819147e-10 8.691976658647474308e-10 1.189817391368285037e-07 3.625463756860170676e-09 1.017710385574241426e-06 1.327308437213156344e-08
1.143340767254479504e-06 1.161924920666432418e-06 1.153546093502646998e-06 1.144146562064975375e-06 1.040110177230050305e-06 6.282609396359512533e-06 2.314650888456469214e-06 7.404332131991499681e-07 2.927959401103016536e-07 2.302114505862567686e-07 1.503156209003296421e-07 8.968028793582386600e-08 6.956135828739772143e-08 4.612478469415503620e-08 2.907512109661636593e-08 2.167923296737849796e-08 1.535311758197499628e-08 9.513207885560553892e-09 6.137888661774885592e-09 4.288138754167870755e-09 2.472109414661839918e-09 5.995704408000690692e-08 5.911739529986513235e-07 1.318394348495835878e-10 1.028014922630657817e-08
4.274119786260582134e-07 4.410702018685817362e-07 2.962564531509931303e-07 1.721799403350419943e-07 1.433398531380278382e-07 1.308651408539174516e-07 1.569061640799779377e-07 1.437090632705019273e-07 2.836708640893532500e-07 2.361420439066180308e-07 6.714416567578433765e-08 4.125510853149127316e-08 4.024975766272349310e-08 3.668287124725954514e-08 5.674468070303915292e-08 2.325793701344398979e-08 1.456793545732364564e-08 1.289689105386356092e-08 1.265173196509035301e-08 1.286583687139747927e-08 2.096016158027442806e-08 3.601596120543636192e-07 2.590562561675727790e-07 2.921261431393296016e-08 1.031585307949015665e-08
9.042270024600117038e-07 8.225509453574373196e-07 7.340254954524470219e-07 5.794654198546583008e-07 4.582970061102008521e-07 4.365289864209376616e-07 3.570659470089462782e-07 2.675457889810537867e-07 2.425142149317990339e-07 2.168709161293718650e-07 2.131889297526072475e-07 1.413140706404261330e-07 8.778210721886517661e-08 6.036274360968067364e-08 4.373410860205165072e-08 3.391851587014549367e-08 2.346512477637061181e-08 1.477171907736072638e-08 2.026199785867756786e-08 3.636599457026771861e-08 5.335159784004002768e-09 3.171902054574983362e-09 3.084562128560628106e-09 3.180766480299518380e-09 2.789498912365788910e-09
9.279321836152703360e-07 7.419035661154209028e-07 6.363065743969341160e-07 3.680923126134425206e-07 1.258720610428815591e-07 1.211656632076470925e-07 7.010397446036500279e-08 6.855322595096093924e-08 4.438790750605251574e-08 5.800158611819085402e-08 6.917302656926508389e-08 6.742736350471107212e-08 3.070400279781631440e-07 5.672482273608699974e-08 3.726748464506356007e-08 2.858494839641315061e-08 1.946596222632692048e-08 5.983543307940139969e-08 1.009498792599915736e-07 9.422151324077070528e-09 7.277393253529528424e-09 5.891585187448098384e-09 8.577497104505987587e-08 4.531835134144533240e-08 7.802501737257307428e-08
3.785454364373553872e-06 3.252218362001081954e-06 2.241469115485835161e-06 1.640585977320743710e-06 1.129465256972831222e-06 7.014079178920920228e-07 3.191321978542411465e-07 2.068580180878212206e-07 1.538569821923996563e-07 1.180671268124255516e-07 9.621992103844981852e-08 8.629560436935438129e-08 6.845344745000389977e-08 5.265980393733643649e-08 3.535800174982396713e-08 2.574734871902146074e-08 1.877873251628086465e-08 1.171804463512482390e-08 7.022614247930917423e-09 2.600815861869727503e-09 2.000389033187886394e-08 1.402875358344271061e-09 1.134724406011642990e-09 1.315336235654474987e-08 4.578241890392138085e-08
1.334693409330552305e-06 1.273065393233860365e-06 1.085885503826947133e-06 9.866815554641870990e-07 8.179436177503925981e-07 6.359094015687706917e-07 5.257519920902516046e-07 3.487448984974467444e-07 2.828495394980753744e-07 2.345769147129138058e-07 1.916679253381565815e-07 1.628983344153097579e-07 1.339839934274101170e-07 9.413294729463263477e-08 6.511263176089269451e-08 4.264759544475666427e-08 5.605777227224941723e-08 4.691732450978693140e-08 1.453663115348283780e-08 7.762309424800513889e-09 4.416450715910075655e-09 2.637267834053149416e-09 3.007217350913354330e-08 6.126782877091761820e-09 2.285809326134885916e-07
2.854322738565616135e-07 1.684913534429018878e-07 1.587451332454355678e-07 1.016016078079243931e-07 7.957034279578225294e-08 5.543028113139289654e-08 3.975676889068383934e-08 3.232436187290087494e-08 3.207060202089508715e-08 2.662152335315636689e-08 2.451079816490773480e-08 2.372716071368824888e-08 2.430810973053618154e-08 2.481091354301728970e-08 3.217265353653789779e-07 2.160259538097015250e-08 1.761599329112769704e-08 1.713438451837813498e-08 1.075290199609191134e-08 3.550308944738008729e-08 4.323858463716606619e-09 3.048075603220736414e-09 2.309985892969354952e-09 1.787788323925503404e-07 5.133728186486334677e-09
1.357368137456692904e-06 1.031498248772147813e-06 9.162852319455143112e-07 7.500008381822799963e-07 5.619904270910246807e-07 4.997444911735207202e-07 3.777514545376659006e-07 3.241124595315962182e-07 3.070989475576282413e-07 3.355224050599998089e-07 3.108952164658902183e-07 1.635966508250828097e-07 8.814574619038433223e-08 5.683450201781154691e-08 4.213885696506206318e-08 2.878131854311867744e-08 1.815131591825837552e-08 7.067893768655418456e-09 3.248929495331278590e-09 7.982156845856603403e-10 3.806889188448456522e-08 2.043126044960408076e-11 1.301845847145590768e-11 4.817339945047868835e-10 1.444065825971958113e-07
5.601402372530800806e-06 4.280611410048519562e-06 3.372918357258744768e-06 2.509037358169652465e-06 1.905460699039964561e-06 1.462200125666919313e-06 6.464031725924015388e-07 2.924463629325982435e-07 2.485594714259198076e-07 1.745203916603496312e-07 1.185605327248150613e-07 8.212898917525326768e-08 5.838970181765348645e-08 3.451004310300152229e-08 2.388303016437936204e-08 1.329627153234246675e-08 3.127647394305033586e-08 3.695521116416009315e-09 1.136550902598652876e-09 3.824916361978736255e-10 2.314593426198351414e-10 1.534245163372892114e-07 1.551173183262403916e-07 1.811900917855575417e-08 4.356720020999762574e-08
1.100303872863693598e-07 8.227460771307970697e-08 6.988911089194947656e-08 6.841361703371804571e-08 7.946637113938023842e-08 6.773715352838103727e-08 6.133324035474107208e-08 5.407800866611754792e-08 5.031913939009645462e-08 4.094751118260967259e-08 3.198324017013730723e-08 2.649920228877042220e-08 2.165718800485126905e-08 1.881521631089456211e-08 1.886616095509920370e-08 5.836398892873210250e-08 1.435539672345454106e-07 7.971516799854136632e-09 6.248162226799772904e-09 5.036846727660874825e-09 1.005641420935961203e-08 4.053524685498276605e-09 8.642645717877486902e-09 1.137436805821257288e-07 1.583563437792779270e-07
1.655104990079976202e-07 1.461674481791832804e-07 1.699094755139190482e-07 1.626394225165033273e-07 1.512592498240012162e-07 9.364305396099070246e-08 9.131400585669129128e-08 5.287445848916169373e-08 4.414026530995917224e-08 2.816966039822920258e-08 2.270598257308041551e-08 1.822348881905204153e-08 1.605484971822424860e-08 1.483172771138937305e-08 1.486191375142474992e-08 1.609541727766989396e-08 1.623097233575435688e-08 1.440783074371074614e-08 1.126354245249013430e-08 9.047059960555410226e-09 7.468574791842826908e-09 7.258539099394193767e-09 8.856984578653174482e-09 1.602427070132795942e-08 1.718822536603266245e-08
2.073666503238423555e-06 2.309846051208927634e-06 1.905508598565315365e-06 1.853911828511373983e-06 2.079332342166652406e-06 1.874636641283721151e-06 1.571500327368393189e-06 1.278997415342916416e-06 7.188031542804899947e-07 3.785149849441370093e-07 2.724822780052176902e-07 1.917063729025793916e-07 1.527723684101184485e-07 1.281315904021425969e-07 6.685264721214717031e-08 2.910754426233109187e-07 1.118188472920924341e-07 1.755528511649446838e-08 1.253530573892182327e-08 7.923153153662988247e-09 5.329995195601030878e-09 1.536894944605247850e-07 3.666612783880855564e-09 5.999931577262236473e-09 2.118126044131086870e-08
1.131480765019226047e-06 9.645159428187274955e-07 6.624717896920349772e-07 4.547637543482249749e-07 3.883049138222014723e-07 7.358249801625208401e-08 4.249628965392382985e-08 4.874398781598639924e-08 3.340863775218051535e-08 2.247356554589533087e-08 2.580140219052521490e-08 1.688953975380595964e-08 1.439461934902788191e-08 1.433604350656069280e-08 1.302818080304934573e-08 1.300831991286866466e-08 1.198399817970539935e-08 1.021804085093345002e-08 1.694121787354968323e-08 6.499890327306976784e-07 9.888118834245130537e-09 4.624820913281096976e-09 1.071134356022094334e-08 2.020595766183404171e-09 4.598036781046657792e-09
2.361211945815253932e-06 2.753734725193391244e-06 2.525803365854116951e-06 2.083957970848347624e-06 1.309741850509970282e-06 8.377339212224874514e-07 4.155717233439385338e-07 3.322741989189344291e-07 2.203680358469856189e-07 1.607128106603895717e-07 1.123711125264036766e-07 7.977672435743785016e-08 5.738694030955215147e-08 4.542124495868766427e-08 3.525549023097281301e-08 2.874855459767767903e-08 2.626209964236954010e-08 1.635496785175536367e-08 1.118059151884367875e-08 8.025203576728457438e-09 3.476017170568541588e-08 1.396830326811203897e-09 6.794360761141869245e-10 1.899217848133962983e-07 7.507616305230667909e-08
2.777823339321308360e-06 2.724364594403795654e-06 2.250639229346045144e-06 1.816456910549220043e-06 1.394048972908769045e-06 9.232445267050337573e-07 5.968838263605953099e-07 3.317116124247110231e-07 1.341332611138857714e-07 9.690161308223626046e-08 6.776579201936298722e-08 5.071595837741906343e-08 3.899622509447367701e-08 3.227378845466094892e-08 2.701504428111930466e-08 2.151173625115852977e-08 1.887985283491056918e-08 1.909259122698291251e-08 1.128924049075288501e-08 8.430294725524775073e-09 5.486364660058445833e-09 6.395652632664050416e-08 2.740048968618266597e-07 7.449843182381147104e-08 8.114587460356584382e-07
1.307261350256553939e-06 1.069003424979844520e-06 1.138938904170879687e-06 8.027054430835625589e-07 6.937618203788718263e-07 6.938677517881180469e-07 9.945148306441346493e-07 4.594019951710220642e-06 2.120980150115529675e-06 2.255338834913842330e-07 1.514754123688577920e-07 1.103686385578450970e-07 3.904425848223703628e-07 8.549197523895626636e-07 4.971592889780523056e-08 3.894982511147032516e-08 1.669356401377566784e-08 8.768607790275058912e-09 4.563111276585389630e-09 1.161086076102114569e-07 1.354132770248731029e-09 9.561989398306281312e-09 2.449366719399418030e-10 6.686461388479209703e-10 5.340261180481960405e-07
2.511388956169661085e-06 2.210175783438983254e-06 1.931179535650834937e-06 1.548092332980809919e-06 1.369070857167233528e-06 1.145213890606558439e-06 2.247148175174920349e-06 8.493091269195257648e-07 4.886536123549219967e-07 3.716293385716518760e-07 2.783792124917520538e-07 1.788845669217945012e-07 9.527838997002219357e-08 6.167725549857868273e-08 4.545349297182216366e-08 3.963509112041185106e-08 1.019932910374559183e-07 1.878857393825436224e-08 1.295474187866336048e-08 8.265004892054144196e-09 1.168260097180795227e-07 9.088547314726537795e-08 1.891778301109145113e-09 1.070065552013871922e-07 6.521545929431512892e-07
2.040762046784865574e-06 6.057213586566034160e-06 2.901609171116177567e-06 1.717090961283888569e-06 1.520424542004131791e-06 2.129174501044957566e-06 1.474240693268559337e-06 8.439842439459619521e-07 5.144266590808661678e-07 2.309883891715908609e-07 7.774184808450949634e-08 4.079777964010212803e-08 2.774134140137935976e-08 5.995413923875494703e-08 1.754552577057652003e-07 1.549996417128100216e-08 1.045804580003059720e-08 7.366566523122091826e-09 2.811834252207162956e-08 2.040106746906112089e-08 1.105890943826324353e-08 3.412185992993266892e-09 3.807447543135162918e-09 3.084757050411071351e-08 8.387028666924639064e-09
3.803426964217510606e-07 4.110378007504858226e-07 4.106518392473279446e-07 3.525793229732661353e-07 1.621434369029100612e-07 1.321974752111574308e-07 9.934903947157855999e-08 6.102682484737318114e-08 4.947025892157319173e-08 3.926782990902310617e-08 3.201675843891550321e-08 3.082971389399015424e-08 3.307888808947856073e-08 3.130142340572439703e-08 2.639312334171077571e-08 2.178282728833299807e-08 2.204930377019062625e-08 1.828565445208486468e-08 2.149776141617331166e-08 1.383052822482630909e-07 8.666184180542369878e-09 4.687331487480379734e-09 1.179195752973493742e-07 1.189366213332926117e-08 7.977745695896583996e-09
1.161958842675731166e-06 1.006171495267001765e-06 9.545263157042960221e-07 7.098905278920654723e-07 5.942999834382855642e-07 4.962111192364045699e-07 3.375245717158387987e-07 2.584381162111082168e-07 1.817954498333564441e-07 2.412203657943527250e-07 1.365490912067008306e-06 8.927634288845392510e-08 6.562557534342158242e-08 3.341296509606368233e-08 2.346246032375634404e-08 1.848884926400305281e-08 1.540159724472690495e-08 1.248129569859395279e-08 8.707809049296185567e-09 6.482962584505045679e-09 4.375634817741862773e-09 2.319480631504768974e-09 8.707268169777442193e-08 4.666346400440878931e-07 8.946132962754828616e-08
4.166240702181640784e-06 3.078202264098009523e-06 2.582192989017111660e-06 2.054025765474674213e-06 1.318166644546817848e-06 8.177832866021868141e-07 6.395267189479684796e-07 4.154212368502133778e-07 1.501150193343612604e-07 1.142839369583819255e-07 8.641042084133533288e-08 7.663233553989552344e-08 5.324476820524411354e-08 4.259272108288033758e-08 4.372904013669365444e-08 6.517812443811752454e-08 1.620126845033213055e-08 9.203050266048165864e-09 6.591047083110422155e-09 6.457538717134773434e-09 6.480975039070194315e-09 3.948761197292614994e-09 2.288113576903403567e-09 3.076246805308441315e-08 1.942256865849214083e-08
7.298186680959429375e-07 5.992855619508818925e-07 5.045885328948270088e-07 3.869177691743762177e-07 2.571216241039126557e-07 1.499862101403689480e-07 1.109685535965155803e-07 8.966672824965785003e-08 9.778491116648040152e-08 6.872186099429361537e-08 5.851171577450199897e-08 5.835637847229975263e-08 4.170912476451714120e-08 2.986994142196561570e-08 2.260064305382519207e-08 1.964756747840187853e-08 2.025025100977993831e-08 1.774501922286959898e-08 1.332921330428488816e-08 1.056114686813911534e-08 8.688692915742215482e-09 6.121929655825434421e-09 4.394133147237577172e-09 4.207071293179398663e-08 9.861347257195977526e-10
2.794238970465706637e-07 2.871152301814213822e-07 1.922931671160940284e-07 1.642681718080910150e-07 1.514961011538519059e-07 1.221113205824876934e-07 1.056307200071007084e-07 9.089313701516055239e-08 6.849402662277191463e-08 5.977953111187211738e-08 4.475802597224297965e-08 4.171016156492198949e-08 3.317113686465326085e-08 2.768219328617386439e-08 2.377487191762661998e-08 6.447937884144773303e-07 6.715472923997370279e-08 1.054812285383635433e-08 8.259701218816876519e-09 6.319988195954499563e-09 5.725277134365963641e-09 5.273495189238203377e-09 2.049561024212472378e-08 2.362244112703919553e-08 1.074332425007467889e-09
1.361288972193147453e-06 3.271263127875087200e-06 1.642622320267780386e-06 1.172471862837259452e-06 9.998089550573677665e-07 5.641077046416971487e-07 3.744980749883271219e-07 2.429759204954855204e-07 1.979887827038229067e-07 1.699993026402549691e-07 1.362099856966552692e-07 9.761781087378409400e-08 7.969913441415656190e-08 5.687527667400547728e-08 3.236627585391416194e-08 1.983806430627397404e-08 1.557026888934416453e-08 1.196110523505233017e-08 7.017500471711474363e-09 1.567867902813837285e-09 4.861289252205256524e-10 5.826131541682818157e-09 5.020259506263698255e-11 8.999655718716712289e-09 2.875085174188681276e-08
1.104366060832091799e-07 8.814239767229450400e-08 6.642783476452522580e-08 8.972604806639911884e-08 6.498595463642520843e-08 6.418466814257650526e-08 4.655852745142607521e-08 4.305487181844942272e-08 3.644023104522321304e-08 3.371815085899440846e-08 2.832621122100954995e-08 2.708217163292142675e-08 2.711370881165508099e-08 2.336456561128008494e-08 1.985474082646284936e-08 1.611214593330603773e-08 1.310159021654692315e-08 1.081290801079378823e-08 1.015309242041047118e-08 1.400242308625625296e-08 6.981714188352858539e-09 1.263463835878517924e-08 8.290393031052439267e-08 2.277500206650801233e-08 7.567744999541368168e-09
1.374238722500866012e-06 1.262983281963957628e-06 9.324185711979647141e-07 5.829242058155114515e-07 4.012086540567788073e-07 2.467759404362941573e-07 2.044229881116841393e-07 1.261712691927931907e-07 8.204429288986343667e-08 5.660016484737697160e-08 4.839151908406898915e-08 3.764511618869715058e-08 3.737170460305272051e-08 3.454090314192188264e-08 3.156170997009306180e-08 2.671236897303803444e-08 2.072937384385218930e-08 1.705485734976123552e-08 3.841511687042600620e-08 1.299718525051205376e-08 4.993792360612898187e-07 2.461378020785195306e-08 1.509495896995481823e-07 2.330379663241254897e-08 1.207773383575311863e-08
5.083220299625702958e-07 5.012101140636263781e-07 4.105584135814419603e-07 3.178055890186479052e-07 3.322954365102050998e-07 3.897096712344634691e-07 1.006995791819386145e-06 1.518439603744479676e-07 1.534494059283182257e-07 1.485955333760418281e-07 1.349562862882440752e-06 2.044237429099503380e-07 5.686565009247406305e-08 4.691200614420047586e-08 3.365892386954390243e-08 2.765840988786091792e-08 2.649127425757571480e-07 2.265769016968991593e-08 1.091868402252004864e-08 5.453516144267769562e-08 6.983085190886533388e-08 2.232225880786796737e-07 9.473774326756563303e-09 1.951650655551444814e-10 4.230554233527458328e-10
4.197671796567322687e-07 5.297446604370116084e-07 3.208331341069818839e-07 3.820794309762151475e-07 5.105793985478285609e-07 4.932480006964576446e-07 3.844091046557925133e-07 3.442187778777935891e-07 2.087921870922905637e-07 1.478726358414087175e-07 1.333863599947051273e-07 1.314738307459878359e-06 2.198228224723334295e-07 4.410729996099283791e-08 1.313964365977423770e-07 2.699224297914662039e-08 1.513970844378830947e-08 1.373619757827221508e-08 8.161656395405835786e-09 2.451811328535102803e-09 1.071651290772494744e-09 6.316070326647368640e-10 9.241518648645372773e-10 2.635094670616014577e-07 3.339265479500331008e-07
1.005180527245878958e-06 7.800261732247771514e-07 5.533533725818639012e-07 4.637623276405096277e-07 3.858359487077681160e-07 2.988859586244790640e-07 2.131267061264121686e-07 1.695191907555280029e-07 1.193425077975281831e-07 1.038248466608410918e-07 9.574080375205308838e-08 7.815734573626930462e-08 6.025570306468413589e-08 4.851180175205967979e-08 4.106936764417283445e-08 3.414100075112325555e-08 2.821887350967106201e-08 2.453632980463111762e-08 1.992147899534164371e-08 2.957031839586965990e-07 1.116036121840575596e-08 5.481141100497551512e-09 1.350865083013576624e-08 4.048284201663344591e-08 1.385762422324982031e-08
4.130981802838323518e-07 2.990269075273884961e-07 1.769639358628768025e-07 2.583414871488669041e-07 1.540339809597388021e-07 8.869582600640713561e-08 8.045518857012872669e-08 6.117528903565252302e-08 4.605180176106911576e-08 1.679426473430695463e-07 1.520031205145793445e-07 3.241979993982974825e-08 2.746593859115355103e-08 1.974858598492674503e-08 1.977538365390884605e-08 2.360899046428464580e-08 1.495418579139114666e-08 1.146015676261869241e-08 9.781997002712605028e-09 2.899800309819099106e-08 8.474319921457160756e-09 1.058174214018338090e-08 1.492077788233240555e-07 8.181232259976105257e-09 4.472847372708690500e-08
1.553631680183421996e-06 1.831549919406439743e-06 1.301875948136630835e-06 1.187208553556273052e-06 9.010844233553783605e-07 4.454102456832867131e-07 3.724804824536359186e-07 4.898261005388902758e-07 1.717106073469062862e-07 1.133808085504598386e-07 9.437067465622012836e-08 1.859876919189042503e-07 1.246312706332265790e-06 9.314877837371374002e-08 3.012374311325173264e-08 2.069486965747687894e-08 1.406044450305345046e-08 1.004897020367652330e-08 8.613027506267629819e-09 6.778435978817053860e-09 5.166416178699557485e-09 3.861374866915776701e-09 3.377700970257163016e-09 3.530720961100255804e-09 7.061152151245145076e-09
9.868300433999488937e-07 7.450848527278880987e-07 7.599994190542988745e-07 1.120167124314519481e-06 2.236262264578332069e-06 7.998114262431207941e-07 4.603766806516133648e-07 2.627187766270453813e-07 3.064714115375156739e-07 2.597200840999497573e-06 9.658774866865958047e-07 1.143778403941454032e-07 1.024475470576331042e-07 7.107661198193956732e-08 5.565312753892757762e-08 3.638766204267460459e-08 3.183672306632654123e-08 2.171891992692856382e-08 1.052617577696107528e-08 8.331490340001267661e-09 1.508557458766408375e-08 3.114651053155816332e-08 2.124455859286325002e-07 3.883815795848822303e-08 1.720982578041623229e-07
6.145860543228900504e-07 5.043278260503253165e-07 4.937000464164779360e-07 3.768457253512121994e-07 3.424418372849350355e-07 2.869927673827223970e-07 1.998137519725626627e-07 1.342310669671641433e-07 9.475215408880423434e-08 1.067451567937993790e-07 7.861313002294401719e-08 6.758346713549107629e-08 5.602675018093779398e-08 4.431074626392512723e-08 1.136160626253666911e-07 3.538260278123100757e-07 2.410444885236048590e-08 1.643239383771990673e-08 2.158288620505528343e-08 1.597827025764914442e-08 9.597873154722082368e-09 1.706791930645610510e-08 8.850985247930644322e-09 2.139678161144002234e-09 1.484365986869223577e-09
1.440878226077775458e-06 1.503423573935550368e-06 1.377683344340219776e-06 1.092042027106988915e-06 9.418929538314013683e-07 8.250534432981805206e-07 7.400455067398947304e-07 6.691528549989308988e-07 4.731576456377819976e-07 2.206762555440545382e-07 1.246906226627792135e-07 5.560026803685196266e-08 3.218968722131960614e-08 2.664689044813967011e-08 2.173822315717233883e-07 2.027406937837917867e-08 3.820149039012816508e-08 9.571999418759820446e-09 7.189989939371813861e-09 5.568050731492921795e-09 4.025601816738231709e-09 5.770671658134947022e-09 2.887359833670538563e-07 1.617223050063838806e-08 7.248195483443054492e-09
3.343508258409243056e-07 1.660354918174327706e-07 1.929168449532854446e-07 1.134769337795147064e-07 9.579287856776206556e-08 6.043373290649872754e-08 6.645115978381797676e-08 4.370412451559222925e-08 3.141994436042167243e-08 2.428618290831299670e-08 2.010790497299430658e-08 2.513611681193879214e-08 2.909541677782343732e-08 2.186963630792133449e-08 2.086237077368404378e-08 2.322685394646148915e-08 1.818621649801764782e-08 1.336895218876580048e-08 5.250628960553426327e-07 2.821480735546870824e-08 8.189831172248093765e-09 1.677538671279278378e-08 3.806702258385950588e-08 6.718119420622524569e-08 6.787424796866479943e-08
3.105241167494640430e-06 2.762261133950030189e-06 2.089800634636330387e-06 1.228695289308936151e-06 6.638567697052629211e-07 4.527543438227111959e-07 3.315012177824924691e-07 2.271211566956236071e-07 1.877903503346251983e-07 2.557160762064132697e-07 1.727729893537381851e-07 1.082784644943008474e-07 9.045976721579216825e-07 1.208854421312868796e-07 1.024515082892338508e-07 2.055966366039413945e-08 1.687059449724410628e-08 1.012503421297878375e-08 4.652683492156915366e-09 2.849134027289313030e-09 2.211023489827056508e-09 1.653987563522046417e-09 2.372424736857101521e-08 8.565837040799823177e-09 2.286342286253860644e-11
1.481473301028197304e-07 1.648249528589344283e-07 1.336261742080177699e-07 1.383695699144808698e-07 1.109765162048012041e-07 1.088370974749446795e-07 8.985274012711910530e-08 7.023038240536857789e-08 5.402608669450510174e-08 4.856239455245147305e-08 2.619924422466787017e-07 7.184059938571221771e-08 1.812639254048203458e-08 1.458110582973427335e-08 1.274335233711285297e-08 2.727469031132018168e-08 7.296406807721223386e-09 5.281732658933054862e-09 2.036511675711017393e-08 9.999921428604458108e-09 1.433670878675239850e-07 2.173407588304454343e-09 1.738854630800711531e-08 1.363701742740466298e-08 3.019136177266149581e-07
2.319185130146611470e-06 1.462060589919900674e-06 9.582170939360856006e-07 7.104367152490726811e-07 6.464360567607767205e-07 4.475488228138632652e-07 3.253760194463692414e-07 2.594046023596081798e-07 2.195523276248897701e-07 1.701471682417928030e-07 1.468401792974485077e-07 1.076381282708828589e-07 8.351080404229877684e-08 5.285250060531226620e-08 3.436802750609069060e-08 2.038452957015066730e-08 1.161433630273264274e-08 3.708261586290260744e-08 4.750296899359383950e-07 5.832119360705632585e-09 2.407414055121329646e-09 2.674205914560914449e-09 4.344322158213200389e-09 1.046753726310617427e-08 1.944580935260771550e-08
5.863936877943844292e-07 8.727964157825728390e-07 5.911592576125209295e-07 3.130398533473436465e-07 2.334213496685037649e-07 2.289860333845423673e-07 2.366021036501133973e-07 1.848511149075276254e-07 7.761046138681465134e-08 5.360846229698417704e-07 2.122098903531217052e-06 1.674647188813215892e-07 4.526705170700434959e-08 3.436428056232399037e-08 4.076711373643264916e-08 2.565471924476017588e-08 2.067393387098238249e-08 1.498699424052352719e-08 1.039927798170486948e-08 7.289283300970936431e-09 4.250413662849069946e-09 8.700007846365476092e-09 2.690619718140875543e-09 2.082931449713141632e-09 1.863623805959863397e-09
1.284244487170627840e-06 1.217965848683226748e-06 1.160889737403679716e-06 1.081989408197920775e-06 8.368306686384250883e-07 4.945589395905467307e-07 2.706178152286605532e-07 1.650917050862957122e-07 1.212160540136203450e-07 6.884355177702316290e-08 4.888695241288574447e-08 3.788091117753964259e-08 3.403801742324000894e-08 3.577278626680451590e-08 3.340331877294727027e-08 2.924334307977113042e-08 2.867534374082302989e-08 2.611246288737543994e-08 3.774601461299081924e-08 2.253311734896917168e-08 2.884497815138936567e-08 1.957762729546413095e-07 1.333882084267678524e-07 5.426613755254766766e-08 6.286374791601249977e-08
3.935853959810883954e-07 5.310348297946403648e-07 4.136320833066582905e-07 4.287013797546411280e-07 3.870512284671574335e-07 2.870022276392918643e-07 2.451643632639956098e-07 1.785957956399520966e-07 1.128805298803205634e-07 1.075194167369027409e-07 1.027561665071288995e-07 9.282964314450843327e-08 2.971199907325231651e-07 5.582339745922774712e-08 4.119775139950799252e-08 3.551602896636467686e-08 2.358576602524829697e-08 2.191801698340394144e-08 2.261529360375420153e-07 1.289881832754110133e-06 5.445450632045818166e-08 1.158661422755600595e-08 5.518736011113321123e-09 3.037949399630266369e-08 5.783454527139930756e-08
3.654241394966895003e-06 6.720958585001902132e-06 2.714039382942038390e-06 1.303042107295190367e-06 1.113775911205255990e-06 1.155841029996954053e-06 6.864525882940809193e-07 5.096380050993576716e-07 4.304436948797411655e-07 2.470172939076507262e-07 1.939493653483766696e-07 1.879558506402865821e-07 1.070580441158653116e-07 7.321833200164460796e-08 5.095983760519206271e-08 3.371552942903589354e-08 2.072993373544217599e-08 1.996087158622896280e-08 6.493951513883809227e-09 1.319547410346351834e-07 6.203217621628467406e-08 2.809604168110779036e-07 1.962644051736496957e-10 1.581430907239504072e-10 2.025183198780967922e-10
5.033927625406939972e-06 4.143114210877268495e-06 3.287208277697764046e-06 2.637949050751860354e-06 2.132882246093170785e-06 1.420327860190296784e-06 9.793743338700388476e-07 4.078748456341472679e-07 2.232579788308667405e-07 1.505363516128928920e-07 9.741026890080242948e-08 1.061920738552212965e-07 3.224152523377493913e-07 3.649196007856152561e-08 2.227051416496392014e-08 1.369096127883453349e-08 7.456410277100410497e-09 3.652479880576578872e-09 2.406470094766026559e-09 1.554392687678648755e-09 8.352044567102049783e-10 3.543995431402182678e-10 3.271970437316487663e-09 5.190869742069294009e-11 1.561492386142456821e-07
5.222276162412979478e-07 3.325220456393869718e-07 4.090812655195485600e-07 9.878022393483059434e-07 3.428092325837178834e-07 2.313309233581378458e-07 1.341168994215028778e-07 9.526105677200298035e-08 5.999575078233167027e-08 6.450610450060801475e-08 5.239476307761675327e-08 4.278224064207777727e-08 3.942096296967197626e-08 3.480374468265260131e-08 3.840298278619772814e-08 3.111635635869809773e-08 2.735990232258793524e-08 2.441311879334468656e-08 1.800053706374790624e-08 1.561898093089738423e-08 4.817315624719568201e-07 1.493845311105416675e-07 6.615666860772921533e-09 9.156164898148762530e-08 2.513251150761898418e-08
2.048621005713953407e-07 3.275411969178391619e-07 3.088347429318663041e-07 2.649018940816598371e-07 2.477455948356744307e-07 1.441486082462972593e-07 4.958160572481084101e-08 4.536790057138000517e-08 3.796563862086364363e-08 4.043567890136622853e-08 3.341729067696004779e-08 2.858372526930811834e-08 2.435270859055433807e-08 3.307108747946584868e-08 2.291188196403025527e-08 1.637240590902004523e-08 1.315349332207199990e-08 1.066296962386308649e-08 7.469920642097432812e-09 4.799263483200139715e-09 3.624620335099349958e-09 2.606129505516253907e-09 1.921857733040922561e-09 3.917337293309081401e-07 8.140841035319206457e-09
2.737627298017176216e-07 3.440582586145315145e-07 1.880094148156970089e-07 3.187972960039809565e-07 3.230829820476931127e-07 2.077157575941466789e-07 1.159825723915393482e-07 8.113364648572342371e-08 6.357233268928807751e-08 4.714638119741449135e-08 3.914985593760471779e-08 2.779661798972159071e-08 2.030256942041021999e-08 1.427539710585335795e-08 1.157948488804272345e-08 2.020875125544492312e-08 8.238562165948753995e-09 3.111238030865149003e-08 5.172895313991227300e-09 2.971201875585064201e-08 2.341899437638281461e-07 3.881018190013695946e-09 2.404290624672886433e-09 1.942227337599323796e-07 1.942892447951333975e-07
1.683080807641185912e-06 1.282829413069558658e-06 1.084569835410213729e-06 1.176914786220701812e-06 1.102948105941640355e-06 1.093228425439608677e-06 6.242006101390839549e-07 3.327242289884802119e-07 1.771294606807962448e-07 1.314095713096889460e-07 1.193055486022394705e-07 1.166286812413875809e-07 9.146511054299315167e-08 6.848565324708418976e-08 4.173955550500471812e-08 3.040679195831322265e-08 2.395561258984962882e-08 1.574138994203279771e-08 1.018713205404655638e-08 6.912145425610068604e-09 5.032451500743116718e-09 5.066596577314629201e-09 9.976067843443106789e-09 3.018682046456604584e-08 2.009261224687490136e-07
3.128233625436434859e-06 2.796528610708307217e-06 2.323981407988714564e-06 1.558689341062130907e-06 9.048999472928660118e-07 5.020537924078494513e-07 3.152933701284046975e-07 2.928914803700000778e-07 4.357449986429717332e-07 2.529922269300894171e-07 1.838874341812093022e-07 1.382307514884297344e-06 2.603611371293424921e-07 9.797702278408493098e-08 4.167419940068881035e-08 1.149345968709831547e-07 1.918406459404867273e-08 1.174228205141175571e-08 8.175135929280305122e-09 6.156698953964838932e-09 6.375154046689377001e-09 5.824331490469424694e-09 1.239228230639564308e-08 3.321091428457252195e-07 5.487912177516296943e-08
4.596199142538479273e-07 4.027923471279711796e-07 3.299604118165426529e-07 2.847237410841688592e-07 2.402183174638593816e-07 2.058653386721118352e-07 1.823306758867819061e-07 1.464378152435152967e-07 1.187708603101606552e-07 9.810159097752679902e-08 2.063454947473805842e-07 7.805127397339568301e-07 2.758186204993714964e-06 5.516750679724291076e-07 4.097551875940148708e-08 2.399459503896603755e-08 2.985421745290076476e-08 3.203215425202998288e-08 7.025014225333279365e-09 3.862963989444397524e-09 2.346687247556400773e-09 1.108546010783595714e-08 5.200329222545394526e-08 2.351931274320971734e-08 9.381881283845076394e-08
2.132088274931526087e-06 1.769141049842850158e-06 1.574378245126426318e-06 1.150528491411397495e-06 7.068328917675609698e-07 6.487953220977951523e-07 4.717249365009889689e-07 2.488789873083506122e-07 1.790360236247280848e-07 1.263838195764847812e-07 1.250518139566304976e-07 3.427793310920479817e-07 1.114165411448834242e-07 4.937524417183118365e-08 3.866351639789440118e-08 2.664250892589966658e-08 1.924133461104644866e-08 1.561828121320126484e-08 9.415052442424649785e-09 7.465920399108454732e-09 4.576059665060581541e-09 2.682933665819689715e-09 1.109716167286018414e-09 5.767319064489931164e-11 5.227418689297518234e-08
5.341940770202811586e-07 5.659191920540309695e-07 3.518371843786094420e-07 2.521384774508143479e-07 1.776584149418876486e-07 1.395406935186187290e-07 1.359006400847649807e-07 9.358074635602291748e-08 8.783474411639029749e-08 7.666184616113643674e-08 5.651089243675888836e-08 4.723354101348476508e-08 4.149651856779720993e-08 3.318509566782395938e-08 3.140753338162560467e-08 2.819387024445354889e-08 2.323751572315911047e-08 1.734763036053085427e-08 1.605125461106901103e-08 1.336734913602937058e-08 3.473813112557537588e-08 1.947841576148902995e-07 1.417295464184548662e-08 9.235170604255771225e-08 2.016427417821783224e-07
5.072273060114757525e-07 4.342820178029525646e-07 3.502077213988072011e-07 2.972465289007478558e-07 1.505874459669130934e-07 1.090198029886654083e-07 1.080852675453166289e-07 1.203289055380714188e-06 2.610204922261947348e-06 3.712186448346929107e-07 7.029019642047776844e-08 4.569368470159796983e-08 4.049215028341100149e-08 3.324611098725444149e-08 2.230922764370511788e-08 1.991557427225774803e-08 1.438785279336698318e-08 1.206367156482605679e-07 2.042064846991087522e-08 3.997817138997965392e-08 6.191510375008362765e-09 4.421044495969300719e-09 1.151762160826944249e-07 2.954100258179924186e-09 2.044866652238334565e-09
9.113007380529244098e-07 8.224116417843015158e-07 6.994021139002958261e-07 7.057807671934361603e-07 5.883900513979338184e-07 3.714565968948327163e-07 2.920468715783494937e-07 3.593147383543957670e-07 2.880432452477488956e-06 2.476889379443743690e-07 2.069581554760246275e-07 7.977559447429066796e-08 5.569665367503395816e-08 4.955216632398201507e-08 2.602851156983315402e-08 2.092261663583545435e-08 2.010011200356143998e-08 1.043513948263175843e-08 7.899874631885141808e-09 7.494288244654051682e-09 6.710070686248108654e-09 3.458840525096414789e-08 3.040572159012296555e-07 2.045846517303010338e-08 1.534481522972784766e-09
3.505836855241781245e-06 2.374035405120550632e-06 1.668577693904057825e-06 1.257976530975340497e-06 9.694271218019995983e-07 6.407498740501347517e-07 4.869679570057108810e-07 3.255252046583387265e-07 2.051675612293765720e-07 1.077844460175906748e-07 8.080952817179727584e-08 7.004340635565815388e-08 5.742664991325587493e-08 6.602661399811684949e-08 3.235888658872517656e-08 1.975070885121568747e-08 1.526202616417339123e-08 1.587371239025663762e-08 7.190383442791525456e-09 1.214433756565236351e-08 5.670080166691045174e-09 7.457650275200803339e-09 4.298570052428646225e-07 6.696667592784912342e-07 8.681329466724677202e-09
6.268961038758838759e-07 6.680565397921640652e-07 5.580128302236180222e-07 5.426579601755592001e-07 3.113400376130209406e-07 1.892296959761858706e-07 1.703815688268660370e-07 1.217759474420621650e-07 1.021497055955644957e-07 3.104412084802175544e-07 5.352098624888902666e-08 3.693626328706738869e-08 2.210172314421331103e-08 2.319182072397292920e-08 1.062871388219282000e-06 1.496828324827388505e-07 1.535022153802021661e-08 1.189231209194096138e-08 1.115933348404490819e-08 9.293740781539096051e-09 8.122281395404768743e-09 6.394241884442544433e-09 8.340447749296582343e-09 7.901740903343143761e-08 7.341602275364191765e-09
5.544431964734820274e-07 3.461750770585077182e-07 3.490662189807399902e-07 3.700817558512991373e-07 2.439606591133608847e-07 2.149788935426384405e-07 1.035675534757691002e-07 9.815720544151579066e-08 7.246850587837211047e-08 5.541691658010509104e-08 4.138502649985493884e-08 3.499951502189879606e-08 3.074613717609740543e-08 3.442398397898664445e-07 1.601575186180050861e-06 1.184474028169324048e-07 1.960649924208140810e-08 1.106138872035937863e-08 9.372881300438581916e-09 1.885794589587634597e-08 4.778598165120280348e-09 4.532365416705118765e-09 1.779186158021968989e-07 2.781564700170379258e-08 3.982493641657903197e-07
2.968568578777144460e-07 2.725017868082090384e-07 2.647224343592523411e-07 1.804537122492682140e-07 2.323374634249048234e-07 2.651876538411020926e-07 2.332073034525861074e-07 1.380984343226890957e-07 1.008991881828044565e-07 7.503440685100136193e-08 7.220383503847824468e-08 1.051910004532497574e-07 1.493951115243296478e-06 6.408052782716824585e-08 2.346922706626138186e-08 1.643075319787806742e-08 8.218294245007491722e-09 1.805677241734764279e-08 2.947918957059335172e-08 6.628119216397890131e-09 4.597807442402915051e-09 4.609077015509325306e-09 1.005186207793433379e-08 8.484587951746822366e-10 4.750749519411813260e-09
1.186402666209430927e-06 1.168881437157263360e-06 6.030764605550171154e-07 4.120874854862254612e-07 2.057219875113700691e-07 1.459106761927537867e-07 1.217012217481396206e-07 9.286520686871615449e-08 7.739633802699457826e-08 7.726575963023367104e-08 6.676863393386353810e-08 5.444914873807835239e-08 5.138740539303662389e-08 5.238744656138422911e-08 3.465589965094605246e-07 4.069804021295681926e-08 3.373674311730447492e-08 2.715190576665284586e-08 2.051202657967734746e-08 1.358738961942594588e-08 7.553580686421737293e-09 7.416848291487251837e-09 3.324175853775819125e-07 3.671879814185129535e-09 3.137781129456928717e-08
1.237995975528151306e-07 1.413645841872578307e-07 1.599753908032729356e-07 9.316889123363379608e-08 1.241630317526777168e-07 1.318823209686704639e-07 2.073580265219683684e-07 2.948684996201778311e-07 1.870253915462259465e-06 3.348339877663312462e-07 2.185021180551058572e-07 1.421554938164642227e-07 1.175301899526061329e-07 7.278149581099081258e-08 3.992576254773053988e-08 3.674760019120546951e-08 2.912239370891263196e-08 2.217775401857930983e-08 2.414072857681467048e-08 1.190881841051710781e-08 3.589783818695548709e-08 1.105982843965155547e-08 4.948595314613276487e-09 6.703414852676536857e-09 7.836431899276652912e-08
2.748344492739014165e-07 3.175353965498029431e-07 2.430882867607767412e-07 1.953157888036874642e-07 1.611036912803957272e-07 1.398086534916793755e-07 1.101393711451185684e-07 9.868595086048523832e-08 8.033082917316958119e-08 4.560796895413364952e-08 3.369324928484017926e-08 3.141004176527698756e-08 3.480176289272207627e-08 3.419608223260262936e-08 2.635578624769915089e-08 5.466222091447616098e-07 3.812397134391447302e-08 2.897815029143587792e-08 1.794897728194548462e-08 6.417691942689197225e-07 8.223320243570393516e-09 5.169597076730290112e-09 3.756225280855779585e-09 2.855652703598315271e-09 2.875890064717372508e-09
9.304184955030651322e-07 6.862732434447191129e-07 5.890131381100351973e-07 5.666452281522450230e-07 2.634494042045762781e-06 6.771077410323531290e-07 4.104650355514338915e-07 7.455077072555845721e-07 1.744206192097113575e-06 3.545936441879172084e-07 1.245353807456349757e-07 6.139928713487873553e-08 4.924024937330713934e-08 3.602548431051140807e-08 3.001645126326448764e-08 2.768433316613164761e-08 2.440588072134434716e-08 2.028235581232744636e-08 1.352729451612252657e-08 1.308883277094609518e-08 1.226794217278894995e-08 4.891906097828687595e-07 1.116204474290817314e-08 1.643739351218049417e-08 1.220875694041531939e-07
3.890593415905921966e-07 3.687113378581201885e-07 2.862867087711246346e-07 2.969265930081930074e-07 2.030355776227634712e-07 2.068492660499589167e-07 8.675524501327756468e-07 9.323679323195199847e-08 5.804724759272622675e-08 4.468434565445881465e-08 3.397382668813216152e-08 2.687130176422567576e-08 3.286418181150482241e-08 1.135432948097035112e-07 1.702865221057587285e-08 1.372667884622147747e-08 1.291138632144693675e-08 1.320007767916444768e-08 5.297286404752775016e-07 1.446315281739175191e-07 1.350032787036293963e-08 3.970645570818174237e-08 7.107329555171984611e-07 1.232242768836575012e-07 1.889721389562739831e-08
8.790271948990894111e-07 8.238970643882746120e-07 7.316049220641937423e-07 4.557993811348369743e-07 2.750999113900613885e-07 1.448159602348536274e-07 9.128484527850630584e-08 7.263131343663072164e-08 6.224165386426769305e-08 5.205987281091661038e-08 4.152301306372848403e-08 3.235805459833788165e-08 2.804869476293326637e-08 2.261209062524471189e-08 1.988483738290667677e-08 1.785359601025880234e-08 1.537098337414209959e-08 1.147377378451895557e-08 2.195922419032804870e-08 5.631427964197823190e-09 4.331907999395575785e-09 3.816971700446058414e-08 4.606683274281492586e-09 2.896119785646111498e-09 8.138769375790966456e-09
5.366208208837443149e-07 2.725234384613434680e-07 2.801996106888410169e-07 2.053831292022304909e-07 1.938699467266266489e-07 1.565452908764859203e-07 1.319991983908298096e-07 1.356695562363564183e-07 6.671282116547268628e-08 3.550574281240765410e-08 2.642312249245331903e-08 1.922497913032103001e-08 1.855755063546232688e-08 1.784675203097334918e-08 1.633030423325997522e-08 1.916022166861220520e-08 7.206989108740804081e-08 1.101114987010136810e-08 7.003961130190066816e-09 5.475633554237347186e-09 3.928808007255435229e-09 3.202854199114269117e-09 8.559153405792029168e-08 2.009583484573207185e-09 4.971172360331028413e-08
4.600706806098785398e-06 2.738036983428892896e-06 1.481903780985385723e-06 1.481398744325466918e-06 5.738630444783880181e-07 3.763525897626753212e-07 2.912343927044734294e-07 2.092482259437410722e-07 1.715828260924115454e-07 1.445627826929406594e-07 1.753357871356576709e-07 1.017430996067837266e-07 1.172986201219885154e-07 3.919233401060125104e-08 2.192112828637926792e-08 1.079172891326644961e-08 5.673108104748891336e-09 3.094433206573963966e-09 1.440882682826761983e-09 7.137131255174468366e-10 1.159029100851002025e-07 1.479055679356307534e-10 1.156412693589725978e-11 6.657798252553945551e-13 5.747659441172632246e-11
2.188363924516277840e-07 2.041716616728939297e-07 1.735615604662652153e-07 1.572904384217034806e-07 9.371448010296293824e-08 9.307216196303292113e-08 9.963895279792415507e-08 6.483448570489975577e-08 5.138087581165183693e-08 2.944665221389518893e-08 2.594767468994808036e-08 2.018285106240000232e-08 1.733298159832509610e-08 1.685493147906910852e-08 1.966258439782789185e-07 1.798701825239331233e-08 2.468743005112249095e-08 1.053438029349616077e-08 1.947669340933235210e-08 7.447270875214031679e-09 5.518078254504748166e-09 6.109011432486183294e-09 6.760301362369390601e-07 8.836565906085557752e-08 3.270526537146642720e-08
5.357611403669437591e-07 4.501725339178342513e-07 6.255597583487855296e-07 4.589493502001097221e-07 2.345876864908017089e-07 1.533156667478289520e-07 1.180125106966125305e-07 1.056125648756754333e-07 1.091851947672023521e-07 1.011967199020617026e-07 1.059922614515235064e-07 8.136798251332124131e-08 5.440215065307123120e-08 4.115151271682774417e-08 1.103857568895043918e-07 1.140111794575830288e-07 3.300711596427507150e-08 1.625721286333151486e-08 1.197280545596545297e-07 8.707560031031784560e-09 6.434029612154299345e-09 4.607217369978477389e-09 4.924769312028669728e-09 2.348343694399479323e-08 1.043878075095203598e-06
7.363541878441131128e-07 5.914086166789175358e-07 4.810325656055297725e-07 3.750244572536871093e-07 2.791366657854997317e-07 2.925223695547959320e-07 2.212858923646583435e-07 9.132893625266862076e-08 4.350495738814296921e-08 4.526210899910312801e-08 3.585036236299688572e-08 2.334598247020107862e-08 1.866077529728535236e-08 1.492936250711005639e-08 1.047395399669518705e-08 1.141708308931756849e-08 1.142971175015280048e-08 1.506197416479948572e-08 7.159503089610157068e-09 5.476086572083294574e-09 4.609588568413418410e-09 2.945574656118704567e-08 1.095972454389193634e-06 3.299772661811385263e-09 6.600427159933041270e-09
1.517723505839076896e-06 1.391400307527766199e-06 1.433292102357528207e-06 9.088663638157974959e-07 7.301761304949151388e-07 6.833645391781356878e-07 5.074200920027602054e-07 3.694321048103651580e-07 3.849710322738481046e-07 2.787953558505509385e-06 5.072954397110653872e-07 1.551815558858003945e-07 1.264050830504951372e-07 7.103499888528510719e-07 5.246839821723837276e-08 2.382636925037826025e-08 1.325885346738122551e-08 9.965864622116506267e-09 2.009592899154792206e-08 4.316048212453936224e-09 3.112445097715386736e-09 7.643907849992496543e-08 2.437246078378466871e-08 1.412266989780743318e-07 2.475360825485525459e-07
2.636840044959699652e-06 2.530370281001198161e-06 4.206892795659519044e-06 3.002292591001563571e-06 1.802630294100728414e-06 1.425086644900472005e-06 1.202336448683193466e-06 7.054834838151425506e-07 5.239533546351322703e-07 3.285392787391890075e-07 6.076303509866080897e-07 1.496288442851594775e-07 5.586381683261173890e-08 4.198817577414775470e-07 6.545789916230820897e-08 1.764626356323620845e-08 1.289170554163881056e-08 8.987591017488602707e-09 1.379725124613996755e-08 4.065527442351737235e-09 3.612274493534435556e-09 4.811545186174659699e-09 9.156987630020142907e-09 5.574480323629411011e-09 1.836267289968487497e-07
1.769137821088746403e-06 1.253865634246357874e-06 9.512689018334929713e-07 7.884407424977761991e-07 5.806440174184283500e-07 4.537543900066963114e-07 4.202497853159477714e-07 3.715506746242331313e-07 2.458257522814880743e-07 1.910284354958033222e-07 8.811125426050115364e-08 7.043860552921442901e-08 5.800465718260468174e-08 3.325131821751812030e-08 2.396464186283576093e-08 1.757494443357868131e-08 1.563216081476476920e-08 1.503694018491299826e-08 1.683038659300742536e-08 1.722396906332438757e-08 1.998329305149240847e-08 2.728733067376456989e-08 6.273228652951991863e-07 1.600161872344485406e-07 3.531243806161468484e-08
4.083301930559057259e-07 4.388137769776373106e-07 4.033003566828056326e-07 4.243619964387404719e-07 2.997639217649891388e-07 2.949303830189577299e-07 3.347790627183312899e-07 2.717720952670095942e-07 5.196562889364738202e-07 2.502828492502025213e-07 3.033931424134612210e-07 1.306040508874114235e-07 9.610986309020620079e-08 6.970511751404212929e-08 1.145778985316779844e-07 2.611211526092741291e-07 2.672064856421799510e-08 1.454420722389200947e-08 9.911179791605716169e-09 7.464073667281555976e-09 1.121497043350483193e-08 5.943171222639741286e-09 3.926912573241212219e-09 5.117154412070701591e-08 5.395894035331981856e-10
1.756017364152164060e-06 1.587714000881226210e-06 1.208502000744853673e-06 7.815238010407109414e-07 4.766338778173226136e-07 3.136155840422932488e-07 2.744341164035515413e-07 1.827973183038738451e-07 1.458883496217045655e-07 1.172280424918260440e-07 9.319159676977616588e-08 7.358691306047504008e-08 6.260893853118747874e-08 5.441084541025231176e-08 4.301440162447319014e-08 3.950602219203191506e-08 3.006106414871950729e-07 1.369899959491018463e-08 1.176655217109939460e-08 1.085783248634173093e-08 5.132129359241951410e-07 2.845314927753785060e-08 7.139293855081843289e-09 3.357623200981074938e-08 1.445247335141964590e-08
1.671994551304177654e-07 1.014729875333825139e-07 1.796210695768659154e-07 1.109861933183598849e-07 1.142211669186637782e-07 7.656175373052467539e-08 5.552436258024858914e-08 4.527250308004611720e-08 4.056657728028650043e-08 3.323753454349796261e-08 2.981992374060055448e-08 2.828331886562420011e-08 2.435960526726078957e-08 1.841769911788300122e-08 1.861950915211921903e-08 1.518387832102438487e-08 7.317006606174321527e-07 3.028597476570917072e-08 1.152712167757001864e-08 8.435845242054514679e-09 2.662879335689319703e-07 2.830547367193734463e-07 1.649793094145159813e-08 5.526637715187522207e-08 9.659469754082451338e-08
9.907667524398428690e-08 8.482033637536679548e-08 7.236318169380100017e-08 7.172583689679869106e-08 6.783788632776523397e-08 6.055107474147501428e-08 5.274166382956629921e-08 4.388426986699733595e-08 3.610382731340958681e-08 2.870554165390096001e-08 2.312906915503653026e-08 2.103398476045674338e-08 1.935623519763725481e-08 1.433575340419807323e-08 1.145104377972396039e-08 8.729622795442595428e-09 6.761981181202934576e-09 4.552826091540961834e-09 3.183423461838979936e-09 2.349813506053625002e-09 1.732445968253385789e-09 1.500509344884434907e-09 1.216048172194689115e-09 1.089258730915170036e-09 8.154208564531161915e-10
1.225422980498755956e-06 1.164266517176911302e-06 9.415718817708618955e-07 6.852107590884468426e-07 4.269898366792854054e-07 2.720974108352328613e-07 1.921169521337307101e-07 1.642218240661740750e-07 1.324369561780806130e-07 1.263409705017278728e-07 7.947111758026710536e-08 6.635243431306430065e-08 6.955771911639841361e-08 4.485565563192839494e-08 3.497686740825415430e-08 2.967775727963565359e-08 2.165519933656551238e-08 1.855934536578881427e-08 1.812204882329690742e-08 4.814572666278764666e-07 7.349269487832319611e-07 1.290488980674412102e-08 6.870592051989257479e-09 6.207793168787582332e-08 8.092015284570957752e-07
8.302509916005947543e-07 7.453550297144900974e-07 7.189189083138741904e-07 6.237681261372224721e-07 5.552787133302289995e-07 4.020476435741709745e-07 3.006767484556075597e-07 2.157196506439083614e-07 1.447824060362506240e-07 1.006780968784295080e-07 8.366936928298513956e-08 7.814634357752214186e-08 6.436777132518242117e-08 5.052988126555178551e-08 4.105417238789098929e-08 6.850871100450804707e-08 2.564365518596336751e-08 1.928193550564351699e-08 1.487130679173524954e-08 1.187951337452656928e-08 6.107898597687378307e-09 1.054983469920109780e-08 1.867533534921440506e-07 2.009396926872537268e-07 3.619238468878071837e-07
5.557204885004064445e-07 3.300940856118927447e-07 2.429697473277609275e-07 2.368299738386197314e-07 2.725475335645926563e-07 2.420332302066328087e-07 1.327283447856349695e-07 1.262468064550386359e-07 1.263813367012012168e-07 9.982424044585705178e-08 8.104527216663218875e-08 9.646794905231039994e-08 9.806421256680755361e-08 1.001682812698288578e-07 7.937726111990942887e-08 3.953881099378796312e-08 2.841559256785376654e-08 9.855918898097913402e-08 1.839315506283314930e-07 7.064220426260420557e-09 4.813015712644230593e-09 4.916831592813470928e-09 1.650138115221027033e-09 7.970747602995923755e-09 6.691930535620007316e-07
2.255905675731596561e-06 2.044012118499304698e-06 1.598804005849934530e-06 1.345027808307801090e-06 5.358397749212875479e-07 3.858198960773185337e-07 3.150416498320617923e-07 2.670850527951845145e-07 2.409560238238020971e-07 1.796088524352331326e-07 1.570067522715111947e-07 1.530674338721529658e-07 1.041830189872744318e-07 9.103833673441599830e-08 6.781528325289737932e-08 5.108368494521972393e-08 3.401522920682318536e-08 2.113528607356980649e-08 7.831635351735141019e-09 5.652885493364913116e-09 2.704190278378781371e-09 1.910132299888055382e-09 2.243406572260439803e-09 3.430946228925041968e-09 2.033715385280973630e-08
4.282430645526984046e-06 3.657319355927266156e-06 2.034716484302728572e-06 1.523439408788495676e-06 1.357875614815702474e-06 8.948039178179555899e-07 4.973921429289478858e-07 2.810263016361929451e-07 1.833334037552533514e-07 1.227776306114954223e-07 8.887241232923612376e-08 6.909580556564359227e-08 6.129052685482038668e-08 5.177543661314259194e-08 3.896796012939069078e-08 2.754070117502781001e-08 2.690437289284614037e-08 2.647829040565660896e-08 1.503574560560158579e-08 9.330598327072721780e-09 5.694414158865548164e-09 8.385641660111095358e-08 2.022042976095625429e-08 1.885079425382205745e-07 1.470032896093675119e-08
1.246957893713736137e-06 8.836141403022040364e-07 6.821859377913879926e-07 1.176845266874607668e-06 4.982566305720363839e-06 2.019480890413331565e-06 3.037020194802513407e-07 2.373798804501983955e-07 2.018971554677544148e-07 1.416446978346230227e-07 1.319541516350997817e-07 7.571218012660731271e-08 4.482251522040499200e-08 3.504627167351285345e-08 3.907638948346842031e-08 1.222585456588080455e-08 7.036237831476327290e-09 5.090840455841745847e-09 3.950072152885599354e-09 3.275932418972170832e-08 2.408176258469239140e-09 9.824604168303786097e-08 1.326200334805623886e-07 3.325569454481959733e-08 2.037893459688913158e-08
2.103496535049108945e-06 1.632089531845792088e-06 1.482710646732898309e-06 6.633846541189539153e-07 5.055233960701445192e-07 4.872730756362688418e-07 3.227495529435245229e-07 2.005802943990577301e-07 1.373759974797936482e-07 1.399689504805657091e-07 1.007141144536387927e-07 7.821127969736891334e-08 9.550837133046539769e-08 4.834190007673893335e-08 3.719754018276166420e-08 2.791721047901274078e-08 2.241238895486334540e-08 1.599524814964074634e-08 1.067059225063071028e-08 7.900156131786467832e-09 8.222363305720239256e-09 3.961446188953811729e-09 3.542400124982338503e-08 9.383531181287134127e-11 5.851028985285462392e-11
8.141174423034678957e-07 6.202634372600363062e-07 3.235247705712379804e-07 2.153782392867376245e-07 1.622052705185445861e-07 1.019822869407240538e-07 1.179549083150846595e-07 9.578208683081462008e-08 7.562965307629873752e-08 6.682227425264733859e-08 6.452935243911785572e-08 5.247201006769512279e-08 4.593584690121197282e-08 4.145022792579560965e-08 3.886497288839182761e-08 3.492031943240785470e-08 2.586370102650911353e-08 2.124784540156770224e-08 1.502847523177951142e-08 1.154374781592311067e-08 9.258006323338854271e-09 7.045982364612902418e-09 5.039374494844512385e-09 1.258539064128091166e-07 8.361236072619272906e-08
1.390553305872807940e-07 1.041348550548013666e-07 1.043270007870814161e-07 9.820556941345759770e-08 8.534663866356709345e-08 5.174273377919798919e-08 6.490316665585884409e-08 5.500709770983925767e-08 4.677505233194573718e-08 3.529280231308956273e-08 2.806286843268692761e-08 3.413034080878921554e-08 3.411382715893559931e-08 2.772549445102170510e-08 2.664196189028636252e-08 2.302928220257004147e-08 1.813135813218743268e-08 1.351637308054385822e-08 9.738005765317603456e-09 7.592614715717459157e-09 5.348116752245056828e-09 4.036505229914624829e-09 2.907883232993232671e-09 1.222325111939287290e-07 4.146387683527737743e-09
5.214621542982147851e-06 4.954422937635062142e-06 1.782636667678896708e-06 7.680683161669512004e-07 4.629795081770048944e-07 3.581988583778102627e-07 2.696995814523074429e-07 2.318453827610589759e-07 1.722019654539987024e-07 1.373919662752996039e-07 1.007318389174105322e-07 8.226278121224074103e-08 6.003155688143691945e-08 3.934425537857161175e-08 2.628888914683464938e-08 1.842596131798954540e-08 1.087972624101113092e-08 4.853795265067309165e-09 2.336318274750125613e-09 5.664213868418741998e-09 5.657345714568875274e-10 3.979553731980018866e-10 8.020867492552837795e-11 3.036923575770901927e-08 1.371091786535853413e-11
2.381874191268125833e-07 1.893569683522957291e-07 1.935969382626162355e-07 1.581002870259999427e-07 1.244266162315339313e-07 1.188357860317368926e-07 1.074693059603261473e-07 1.109001085205237045e-07 1.791480371805092714e-06 5.555433789689255760e-07 8.230018483657801448e-08 4.382324712913068638e-08 3.006856536423494028e-08 2.369535497231520996e-08 1.829496699777072387e-08 1.338319021023071958e-08 1.051011126547905003e-08 7.694554118058192082e-09 5.471839493877241617e-09 4.121545579921156305e-09 3.458101841623807043e-09 3.280702045606387458e-09 6.944934312906172413e-08 6.027636444516889904e-08 2.580885600892715232e-07
6.879477851041700455e-07 6.995339138818868950e-07 6.090611145355609266e-07 5.853152247344131298e-07 4.670189404574210074e-07 4.327398467944014629e-07 3.524104228525410562e-07 3.734877698170453321e-07 4.333671472027639075e-07 1.998881375348154180e-06 2.338051346763608686e-06 2.916552542261626094e-07 2.097413387632971565e-07 1.008403470001971566e-07 3.597453717627307280e-08 2.176594597624951758e-08 1.210000295427531370e-08 8.202246832962714479e-09 5.314713818632736002e-09 3.229984147574156086e-09 5.836919513222967551e-08 2.922197254687282275e-09 5.729925249100523614e-10 2.671883416780943633e-10 3.002080579179678593e-08
1.028961534011957170e-06 8.437587032725909650e-07 6.804441156805464197e-07 5.241000690061630383e-07 7.210190899606957272e-07 5.145428495821995320e-07 3.794261639245125941e-07 3.457677224943994732e-07 2.689042471653636281e-07 1.224000408608875711e-07 9.535869017289111182e-08 7.201542182442003145e-08 6.921055111118696696e-08 5.552613975292393234e-08 5.110355485153204446e-08 4.241986909348561019e-08 3.340649125378734578e-08 2.626637335947931526e-08 1.794442057366328413e-08 1.488416399755638155e-08 8.834702701065463778e-09 3.975283274052117769e-09 2.864365038114128126e-07 3.217855391510826353e-08 2.309026915784921554e-10
4.869989409829567738e-07 3.605475066154855210e-07 3.114578808999429102e-07 2.505315221850657102e-07 1.900851974825579765e-07 1.657490334363042869e-07 1.115571956769834237e-07 9.007013452110526523e-08 7.435691906167854969e-08 6.970030525224894292e-08 4.787858224841248304e-08 3.988174812335201029e-08 3.385240568988374284e-08 3.851296486723792288e-08 3.286519734273756534e-08 2.827434774539042662e-08 2.253359625352774961e-08 1.889789361219719243e-08 2.144314105645771464e-08 1.594631662972400507e-08 1.631326546082248833e-08 2.259856128544932411e-08 1.246885438813411124e-07 1.967642807447635764e-07 2.357143715846762293e-07
1.141452260985674916e-06 8.583618968986118144e-07 8.434853078860956855e-07 6.750625454254614516e-07 7.645279510257098946e-07 2.884107915293278663e-07 1.735589698714235183e-07 1.243393907972451954e-07 9.246101933592864724e-08 7.992934876156015519e-08 2.272770605338563423e-07 5.419018110952210684e-08 3.470759532846351040e-08 2.378140675706188850e-08 1.717049050485505066e-08 1.631869065805991511e-07 1.903565240127451747e-08 1.278828650000052486e-08 1.386737305295480164e-08 8.761656792648449604e-09 7.060832357348301811e-09 4.287559576705437040e-09 6.899471840777429303e-09 1.317658283009990409e-06 1.922676621097642233e-07
1.326739061418034333e-06 7.140500809071149436e-07 5.678240362562648827e-07 5.913857632218874667e-07 4.525356169984933767e-07 3.592327174525754515e-07 2.733057205659329826e-07 2.115242259742702969e-07 1.848573719230781306e-07 2.949498410367778890e-07 8.155292180696562294e-06 6.130889767793696630e-07 1.400788845430823964e-07 6.470117152035893142e-08 3.956496556067123410e-08 2.561902500196680786e-08 1.381608082210212407e-08 6.321197685189838338e-09 5.031611162740571747e-09 4.724641968674867921e-07 1.305686972448105643e-06 1.081527464985813093e-09 1.337404997786247799e-10 5.475405267110742300e-11 9.723038940085512877e-12
1.006119274592626627e-06 1.050681379420477593e-06 6.077388023888986173e-07 4.434963050498635699e-07 3.544783190239190179e-07 2.785812787035787864e-07 1.755337064988088958e-07 1.151778740809686010e-07 7.395872383922059870e-08 4.912562087648569625e-08 4.263431949887608397e-08 3.286575356654404368e-08 2.452232550846596429e-08 1.893425982231548941e-08 1.551789632574437736e-08 1.334208500496512210e-08 1.169780115372906444e-08 9.249625561231869327e-09 7.348559791331806075e-09 1.720950493601912309e-07 6.918151886305401188e-09 1.030557706733458695e-08 2.442515776049208975e-08 1.636540325875611744e-09 3.865242003540705170e-08
4.564576760653101969e-07 3.733084284118264801e-07 2.759060152236424107e-07 2.461322553951835609e-07 2.607187617215879767e-07 1.625724345887259561e-07 1.212984625920938579e-07 1.234701342473099462e-07 8.877118676918901236e-08 8.241896415026498833e-08 7.475442792210579106e-08 6.115053318043823023e-08 4.955640072443554812e-08 4.536193907626444764e-08 3.978937799881424109e-08 3.267255796974146406e-08 2.516961205604903217e-08 2.195035971248473479e-08 1.874095694009532367e-08 1.348166832840756238e-08 6.459108898250546528e-08 7.974549658637243088e-08 5.644814067940597593e-08 2.092912772223686911e-08 2.852766192540980936e-08
2.252524225631775223e-07 1.943261538638540041e-07 1.957405284180410283e-07 2.930581770997951550e-07 3.329741000445259211e-07 2.982176100428362482e-07 2.060706147529617019e-07 1.284708519886565135e-07 1.033462925878352057e-07 8.227277439642846487e-08 1.907576429272247509e-07 4.527488159338165718e-08 3.817360848394179471e-08 3.191897761012718774e-08 2.798765211404506241e-08 2.299212670179939646e-08 1.794699526584420571e-08 1.502704009764433590e-08 2.831382524515979831e-08 1.691030313182080392e-08 1.792930585783920158e-07 3.848839098458784096e-08 2.305791874317206094e-08 1.221887164946252918e-08 2.864782495221955301e-08
4.343408044090946939e-07 3.493693726981451050e-07 3.532178479935987186e-07 3.165297497710871581e-07 2.291890394159318074e-07 2.159808136901654796e-07 1.593433608590709350e-07 1.325644251271833485e-07 1.125173312818279494e-07 1.186381836012132876e-07 7.787124814304099086e-08 7.594564887413256620e-08 6.258874504981548358e-08 5.451625143003358536e-08 6.668617965899684076e-08 5.345449936100003864e-07 2.643848464020281132e-08 2.299721707806380753e-08 1.358075100434337586e-08 9.941588649153983842e-09 5.534384901327665809e-09 1.682707176083906871e-09 7.639327447514891793e-08 1.433096465245682169e-09 3.183461840438824085e-10
2.972046710498029344e-07 2.601967678273123649e-07 2.964706671662907702e-07 2.124763883443188211e-07 1.717061558324835638e-07 1.043758875395315007e-07 1.104973823525084140e-07 6.728754441639014751e-08 5.147075764493459520e-08 4.399521273787925833e-08 3.307854679383774505e-08 2.379788322557616802e-08 2.219074292179629757e-08 2.184180253584970620e-08 1.758352508420520423e-08 1.699505636238555886e-08 1.560700501168221918e-08 1.277316564129216082e-08 4.256913631781370936e-08 9.688871088386834394e-09 8.043081005270575464e-09 7.064357259039115557e-09 3.118941561584645354e-08 7.654273562221511556e-07 6.158949794984632362e-09
1.135365789024982502e-07 8.241305803513911895e-08 1.047710221809237024e-07 8.524953687838916401e-08 7.576384958552851592e-08 6.307116650747697612e-08 5.625270462551445481e-08 5.295916137262186337e-08 4.833124663934181537e-08 4.308817639326692030e-08 3.922961857756180812e-08 3.645704994253072320e-08 2.925842457046283553e-08 2.151803465550764295e-08 1.377884283432956874e-08 1.069182119221771602e-08 6.766792458771573259e-09 5.217136735872754616e-09 4.610630957033504882e-09 4.328760564375288991e-09 2.535269289366448322e-09 1.869393511244419215e-09 1.175200779470404970e-07 5.856142923180262815e-08 9.805520944711581806e-09
2.791864318127906058e-06 2.439869509763514190e-06 2.271103812620155184e-06 1.447568423025228699e-06 7.981501814544793974e-07 4.156111193320525688e-07 2.333208363265839977e-07 1.690487255948633001e-07 1.266915698133168062e-07 1.330733259370375078e-07 1.521694604390647613e-07 9.915459243098161897e-08 1.530047363852126457e-07 4.505446700283793850e-08 2.834698147750657492e-08 2.091179610505765203e-08 1.726049298020588097e-08 1.333749352683432048e-08 7.942977282148082262e-09 5.243521517496511254e-09 7.763202292941146442e-09 3.516876422579860251e-09 2.944795365951337875e-09 5.341707892800216956e-08 5.285839633564103529e-09
1.784228967040254547e-06 1.540161103839595071e-06 1.814262322789177474e-06 1.712744863467161257e-06 1.339231255591505773e-06 9.268681401023263612e-07 5.857439156896779591e-07 3.238667672730051505e-07 2.146392932145135270e-07 1.164811281667580071e-07 7.702378598225915298e-08 6.066211378827790183e-08 5.291165336703833782e-08 3.803524147459140578e-08 3.280558073209517663e-08 2.572339513687285959e-08 1.944572775142578405e-08 1.428378267324202830e-08 1.126879610875026001e-08 9.335366435076244684e-09 8.611808406669692697e-09 2.436147262085360441e-08 1.761443979676836020e-08 2.413411031986128612e-07 9.426398254437191915e-09
1.798778936925516872e-07 2.675143258221936632e-07 2.906295397531424927e-07 2.541958246830504710e-07 1.903142264019942055e-07 1.296887632006263757e-07 9.965662552675282924e-08 8.026122024267991289e-08 6.218710877736442872e-08 3.459752242909386431e-08 2.094789322638211077e-08 1.662607465777368550e-08 1.175583510358138424e-08 1.011469396290462219e-08 9.446667760465981404e-09 8.395989353675550867e-09 4.199834623160284338e-08 1.162352544420558541e-08 4.606967393750645368e-09 3.441935038299211648e-09 4.758277233601161918e-09 8.527702623291542799e-07 1.191627536790902098e-09 8.015318903845574711e-10 7.542433748763900103e-09
3.014157952809310568e-06 2.477080433684104921e-06 1.855121215267246113e-06 1.349849776575531480e-06 4.927370032042002842e-06 3.791685278058298536e-06 8.175493420259875603e-07 4.985080850631143011e-07 3.006468335312830281e-07 1.991143523810083089e-07 1.485920143825466638e-07 1.066079455762015704e-07 8.150942333495295000e-08 5.732256239457621244e-08 4.412753152372674052e-08 2.732017308461323264e-08 1.770905924010329664e-08 1.069700510970144693e-08 1.403046130710151633e-08 4.963922328524408391e-07 4.251378000139109485e-09 1.978034898987586303e-09 2.507421358688067725e-07 1.746706871932798349e-07 8.927477025460094143e-09
5.412869866964452300e-07 3.348718029053408480e-07 3.553128242329951496e-07 2.776503283174571755e-07 2.306424963808397054e-07 1.546608981468048502e-07 1.368092662154528653e-07 1.259506136424061320e-07 1.091246004352944776e-07 9.535542261413360657e-08 7.593704653636465660e-08 7.214789247624842761e-08 5.237442962176485665e-08 1.414531632512532905e-07 4.416536506857081701e-08 2.494969097942018891e-08 1.735507480386992769e-08 1.207338898430681700e-08 8.503725809523896043e-09 6.974551620211359795e-09 6.166531877278479732e-09 4.338533276267873201e-09 1.216071027579808574e-08 6.883474883411419236e-09 2.162311887450314327e-07
3.128893240858827731e-06 3.119092946367065916e-06 2.680300072715132800e-06 2.635011158592078783e-06 2.100384532707170490e-06 1.502274697040079068e-06 6.749072330924421793e-07 4.476042626556988584e-07 3.255889985092994284e-07 5.297319385238082535e-07 1.181867554673912650e-06 1.132241808073638794e-07 6.869667399305592294e-08 5.217534397869236954e-08 4.383367938009259592e-08 3.553568386902886715e-08 2.656202985137940669e-08 1.924970151162206905e-08 1.214697133739091648e-08 9.134493823095957553e-09 6.568087137540570654e-09 4.245161057958783791e-09 2.034063582522652433e-09 1.960807596025725997e-09 1.446812811144293532e-09
1.281766645652454208e-06 1.203463928280413023e-06 1.089739664433819585e-06 9.441209308232375666e-07 7.118755625038456777e-07 4.877078717098596381e-07 4.041586092140051743e-07 3.196524090394938481e-07 2.301483936182804503e-07 1.686860417138648582e-07 1.207310112035859946e-07 1.000693307578048425e-07 9.815492135009053496e-08 5.990953875306982557e-08 4.077755164710240925e-08 3.144173408896204319e-08 2.391631251166629321e-08 2.025684319356462449e-08 1.389817263289975415e-08 7.378986576794733482e-09 3.727703925401897974e-09 1.085639417130359616e-06 2.616944521729843631e-07 6.754611325659087289e-09 5.251654172028360104e-08
8.942424071970489161e-07 8.913612566164303572e-07 7.085555529267425575e-07 6.747776975467832412e-07 4.312076734480964010e-07 3.262774918290986508e-07 2.277480194701538679e-07 1.853939607108546789e-07 1.528276617025257498e-07 1.268586386742181570e-07 2.412156033849162525e-07 2.388877545300525889e-06 1.453631270964450641e-07 4.271580276378541089e-08 4.265309728385787914e-08 3.936144573968531570e-08 2.349909800603373563e-07 1.886085428221884696e-08 1.297038993262802334e-08 1.090705025281726298e-08 1.782190922005691594e-06 5.780770110791229977e-08 6.323722138153083718e-09 3.203298600766800717e-07 1.053590445884364997e-06
2.043029684319647169e-07 1.662973815405364071e-07 1.405121411418109341e-07 1.220869485743759234e-07 8.688074346026297611e-08 7.073217018915329214e-08 5.084465077164445791e-08 5.535875271325592518e-08 3.355160148253086393e-07 5.073953196697564066e-08 3.187705941072185942e-08 2.911737478332771050e-08 6.958715157613003090e-08 1.702711580049534029e-08 2.201679342992278373e-08 1.835183781379402789e-07 2.190228759870702956e-08 6.698828602768298147e-09 5.672092065919232994e-09 4.410209250387532445e-09 4.430831337609145555e-08 3.761166994221791895e-09 1.929063785233418543e-09 2.378413395801395518e-09 8.397090610628963536e-07
7.100942567797177645e-07 5.421852613102908015e-07 4.379337822572544005e-07 3.629541381573026803e-07 3.255538449685152807e-07 2.789104473955576441e-07 2.347558937004123615e-07 1.110208096707569940e-07 8.223409387949882039e-08 6.796701192572868985e-08 5.609841333066969803e-08 5.382083652101613000e-08 5.232320884200547406e-08 3.802493706026996212e-08 3.404477309046268389e-08 2.781137360232982037e-08 2.229720447498270497e-08 1.755289451130209912e-08 1.263868986637734675e-08 8.695712243282840798e-09 6.925488613405966681e-09 5.901241719502349939e-09 3.477386779486282221e-09 4.357402086987696762e-09 6.653747899983833846e-09
1.250030895424349790e-06 9.643856571111800529e-07 8.373670997190480672e-07 6.593189120032128764e-07 5.197021309216235940e-07 4.591465840927519887e-07 3.342218459986540221e-07 3.945915772519063724e-07 7.130409180435083561e-07 1.713078450470320417e-07 1.351278013603886534e-07 5.030742143569662109e-07 5.598511151309613077e-08 3.256549218517816966e-08 2.532285093632804035e-08 2.101031429117780788e-08 1.628237519676959532e-08 1.457165914472313472e-08 1.064424389667095460e-08 4.067991244783576897e-07 7.805069653773098943e-08 8.484960798169562087e-09 2.868970533329860588e-09 4.870803870986655002e-08 8.790897977557666531e-08
1.896586448386950429e-07 1.560870543484664402e-07 1.469377798628467688e-07 1.104777947531038347e-07 9.934979933925464026e-08 1.114635164089830717e-07 5.588854426978779428e-07 1.317431582184535319e-06 1.069651217375563417e-07 5.546578838159754802e-08 4.847472775431744012e-08 2.714887830433237801e-08 2.169234456475711696e-08 2.196552871655527213e-08 1.870527215559610942e-08 1.821806376035256015e-08 1.651531574700542409e-08 1.375487377753048558e-07 1.001557135466335511e-07 1.890641006778489258e-08 8.011947747400833341e-08 4.575151943032065673e-08 9.508402988849563910e-08 1.848867658154192699e-07 6.527747109333781365e-09
6.447649891045144457e-07 5.999013793768973597e-07 5.235303458957383055e-07 3.013931506039115875e-07 1.776832822826276381e-07 1.411436460817383050e-07 9.723334994374314903e-08 8.253054116683869219e-08 5.717136304488778589e-08 5.105410604841246834e-08 5.242488178429822597e-08 6.394883851227637497e-08 2.297506959151047062e-07 1.624589027241829953e-08 9.871972759829308873e-09 8.807836014904026977e-09 6.873432407502894859e-09 5.968878904962858507e-09 2.666218898699489583e-07 1.100222251410803780e-07 4.476631925741325750e-09 3.973779124874763400e-08 1.449289175966551468e-07 1.404186383997740792e-07 5.206932774163792763e-09
1.350111849089315701e-07 1.314566912448775704e-07 1.540352028963524538e-07 1.582983580054815546e-07 1.204996642152092599e-07 1.082045998060760816e-07 7.171396395778666178e-08 7.379761497989416736e-08 9.906786451535451919e-08 3.033415071322452712e-07 7.920655556714745632e-07 1.220954403959247629e-07 2.183561936858747103e-08 1.385614928221130365e-08 9.690325253398170154e-09 1.758998935777594089e-08 2.371313388980738982e-07 4.806881653711322792e-09 2.202381424331979564e-07 2.453861899590034635e-09 2.032279860329193868e-08 1.651763770839550617e-09 1.437167717684934349e-09 1.161061884684086884e-08 9.175553940485130837e-08
1.066291668531289468e-06 9.070554750374733935e-07 8.392801644337025688e-07 6.630546771801149620e-07 5.482259776278824398e-07 4.092065224236315436e-07 3.129611401592079131e-07 1.461596909065546079e-07 7.643736278447816226e-08 6.084996088238880996e-08 5.435894168083830174e-08 4.562198258489167274e-08 3.293804515404301121e-08 2.897268388534669489e-08 2.362577840244870088e-08 2.112376465050977786e-08 2.129630926551487524e-08 1.361555034769284543e-07 1.245716252577717879e-08 2.586319051082997555e-08 9.273638250608732657e-09 8.415262744484382631e-09 8.116114028479503863e-09 1.186884834519324096e-08 1.394051528675836792e-07
6.694191066068353223e-07 7.377455387238193648e-07 9.076790686662026292e-07 1.029741597733861806e-06 1.222397800324627707e-06 6.955880915084814558e-07 3.171220668695142078e-07 3.001605400466566485e-07 3.511237692233658147e-07 1.429222735009543418e-07 7.955072033361581006e-08 5.424611416057626909e-08 3.383458049944723011e-08 3.105546623623147254e-08 2.861221795973304470e-08 2.117338229110416370e-08 2.114922506081802961e-08 1.669331884017692836e-08 1.082438497394089918e-08 7.018313058207061121e-09 5.272911269342122387e-09 3.295407644559247385e-07 2.313075210307855765e-07 2.434348196769062947e-08 4.693696674754417075e-08
1.925698603410266503e-06 1.989004162879856314e-06 1.844780227304702377e-06 1.760981998027206147e-06 1.672532265783633292e-06 1.488519200228527584e-06 1.003162953770614438e-06 8.403578286206288207e-07 6.757206024062331155e-07 4.909068544755111837e-07 2.151967530836497663e-07 7.742772909325248414e-08 4.623457553737915907e-08 2.901391788392652701e-08 2.211718348620789426e-08 1.590654089896852132e-08 1.180636936315620118e-08 8.107285810296495631e-09 5.609081703795588918e-09 7.991995164125030080e-08 3.155383122408587566e-09 3.588885524512790021e-09 4.420769033965901838e-07 2.874024627633155889e-08 2.181607368501100185e-07
4.543073948179475492e-07 4.460320266417689335e-07 2.720376325149836761e-07 1.362286644927088420e-07 1.068180757392583194e-07 5.396738144818320642e-08 4.302496669235609421e-08 3.712510441408992665e-08 2.666191468367519197e-08 2.171815595934499909e-08 1.856896624095325373e-08 1.856856225942792268e-08 1.897522590478684165e-08 1.800230940501982234e-08 1.697354441293421363e-08 2.867599624462244370e-08 3.223124568384212106e-07 1.044133003059984439e-08 7.489620860238501128e-09 6.510588424914339107e-09 5.051374913384180610e-09 2.700648780503748335e-07 2.514284914642145746e-09 7.667681223146936709e-08 1.353371134294017271e-08
3.726031524482270480e-06 3.694335680575393059e-06 3.725572073712374379e-06 1.568115508153122804e-06 1.152719446651652744e-06 9.110869666875844940e-07 6.456917447819791562e-07 3.485807673223417149e-07 1.969609347525343366e-07 1.609670731248622532e-07 1.321478064916603909e-07 1.056251981782054202e-07 8.140868221603376380e-08 6.267286434023768096e-08 5.211344267823795542e-08 3.801885911505220321e-08 2.538882823862843602e-08 1.794208119494954838e-08 1.084845278096618302e-08 7.088043798802736539e-09 5.100467020696049974e-09 4.089977847337111336e-09 1.325144146059709555e-09 4.068883299057322570e-10 6.304491053096114787e-11
3.519941892798001055e-06 2.943602755743790228e-06 2.707582754517262732e-06 1.354215039070359125e-06 1.182025776934960242e-06 6.129410145370312834e-07 4.302798799974164970e-07 3.652400092050116059e-07 2.848666335403068037e-07 2.282451156487480502e-07 1.566366115290892772e-07 1.390075388464062898e-07 1.015361353667721517e-07 8.366353417864407033e-08 5.288918862801481589e-08 4.001165850040992412e-08 3.127859795316894059e-08 2.214227257022980438e-08 7.288829175193130638e-09 1.714832376545537441e-09 2.006840965177399453e-07 9.800353603572543625e-11 5.945247696321973134e-12 1.490537079281340111e-08 5.431732771934365763e-13
1.144236673827956054e-07 2.060089137728634641e-07 2.215831149632389553e-07 1.195236007302566543e-07 1.178452660762233099e-07 1.073979643595817204e-07 8.329945531869051473e-08 8.274096805720671525e-08 7.998728947923284802e-08 1.157571284637374195e-07 1.760666285581759565e-07 4.340607467083869052e-07 1.469113972851798189e-08 1.224777218030192131e-08 1.012536532138818608e-08 8.968130691106382297e-09 8.096552647416298194e-09 6.840933021979071474e-09 1.200364068685226701e-07 4.734350199458264068e-09 4.117007306566418197e-09 3.661524796278201050e-07 3.434222838314285726e-08 1.179997572960730244e-09 9.667214398789162176e-10
1.205056903848123033e-06 4.956250667026112297e-07 5.867125348403663459e-07 5.985265558429824857e-07 3.628250453464109578e-07 1.858043340013525342e-07 1.874832164016463755e-07 1.439507552207951265e-07 1.050189396460426691e-07 6.785793497954171945e-08 6.121167719877590716e-08 7.036410249174822674e-08 5.668082003821403566e-08 4.542830292374763456e-08 3.640325630942819050e-08 2.577590114754126130e-08 2.067193566146944972e-08 1.604665182954270880e-08 1.048688289097236149e-08 6.358233421517484556e-09 3.219561946166437445e-09 1.048808679133690780e-09 5.739873380361354381e-10 1.417449343294307647e-09 3.631947791975697664e-09
2.396951036004791592e-06 1.882454151690286531e-06 1.560630981764411849e-06 1.103788884174251235e-06 6.789088968066373649e-07 4.488565312014561719e-07 2.854468763707915861e-07 1.510432053115090855e-07 9.110772601014436731e-08 9.816626816735230933e-08 9.892074565790956586e-08 8.859360314778683605e-08 6.376625886230541408e-08 4.618715239978958927e-08 3.914522962659826179e-08 3.041133289071805618e-08 2.553056514942893929e-08 2.125287773885426240e-08 1.502829693696935945e-08 1.043746034316173072e-08 1.150431516870499948e-07 8.907396131778691432e-09 1.223215022657451210e-08 1.771172622166925556e-08 3.256678903855390628e-07
1.851151414849076570e-07 2.168164248569892937e-07 2.536607866112746162e-07 3.358331899967908979e-07 3.640814310487822334e-07 1.535152836830756676e-07 8.663062176475107315e-08 7.591409586538526721e-08 5.938055825207771205e-08 6.631037190148353250e-08 6.163879236300547232e-08 4.471920818667907198e-08 3.806110819769579632e-08 2.779041024647237771e-08 2.572049181423521516e-08 1.926175903739187569e-08 1.370393311411130917e-08 1.051123820137712878e-08 8.146045462355473773e-09 6.444605608929705863e-09 4.903458042498094443e-09 3.668022449339071804e-09 4.632848826921879107e-09 2.748722989142704096e-09 5.904664701363760358e-08
1.207821500443420861e-07 7.045006068173410179e-08 8.110500988191542190e-08 8.029353452555550982e-08 7.580901262056053510e-08 7.488427892657876425e-08 5.798756638002080584e-08 6.245893065063407915e-08 5.024791298544953213e-08 5.289037562079957536e-08 8.062199486781975481e-08 2.529922435377563114e-07 3.748699645157567961e-08 2.076814880064654641e-08 1.770819586388342839e-08 1.245601312237959485e-08 9.302892244387402415e-08 8.657851108573858756e-09 1.289424939710039275e-07 4.957154686673156499e-09 1.276385022042908265e-08 3.090765133553451783e-09 2.405160138123371000e-09 1.389258156748543358e-09 1.215351552303481930e-09
9.557723156681194931e-08 8.834189906527363155e-08 5.781585355405347137e-08 8.342213956779464498e-08 4.018997079843502244e-08 5.328117660522948794e-08 5.843025773210941648e-08 5.547945363798401695e-08 4.669776409841361142e-08 4.102262058688932391e-08 2.099946139365775128e-08 1.653316562796371715e-08 1.551514954793113939e-08 1.197150644381934478e-08 9.922299902208078327e-09 8.004294494688858226e-09 8.644486203716452001e-09 9.033935409513499467e-09 4.467081261654724847e-09 3.784338385585318714e-09 3.179922303710914854e-09 2.534571898842230505e-09 2.023381605427379522e-09 9.122051862684045126e-09 1.620946864403414041e-09
4.815337097902791514e-07 4.512037221310090166e-07 5.697620163705398520e-07 4.620943909682621228e-07 4.096080503591508042e-07 2.722689864525553735e-07 2.487862648238708246e-07 1.991903673161459222e-07 4.448331076125935914e-07 9.200823661274205400e-08 4.781598663899082099e-08 4.996426852160995899e-08 4.585035668550711060e-08 3.854031864383441029e-08 3.135336626386045145e-08 2.485428555616741525e-08 2.229052577478157122e-08 3.077780719535876648e-08 1.135498913777662019e-08 8.808431962573896134e-09 6.549275926838687149e-09 4.121486309993525145e-09 2.271501137193668564e-09 3.485003132464573412e-09 2.419723572740855903e-08
6.543141356807703904e-07 5.166975064129962387e-07 5.427687475982734956e-07 9.793111570292482733e-07 1.267240361402459549e-06 3.954406013935117909e-06 3.494612047470233455e-06 2.250330515592182885e-06 4.702747139953524780e-07 1.661551084933424445e-07 9.641812693100483299e-08 6.554408677739384441e-08 4.454707569167581790e-08 3.342053572103162081e-08 2.612137097030461827e-08 2.106661571202881173e-08 1.652708693744904640e-08 9.998519800662772367e-08 1.129228185295500759e-08 7.990465466300703439e-09 6.187563341933228287e-09 3.780262488830422097e-09 3.010403330919670585e-09 1.264055051619089365e-09 1.597168533143702651e-09
7.753316131068168067e-07 1.095807614005327245e-06 8.776398532000481242e-07 6.975190069664594138e-07 6.206494968580470362e-07 6.816591956423728156e-07 3.349579431521610838e-07 2.649433352036406599e-07 1.772259051120002031e-07 9.856250951585194502e-08 6.824669928326168336e-08 5.479829654017275664e-08 4.143496459928632056e-08 3.683261316206167102e-08 3.309017102403689460e-08 2.465205767769987394e-08 1.857681955889032487e-08 1.652482092473641425e-08 1.046232514527706495e-08 8.004281458727989242e-09 4.864665752840031373e-09 6.114150713617659607e-09 2.610801651920096791e-08 3.654742620832890458e-09 1.954248632837465849e-07
3.703498168842597262e-07 3.155184296780026798e-07 4.786934745872069763e-07 3.853640360673888102e-07 3.166751061856128005e-07 2.406243484623914640e-07 2.007082991028453366e-07 1.240780874855977739e-07 8.055957872303561466e-08 7.484804200309549822e-08 6.814197657122884988e-08 6.542444728617647131e-08 3.526229109533022152e-08 2.117783006678807956e-08 3.468571999810579390e-07 4.005416713808302601e-08 1.583926625355211878e-08 1.200193721866533254e-08 9.822663732750098785e-09 3.409542202399133879e-08 5.784812486868488724e-09 3.617993259786748163e-09 2.826597707182824742e-09 2.111671559661475848e-09 8.596778543696278769e-09
3.863986020936701213e-07 2.513927699241749533e-07 3.911003640847208161e-07 4.377143197975092241e-07 3.913349900019569572e-07 2.008625771464628931e-07 1.669544585389198896e-07 1.438106793347071503e-07 1.319703737165811512e-07 3.011549179387001919e-07 7.019799483662863881e-08 5.234958070744762249e-08 5.407803408363391612e-08 4.227451356090253758e-08 8.260223671641788256e-08 2.281149566133243222e-08 5.591870305444707331e-08 1.191329148183374805e-08 1.022184748301128501e-08 8.395089393672535283e-09 3.360734174847236287e-08 5.800052247359385311e-08 5.451738943429575469e-09 1.500683903820032394e-08 1.431880234626934900e-08
1.252161042588895135e-07 7.580751910409651289e-08 9.275684524086306470e-08 7.124097251250760809e-08 6.214316868299072660e-08 4.363385132366089864e-08 3.804144880908934555e-08 2.896267546581716829e-08 2.661335047097448612e-08 2.088834876525158856e-08 2.035706778410001369e-08 1.972332551041136191e-08 1.987943694768781018e-08 1.724680656137576752e-08 1.176779470845909698e-08 8.059248937546695309e-09 7.094277272288617748e-09 4.425585664672014698e-08 4.107517116015959739e-09 4.575966477996193330e-09 3.350070963193484123e-09 2.647478604880647693e-09 3.439468607792398690e-07 8.119576425473642269e-09 1.152283551294529770e-09
2.279996632372036081e-07 1.438107509685799082e-07 1.272999878462967309e-07 9.064393376533050106e-08 7.318581505328188784e-08 6.491316169825865966e-08 6.618466045618344161e-08 9.715064994778745494e-08 2.453913963960321444e-07 2.538840386486272628e-07 3.256582324164578285e-08 3.046055136931076203e-08 2.860085617139802965e-08 3.024147845467334920e-08 2.714884704936639503e-08 2.494444229866531291e-08 2.997413828643141596e-08 3.297200492236807114e-08 3.243114100015011308e-08 2.771248013014209965e-07 7.806939308130554647e-08 5.539204128888054080e-08 4.354563023724129001e-07 3.428912787001612978e-07 2.244045491031413377e-08
4.487736844864107718e-07 4.131186650161318061e-07 4.819038986873599831e-07 2.589043966970403867e-07 2.464882975559203183e-07 1.653170856021756949e-07 7.754691348147976031e-08 8.167713794473772597e-08 3.513783192820521551e-08 2.407410877792820338e-08 1.756032246592988473e-08 1.707560666980556726e-08 1.748270273537658380e-08 1.968457094806067369e-08 1.330682529928531450e-08 2.042674158700631463e-07 1.213978423945755966e-08 6.088205305798266186e-09 5.681477424093544171e-09 8.015944127013712689e-07 5.411099526213976545e-08 4.198133269819577584e-09 6.078896857098035592e-09 1.265353097157891067e-07 1.043404290899894960e-07
1.409733806200648394e-06 1.195169641281987534e-06 8.304299703357389811e-07 6.357930857900723356e-07 4.449252161630184900e-07 3.133383244830383064e-07 2.232605995295297453e-07 1.434562624765959604e-07 1.163218018167889679e-07 8.558107715609368516e-08 6.040491049749093969e-08 9.373461403296032967e-08 7.719014293153534026e-08 4.144854210025632414e-08 3.831269287483037303e-08 2.790575954616441031e-08 2.123246884733928012e-08 1.652611812412064768e-08 1.300531053652069012e-08 1.062534035750160434e-08 2.480350070932070120e-07 2.076490939659914144e-08 1.030171864726626768e-07 5.223775528798708896e-07 2.134223091355831340e-07
7.449697585768444210e-07 6.849382891395763966e-07 4.876600922432515340e-07 3.128814281570119283e-07 1.893437076018689756e-07 1.088823802496920884e-07 9.939334794631200823e-08 8.910281895995268500e-08 1.207880055657431267e-07 1.023800023609222359e-07 6.143364056191141055e-08 4.432645482537100786e-08 2.886347980073371833e-08 3.180439204199012708e-08 2.639821841385235301e-08 2.152326555557191310e-08 2.089068079546692691e-08 1.759407249175901482e-08 1.743440839408510636e-08 1.286009195101060729e-08 8.084512462657615535e-09 2.867469267668805649e-07 1.000831929437691741e-08 1.211264602619920914e-09 5.470461189375088079e-10
5.957695518626095188e-07 4.468914478653650247e-07 4.097206814354683475e-07 2.129787415742443762e-07 1.729830952680144942e-07 1.448063880357772798e-07 1.291487214172779248e-07 1.074257837474597961e-07 6.566017927637128097e-08 3.547312371644623403e-08 2.310294130925695636e-08 1.932648170071745693e-08 1.928400711382333925e-08 1.577269308943916820e-08 1.750016814742211250e-08 6.824042446428673406e-08 1.066287803767291372e-08 8.091031094965301784e-09 6.331746329252367452e-09 5.502606458435850921e-09 3.996358360513976217e-08 3.785466594431389004e-09 3.354178969253621134e-09 9.550434394225652972e-09 8.507065609789496344e-09
8.949049114588955841e-07 6.673476901443073506e-07 7.901276759100061198e-07 7.151529685998297842e-07 6.535671468625311277e-07 3.820056827432058430e-07 1.712404899110381090e-07 1.436936077911414451e-07 1.291769338666739086e-07 1.340795326880387915e-07 1.383059152354615047e-07 1.157637020347556886e-07 8.645162438127720180e-08 6.907663376605051860e-08 4.059278242936732881e-08 3.377408330528110183e-08 6.261727784249202655e-08 2.099177587894371054e-08 1.625903417158786783e-07 6.681137759829218084e-07 7.626501919139762718e-09 4.758013044075138054e-09 2.474216146453891371e-09 1.396448057685272981e-08 2.382209430317697751e-07
1.638728375295178216e-07 1.650340908104510000e-07 1.369737004090571082e-07 1.102190579266995830e-07 1.030125328498681985e-07 1.166165026096544500e-07 1.693698662564353644e-07 1.849133696596761924e-07 6.538771100123498740e-08 4.151948852900882832e-08 3.245661230605026822e-08 3.372595521047000815e-08 3.532614312548612199e-08 3.493170345987667249e-08 2.368485355662278730e-08 1.542695622397677208e-08 1.105377611689041336e-08 9.139149644526146063e-09 7.990268883771355396e-09 3.456923644708417592e-07 1.213806347197622559e-08 1.002091705113589606e-08 1.964012607961957467e-08 1.076470135067729287e-08 1.480848178020092188e-07
7.647403681358354599e-07 4.049241580814588384e-07 3.334734972978867313e-07 3.148152188673780702e-07 2.320734292879440965e-07 1.206404534254501199e-07 8.271110575478390153e-08 6.510404419476573612e-08 6.384683696891739169e-08 3.824518327814397896e-08 3.305480341535618527e-08 3.058649646579190722e-08 2.617059087923278717e-08 2.314065001549402874e-08 1.892509734092062686e-08 1.771806048541275725e-08 1.763258990304347848e-08 1.401618333932249883e-08 9.867023770640331839e-09 7.764027835241369743e-09 5.665796051040778085e-09 4.642901511195360016e-09 2.985550684714001419e-09 4.157157457815114082e-09 8.495899892559516376e-07
2.065205861403708101e-07 1.851253567480287248e-07 1.444954933036062142e-07 1.090868500807288188e-07 7.925387126464735593e-08 5.455783411076008415e-08 5.926934552115013690e-08 4.805017225461624977e-08 3.865069466817120185e-08 3.080003205121658976e-08 2.911359264478635854e-08 2.435258923843183812e-08 1.774458439249666876e-08 1.276901596085513023e-08 9.940959098814206493e-09 7.704168478602392465e-09 5.315432266335115185e-09 4.138560227975641525e-09 3.470462845911471997e-08 2.005996829494372247e-09 1.600456728277774380e-09 4.290211142938964286e-08 3.346160275795926459e-08 9.272256622147420871e-10 1.135720855325346334e-08
1.029796976055234448e-07 1.185333658524794028e-07 9.031382670893155871e-08 7.244720058107786090e-08 5.707789323004795350e-08 6.061652779646309262e-08 4.325589295924383447e-08 4.501903568465879812e-08 3.528777380225424792e-08 2.891328850902444441e-08 1.901725949420766362e-08 1.488386206213606903e-08 1.530542613319417456e-08 9.880105083472464051e-08 3.575851299196585847e-07 8.490666757276476447e-09 5.099213936793949262e-09 3.950212493536862873e-09 3.369159229319444656e-09 2.690767160803113347e-09 2.224421399721754318e-09 2.162534020923604329e-09 2.194996671212346328e-09 3.630384897575500475e-09 8.367323907865685688e-09
8.991098768585529485e-07 5.760537427181159041e-07 3.479324242591701892e-07 3.252763074921889377e-07 2.300883898056074215e-07 2.656494221598797659e-07 2.904345416605261876e-07 3.911194189395970030e-07 2.540504360001857336e-07 1.266423035219174201e-07 1.055920892892203548e-07 7.946313599311720077e-08 6.138682708665574553e-08 4.482553728829629456e-08 3.315604827999351498e-08 2.754135912113545585e-08 2.313735296800110763e-08 3.217650418327542874e-08 1.319023058989775903e-08 8.826265526550513439e-09 6.861167721459762409e-09 5.852485028719295602e-09 4.146436186127845739e-09 1.946679905379472036e-09 3.284867590013637176e-08
3.414565938027521998e-07 3.506110402602265224e-07 2.962327202951052397e-07 3.308258819706534278e-07 2.312085437817031216e-07 2.253780457950904511e-07 1.797193717790940147e-07 1.470869215053730793e-07 1.233925075015712051e-07 9.263039818975392634e-08 7.883425709120522111e-08 6.615011686582249780e-08 5.949057151086317160e-08 4.897326538026451590e-08 4.539625232300331481e-08 3.620957389045842480e-08 2.390501379686453127e-08 1.842218638011227618e-08 1.596665861888974826e-08 1.477009317202479553e-08 2.306456742023064027e-08 9.529251840497155372e-07 1.420303831553000547e-08 5.902662948196739889e-08 1.760376864377083819e-07
1.049496820652630601e-06 7.766221135352928113e-07 7.472936427643943413e-07 4.949238765216122249e-07 2.970835317100851976e-07 3.251626759958949614e-07 4.159946573580272877e-07 3.888667011041663760e-07 2.847734454051187373e-07 3.181197316706306823e-07 1.081305984743136498e-07 7.161212376792440022e-08 5.112034012922371007e-08 4.353072712559581881e-08 3.616518566758344151e-08 2.812366780958038358e-08 2.189561358783769105e-08 1.797178690540163196e-08 1.385470439517386507e-08 1.277125745032425730e-08 6.020508343126704887e-08 4.275482652940988322e-07 1.470492523018737673e-08 1.953584195159123422e-07 2.616654567428077341e-07
1.231450009747234373e-07 9.286020786092469341e-08 1.250571446946440957e-07 9.140951690689091327e-08 8.520819773996991932e-08 1.291017030684862615e-07 8.841997882139837514e-08 6.830524548399410050e-08 6.943733664049810081e-08 4.842913141950201572e-08 3.528884060292936222e-08 2.677669684276711847e-08 1.958281323355990601e-08 1.961808106930929484e-08 1.484766130551978077e-08 1.289502381796366627e-08 1.430971476681220572e-08 1.376017334498985501e-08 1.220210530797391141e-08 9.514660707896954876e-09 2.813730140460555890e-08 4.431942927917332681e-08 3.487453914097975104e-07 2.068454277662700869e-08 1.722073530567525423e-07
2.375909393238701316e-07 1.838465988370939844e-07 1.253234454131299070e-07 1.124163467097365464e-07 9.854588388314243847e-08 6.696522414511360151e-08 5.726770033636587309e-08 5.285269305460392098e-08 6.134706144782516408e-08 5.139781627966269996e-08 6.258445947532087883e-07 1.589041826670138057e-07 2.287222562705771349e-08 1.843787493505306643e-08 2.746176823244043169e-07 4.459340748858041120e-08 9.467928659341766297e-09 6.495914113228693207e-09 4.761641461726213855e-09 3.787013295588271445e-09 3.444484910662228219e-09 9.743667570209339406e-08 1.892435584750114745e-09 1.301293112399310531e-09 9.944239746297324411e-10
6.424261244557833315e-07 4.717495665426404738e-07 3.255696349369321725e-07 3.249551062700451691e-07 2.864946449797536178e-07 2.002382584760939583e-07 1.402512739080435268e-07 1.205929111319949124e-07 2.611503503720575064e-07 9.638623179399280734e-08 6.535162864540813850e-08 4.397273227587857138e-08 3.379688292529903337e-08 2.390062902273709493e-08 1.980023689005534321e-08 1.594794620420979113e-08 1.225901964661811137e-08 9.570154859701086107e-09 9.556119832641840495e-09 1.396209906776421372e-08 2.876682325278794824e-07 6.951581803722997013e-08 6.768244056722016904e-09 7.204863112254463424e-08 1.164934927102569192e-09
3.570761163069512517e-07 3.068884204103587198e-07 2.641647539109638052e-07 3.142717399906721355e-07 1.539855917965853179e-07 1.258221147084795758e-07 5.694672548522075457e-08 3.447156534826497757e-08 2.626866969583274425e-08 2.607078676236861300e-08 2.295610556028708308e-08 2.227442355611755979e-08 1.910608762557307342e-08 3.249256083300389645e-07 1.728350055979903620e-08 1.130996865279020342e-08 1.041343063332242532e-08 8.645045029253861199e-09 7.108765988579994111e-09 5.667862863329494434e-09 4.583663748104351251e-09 3.908507207731968739e-09 3.452749380941150201e-09 4.205521811066220598e-08 3.645506917037463894e-09
7.804203254573655089e-07 5.542736176225194971e-07 3.740415148072462405e-07 2.763044636888902507e-07 2.009378457814807127e-07 9.790567129056597149e-08 7.874998092926411742e-08 5.928772721669919530e-08 7.865270768007052978e-08 6.295281741753692977e-08 5.402024205055017690e-07 1.044594440519983916e-07 1.423407481047821045e-08 1.120327919823671642e-08 1.017409305974947134e-08 8.042442322304341746e-09 6.386503727217201145e-09 5.970731408038438364e-09 5.780737703763512686e-09 3.061222860758220203e-08 2.970681422121997900e-09 1.447248573125028446e-08 8.226323878432237656e-09 1.326204215353012861e-09 9.511855324121523880e-10
1.152868188085985429e-07 7.001302958472217509e-08 6.689371006684294017e-08 6.217588644471859214e-08 5.696942289455038483e-08 4.602996683859527321e-08 4.238751325625655259e-08 4.080562480867978592e-08 3.269586632118819746e-08 5.942190100337013815e-08 5.328270290509385199e-08 2.685457783732169673e-08 2.065787975926978892e-08 1.524304239013947094e-08 1.094971220310417692e-08 9.898405204027698393e-09 8.071072884366238467e-09 6.255835846280247057e-09 4.984805230209313840e-09 3.629277293912831712e-09 3.109355583149873023e-09 1.587333861033986486e-08 8.408504025705854720e-07 5.088573017769811206e-08 1.463675657741683560e-09
4.088821508426110743e-07 3.276806713839816663e-07 2.937514429450940935e-07 2.756343602527337475e-07 2.996985519200463948e-07 2.594709194626909849e-07 1.641252195585412505e-07 1.545509096335348844e-07 1.408982082676457178e-07 7.829306927530092518e-08 6.630998904560495796e-08 5.521186746820751246e-08 3.997748730282873210e-08 2.983498934794577757e-08 2.481958248067014979e-08 2.181227336904249244e-08 1.954237364936360832e-08 1.831577372289444263e-08 1.880284522579157750e-08 1.610614730578086526e-08 2.681259399704899303e-08 2.541174186111758613e-08 4.851268435937750590e-07 1.412035364382794731e-07 3.127377874196470146e-07
4.454990357817607528e-07 4.186450766758482094e-07 2.925653432838285378e-07 3.747741930132779595e-07 3.069417979615846521e-07 2.129129891361396966e-07 1.986600865478575497e-07 1.001272561895002452e-07 7.029675461560770895e-08 7.290748764838034701e-08 6.287128868094820277e-08 4.408324789678225056e-08 3.874911420696059095e-08 2.914641321253408031e-08 2.285737799920121701e-08 2.099267512425956171e-08 1.564217999240527745e-08 1.090342636103176820e-08 8.932269003095475186e-09 7.589716750073012261e-09 5.734525396814925158e-09 6.463733740861761730e-08 2.100695153184207700e-07 1.210732073031599754e-08 7.164324266211364032e-10
1.318788312741627622e-07 2.474868693984546472e-07 3.808743588149340263e-07 7.552080627363404666e-07 7.924908140132102853e-07 1.606078925396463152e-07 7.878045091148703184e-08 4.751860183759133444e-08 4.079221301700761160e-08 3.130314573412767965e-08 2.741939546490906370e-08 1.769769710507826869e-08 1.284192983502423589e-08 8.892224427334340387e-09 8.234811570651200196e-09 6.936733316021541043e-09 5.923963348320913226e-09 4.935575316008563481e-09 4.820339180390610805e-09 5.123443047917732021e-09 7.520935851300503497e-09 3.195581101250030979e-09 2.376997331572362664e-09 2.016455816247569468e-09 1.472329962081779354e-09
3.812902556968739310e-07 2.696457996285842520e-07 2.253034629806416985e-07 2.085099100922106504e-07 1.505133872315848364e-07 1.741907034104353559e-07 2.170093737279336671e-07 2.216034446336282092e-07 1.823366853891476840e-07 1.197915902784851497e-07 1.559144744188636964e-07 9.970663489696997635e-08 6.375908879616843047e-08 4.979490505987612677e-08 4.229467024789565664e-08 3.186387529222899046e-08 2.432095707107415350e-08 1.944231122826078073e-08 1.324772727728762183e-08 1.011167638808750654e-08 1.005923602935836385e-08 1.079317424702382092e-07 1.615385483700234674e-08 1.777338730801879385e-08 6.450931281466816808e-08
6.241499615451024992e-07 3.588771157623211408e-07 3.513162175913068055e-07 4.073560465738735234e-07 4.635569016577742725e-07 3.240962993171307950e-07 1.582959122499375076e-07 8.913679077924853208e-08 8.218688975499052335e-08 6.192449776626054261e-08 5.585718585656655907e-08 2.885252976308471533e-07 2.994308127241520736e-08 2.042695804579848057e-08 1.690355917436097324e-08 1.493580200168031678e-08 1.098925683960150754e-08 1.097007628277593521e-08 9.892866265411010940e-09 7.506670774995688248e-09 6.354614211122855928e-08 1.642485549672493563e-08 7.548740289111004574e-09 3.900627222769595517e-08 5.436252821526320975e-08
1.157597817155513434e-07 1.352616571850317900e-07 8.536687027444654069e-08 7.525964349659949766e-08 6.225618698366865070e-08 4.458237793701546037e-08 3.752761006554844371e-08 3.842037963737324876e-08 2.632558099423407374e-08 2.572487744507774452e-08 2.148881953246776723e-08 1.948181455488924784e-08 1.684106794312946038e-08 2.104221580688102771e-08 1.995058402843097605e-08 1.860026696915504727e-08 1.483814437970330880e-08 3.016050041130230549e-08 9.292799078497891335e-09 7.947437243726091026e-09 6.551034340050811811e-09 4.489462912418742142e-09 7.447904200581622112e-09 2.206138347739409318e-08 1.078247563898244517e-06
9.141386630910891547e-08 1.052830997962306298e-07 9.081847217307027620e-08 7.834128606535608782e-08 9.098662389310647227e-08 6.767027612995545265e-08 5.683504292524987463e-08 5.601281917904581635e-08 4.766805851137710918e-08 3.962104322396795705e-08 2.892307922713856414e-08 2.345810503966975683e-08 1.727517068632580185e-08 1.545243300755089908e-08 1.337027890423446115e-08 1.165782799934473299e-08 9.214701956193445598e-09 6.865638877140772724e-09 5.683156511373095427e-09 5.246172821419520140e-09 5.251618563636529477e-09 4.111559488364816853e-08 1.071051484793552341e-08 6.502364801859404814e-08 5.325998861152968159e-08
2.361913261358913935e-07 2.233814855961400340e-07 1.669529475749821302e-07 1.123896767367344793e-07 8.032202410522657603e-08 9.383401171761023562e-08 4.966880693445289234e-08 3.722668573563580816e-08 3.422356589753759733e-08 2.990925779480637725e-08 2.840717399109722058e-08 2.318500754218751444e-08 2.260056187942466245e-08 2.154324053982546289e-08 1.024667741134236386e-08 7.021146918472806861e-09 5.483773183184953563e-09 4.521048016242659955e-09 5.796510124620127421e-07 2.478580188880313676e-08 5.209291549128174782e-09 5.869621974148142575e-09 1.279985746324326470e-08 4.279122265508939762e-07 2.647876402793331285e-08
9.483275408372656703e-08 7.519684878495572845e-08 8.206324417428380191e-08 1.210978829509232974e-07 1.659794226839916010e-07 3.340148484828525822e-07 2.317646547877323030e-07 1.858281744339365512e-07 1.050050111618208202e-07 6.121859659607377820e-08 5.069465645039915650e-08 2.731812532080664842e-08 2.173401741660578664e-08 1.935137462219511137e-08 2.156405084165005266e-08 1.399121218474893603e-08 1.084428749817920344e-08 9.768575133482170032e-09 8.113339784895417693e-09 6.628650466181400196e-09 5.112621245973369209e-09 1.851235794674448649e-08 1.864756964057053203e-07 1.969360780579406178e-09 6.820269937127443150e-08
2.043299622212133199e-07 1.396929704143254276e-07 1.552116200884197826e-07 1.002764820401345044e-07 8.818475354466804196e-08 1.045390827547124046e-07 7.122466717063494662e-08 6.352473286846980465e-08 5.183345348119781638e-08 3.928155841357613702e-08 2.615825494888751098e-08 1.861852784925162525e-08 1.454320502928118693e-08 1.447054171525630134e-08 1.126718710423506481e-08 9.480801762041760676e-09 8.580940681253637375e-09 1.268198340367571305e-08 5.841967341786193942e-09 3.867366453301485613e-09 4.328764436661673355e-09 3.859537213014083727e-08 2.381905046004643786e-09 4.545135475021767348e-09 2.429113260070867427e-07
6.112522566773500682e-08 8.497521764257155311e-08 1.000165322736224772e-07 1.024355052139963585e-07 8.481728300792382642e-08 6.778670949143230325e-08 5.621943898131931668e-08 4.728659141227358413e-08 4.198145078175882978e-08 3.179745333795903775e-08 2.663741466075810547e-08 2.014126048867196349e-08 1.499102664467384468e-08 1.058047683699525343e-08 8.964519976487669410e-09 7.009360517933465138e-09 5.248957456553384778e-09 4.270135540975565116e-09 3.830534017886640932e-09 4.271105550264998452e-09 2.637863654736345356e-09 2.107220584911189039e-09 1.647722440797824268e-09 1.333320103678460949e-09 1.069499685924370634e-09
1.175752566788349572e-06 1.233675451602773986e-06 7.877905005400443340e-07 4.727140824168004420e-07 3.098251631702867020e-07 2.578047648185570385e-07 1.540799599354011393e-07 8.006638809025261952e-08 6.328687331702037649e-08 5.735938198603558354e-08 4.613166990522290913e-08 4.109495989592758190e-08 3.229569633725542164e-08 2.705799486316645782e-08 2.330804680182673014e-08 2.130250532243223663e-08 1.698880807985482434e-08 6.396244409317401780e-08 1.427576909532035549e-08 1.046348399259706395e-08 8.593204868918569753e-09 4.880780075056064437e-09 2.852341132608625280e-09 1.910454752192397565e-09 1.072238704112084408e-09
9.528928675362884306e-08 1.035297138822830761e-07 7.605174702817421545e-08 7.697753316271459525e-08 7.092938672565682839e-08 5.610093853543798162e-08 5.632826815643164540e-08 3.980673450700935987e-08 4.028909940267134958e-08 4.328703372635988527e-08 3.326701705639016447e-08 2.400118548627470680e-08 1.721783564556209043e-08 1.414321189678924489e-08 1.175479425750935882e-08 8.735432718461694297e-09 7.389910022628438628e-09 6.488232031608354872e-09 6.530606699180293207e-09 1.830641920273912909e-08 5.854573204367218915e-09 2.095694894907908966e-08 5.778395664234673312e-09 5.184535450283166642e-07 4.761656032126621197e-07
1.118765118732879406e-07 8.939913990890444902e-08 1.214806485840046479e-07 9.616510044399761776e-08 9.877270034864763253e-08 8.256336917429490729e-08 5.713456266575485464e-08 4.907027145953765386e-08 4.632484308299216821e-08 3.849661434839893158e-08 3.423907767003839294e-08 2.694929667595841464e-08 2.167691312133374561e-08 1.792083393061496078e-08 1.503128071557726929e-08 1.323891492748704596e-08 1.162475233295220413e-08 1.136210737604785271e-08 9.638286687564239876e-09 7.781727366570071849e-09 6.489238170001195002e-09 1.717790244296178110e-08 3.907392091536432066e-07 2.929939150367066086e-08 1.502995332646511390e-08
