1.407187328086458385e-06 1.056192421906693161e-06 8.028073794332421541e-07 6.860734040474948992e-07 5.810192940489624524e-07 4.653602808717642341e-07 3.069014322695807111e-07 1.787100777033134573e-07 1.388907085482190156e-07 6.577748968864667436e-08 2.898810199913987178e-08
1.123829398069829038e-06 1.093688631724024657e-06 8.160040213350441759e-07 5.523148647692645387e-07 3.559348486108027591e-07 4.398160637905025401e-07 4.374309793136716242e-07 3.091524252438113873e-07 2.202258583939513880e-07 1.082099480320873393e-07 6.916965303003270645e-08
8.615146264339605375e-07 6.667762312123470094e-07 5.741932051106917092e-07 4.856664884440178997e-07 4.273992311545364416e-07 3.246493690162675583e-07 2.927626022116485970e-07 2.001192557603502875e-07 2.896151207478608490e-07 1.576062225388567382e-07 1.145882844560131223e-07
9.944775090049945417e-07 1.042342185759988440e-06 7.539928062555818735e-07 5.493794678691139701e-07 4.455178214141861066e-07 3.567009584913663989e-07 2.683183096043652243e-07 1.947042896617050340e-07 1.412561029101117593e-07 1.033763850311826104e-07 1.631325699068787174e-07
1.179563518878353379e-06 2.937409006148636373e-06 6.054239149282759944e-07 1.683736487521247747e-06 6.576492020805702303e-07 3.898803635873426390e-07 3.152602425124846948e-07 1.680583329119803847e-07 1.521016971170772451e-07 3.975292797970011647e-08 4.174055905563518007e-08
3.964030577960193938e-06 8.350722390412852808e-07 5.663364925672032330e-07 4.451109358135902835e-07 3.626681517435899689e-07 2.729365933105267089e-07 2.258829176459583917e-07 2.570252794764846664e-07 2.027443716108870979e-07 1.765984586509254685e-07 8.879609929749989960e-08
7.171845234829335746e-07 6.987384375315616308e-07 1.587093908537373525e-06 1.043287634666655654e-06 6.019610962366780821e-07 4.238630572467261492e-07 2.643512749267277069e-07 1.718234165857658097e-07 1.479958276225236138e-07 1.831842257665640529e-07 1.836104328934445226e-07
7.439150534887481302e-07 7.794846531151186928e-07 7.386185434902813455e-07 6.255929342148272301e-07 5.162266064548728733e-07 3.962226914118401289e-07 3.070310570824575323e-07 2.826451399331048905e-07 1.146427023916652494e-07 6.412707032055397246e-08 5.333827804524296803e-08
7.232821687785879520e-07 7.931856777448376934e-07 7.482228572097428277e-07 7.158014460093089401e-07 5.560357531150045692e-07 4.494413204836885861e-07 3.222962723799171966e-07 1.998462994883194449e-07 1.001294697457915097e-07 1.167554100164672674e-07 2.378569677518049006e-08
9.668570615225570678e-07 8.534385744259642000e-07 7.957723059638819711e-07 6.077396246538988213e-07 4.670430699837732288e-07 3.574621165694724519e-07 2.605144307592398061e-07 1.858551866913210859e-07 1.414645642971936954e-07 1.755304318531924510e-07 1.396321917531237218e-07
5.162152383164931562e-07 5.126853137218830469e-07 4.774165231828760904e-07 4.026323369239091311e-07 3.357592471958437104e-07 2.725712493396179555e-07 2.319919891996256448e-07 2.215492216445313530e-07 1.423948690783781558e-07 1.470229768066050685e-07 7.615135461862531679e-08
9.904629674648943565e-07 1.090783887943522383e-06 8.299847006485565848e-07 7.087065263316862923e-07 6.023870316155700898e-07 4.373240624207012196e-07 2.999301062066047035e-07 1.928821031449883197e-07 1.091982398892361153e-07 1.013335672904895690e-07 3.567372699200845724e-08
1.990523404096613451e-06 1.530380493855397885e-06 9.826588956805746689e-07 7.389933901247957899e-07 5.477000175168939379e-07 3.811304962372125544e-07 2.569418929531325101e-07 1.801303567114893917e-07 1.136722950320482576e-07 5.050209305732062971e-08 9.384207644907063566e-08
8.960661094784745884e-07 7.181824670336987740e-07 6.937361506580031196e-07 6.216378164777843577e-07 4.826369457064321697e-07 3.670533797705379540e-07 2.689470207607514970e-07 1.729159583219753198e-07 9.501493140185485866e-08 9.908694602259150207e-08 5.347722568299390495e-08
9.015669317053262181e-07 9.151986984372249389e-07 7.365151242379600109e-07 5.996588477858104222e-07 4.860110008015520129e-07 4.085954363050467997e-07 2.975739334585727421e-07 1.892037823403659835e-07 9.892359199435567212e-08 1.828168796590841180e-07 7.977189884218119065e-08
1.446019028830110071e-06 1.059873101180009271e-06 7.001474733609733851e-07 5.774749114878390133e-07 4.665695423204394010e-07 3.570375115681611106e-07 2.840608733949975171e-07 1.994081152528952140e-07 1.117061625211830119e-07 6.935205110531386712e-08 4.011121828615858440e-08
8.929694163406349158e-07 7.450151215885587986e-07 6.610270071392976711e-07 5.683435290887355511e-07 4.504957895467218511e-07 4.228685706739620154e-07 3.038451490611702742e-07 2.043553480940359278e-07 1.472634348151144422e-07 9.950032162317496127e-08 7.635440925545123828e-08
7.768036283664149644e-07 6.817211274488742622e-07 6.429789631659813484e-07 5.566414566990470015e-07 6.049359310707937688e-07 3.591987721105692252e-07 2.589464249110474863e-07 1.911619350401150342e-07 1.121229826900591919e-07 8.704655594489698889e-08 9.858715715417346460e-08
7.658791616244846227e-07 7.878459466067644437e-07 7.632774648558373801e-07 6.075774527987266187e-07 4.554145689799768594e-07 3.690983655683846125e-07 5.430166257438879329e-07 1.824961434411939828e-07 1.842134210852461916e-07 7.539154133924428590e-08 1.337760896884173175e-07
1.447696181416519283e-06 1.264671811460173161e-06 8.625430507571863552e-07 8.158191727697725009e-07 5.224634374093634083e-07 3.660540536417290589e-07 3.380854579490201243e-07 1.702312595795066938e-07 1.024760727192167810e-07 5.019626726504563278e-08 1.436130987344116204e-07
1.010018151579843978e-06 8.505915609059349198e-07 7.473086248424395647e-07 7.260011197812482909e-07 4.758440254971323127e-07 3.963190107374465774e-07 2.589043101295290059e-07 1.708785156574012677e-07 1.014164431722058004e-07 4.375244909349584197e-08 3.556450607482408727e-08
1.199043042962890053e-06 9.370338256775419444e-07 7.891438190978177146e-07 6.702739263631404218e-07 5.494589229690826180e-07 4.067152372270436466e-07 2.957788102849853370e-07 1.668189738440394677e-07 1.299317737343282509e-07 5.783277379568010862e-08 3.263085347092233908e-08
7.269333806323800188e-07 7.815685633283117224e-07 6.962289340906575450e-07 6.007786810832951985e-07 5.299014078601877085e-07 4.366782373217842437e-07 5.263151731962585171e-07 8.430975414945578674e-07 1.363442004245211911e-07 2.353517709693302259e-07 1.536882807965621212e-07
9.991020255032617999e-07 8.510520371481750385e-07 8.408629133743844390e-07 6.677358906060117760e-07 6.105729441907333234e-07 5.037242879275865748e-07 2.901864886651154681e-07 1.667885530377003167e-07 1.020044749901669208e-07 5.626950865265913089e-08 7.246209841565796872e-08
9.723919119887241796e-07 8.768191225030971552e-07 7.464831730735067041e-07 5.728289250845388045e-07 4.320705329459497208e-07 3.188437690741812152e-07 2.419813956669684383e-07 1.674094093717254002e-07 1.403021802743460827e-07 2.237940989830803189e-07 6.086380741661795568e-08
9.846617768235912188e-07 8.004776984948564398e-07 7.444403636928573941e-07 6.507065205233547753e-07 5.104706187721084985e-07 3.955141333390567901e-07 2.730481953544349449e-07 1.763094549229226522e-07 1.059867866645340203e-07 1.281947775827181714e-07 2.606609107297529556e-08
1.107173322608066914e-06 8.465920164915456269e-07 7.976820322764094484e-07 6.497430457292733195e-07 4.971161323313143351e-07 3.999842173786971114e-07 3.127290577337053278e-07 2.294317408957876831e-07 1.972360248074787994e-07 2.388549713579574779e-07 5.643211510744401734e-08
1.070660185212472143e-06 1.003008840766237287e-06 9.074570841629742853e-07 6.861974735111698075e-07 6.106476252495514632e-07 4.605251787754888255e-07 3.197931158038889044e-07 2.170618274604504945e-07 1.154824791867239053e-07 5.450296895833243278e-08 5.236761010949513935e-08
1.460170293451318777e-06 1.634562394678686362e-06 1.021227670385887946e-06 8.349964488158812776e-07 5.833300415975283939e-07 4.244039769067272092e-07 2.910732579243047796e-07 2.908184395695978485e-07 9.122050012787860832e-08 4.293756822453832122e-08 1.826573857310870666e-07
9.965754540358434905e-07 9.153463870805371339e-07 7.840424606505975380e-07 7.070613865751508079e-07 6.397184213959884354e-07 4.434765320407867715e-07 3.280799770856544395e-07 1.930455149031197145e-07 1.574095140946698436e-07 5.226297130559537589e-08 1.627405385933568295e-07
1.538881512812724359e-06 1.423918151794788297e-06 1.187480962309594392e-06 6.784500682146616264e-07 5.628082095992618970e-07 3.906141089837946232e-07 2.879661892411707643e-07 1.933426905095644861e-07 1.035307853654822131e-07 5.248755480982913932e-08 1.196688954083615196e-07
1.128817737609981846e-06 9.923939194162589726e-07 7.382314019525647427e-07 6.069328834031882371e-07 5.198677273081056099e-07 3.907604950091859486e-07 2.709814251407187907e-07 4.757585635584006952e-07 1.091129934898060729e-07 1.974992478787408943e-07 1.436774616712367133e-07
1.079965899037188665e-06 1.007078327497135398e-06 9.037051144429351751e-07 7.183538848955300082e-07 5.765826484627417910e-07 4.374088518905658994e-07 2.954756405316969369e-07 1.778567874488941075e-07 9.597972167832600395e-08 1.498416619004118391e-07 9.304218874102166588e-08
1.934611492947770413e-06 1.332127216539855354e-06 1.034504833841232321e-06 7.945879411536997056e-07 6.110814947573435498e-07 4.582267606791550345e-07 2.966541686250455481e-07 1.814149604912364408e-07 9.420191497224350599e-08 8.493443705858349365e-08 8.709386279294948451e-08
1.090338252631311675e-06 1.050271140253264175e-06 8.994854710213247413e-07 7.123188580340369091e-07 5.763398827829489028e-07 3.803256320146834242e-07 2.606369149803040645e-07 1.649998496429584540e-07 1.085025681623746908e-07 1.509140010957900040e-07 4.103143649474299634e-08
9.467199365383204366e-07 8.742218895463274885e-07 8.488295956922445827e-07 6.294733963697655843e-07 5.165367290314460829e-07 4.308241522877460547e-07 2.921299462414152677e-07 1.967366209103982591e-07 1.820445035485293619e-07 7.223987053190767530e-08 1.306459136845303838e-07
1.670532941531647950e-06 6.999400357843023497e-07 6.903390428178554600e-07 5.615911107732393224e-07 4.787166115872624242e-07 3.717006497684386112e-07 3.184938651645232126e-07 2.044031509488886547e-07 1.276394237370882508e-07 6.552459349403074100e-08 8.373110418219526879e-08
2.686388468189772554e-06 1.671873891353104618e-06 8.663491576085569467e-07 6.828186133823986558e-07 6.284940137051275956e-07 4.526639521416216529e-07 3.036909403885229586e-07 1.863923727936023656e-07 1.876234871656842287e-07 1.966685062740736372e-07 4.284386645466603747e-08
5.086072618101258853e-07 4.461463944872824407e-07 3.932946309757859358e-07 3.755462704856122141e-07 3.030309072762689433e-07 2.700137028749918663e-07 2.416626217395343413e-07 2.205025514548054059e-07 1.675866362566161291e-07 1.330855998640802853e-07 9.443383383703901740e-08
8.241083549298791194e-07 8.208304890767662775e-07 7.525547481091705464e-07 5.687504202375103634e-07 4.203744524165441761e-07 3.292167037897613808e-07 2.347687622467114613e-07 1.757999758379799000e-07 1.153486505517940254e-07 5.897507367312305797e-08 3.815380999545193372e-08
1.481181428539241792e-06 9.892168023966349892e-07 8.213179087429202433e-07 7.000873708114825572e-07 5.728992793191946054e-07 4.643942101533419908e-07 3.170085604682512171e-07 1.871309953309399994e-07 1.100392524795124961e-07 6.179492666682200392e-08 3.217081018665903229e-08
1.104666476817923316e-06 1.124112338983424558e-06 9.297490454950080667e-07 7.908845854895577343e-07 1.095951228281901536e-06 4.433526817733820499e-07 3.225752906743579569e-07 2.161470207026900127e-07 1.136619731421679391e-07 1.048271614192172963e-07 3.510591889319084023e-08
1.476656483268316099e-06 1.327354993591399348e-06 2.597447720508963671e-06 8.882241371883215968e-07 6.548980644300333726e-07 4.459178032967912224e-07 2.875324127718891033e-07 1.950928766641367614e-07 1.214589010989054043e-07 6.487883516187573051e-08 3.671987334624021174e-08
1.098092121432348088e-06 9.023093652723816659e-07 6.948285095383212811e-07 7.109672963457996172e-07 5.817189415702314412e-07 4.077186261019296084e-07 2.795984469400084881e-07 1.685936583497298033e-07 9.430935706792513272e-08 3.673463158493440672e-08 4.417027711953275690e-08
1.083898625316707207e-06 9.436217078417884633e-07 7.659842246659470478e-07 6.107527212781720356e-07 5.091689265156675911e-07 4.056572703282966204e-07 2.890827090683326610e-07 1.991146063923839828e-07 1.465639904086871814e-07 6.707141511782593790e-08 2.363661666771980639e-08
8.424595545637544360e-07 9.659406280358245513e-07 7.995067490340721681e-07 5.929077181230382197e-07 4.737930792355644236e-07 3.891677457271029908e-07 2.729260056447493660e-07 1.735600326984591437e-07 9.324409529141523833e-08 7.504577775438635706e-08 2.113600339314765688e-07
9.692138618033031355e-07 8.903470219831827685e-07 8.107565853905248466e-07 6.854295255916477373e-07 5.504938499968738043e-07 4.429126104924608048e-07 3.002315764915517301e-07 2.023255273767012400e-07 1.160059550662791590e-07 5.723250541751491903e-08 1.347238203184625156e-07
6.344187975616958331e-07 7.702749193514791051e-07 5.540095681908805592e-07 5.094919842793485960e-07 4.467406783779584490e-07 3.490811529268969803e-07 2.204687183757100630e-07 1.572244913510192280e-07 9.422921042046696677e-08 4.984597176184005010e-08 2.085075221409434996e-08
7.202448539923458677e-07 5.630028540484018205e-07 4.734567508063589235e-07 4.078778522749934422e-07 3.320784937083342989e-07 2.571873390418493279e-07 2.169343425395006673e-07 1.922639282102906568e-07 1.327630413289571554e-07 4.445184379413842723e-07 1.760752378438451184e-07
6.741522892712766566e-06 1.255451415535345290e-06 9.594725372197172689e-07 1.049549630820659206e-06 6.504790228462434973e-07 4.755921299633667082e-07 3.253521560200583993e-07 2.012718206317791505e-07 1.102711671051792629e-07 3.928942398201750191e-08 8.529662960714391272e-09
1.050624273273617697e-06 9.589922913112803056e-07 7.283422941972608237e-07 5.721681481035118461e-07 4.662693106420806639e-07 3.886992633273647939e-07 2.768809375746889180e-07 1.801169697415677806e-07 8.395452122581905905e-08 3.720553080525549377e-08 5.186385713088747945e-08
8.025792591182211192e-07 7.576742862801260420e-07 7.086886682390237649e-07 5.492662273768680061e-07 5.028514194450746718e-07 3.478010559628810012e-07 3.834709854395497535e-07 1.462815313120537987e-07 1.072891328175550404e-07 7.140259248340932283e-08 7.048629919266979283e-08
9.877759212418428303e-07 9.198274442068678832e-07 7.194853283625629096e-07 5.616943500366758907e-07 4.731337023129312246e-07 4.165362162974983340e-07 2.737155956192596474e-07 1.748688300891120163e-07 1.121472277749134465e-07 7.677151740410958798e-08 1.077092342886154822e-07
1.431132357284676449e-06 1.041496405350326776e-06 8.633776846000763710e-07 6.864807215528985974e-07 5.149905955588445144e-07 4.046320288069369905e-07 2.898825532221838316e-07 1.823484020626390544e-07 3.076391504106256985e-07 4.668666815974124189e-08 9.189203283354471206e-08
8.809391290931497643e-07 7.797327360737701971e-07 6.598217430188185423e-07 5.634290631140828964e-07 4.663152393201502344e-07 3.769786632367146320e-07 6.424212800193333044e-07 2.051144649624153603e-07 1.128274569062705222e-07 9.668053793393562121e-08 4.776516931533103886e-08
1.132882698238303095e-06 9.786659790654821981e-07 9.843664261629776342e-07 9.134715097713950303e-07 5.685236516013134212e-07 4.359379986644415108e-07 2.926514515181683152e-07 1.509163696479004129e-07 1.261142252202619273e-07 7.539362874907311760e-08 8.579165421118396875e-08
6.350386755511892851e-07 4.826640211221812039e-07 4.993373459448834380e-07 4.816736257778736785e-07 4.690872818502631708e-07 6.135041793915622085e-07 2.316867520735675137e-07 1.567416968611105263e-07 9.150907196321423144e-08 5.309831974396180512e-08 2.401528844994850348e-08
6.974468368387926392e-07 6.315055212692998582e-07 5.423353068571537638e-07 4.736037219210911065e-07 4.384460655446823446e-07 3.366421514094891808e-07 2.458906573847889505e-07 1.680906286031957133e-07 1.291675895739069355e-07 1.244812984536903652e-07 6.639119816679607921e-08
7.966511606372714872e-07 6.737679604672952018e-07 6.236860490640124598e-07 4.889548616259468117e-07 4.315822059262985109e-07 5.857322832061470284e-07 4.102319198403500303e-07 2.542048036072336771e-07 1.448966052564337722e-07 7.090972310907509819e-08 3.114721400798473108e-08
9.373488567151646265e-07 8.527271940901596415e-07 7.099681308128987803e-07 6.489379878621676158e-07 5.224463961363371781e-07 4.240881805172028670e-07 3.110419404536902829e-07 1.776172958895604926e-07 9.626993856610004547e-08 4.713008034872154353e-08 4.324416847115731956e-08
8.836089823546013127e-07 9.747071162988301977e-07 8.143040234292757297e-07 7.029247503010933947e-07 5.383511052548562109e-07 8.594728826635493897e-07 2.798161876416962384e-07 1.866281983131332035e-07 1.569148915353383496e-07 6.118149105596876548e-08 2.868551586229946592e-08
9.859906644340014477e-07 9.309295035241533406e-07 7.635004690600503825e-07 6.299952789630319126e-07 4.981390930196088966e-07 4.051181638012187060e-07 3.017512818748168986e-07 2.060209898463276092e-07 1.275120528083043383e-07 8.987296682302037969e-08 8.267114634364077681e-08
5.884220635677713098e-07 5.883796224923193027e-07 5.661800229083712934e-07 5.654327835677252476e-07 4.044886431428103291e-07 3.260590290870595494e-07 2.544107760252550506e-07 1.761117632422563425e-07 1.701423146842364341e-07 1.635139944692142409e-07 3.557521070266236212e-08
1.056003658457383036e-06 9.443462825024249728e-07 7.635109446156996422e-07 8.960459420250373180e-07 5.213727358583990550e-07 4.116732368121719487e-07 2.972429249616099285e-07 2.153941158060903358e-07 1.043054927199493430e-07 5.333485032956770109e-08 6.799534070654364927e-08
7.992475799598498140e-07 6.782575106692030985e-07 6.023907730215255766e-07 7.819077255673323426e-07 3.594316323907080559e-07 2.558606458891899623e-07 2.241106157055874652e-07 1.868743136139467982e-07 1.705832136381045065e-07 8.568339304325663248e-08 5.044999321191004054e-08
6.168205108651946414e-07 6.373292731764196119e-07 4.856092875270424019e-07 4.060283836635831347e-07 3.829447819216412953e-07 2.907336600548239945e-07 2.208924454559139385e-07 1.509680697961045531e-07 8.744009396768316949e-08 3.141556193606818674e-07 6.424673526223257056e-08
7.914373448010270926e-07 6.951516926357748017e-07 6.464234912536679962e-07 5.165196767746489641e-07 4.586132708135190352e-07 4.674109891865624101e-07 4.121060896798245172e-07 4.152272313797788229e-07 1.195124188598771954e-07 1.689948695540566520e-07 2.152931680083739678e-08
9.008444494735243499e-07 8.089004359566917254e-07 6.957392702025368080e-07 6.694825638670074299e-07 5.646726778966224478e-07 4.125737023720284411e-07 3.110235357463225301e-07 2.048662477407743835e-07 1.070046531699991911e-07 9.443166371058258660e-08 1.971978614840726478e-08
7.177701735328742967e-07 6.158830294366852512e-07 5.347652528651704625e-07 5.264713358851885529e-07 4.538075369871948446e-07 3.318118231913125027e-07 2.395397218123371344e-07 1.645469878101142786e-07 9.279424575894572181e-08 4.763852586901668626e-08 1.345366738285316175e-07
8.014537755893679622e-07 7.310209448091316379e-07 7.107188689095611020e-07 6.773396231107242639e-07 5.938279181675109122e-07 4.340064498984045322e-07 2.971662114571466198e-07 1.802224389666258316e-07 9.102995419389786594e-08 7.292972818561208788e-08 1.054217832878521857e-08
7.440479607512272810e-07 7.021186985423025528e-07 5.567990697986105293e-07 5.300764567860930041e-07 4.288417571553055967e-07 3.554766220838582000e-07 2.809725271208450413e-07 2.183196728855078176e-07 1.520486720693756927e-07 7.516838175033256326e-08 1.773227291970208449e-08
1.386298450033408099e-06 1.733400028650711349e-06 8.270846155105898498e-07 6.511257607877976631e-07 5.072401149046466703e-07 5.213759272289912506e-07 2.700407990759095985e-07 1.677878916283444937e-07 8.495724146339885954e-08 4.218564028308462715e-08 2.720777263529760146e-08
9.664853741558846301e-07 8.977119762138554152e-07 7.597604515535392240e-07 6.655991651696674421e-07 5.207261309168753355e-07 4.236622239071846086e-07 2.949412393231740528e-07 1.887070992255040053e-07 9.544431046402553690e-08 4.138919518552730746e-08 1.138894842305761858e-08
1.109433471815386414e-06 7.608183121347846709e-07 5.116022800805648116e-07 4.397704725204145991e-07 4.534605093825185757e-07 3.525261174558167951e-07 2.120225157910871420e-07 1.484672246945992509e-07 9.804524899219026898e-08 4.705251285193192227e-08 8.217484284611615542e-08
1.270360517786781559e-06 1.112235249009264618e-06 9.543714948093146316e-07 7.990059864287021187e-07 6.240654303739337538e-07 4.623112094677971394e-07 3.339319773994883704e-07 2.054538633925229167e-07 1.330253184895084173e-07 5.603114874634321073e-08 2.882149426080980141e-08
1.162540663952824506e-06 1.050597149735907391e-06 8.636845522965692740e-07 7.148591842901544065e-07 5.820002046730155298e-07 4.115390947504404204e-07 2.858388415661882697e-07 2.576507882538279089e-07 1.700508141858855679e-07 1.487381830522685175e-07 9.813400960961558441e-08
7.103495540125228278e-07 7.414121177894585523e-07 6.515935224664808876e-07 5.781159888811970645e-07 5.063191076490380298e-07 3.901822937663638291e-07 2.853995676202426472e-07 1.784431037765447000e-07 1.076352239750929988e-07 6.827681049660224381e-08 1.504465280816798691e-07
8.441564299185617295e-07 7.241310179312478709e-07 5.999838154077054638e-07 5.701481597214469179e-07 4.655094999143051773e-07 4.305180617790652505e-07 3.428065533193259950e-07 2.304485476158143127e-07 3.202092369246571786e-07 7.501511871165182179e-08 4.930916866515367421e-08
9.805895975119404022e-07 7.700460728621427265e-07 7.348471910814830016e-07 6.346521762266672747e-07 5.251127877835927935e-07 4.157648851309693434e-07 3.397888322813976318e-07 2.231494664783229248e-07 8.804419707373333534e-08 8.260751739830458014e-08 6.281124415392265921e-08
6.289033990047822106e-07 5.255223480466843838e-07 4.764819071439884259e-07 3.983864930551041449e-07 3.180338786801444098e-07 2.437459785655973738e-07 1.856782402424160125e-07 1.434516955632704365e-07 1.959708069563546319e-07 1.143387655079524999e-07 3.305419763524094491e-07
1.065745576432082693e-06 9.217324432849858798e-07 8.942731772846410381e-07 7.199179958177190791e-07 5.279384501458511228e-07 4.069208668664823705e-07 2.660876981728880370e-07 1.488510628443336390e-07 9.103533900011290000e-08 6.049831969696910551e-08 1.916391980178195184e-08
1.147347659087708771e-06 9.361273827208892387e-07 8.152692918583302918e-07 6.976183361015028382e-07 5.900126107421067065e-07 4.266453794523255910e-07 2.991854097789872866e-07 1.974378459219166066e-07 1.706359292412158199e-07 6.124001790933441081e-08 8.365275819434453345e-08
1.167024165893739507e-06 9.191457372489518930e-07 7.743215384059951026e-07 5.727923618822107259e-07 4.966298461792214693e-07 4.242669183181701558e-07 2.879487435673951582e-07 2.128402288306724515e-07 1.178615148674446123e-07 9.537644359750535131e-08 3.472095039269963587e-08
9.616559807303683719e-07 1.101946073356403657e-06 8.304318210848684068e-07 6.945069662971171836e-07 5.753163073714810063e-07 4.508961374631959011e-07 2.851881789899274415e-07 1.588054868292635073e-07 1.964336637253620831e-07 9.744471108863884199e-08 9.764708786155175248e-08
1.055331901307012255e-06 8.329858457460216333e-07 6.770289404948654348e-07 1.538287316226186911e-06 5.485745358208643750e-07 3.468828414874954419e-07 2.495161537702174300e-07 1.723243958267286728e-07 1.057572119809417852e-07 4.360142097240475812e-08 3.011285421419620890e-08
1.547766984395567470e-06 1.171215831362665249e-06 9.645184500252966912e-07 6.975994687719850627e-07 5.586976858946888340e-07 4.358915170104884034e-07 2.835496944702046349e-07 1.717002631284487183e-07 8.667494043066532017e-08 3.079243604114867072e-08 1.747749523509677770e-08
1.169153084882149690e-06 9.539992994615797960e-07 8.260462085641287313e-07 6.528631327863048308e-07 5.197306056005314639e-07 3.980559824137410668e-07 2.774208048731889112e-07 1.624063735920256929e-07 8.522119431752527710e-08 4.045473364557949312e-08 5.024994543599396607e-08
9.736018069436807528e-07 8.337279772046535450e-07 7.815217113271558208e-07 6.841083808403795589e-07 5.106892585071291446e-07 3.738148701582136520e-07 2.613090271916177185e-07 1.687397074252333400e-07 9.165249623222570771e-08 6.216250855705622139e-08 1.632300579065892580e-08
1.067692023723374746e-06 1.037924082492904516e-06 7.595259482004969250e-07 6.681701589623475604e-07 5.734080446745276426e-07 4.233042028928507408e-07 3.157434714337369700e-07 2.112238853010243846e-07 9.126286599476654572e-08 1.220915000056654776e-07 2.943530572368970667e-08
4.410178929182897966e-07 4.491778674129902838e-07 4.178100575320386016e-07 3.924111432058403568e-07 3.476287058702420842e-07 2.986954128432090447e-07 2.122468453627477904e-07 1.558392893305792373e-07 1.216590141553413581e-07 1.376165931534937653e-07 3.017921009880108864e-08
6.233373915577183958e-07 6.367128236210568505e-07 5.794677718231375135e-07 4.857010931796511445e-07 4.138078115135736764e-07 3.596466953339691527e-07 2.378974479472680035e-07 1.536752088916883569e-07 8.707503047197800139e-08 9.186207035928438510e-08 6.967237277884732729e-08
8.431043998349685462e-07 5.907886264456352074e-07 5.277441932140586221e-07 4.321080964193730511e-07 3.787533272260686717e-07 2.861605002599384536e-07 2.357539731744402309e-07 1.788809725701399975e-07 2.248810686188807011e-07 7.782089172451879741e-08 3.113230019017816678e-08
9.622907760615196642e-07 8.477156817042389415e-07 7.958834300547994370e-07 6.587546863423817262e-07 5.125560204182767216e-07 4.062889184795474513e-07 3.012340145886322660e-07 1.907175272903924402e-07 1.241416036885488113e-07 5.485611624014036096e-08 1.076940110712393006e-08
1.111837994930341454e-06 9.929088730142419622e-07 8.011935812942846135e-07 6.707569008503718818e-07 5.002793109379387620e-07 3.998846884084023521e-07 2.851572655481776729e-07 1.995473145270323776e-07 1.354244556373100694e-07 5.278056840262757164e-08 1.906921784408795257e-08
9.453720860255077065e-07 8.541095715260393251e-07 8.023344681922648523e-07 6.633185055568175059e-07 5.786938960440181320e-07 4.307847588964816700e-07 2.997713313785034498e-07 1.822368053629063428e-07 9.502578181574454913e-08 4.246029438901755502e-08 7.025257670852088962e-08
9.707508226395122024e-07 8.450148906702528016e-07 7.289513819805888203e-07 6.278707145709256367e-07 4.969203940094413786e-07 3.671587858138136385e-07 2.494568900307213619e-07 1.553198506633995153e-07 9.509787089126015109e-08 5.038662281522518430e-08 2.829074411100785936e-08
1.026722447196695510e-06 1.194178518059489388e-06 9.657357550359814541e-07 7.737282429393945408e-07 6.300448984208455954e-07 4.564470403336666038e-07 3.002039429789350427e-07 1.798861232098098722e-07 8.789642265709343601e-08 5.116536601406897185e-08 2.971443544116201316e-08
8.817935936400001159e-07 5.450221429080803395e-07 4.650071039855411835e-07 4.182118369690010068e-07 3.684921689545135559e-07 3.253875627374103943e-07 3.070852360498930554e-07 2.566122680925749187e-07 1.596040214769455925e-07 6.559450801204013799e-08 2.203509688089091808e-08
1.072938496137339426e-06 1.002594102158027480e-06 9.284758270195328608e-07 8.012841536897438683e-07 5.239378923533957989e-07 3.409927548667097567e-07 2.422466935742113211e-07 1.586935191094766331e-07 1.012110700871399120e-07 5.247569890684806732e-08 4.464063070975444027e-08
6.378154349293210700e-07 5.974542846198632326e-07 5.722678914988561380e-07 5.111125284221427853e-07 4.479914979311913425e-07 3.613803818812189089e-07 3.346747913584044491e-07 2.433909558607448036e-07 1.802565912440377321e-07 7.548677325251982136e-08 2.243415519425491442e-07
6.140161326254966014e-07 6.338490487235553584e-07 5.798615785193645108e-07 5.281331834982301369e-07 4.808428823984860497e-07 3.620937193084575557e-07 2.551132177398974498e-07 1.734317148740789829e-07 3.860952298153297225e-07 6.206191467941608136e-08 9.433217184295870438e-08
1.266261674299029678e-06 1.244820221999893919e-06 1.048743392304375230e-06 7.030927844486863409e-07 5.745931551739755070e-07 8.500394641218839331e-07 2.664084945072129152e-07 1.486597490575564696e-07 6.435472777314886910e-08 3.286000862486691255e-08 9.289882281129601154e-09
7.560862238071496066e-07 5.248327228830267084e-07 5.495201161304766480e-07 4.529503571241770028e-07 3.556220746542065951e-07 2.798050687678854127e-07 2.608674751987625595e-07 1.835752512412518033e-07 1.323699840836129069e-07 1.138715263077392756e-07 6.945486183209243180e-08
1.044841933000068717e-06 8.865532148736002612e-07 7.514573474465851959e-07 6.111714589011266758e-07 4.634870142133963961e-07 3.560331841285916732e-07 2.653590298120052894e-07 1.862131238936038484e-07 1.032050969668076354e-07 3.882403321773440303e-08 1.590890374392445300e-08
9.538498537186246360e-07 1.023794334577730716e-06 7.752466249389282327e-07 6.292678636446966282e-07 5.351125756028131808e-07 4.163854162777510298e-07 2.933392051293504341e-07 3.925357998915704168e-07 9.277885746785580018e-08 4.605653621682684002e-08 3.220319334639115177e-08
9.795474293890963345e-07 6.975749639918902150e-07 6.657026224789761882e-07 6.110328787312938330e-07 4.914965083366140820e-07 3.740948158980316162e-07 2.860561061161929271e-07 1.921706647481157046e-07 1.372268699839061822e-07 9.263875743113331669e-08 4.631043228574265500e-08
7.901115957885777092e-07 6.915607487817550762e-07 6.356603157734327128e-07 4.773502229684503896e-07 4.011857013047549674e-07 3.323305255734960024e-07 2.268945421227051375e-07 1.542873194487969160e-07 9.490390882759209632e-08 5.424791394454999676e-08 2.512020013529365123e-08
1.006836746720509237e-06 8.713735683085243122e-07 7.501535507392710770e-07 6.339350355938965286e-07 4.857678492047653651e-07 3.804057863358793378e-07 2.912612219057458409e-07 2.006476383643737165e-07 1.167128868687423795e-07 6.313953731101892720e-08 3.367114049903216328e-08
8.049756948106299556e-07 5.496426764715373222e-07 5.911823666982081304e-07 8.434217670769637648e-07 3.795117888045932241e-07 3.398428515754139093e-07 2.271878032302827242e-07 1.878453513968091294e-07 1.490932728280674869e-07 6.613398905930429871e-08 5.468864303018433298e-08
6.078136926356591338e-06 1.427992762278637766e-06 1.202955245759306304e-06 8.256944181443276010e-07 5.873477102830302688e-07 4.670621482431758646e-07 4.399073615256174899e-07 1.605211394901019849e-07 8.486454017907905539e-08 8.762593536875875397e-08 6.307227032221399065e-08
1.237110566912329003e-06 1.056174797711576389e-06 8.381560745482318925e-07 7.194076379926625930e-07 5.278905105323976302e-07 3.799829642700976810e-07 2.629068695140457545e-07 1.566809521417637848e-07 6.949688630914371937e-08 2.886707231029031002e-08 4.612599997616085218e-08
1.306993685072082721e-06 1.156660348263458402e-06 8.489418902142517469e-07 6.932966896742457974e-07 5.435783313716009061e-07 3.865205732933263551e-07 3.614270260021017396e-07 1.647289167426845550e-07 8.671974076434878864e-08 1.265698670494715632e-07 1.174200084960357829e-08
9.197487442859588098e-07 8.091194576614811396e-07 7.487072644269160538e-07 6.207423721758565470e-07 4.651781435561029916e-07 3.309659754066511104e-07 2.270564554860904779e-07 1.661847208678202663e-07 1.617443431195568699e-07 5.856934898642447918e-08 3.359507615774615834e-07
1.013016330464772725e-06 9.389474507992471482e-07 8.007393433503814333e-07 7.275660234476221005e-07 5.837711869683738115e-07 4.362749763107854671e-07 3.584797542296405571e-07 2.516814782477977441e-07 9.861643111115077635e-08 6.280647177566297150e-08 2.028202193867569106e-08
9.887691339020656413e-07 8.798048521829712413e-07 8.111986520444632393e-07 6.232950403747139656e-07 4.912156751464361760e-07 4.230381878370649008e-07 2.840579220448407032e-07 1.739925729192182043e-07 9.799466241520808938e-08 6.457714005375469750e-08 2.548153811901242491e-08
2.140472252203924259e-06 1.498053312299592530e-06 9.354714669062803831e-07 6.940997225098481881e-07 5.515852217101534883e-07 4.333123093399888789e-07 2.836527994038144519e-07 1.751610445188596835e-07 1.371554262122500947e-07 8.883438405188909597e-08 7.296670379700382184e-08
9.612823002180277309e-07 7.966863870114624655e-07 5.681055556539745961e-07 4.792151249238841604e-07 4.169525350231507029e-07 3.267281373693752723e-07 4.205669651744778439e-07 1.872870985139015459e-07 1.041020390355089154e-07 9.245128909661935550e-08 1.138360919494660447e-07
9.081344207464430855e-07 8.672551692928290806e-07 7.307980509144622488e-07 6.507004928359689579e-07 4.552977508403042215e-07 3.357625102617111939e-07 2.646546389625103984e-07 1.740789130373483647e-07 1.270399398571009348e-07 5.925829154864272542e-08 2.893670087743560999e-08
1.308116919504487196e-06 1.090575466476737598e-06 8.471204364760365642e-07 7.058695354388646190e-07 6.102202466982044540e-07 4.396668657530071307e-07 3.020309074508300766e-07 1.718592131702385170e-07 9.313658152147753887e-08 9.646435536986040404e-08 2.672252752572966841e-08
1.429106924579986252e-06 1.475855522224148572e-06 1.079367606868006549e-06 7.272695348229917472e-07 5.998207560302711276e-07 4.258467426905652678e-07 3.007132765551110055e-07 1.824707484989252285e-07 1.845911142727172971e-07 4.482058621189430655e-08 2.477284177177212286e-07
8.029606444967601984e-07 6.382341848345251312e-07 5.781837179652865190e-07 4.247380834751278435e-07 3.364874364024727150e-07 3.011177804287823512e-07 2.335699756803237955e-07 4.163212036411400245e-07 1.781406712577476834e-07 3.160090060064075689e-07 2.338890056664911327e-08
8.728097678165545778e-07 7.749634426994277593e-07 6.743456859682984896e-07 6.211164315737906697e-07 5.353083438290819550e-07 4.240972766351909181e-07 3.153758688952893693e-07 2.017002339242197355e-07 1.229921846593508010e-07 7.499934303510560699e-08 4.037615342796676770e-08
8.485787685675585259e-07 7.800969921011464787e-07 6.403438310559142352e-07 5.883261808319694602e-07 4.903325203417317433e-07 3.410780292427198102e-07 3.993424030480249247e-07 1.609168218776651759e-07 2.449770722510161827e-07 6.425032574386529775e-08 1.318028978659486514e-07
2.500976102504689957e-06 6.266420370325193774e-07 6.692047287523910794e-07 5.749540453218127568e-07 4.799197202177553513e-07 3.652726930633401338e-07 2.446758087130149494e-07 1.487288640330052385e-07 1.660462685143794410e-07 4.809760545869968921e-08 4.487858747804844791e-07
9.238262422150804666e-07 8.317517117771696493e-07 6.534679958519835575e-07 5.826878435422897587e-07 4.892251049020634289e-07 3.830278372815201860e-07 2.676785269312916808e-07 9.212359395323618965e-07 1.848089174155812447e-07 5.018703921578096886e-08 8.360589918998287783e-08
7.529137268733705367e-07 8.095779075944773207e-07 6.811677522855794368e-07 6.127671330005109493e-07 4.431752446713248376e-07 3.443495897627407558e-07 2.600606181546356376e-07 1.833606152401236526e-07 1.151289750158836546e-07 1.859950141639372614e-07 1.285462345373484309e-07
1.667748586506635811e-06 1.243339336354522876e-06 1.126176755327713419e-06 7.219433037639521263e-07 5.542606029018113634e-07 4.326174920459517756e-07 2.818449318401793734e-07 1.914472584011998982e-07 8.722223535793307221e-08 3.476598253483539245e-08 1.189090341443246076e-07
9.632659962946385610e-07 8.136673835796622221e-07 8.022798785092601256e-07 7.203840404066863922e-07 6.213762022613939008e-07 4.252773751410977565e-07 2.883921029823907762e-07 2.160592451248551227e-07 9.050163634863054401e-08 8.539339794561330177e-08 3.120958438196142034e-08
1.105822782202100280e-06 9.673928029936450153e-07 8.714651818369870803e-07 6.784187359652005283e-07 9.756078368454929065e-07 5.140347385488711949e-07 2.851653574975807144e-07 1.678384041280063787e-07 8.378865270757084355e-08 7.084237125119418748e-08 2.827634210357209286e-08
9.326418934901235480e-07 8.351003855211994635e-07 7.566196178045834628e-07 6.658091379440551158e-07 5.139116703937758204e-07 3.954771031587184279e-07 2.921601105101559986e-07 1.770515751320468080e-07 9.123325623642933795e-08 6.675197575536884470e-08 1.588935148247702121e-08
5.957324603726532881e-07 5.304908238171438034e-07 7.441303362052337883e-07 5.131321538341912572e-07 7.701220601052233278e-07 3.712243204130775987e-07 7.196006979695095162e-07 3.424021678682763960e-07 1.113888351218270707e-07 4.978268944799884257e-08 3.811461235864536636e-08
8.206857461549819354e-07 7.646944361857182188e-07 1.096003023771435496e-06 5.951521251466869536e-07 4.691390394384650555e-07 3.600380606233702880e-07 2.759688444823384559e-07 1.860313798963058117e-07 1.258517573383980529e-07 6.000378213186535055e-08 2.100281496149343236e-08
2.155272028565633885e-06 1.242663585920085852e-06 9.344060111451537032e-07 8.643112554385665432e-07 5.730876560659715573e-07 3.573543272925019502e-07 2.273912421950336297e-07 1.488562698639672164e-07 8.843670592708003734e-08 2.852400432530384626e-08 7.651008276517959534e-08
8.142428150360611155e-07 5.707988205887617592e-07 4.883171073853675478e-07 3.831185375204101001e-07 3.794751797686751890e-07 2.885421964060684818e-07 2.545756610578706976e-07 2.247501418573903928e-07 1.537265011634798739e-07 9.464594809289473454e-08 5.096466374373710914e-08
4.838573255522101372e-07 5.783491761247430875e-07 5.171028704839544183e-07 4.114250698509155133e-07 3.781729518103157252e-07 2.886381049207342107e-07 2.215873919294204272e-07 1.469724770750570294e-07 3.224733094360386259e-07 1.286457492919141975e-07 7.994457612150048650e-08
7.534088670406311521e-07 7.371609024235920260e-07 6.931217871127953799e-07 9.510610914797480078e-07 5.350382684149409755e-07 4.595341199981592411e-07 3.034871330713513580e-07 1.860391620545600866e-07 9.317736609081816324e-08 5.052181505130666955e-08 2.379723779578911233e-08
7.613531341547055498e-07 6.912541144962151347e-07 6.327829296993080881e-07 6.702856461554545643e-07 5.024327428312147397e-07 3.920117839983753252e-07 2.513809659164616687e-07 1.706302991222976735e-07 1.037459244395018352e-07 6.071686157774425817e-08 1.882398758790215105e-07
1.033643284457687303e-06 8.575443840880518368e-07 7.735470107010843477e-07 6.213887156307007639e-07 5.158811781213041404e-07 3.736372015401606533e-07 2.399339988142453101e-07 1.527056865513753726e-07 7.932976595791354789e-08 8.303362732538770451e-08 2.322291964583896447e-08
8.180715023158478011e-07 7.851573938196006640e-07 7.565368835550560771e-07 5.948563834627592745e-07 5.014864489717869825e-07 3.959025143558794688e-07 2.759755781847395933e-07 1.741831855813257012e-07 1.263005874817424163e-07 4.456629991906010559e-08 2.756280658120641010e-07
1.003931641799142698e-06 1.325741515770043795e-06 7.653736840877175146e-07 5.722495472124820829e-07 4.380170852336574941e-07 4.782478639319367916e-07 2.563498830044444232e-07 1.584630659456310814e-07 8.819728760301755282e-08 1.014931240356566137e-07 4.542989329900691134e-08
9.436025011214643382e-07 8.758023071916899599e-07 7.620309694247883692e-07 6.245522816840497593e-07 4.107562486397234353e-07 3.177882795393897266e-07 2.282491955857822979e-07 1.860456188951297423e-07 1.027962427047734665e-07 7.361903385154828758e-08 4.057431326348173504e-08
8.063675357324951325e-07 7.268137697499515845e-07 6.215393730248600937e-07 5.039292913462139264e-07 3.969588136229724679e-07 3.298994136240567625e-07 2.526065936551052466e-07 1.700621175396160821e-07 2.576223953817260443e-07 9.010560337337221794e-08 1.395402106457758394e-07
7.646137540357935753e-07 6.993040038259584869e-07 6.058568741490877940e-07 5.006110016684212393e-07 4.618001681944941634e-07 3.626010807275995327e-07 2.661496523332336067e-07 1.858246861059158424e-07 1.295773521903598578e-07 8.394240397526775753e-08 9.982217783204913189e-08
3.069069234794728629e-06 2.109185193872978025e-06 1.278928775339303434e-06 8.880501142417776183e-07 6.678228109412699514e-07 4.101919433369374804e-07 2.953034857327884187e-07 1.844197051353941088e-07 8.603732974368038956e-08 6.933842444176607449e-08 1.332168247669051338e-08
9.581720544209093552e-07 8.646136465445164026e-07 8.185444912213235764e-07 6.474256941416269445e-07 5.357849129473442284e-07 4.401595254690149174e-07 3.087298441466135704e-07 5.105465325952823099e-07 1.250287661421278394e-07 6.297715495450428727e-08 1.292281960898072973e-07
7.705217044625507503e-07 8.468465306879040456e-07 8.086114973833811574e-07 1.045643196855779606e-06 4.921410121563511945e-07 3.786350121262578502e-07 2.748859517683513932e-07 1.926206511752660120e-07 1.260619319044282922e-07 1.337937229000975340e-07 3.660929343174161805e-08
6.138983568159617969e-07 5.147220279214673310e-07 4.146667180076831706e-07 3.866352484291611480e-07 3.048553238062713060e-07 2.271658114714279791e-07 1.958477858358758645e-07 2.184241009069848703e-07 1.274524993267383857e-07 6.604857376986635076e-08 1.529615292103322061e-07
8.454479543242486391e-07 8.556253475708303809e-07 1.166902390106605225e-06 7.830576565837059609e-07 5.917641135798945752e-07 4.630147316717699431e-07 2.826008814812615376e-07 1.535595822009109731e-07 8.878620094914553114e-08 5.134015773375135867e-08 2.755201965213268466e-08
8.561189300541469009e-07 7.857886289921794511e-07 6.416186755524197560e-07 4.996892773234194346e-07 3.888631915336400053e-07 3.273489852908884787e-07 2.543021105596175936e-07 1.717656256722727065e-07 1.118214013904478355e-07 6.495476408864540509e-08 5.043453299484312578e-08
7.772202835080414033e-07 9.372016320772545849e-07 8.262216633401105622e-07 5.932368323572928765e-07 4.195209058643797464e-07 3.912316435178895702e-07 3.063819544492958837e-07 1.804979120331283365e-07 1.110393794708067641e-07 1.299406470192752161e-07 8.839890935003846692e-08
8.489165551226119941e-07 6.987104881785652502e-07 6.190270582367535705e-07 5.251498445979594455e-07 4.605250380797827298e-07 3.752173264417289348e-07 2.799630493793544218e-07 1.852239173393747963e-07 1.086535112904986985e-07 5.257129836304206377e-08 1.755309602636781395e-08
9.572127846393880286e-07 7.462875428082681386e-07 6.223024569087636191e-07 5.555011309732305736e-07 4.507507843137006849e-07 3.619347198292045228e-07 2.677724261983465097e-07 1.724345566454737541e-07 1.078219192247301840e-07 1.613876561955756841e-07 5.572088382543539271e-08
1.323239269494236873e-06 1.022366050651215057e-06 7.766592211006575846e-07 6.719745417481970761e-07 5.845313828836408552e-07 4.181017985215293318e-07 2.972442805968257620e-07 2.030295580955178907e-07 1.023771398079319266e-07 5.398351848053051350e-08 1.918958594110422968e-08
1.069220334170369383e-06 9.637748698128483789e-07 8.180756936741060599e-07 7.262508212500553974e-07 5.117049619562877096e-07 3.765204196366643446e-07 2.687560133917276667e-07 1.649411666890702372e-07 9.543048682582394796e-08 4.517356988371700086e-08 2.260592403288880405e-07
9.443953025733390434e-07 8.835255093018895160e-07 7.936034075671648804e-07 6.972833601067976925e-07 5.755403847369438574e-07 4.314785837130827249e-07 2.989110184610213006e-07 1.868738884760911473e-07 9.684948489792048111e-08 1.355485776968939676e-07 3.439384066997284479e-08
1.028354223636020562e-06 8.484661574926629058e-07 5.889477996760014834e-07 4.844700905789881059e-07 4.368217852076755180e-07 3.527355721484297114e-07 2.547921204536101593e-07 1.800724103948659062e-07 1.112103089946485886e-07 1.536750235918446400e-07 4.161485902099409918e-08
7.577152990216513054e-07 8.377519439718432534e-07 7.287909092154423719e-07 5.792860947417198190e-07 4.700917125202702538e-07 3.336910318895039204e-07 2.545550841085340165e-07 1.858682504566078679e-07 1.070151437240746783e-07 7.531797208737094974e-08 4.094936131610629440e-08
8.429933542060346735e-07 8.606840269940215867e-07 6.764943901364593184e-07 5.796737816425998575e-07 4.799995590888999709e-07 3.799894611021168166e-07 2.654657408236571270e-07 2.076916673562037059e-07 9.322023557211355707e-08 4.229397703442297298e-08 2.033683834732344601e-07
8.894833675590338367e-07 8.549542218746913537e-07 7.892845251488901683e-07 6.942134723719484879e-07 5.957134951162364298e-07 4.407298265623741918e-07 2.883378743231448863e-07 1.779736900217922153e-07 1.045126951748451196e-07 4.384416457488350268e-08 1.835593134755696459e-08
1.185679404586168368e-06 1.025700252658739687e-06 8.177759271848480562e-07 5.659905268765114972e-07 5.161341751699746384e-07 6.961068038630504471e-07 2.777638095597563435e-07 3.664953413626825608e-07 9.755136507860067218e-08 7.938598418658190479e-08 1.101613264119585942e-08
7.710742147399699632e-07 7.304374167020043017e-07 7.194895751812187148e-07 5.621694560097929145e-07 4.641878784528499208e-07 3.694517842773547735e-07 2.447898414694420864e-07 2.487888415000507419e-07 8.478948764879044343e-08 4.226267312801594495e-08 1.970071520788676751e-08
1.135774910930225170e-06 1.232014036279817025e-06 7.708822975162924680e-07 6.501427252768544216e-07 5.993407889717947247e-07 4.323756325693657485e-07 3.000145154452469097e-07 1.719911368274943969e-07 1.095148925840539699e-07 4.428731666388778078e-08 1.658659059380816278e-08
1.427283020614613144e-06 1.242461737142011186e-06 9.053027695602027356e-07 7.227318587463880992e-07 5.217233618963496987e-07 3.494796961875317569e-07 2.277805188031418359e-07 1.473069826818595350e-07 1.131430757031601298e-07 1.086601454328570019e-07 1.831078469249567472e-07
1.000388615124136998e-06 7.441444353648872213e-07 6.437994061313777188e-07 5.696318995398242675e-07 5.313339600853889139e-07 4.383796027867814531e-07 4.008346934505296252e-07 3.350397803363838988e-07 1.107832886467200240e-07 5.942055835590197388e-08 7.917717375937864310e-08
2.063953205503077890e-06 1.785011240227956437e-06 3.624090421785198735e-06 6.651668515959232855e-07 4.578442289159208795e-07 3.617465652195062592e-07 2.477961822709054384e-07 1.654955268291853968e-07 1.035471270448040772e-07 4.812816287425337466e-08 1.369741374501983955e-07
8.911733924314092073e-07 8.883455745634980608e-07 7.978391860762083629e-07 5.999385686491677490e-07 4.930432202219963841e-07 3.583229691865172028e-07 2.785127177470655692e-07 1.754466836175797265e-07 1.755756024605443557e-07 5.588163147008659178e-08 3.808724586099310657e-08
8.306897887927124672e-07 8.258515329202550797e-07 7.704931030384904932e-07 6.206283375786378743e-07 6.174391522089691125e-07 4.649214465419420172e-07 3.182097538778483691e-07 2.538306537623195181e-07 1.009478983955645045e-07 3.704920944578526780e-08 1.556444690973883224e-08
1.519029468792299101e-06 4.209825422909918382e-06 3.511739213091371590e-06 8.572695305786593875e-07 4.922191027925988725e-07 2.865926364537957381e-07 6.504606581887739652e-07 3.881555783528368180e-07 1.479697974590050620e-07 8.709665404366493674e-08 2.599605780875127826e-07
8.684038799287026030e-07 9.630547875519003426e-07 7.392114665959261495e-07 5.829643693818158703e-07 4.625647920138794286e-07 3.601571464947514553e-07 2.643839318610619385e-07 1.788219775483836163e-07 1.007675307065011768e-07 4.735448512198019645e-08 2.776902265423336825e-08
6.211281089771132492e-07 5.515131717294140133e-07 4.939458650441689381e-07 4.783261229196697650e-07 4.218009778783751537e-07 3.324362529398087181e-07 2.965370808314061714e-07 3.358973660180356187e-07 1.582841175453595598e-07 6.448913953587412743e-08 7.724599125527040807e-08
1.108073303590326549e-06 1.042903578752742150e-06 7.899645370424320705e-07 6.816213618845872634e-07 5.306484516513604447e-07 4.122738491346051931e-07 2.783414401084295069e-07 1.602022587139325494e-07 9.920609776967214727e-08 5.740096656735373380e-08 1.157047936076589975e-08
8.995374228589341164e-07 8.434301140070403452e-07 7.209153927327296491e-07 7.189368975071464960e-07 5.147481388673531045e-07 3.740980317882295898e-07 4.810180071139496734e-07 1.796979023445573467e-07 1.113438841537215745e-07 1.939499538959661212e-07 2.574936173920973975e-08
7.809509037850377671e-07 7.339625417617062844e-07 7.301721612231269379e-07 6.330322844103428065e-07 4.798245908985596474e-07 5.757823177379419582e-07 3.058235038437764991e-07 2.079998542349508818e-07 2.155182584993307605e-07 4.031476395467719753e-08 1.411704767813188266e-08
8.786206706493234506e-07 9.487399854368150059e-07 7.808795699182403734e-07 6.588664153351414913e-07 4.991526389926971569e-07 3.693715171850916034e-07 2.362521208301387448e-07 1.530209366625874834e-07 9.744308576668148124e-08 4.289731916194253779e-08 1.614621892456496108e-08
9.605049993875306827e-07 7.800025825609789019e-07 6.483247591122740347e-07 5.782618306196649112e-07 4.974280202335947384e-07 3.806166110549887085e-07 2.702902986601823389e-07 1.658398078375255544e-07 8.932735620868537077e-08 4.456987065725430849e-08 1.608721405711237349e-08
9.412248767547957306e-07 7.744179457538928128e-07 8.893671286481678093e-07 6.354214386278318683e-07 5.053703370432156572e-07 3.481248205710329633e-07 2.331228399804386652e-07 1.502650831083136624e-07 8.657209684294734346e-08 5.081655870313335451e-08 9.646621629213925581e-08
1.495351464418297080e-06 1.035818774189530418e-06 8.422467521578788267e-07 5.771560888135550403e-07 4.087183379744215400e-07 1.259969732149460770e-06 5.925942811900288301e-07 1.526567950690268185e-07 9.546202529503582567e-08 7.632294880686173265e-08 2.169837525216050128e-08
1.028456763448367728e-06 1.400185954724277155e-06 7.962807679927905988e-07 6.350783765309235120e-07 5.668095690899435727e-07 8.574941824785995693e-07 2.701158531628575203e-07 1.737532652056850264e-07 8.824136205990295626e-08 1.662053837902184618e-07 2.481503791455149799e-08
7.035100814348825511e-07 5.090748798674039393e-07 4.668173844788087004e-07 4.096147330850814848e-07 7.203357584457358630e-07 4.097670903654011474e-07 3.343068680838368872e-07 2.146663705397836473e-07 1.709230461812885652e-07 1.624717644887973209e-07 2.844281169487478877e-08
7.818360044361165404e-07 5.938316148262451136e-07 5.557148848673118950e-07 4.952354385103597454e-07 3.898710453697364082e-07 3.106325199239458700e-07 2.303908545552362260e-07 1.616646713147465473e-07 1.145406940012980464e-07 1.003272926519015398e-07 1.330621244512787234e-07
1.601859469304966700e-06 1.151428348660154209e-06 6.754241018104442964e-07 5.582612041836183174e-07 4.845492992788162266e-07 3.802171423580436407e-07 2.537018810910163862e-07 1.871957882483060966e-07 3.322407405278077230e-07 4.073617778519089488e-08 4.850428615058881345e-08
6.808067052746962571e-07 5.954637127520567626e-07 6.401337783398490426e-07 6.004470349669454371e-07 5.026597107818523155e-07 3.863468607191603076e-07 2.783211200751212938e-07 1.820423498410681200e-07 9.025745728685389051e-08 4.827837873175851820e-08 3.368076551251504944e-08
5.837081009264929693e-07 5.841856831252684460e-07 5.921784164496888097e-07 5.125171390805234889e-07 4.136200935548969885e-07 3.512783368123476415e-07 2.569918066963849218e-07 1.862036923517980207e-07 1.315690655342247942e-07 8.453114168596681295e-08 4.570988709070684330e-08
1.384198897796734373e-06 1.035303626131868932e-06 8.871731294477143958e-07 6.251190752186825275e-07 4.732110746861422865e-07 3.746370372865787979e-07 2.764653603582915915e-07 1.671022961275274258e-07 1.029376654415644767e-07 4.559952045348049298e-08 1.783433218790651631e-08
6.889140440361513643e-07 6.408736861820379925e-07 7.057592284597659833e-07 6.512242026024895857e-07 4.836186842928718352e-07 3.705476511514342924e-07 2.838921667827369578e-07 1.878706853043631288e-07 1.109479451482084196e-07 5.243460127776700606e-08 1.649773924325974226e-08
9.907186790365448055e-07 1.334027168214528391e-06 1.203380332725179853e-06 7.192437147268891585e-07 5.190591211839922634e-07 1.118818932381651711e-06 2.643896366423324571e-07 1.686647844420299594e-07 1.382030223727017600e-07 3.612847027114052242e-08 1.394748965278233664e-08
7.672892412046301204e-07 6.310062457602262260e-07 5.148213149291845045e-07 4.891712980291763434e-07 3.845346135253952880e-07 3.025930407261990135e-07 2.388419579863603298e-07 1.510743439618977818e-07 1.084989232548931345e-07 7.923866575776368315e-08 1.285037062101974886e-07
7.886316050751292155e-07 6.902834407961945020e-07 6.101309404949906952e-07 5.975769311238553472e-07 4.682552762412996773e-07 3.573575868364498495e-07 2.630962388755512019e-07 1.733117439498972681e-07 1.505493378487068550e-07 2.815660791627726971e-07 2.736521495029649004e-08
6.936430277632795253e-07 6.872919235578992000e-07 5.765306631502075929e-07 5.477472988311906884e-07 5.744900802003712323e-07 3.867217602819094954e-07 2.704701395160986973e-07 2.744696039656252207e-07 1.948208660455476201e-07 5.123560903661139849e-08 8.376317639939277368e-08
1.120296799579285649e-06 9.836625922213428786e-07 8.615519000775403000e-07 6.604394967619480391e-07 5.782044932795971276e-07 4.258635175715959671e-07 2.749708127410579162e-07 1.706254378284264967e-07 9.587415446354392036e-08 4.771720257535946559e-08 1.695093523065040657e-08
1.106384021180637888e-06 8.349486713220409657e-07 7.804825438452539380e-07 6.438647171447502093e-07 4.755170126439968993e-07 3.497626083568198957e-07 2.490481493382693099e-07 1.689991154684353558e-07 2.393387757654509435e-07 7.862742386408315708e-08 3.099231962711738243e-08
9.060144964287087344e-07 7.331137011819184936e-07 5.733979605933134370e-07 5.125271464454736531e-07 4.545032308008789862e-07 4.008252300893423665e-07 3.155256476692864772e-07 2.121045053550150499e-07 1.693065912947184905e-07 4.207764642944274061e-08 1.692916630518223756e-08
1.283008125717509725e-06 8.652017687912118344e-07 7.179200820395715185e-07 6.098562678106099423e-07 4.862242428505808022e-07 3.648277824425837341e-07 2.633815471426374037e-07 1.802643013613229326e-07 1.015207647800832552e-07 1.040278853605123928e-07 9.478374224487412881e-08
1.435993453851221064e-06 1.220116086699746080e-06 8.159191429314273671e-07 6.529087190408733630e-07 5.135772381768465663e-07 3.859262053727258503e-07 2.701310478179468785e-07 1.821373495674243079e-07 9.549028460635601429e-08 4.525135570809007313e-08 4.311517963393482353e-08
7.421989914577216838e-07 7.068340417209152254e-07 6.269393756252995048e-07 1.076036576991474365e-06 7.182413427044202356e-07 4.447786365408970471e-07 2.944745919454445638e-07 1.850423441403281873e-07 1.121085126382607049e-07 1.252076707010879124e-07 5.756418472611292343e-08
1.219599503404365203e-06 9.490578146612484605e-07 9.370338725061263633e-07 7.594164085716071612e-07 7.934209200641904553e-07 4.095946120397902244e-07 2.870384385945362967e-07 1.885748077858797832e-07 7.730538392850003618e-08 2.496978512612353560e-08 2.296537225208524081e-08
1.129233197236017007e-06 9.829240552890280318e-07 8.151634936650407916e-07 6.953880819331800185e-07 5.309071720583605097e-07 3.806196571826619167e-07 2.654748880619329354e-07 1.659580693792896492e-07 8.458409678231604581e-08 4.238132207948447082e-08 2.470266945239757731e-08
1.003666599407234473e-06 8.944234524977983116e-07 7.823291753498748633e-07 6.033964481833157664e-07 4.767448634795071822e-07 3.645172643107853474e-07 2.664040141855747599e-07 1.711618438377107613e-07 1.141451736915662698e-07 1.120407190711935860e-07 2.278705669243445462e-08
8.253505778017813147e-07 7.089019322158753683e-07 5.749203449454956499e-07 5.146068962368381844e-07 3.879253934969283666e-07 8.539602200244712143e-07 2.591788672902752677e-07 3.156632978776789742e-07 9.846962636634359020e-08 2.091729033403625959e-07 3.625470158948042806e-07
9.004978913782042041e-07 8.886794665660989154e-07 8.272466137430642008e-07 6.631153222320775472e-07 5.593513123437431065e-07 4.506699749341415606e-07 3.150604200424970774e-07 1.839824589130688863e-07 9.948728093136784154e-08 5.766701776505519770e-08 1.981531193660789470e-08
8.720538137739328836e-07 7.854330476946753853e-07 7.157883926472061450e-07 5.925790164731115832e-07 4.449658165690418259e-07 3.434456952204246237e-07 2.707477167826287829e-07 1.614660911164529589e-07 7.439989883301626432e-08 6.861073202576394838e-08 1.760385304361594409e-07
8.930865095347094011e-07 9.270981944469246495e-07 7.869874986696335544e-07 6.234516645492068872e-07 4.801290570673917602e-07 3.559520465515392747e-07 2.593325333117023643e-07 1.779229690483661284e-07 1.005298674023210969e-07 1.218340645999920277e-07 3.910282026386966747e-08
1.366668500285108385e-06 9.573228687982250822e-07 7.576734581067809221e-07 5.234872996734752945e-07 4.029383573545005494e-07 3.268178058907955821e-07 2.327701478535993217e-07 1.493105890614365677e-07 8.735898899991030193e-08 8.698653516356712180e-08 3.618903798878970377e-08
1.014517291574266237e-06 8.465551800398226356e-07 6.618311975715983126e-07 5.957473655288732322e-07 5.146870908079581433e-07 3.616025054424651199e-07 2.715735714536324912e-07 1.796145824340197382e-07 9.056884710343481567e-08 7.329493962296439609e-08 3.195979941786354292e-08
1.333020440558725818e-06 1.185296406180654967e-06 8.520428014558707974e-07 6.693493178189586281e-07 4.313497088973875281e-07 3.434259570595500661e-07 2.915393541068936136e-07 1.986333895284183650e-07 2.191599371392161860e-07 1.470806346961609353e-07 2.230224589359604455e-08
8.139927577920727319e-07 7.278113238815652482e-07 6.152202025639016670e-07 5.454364095581115335e-07 3.998946545283781043e-07 3.201772523079637458e-07 2.681495857298774437e-07 2.618728168162228114e-07 1.432921023449434306e-07 5.406432759098931524e-08 3.542467661800255839e-07
8.794725086082952472e-07 7.431802314082698863e-07 6.220588251165273539e-07 5.049620437262467796e-07 3.729358966709893170e-07 2.888769879424133097e-07 2.143538793300252379e-07 1.550164903498381802e-07 1.024807013735867834e-07 5.276795520727936677e-08 4.955550068855333092e-08
1.001494409700516797e-06 1.073598748253635218e-06 7.331017923279730188e-07 6.650142002690375024e-07 5.681187026377692068e-07 4.055641384816422721e-07 2.868585701426399942e-07 1.850135544753407171e-07 9.704222936586377154e-08 4.487224597302475884e-08 1.847072323137588198e-08
1.552924143274193464e-06 1.604798526050837035e-06 6.740986189442914910e-07 5.109997819477947255e-07 4.071913304088750748e-07 3.392944028909000389e-07 2.515750132004144493e-07 1.677422630870194222e-07 9.041857154892812161e-08 6.246305009625746364e-08 1.366487914382018324e-07
8.501315658574569208e-07 8.142890143638595638e-07 6.801577273844873499e-07 6.217614788303892180e-07 5.132334958694775961e-07 3.681318951778629894e-07 2.806589973023931323e-07 1.834765911114505515e-07 9.701081403307538710e-08 4.606652832972014779e-08 3.646309748233552160e-08
1.522034638380825451e-06 1.122000404565597143e-06 8.763845161440480511e-07 7.315855228402022721e-07 5.802680764584138103e-07 4.524426646699017571e-07 3.406647856411383765e-07 1.481909403903390143e-07 6.950530375175422117e-08 4.039905978457345796e-08 1.575251417622656400e-08
1.025749751365232487e-06 8.093477793979879805e-07 6.975824770888504366e-07 6.013800179216021392e-07 4.989909416609507894e-07 4.123784990172038202e-07 3.006524085322220703e-07 2.020106127374625025e-07 1.193807593732391933e-07 5.126725511220655740e-08 1.682125456608752120e-08
2.643853863852264048e-06 1.508022393823946030e-06 1.200321641275819141e-06 9.853235740310135612e-07 5.653016245783961051e-07 3.059230548821259886e-07 2.149892426305670052e-07 1.540791806139534393e-07 2.774029414466564710e-07 7.252748288140141463e-08 3.686115032551466551e-08
4.102915293844162062e-07 4.191448900360578585e-07 4.189520561031853117e-07 4.149337862899190421e-07 4.674487574768122741e-07 3.149875946390130350e-07 2.627978579258052172e-07 3.215588441926125568e-07 1.092139711489200009e-07 6.535050045195369910e-08 5.810307581548768168e-08
7.906105505934105770e-07 6.494738286985522217e-07 5.877321810009490538e-07 5.377169236585342702e-07 4.468165764804422167e-07 3.210256578714481214e-07 2.570406603368722983e-07 1.727645848600835795e-07 1.134973386183800384e-07 7.433227495564075068e-08 1.857249546365258532e-08
4.820566158937108878e-07 5.821757982892134638e-07 4.764824657210523976e-07 4.407746145143379972e-07 5.997916678925827906e-07 2.690931893539085338e-07 3.772507818530969031e-07 4.378018959180812318e-07 1.459659054870100611e-07 5.389867870063665138e-08 6.827917194287871926e-08
5.984665626600679016e-07 6.818337621907718835e-07 7.152543227694770856e-07 6.445552906611292894e-07 5.337470326180724293e-07 3.991093248298152701e-07 2.738383124124777684e-07 1.703094735999076059e-07 9.420148895610971527e-08 9.173782770885387358e-08 5.694614301071641776e-08
1.281351065390094216e-06 9.886696457739226294e-07 8.136440252949881851e-07 6.663814789191660912e-07 5.050829804675778875e-07 3.690556859975141356e-07 2.464189172778536416e-07 1.596470407400697719e-07 8.043141039856549594e-08 1.535010970535307886e-07 9.868655367788218357e-08
8.380898994794640189e-07 6.393912203226296501e-07 5.495819770350635112e-07 6.391448295379546865e-07 6.218137965266105343e-07 2.617270342261223697e-07 1.055738334792128954e-06 1.650968743963810904e-07 7.367452610520806060e-08 4.221693305569139249e-08 9.438486556714191574e-08
9.151567038122237063e-07 8.517701832306302222e-07 7.176463502104424953e-07 5.577720740195229485e-07 4.532580235809190696e-07 3.706803806427776058e-07 2.572435768212475117e-07 1.567708587879145829e-07 8.846786444981746021e-08 4.795247603763101798e-08 2.359734519889085700e-08
6.635474256860480481e-07 5.476288002085804096e-07 5.785325966536169177e-07 4.863122778818760376e-07 3.439829628144872795e-07 2.515036429003984830e-07 2.159824706679842035e-07 2.495149430385507454e-07 9.225071519108790169e-08 8.419850982428919023e-08 3.564793930999164514e-08
1.056903649911036659e-06 9.148322465181545000e-07 7.691742189568483859e-07 6.738598403798639182e-07 5.232378697773436998e-07 3.718485914912930941e-07 2.645601772453115294e-07 1.655803892680459445e-07 8.740317705149118452e-08 8.953404189806013376e-08 1.332381990838082809e-08
9.250482221251041696e-07 8.736608614111620771e-07 1.749023865823484550e-06 6.077707102511898209e-07 5.649920494964466988e-07 3.792527845833167023e-07 2.516527657437918912e-07 1.338596969974775838e-07 7.315100185085299440e-08 9.443962059735830155e-08 1.158226636203152874e-07
7.351587109777077961e-07 6.421258639041182776e-07 5.890829663227913826e-07 4.571734374234729414e-07 3.966904895804251591e-07 3.217050209788024491e-07 2.479533245801848333e-07 1.816131759684853215e-07 4.025272120998328284e-07 5.505465221363200528e-07 5.368275561365768483e-08
1.006954385419641588e-06 7.565437154980613550e-07 6.776781706888634109e-07 6.266460792422859731e-07 5.211770208333557494e-07 4.116264227700426071e-07 3.011584333087320858e-07 1.918700899109274901e-07 1.128398976788929568e-07 9.046784721221616471e-08 3.948329132813722894e-08
7.134450025375678728e-07 7.541613651922299449e-07 6.847856072009255114e-07 6.118680924760425745e-07 4.496808073229044739e-07 3.245254787253100935e-07 2.236312007812684193e-07 1.532067507250403734e-07 8.367234974082742188e-08 7.632072807643519928e-08 5.425590817363969951e-08
9.796279931148844717e-07 7.286268258710796873e-07 8.472363658452575705e-07 5.218166867060290591e-07 4.352589614237626269e-07 3.855702450688441575e-07 2.348024292799848695e-07 2.084165964802058970e-07 1.535529672377001938e-07 8.059179552824851963e-08 2.967959617463290384e-08
5.728225119862470141e-07 1.487201921747208006e-06 1.063179735641612330e-06 4.482083771567670084e-07 3.665607224970426855e-07 2.877701410750008737e-07 2.760154603093722738e-07 6.297957132084911263e-07 1.870920736950106689e-07 5.306561549883460347e-08 7.451976339772315122e-08
2.149313338955136592e-06 2.537493714008719905e-06 9.332107667666057950e-07 1.013573746609019753e-05 5.428827338185979080e-07 1.225802465877189993e-06 3.935918451853285210e-07 4.832948854498940000e-07 9.498019110493692544e-08 3.904989416629085972e-08 1.817831913500072473e-08
1.288906996715042583e-06 1.333685426792021444e-06 9.976542638145077247e-07 6.565198154888965868e-07 4.955029999101777014e-07 3.595306130345723289e-07 2.885924266720196659e-07 2.870186343534164040e-07 1.048364543783623175e-07 1.101950527817873676e-07 3.498479967787326531e-08
1.871818524945580447e-06 2.010430448818023942e-06 1.039457495732847225e-06 5.577016791947612769e-07 1.070380581766661508e-06 3.137232249722856429e-07 3.231971614127025700e-07 6.280042214690482242e-07 7.400985709796993145e-08 4.680272947849987230e-08 1.571428951561313888e-08
1.196237206563612281e-06 8.199819606615986719e-07 7.687684070497516576e-07 6.106143855865065879e-07 5.246175204667129823e-07 4.163501991305537968e-07 2.757032724034843806e-07 1.736019854326810196e-07 1.275418336363757949e-07 4.181821814526224052e-08 1.349909193535099631e-08
9.064705604352157554e-07 7.677338969240918797e-07 7.778141205542430565e-07 7.352888736729614858e-07 6.653669752071003698e-07 4.804321859582913135e-07 2.957252032581215691e-07 1.712033127324117818e-07 9.046331841417734934e-08 5.023192451783014958e-08 3.491535913116537850e-08
2.962480257386268909e-06 1.442532716515817276e-06 7.666052448073108736e-07 8.565818465659507654e-07 4.979944187968747397e-07 3.923157446878851196e-07 2.608235639686615148e-07 1.598347548022409542e-07 9.140432586029812192e-08 4.053526091624239687e-08 1.859974271039491422e-08
1.025525369584805504e-06 7.022046060057915948e-07 4.869997700500257322e-07 4.576777325166107789e-07 4.466147635603121025e-07 4.412428335528128822e-07 3.489867646745897093e-07 2.443644567215580559e-07 2.057153184566112700e-07 2.888496043042875951e-08 3.832970481160937234e-08
8.264005283147693525e-07 7.874593531826753810e-07 6.662512463151512544e-07 5.661086778684306903e-07 4.686012304302361603e-07 3.747250994834145976e-07 3.013672503894898713e-07 2.151859908024125706e-07 2.547139734194265701e-07 4.499720782216428392e-08 2.971697248651855762e-08
1.009672232116799819e-06 9.147519696355604296e-07 7.087424033742352107e-07 5.254913366296389816e-07 3.619655774202239516e-07 2.799950298875962826e-07 1.985692687235165934e-07 1.492312758889777670e-07 9.299611515158234411e-08 4.504411921761411085e-08 2.948333910953533239e-07
9.435300035382687286e-07 8.096991443615236372e-07 7.571332761565588230e-07 6.650423901772322397e-07 5.289149755441314610e-07 4.113728499818113693e-07 2.791559685914231313e-07 1.740900493355733688e-07 9.228798379629483013e-08 9.813006463249395401e-08 1.867806890164516697e-08
8.971037858695814126e-07 7.928407995916266105e-07 6.091542342289322847e-07 5.093136955955497743e-07 3.913845427378724364e-07 3.007907122596766616e-07 1.906027508324348597e-07 1.909844301007689781e-07 2.579811549547384161e-07 8.805709983163169866e-08 4.153751768797356605e-08
1.460090755007597494e-06 8.143337177480340629e-07 7.564270823115734007e-07 6.209814790110227682e-07 5.414085881160351910e-07 4.264221871722880583e-07 2.915955467423633193e-07 2.204890029473858016e-07 1.561329493828246265e-07 4.373849896082662660e-08 1.221911747784701115e-07
9.998588653376562576e-07 8.514124379369555775e-07 6.728719088334456938e-07 6.026023446973596733e-07 4.405151553584145047e-07 1.016681166334297239e-06 2.264327205044840786e-07 1.520955032684222905e-07 1.025139592098594511e-07 5.294858813260816376e-08 2.544185658581582886e-08
7.992267005857063266e-07 6.777752209672884348e-07 5.729082812137393650e-07 5.230501981859955101e-07 4.508266058424515982e-07 3.688289760421364405e-07 2.744387309781421727e-07 2.492919227251352329e-07 1.203836111329054181e-07 8.096363436979670977e-08 2.149137001414087673e-08
1.620139205652109678e-06 1.058784991208691350e-06 8.030257492857901833e-07 5.584494501843046726e-07 4.470357074863606565e-07 3.668112214508653899e-07 2.905869909284635682e-07 1.708645621265218021e-07 9.721029689134929746e-08 1.546000107969038743e-07 1.959718716604390515e-08
1.186194674336407311e-06 8.589166016598432414e-07 7.354796318465974701e-07 6.228467259156487309e-07 5.412466234475517067e-07 3.552479238313181479e-07 2.527560671878919934e-07 1.644153196387337011e-07 9.411899860339105684e-08 9.686776599549065047e-08 1.491775634763685937e-07
6.751038740076807633e-07 5.984784585542352181e-07 5.763810523516477213e-07 6.005564040840046555e-07 4.901540812703681114e-07 3.780564241550959514e-07 2.754238180029697439e-07 1.861717612010282229e-07 1.006182537700727771e-07 4.318390363470003526e-08 2.515819121504302796e-08
9.075983470878091925e-07 7.781380743279314060e-07 6.122102847726101695e-07 5.446152579884627954e-07 4.238848206419675635e-07 3.190745947014332243e-07 2.363736061215827615e-07 1.566185529520913144e-07 1.150226990272668545e-07 4.370773830455240933e-08 9.293183212627399160e-08
6.948650663948277026e-07 7.165535626905924714e-07 6.680636041772740552e-07 6.094488831269221887e-07 4.942537756308828489e-07 3.772937446837952868e-07 2.827304828987020556e-07 1.677517618744330987e-07 1.298924375480797687e-07 1.192925509736886890e-07 4.232874721679383128e-08
6.165695336985346992e-07 5.309987104391958568e-07 4.558968286718013990e-07 4.157121084158418043e-07 3.505423567835306598e-07 3.036057606765024793e-07 2.383183684870752205e-07 1.861757894866112312e-07 1.092402185694386387e-07 9.680663130320728810e-08 1.416768911823558773e-07
5.580416051327517001e-07 5.814580273774741546e-07 5.452153510671478799e-07 4.423921658101779595e-07 5.496261883614042041e-07 2.536656817437475735e-07 2.171096987993055586e-07 1.429783189599137595e-07 9.909812778171383194e-08 8.303034605731081249e-08 2.814449420174658438e-08
6.615436876331577771e-07 7.054062554490659343e-07 5.923935713705453718e-07 4.465589846956524003e-07 3.943150318121603634e-07 3.295137996972547653e-07 3.521479618278947692e-07 2.466943826584976619e-07 1.236230122635615924e-07 8.042968873514532722e-08 5.807888826990032284e-08
9.366362677215855804e-07 9.916978021701325367e-07 6.967068558717452623e-07 6.736642526155737074e-07 5.941445923003376931e-07 4.040401332888269221e-07 2.528523855801883597e-07 1.592424682844578515e-07 2.329936448566683249e-07 5.228109759706488007e-08 1.829240866476760718e-08
2.152887641584928047e-06 1.207140758281870640e-06 1.376380580011834883e-06 1.177713306660497608e-06 6.150490857948541374e-07 4.222574107589885299e-07 2.813627430402531468e-07 1.658681644546767770e-07 9.071054270771241589e-08 7.669689759836092071e-08 1.619534155259459686e-08
9.322350679363840053e-07 9.318527351178613437e-07 8.569808913160583181e-07 8.731962710871217687e-07 6.797107783052029707e-07 4.301801952164601934e-07 2.893729672004351195e-07 1.811127077886474008e-07 8.419390943295878019e-08 3.845541647802438994e-08 2.779979317030701622e-08
1.210548626664025433e-06 1.185399263438254093e-06 9.408150331035398894e-07 7.950691878390446331e-07 5.883237548111305315e-07 4.350892746138825497e-07 2.601862517544761304e-07 1.657477652296752642e-07 8.980848135251108176e-08 8.816563450752843655e-08 3.888180934358119256e-08
1.357299005985999503e-06 1.067277171158495555e-06 7.962325227603291924e-07 6.177066580213830726e-07 5.136830986925881819e-07 4.038708534115598624e-07 4.769722197451323076e-07 1.960224806539171123e-07 2.107991446079498247e-07 4.135982477084423079e-08 2.965733060571822841e-08
9.194912532773978664e-07 8.508875590528303489e-07 7.529433565688447375e-07 6.548319053591078465e-07 5.104171835972485287e-07 3.769748627701291598e-07 2.455198977770256091e-07 1.658384351889538025e-07 1.046345115093415542e-07 9.397501580718814112e-08 1.056034187607103277e-07
1.782474301975540270e-06 1.205336066908827907e-06 7.296708608618789380e-07 6.191729182641415621e-07 1.198091859464528774e-06 4.122149069766844345e-07 3.118716475513410957e-07 4.005118827635456498e-07 1.031003975346685848e-07 1.062059191798547563e-07 2.214086356235546931e-08
4.385198466894133597e-07 3.653070290901165791e-07 4.005669427483998425e-07 3.323979936649826547e-07 2.910365021256951440e-07 2.590295312185145985e-07 1.993411550202253646e-07 1.501219506037477767e-07 1.101397340333900059e-07 7.173493056676608776e-08 7.953725803962687700e-08
1.088298839261683783e-06 1.118635894921860418e-06 8.837288737006320118e-07 7.122704131032975480e-07 5.124445856432505949e-07 3.434178221081791582e-07 2.772653517261506694e-07 2.396665808331436813e-07 1.038575151631067722e-07 3.997059884371433035e-08 1.540579065532527567e-08
7.311891760320629501e-07 1.881013689328472675e-06 7.454330161255425719e-07 5.801709078315482265e-07 5.508922378238719894e-07 4.496101749595912479e-07 2.809441289895396947e-07 1.837658347813052412e-07 1.055953406642533911e-07 7.217616859019601191e-08 3.694215909118008112e-08
9.168776492020423291e-07 7.651985037545425268e-07 6.343445119251994834e-07 5.005768194123543809e-07 3.893580594853424015e-07 3.284790682575249568e-07 2.520991513875151695e-07 1.737631205540756216e-07 2.436977507794374773e-07 1.613345273112935680e-07 3.154136174399574046e-08
7.867850277434131099e-07 7.898372610541056069e-07 6.808933111805991746e-07 4.900337762815010112e-07 3.949986019333082134e-07 3.171235150027258734e-07 2.756533318862599659e-07 3.248606840965059096e-07 2.341169756862819690e-07 5.117274440711413273e-08 6.215479746852527113e-08
1.010640481383406182e-06 8.739577494934254504e-07 7.326764659606997478e-07 6.433540382895905960e-07 5.517300992863079024e-07 4.371140425036137877e-07 2.828639917211593032e-07 2.153237188991699021e-07 2.300311133085640871e-07 3.636046056838669944e-08 1.460443137563061543e-08
6.824736152410522693e-07 6.716205584962582741e-07 6.536637173491772375e-07 5.410999310826992768e-07 4.378411174782203335e-07 3.360061027082363260e-07 2.658670265586069486e-07 1.479496624237302860e-07 9.247434116350231081e-08 8.171378129343452631e-08 3.325107515163147849e-07
2.626146436090587668e-06 1.137634089591377029e-06 3.296492420796355115e-06 9.231802141545499698e-07 5.962519166769358911e-07 4.849059255882363309e-07 3.250046891270041476e-07 2.113495291729840947e-07 1.292974823360628343e-07 6.282090117483746234e-08 6.555604348694225307e-08
6.829873154287460594e-07 5.428739790608740058e-07 6.323376564974029230e-07 5.739652020215445044e-07 5.173806937805507777e-07 4.186429953592680257e-07 3.074677428252744191e-07 1.695272784752535728e-07 8.373167758872091068e-08 4.002857768088328696e-08 2.923001341571184772e-08
1.237243426352105422e-06 1.116267285098154417e-06 8.608218792611155232e-07 7.199586577612389337e-07 5.256878942752180789e-07 3.853193159514982770e-07 2.596447557834870049e-07 1.692860032453426256e-07 1.065373661919391487e-07 1.512015206012069779e-07 1.263834113125163292e-08
1.828845395259604791e-06 9.059875958827110199e-07 8.234665746800763090e-07 5.981642794376037580e-07 5.023400650194884360e-07 1.417716135231297991e-06 2.660727060666537326e-07 1.819848058162220498e-07 1.024765353054919540e-07 9.571826056716276692e-08 2.370986713856988766e-08
4.141372815168740212e-07 4.211130297257989939e-07 4.395230234247577625e-07 4.643435250438924693e-07 3.734759658158679655e-07 2.811985370839779601e-07 2.112312687033400150e-07 1.526057048871512021e-07 1.448537645976652288e-07 2.106488891680191927e-07 5.715898072803767197e-08
8.522052733283683473e-07 6.513297231130857251e-07 6.665431529033379111e-07 6.410281992986410483e-07 5.827833942237524992e-07 3.839924310503495078e-07 4.320671203136089316e-07 2.855886210945959303e-07 9.986419860647996139e-08 4.438437076471826666e-08 1.218706345716293056e-07
1.811848094822345255e-06 2.058911296332272597e-06 7.372536544834094662e-07 5.586653931756433754e-07 4.464872198709694565e-07 3.515237518864899274e-07 2.570138434738578790e-07 1.578174298504882435e-07 8.057147156318257351e-08 6.882807028997457119e-08 4.655690673597713512e-08
6.015660461691399425e-07 6.918353214047791524e-07 6.344954868571360991e-07 4.908517418293636220e-07 5.391659940893368330e-07 4.145281275492351968e-07 2.635583897239433815e-07 1.854776516386418446e-07 9.858365605729865617e-08 3.506053838787887102e-07 3.201834621024409960e-08
5.669197382656635718e-07 5.565159060006442562e-07 4.613817254560324043e-07 4.665846662934192785e-07 3.787644072020676341e-07 2.788246724322956640e-07 1.973797491006514699e-07 1.706891252172538701e-07 9.896263351000930045e-08 4.519203559779227153e-08 2.471383792985900964e-07
9.045924827765651325e-07 8.047215214224401402e-07 7.254628896799295829e-07 6.089101993175740907e-07 5.437151378329778542e-07 4.316049050611600987e-07 2.562493858989078663e-07 1.605650389165004364e-07 9.166886038378560595e-08 4.543913311095025188e-08 5.172273576552925751e-08
6.925930954467166933e-07 7.674525851149769008e-07 6.629418743896946607e-07 5.449523537084148722e-07 4.108359645138865929e-07 3.300722809413619268e-07 2.284578229942860347e-07 1.541639579939542062e-07 3.017174717663214697e-07 5.790947632247743925e-08 1.260101860322153508e-07
6.355230979940838229e-07 6.842893685944363193e-07 6.197649845347787109e-07 6.455760780157027749e-07 5.085731460860661550e-07 3.844014733884768621e-07 2.723608335413377400e-07 1.683717947144779698e-07 1.987266255529657855e-07 6.812531475843978316e-08 3.556298852522784089e-08
4.580935426765543105e-07 5.383034082266227887e-07 4.284865433518495989e-07 4.084681894291671356e-07 3.522341351334769766e-07 2.596743782251565455e-07 2.047312819120046845e-07 1.628471070341497943e-07 1.175990575092886459e-07 1.288305521014993891e-07 9.589519590897495000e-08
6.612921348213032358e-07 5.251811778771231339e-07 4.439793456653540569e-07 3.638354240459851851e-07 3.422468507284870260e-07 2.979174612136339498e-07 2.232574292175505324e-07 1.348108802608255750e-07 2.386134427079068684e-07 5.283298500280400913e-08 1.254071133776083389e-07
1.569772552083537301e-06 1.103509458807200275e-06 1.019589642057701431e-06 6.848673731019976071e-07 5.361590871450854957e-07 3.896730391070832623e-07 2.671818495409514753e-07 1.693842160775707141e-07 1.036031613968257306e-07 5.441188676342879806e-08 1.509878639424711086e-08
1.230453437363807729e-06 9.891377068774026436e-07 7.275482465400705531e-07 6.316384368662054333e-07 5.272451893436087929e-07 3.780994581383650258e-07 2.605051405309111398e-07 1.620455495271159608e-07 8.551738403187179910e-08 6.879117527982918918e-08 4.358829948493350150e-08
5.488322133505809074e-07 5.726354662248034327e-07 5.607290411642571397e-07 1.318723087636857147e-06 4.385456911872408209e-07 2.960459968993016446e-07 5.495167117898206829e-07 2.157782053237650206e-07 1.274415404650740371e-07 5.531602130161873189e-08 2.103676574198625998e-08
9.031597554962892102e-07 7.243368523395714342e-07 5.489168744084555502e-07 6.060569724410634919e-07 3.988965431900508586e-07 3.255968691931008291e-07 2.675837520898169082e-07 2.671844651634521445e-07 1.525199798282331256e-07 5.634901210989078660e-08 1.560341908473810121e-08
8.499460880397401467e-07 6.310719905345181475e-07 7.007289676314451292e-07 5.492723146976004774e-07 4.391968259195333418e-07 3.135848802617015758e-07 2.033996032021624362e-07 1.291899261881586585e-07 8.428943334745032453e-08 4.320608295634224095e-08 5.078550662110221171e-08
8.685976100741432134e-06 7.552613915575966401e-06 8.971096361263915770e-07 5.946637319723781937e-07 4.815981043041768129e-07 4.256588562921560570e-07 2.410397262419831303e-07 1.787514865314954659e-07 1.247255689494881162e-07 4.699885057743979183e-08 6.112879485778209793e-08
7.697954952197171579e-07 1.041915318267494075e-06 9.448038053019057052e-07 1.477008937946672527e-06 6.090486489647098417e-07 2.910314039512440857e-07 2.339074274722585794e-07 2.267302422340650054e-07 5.463438770990025764e-07 4.978885475861630290e-08 9.792847710773071754e-08
9.410617585901056812e-07 7.689284548003879487e-07 7.342550980375558172e-07 6.686416678112383896e-07 5.497076180081248512e-07 4.684393556205813563e-07 3.211778144198937462e-07 2.502566171267838676e-07 1.026881975017290469e-07 4.136378449254387152e-08 2.862394879400309836e-08
8.749180347603424775e-07 7.940021907522493709e-07 7.562222618012717018e-07 6.102800076254945586e-07 5.059047243447075563e-07 3.884119033226177399e-07 2.892306718498423987e-07 1.828767425122400192e-07 9.475577151446878839e-08 4.461600639766876284e-08 1.284083896782993411e-08
1.031554061331214774e-06 9.444380043251959770e-07 8.355107987847017827e-07 5.862327272512579456e-07 4.793229705211786383e-07 3.810121579595887345e-07 2.848210224073780941e-07 1.436211684537656216e-07 1.601800070440448873e-07 1.037535483096240715e-07 9.370222089763337688e-08
1.074324005318295682e-06 8.891167442550954644e-07 7.889618490286436656e-07 6.892079013138651714e-07 5.345098022127237580e-07 3.989827826211486063e-07 2.549488790616606633e-07 1.656921477956413965e-07 1.455964958450013101e-07 5.881590889776199449e-08 1.234488544031223379e-07
8.837510306671214947e-07 7.828878972753285748e-07 7.408103679261780999e-07 6.030171911872568398e-07 4.839243473246817585e-07 3.401551458660069228e-07 3.731919048778422818e-07 1.610622853467892032e-07 1.018679994846978808e-07 3.911527288607907224e-08 1.966662264702597104e-08
5.524399239783201697e-07 4.715414520018989143e-07 5.018874620793969058e-07 4.767327478987551813e-07 3.528654986933084153e-07 2.748569080059251754e-07 2.190368785611073529e-07 1.405311660784751106e-07 9.244752523733605681e-08 5.417214583707904638e-08 3.441725778739159946e-08
1.122936572019830287e-06 1.127123270083451063e-06 1.048656808064597310e-06 7.196820060062332299e-07 5.601772834964532316e-07 3.890727772887493935e-07 3.250982017035229128e-07 1.811626024703633823e-07 9.249918945934992188e-08 4.214131991488740578e-08 2.476001776464000784e-08
1.355307796352076739e-06 1.196540755444983920e-06 6.231271915490774315e-07 4.550511205107668772e-07 3.754925150700573013e-07 3.022183751528835149e-07 2.381813752499417054e-07 1.897959242273673632e-07 2.416094195333701495e-07 1.392181031059042111e-07 3.355253452164437345e-08
7.376908738128356601e-07 6.489820022151614975e-07 5.893232083204518629e-07 5.460043412373278483e-07 4.410826200859265206e-07 3.953246070336077842e-07 3.040324119756769903e-07 1.804242878350137188e-07 9.852996233648864651e-08 1.274712432796758251e-07 1.398921937710952606e-08
1.184522120127721381e-06 1.173842930141690794e-06 9.729431861814115796e-07 8.961408263571699261e-07 6.226990747304307227e-07 4.503197611611093243e-07 3.343611007927873204e-07 1.805240279996602386e-07 7.419977954941280209e-08 2.918339689437693848e-08 1.052696171046087999e-08
1.943681647228588084e-06 1.410480557463861259e-06 8.163316402586881219e-07 6.361220426787941551e-07 5.342871184942808648e-07 4.294382645356902795e-07 2.717783164385820613e-07 2.954826817627826900e-07 7.047406372975309941e-08 6.908025772834049647e-08 1.458543638057598344e-07
9.545753183673134802e-07 8.812678961870586968e-07 7.418648173779912095e-07 6.261184281216964655e-07 4.903653224937436451e-07 5.317178097233294423e-07 2.496685042928947399e-07 1.540359228519228936e-07 8.304139159059863045e-08 3.434615246643174609e-08 1.838630954083749430e-08
1.024191282286558452e-06 8.244344878397891766e-07 6.104909872742945101e-07 5.139525814068419007e-07 4.273506641325996711e-07 1.104685714658070317e-06 3.394223008094723663e-07 1.921271111422308768e-07 8.775799552911726806e-08 4.229994380988250566e-08 2.082158714766767759e-08
1.357381867631699906e-06 8.819099785807233138e-07 6.678095398670334773e-07 5.282350691484021084e-07 4.142616198618322556e-07 3.120274750077224205e-07 2.502612411079629460e-07 1.570650444120158157e-07 8.205311260718841767e-08 4.051091584036718901e-08 2.601060163291957071e-08
9.846106223750967418e-07 6.216358575473700077e-07 5.528057794840630498e-07 5.345445993317367755e-07 5.087930009124008309e-07 3.403600445058782112e-07 2.369907283887060933e-07 1.642800456576107215e-07 1.230002409117301973e-07 1.080860780741276360e-07 2.468050135103068704e-08
2.778059715309940163e-06 1.085281295266339796e-06 9.465832203243196814e-07 2.349901243792638716e-06 5.499935971395770424e-07 3.250040865562890576e-07 2.338957184202263080e-07 1.527597112908326369e-07 9.536226157762389875e-08 5.258700289611290187e-08 1.736360769145933853e-08
1.083412804967411091e-06 7.826822363760524292e-07 7.376161349932945883e-07 5.843043651961352595e-07 4.882288183642295395e-07 3.406560603793669285e-07 2.569435981198042329e-07 2.688071667134007144e-07 9.816798054757866589e-08 8.882946054040767739e-08 1.548344280547637500e-08
1.117633371315112491e-06 9.459544369533754139e-07 8.476846339318125830e-07 6.748585093034469466e-07 6.400374548734843385e-07 4.619672480627735287e-07 3.582742879281528473e-07 1.998874066403818812e-07 1.301229362379134092e-07 5.904655661054065687e-08 1.584464300164383878e-08
9.352423134567985438e-07 8.680389511079344860e-07 6.716241026124681684e-07 6.571043329222781321e-07 4.820195619510761416e-07 3.767099944218548277e-07 2.507072658234053649e-07 1.629325429656364594e-07 7.764900928437301041e-08 3.176729923302990941e-08 2.554744883936430561e-08
1.076232744711907631e-06 9.916523473507269152e-07 1.257232205290228898e-06 1.403570278287819218e-06 5.330496583232442390e-07 4.336680075584476192e-07 3.656733772562845743e-07 1.888149362371792769e-07 8.963324575433865900e-08 8.527503407872021648e-08 1.350954269680736045e-08
8.532366709275066621e-07 7.426247616546736981e-07 7.305177918594737304e-07 6.168126776443961952e-07 5.405217271059119310e-07 4.647397386949676835e-07 2.782287033022143451e-07 1.581938925750498463e-07 8.641000572573696475e-08 3.563247974775371257e-08 1.851954534317160045e-08
9.846121143379517125e-07 1.530686438443061282e-06 1.110808741106662271e-06 6.728479880688321741e-07 4.992732873502492972e-07 3.606838460860751170e-07 6.558006083931599953e-07 1.640234687611535367e-07 7.866262716554015328e-08 3.211144901223389174e-08 1.458848481830772084e-08
1.061359892180001596e-06 8.120781449189765844e-07 5.735501451569664223e-07 6.086115585732475286e-07 4.858725846929604589e-07 3.567428659926021968e-07 2.416657603897692429e-07 1.672513077578249412e-07 4.810535150802324183e-07 3.589993376675765524e-08 7.089455589829936589e-08
8.884740891113427695e-07 2.775181696915700436e-06 6.717152230233937975e-07 5.086803038819581408e-07 6.095375686062396482e-07 3.859384076642774547e-07 2.869929547006078171e-07 2.120058031065440122e-07 5.509346356626098822e-08 2.370356006636547849e-08 1.056863346706629279e-08
9.379601612758458790e-07 8.981347634009367217e-07 8.049437548615341702e-07 6.457279291974448664e-07 5.059079574361633728e-07 4.067834306360199887e-07 3.028400479070174804e-07 1.693679520298160589e-07 8.513333885217550325e-08 5.794612661943348239e-08 7.920441753389881916e-08
6.479397260826091935e-07 7.358049524255815148e-07 7.783190702177086022e-07 3.877024093228916208e-07 2.859909949806832464e-07 2.485367473862453624e-07 2.189138293392919766e-07 1.834728457230726249e-07 1.432429564141385551e-07 8.346482611284801984e-08 5.722280169267974963e-08
8.177418320690814038e-07 6.611269851497989015e-07 5.507645753942946995e-07 5.258804516333184245e-07 4.401871619602976615e-07 3.302224378626690705e-07 2.536939555818716032e-07 1.580506709017923411e-07 9.421099667904571477e-08 5.869560077576392248e-08 1.078119822409632053e-07
9.594020542211731282e-07 8.120050807324186128e-07 6.434808319847993480e-07 5.631856648747273745e-07 4.582753155948869589e-07 5.312907989894031692e-07 2.454693248613125165e-07 1.638704854065154206e-07 1.418361815808550622e-07 4.088130712630818578e-08 4.002981913536048427e-08
6.364573328028146306e-07 7.409735853145887562e-07 6.425268644442384232e-07 5.276979197681086560e-07 4.188819035981739499e-07 3.522955011519433475e-07 2.391999646884960136e-07 1.657036572752242575e-07 9.720117601119313129e-08 5.327090227736487221e-08 2.249217375169328054e-08
6.209792372582228951e-07 5.691380986267039104e-07 5.342599600564099936e-07 5.168689370983961686e-07 3.905115869777354284e-07 2.859705516107327243e-07 1.932906164702146873e-07 1.802089111201717842e-07 1.112634779541445962e-07 1.262473014969545863e-07 1.520712451588520305e-08
5.477052746121367692e-07 5.758647216736826740e-07 4.656317257132314193e-07 4.253491191891655529e-07 3.951914653877365322e-07 3.088683563504107054e-07 2.406148209083431472e-07 1.859645668053799948e-07 1.175869580069500501e-07 6.357350542464373062e-08 3.033389682156191755e-08
7.654733405671133114e-07 6.387194237996463931e-07 5.424432150230579784e-07 4.828172672404667416e-07 4.207800844546448552e-07 3.120424209108081994e-07 2.382827401926172776e-07 2.075830176584072552e-07 9.855652420380966060e-08 4.491495518363781936e-08 5.567168996424213117e-08
7.455649825162790026e-07 7.273513409191626750e-07 5.970194112296245598e-07 5.104507813453314107e-07 4.300864747782607834e-07 3.384203281736131214e-07 2.481656000096027646e-07 3.380472508701067763e-07 1.605780591340223167e-07 7.057800455712007860e-08 2.415109647126602026e-08
2.082610136623327842e-06 6.611885067499535882e-07 6.265484979692675401e-07 5.923613231852479319e-07 4.840077876028989112e-07 3.928696288286245628e-07 3.528685848315074235e-07 3.050646648840445658e-07 2.242982018685162198e-07 4.316534964476270216e-08 1.080180667621206333e-08
4.113099274157527976e-06 3.017629424992941286e-06 1.233515075517915621e-06 9.105728581624659202e-07 6.772051112509767759e-07 7.144102025222712452e-07 2.622393839764027605e-07 1.448002010175888120e-07 7.681518665912172169e-08 8.018302771717554644e-08 2.654029580321548703e-07
9.817261531142998549e-07 6.426591742175659515e-07 6.314279945142690784e-07 5.347288477818317102e-07 4.200360330477534980e-07 3.686687559201223767e-07 2.602593351037142070e-07 2.367287119410252145e-07 9.753740734000776256e-08 5.522609316228402260e-08 1.934664211182545132e-08
1.130305940098136977e-06 1.030520775522171881e-06 9.893573185551290602e-07 6.413252494345963102e-07 4.704335732495889006e-07 3.590158464824610869e-07 2.897716370869886317e-07 2.135962639969807846e-07 1.062004278255949786e-07 6.132511270575627981e-08 3.677185101062687748e-08
7.929799604182823507e-07 8.030465434378897104e-07 7.576301069452895130e-07 7.434357555456683113e-07 4.255641740464128072e-07 3.343300244407239854e-07 2.472042801182314573e-07 1.633464794295157197e-07 1.801283339646128732e-07 5.689461974397243874e-08 1.346582424754531904e-07
9.637393139779022594e-07 9.294849984184380419e-07 8.755935801938820668e-07 7.061148295078678348e-07 4.894149260373267981e-07 3.651456423220743036e-07 2.842016004896493098e-07 1.653413567530727660e-07 8.587140319576325826e-08 4.006319631153167283e-08 2.127833553510601480e-08
8.752572708412007155e-07 8.091680075112293911e-07 8.254845688292480126e-07 6.719036652342580076e-07 5.219373668127637424e-07 3.877848814706217424e-07 2.295670879905855813e-07 1.525471146196698615e-07 1.051368804442821863e-07 1.509386797446311103e-07 1.065716734756405664e-07
1.087434105577595266e-06 8.555886102497735923e-07 1.019098482291430062e-06 6.185751838886188444e-07 6.838576864819885947e-07 3.142378423032298480e-07 2.047926663023839120e-07 1.382126984892920872e-07 1.751345501089663633e-07 7.979325225329245054e-08 1.050888880550610852e-07
1.047403799047696887e-06 9.446294424284613425e-07 8.531802527401583350e-07 6.531305246298807195e-07 5.242515718618959209e-07 3.766657454374952908e-07 2.995029049582142812e-07 2.368258497645015119e-07 1.173199954863143212e-07 5.490441682988458665e-08 2.173297533431369564e-08
1.014298807939334535e-06 7.342557243923462024e-07 5.895084550958706795e-07 5.083953067641303310e-07 4.363049153274817816e-07 3.499694605488305543e-07 2.459400387324417471e-07 1.662943580461942868e-07 9.211688359080539073e-08 6.336997575338534821e-08 1.959074065556722735e-08
6.140333623985610495e-07 6.859018020116118088e-07 5.864913771466602327e-07 4.863851475872430996e-07 3.511502883581107106e-07 2.940847513190508143e-07 2.312048544664423410e-07 1.535152006540154660e-07 2.710808597224568557e-07 4.855077537853334655e-08 1.736177165638946769e-07
1.258178000180082704e-06 9.493474894403138362e-07 7.432844472974963484e-07 6.342050359399023292e-07 4.961816682277086108e-07 3.541266352690284948e-07 2.437680606459409947e-07 1.457949043442704124e-07 7.777719849035109133e-08 3.558818076987590073e-08 7.858801615551380038e-08
7.860909783901882359e-07 7.981392672046461909e-07 7.524896096756471542e-07 6.072634788212176757e-07 5.394930131291178310e-07 4.311824947466906397e-07 2.947386348428942637e-07 2.022378852487677472e-07 1.160512820425505564e-07 4.787125324098694523e-08 2.182417421638245433e-08
8.855036619881151525e-07 7.707137032311003763e-07 6.489138428639087741e-07 5.363310125700963761e-07 5.985506251622526686e-07 3.881549468393461629e-07 3.363114329942643515e-07 1.931163016831292399e-07 8.590015666937013412e-08 4.458054640190701027e-08 2.928659433403060167e-08
6.431146548694518323e-07 7.052850041685711702e-07 6.646237209770380253e-07 6.198169683031117067e-07 4.540273491728134240e-07 3.594524797358035440e-07 2.255279974579017979e-07 3.017506748684860371e-07 9.204313797321897223e-08 4.664482016011479748e-08 3.753569483801564739e-08
7.667715099098580139e-07 7.002915246083790342e-07 5.927815457936493684e-07 5.457266544933328889e-07 4.175971230895282326e-07 3.159161051376894855e-07 2.411884400113237818e-07 1.666454040728578606e-07 1.393949214441572800e-07 1.385035884901096961e-07 5.374359141302416403e-08
1.383606532717160091e-06 9.826795462903597739e-07 8.436124565300724081e-07 5.795408955440709978e-07 4.430752436092649459e-07 3.420952289633404974e-07 2.393482705981954266e-07 1.599582689935098004e-07 1.799161852814814269e-07 4.760575219107441680e-08 4.143836747773395217e-08
1.206020662742161972e-06 1.120130067077829824e-06 8.481407590424869843e-07 6.374294446268655848e-07 4.253060702714408394e-07 3.296230952093254657e-07 2.358455023363990819e-07 1.351211721986883576e-07 8.053406246626357779e-08 3.561571135103372354e-08 1.625860441342953516e-08
7.261062616909235815e-07 5.988228208146293547e-07 5.091668070777956456e-07 4.278623142262469447e-07 3.800068272654382654e-07 3.092326964181845694e-07 2.259486025528950051e-07 1.597032304791866533e-07 1.136728150050535231e-07 6.047784184194275528e-08 5.939102828906915859e-08
9.480506991612993892e-07 1.044644651151493748e-06 8.796989658852039313e-07 7.101798774225858502e-07 5.240242676989377301e-07 3.844577080104779433e-07 2.645077655689285484e-07 1.654192193466174567e-07 8.474409820682176104e-08 4.532522841416254695e-08 1.112027227021857843e-08
6.094403386009118990e-07 5.977998689163275120e-07 5.335322717679420065e-07 4.603205283289871118e-07 3.791849803416165905e-07 3.102930535272376879e-07 2.259110890660702861e-07 1.480257379565417379e-07 1.670234986769762396e-07 6.877417072655771628e-08 1.513343537947013861e-08
6.707029387471598820e-07 5.248861429696823301e-07 4.747115723956662208e-07 4.563958214798154368e-07 3.705529224368714877e-07 2.975940650897470404e-07 2.175570226160230488e-07 1.579331742758866890e-07 1.032229537933406128e-07 7.128009802440979398e-08 2.721171613194176091e-08
7.915133272426195878e-07 6.337722617544809785e-07 5.252766652943880229e-07 4.477492526517308754e-07 3.768328577673948112e-07 3.126141659500799173e-07 2.536345975664948162e-07 1.690740168046058354e-07 1.880128867950300353e-07 8.386725296086195304e-08 1.701108620623554779e-07
8.594177657990120500e-07 7.269896926285479665e-07 6.573911917386767520e-07 5.209861170691561157e-07 4.593715127291126158e-07 3.521168525941935809e-07 2.696219949664493813e-07 1.800742261966835129e-07 1.173029779001718612e-07 9.875607052832862516e-08 1.368057077335013396e-08
1.085682682627662325e-06 9.487457294320287185e-07 7.870634731672153220e-07 6.316653334435454699e-07 4.857141634678408474e-07 3.584898077546138878e-07 3.741727401712069659e-07 1.454167460545831898e-07 6.052039220231987558e-08 2.589360573868326529e-08 1.776711521319518501e-08
7.593372882795286327e-07 6.998896593061831764e-07 6.360834866288067222e-07 5.024301606731216028e-07 4.270515625571289371e-07 3.107691731776007206e-07 4.664711009219113354e-07 1.840580522618466793e-07 2.330842535885705999e-07 1.170865029211269971e-07 3.071762283741815992e-08
8.903289234101613745e-07 8.112179968242502132e-07 6.628985471046459014e-07 5.732152663401955103e-07 4.698635578412780853e-07 3.394690057593989703e-07 2.542144353398834502e-07 1.502436410042108654e-07 8.385424744311676339e-08 3.541020052946059685e-08 8.582117744456721917e-08
6.751006806838396970e-07 4.190391868550496748e-07 3.710960000244645646e-07 3.273978080445906429e-07 3.363957898495667329e-07 2.410788534903973022e-07 1.771152264535316228e-07 1.538012218578819268e-07 1.881898814695966126e-07 6.471763879408867111e-08 3.890112304010249851e-08
4.876242077064874529e-07 3.887593396448235571e-07 3.826227343825287998e-07 3.005184117932560960e-07 2.662999578455596908e-07 2.657340170765884523e-07 3.000518075592120323e-07 1.973194798134066777e-07 1.644389759493496002e-07 8.348148954270967140e-08 5.694319998779633971e-08
1.114415159360668864e-06 7.307329973669696113e-07 7.498912683264300807e-07 6.795161089855055786e-07 3.752653987658667365e-07 2.650299167227816292e-07 2.157637365993739014e-07 1.498718494113760448e-07 2.257380248537224037e-07 1.290536131040086954e-07 6.324224594869891729e-08
8.566116337695747885e-07 7.632343494016064171e-07 7.003721523797641400e-07 6.431774575437809705e-07 5.817111729591197074e-07 4.298010768598602913e-07 3.455658854491178247e-07 1.646038363814421205e-07 9.989961075024076121e-08 4.312089085768488037e-08 2.623683899027007984e-08
2.512395001909468853e-06 9.585466087366991712e-07 6.687777259843979114e-07 3.933091413420804764e-07 3.154088473990182589e-07 2.300675694002005591e-07 1.893267391870284132e-07 1.411088859136716791e-07 1.059210633079631830e-07 6.123322227773658553e-08 4.237065054850982715e-08
8.520870793253369847e-07 6.778207591592920808e-07 6.190530767022052048e-07 5.255369963345011872e-07 4.168624356440684813e-07 3.190939480689237145e-07 2.476898480244968224e-07 1.495388188524858821e-07 7.213139901620312218e-08 4.155535497817983691e-08 5.580696364554791926e-08
1.219726300558621460e-06 7.036107147934840881e-07 6.204363400501134606e-07 4.276005442109026860e-07 3.229728286179388852e-07 2.675746661245385576e-07 2.104526820319461353e-07 3.879507451181231176e-07 9.536690620327828497e-08 5.617422249661042932e-08 3.405724670493619970e-08
1.226139964890535204e-06 1.225597371919935440e-06 1.063516778236687841e-06 9.736735644777925656e-07 5.730207351977264987e-07 4.130661510422280265e-07 2.829829634095031721e-07 1.696807268302994221e-07 9.376682506598907678e-08 4.161616439020009980e-08 8.500483223800146013e-08
7.018056779819102890e-07 6.725215569305911288e-07 5.198752484991846676e-07 5.079461420384431461e-07 3.601522146362621821e-07 3.050918190794033782e-07 2.138387420481744732e-07 1.604462683678654285e-07 8.672096111067377844e-08 4.687286836217554189e-08 2.054393001560860969e-08
8.020992262420817654e-07 6.314902533189703898e-07 5.080646057528192594e-07 4.358900660172439451e-07 3.923362810389322683e-07 3.184573469921565995e-07 2.263901701564814082e-07 1.437464928192400825e-07 8.306713964775443059e-08 4.270350984236958297e-08 2.115705297228466422e-08
9.993539601133429381e-07 8.018171927145099782e-07 6.420213413986458608e-07 5.655469199718511656e-07 4.800529612945264928e-07 3.811151898588763529e-07 2.702920077868951911e-07 1.672047158473333453e-07 1.140923110306999846e-07 4.921706494931655355e-08 4.299500660254249610e-08
7.766300604117328616e-07 5.526511183429130776e-07 5.693421007112993411e-07 4.931375116653169620e-07 3.711268526106569992e-07 3.348559587192678449e-07 2.304939638581692044e-07 1.382304172987360713e-07 7.877124149005318651e-08 9.349944481575663113e-08 8.407370687489565390e-08
7.673231286174748252e-07 5.841916679851276973e-07 5.838136750274707358e-07 4.321807354261637316e-07 4.052212756230273462e-07 3.198786360304364928e-07 2.282895080759674238e-07 1.629442577496889156e-07 1.133865287081486639e-07 9.701986348593697574e-08 6.399889346705159659e-08
5.782864918632171547e-07 5.010265137333262756e-07 5.226549126480593119e-07 4.207934038377941546e-07 3.535143841042494948e-07 3.116799233837037886e-07 1.982659853189208833e-07 1.352585111548738400e-07 8.852178721882598404e-08 9.468032048176193411e-08 6.686745849820460255e-08
1.310563261772799643e-06 9.851806081966819702e-07 8.772992519559031345e-07 6.092052745123002397e-07 4.827010375276408615e-07 3.670591343583535287e-07 2.980002981079219673e-07 1.511575953609903503e-07 1.691961875681630643e-07 3.971419792362255381e-08 4.354487970275263227e-07
6.250500085050061034e-07 5.999581980694457514e-07 5.894721167375741583e-07 5.549517421314233514e-07 4.181116973250364442e-07 3.258196812131137504e-07 2.290591030093425249e-07 1.567385000386274529e-07 9.150545943741080029e-08 4.448625195664471756e-08 8.313480330279692410e-08
6.096589336601302191e-07 6.050157749555992480e-07 4.828483342886553329e-07 4.328051822195592135e-07 3.625698251050492351e-07 3.138453485812055607e-07 2.530732480898746480e-07 3.871440760904927915e-07 1.324618330740709814e-07 2.772897818770063362e-07 5.016521193239188913e-08
6.409350213189285097e-07 6.994634055407833757e-07 5.646709539925029706e-07 4.858087468515602700e-07 4.119533880659772898e-07 3.398666913935242010e-07 2.637628350721611599e-07 1.729738270205391250e-07 9.014308747746859441e-08 4.531749276841158012e-08 2.704844303092445227e-08
7.532522526213620504e-07 7.369235118137108180e-07 6.686103964179060021e-07 5.248315892839023247e-07 4.347607200064465308e-07 3.140809701176696471e-07 2.441923469606117589e-07 2.860671337083638559e-07 9.412869519316156301e-08 5.289043895702241856e-08 4.966052107234018708e-08
4.578576117092429358e-07 4.749626665538314822e-07 4.128833984263256252e-07 4.293035918300684814e-07 4.076612569491557811e-07 3.234004016271315172e-07 2.345636230790096890e-07 2.265569915452581655e-07 1.302448835031912895e-07 6.115505869598561758e-08 6.736877630721831462e-08
4.653629821039748160e-06 1.622736483720459793e-06 7.995861103583838215e-07 6.006906362566110055e-07 5.087910493224234474e-07 3.877697330364179913e-07 3.403142518803239591e-07 2.937210201562614387e-07 1.035608450257198678e-07 4.599831948033588557e-08 2.337528866133118596e-08
2.130035561115752636e-06 1.947876889254141582e-06 9.117572793210434162e-07 5.992210713039913456e-07 4.383847284396063777e-07 3.112017598371375466e-07 2.081921121863956335e-07 1.321148907869477256e-07 6.993472052463672334e-08 8.083980277603821673e-08 3.497393903118281298e-08
9.555562846646176604e-07 8.556345170067758069e-07 6.435477105876335740e-07 5.606258274906307732e-07 4.004290864343089566e-07 2.854979576918962783e-07 2.348865890357374803e-07 2.635281614837147651e-07 8.647349570983138933e-08 1.227593281609753488e-07 2.154163309232592230e-07
8.866891310277666716e-07 8.238623638448594762e-07 6.609917618070155907e-07 7.839438900834430089e-07 4.939959777884080709e-07 3.371163431642227075e-07 2.377740044861312767e-07 1.822765792392461167e-07 7.510421146553491260e-08 1.123141823781778382e-07 1.288409570445117021e-08
6.813033165569317904e-07 6.168881546449247327e-07 5.814499459727877675e-07 5.188910345027585251e-07 3.356556116634853444e-07 4.999370633616431012e-07 5.582562959408715760e-07 1.812111670499433299e-07 9.463316074083798728e-08 4.697149994566605724e-08 2.219029340735261960e-08
7.958328003995793680e-07 4.921494934730905429e-07 5.190940060954415528e-07 4.516043573389602680e-07 3.546558597140876198e-07 3.112276677094886890e-07 2.322470607328574664e-07 1.319305232193602074e-07 6.358751425495811881e-08 5.043078537833578687e-08 6.513198365217019378e-08
7.926632544585377427e-07 7.207993362204809515e-07 5.950080493230708556e-07 4.712984548947197856e-07 4.032138710389807029e-07 3.336854303087801017e-07 2.435265552050445027e-07 1.463588912832042968e-07 8.930962281903225051e-08 5.201829824663015182e-08 7.147849297604143638e-08
6.400601552199459833e-07 5.538376629546252203e-07 5.735118919604069662e-07 5.150094667811178747e-07 3.997576377230032681e-07 3.072946923741424674e-07 2.204003271988818636e-07 1.511073303889659571e-07 1.254084962117744691e-07 1.662439508826660817e-07 5.663967762792753861e-07
1.562879174634454304e-06 1.316490807941618596e-06 1.019748029924832506e-06 7.371438676743193231e-07 6.249324673813912757e-07 4.738967074769700173e-07 3.867470910059942153e-07 2.292325342042558036e-07 8.918733036025433149e-08 3.498967023027149680e-08 9.273292802514943804e-09
3.367251747725971098e-07 2.706520037627640396e-07 2.428947366710930346e-07 2.197991316661867217e-07 2.104365216708544913e-07 7.462026975649790104e-07 2.151988659857586072e-07 1.635974017089677196e-07 1.386500821494814567e-07 2.000029818498225492e-07 3.786149186344897354e-08
8.748338500126311098e-07 7.663789391424585805e-07 6.365824320952782704e-07 4.932925277103426880e-07 3.885948903317969581e-07 3.068565871291898259e-07 2.163829914205259509e-07 1.799685304714732597e-07 3.916704507477324728e-07 9.948273802440412502e-08 3.695772528276775584e-08
1.252942999136460523e-06 1.110128189656557734e-06 7.325186451780156791e-07 5.178953370954847250e-07 4.307050257518858711e-07 3.487398822626678618e-07 2.611484864845194089e-07 7.208825097507905520e-07 8.173339801602120058e-08 3.853246069447758025e-08 1.602327958579211459e-08
5.653149136067974682e-07 5.520110334786601907e-07 5.304406823348485514e-07 4.385480424761675229e-07 3.860740100150109623e-07 2.772469186898421227e-07 2.437122324668149450e-07 1.895304531836902707e-07 3.354575570239495320e-07 5.191841750983251181e-08 4.695145651964210141e-08
6.695349762795540510e-07 5.220467487318639968e-07 4.962108370619205832e-07 4.568722774916131998e-07 3.545410434528220884e-07 2.647963122036252426e-07 1.764404079274787146e-07 1.278617928555583838e-07 1.060315334728639310e-07 1.338049446971292465e-07 1.349787360093281380e-07
9.319739540739787954e-07 9.075145682530924967e-07 8.286743857412570011e-07 7.261685993398022456e-07 5.369948863422387740e-07 4.392830425316141007e-07 2.658700785251947349e-07 1.540284958153974348e-07 7.993494600247408738e-08 1.220963552517851767e-07 2.136469133827687189e-08
1.127570943616948687e-06 1.429437916615815959e-06 7.419437337464763462e-07 6.088798908021946310e-07 4.823070593754686433e-07 3.627721396679795414e-07 3.466259091376793927e-07 1.542396537891304585e-07 9.407134699259049710e-08 2.231359057080972761e-07 3.267856473224646774e-08
5.084729575569064075e-07 4.062417332119063649e-07 4.954168883178370556e-07 3.625618867489512413e-07 2.864191639287527547e-07 2.313914180226304619e-07 2.092778542673570852e-07 1.491525376720483284e-07 1.501161975962588564e-07 7.957823135368586361e-08 1.069749419984027917e-07
7.540117545610970408e-07 7.908855614643962435e-07 8.068471052140808365e-07 6.325445007219460234e-07 4.278952712979356979e-07 3.423927469278082252e-07 2.650852404612184310e-07 1.719312241497068246e-07 2.312393664544706056e-07 5.337358057201554087e-08 6.630715631385005538e-08
2.321993249684676248e-07 2.050212028051223773e-07 2.747192212023294837e-07 2.372348119136756160e-07 2.138948320300764690e-07 2.679391808542118087e-07 2.147319735334201381e-07 1.702671656893345120e-07 3.089430786149908728e-07 9.733363232630019120e-08 5.355446189462481261e-08
2.181578869158735567e-06 1.856805273202398225e-06 8.849685205509458514e-07 4.494364589268129116e-07 4.118101619076738174e-07 4.106559598312229762e-07 2.913068659072733374e-07 1.766845375424982767e-07 1.170047100747811654e-07 1.021809549996219478e-07 5.523590007130684693e-08
1.076032212322649366e-06 1.174107908959280064e-06 8.461491506937428837e-07 7.090998331913879877e-07 5.013627337595308424e-07 3.588481976528538054e-07 2.206984727169023758e-07 1.497924361083306854e-07 8.667211061681461878e-08 4.026774857583165152e-08 1.234366289307875777e-08
1.256084016785811912e-06 1.665331231646976963e-06 8.889830309877887961e-07 6.247161921412530163e-07 5.452051393975224009e-07 3.580358451048255261e-07 2.655941759537279589e-07 1.654307030922364108e-07 9.403077411947054702e-08 8.755335076471103499e-08 6.392375581158208841e-07
5.209426777185917045e-07 5.370201620048050914e-07 4.192255701053881568e-07 3.435042811278765543e-07 2.942333034826657627e-07 2.889191677050902016e-07 2.828275997138711865e-07 1.657448648246766136e-07 1.061768015606800835e-07 9.279520873440869860e-08 5.942367478376681093e-08
7.443560100343313123e-07 5.762764238870304954e-07 5.571653965457256266e-07 6.675372414121864066e-07 5.453689792299599372e-07 3.225497848990713134e-07 2.565169598978901853e-07 1.468149698320429008e-07 7.363901230832486889e-08 7.469015208441446767e-08 9.594251618354019988e-09
1.114066634543079980e-06 1.065371959295963293e-06 7.692728530122369578e-07 5.254740728080122113e-07 3.987998544576145235e-07 3.299690482979448685e-07 2.336579014931521624e-07 1.693198455267663789e-07 2.031153478629316141e-07 7.038904796642039584e-08 3.251629658352693307e-08
6.232250179557140830e-07 5.308511744939134770e-07 4.671648553144854842e-07 6.899918720224560223e-07 1.327404512001293257e-06 3.002886550934194117e-07 2.157169614316832636e-07 1.393195274207422663e-07 8.992180607978039266e-08 5.205784261355372637e-08 4.021896054091291558e-08
1.314063142561345428e-06 7.105454544850051827e-07 5.030517113116243287e-07 6.041842472130971857e-07 4.547099636237414550e-07 3.572795345741266450e-07 2.503955309572952528e-07 2.570202265408309939e-07 3.978795669221709907e-07 1.034328007598313020e-07 3.042466845022050037e-08
7.605423881400252265e-07 7.900478976434826236e-07 6.555076656837228492e-07 6.098106137598350670e-07 5.497777267132466343e-07 4.249035730506935890e-07 2.651598209873184999e-07 2.613963461639735924e-07 8.351189032706811250e-08 1.457787951147449019e-07 2.084858950255180268e-07
1.286786562771198583e-06 1.012409179537393897e-06 8.743579748233545234e-07 5.799659975934470149e-07 4.714305448099422693e-07 3.529287550697451243e-07 2.337662893545936076e-07 1.566071933375170921e-07 1.427498017278143277e-07 5.057090112519329094e-08 1.554447030923602356e-08
5.848261431180529550e-07 5.750586077778987451e-07 4.921564217457000881e-07 4.825275364017613611e-07 4.194741542556828417e-07 3.617170810989105635e-07 2.449228070397338029e-07 2.008938703646256382e-07 8.886514377144238825e-08 4.038374432213817460e-08 7.675102143761690562e-08
6.873988669545284066e-07 7.306440046601402120e-07 5.927388587069135666e-07 5.680930713879568357e-07 4.761997212878898058e-07 3.562744591244418209e-07 2.867477821236994189e-07 3.324190761557086288e-07 1.992517921164239404e-07 7.245189946967257949e-08 8.735824826560355889e-08
1.173673298580123971e-06 1.000214737150070692e-06 9.768171516326058913e-07 7.378350199964091449e-07 5.546742867466657496e-07 3.737030815010219708e-07 2.697649875107398367e-07 1.794600903239363976e-07 8.599506791069946566e-08 4.165772350263381362e-08 2.643218635818474741e-08
9.566812003500925605e-07 1.037388028691310592e-06 1.138736984717700661e-06 7.068054503327811658e-07 4.562187533358038506e-07 3.686126422819626751e-07 2.636747035771546364e-07 2.022320547639698438e-07 1.005638487400652501e-07 6.585345398685053473e-08 7.567885206273422936e-08
1.836067386345987068e-06 1.262268777059104156e-06 1.169883350131020929e-06 6.079559752398639645e-07 4.536385958711187690e-07 3.530478927588099970e-07 2.449869956071311709e-07 1.318525119208208022e-07 8.432077121969246814e-08 1.266373729557100244e-07 2.513079645433547591e-08
7.880202859438660843e-07 7.618954677041506990e-07 6.678062663322657762e-07 5.455497419936181645e-07 4.437653806937909548e-07 3.488665024849640452e-07 2.314688942283280597e-07 1.338902416175481808e-07 7.213902228073845139e-08 3.556623891911656817e-08 3.986250263016107104e-08
6.988153316382944994e-07 6.808704506430852800e-07 5.896763385455434025e-07 4.981467618467577148e-07 3.825931560721162795e-07 3.217493817420819226e-07 2.221506053667272936e-07 1.956298593568739630e-07 1.071717956539083228e-07 7.102358409178765428e-08 1.868888329096015501e-07
1.178679775030148915e-06 1.139531676728675530e-06 8.699893515479153836e-07 7.759336961368033391e-07 5.605161125375677367e-07 4.047878372632261315e-07 2.801467165352628066e-07 1.778897730716183667e-07 9.999650769903723679e-08 6.429997788325072215e-08 1.448166270209121740e-07
1.539232789589246998e-06 1.173019930683069089e-06 9.208879579080781717e-07 5.250626951344613453e-07 3.756702588582789618e-07 3.071981415790299006e-07 4.758345513307833972e-07 1.502891965576671426e-07 7.516245657225166878e-08 6.133817582307073187e-08 2.242342499259300607e-08
1.158131937173475835e-06 1.064625272082550269e-06 1.042342278925748573e-06 8.780872067559112333e-07 6.397351188022897110e-07 4.093027091846306557e-07 2.908472414893745933e-07 1.408645439913799025e-07 7.251777103030852403e-08 5.591322660190403931e-08 4.114881018666836559e-08
9.920109736777988178e-07 2.111479024316786258e-06 1.408906848353885107e-06 6.451468749062181761e-07 3.820404024571909310e-07 3.680664203134862288e-07 2.227750883868616353e-07 1.325920905970319232e-07 9.225258201022112479e-08 2.368361196311844666e-07 7.793504641539185023e-08
7.815389773039497169e-07 8.157451833045988500e-07 8.342499861748566622e-07 7.383685422452989601e-07 5.532513430736769992e-07 3.863758267938614557e-07 2.702600195566920779e-07 1.671302553903738084e-07 4.239118070969795342e-07 3.791273669516930876e-08 8.891144008283589397e-08
1.958727955256739350e-06 1.210029555647352993e-06 1.347053780820423654e-06 9.229011369689834343e-07 5.273278848994568204e-07 4.038421318058533249e-07 2.680905045091845279e-07 1.664348807082448875e-07 1.223405678499621074e-07 6.685757844295206151e-08 7.035791816846425945e-08
1.150862548260062357e-06 9.967557371089957571e-07 6.659629055640106177e-07 5.339759817510060930e-07 4.249451629808529064e-07 3.125588387625550240e-07 2.578587244509018804e-07 3.134302306100221258e-07 1.351509259751552133e-07 1.158307232955128293e-07 3.039211797512386954e-08
7.347988283027735406e-07 6.695934190617806414e-07 5.411901960203187458e-07 4.363622588070464901e-07 3.619160724746277580e-07 2.969146267868798722e-07 2.084686903468517855e-07 1.355755644148094539e-07 6.605878132498504422e-08 3.870198124173741483e-08 1.917246141960757467e-08
5.669885256496951484e-07 5.150768848716494749e-07 5.437994525031607678e-07 4.926944791723719939e-07 4.095004876186201639e-07 3.451348066162661637e-07 2.392282542803517835e-07 1.649692600062281174e-07 9.996016525870144405e-08 6.085689733795669345e-08 2.649163470708007141e-08
4.569236445204564048e-07 4.374242088037149147e-07 4.804273111823361845e-07 4.233783664313182545e-07 3.356173178953005824e-07 2.616545825298225117e-07 2.015591833937707550e-07 1.419979420800255554e-07 8.226459651309790327e-08 5.651094806821114524e-08 1.449676845485420009e-07
9.099033691150890203e-07 8.117468683939455678e-07 6.516055953510946321e-07 5.366580660002540187e-07 4.399281838410187709e-07 3.642302330350289131e-07 2.716572257768147406e-07 1.867148808475805039e-07 2.221840007514319115e-07 5.205359693653792059e-08 3.125156364442783170e-08
6.253315108035339144e-07 6.925444800976493776e-07 5.809893798581181075e-07 5.824702120790680658e-07 5.005288208319847224e-07 4.062684417241441437e-07 2.681729518478492847e-07 1.605014351069295770e-07 9.097703805768034985e-08 4.599779098558223752e-08 1.552012909296549639e-08
3.905234380237810949e-07 4.792944715881123046e-07 3.666017827206470216e-07 3.749155574599977605e-07 3.497812631029712824e-07 2.673480380088501163e-07 2.223348429737827933e-07 2.337365433922221337e-07 1.337415083149047172e-07 9.658131905728517125e-08 3.807296784288503247e-08
6.152819638171526572e-07 5.428832723547406926e-07 5.237155246368428296e-07 4.574637407635141578e-07 4.027506219732513973e-07 3.158781507608247458e-07 2.447982247965586622e-07 1.797230143696255097e-07 1.369076566691856417e-07 1.756709478037743707e-07 9.146393439435777779e-08
6.550215280876560870e-07 7.631121858143559982e-07 6.416320379358538674e-07 5.862878437016681720e-07 4.624367592695497062e-07 3.251092341309292227e-07 2.392870000860949075e-07 1.281912081578813824e-07 2.008625293653200183e-07 3.438332854435847164e-08 1.843867464216670835e-07
8.220843305316173038e-07 7.884711693230115387e-07 6.936908974074599429e-07 6.094574063037899742e-07 4.644649971560644302e-07 3.507297857225763107e-07 2.440938745315079149e-07 1.492864587228211486e-07 5.538142863732959336e-07 3.701869326284955050e-08 1.206341333496014632e-08
1.003166218588731356e-06 8.416754204085771544e-07 6.773510280880643055e-07 5.917331863494535888e-07 4.378674588250182761e-07 3.140086072250354981e-07 2.308758856627612889e-07 1.401903049009732537e-07 8.275546224778136742e-08 4.406560407654105213e-08 3.776741830969672991e-08
9.528233947533576229e-07 8.658832579208507878e-07 6.787365882313938494e-07 5.168292193495826492e-07 3.668830163523817423e-07 2.709808037700862076e-07 2.277471954971486776e-07 1.718070657013093679e-07 1.453120463950686397e-07 4.860219367526411462e-08 3.884843138429293210e-08
5.997297335106639036e-07 5.673059846011814815e-07 4.916200296520529544e-07 4.403838116790037233e-07 3.652171263124322197e-07 3.163795689084026012e-07 2.415285210940747097e-07 1.482973552078710819e-07 8.662712889670730017e-08 7.516518015223730064e-08 8.644338129787665317e-08
6.599470396904192909e-07 5.915912336320236306e-07 4.743131323521579672e-07 4.302767285604928729e-07 4.188313056425084460e-07 3.022255234775734672e-07 2.055067031485383146e-07 1.304794971292904899e-07 1.807718984911234667e-07 5.201475435659757587e-08 1.561938266685332272e-07
1.092061626197985503e-06 9.790413651111797305e-07 6.484338407381015953e-07 4.754582172084176857e-07 4.709773651171865548e-07 3.754979682109840304e-07 2.296689449724944074e-07 2.784392399557461745e-07 1.016388876351763634e-07 1.447863199672155696e-07 1.257970248471577580e-07
2.991823475971653217e-07 4.640965545028606174e-07 4.065836697101085361e-07 3.447701375254969146e-07 2.696896999458281652e-07 2.316135901530669999e-07 2.125168147818350842e-07 1.870143313474517694e-07 1.010836850394320068e-07 1.771995666708454744e-07 1.601814501665692819e-07
8.986841088575253796e-07 8.391427158968918316e-07 6.848628338997126387e-07 5.694580906726766398e-07 4.895442914940606361e-07 5.434843826161684602e-07 2.576064985160814424e-07 1.756221098180532048e-07 8.908165029510484034e-08 3.196292998186496232e-08 1.140181841803767759e-08
8.052505897045340072e-07 7.611513842987098225e-07 6.381498383412382621e-07 5.571999682683477962e-07 4.319934453195762620e-07 3.234942699989846969e-07 2.358211743811691677e-07 1.592826638155129780e-07 1.028401130715649131e-07 1.123018773393807828e-07 7.001518854343597276e-08
1.190578364115540964e-06 9.111466428575994164e-07 7.529979051420213294e-07 5.024927714503773590e-07 3.818398899192781915e-07 3.058066931854762650e-07 2.320081611670270063e-07 1.549896077745813131e-07 8.270168761070430741e-08 3.369940554186607721e-08 5.433942539814872447e-08
8.977983656869994167e-07 8.146720282639658270e-07 6.274287072389572809e-07 5.130080529920232697e-07 4.106946603765150886e-07 9.284322530845652048e-07 2.098517056473337405e-07 1.764131336579577884e-07 2.381260551195314750e-07 1.816884144937108070e-07 1.936069328897970129e-08
7.375371842049908946e-07 6.695066758798171192e-07 8.773349511063437111e-07 5.903818681817422179e-07 4.647536374594201229e-07 3.243532125697770614e-07 2.135037424012424397e-07 3.045930130461180065e-07 1.315667574789399518e-07 7.450064650198871559e-08 1.046064772596038064e-07
6.297621724623696499e-07 6.096706740653353461e-07 5.018792256124321767e-07 4.321711052083459873e-07 3.150416995933407724e-07 2.368316598102815839e-07 1.734076653676266085e-07 1.238233524769910031e-07 1.492420888882754138e-07 9.478292060922477803e-08 7.062628408836742472e-08
1.171778497106491922e-06 1.471230554959391097e-06 9.967975667455524616e-07 9.115060286377218203e-07 4.708483410356568328e-07 3.516896209357514355e-07 2.402175854311396552e-07 1.513576748230801854e-07 8.678293349810594227e-08 5.980368342778162753e-08 6.253866744519313012e-08
2.309425986641473614e-06 1.581086826999364682e-06 6.958436571046561553e-07 5.348343136479814823e-07 4.340352226798731323e-07 3.723887196369124751e-07 2.570527483546737167e-07 4.229061713876962974e-07 9.160644268599814869e-08 3.803890784158347558e-08 3.120931114636305311e-08
8.463625296316771285e-07 8.259037382566525821e-07 6.603133247872058477e-07 5.565468127263702123e-07 4.357653298378075809e-07 3.314667100020264929e-07 2.650931019343396235e-07 1.872488879255871783e-07 1.076667687021013345e-07 6.837959445222006818e-08 2.689006607684101822e-08
1.516753350936997589e-06 6.850759640858388099e-07 4.818653938835022984e-07 4.592627656903694083e-07 3.860869536693898588e-07 3.080079971432365040e-07 3.407406378248953710e-07 1.642017481077549681e-07 7.739838419459474792e-08 3.645344424070295222e-08 8.644226840943660904e-08
9.417031377319182771e-07 7.688326900955086295e-07 7.130387933540269495e-07 4.927107015410242141e-07 4.015221385907428910e-07 3.432934749880855864e-07 2.114511373706865251e-07 1.408732952021866371e-07 7.853478461491993178e-08 5.186546016408407522e-08 1.162262555325324824e-07
9.143092458527646607e-07 7.790856446228830400e-07 7.149320180838047233e-07 6.309467528672674448e-07 4.701162633029421544e-07 3.549902594649725599e-07 2.644257561626554753e-07 1.454513929322944524e-07 9.978886700248673159e-08 3.791213577058249534e-08 1.705157998943494271e-08
5.625020464636515662e-07 5.559302199291860138e-07 4.095323687681186485e-07 3.633885081844776492e-07 3.373573792978942543e-07 2.837290421886876857e-07 2.156888447817346577e-07 1.864443095701403197e-07 9.425648667662162767e-08 4.989139277177899237e-08 1.693510792351910204e-07
9.061513387909589236e-07 8.493342891503798372e-07 6.777550226814346148e-07 5.119130853133531189e-07 4.129832865153308662e-07 3.130639428175374383e-07 2.466209636473949248e-07 1.904055304587770062e-07 9.764314669856717927e-08 4.747848341217574982e-08 8.427179591432779518e-08
5.930665540353695509e-07 5.592914586557158610e-07 4.328639530953016545e-07 4.304362123702909401e-07 3.359697425248152355e-07 2.690156783451533279e-07 2.130721755870731789e-07 1.583129974802228002e-07 1.123321334321151772e-07 7.308026234871604034e-08 3.061929957033719136e-08
6.274844778829312018e-07 5.287750968647206885e-07 4.631174960095913806e-07 3.158681590655904472e-07 2.919480009994421412e-07 2.683179021785363037e-07 2.281698647208252704e-07 1.713776406758214948e-07 1.126666311761310488e-07 6.873596594260783670e-08 5.796808461144805775e-08
7.221421214598367888e-06 1.165359018970100573e-06 5.918299505708995747e-07 4.171521727975771194e-07 3.595787832270511787e-07 2.752227902569351706e-07 2.048089397605442740e-07 1.680461976958789067e-07 1.278117265474564970e-07 1.484189233227296502e-07 2.763961747309627169e-08
8.683817264731983560e-07 6.295648832619192753e-07 6.096633468635568485e-07 5.055354852276818665e-07 3.853601961467356738e-07 2.901029854957706197e-07 2.347075017723562755e-07 5.264656806491006982e-07 1.008713101811090147e-07 8.432818596268787991e-08 2.679912452680693737e-08
9.472998347628048900e-07 9.633479672973233785e-07 8.123809892410267325e-07 6.463943972812673174e-07 4.476150329608468174e-07 1.088307800498282321e-06 2.105147521986883362e-07 1.363676128331875214e-07 9.069979316538007447e-08 3.847956746432448491e-08 2.566472461932571190e-08
5.771640509933268550e-07 4.841411214831170299e-07 5.832766743932513224e-07 5.545720212792232409e-07 4.315301061892337391e-07 2.849590624576250254e-07 2.116184649105573992e-07 1.526887447654941902e-07 1.220387437406305934e-07 7.506584661322688208e-08 3.260333795837433206e-08
5.846531535661839138e-07 5.036673438115406320e-07 4.918370098872896622e-07 4.222767363810161838e-07 3.491588754480878736e-07 2.746457426880772623e-07 2.070664243308564812e-07 3.501881315418025444e-07 1.371690535971041593e-07 9.653575233926705490e-08 7.648972289993993812e-08
2.627138170705810940e-06 4.540110470953464886e-07 4.827063208672951441e-07 3.514216572041978672e-07 3.323886636744929657e-07 3.379645852016884436e-07 2.558457299758393117e-07 1.515032610461556696e-07 1.065500131276498425e-07 4.721066651678986682e-08 1.495925984695183888e-08
8.735627565182462961e-07 7.265481454812973541e-07 6.333695353308565422e-07 5.558935133734324957e-07 4.650209523495157347e-07 3.368395030795769333e-07 2.270070161902700111e-07 1.502088765332949533e-07 7.741422194535033969e-08 2.225896756978852905e-07 2.603956655262195761e-08
7.986248235700615505e-07 8.005633422591288884e-07 5.825214772666493751e-07 4.499480528084243948e-07 3.479006128022480207e-07 2.636141857758697952e-07 1.975428598908818863e-07 1.454715324778578627e-07 1.584777127750184829e-07 1.487728566792636843e-07 1.540292139637103336e-08
2.019339002745051141e-06 1.059465232655351151e-06 6.074228568994000241e-07 5.334692773339338419e-07 3.696178407747844747e-07 2.633672928429750032e-07 1.892935182926928431e-07 1.238694774305111580e-07 8.658298752032913099e-08 5.240425938233062529e-08 3.874067247725206905e-08
7.899800183669513979e-07 7.837990014241356480e-07 6.392352769538781215e-07 5.252536254787927742e-07 4.405625042126729263e-07 3.099754157148478620e-07 2.278961352630434130e-07 3.279740138657660239e-07 8.316274085017731698e-08 4.166552736265576218e-08 1.585739478491925776e-08
1.023887441584723705e-06 7.612365782975047918e-07 7.071740291737981403e-07 6.192132177155272908e-07 1.237226081305485655e-06 3.858055412637814220e-07 2.616355018931147068e-07 1.559208592997437595e-07 1.465508387816969495e-07 5.687306540809495503e-08 2.627635720140117237e-08
8.887020730245063170e-07 7.463317622451943058e-07 5.758089064922062608e-07 6.577123164074980897e-07 8.770237968532422878e-07 2.809488637391256508e-07 2.194684449088876998e-07 2.312155109747050520e-07 2.137039946194401678e-07 7.110801574324804372e-08 2.060967023157223793e-08
8.941101992362265680e-07 8.250551076794694382e-07 6.129213226150039842e-07 5.137339784611207785e-07 4.658864580736334880e-07 5.936184761746948494e-07 2.455940746263299623e-07 2.455654326161597652e-07 1.401447114364342546e-07 6.547551586879353903e-08 4.666540157496490588e-08
8.397343603414627007e-07 6.608062555275336216e-07 5.514912351748055811e-07 4.827745377006110416e-07 4.196243166356226102e-07 3.133491931027773045e-07 2.514362960068945743e-07 1.627352026267438174e-07 8.372513898448499504e-08 1.038581762165592783e-07 1.951069971816756338e-08
6.995857934282757056e-07 6.097028854439862391e-07 5.199348819075256003e-07 4.504512643945400517e-07 3.661072563031254436e-07 3.173494216837403841e-07 2.047299113389579444e-07 1.451232251697171238e-07 1.156370003956970580e-07 7.854820846413547187e-08 3.028843472275685458e-08
4.224328132622386392e-07 5.725961959057761580e-07 4.932292535050667083e-07 4.781491908506389286e-07 3.960874922369783282e-07 3.117265174231715899e-07 2.251312208514179144e-07 1.585221698362053508e-07 1.256668352501968764e-07 3.006650121618039557e-07 2.779129647760009531e-08
1.073667199581268851e-06 8.959290727269643047e-07 6.477828076297556149e-07 5.319826419359835575e-07 4.232165301750926815e-07 3.147615473491540691e-07 3.801911357491866190e-07 1.773712440306155482e-07 8.454800891168791148e-08 3.778739065204122278e-08 1.766476981277909584e-08
6.172521583677864616e-07 5.936434079997186147e-07 6.233492230805987522e-07 5.121076583647102309e-07 4.031634182073094900e-07 3.166969471590819591e-07 2.260970975847416751e-07 1.443941255311965091e-07 7.486324237955871064e-08 3.118081041718698559e-07 1.169715035454678475e-08
1.175206596787830837e-06 1.045472063906948005e-06 8.258755855131547476e-07 7.034472162432872137e-07 5.424344729946807328e-07 4.058907732354361314e-07 2.778200405474665851e-07 1.534562286495701394e-07 8.483701614617672317e-08 1.693511660341478807e-07 1.400289654411761790e-07
8.046943393845659858e-07 7.307308753579002494e-07 5.756385481411891810e-07 5.878737165440879766e-07 4.260645895243686784e-07 3.379398712246603775e-07 2.391727110606176788e-07 1.634745684464152626e-07 9.403855623372258525e-08 5.724192304554477886e-08 3.143065367460053500e-08
2.199016361966244776e-06 7.255177593569171562e-07 6.367174921807548270e-07 6.272008699680637716e-07 5.183852377220586412e-07 3.296827157414401524e-07 2.179518456035450799e-07 2.047069164469468551e-07 8.087441557608561977e-08 4.138952204070440837e-08 1.436056118782750567e-08
1.125833358106342838e-06 1.105559830619298425e-06 6.302659574974964272e-07 5.003120507623859634e-07 3.136950339984832768e-07 2.654874859502609710e-07 2.205173076091497962e-07 1.646622521519355125e-07 9.554275178518043821e-08 5.777204555962686683e-08 2.734883676019266078e-08
8.294421681719919696e-07 7.203837359399807234e-07 6.330002659337888398e-07 5.244770908867921717e-07 4.963632096363693678e-07 4.727391302106303634e-07 2.682425124120644610e-07 1.777546359193252161e-07 9.691962797919214350e-08 4.976480771212313508e-08 2.046389359040352994e-08
6.965331444128121746e-07 6.384981931445186601e-07 5.711296483564274406e-07 5.874249776346925376e-07 5.335843413106371721e-07 4.213719748554366600e-07 5.160631634259208983e-07 2.120812714233493521e-07 7.688236740583789779e-08 3.264975381312142921e-08 1.071684663613410460e-07
1.055247190258371466e-06 9.662316646160132257e-07 7.394253236587038791e-07 9.042533915519003902e-07 5.392829327479789991e-07 3.987757545363670218e-07 2.972992464889867866e-07 1.935506132660530847e-07 9.743974018379942707e-08 4.591720742219571431e-08 2.584634640684479040e-07
1.049873282389681277e-06 9.443922568414329801e-07 6.762441074461265306e-07 5.707225515599554361e-07 4.556256625162869609e-07 3.212992771861267779e-07 2.606517390882828591e-07 1.538161597144647208e-07 8.402599774697364980e-08 3.626952005606157612e-08 1.724308505823178292e-08
1.088129448701911533e-06 7.779633214800736469e-07 7.150367178961099616e-07 5.074279664853667318e-07 4.078207137505841649e-07 3.444560392382859125e-07 3.731432253958086136e-07 1.417475419588828628e-07 1.015178653859131701e-07 3.506162784555174151e-08 4.314560387746791691e-08
9.554725169188501577e-07 6.364298452156181112e-06 5.642928601166515554e-07 4.848505190671921398e-07 3.586119804384194250e-07 2.878192118201457284e-07 3.379621968894390317e-07 4.468878571839391422e-07 1.556156637333969166e-07 5.052397418266982967e-08 1.490246759625902294e-08
5.093949921517978204e-07 2.523282472106120093e-06 5.342545564150332461e-07 5.375908017576112875e-07 3.744768793674721250e-07 3.466242596778692517e-07 2.130100445981248251e-07 3.805306696047656673e-07 9.168001387157161604e-08 7.647238716385349347e-08 1.073807103138034796e-07
1.134509669543852250e-06 7.890387972730986757e-07 5.221091297176834177e-07 4.885254139044285661e-07 3.810123724895644734e-07 2.729588672056586432e-07 2.135885063575939928e-07 1.411996143972164412e-07 2.761567255495597780e-07 4.740718146738289753e-08 8.188814079829819534e-08
9.831865036135771393e-07 1.062141350232888143e-06 8.152582340714820190e-07 5.909169554613463602e-07 4.330671026761604833e-07 3.377710613651897026e-07 2.379029618069528838e-07 1.550987555717351321e-07 9.284020518009290801e-08 4.061206836227243314e-08 1.823601279503869253e-08
7.762580021696412133e-07 6.992255978938084470e-07 7.256069518092621612e-07 6.027887672757848093e-07 4.871975836515687546e-07 3.496519920071483598e-07 2.534996865622649299e-07 1.657217896297922190e-07 9.042067716190548315e-08 9.810556987359808762e-08 2.819802054203313686e-08
7.280930075248155848e-07 6.761247179663829139e-07 6.190223538731345910e-07 6.364687681770980311e-07 4.555830878987667370e-07 3.532582158168969558e-07 2.535855416965222941e-07 3.643433499006640204e-07 8.924254480263157349e-08 4.079393393337358614e-08 1.282389502955024404e-08
4.790199973534638839e-07 4.281590582476557723e-07 4.003810778089228489e-07 4.256215775511714049e-07 3.569082137842797839e-07 3.035720250926584675e-07 3.217676581437973721e-07 2.224866628128823428e-07 8.451394000835036083e-08 8.120472140410071687e-08 1.134154378725766159e-08
5.708665005875859467e-07 6.295549975387374032e-07 6.049392548160453152e-07 4.979663628467203821e-07 3.241796638332735094e-07 2.312156773200918882e-07 1.856437910420083880e-07 1.869683698562797137e-07 1.187633988516162332e-07 6.732296554399496471e-08 1.505135686732747409e-07
9.285596469317694195e-07 9.638858424583810797e-07 8.503969031341888987e-07 6.920283091591688104e-07 5.413406813677200683e-07 4.336424000906688763e-07 2.258436933777898949e-07 1.374652363063651760e-07 7.690018004711780732e-08 2.973670501856139573e-08 1.122653356593304667e-08
4.515783283980279759e-07 4.504342093031652802e-07 4.152505405866981810e-07 3.826161924750937637e-07 3.518502325800922727e-07 3.017391723081674886e-07 3.005803872235533657e-07 1.416811749343352095e-07 1.012651196856575358e-07 2.193197542785198803e-07 1.771777936360524888e-07
1.579401536521604723e-06 8.327724022148556674e-07 7.950038915153011140e-07 7.027910608197717633e-07 4.749005238046733478e-07 3.881925979539417215e-07 4.549940571138770411e-07 1.754644215137428010e-07 1.259936094240317816e-07 5.154629360303255472e-08 3.847328452173862695e-08
8.127606438950415404e-07 6.698710298810663897e-07 6.179982567579668786e-07 4.818296701836275725e-07 3.940032321100235767e-07 3.126152870795330645e-07 2.204525817789263210e-07 1.438899896174225777e-07 8.583108129355501617e-08 1.275957439865704756e-07 2.329820386682331597e-08
1.014140358795490174e-06 8.053775830298234443e-07 6.887269555794466821e-07 5.185388624569471015e-07 4.446839674395830205e-07 3.654181331426289692e-07 2.392902277640724197e-07 1.608401541941852999e-07 2.147422926336294071e-07 3.151398150913219230e-08 2.840690330440513527e-08
5.508564780748479403e-07 5.495922069640141215e-07 5.050316425997101699e-07 3.995069242273152352e-07 3.372326590579084862e-07 2.847328173925788969e-07 2.139744416074551234e-07 1.815491540747542668e-07 1.197275140571744682e-07 6.164374200672672185e-08 2.209381245878884673e-08
1.355568149936260421e-06 6.923688137367982604e-07 5.899975458363378368e-07 5.279034325513521859e-07 4.694483883602636404e-07 3.107736339910829895e-07 2.191572723629088730e-07 1.442736884026374210e-07 1.790204857983588442e-07 5.860083734098991537e-08 2.098165816318801407e-07
7.291626669292925870e-07 6.776169030937597620e-07 5.608413376772281637e-07 4.924515100912084191e-07 4.815175993912870408e-07 5.141981135435568407e-07 3.042086731302080217e-07 2.264382929743934627e-07 9.588731275405630831e-08 3.874989305033792583e-08 6.608920663600713905e-08
7.744776029041494581e-07 6.573302731666180063e-07 5.939139544543281959e-07 5.663975048277768589e-07 4.432040668541701302e-07 3.713711018504421421e-07 2.556475524886465344e-07 1.498815186314395738e-07 9.378936830176044240e-08 6.923847525227557167e-08 8.831797774820031553e-08
6.130131880571292804e-07 4.838827154619343058e-07 5.052193780624860843e-07 4.239627410088789529e-07 3.542446889176706641e-07 2.546859415254135373e-07 2.678381434407340943e-07 1.185465152030157817e-07 6.975116089277729087e-08 3.588584539591805050e-08 5.845097288097509544e-08
4.117840013914316136e-07 3.936060359769998882e-07 3.619670715884122097e-07 2.938286606681435470e-07 2.991973650524778762e-07 2.466364235916783861e-07 1.882522977733562241e-07 1.406062396891094531e-07 9.225299863541062447e-08 6.127123017145955286e-08 6.584224043582833439e-08
1.353855125246141447e-06 9.413240332616530629e-07 7.815116470552734066e-07 5.736839236321575522e-07 7.487256173174335288e-07 3.742334431493165353e-07 2.124583769765696394e-07 1.240994921275803041e-07 6.383001474777186367e-08 3.190440345821855827e-08 1.292378406406807601e-08
1.001710057517888685e-06 8.857224275808342971e-07 5.680752319229921625e-07 3.775439460940960415e-07 3.331304025434031297e-07 2.888840182148709178e-07 2.513981326841599345e-07 2.655747426563497484e-07 1.395053758417759576e-07 6.203129468844819877e-08 5.264741393014321537e-08
1.117560933176826763e-06 7.633777583764115591e-07 6.916184357742311364e-07 7.530335456239872112e-07 5.360051972038051675e-07 3.988057919307063432e-07 2.723455472002695784e-07 1.617459062446156253e-07 9.003922998508277404e-08 1.029196728352058518e-07 1.784430481738086666e-08
6.010682850830229874e-07 5.238648106965190159e-07 5.112904131379565046e-07 4.616529384257553651e-07 4.106302747984998185e-07 3.265704833995096512e-07 2.531907859758208077e-07 1.797309562461577890e-07 1.042047388535582127e-07 3.671310818422989824e-08 1.563290215066234288e-08
8.210402266326675145e-07 6.127087068767350076e-07 5.963282366060525506e-07 4.871776031004578287e-07 4.341543842897493523e-07 2.963195677353658543e-07 2.111702858624104656e-07 1.339384384888921626e-07 8.032142539500378443e-08 3.822728032034588075e-08 1.819112916990674454e-08
9.332146569660728716e-07 6.821192405059429624e-07 5.948035743709956136e-07 4.955670780084489136e-07 3.845358092492726561e-07 3.161983883978540370e-07 2.335475975146221613e-07 1.466697867900080360e-07 8.139606482309296750e-08 4.094800787686963257e-08 1.280903500946615764e-08
1.275650875131519986e-06 6.402379610632541800e-07 5.238224093950512350e-07 4.465809040199248251e-07 3.666569253061001228e-07 2.917594601965951955e-07 2.287851790679868689e-07 1.582537935239294757e-07 9.690872728203383414e-08 4.695148483715006803e-08 2.265421267806024081e-08
7.974576281652259725e-07 6.133150383147378972e-07 5.089271016014382430e-07 4.162564650316051662e-07 3.431574238691837913e-07 3.036638038634023738e-07 2.526268317652214746e-07 1.789549541353684334e-07 1.205292114422004898e-07 1.106964842697141993e-07 4.289270859018507398e-08
2.129473905111265613e-06 1.382088227299698505e-06 8.077273120176356336e-07 8.579723591476862097e-07 4.665381060591501164e-07 2.498994848433552513e-07 1.814757262304445929e-07 1.443360464845803338e-07 5.377173348825711052e-07 8.817277611857492423e-08 4.535671351539532022e-08
6.029524058749280963e-07 5.596196900219344126e-07 5.251607012783615233e-07 4.864810635295647246e-07 4.531653968559199662e-07 3.585167041763816594e-07 2.076855323776739858e-07 1.424070660695355688e-07 7.986280088644752867e-08 4.785167150078078648e-07 8.526623831354068741e-08
4.886956679310243443e-07 5.412122093475656031e-07 5.775836595304746056e-07 6.222947541086722980e-07 3.924462134287932482e-07 2.836678965114840639e-07 2.298100704178177223e-07 1.549993075294445867e-07 1.012712235509944250e-07 8.757343893638947048e-08 3.126974948583199023e-08
3.736253131373033353e-06 5.098886118495608552e-06 1.712378469231409868e-06 9.078235021354219701e-07 4.691166734300767003e-07 3.461175442660806994e-07 2.275720659750869833e-07 2.659630659716831974e-07 1.430136712137995965e-07 4.262574742557529581e-08 4.591981569050699676e-07
2.812093346098810143e-06 6.168393865973555925e-07 4.453829164227296048e-07 3.968714998667177457e-07 3.874275921014919335e-07 4.773004963065477534e-07 3.806504850155851114e-07 1.746778291020528978e-07 1.002391277302548699e-07 4.231342106108684650e-08 8.567072734621388010e-08
1.374725958044797539e-06 8.672499477379425746e-07 4.774214241091643094e-07 4.495553897268098150e-07 3.512258104496958237e-07 3.185934709974051550e-07 4.230438563565359337e-07 1.429805799328072719e-07 9.142388067832087195e-08 1.876670156214460873e-07 4.465056849302836665e-08
6.171749712741443772e-07 5.205155164163720601e-07 4.667756994470001613e-07 5.175180158116181197e-07 3.889810558002122963e-07 3.124057623943648374e-07 2.361481989676751170e-07 1.730668888543333269e-07 9.795391606766752114e-08 4.716521662315858094e-08 1.735584310737901485e-08
1.172129538208183936e-06 5.516264175408561030e-07 4.568505483947103594e-07 3.748605781139408490e-07 2.645566887746356493e-07 2.896249436856563421e-07 2.227271831431334359e-07 2.127792528129456051e-07 1.453749641244098880e-07 8.335536734709470157e-08 4.359133241470581855e-08
1.295161271092507132e-06 1.332216535722236491e-06 7.777192756855001865e-07 7.606853779579911693e-07 5.655491998836959061e-07 4.648048586791285970e-07 4.138301861929468860e-07 1.525675135490661061e-07 1.735125655186037937e-07 4.384651078632469116e-08 1.748146298331307525e-08
1.699963641607493257e-06 1.619239323335429830e-06 9.436378320336001775e-07 5.368785712322873293e-07 5.190448832821920960e-07 3.140610951698252317e-07 8.903810002547350845e-07 5.407970311351762958e-07 2.915640248556338625e-07 8.280531713425565301e-08 3.205461900223621908e-08
4.282211424550081188e-06 2.224271044446302957e-06 1.483060647190523661e-06 5.825096936621807560e-07 3.880109104996030185e-07 3.419012440707343686e-07 2.919525750216791604e-07 1.758764601248614779e-07 1.006028244379748110e-07 1.659432216359169732e-07 1.730124455364504242e-08
1.582346167918364712e-06 4.230095302476016063e-06 1.909046554457686921e-05 2.478518232957559875e-06 5.023217026323676875e-07 3.291216964442156656e-07 2.622558258522677860e-07 1.981858755807685590e-07 2.961676433849679620e-07 4.284064412622954681e-08 2.473726546654453654e-08
8.458734153081647112e-07 8.211128735146959354e-07 6.232865585121008462e-07 5.427384688085438788e-07 4.872187262373598362e-07 3.640215672424839001e-07 2.648764948569813104e-07 1.703270907972588521e-07 2.088421256197285209e-07 3.570874544716446267e-08 3.481018009839159514e-08
6.185105626505093108e-07 5.909222827667466841e-07 5.284384176707168064e-07 4.548868296470217908e-07 3.471346255018223476e-07 2.510167177777312356e-07 2.204220178762951253e-07 1.778249470522541893e-07 1.461515337327276749e-07 4.272822324091852936e-08 8.259578929369711657e-08
4.894451898237363089e-07 5.224615579894886072e-07 4.102672432627065126e-07 3.982920514556030647e-07 3.091431940929128107e-07 2.096050581116071011e-07 1.768665699104660963e-07 1.230605149458816160e-07 1.921001257350691244e-07 1.312139857931071486e-07 3.474853257036822878e-08
9.110913170422969085e-07 8.861341683997734384e-07 8.450089326035904484e-07 5.134568022892577674e-07 3.785755349187936761e-07 8.135093461295263130e-07 2.104791454893890992e-07 5.836797841422245148e-07 9.277207145947996854e-08 5.268288873009163152e-08 2.729090128873536769e-08
1.506901844963099800e-06 1.528846694250008399e-06 8.073751704708521915e-07 6.287247487182192463e-07 4.054675529411217948e-07 2.870020533993941383e-07 2.299692972084598159e-07 1.459635130018160415e-07 1.074137594713584272e-07 2.441101747035356425e-07 2.279574102169571457e-08
7.221296143005717567e-07 6.019154536857453298e-07 5.925375263659241719e-07 5.566954171947000523e-07 4.485442504922736086e-07 3.458567493127768294e-07 2.473069459105172639e-07 1.632716978445037008e-07 9.404721650960796043e-08 6.167538151335127301e-08 1.629854336956258831e-08
2.229895081391390922e-06 1.721455273948047995e-06 1.206368841130448527e-06 8.074443631748185812e-07 5.845284935013068080e-07 3.433987002258235501e-07 2.759439077924239979e-07 1.848331043072446628e-07 1.062222827498657881e-07 1.326192651028759495e-07 4.568916221694084601e-08
9.290135511845892802e-07 7.223480902089763818e-07 7.298731107214371938e-07 6.003881039517509347e-07 5.523281263953767171e-07 3.482938427321875792e-07 2.287717115845324764e-07 1.819360801702469729e-07 1.061468136068920665e-07 1.630718904441645336e-07 1.943452898470903407e-08
1.511758647274330779e-06 1.006772276571110965e-06 9.340380202271083090e-07 1.235036204117221599e-06 6.129680420684657858e-07 3.219262978298078827e-07 2.129889252178586424e-07 2.455047870389978952e-07 9.910151171159106467e-08 5.357145179903371291e-08 2.336620192634463256e-08
1.155548927653968218e-06 2.263462382576442904e-06 7.711712503295562975e-07 5.941629014078915311e-07 4.568880914220958610e-07 3.691694302915025903e-07 2.288115523597238421e-07 1.785513142622025124e-07 1.113879963888377569e-07 6.623199959981479124e-08 1.565388896249447969e-08
6.762375027276608754e-07 5.728512621256248027e-07 4.779052301218963302e-07 3.889097262734135186e-07 3.581029745379413063e-07 2.637227158382691575e-07 2.952913481885579105e-07 1.855377364155090728e-07 2.073798851523082777e-07 9.303939357367864629e-08 3.461962164798382763e-08
7.966878357395054535e-07 7.065315689278936617e-07 5.906122195512914684e-07 4.605092155799936314e-07 3.984713214074782438e-07 3.141817465315499200e-07 2.166657483816969765e-07 1.462358633439225008e-07 9.073480318429771811e-08 5.319914754252489652e-08 2.202437896621740869e-08
8.922071222392053956e-07 1.610155373597306522e-06 7.110655417345192302e-07 4.417053714014137770e-07 3.255901792101293991e-07 3.125967363644103542e-07 2.227405276913253958e-07 1.677435671001698656e-07 9.128005279533946366e-08 4.870421811450311213e-08 1.826498004279434915e-07
9.966057415315717098e-07 6.788900243810464475e-07 5.790168835732761620e-07 4.433138204249298049e-07 3.538473005733880035e-07 2.818931957425464447e-07 2.202077202922685851e-07 1.534642735307348450e-07 1.823176497371058343e-07 4.911565656746453766e-07 2.298427820520892031e-08
1.729379521266099054e-06 4.136355530094693360e-06 2.483971153555199314e-06 5.210619966531595691e-07 3.865125371001121238e-07 3.935641711487724180e-07 2.504547843775198969e-07 2.030975079021575023e-07 1.430920874811475297e-07 4.354438297752427424e-08 3.666715699743930736e-08
6.543746750287287838e-07 6.392226115091065301e-07 5.857420513944460163e-07 4.761748220002514399e-07 3.984268998890467103e-07 3.275903648567930241e-07 2.450212332985449470e-07 1.949636577385670940e-07 1.175236578083869108e-07 5.257600617393453875e-08 2.113710477612655797e-08
1.433054093922447370e-06 1.072966314212638862e-06 8.197850762003877090e-07 6.650795074810591097e-07 5.448459256638986005e-07 3.412673390414276602e-07 6.811407201215989261e-07 1.616099869410272187e-07 8.897872504390748864e-08 3.496063761878799956e-08 1.026647181672331948e-08
1.186352561803068713e-06 8.268066655079389793e-07 6.811252865053454262e-07 5.530408374222339067e-07 4.444286514836697823e-07 3.461331270682798593e-07 2.465553655512922147e-07 1.630821699615834944e-07 1.000340804638584757e-07 4.388174435428029160e-08 2.213749359808147052e-08
1.713431086513058953e-06 1.313768516630149057e-06 5.482092720250304221e-07 4.357753440309209377e-07 5.327471083109703528e-07 3.128126317671634791e-07 4.666532789093259132e-07 8.524155660595876182e-07 1.323378984644993199e-07 5.945202157311183462e-08 5.107346914145599517e-08
5.989143268722366013e-07 6.039555117583709760e-07 5.822845332487232071e-07 4.744617476674971797e-07 3.673360858608519111e-07 3.123954476053261328e-07 2.167170658230387457e-07 1.484664210281299304e-07 8.399495216311465995e-08 4.436708935288497837e-08 1.313733928393570954e-07
7.298091890368390159e-07 7.248922333089094500e-07 5.559621742484300811e-06 6.978649938103244288e-07 4.878842359792827509e-07 7.420309209034066791e-07 2.917332189480977479e-07 3.122937661314136697e-07 9.233829502583870114e-08 4.440476583887410830e-08 2.375184787252383543e-08
5.683653156543057396e-07 5.008555540691780991e-07 4.054331498964911872e-07 4.021757532339194955e-07 3.141654761145966365e-07 2.834991095970203348e-07 2.284247709702562780e-07 3.998345569565110134e-07 2.468851543125808924e-07 9.949713802083446129e-08 2.573454810633987455e-08
5.986914544599745747e-07 6.828157209441557646e-07 5.819904593757355663e-07 4.856842649992725625e-07 3.927278010885558262e-07 4.672950562437189285e-07 2.354358289501384590e-07 1.549806120484275986e-07 1.057158792703345914e-07 5.631714454178751883e-08 2.443499450269697937e-08
7.762782059082857250e-07 7.681699184848789775e-07 6.900369706381613165e-07 5.535686774669940047e-07 4.261428019495353414e-07 3.000003274690673194e-07 2.249101115172054107e-07 1.445039296932937826e-07 9.120948024305926783e-08 4.385510506039162438e-08 5.132537699765628870e-08
5.379216640206204774e-07 5.611646222732824894e-07 1.090196252084281511e-05 7.380438380315691917e-07 7.186519399354542260e-07 5.872780215413141625e-07 2.888997390349544614e-07 1.608961716347938325e-07 6.989275797377401851e-08 3.912548133175562007e-08 5.409145959864456731e-08
4.460481885038689227e-07 5.513166229849811215e-07 4.000411779537658306e-07 2.672696138604179830e-07 2.264468292197142100e-07 2.621484515941288086e-07 6.387043871686467486e-07 2.245058878879555433e-07 1.871732071234689365e-07 8.886639070925582045e-08 2.686715722186828515e-08
8.329250149020067620e-07 6.865075173212942780e-07 5.581357309254451322e-07 5.423017515719755986e-07 4.324975542308880618e-07 1.148056013908190064e-06 2.657361777145379872e-07 1.323385233256392174e-07 1.502869929709655920e-07 2.907841462760622041e-08 1.325788365940945290e-08
5.625002568970907845e-07 6.262379390583769974e-07 4.661375280424546643e-07 4.143364873321148473e-07 3.424393631737451517e-07 2.786018708244957568e-07 2.521676900248353227e-07 2.603276552503582886e-07 1.278200577598027521e-07 1.028229229269917609e-07 1.627229349456379977e-08
1.016023346020609876e-06 6.833428256409630730e-07 4.564904074786655455e-07 4.272117667635010717e-07 4.420047530632924165e-07 3.468388224210410886e-07 2.562617191683513271e-07 1.550091440953292451e-07 8.700302777084084499e-08 4.478766790489121371e-08 5.950803934451776225e-08
6.863441751410221391e-07 5.580333384458354874e-07 4.938872394666868055e-07 3.922390800712618562e-07 2.984036733520841286e-07 2.311879848120444648e-07 1.865599579538394878e-07 1.297611916250747374e-07 7.878526779067763783e-08 8.231433688565320901e-08 3.760567621906522807e-08
1.485072375054300988e-06 1.361909016947324323e-06 7.687308023311069522e-07 6.269708976963713888e-07 4.252915684891334050e-07 9.968730386656234389e-07 4.150200980956875697e-07 1.532735353324083994e-07 9.936040016801007643e-08 1.523082724310530787e-07 2.294997681284849347e-08
1.167849130096820722e-06 7.798693221368526088e-07 1.017258300956228748e-06 8.279384481455826984e-07 2.634389645645796292e-06 3.224353638485333420e-07 2.061381553387231510e-07 1.493971034793283752e-07 1.054751896307003691e-07 6.140050952810043964e-08 1.057224710716505169e-07
6.148119548262116913e-07 6.231805932525903397e-07 5.260286486550562899e-07 4.869967727851016006e-07 3.939036606128164677e-07 3.199696072633019151e-07 2.241892702005601932e-07 1.407586541575607929e-07 9.074942520420820269e-08 8.821588033558214731e-08 3.176231586384012038e-08
7.305395979862440789e-07 6.762895940649401491e-07 5.917520834931225977e-07 4.652898689776823832e-07 3.879077646068981796e-07 2.940203704587172047e-07 2.276594662002838622e-07 1.383823559563567024e-07 8.990450010106333522e-08 4.654137510571426139e-08 2.684462901960945862e-08
8.864040190181329276e-07 9.475548011969779186e-07 5.599368194237654732e-07 4.632126115548937969e-07 3.799679875966903321e-07 2.994026220262955849e-07 2.825391625801217136e-07 1.693021509875732935e-07 1.069685238870536129e-07 5.805727344696225893e-08 2.413865634944075652e-07
1.088514128164885806e-06 1.296676219965504306e-06 9.108047002519723228e-07 3.435956181211936518e-07 2.948854693067883889e-07 2.246269426482665200e-07 1.622608803638493695e-07 1.250549094968052495e-07 1.007484547549899556e-07 2.487508120020572658e-07 5.219014698194551591e-08
5.120404153529829758e-07 5.427727588881025918e-07 5.536057268082996125e-07 4.286992488921362796e-07 3.977149283654947846e-07 3.040743780054026888e-07 2.252271833001424566e-07 1.379011646769911339e-07 8.264391881207069860e-08 7.391262560725422303e-08 5.022495753074437713e-08
7.189971293636101553e-07 6.380076848136514811e-07 4.603692803679398571e-07 4.724206225162222420e-07 4.066438060564707164e-07 2.963244080165818327e-07 2.327476576116624897e-07 1.361880510950577444e-07 6.380357687205593233e-08 1.577844344165503337e-07 5.472335117175587085e-08
1.015618904383803366e-06 1.117213152874465309e-06 8.994167729236867619e-07 6.920668876594160621e-07 7.070424129506776704e-07 3.961414780226944084e-07 2.756959448002410121e-07 1.587308451178446902e-07 8.191108640852713276e-08 4.152590219393404899e-08 2.785409915324219875e-07
1.426459905168444945e-06 1.081219232206795904e-06 8.155877159516475338e-07 6.199777491458201735e-07 4.541629346339837666e-07 3.149315294837285678e-07 2.345157490295935277e-07 1.601782792092796857e-07 1.652986487165463276e-07 1.593739237866732142e-07 1.108628253084624187e-07
2.967999697958770001e-06 2.274702144953963394e-06 1.096313553248378567e-06 6.064630499395100338e-07 4.287217022185653874e-07 3.426226736031430336e-07 2.601135505217214516e-07 2.152171846975747181e-07 1.048610483371246490e-07 9.075271633406851811e-08 3.181349502094686143e-07
1.453602697451971999e-06 8.074321224613936092e-07 7.857888743886863092e-07 5.593011351878853279e-07 4.344492864366363058e-07 3.294639343281478861e-07 2.316956352562150374e-07 1.573550356672583732e-07 1.610450182642522397e-07 1.259615704664553019e-07 5.558674803871334882e-08
9.622538075101132276e-07 9.031715934677696721e-07 6.711296432177075616e-07 4.496986188995525630e-07 3.448317647233980508e-07 2.795701942619886376e-07 4.491426284767413384e-07 3.786747863342176933e-07 8.085853380788268374e-08 1.563008122910668026e-07 4.214503075655507902e-08
6.858700300446633593e-06 3.923690873086587567e-06 1.115615068888074641e-06 7.111356088053190662e-07 2.571896447307468113e-06 4.345845986257268700e-07 2.714382991606497753e-07 2.224879540695053452e-07 1.182676944291578047e-07 5.815567528488621790e-08 2.255319636856000966e-08
6.470127632814476992e-07 5.076763047295740846e-07 5.877434279070043469e-07 4.864201557466634246e-07 3.541365838130005525e-07 2.830161182408308452e-07 2.695297313615547785e-07 2.249091416901064629e-07 1.186110217975626092e-07 6.822649169964169631e-08 3.692179212099234137e-08
4.400650607965078252e-07 5.364574010739305406e-07 4.859831651358869624e-07 3.635494026192018343e-07 2.909374785114532041e-07 3.008052566814762299e-07 7.017856894568998074e-07 1.372051229087320275e-07 1.600369817528974141e-07 6.191807033778163979e-08 6.227206567718915735e-08
8.474763028672569656e-07 7.909472415759080464e-07 6.064681244259032284e-07 5.634293118177908276e-07 4.232490762744258815e-07 3.251347942527950507e-07 2.282369659183588253e-07 1.355324592301747411e-07 1.368190012165458584e-07 3.767904150152142447e-08 1.708881953267861587e-08
5.634638104760438400e-07 5.691313869993234492e-07 5.631602612248832394e-07 4.912915308433843978e-07 4.257784990493118755e-07 3.264618365707067282e-07 2.161621238920566889e-07 1.555994026668885128e-07 8.673497852841250612e-08 8.420060823702290839e-08 3.692914359863612355e-08
4.818592113794837288e-07 5.949317294966864812e-07 5.910449047473987699e-07 5.217607651092382431e-07 3.695852720725668654e-07 3.068009965268754912e-07 2.174196373899676997e-07 1.853055249093241197e-07 8.383448497046019636e-08 1.236299288516518240e-07 8.828362067340791825e-08
5.615171384772938104e-07 4.090959838502703772e-07 3.284268564411022677e-07 3.005489939828436437e-07 2.916574682391183334e-07 2.446713811719686656e-07 2.631450049756118665e-07 1.796981365182324811e-07 1.490837699590589268e-07 4.059818007881952770e-08 1.610494211355095951e-08
1.173817363752235007e-06 9.674826983742225159e-07 6.096340231962698378e-07 5.271187710414382413e-07 4.461877546805464567e-07 3.978900927369724384e-07 2.324748640169504579e-07 1.384499449621013484e-07 9.429091534444540846e-08 8.229572912903758897e-08 4.808985939207786695e-08
2.032527374400237473e-06 7.744406961283899472e-07 6.461519342367595525e-07 7.243472724536838184e-07 4.223048149292472445e-07 2.633043754507317186e-07 2.423426531795156896e-07 1.568256059673743069e-07 1.191605666452034500e-07 1.053651258843120925e-07 1.335016540025098170e-08
4.771894662957528514e-07 4.978656987252500531e-07 5.629705134651093112e-07 4.478758767714383073e-07 3.733200630519940328e-07 2.950787060342844894e-07 2.257651508805414103e-07 1.506011857232106228e-07 9.327696338957231004e-08 4.765543221030792215e-08 2.788520180240024258e-08
5.800461029630665126e-07 5.495929466722158614e-07 5.036965460013777071e-07 4.576993253525822972e-07 3.870264556397596940e-07 3.077741418688987278e-07 2.146255141898589043e-07 1.579842581994193258e-07 9.695757414457296343e-08 1.350710256821680330e-07 2.191393882955448887e-08
1.692681263981673932e-06 1.139269993449722758e-06 2.269712924301670710e-06 6.642352969289703156e-07 5.453582116962465010e-07 4.049321016684298679e-07 2.524976556442668467e-07 1.449182594367402338e-07 8.372117347642718535e-08 5.668135900299629476e-08 1.503165545953717613e-08
6.878561724410773234e-07 7.113561275801438420e-07 5.171784870173043474e-07 4.330698219462750714e-07 4.104462163176202665e-07 3.381750971133334089e-07 3.949682295614623307e-07 2.687630036737898480e-07 1.192595139480840614e-07 1.424960306801226803e-07 1.245393383025127973e-07
6.599398504451667984e-07 6.430980560638141624e-07 4.743116102001514838e-07 3.633500098868680737e-07 2.900649890778082184e-07 2.379277614600148236e-07 1.887557275305560952e-07 1.299489691431595675e-07 8.463338197049300863e-08 5.041285013881684954e-08 7.347371444976490780e-08
7.109350155269757326e-07 7.493169005947821616e-07 6.429641455473247212e-07 5.464186527185442686e-07 3.850291053555672623e-07 2.913681382730008529e-07 1.966971688390228528e-07 1.373865434221119817e-07 8.617589756885266357e-08 4.653306461748225174e-08 3.915311311532805504e-08
1.208756160855514261e-06 9.805645308645130158e-07 1.942073718484274319e-06 1.898481808603501642e-06 4.513264178148811960e-07 3.067992299284849888e-07 2.310214680740792697e-07 1.662948157950484823e-07 9.217497469854504230e-08 4.918670213127510503e-08 1.414742324532687719e-08
1.558346891729017249e-06 8.720554056834255648e-07 7.723505540318473820e-07 5.501338986170931170e-07 4.209469061161056322e-07 3.049405667340435345e-07 2.071058987867526852e-07 1.305548924074978088e-07 1.440826975433861344e-07 4.807875590651197924e-08 2.620081136220999589e-08
7.818598711705477511e-07 5.995028691948990712e-07 4.506235228234743261e-07 4.365448881256641800e-07 3.593210414970570207e-07 3.361167658660922863e-07 3.769865833233623273e-07 1.947957919438493183e-07 9.161616169025017254e-08 2.210359859392668347e-07 2.591629965962568802e-08
5.551216535417822557e-07 6.384143220336465493e-07 5.076596233101421624e-07 4.456768625177842031e-07 3.993358116409710327e-07 3.313088250298292639e-07 2.558264629348256481e-07 1.633355397668053179e-07 9.861036426581220464e-08 4.288549568882767254e-08 1.675899692521368472e-08
4.752236527023729572e-07 4.769126821078470819e-07 4.135705169914250483e-07 3.793131142776383880e-07 3.554098271711832794e-07 2.887711191370423543e-07 2.105659724136744921e-07 1.645536025790501899e-07 1.183986871077164021e-07 1.134206300960209005e-07 2.124434887015802198e-08
6.758002087128067760e-07 2.023202985169634958e-06 9.275835884390062618e-07 5.428605765538963941e-07 3.718505210357837755e-07 2.795581615051273000e-07 2.128823611187328691e-07 1.703467135924359409e-07 9.987003050283018695e-08 5.270114952043095372e-08 1.934882993270085220e-07
7.378365702854881601e-07 6.887325571192890379e-07 4.914826350671477764e-07 4.149560319586005339e-07 3.360234095690072917e-07 2.428020979404701182e-07 1.887032478328061438e-07 1.399396120476415962e-07 1.088032084486804709e-07 6.296470647462873189e-08 5.292719114173529963e-08
1.413158515580708050e-06 7.343711963547730017e-07 1.044473735393641017e-06 1.209289503205762880e-06 4.069063577336188906e-07 4.343128209631188539e-07 3.869890417354185308e-07 1.617774815497710005e-07 1.750563984219933401e-07 5.990282793279337705e-08 2.749507132180145704e-08
3.723196121643564197e-06 1.772693587251510461e-06 9.750418084036343027e-07 6.751335255370703059e-07 4.768456423281386634e-07 3.722898650620411867e-07 2.618184398547607464e-07 3.562900151574073331e-07 3.904447950225367648e-07 6.801211166093949718e-08 2.475552146699042274e-08
5.356055832411169625e-07 5.126658512015580362e-07 4.560641290189308338e-07 4.279642210726371921e-07 3.928312392564420825e-07 3.000750944623090098e-07 2.172013847529576338e-07 1.985258494407717212e-07 8.762532892552992981e-08 8.085321262086186667e-08 1.715431817463742627e-08
1.779408539368986628e-06 1.658047454087179202e-06 1.481394909596433140e-06 5.882509378934139842e-07 4.705903151228882398e-07 3.392960385576772828e-07 2.615726260394184540e-07 1.936333883394342944e-07 1.137083788502889249e-07 5.101883288126296594e-08 1.841909968644612756e-08
6.740815168696722372e-07 5.437522714434334619e-07 5.698445177475244164e-07 4.539156780587673803e-07 3.681429063647459591e-07 2.555524769432560659e-07 2.071110226594744496e-07 1.608064927834637619e-07 1.168150531316021040e-07 1.032434740402202269e-07 1.013519075190989934e-07
9.577236941933908918e-07 7.006360668372956443e-07 5.408696816701016408e-07 4.246306930959547879e-07 3.275555591571644091e-07 2.665565505868938343e-07 2.284544304069813981e-07 1.485928318099580587e-07 9.540260942583080104e-08 8.226426668701270054e-08 2.864407788725197708e-08
9.978594918822027309e-07 1.022814446925904069e-06 7.367175243190497961e-07 1.092283181938310683e-06 4.476063828674478978e-07 3.056183042873193412e-07 2.184078913641102755e-07 1.441506503186493801e-07 2.092237216939260924e-07 2.402832059434862938e-07 2.043848503222485747e-07
8.324629085760656168e-07 7.619746899625754963e-07 5.726886442169800157e-07 4.864237658574179250e-07 3.752853868710967951e-07 2.924520824181503447e-07 2.120336242398721245e-07 2.069364972279608890e-07 8.397761851167157647e-08 9.667168713209032449e-08 3.892571965922411080e-08
6.556009510282423843e-07 6.300927352442458888e-07 5.633253629563912135e-07 4.851471859383425490e-07 3.638504866822379047e-07 2.830143822346829767e-07 1.916792724951830704e-07 1.306229352491817342e-07 8.281604620326160961e-08 5.121529881046507384e-08 5.989804694238676099e-08
1.110891434447790192e-06 1.436589427878170528e-06 1.082201786524703780e-06 6.329580813264469198e-07 5.183942492663952298e-07 7.189637060113617531e-07 2.783193921823760252e-07 1.682722180332628346e-07 8.708508041860024241e-08 6.519710777043407943e-08 2.127386810837415989e-08
5.652191937402167580e-07 4.949093048207091675e-07 4.057985674496659529e-07 3.400731803812168080e-07 2.714515679944833627e-07 2.391280443911238126e-07 1.904375367065061434e-07 1.505075539627821766e-07 2.455847217616984861e-07 5.675578656609128946e-08 4.410992013411832690e-08
1.236108860591070248e-06 1.061081146799045246e-06 5.087272250230948517e-07 4.765554536747089614e-07 7.298911451213476911e-07 3.578440743883814296e-07 2.440904005003452529e-07 1.450789330588008619e-07 9.211139516584960719e-08 5.056301644329710766e-08 2.478895482232430438e-08
2.551553977353594408e-06 1.015474448485568958e-06 7.892790330359249671e-07 5.679290545531539532e-07 4.397439127353036852e-07 2.790835062002835287e-07 2.085092179141461181e-07 1.396319244735673376e-07 7.510088736103842909e-08 1.040986746955912582e-07 3.821796523994427450e-08
7.228692537088982357e-07 6.297467854432530512e-07 6.512227983224217308e-07 5.499652362869739394e-07 7.038871072201064606e-07 3.891262222644937118e-07 3.207588270996180642e-07 1.293905690444430994e-07 9.482644467842402543e-08 9.673841999554090486e-08 1.029409507725518007e-08
6.737418730318466005e-07 5.205333067936941623e-07 4.392310744474661461e-07 3.705934066458741687e-07 3.191682618119591229e-07 2.828810245299605214e-07 2.190826362346996281e-07 1.462588640527180561e-07 1.967302023335090655e-07 3.494145261552670654e-08 1.162894704872460654e-08
6.452403987183896998e-07 5.656214599573901737e-07 4.873733638384971044e-07 4.438066490595148333e-07 3.895850490190985514e-07 3.265329930103416941e-07 2.635371574981080476e-07 1.965194400115102735e-07 1.104075607957281455e-07 4.146417403965794607e-08 2.447889311746507262e-08
1.410560807391530301e-06 7.099103551733131578e-07 6.457430299696051131e-07 5.844666057727515045e-07 4.744917544451394437e-07 3.451525138258709944e-07 2.716950426132817039e-07 1.775804602458255119e-07 9.485677426429623729e-08 1.411303603646022379e-07 5.489050963979575273e-08
6.059334152789470874e-07 5.607055251719959848e-07 5.485921860343726561e-07 4.495874558036718191e-07 4.328349271560069758e-07 3.104382983825719458e-07 2.144906914838300391e-07 1.601352288433151649e-07 7.475467525913743070e-08 4.466015071075110890e-08 2.633230339990231782e-08
9.546694563283265902e-07 1.060629206503444746e-06 6.379841309823041079e-07 4.693567612381283497e-07 3.481887393595542379e-07 2.711746259130979777e-07 2.052130913733680321e-07 1.497737953075222457e-07 8.770446432639047928e-08 5.381782297910967181e-08 3.511217969555353667e-08
1.131471433792172016e-06 7.471595044875313879e-07 5.616397956454837763e-07 4.766044592371872195e-07 3.620015350139872092e-07 2.702753650414823570e-07 2.033006148334454845e-07 1.504856282925912681e-07 7.892599779109911715e-08 5.763858638873526054e-08 5.173349388988341008e-08
3.089695394995974221e-06 1.395916123275400256e-06 1.314820254381010758e-06 3.590272587290947282e-06 4.553243166220357074e-07 5.082696358346089167e-07 2.649623319860374035e-07 3.139739709054858968e-07 2.335212129603242046e-07 2.191022425171070794e-07 2.299328760946345428e-07
2.128320998056238074e-06 1.357981914944379899e-06 7.208639237767812530e-07 2.955621349563574710e-07 2.990150006619242276e-07 2.019808236981570670e-07 1.466204678048242354e-07 1.341629145058737658e-07 1.179056719532574646e-07 7.249828065720131137e-08 3.421806881408803513e-08
6.149517251383729382e-07 5.876063920363168488e-07 5.610767911314646998e-07 4.508265268962807319e-07 4.103636226761554187e-07 3.265283137798744788e-07 2.372992287853050435e-07 1.685896333950081455e-07 2.937435705481807860e-07 5.487443853085958216e-08 1.992718461803486303e-08
1.389891999036400300e-06 9.791059310565725833e-07 7.996433796376149110e-07 4.646118235253086826e-07 3.256533102628099158e-07 2.445631157140171013e-07 1.956667478704755203e-07 1.267625378449401104e-07 5.172535123552385480e-08 1.704506736898571699e-07 2.525501059289771830e-08
4.712928780050857570e-06 1.485994041918334832e-06 6.021758461591360790e-07 5.008993438515946343e-07 3.834962572105996951e-07 2.702926685916039785e-07 1.996778534088231709e-07 1.264620608667158658e-07 7.100638484566243207e-08 3.515479969080130505e-08 3.550582422190459029e-08
1.659708138388171111e-06 1.335081812409703295e-06 9.585581144541446717e-07 7.632238091844431458e-07 8.326047084830635346e-07 3.799929579895215538e-07 2.637611902989739400e-07 1.414628657172952542e-07 7.379485172449375836e-08 3.731188626614869753e-08 1.492464601648933857e-08
7.555983764293214566e-07 6.865126720995279884e-07 6.870487675337829335e-07 5.091759942158905772e-07 4.026120049987427356e-07 3.471763336811734687e-07 2.439299496086529561e-07 1.491231704081432087e-07 8.016581426146515259e-08 1.349147909494234479e-07 1.112946212416092329e-07
1.519396795551297039e-06 1.506836252993425144e-06 1.060559325668905732e-06 7.491137738426961824e-07 4.031443637638892982e-07 2.914813705075360607e-07 2.200635070735651451e-07 1.665597581286349757e-07 6.946092987989823220e-08 3.389142802972137992e-08 1.077293154311275039e-07
5.981850876233669663e-07 5.916822487957331017e-07 5.179961564587896636e-07 4.315572028712767202e-07 3.777188516079458652e-07 3.056728629906041476e-07 2.267559790214061097e-07 1.867561293825593862e-07 1.012538241415462313e-07 8.753167998761899531e-08 2.478147368529842879e-08
6.727101625680534861e-07 6.959677932774376404e-07 5.911628234982043226e-07 4.511689763921652701e-07 3.604198180143954000e-07 2.937901430755248208e-07 3.525744601795828620e-07 1.486639247011402861e-07 8.106694148602848944e-08 5.011546251999155842e-08 2.146699689672664805e-08
4.085408613359471992e-06 1.091779881435145222e-06 6.176365254704037288e-07 5.454772027746708163e-07 3.746823448976324159e-07 4.444687633338300527e-07 1.865291981167802132e-07 1.028347692822363443e-07 5.509578735993756593e-08 2.217479855405586988e-07 8.721535451961849334e-08
5.926976154936622209e-07 4.965921574640581881e-07 4.169431299813891493e-07 4.385648408571326094e-07 3.556266845776384104e-07 2.488290012389567439e-07 1.899625104805877679e-07 1.284322440221253806e-07 1.062483169092680257e-07 1.324191544771185902e-07 3.130535898046027342e-08
7.732855072089329766e-07 6.886970318682733532e-07 5.776113661994984150e-07 4.763053583319997558e-07 3.547395408437968953e-07 2.638715577999305863e-07 2.129293814150634217e-07 1.900993973319626655e-07 8.987865759100919894e-08 7.898480724773180902e-08 7.979939880826808727e-08
8.213949390306703906e-06 2.045404976117814008e-06 7.473753233386905585e-07 4.387510975418496666e-07 3.163389288424649662e-07 2.318451924346983714e-07 5.766650049524533150e-07 1.491087033557806748e-07 6.605742497746884452e-08 5.773064679956415771e-08 7.818631780583443724e-08
8.629662612339164534e-07 7.493467332085261485e-07 5.394950384245047295e-07 4.649590706102841850e-07 4.325865067699551352e-07 3.060712960289852325e-07 1.847749370967377221e-07 1.178324407682756258e-07 7.966427119967250095e-08 6.294498573794509336e-08 2.166554528058083917e-08
2.112097301469374755e-06 8.054522590844985161e-07 6.973572279350020223e-07 5.473365850395056989e-07 4.360217934803180284e-07 2.915604317002039415e-07 1.974188682465790996e-07 1.717570178463996871e-07 8.998239187764898645e-08 6.054037726283551719e-08 2.873051490484895611e-08
9.698008709573136671e-07 6.179131616924734001e-07 5.668387599728352437e-07 4.564697662073968728e-07 3.705241639814328549e-07 2.977530132938891457e-07 2.140080792544102252e-07 3.580261762513945967e-07 1.200763197588876962e-07 3.835655614480031016e-08 1.475264979053094988e-08
5.311494589132815455e-07 4.231514436907136197e-07 3.488407729041133728e-07 3.601124982848967480e-07 3.072585065294634010e-07 4.362454584715797636e-07 2.193658430772568361e-07 1.535979794888810003e-07 9.066862274110112230e-08 9.979279350742481718e-08 2.894586877513310233e-08
3.311849209303398191e-06 2.286899753549499417e-06 7.847077062039733491e-07 4.013387590728116046e-07 3.389230704271242377e-07 2.840815063316582357e-07 9.240097411766951363e-07 1.458336952975560961e-07 7.291732491823677460e-08 5.025856535220137891e-08 2.413663034577322433e-07
9.189085095584225165e-07 8.395531273121237906e-07 6.682307336117094143e-07 6.130465314833672026e-07 5.070960918367085579e-07 3.828365636062266471e-07 2.500545059425241355e-07 1.742734954721474249e-07 1.084108532859673623e-07 6.495817202321399039e-08 1.382801701415189753e-08
9.035588309909707019e-07 5.677015502784465096e-07 5.236481419116799711e-07 4.678726129337189531e-07 3.983087565652264737e-07 3.563490602903596281e-07 8.486182920653516455e-07 1.406706012704928096e-07 1.076128568296099354e-07 4.847366706464132355e-08 3.600011504865406055e-08
6.433693113060256042e-07 8.376931718449634809e-07 5.706935577767553872e-07 5.115758400822602694e-07 4.139129610291664408e-07 3.130672254543094324e-07 2.417221323667159013e-07 1.461335450991381861e-07 1.267837087376442324e-07 4.513348368195344844e-08 3.442745226762414231e-08
5.561246814126897178e-07 4.786181314683755272e-07 5.074311120845801527e-07 4.541122386554988926e-07 3.673399713325516531e-07 4.658869169174809234e-07 2.005725332852331094e-07 2.709598357425300152e-07 1.613488005957751423e-07 5.005709307681745375e-08 1.584094750945239222e-08
2.640933266121874661e-06 1.634579287076420289e-06 7.568589142456301780e-07 7.084465722461753296e-07 5.610900105053176087e-07 2.354154655448862232e-07 2.054488245265518897e-07 1.313109977254738654e-07 1.433369692862944909e-07 1.082169194071664807e-07 3.284390465821168965e-08
4.537542651163751368e-07 5.778751468473845238e-07 5.140416619440989055e-07 5.127897269888264611e-07 5.687929747996559476e-07 4.793408708493159481e-07 2.319021754181305952e-07 2.191357652392357264e-07 1.170685739403448368e-07 8.289648103912651755e-08 1.754574516041457886e-08
6.896036026833051556e-07 6.706147515245969618e-07 5.158813351746241634e-07 4.424008543137864442e-07 3.699402061482001092e-07 2.886126011382628293e-07 1.973013266371151996e-07 1.237581518285845769e-07 7.789855244709416947e-08 2.693560648248467065e-07 2.628176728247095785e-08
2.270955633881875901e-06 1.316469484268028187e-06 7.986896615433140919e-07 6.716125958144436789e-07 5.410065105476305084e-07 4.352259740733041576e-07 2.920575809307142360e-07 1.662636167279109939e-07 8.758471847404333480e-08 4.587279849282060186e-08 5.639839912281448138e-08
5.213093376525780893e-07 4.902725303517647110e-07 3.660800447855180337e-07 3.084531853814049588e-07 2.552382391738808481e-07 2.453279683970207284e-07 2.015415711620085223e-07 4.020267771850623679e-07 2.123345967296560105e-07 7.132815087050501442e-08 3.270967165571369893e-08
2.190186792952164304e-06 8.695391842396051273e-07 6.897499346319318067e-07 6.249942303233976873e-07 5.572020706762898768e-07 4.958559473768827137e-07 2.621467781126264904e-07 1.586879080207537449e-07 7.293281099633198798e-08 1.164356289239532120e-07 2.063185624867797056e-08
7.186606527228086706e-07 6.223201595105085815e-07 4.837715938261529548e-07 4.225495285419212144e-07 3.650520677205782706e-07 2.904176959696902852e-07 2.141172484819643250e-07 1.639787581014217244e-07 1.007291644713654583e-07 5.383375953994949363e-08 2.227340684331408289e-08
7.890748311453454133e-07 6.067700725820634881e-07 5.666826690134412845e-07 4.865052031451019812e-07 3.871679651562192081e-07 3.226680890729522145e-07 2.767790993969402672e-07 1.468563872765579274e-07 1.793315402177894882e-07 3.155557706929850070e-08 4.716898315893372347e-08
2.938017388753059772e-06 1.662695464187537584e-06 1.111473533361326141e-06 7.279406208925664917e-07 4.384518490340016453e-07 3.583348001433025706e-07 2.415914753512624308e-07 1.615562634638799447e-07 9.895404099820908486e-08 1.124781576810410224e-07 1.959946522825526722e-08
3.486867570607444610e-07 3.892134809540295668e-07 3.824695709212710290e-07 1.612115124414555507e-06 1.233488862486379412e-06 2.840669446346326137e-07 1.839808599893844602e-07 1.222016723999232172e-07 2.372137581161199500e-07 1.241425133521440570e-07 4.489070723594946867e-08
7.620247164523161743e-07 6.211659139326775012e-07 5.492701188154498404e-07 4.584938630155201933e-07 3.810240693518517654e-07 2.937919365409192841e-07 2.079737160401726639e-07 1.297072246560370794e-07 2.229307272274067621e-07 4.229629136283412717e-08 2.259457549035342318e-08
5.673999528699565140e-07 5.532407045153535946e-07 5.362671360225739151e-07 5.155958583554810877e-07 4.130033022051127003e-07 3.008569509443951586e-07 2.247878652831988229e-07 1.546753913478059847e-07 8.772687186582597186e-08 6.835408335461361353e-08 2.728594378715970073e-08
7.276443050153723992e-07 5.453040739485770012e-07 5.054838334194193537e-07 4.248633164887188652e-07 3.491930111520533021e-07 2.862414197990905779e-07 1.927074072614989235e-07 3.859013259748741709e-07 7.804691602990335705e-08 4.245005114692250948e-08 3.196034954034477507e-08
6.997016151734930807e-07 6.798828557796350691e-07 5.828341429192251702e-07 4.473296971469667631e-07 3.588203084152583112e-07 3.805957709581320799e-07 2.279233329230872238e-07 1.573584057441602519e-07 8.989883843646873020e-08 1.860272772857367985e-07 2.080053129933287215e-08
6.526023691354455690e-07 5.914750032792349246e-07 5.509036736525329795e-07 4.191168105199642830e-07 4.063213625673557628e-07 2.920223437959033579e-07 2.078251839484636590e-07 1.531335395470413483e-07 9.615321537284856399e-08 4.931466215895522858e-08 1.003613240330087865e-07
1.320500579476534153e-06 1.377745328603457246e-06 3.268343159635029574e-06 2.056741563206434037e-06 2.400812102809205744e-06 1.018310597894301686e-06 1.934104418964209182e-07 1.261512149095492044e-07 9.150399260270442164e-08 5.038627901608046880e-08 1.941937559349072518e-07
1.069437898901382946e-06 7.797642687158504264e-07 6.555544391647812860e-07 5.041759122519357088e-07 5.014672458585631453e-07 3.539801013669926876e-07 2.309211232601456058e-07 1.516319446769766830e-07 9.919743953622507553e-08 4.540087225123855789e-08 1.985269767777559957e-08
2.161366479323140339e-06 1.004765710838088087e-06 7.259962053029556411e-07 4.870027794333137620e-07 4.084954821845951153e-07 3.290601818040575441e-07 2.447430335828060458e-07 1.588996091315281077e-07 8.885545275009196773e-08 4.574304200500345162e-08 2.923302305655143524e-08
6.078340319587679437e-07 3.724932690557492423e-07 6.825088975932681338e-07 5.688908524359576363e-06 4.127463735669889378e-07 2.639366397575041624e-07 3.081466002275780772e-07 5.852689580079472646e-07 8.578361915931537314e-08 3.874809020125866077e-08 1.771747348475011426e-08
3.188280444154368613e-06 1.379139539220809441e-06 9.833542727160644080e-07 4.901714813263544626e-07 5.194605301475867404e-07 3.670878151085742203e-07 2.934734235647109063e-07 1.808480878458113177e-07 2.032852178549229565e-07 6.212453569041978737e-08 2.209719333862218083e-08
7.368137891864614109e-07 6.718928275094399203e-07 5.754658750602193005e-07 5.466889740050198523e-07 4.768221208809167185e-07 4.416981951384507728e-07 5.823583920141915855e-07 1.520221457366264439e-07 5.113678182582771854e-08 2.628188143651266406e-08 1.142664508231969737e-08
2.112832475930652125e-06 7.663326078068188812e-07 4.391082503329473936e-07 9.896180714680918279e-07 9.933784771871615114e-07 1.096367809562106532e-06 8.254906784496256685e-07 4.424944347421996277e-07 1.195688944466220926e-07 3.440343789043723564e-08 1.315467986070766346e-08
1.371561650656025043e-06 1.297999712959553562e-06 1.088013108820639729e-06 8.344411108946431366e-07 4.667442425888963129e-07 3.961517323481530869e-07 2.398926365181216820e-07 1.389563913127133733e-07 1.527872739897665101e-07 4.916898439219908803e-08 2.812306920712243071e-08
7.451031997551647387e-07 5.246074095732084855e-07 4.381532730057163643e-07 4.003698101397952475e-07 3.643959630854028654e-07 2.671050795452367532e-07 2.065480185481160692e-07 1.608648136324704902e-07 1.099661769835272477e-07 7.868687095358638332e-08 7.550707242070520986e-08
7.900499828096806981e-07 6.597779631757383908e-07 5.321880147831533207e-07 4.278088243707298432e-07 3.607886684601025553e-07 2.663958288206999735e-07 1.897953485891558625e-07 1.314311990412613188e-07 1.808989112483164490e-07 7.055032485990328581e-08 1.354519085031630094e-08
9.334408762455112034e-07 5.915171187772242173e-07 4.036274643379273222e-07 3.576385436228327762e-07 3.136215234336321027e-07 2.342417227957280406e-07 1.788786148735921410e-07 1.315975582421068942e-07 9.462812930374033395e-08 5.754652513360308566e-08 3.636984662617841499e-08
5.710668977296383211e-07 1.680512668230853160e-06 8.467429859391686905e-07 5.931610092770619422e-07 3.878584509655294908e-07 2.487961277389304044e-07 1.647188150603711861e-07 1.414193384992928211e-07 3.238211671676764671e-07 5.508870075174870372e-08 5.608161765210011916e-08
1.369912264834509588e-06 1.835696822600694557e-06 2.105392774878990692e-06 5.881122575771486873e-07 3.857918275069087986e-07 3.318871654241348893e-07 2.474361008515964283e-07 1.427584633008446877e-07 7.570632736173588703e-08 1.225972004225890322e-07 1.164919507347552716e-08
6.101842582268443858e-07 6.837682517977568545e-07 5.462610057403211577e-07 4.675656651748830232e-07 3.527684636072640040e-07 2.768862731400414060e-07 1.946247903370543315e-07 1.378474949015361248e-07 1.119055097372446414e-07 6.114557188142778148e-08 2.357806647129249910e-08
5.063071693105819807e-07 5.277811599128874302e-07 4.908470356936219091e-07 3.893718529793359929e-07 3.280672592974030702e-07 2.622247427738273549e-07 1.827387465756222409e-07 1.387875542110356997e-07 1.096541705699152709e-07 5.132484320842508698e-08 3.301460919286282362e-08
5.918877096621119856e-07 6.606110248202731048e-07 5.013592430274050539e-07 4.358231136703308206e-07 3.664284243761236900e-07 2.754406862028491811e-07 3.105745308495986390e-07 1.551465733774281329e-07 8.512830665652272179e-08 4.964171528006668663e-08 2.809492819868900613e-08
5.853329355178575940e-07 8.944071794476617406e-07 6.660023167611559744e-07 5.469258788573056214e-07 4.315966472981425082e-07 2.914484450510134623e-07 2.000784564384630977e-07 1.736815767170264430e-07 7.669143735381491852e-08 4.260503987126203275e-08 2.768145810762611585e-08
8.772267782039799195e-07 7.191094933917741776e-07 9.119699936153262448e-07 3.796293834117610895e-07 2.875000054495712784e-07 2.293950843295412228e-07 2.211642080540164767e-07 4.419732588764801463e-07 1.707148213776150596e-07 2.097845186040931983e-07 8.290903539808470581e-08
7.806390541087498094e-07 7.203545446345002916e-07 6.450417221903600775e-07 5.239518553945657699e-07 4.391270891126029889e-07 3.297978633055221161e-07 3.114456245736551357e-07 1.686527807126686311e-07 1.129392988915165223e-07 5.798341679995701075e-08 2.263861750609117267e-07
2.115485623753376465e-06 8.234640912752056701e-07 5.321244415876113120e-07 4.376307417637940896e-07 3.225339526429559818e-07 3.323023655018378852e-07 2.319158708744606171e-07 1.384053088002509270e-07 2.172041446439028099e-07 1.994296276403036807e-07 2.657853918726932905e-07
4.359443720917973141e-06 5.193992879353291360e-06 1.157607726511280744e-06 5.556834786286755036e-06 4.768546018865352809e-07 3.041188587751835225e-07 1.934208484872407209e-07 1.363785638411606625e-07 2.271739282133288709e-07 4.053915958670011481e-08 1.245492819928484939e-08
8.171484192564642822e-07 7.572342862727826144e-07 6.006572185312426002e-07 4.836459629102104709e-07 3.899565301715080698e-07 2.854955013174808600e-07 2.161868655681086659e-07 2.017195973222831221e-07 8.826146851940879794e-08 5.223883649014249322e-08 2.044089188384445439e-07
5.326382009151999012e-07 3.943753204389172586e-07 4.571912890970482146e-07 2.732031481739180148e-07 2.203783323569137466e-07 2.090057194388370749e-07 1.869257999693644378e-07 1.271427399140861882e-07 4.463661360716805918e-07 4.875347336105571661e-08 2.120577142386991258e-08
1.556199549043700101e-06 1.098659362016829414e-06 8.305586953126760961e-07 5.823301598313720972e-07 5.261560681953682801e-07 4.276863108523690912e-07 2.913995963105296824e-07 4.062379327895091722e-07 6.527790501512662880e-08 5.406734429125714354e-08 2.077752831894756722e-08
7.420287879555594424e-07 1.339314856400501880e-06 7.793166215404132055e-07 5.168707346252171581e-07 3.707879345774955459e-07 2.807110358244142288e-07 2.298444130117956676e-07 1.672987951187531380e-07 1.039674093839390132e-07 4.617029477990652942e-08 3.408915027038647249e-08
1.003386024021673578e-05 1.081696053343245418e-06 4.585618136828481144e-07 4.050595617016194638e-07 3.614742433784503035e-07 2.936796110858634503e-07 1.999735379457870387e-07 1.737613180528879221e-07 6.467664118563829383e-08 4.147596797682551673e-07 1.640090942623591909e-08
7.987308609246194734e-07 6.419104342789995186e-07 6.158642866145818479e-07 4.760877686310509542e-07 4.029018154015172355e-07 3.159972613510662924e-07 2.375154662485954508e-07 1.509473450536349360e-07 8.714785169195702639e-08 4.303862798054700791e-08 3.034214752023848281e-08
2.392279684709692428e-06 2.290936549013307179e-06 1.287297674787928231e-06 6.266268896785543729e-07 4.629696697337092955e-07 3.463949516836005673e-07 2.099682623854722952e-07 1.203097831049405566e-07 8.037164830434535052e-08 9.099788982795171659e-08 6.875142259975756037e-08
8.275242174721013161e-07 7.437139062439884904e-07 6.157969289024556583e-07 5.242825830630111314e-07 4.054116265422703844e-07 3.090928523511276015e-07 3.368722714339709291e-07 1.479833221676204475e-07 7.786602583988253526e-08 4.349270407912431489e-08 1.131143281963603044e-07
6.621305649503652443e-07 4.842138606412665610e-07 4.799196427802094034e-07 4.112330882701216545e-07 3.657264787288541847e-07 2.970949820492137677e-07 2.460969086948346465e-07 1.622855500352067229e-07 1.854993080935482687e-07 9.862265173253406457e-08 2.883556801587671164e-08
5.091641942975735350e-07 3.489171113704613267e-07 3.535384051750517058e-07 3.267572617892159733e-07 2.876697849379404325e-07 2.334725010382605629e-07 3.661935520034255529e-07 1.422542124924197709e-07 7.720923277973478452e-08 1.171640704773198529e-07 9.111352969500473746e-08
8.368147962954254717e-07 1.168914837420466387e-06 6.932227910732450260e-07 4.991344442758735724e-07 3.502212187495862998e-07 2.830825373169292976e-07 2.143024831167655173e-07 1.455729770122753059e-07 9.484897780128884074e-08 5.059798884176934919e-08 7.243570093726786797e-08
2.872896412534818043e-06 9.140549400203463490e-07 4.696863882951256472e-07 4.318412435416941301e-07 3.414974116604758060e-07 5.278708531776507597e-07 2.179326878972431011e-07 3.836797518573567985e-07 1.045302507910590288e-07 1.090334011968804139e-07 2.559574087951691510e-08
5.160624983097618933e-07 5.675770000515046597e-07 5.824484414640810803e-07 4.805648169377366860e-07 3.872155514492377974e-07 2.956616855909582242e-07 2.274777152542970179e-07 1.961752803785606545e-07 8.342574312431851235e-08 4.254281082066470391e-08 1.756967633833499285e-08
1.526895913608936901e-06 6.934122299771467362e-07 6.313719510824618386e-07 6.177510564042087301e-07 4.544554078907309231e-07 3.016755000068688221e-07 2.188942736773064826e-07 1.558342743619389839e-07 8.528596720219901959e-08 4.457001424540973670e-08 1.827540235919625150e-08
6.307621394472475261e-07 5.224691223848777793e-07 4.203842518218315712e-07 4.023890701622325976e-07 3.562864424621263333e-07 2.595851313643979449e-07 2.531788691977350982e-07 1.855056061906806363e-07 1.701982207767327104e-07 7.956170680520211953e-08 3.617497697078529825e-08
7.161705593643532897e-07 7.823091024945018516e-07 6.701510150003563144e-07 4.899486065952033706e-07 3.944235889950098146e-07 3.573530008160567775e-07 2.514752098675375079e-07 1.837019786634239834e-07 1.046892720555733677e-07 4.868888042923960548e-08 1.780267628950637058e-07
8.254834572057466298e-07 6.611946516595049253e-07 4.500374644154006646e-07 4.598709412700919401e-07 3.602328305113883457e-07 2.650640848686119692e-07 2.019926068721291052e-07 1.415254178050358053e-07 8.838554503435951962e-08 1.774882186377915407e-07 7.155399771291450054e-08
1.087154439529817149e-06 8.411349907585436909e-07 6.608483043787349868e-07 5.237206975563666772e-07 4.355123690671473499e-07 3.506994671778382822e-07 2.285089552842463309e-07 1.459443491393097570e-07 8.472937859345121321e-08 5.070859286203688187e-08 1.328692881509124416e-08
7.861808300172713288e-07 8.035725212724828507e-07 5.968813362883311907e-07 4.727247095998352186e-07 4.066849942801002926e-07 3.106887657600631030e-07 2.291982116581509889e-07 1.564724245665837821e-07 9.417553260652756901e-08 4.747135751329211930e-08 2.083277315571944272e-08
4.493627455887097094e-07 3.912332509059830791e-07 3.806948941175744410e-07 3.301508081340672047e-07 2.655972292401410960e-07 2.213525026438756719e-07 6.771466157206619329e-07 1.440561002652130254e-07 3.223300810199158931e-07 1.101231430772041435e-07 6.104700423424111696e-08
7.465977887740454927e-07 7.210322072972952276e-07 5.610756688669172055e-07 4.002141648681700446e-07 3.410621783658789231e-07 2.338578891663599672e-07 2.150502346540263905e-07 1.274984872314313059e-07 9.993980930364334082e-08 5.408211317754488906e-08 5.037429375522267128e-08
1.640052219156666765e-06 1.663672379537259785e-06 1.025692223488738684e-06 4.398802558503501573e-07 3.399220858519433382e-07 3.001037973229533902e-07 2.036088801033066215e-07 1.505721847423772214e-07 1.038191660512523802e-07 1.628653116730335461e-07 2.617755840438306735e-08
4.899971883090593837e-06 1.773865412314425586e-06 9.573500602904654239e-07 6.052680711596766790e-07 4.459666978357722250e-07 3.408385016440772244e-07 2.184221266398786811e-07 1.459197609669974314e-07 7.423389327596366228e-08 4.123453254641338526e-08 6.766650828648801474e-09
1.139584973625228984e-06 8.337353958616200435e-07 5.808141443807157615e-07 4.084319875878807487e-07 3.653712121355607390e-07 3.937067937056575994e-07 4.756317728323195089e-07 1.305717770704757384e-06 1.436630431200086119e-07 6.014429404471150118e-08 1.431948005639602920e-08
1.163979518080143951e-06 8.666976855409170054e-07 8.490372705236568722e-07 5.920009513095190366e-07 4.063361807901680629e-07 2.973731733240315450e-07 2.139326294914830241e-07 1.400222026255710477e-07 8.889674756265682949e-08 1.362270864458999418e-07 1.528953471662738795e-08
8.676316005079542091e-06 8.196653180918964475e-07 5.896596489207239610e-07 4.346525273294525111e-07 3.617218582073357744e-07 3.241271883479109430e-07 2.181642263977064730e-07 1.638819772088252866e-07 1.209273866669750033e-07 1.662982779064845456e-07 2.968592323264195378e-08
6.088453110054110979e-07 7.652104908263367941e-07 5.093730248541067565e-07 4.147757899249050107e-07 3.262696968797906015e-07 2.940251426097256024e-07 2.135561220495309423e-07 2.050671821774024127e-07 4.491423789258684815e-07 1.993382239082740874e-07 1.867647112546885225e-08
1.085709625754670055e-06 9.951827205067262525e-07 1.082216551697001808e-06 5.003965487630542683e-07 4.167479681433991412e-07 3.038836159736620729e-07 2.220234525509311408e-07 1.571216407587705393e-07 1.271102843594516950e-07 2.901856300751934538e-07 1.018898330535344650e-07
7.334071016475516786e-07 6.904824902981794260e-07 5.876283403875487964e-07 4.544211650065190364e-07 4.126047512077919036e-07 3.078594502593251937e-07 3.117688398126132496e-07 1.432351601290619832e-07 8.817441961249905710e-08 9.327947445752975319e-08 6.160033866634144794e-08
6.279302735464690991e-07 5.524211683155552634e-07 5.810015099066729565e-07 5.601751062311911437e-07 3.687280172387772645e-07 2.823649044990378221e-07 2.108811415641758264e-07 1.384179798514359757e-07 7.375812078927867045e-08 6.673073637468653201e-08 1.104337450162267884e-08
3.420678232623259490e-06 9.615870407324226456e-07 7.927088758181156175e-07 6.346607176029351516e-07 4.393360784539031213e-07 3.308484231194809040e-07 2.433552901926148066e-07 1.555635192641927044e-07 1.025060413259093546e-07 2.095301412199013000e-07 1.612455686712158881e-08
1.730726701698544033e-06 1.381892849518181147e-06 5.600284288713854964e-07 4.459936240653267832e-07 4.154278064235908971e-07 2.975243696652306126e-07 2.243692401678041745e-07 1.602274673195180026e-07 8.825850377631459674e-08 8.910236758629027291e-08 4.956866509820505395e-08
8.166197831995232500e-06 1.275492881284863761e-05 3.291829620145731444e-06 6.973572131590733109e-07 3.191087562281078691e-07 2.294250119716005157e-07 1.729557638379069788e-07 1.186848996676929092e-07 1.056356650444419356e-07 5.506411776136292011e-08 2.388022421076746769e-08
1.366281613523827678e-06 1.159243844446356152e-06 6.216187839750159822e-07 5.029908436413513449e-07 4.019015685957157728e-07 2.998081964285818927e-07 2.202234633049900794e-07 1.477506854608472599e-07 8.580323857230947790e-08 4.350037118461762190e-08 1.787613262544043603e-08
7.500699970429435462e-07 5.237818110326614323e-07 5.209449517268969588e-07 4.151959943013589560e-07 2.926115625588321303e-07 2.331877805281929436e-07 1.815271021868621196e-07 1.270933115584538796e-07 8.641917222003143561e-08 5.418039669629306469e-08 2.402271393237530248e-08
2.025251921438618952e-06 6.332821044423518651e-07 5.733853777032731257e-07 4.833723466457916369e-07 3.928716202932148513e-07 3.197587692581713879e-07 2.269809733100341434e-07 1.491639790118044378e-07 9.031104414299828058e-08 5.744089181647271285e-08 2.930792039800425925e-08
1.053254070387470330e-06 6.660276875427708936e-07 5.784301842560472118e-07 4.677090913662510464e-07 3.357802973216106000e-07 2.615032064217813683e-07 2.875891571349485569e-07 1.498508918462844990e-07 2.945935583825014265e-07 4.651341299782176573e-08 5.403910441843466481e-08
6.709857206955512564e-07 6.931647904078858100e-07 4.998270756898786103e-07 4.685044900118677538e-07 3.914564204766624670e-07 5.238812275453168012e-07 3.068896622235442324e-07 1.620322757771290879e-07 8.177857965054953556e-08 7.507793218365910713e-08 1.427922171891217764e-07
7.437901341386857383e-07 7.243907053229000303e-07 5.886210407573386697e-07 5.234363129326439929e-07 4.026201224289625850e-07 3.473135649294253399e-07 3.374640796872433371e-07 1.597377287004778940e-07 8.638824394726762380e-08 5.694961807213895168e-08 4.204722991226452562e-08
6.153297789327750025e-07 6.312325603590827208e-07 4.824763667246773070e-07 3.908959423568449054e-07 3.383528597114354699e-07 2.658377965966761096e-07 1.880361613340952108e-07 1.222567621134313347e-07 1.552481556485952776e-07 2.512270882958519112e-07 1.755411544543018525e-08
3.286358497355209303e-06 1.323255756197894335e-06 6.497536661814765596e-07 5.226448037317480367e-07 3.426542756897938908e-07 2.644468136771286685e-07 2.082213308551647033e-07 1.365174029877514108e-07 8.519215019655611395e-08 7.230461429832692372e-08 4.251537946076123254e-08
6.882651118098183511e-07 6.871618833929254238e-07 5.365035230882911554e-07 4.612702963653541776e-07 4.406145550286038052e-07 4.900872306069754723e-07 1.951337568664420394e-07 1.194518959274371191e-07 7.755141996758678106e-08 4.188001258874193539e-08 2.255100370271871181e-08
3.688585276058821872e-06 8.859089943121024980e-06 5.459336029153115303e-06 4.993497187816855903e-07 4.274920125640277165e-07 2.706734599217278878e-07 1.822416238741747753e-07 1.206418457908584330e-07 8.223731917424508276e-08 4.791315237300512870e-08 2.226212317643047047e-07
8.776170719584493938e-07 6.024085595463082654e-07 4.425426074023684148e-07 3.735845473052466042e-07 3.229536865647670994e-07 2.855913185001927762e-07 2.044361958734208403e-07 1.461524119509283470e-07 1.069073141258393107e-07 5.702500669624629069e-08 2.300131231353006482e-08
2.636388031373155034e-06 1.960046674146908955e-06 1.049698371983118111e-06 9.141217756397830060e-07 1.044850364346070014e-06 1.171658543912003981e-06 3.822087524322788758e-07 1.797377875796075061e-07 7.690094759683721673e-08 3.080195322207689313e-08 1.562457268049318301e-07
4.180520451389300475e-07 4.670579050122926966e-07 4.232510435348810367e-07 3.589553856149352466e-07 3.228734911607844721e-07 2.460363199478845407e-07 1.782268768941241131e-07 1.163223236721457979e-07 7.927539522335917723e-08 1.006581857654615931e-07 1.597068196017919353e-08
4.678786871006765161e-07 4.716208067528721552e-07 4.441200071847144415e-07 4.880475192724893669e-07 3.864423143366753087e-07 3.124406537060319223e-07 2.308326247184193312e-07 1.660786325571539234e-07 9.813161095351248921e-08 5.626748223877409291e-08 2.780251360082240415e-08
5.167246554950697231e-07 3.971890116350878181e-07 5.099416713123942731e-07 4.361120586729806002e-07 3.756260913545294953e-07 3.173774647015909971e-07 2.293027185191261991e-07 1.513373757560291147e-07 9.026299156047141714e-08 6.115287715890667199e-08 2.200286622083161952e-08
2.833303691040076929e-06 1.082300816211627828e-05 1.295755074114613115e-06 4.152172580517019261e-07 3.304952573554005738e-07 3.343139987437906733e-07 1.979520126996931958e-07 1.310870873765900401e-07 7.365112071656724246e-08 1.274185147950674974e-07 2.104618811486907185e-08
6.110481180320676198e-07 4.734487078129344870e-07 4.451048933782732113e-07 4.002631492298718247e-07 3.349958084523569487e-07 2.810040843033817177e-07 2.017683195323148676e-07 1.594218940159190536e-07 1.482376430637526849e-07 5.502257048682335646e-08 2.019305785152594339e-08
1.166011221623368265e-06 6.936976215572255715e-07 1.138556161084342773e-06 7.976135829901164298e-07 4.392112524396349437e-07 2.965199309084668921e-07 2.131811872680391011e-07 1.485981600518390943e-07 7.666230485413749513e-08 8.519869518468084293e-08 1.777158132864915150e-08
5.930375272022145555e-07 6.152059276082793037e-07 4.760427535814044743e-07 3.856125509846962976e-07 3.639964280108362942e-07 2.644653694737753535e-07 2.145316302902476840e-07 1.716436022773007567e-07 3.632338922971854674e-07 4.514822672352042360e-08 5.362004577626464566e-08
4.963507056909179300e-07 4.360170896923243758e-07 3.754105668150220234e-07 3.354128736269390093e-07 3.421607575987139968e-07 2.826442893245499273e-07 7.325025629128690635e-07 1.251856902433416938e-07 7.862860743955670939e-08 6.946344086966480668e-08 1.790893150751914267e-08
2.376195467835988462e-06 1.540270159513916656e-06 1.005530524141418847e-06 8.063558391506027981e-07 5.227498049652474291e-07 3.367446375985099556e-07 2.662484262852297685e-07 1.332667493371995952e-07 8.241706948031080193e-08 6.077163641250671251e-08 2.390772697466002048e-08
1.259709349719434332e-06 6.994797907670444430e-07 8.881270270890141774e-07 6.177399854964368219e-07 4.039716338725068060e-07 3.103002900091142456e-07 2.479947099221782376e-07 1.538125129928945674e-07 9.988908272334379147e-08 5.177504190688660006e-08 3.674263857809253917e-08
9.226526424305486686e-07 6.261105790742812645e-07 5.836334411469682440e-07 4.717994871440587262e-07 3.871265971970335122e-07 3.287671556195849089e-07 2.443499435586786255e-07 1.682046528758920460e-07 9.638921736356628420e-08 1.446800136980395772e-07 3.271671074254458807e-07
4.310525656653267766e-06 1.390019339426992048e-06 8.037738306263989435e-07 5.702882118425384602e-07 4.563870385804556658e-07 2.782806230940608493e-07 4.775625597037676090e-07 2.890582111700824600e-07 5.018566620864870766e-07 4.305902278791230644e-08 2.222823181467801890e-08
6.310805584638362705e-07 6.675223758678792987e-07 5.088370770758952442e-07 3.294497999253521951e-07 2.903148468463065766e-07 2.415405284854277401e-07 1.799297457426312912e-07 1.555976718434456162e-07 2.504598001192333305e-07 8.227691109868028886e-08 1.536351527261564035e-08
6.450469795202803749e-07 3.779271449573683717e-07 4.053138236376230220e-07 4.155149400325289962e-07 3.892139996392356251e-07 3.355619712108941290e-07 2.221246535365484915e-07 5.932125621773116622e-07 1.319204240350009455e-07 5.756423169278427313e-08 1.818783405711689458e-08
4.887649618975209155e-07 5.168225254095919327e-07 4.512787233767721944e-07 3.714554306541026759e-07 3.243015005078213458e-07 2.493664136908075937e-07 2.127797951333046433e-07 1.585905285389422114e-07 1.255331321719460395e-07 1.133490470567242379e-07 2.747030231741735574e-08
7.285254219087079430e-07 5.164299911720809834e-07 3.836487482538366984e-07 4.576624996892042352e-07 3.629352306367217083e-07 2.772447139452186340e-07 2.173792024670614006e-07 3.217561750281217442e-07 7.093368331888288405e-08 3.851545670344456812e-08 2.830513930012681414e-08
8.582815615308934949e-07 6.414097405119338828e-07 5.495809914224400768e-07 4.327669765433390966e-07 3.595637141129289713e-07 3.119314935746126765e-07 2.157267269864206580e-07 1.398769263946067084e-07 7.717683767361082058e-08 3.718871158926761319e-08 4.510618908155553937e-08
5.878517860489675371e-07 5.103457128326348928e-07 4.899767022697654337e-07 3.911017230828085397e-07 3.044399550607697309e-07 2.321402411654470944e-07 1.737849401558536237e-07 1.100778065368269685e-07 6.906266214744909254e-08 3.844157401384190562e-08 1.676271333553537691e-08
5.201029190970484882e-07 4.960564041235250794e-07 5.016365219061308761e-07 4.269348187313834421e-07 3.316871147900003535e-07 2.594136372622806050e-07 5.624834016750716473e-07 2.732110331615682899e-07 7.927127901190482491e-08 5.945712175198526580e-08 3.497054504459427279e-08
5.690591952517104314e-07 5.451263850248316980e-07 5.045839123598726270e-07 3.874032277894789588e-07 3.654452871868182350e-07 3.151244315922602714e-07 7.074310821340599938e-07 1.137680084384808518e-07 1.733237176286444574e-07 3.389215492424287448e-07 6.703816167404569429e-08
5.882770627320609904e-07 6.337920063503871268e-07 6.771448666235801069e-07 4.979748376155834459e-07 3.918202264550091022e-07 3.513114135089451769e-07 2.077271483658681776e-07 1.538545849230073789e-07 1.747764609061967731e-07 4.172248428621824638e-08 1.707189536026432656e-08
1.003515048891364493e-06 1.476908338095084280e-06 4.813115531285733896e-07 3.569559871131563385e-07 3.296398174433888231e-07 2.813619253029340488e-07 2.379204695899117646e-07 1.609515860194864740e-07 1.049342761948056802e-07 5.036897599559661142e-08 2.163685169335809818e-08
7.326507483367912578e-07 5.851490052386678507e-07 5.796233665855700552e-07 4.659679777358745933e-07 4.205805263696503931e-07 2.882852969005684259e-07 2.139371510997244550e-07 1.520114817518866841e-07 8.929003976406604031e-08 4.958193577874757569e-08 1.607101031798075097e-07
8.036892417754495229e-07 8.019773661703697316e-07 7.036327249862071735e-07 5.263534830320499070e-07 4.011055681428381700e-07 2.930435678242676177e-07 2.273364101860367016e-07 1.464399133415836997e-07 8.256844419573448889e-08 3.802695638772301146e-08 1.767894635784071098e-07
1.132196290095683200e-06 8.950115420376954548e-07 6.539778645108156772e-07 8.419355081554001499e-07 5.756213483005921753e-07 3.044256795501833449e-07 4.078749654057409280e-07 1.606092905003857183e-07 8.512185379720313282e-08 7.375304256312309955e-08 1.758720292635301553e-08
4.242375872401906720e-07 5.048466082355808283e-07 5.945358606356513680e-07 4.170686895109795315e-07 3.497782528579964236e-07 2.836127895119864598e-07 2.735296187958241201e-07 1.490125270402981759e-06 7.790814004542639368e-08 3.308896809141801185e-08 8.085553711011530969e-08
6.190838376645648494e-07 5.246849728592962313e-07 4.214575758210807126e-07 3.512819042943293157e-07 3.175680848030994548e-07 1.748125952176244002e-06 7.340788571324132220e-07 5.581521053050759801e-07 8.681647102831082149e-08 3.902062179922066784e-08 6.848849832163356816e-08
5.449736725662268823e-07 5.692591560237948088e-07 4.732720482752134650e-07 5.072492488090625955e-07 4.349956397254806756e-07 4.070597295224710081e-07 2.692998661281214621e-07 1.645413239400539975e-07 1.536790418002673044e-07 4.581278741809729210e-08 5.679962142263540122e-08
1.269162920852849967e-06 5.127118059080731320e-07 4.698078588238735395e-07 4.195650232158267372e-07 3.447562768172761129e-07 2.446075871136082408e-07 1.744081064600079994e-07 1.432139208684941702e-07 2.013633727333517297e-07 3.544744427346470179e-08 7.503792306433380531e-08
5.475476658756582698e-07 6.411114981508894790e-07 5.665060571598212989e-07 4.267961811230437650e-07 3.291883202238499949e-07 2.325506080730450076e-07 1.759944791986822431e-07 1.388567927661475448e-07 1.227387858063413909e-07 8.211687742100834013e-08 5.230347241805418990e-08
6.459421517471698207e-07 6.004037704088844231e-07 4.559074457369386822e-07 3.744657496945517989e-07 3.157417026774420490e-07 2.438490198137058980e-07 1.698789943480773504e-07 1.307233395843758497e-07 8.992018634042517548e-08 6.762537620954894903e-08 4.575680852126956397e-08
8.218859350623649523e-07 6.832759617751513234e-07 5.782481342445638631e-07 5.028088362562704006e-07 3.791450498867806999e-07 2.894092833830522690e-07 2.474777743012334124e-07 1.691652555524651613e-07 1.489920025099307441e-07 2.875744297029265429e-07 6.419276240085563713e-08
4.036184992287068020e-07 3.501239609667788746e-07 3.088819274282102530e-07 3.012281139752028382e-07 2.475199520183932875e-07 3.410695851384581227e-07 2.747236295634800354e-07 3.938559443809926256e-07 1.527746121976178542e-07 8.289174002656084413e-08 2.195269468601776085e-08
8.239794332019154014e-07 1.270837538395787770e-06 9.012046388150487045e-07 9.195560959481593962e-07 1.952717151317668715e-06 5.108718991579004685e-07 3.290682735176952645e-07 1.258152928414266934e-07 6.789468478755104321e-08 3.380028254597394138e-08 2.913983524800463469e-08
1.597390044152466393e-06 1.131545885355633340e-06 1.115842566208639047e-06 2.930708500328026718e-06 4.052674585537802600e-07 2.588407767811164888e-07 1.588789331596238069e-07 3.621127382856105471e-07 7.893731274232741373e-08 4.628958757264568025e-08 2.059907980791401443e-08
6.435436799409347110e-07 5.882697331566136891e-07 4.863196680831604141e-07 4.256225922982568191e-07 3.385606401328934089e-07 2.675858463936679808e-07 1.892156348672680755e-07 1.270703709723006543e-07 8.018253482391399136e-08 4.450437196120959560e-08 2.114728883333163002e-08
7.430991338522651311e-07 6.388455110560044965e-07 5.083591053254904788e-07 4.472564471344338416e-07 3.335571697553282680e-07 2.730473107632504925e-07 2.069673464607774140e-07 6.934426193052144709e-07 8.432469932365147679e-08 4.765381973226625256e-08 3.569026343245268951e-08
4.522103188343484987e-06 3.511106425364859919e-06 1.220207631888488250e-06 8.632740453709790790e-07 3.231612571854146091e-07 2.553200010199931436e-07 2.278157316901322006e-07 1.751069821402548340e-07 1.232645606598367379e-07 6.486157047103931401e-08 2.827070977596591887e-08
8.492201976751419607e-07 5.094967873216886553e-07 4.380443805846321228e-07 3.201547314773264923e-07 2.579558439418590501e-07 2.178969796686920781e-07 1.963537403881880486e-07 1.836642431794269139e-07 1.939073965124886268e-07 8.572093690027571435e-08 2.906091365229941427e-08
7.046905920135565200e-07 7.086038837427930322e-07 7.172734240125797589e-07 5.747197115289925213e-07 4.281431226372023624e-07 3.253905136850677396e-07 2.184982413599744206e-07 1.481581154299342463e-07 2.355051813832161663e-07 4.848143370439133984e-08 1.670399951932287300e-08
4.559460795581423226e-07 5.291250439750125768e-07 5.278953390508636820e-07 4.143322924866406323e-07 3.296748520004254072e-07 2.616423182184973335e-07 1.997836283670241783e-07 1.599704685830473730e-07 7.009642707312229790e-08 4.540473042129740139e-08 5.860745098053255389e-08
6.691756926533848081e-07 5.608987872726649287e-07 4.942179462012814465e-07 4.215703029716502007e-07 3.599276277601121092e-07 3.828122153710635474e-07 2.729601962261035339e-07 1.524602405455514224e-07 7.965744589782600198e-08 3.605051884275668974e-08 9.934898006448815730e-08
5.653540911444701849e-07 5.294448173351667137e-07 4.164669631315809214e-07 3.827655405590239046e-07 3.229936248244181994e-07 2.548487948211718155e-07 1.925693294622225286e-07 1.335737143988991786e-07 7.589800531531477833e-08 4.129132425934532171e-08 2.260856480953587812e-08
5.759446569352983955e-07 5.427255776603691596e-07 5.520433056463613494e-07 4.589736649343040651e-07 3.807753173940785898e-07 3.066540762583269157e-07 2.204243809131949730e-07 1.321189258560199529e-07 7.704906996165968205e-08 3.553942706997158382e-08 2.490379729428658982e-08
1.337155050059223360e-06 9.117309997705857848e-07 4.339612745290115446e-06 4.762094932804345178e-07 3.841796274545538386e-07 2.909060263272160135e-07 2.749922022383188573e-07 1.812351454003454286e-07 7.755668984145540176e-08 1.330278263168357139e-07 1.742192872725325616e-08
5.976116163571663725e-07 1.219471730867349538e-06 8.623583964399888878e-07 4.459596403316345966e-07 3.740677486705400775e-07 2.764356315222404262e-07 1.934525356488255295e-07 1.332288485885190336e-07 8.344123614655556785e-08 1.345456228896825628e-07 2.335662462840481123e-08
6.242552784532168135e-07 5.701187557112528339e-07 4.986904414543199243e-07 4.085428357291760861e-07 3.389109709830500606e-07 2.977483401860184834e-07 2.966910771032252924e-07 3.553235521598794825e-07 7.147519469209857621e-08 5.541634949116162341e-08 4.003213111042367794e-08
3.416409232609330460e-07 3.214840897674869720e-07 4.679129399172828221e-07 4.001479655174105221e-07 3.851179821159540811e-07 1.479806129336177743e-06 5.478351244195747081e-07 1.446049311055499184e-07 1.227156386274387646e-07 1.987072142624011349e-07 1.669854743398822486e-07
5.738341593597993164e-07 5.958485914305117509e-07 5.233350576546531722e-07 4.459335380579246588e-07 3.347616356424904415e-07 2.571975098768047428e-07 1.875970613070974779e-07 1.266467879078400966e-07 1.525132475884274687e-07 4.495933440446592811e-08 1.678412667369192656e-08
9.538789125502468297e-07 6.503447639670785908e-07 4.729805749555495229e-07 3.852555426558269311e-07 3.365850917887044638e-07 2.755834611217671187e-07 2.056901844954101056e-07 1.456305543187844089e-07 1.177425087203518374e-07 1.891009542043624867e-07 1.612116679008398989e-08
6.440355013580153369e-07 6.854753877892818336e-07 5.031563039341635172e-07 4.280668430258463936e-07 3.463851792740148956e-07 2.871273446163287585e-07 2.100579981319053506e-07 1.316853498187765102e-07 8.274950814837110704e-08 4.581703603560096433e-08 2.259240707648650151e-08
1.173449073811844752e-06 9.256695361288860297e-07 7.164959129306165016e-07 5.614005494592149062e-07 4.034565051274350103e-07 2.842783684641052976e-07 2.059350855193852919e-07 1.283135669988857656e-07 6.924006088157219390e-08 3.597521618075094694e-08 2.425365006447724736e-08
6.221481937527434155e-07 5.246178173606882987e-07 4.509395901000625779e-07 4.369347845644374231e-07 3.619941634205221471e-07 2.939774949499052621e-07 2.176417708150101227e-07 1.450234764393099527e-07 1.491729261322767196e-07 4.739293197575306424e-08 1.825358786031100917e-08
7.462202087542973263e-07 6.773715720547773773e-07 5.091124963793677787e-07 4.399907708013194246e-07 3.588549512402985625e-07 2.969325744301072561e-07 1.882782492796447414e-07 8.444895119652522635e-07 8.721988490715198310e-08 3.354768250877108911e-08 2.173924003683906170e-08
8.995158478401673418e-07 8.989404179190405469e-07 7.483071180733281548e-07 5.058022736458047886e-07 3.983253306889459416e-07 2.673373475940031575e-07 2.162774039400313459e-07 1.634386821700457252e-07 1.028663349978147612e-07 5.571956065357813027e-08 6.740738626496927005e-08
1.722624483474766426e-06 4.716259408675263120e-07 3.869202516970021144e-07 3.704392009942719799e-07 3.866372277447954611e-07 2.902707921548204494e-07 2.710006529727261391e-07 1.810935924949856156e-07 1.217768266419652880e-07 5.244253738374221829e-08 1.374240504220712729e-08
4.359461800085908689e-07 4.937187059299994181e-07 3.511144304714514989e-07 4.535010776663978974e-07 1.661671638072394571e-06 1.947906507583788407e-07 1.322677040651128936e-07 1.075944113756012086e-07 6.204994154332854367e-07 5.921720622058689394e-08 1.292125691863043461e-07
8.085359735852696069e-07 6.785335371660649859e-07 5.619363248836885304e-07 4.871227713561707669e-07 3.962240417980492219e-07 3.252029483193137662e-07 2.654457499691718386e-07 1.621880060297120809e-07 9.569156233065259236e-08 5.109303748512220049e-08 2.954908263304868314e-08
1.239132407198695561e-06 7.623245283342786149e-07 5.663124883612428950e-07 4.767141862250296841e-07 3.897814044357762675e-07 4.544778810103483273e-07 1.925462192635840100e-07 1.940460557771218425e-07 8.324405419665021123e-08 5.829238294124384218e-08 5.849185323338060705e-08
5.868276362280710544e-07 4.100244332883709922e-07 3.987512928321908873e-07 4.206769091024476189e-07 3.167486572211664695e-07 2.476695769542640799e-07 1.815895056808893714e-07 1.233405903478896274e-07 9.006879481836299087e-08 5.990353902230477323e-08 4.301645245459398475e-08
4.697871903891948550e-07 4.769011527754214852e-07 4.299966615199258928e-07 3.847223287557106666e-07 5.209125436470280706e-07 1.169014828921529231e-06 4.063931316932036678e-07 1.697005785010185819e-07 1.191777132491372462e-07 5.419111100254796541e-08 1.454365865698265733e-08
8.940707954244383467e-07 5.926850941161160276e-07 5.915143470628726352e-07 4.764288185116852306e-07 3.712516554145300502e-07 3.199347135053340631e-07 2.165250410490704233e-07 1.683408309020758254e-07 9.152082309480591880e-08 4.274715281052050783e-08 2.285310166284723958e-08
6.668670686251058618e-07 5.596751813535686867e-07 5.214982311537133384e-07 4.374451162082047296e-07 6.889143240996169588e-07 3.095927626315561516e-07 2.332322186843753876e-07 1.505345869646264764e-07 9.204435157356518676e-08 5.500315557926169156e-08 3.086349044244421282e-08
4.436067121779143180e-07 3.782376782914889437e-07 3.852568130737248246e-07 3.749755539089213056e-07 3.235492152511294069e-07 2.648578498720650306e-07 1.860440702836330958e-07 1.496740346838320504e-07 1.007495861503944114e-07 6.354475583690058254e-08 3.396919574181396920e-08
8.923777190203213643e-07 1.565680484341494075e-06 8.278797969415006527e-07 6.368854187175034341e-07 5.153796002849689668e-07 2.925500004668224715e-07 2.121038297860445564e-07 1.577472715959943979e-07 8.675091988920140162e-08 6.367812454577519356e-08 1.543948898108600825e-07
1.046700406745662651e-06 7.210485641016751286e-07 5.167582999721494546e-07 4.323901813087531880e-07 3.889137648200303328e-07 2.948928215221792202e-07 1.948280822360775145e-07 1.299793618861819247e-07 8.724680336513058561e-08 4.551438139013644983e-07 8.136154876321413930e-08
4.855829395907067004e-07 5.249313578279325415e-07 5.784712782252265320e-07 4.398980950028622169e-07 3.380209419045513325e-07 3.059593704872301984e-07 2.944306337090670992e-07 1.740920657047949055e-07 8.367542919738559079e-08 3.644539164705146148e-08 1.775219496218799763e-08
1.176577616340536467e-06 9.363093580055619343e-07 7.372431415937551817e-07 5.227656543888355827e-07 3.860338890707481576e-07 2.915689225096514295e-07 2.243837209159620494e-07 1.937774881250070269e-07 9.293257562227366387e-08 6.507965865744564027e-08 2.237479214841412529e-08
6.082690650741267943e-07 5.767203292141994595e-07 5.009659657989671556e-07 4.412951016644381915e-07 3.603822849704703458e-07 2.558272921362741071e-07 1.922823656094114872e-07 1.257577875576393251e-07 8.589050602659596698e-08 5.075751030457088561e-08 1.570157237128742664e-07
8.194431821691122317e-07 8.734223000489139033e-07 6.679432466415364610e-07 5.500534077783707653e-07 4.976542914203565253e-07 2.935206835601695138e-06 5.841507730647755720e-07 3.679278652749471834e-07 3.315398000046357372e-07 3.136694613155747961e-08 4.058160681935536931e-07
1.024193345337091345e-06 1.330970561400045491e-06 8.449000065336539150e-07 5.231058350479979784e-07 5.789797269199593331e-07 2.967626392810456470e-07 1.714945222877676131e-07 1.111328800709259677e-07 1.188212955342655422e-07 3.172016115858071150e-08 2.049791351178800850e-08
7.655463095095801834e-07 3.066928697787620825e-06 7.854620683161568255e-07 4.306579794316556073e-07 3.387340804321308979e-07 3.946034741583102481e-07 3.690088875767643010e-07 1.387981926276871794e-07 7.188807804458255343e-08 7.378212713148148596e-08 1.367756640663914272e-07
5.173100921104775354e-07 4.605761567373061199e-07 3.500109164528845713e-07 3.001871874076091982e-07 2.698550570435354537e-07 2.305918921599633729e-07 1.786984400794081851e-07 1.267379567871886986e-07 7.931320593489898961e-08 4.402897818069496080e-08 1.886992859812356391e-08
2.087537088949882006e-06 1.109270805379452114e-06 4.528004271985694493e-07 4.006901442750778833e-07 2.827585824537673191e-07 4.490100783613169255e-07 2.502350533700836740e-07 1.728743475291948765e-07 1.079078617783736621e-07 4.347310019844035799e-08 3.421705310235810332e-08
4.760115048097562334e-07 4.556936354829623875e-07 5.335274166081549229e-07 4.686739004925517099e-07 3.248055198193757920e-07 2.526405788249984407e-07 4.045436537687340268e-07 3.733147440750306574e-07 7.101274833771647084e-08 6.178965371767243241e-08 2.267590515132315090e-08
2.093123970815256764e-06 1.061287769306988566e-06 8.351636627915504543e-07 2.071234057638982119e-06 7.373981082606243529e-07 2.969461306767792315e-07 2.336881226211855486e-07 1.996986929933136990e-07 6.494481809382356822e-08 2.717380321158466031e-08 1.075583148843404607e-08
5.666041926323453174e-07 6.221880822504732728e-07 4.366950421531079292e-07 3.997544025567117658e-07 2.911122044032176651e-07 2.513930386444284752e-07 1.930503234356200238e-07 1.569829269471914895e-07 1.029033603844602351e-07 5.667339957773750814e-08 3.080168612779877528e-08
6.124721236718582252e-07 6.303698211142737825e-07 4.506629409325910150e-07 3.714778572197160554e-07 4.135750079683055344e-07 2.418918572309842077e-07 1.940552859374744943e-07 1.566246141057760358e-07 1.367249167936311345e-07 9.476383076034345901e-08 3.407637196213759384e-08
1.262604999093992935e-06 8.041725561025685311e-07 1.011123637318030407e-06 6.823811783049901324e-07 5.447389208426101574e-07 4.034075214857011239e-07 2.164913104468461588e-07 1.517108390326720454e-07 8.571747298106278622e-08 5.486648522075241861e-08 3.615437992211099539e-08
1.093028439028933682e-06 6.717077489701065245e-07 4.263108898311267332e-07 6.954989437116607657e-06 3.770498876036562064e-07 2.619493331327379530e-07 2.165023028396693712e-07 1.541238609079363955e-07 9.601420227671217112e-08 9.317006693459027419e-08 1.561193092932368564e-07
5.810002587413699388e-07 5.462530344971700701e-07 4.396315568651342064e-07 4.741341450823372924e-07 2.838636374305883650e-07 2.182225822392696027e-07 1.753245352574603468e-07 1.205993456330308549e-07 7.474793549679288808e-08 4.890126320039085951e-08 2.900380726573395640e-08
4.398032274490021735e-07 4.204799161944644481e-07 3.980451395882142909e-07 3.778311724112186195e-07 3.364398952629994453e-07 2.483783953930876149e-07 2.165966961101776249e-07 1.492380140014877345e-07 1.170137193776133143e-07 1.227300541916361471e-07 1.839052524465619230e-08
6.867038292374104653e-07 6.183683438827655836e-07 4.417991029488022325e-07 3.639953877406495520e-07 3.359079120871608461e-07 2.517067357912070540e-07 2.102454361315111900e-07 1.524696336910429430e-07 1.051459748070157415e-07 1.714867439211910521e-07 2.828703396829830438e-08
5.830990565434110661e-07 6.231471208931287449e-07 5.170302744380415066e-07 6.328561978319344120e-07 4.674849984320917554e-07 3.063103936656568731e-07 1.941508356700233235e-07 1.133215503742806679e-07 7.313925145043937741e-08 4.124231892441701219e-08 1.267880856878578019e-07
7.878959824681158725e-07 6.865510952620557597e-07 5.970533142567639762e-07 5.985673706125018933e-07 3.395684665322101866e-07 2.278576522856473390e-07 1.813669539194136070e-07 1.350176435376337290e-07 1.345658378336377099e-07 4.863020540080525899e-08 1.639147349070978372e-08
5.545353022854980590e-07 4.795353667565278902e-07 3.892418268940614504e-07 2.624957804607507378e-07 2.678594114378548871e-07 2.126776700901008411e-07 1.723447986481609743e-07 1.340240985002436241e-07 2.859848738481383968e-07 1.776668938426146457e-07 2.580376647422011285e-08
1.316713676816729162e-06 9.612802694617908341e-07 1.106114515446985549e-06 1.011654396412782390e-06 1.005983364606052907e-06 1.533904953645252664e-06 2.254667401323277484e-07 1.609739882296587484e-07 9.553932231601672590e-08 5.328745780577435892e-08 1.523278022298487519e-08
6.010006349456959987e-07 5.143683515722115921e-07 4.076529745232970764e-07 3.568616361795981818e-07 3.476452041270826156e-07 2.597786537344329383e-07 1.870456584599352604e-07 1.526478308208678052e-07 1.022025544882410161e-07 5.640476285094277001e-08 2.205206956408709365e-08
5.227432985302610812e-07 5.902980334038168664e-07 5.950520122132231976e-07 5.159262784574226066e-07 4.353479349355926909e-07 2.979999678244982521e-07 2.393470722559123196e-07 1.402057693363871846e-07 8.827236025038021962e-08 1.020264173587503034e-07 2.302180609396502129e-08
5.814895726250310482e-07 6.039057683409161634e-07 4.739037424617934129e-07 4.015767659420543121e-07 3.190898790526718621e-07 2.566963580974793436e-07 1.826057134639646050e-07 1.242512456330876522e-07 2.049741887241976983e-07 6.493185819981702085e-08 2.338122489893738388e-08
4.701086099813448463e-07 4.615374886946832014e-07 3.654154117261481393e-07 3.471557988750580881e-07 3.207403029421527181e-07 2.656654743608697208e-07 2.348613056123298278e-07 4.006753932396408433e-07 2.074987696770074214e-07 6.013839868695841763e-08 6.607397883860975999e-08
9.241706117250993674e-07 8.611662088570286079e-07 6.961439484859797138e-07 6.872001979655102374e-07 6.590094569279026320e-07 3.396499796477141608e-07 2.879153126229822915e-07 1.688386068770260604e-07 1.255459026838164149e-07 1.528872850701044033e-07 1.180661753442967174e-07
9.365241404313497886e-07 7.341232322883524449e-07 6.711662145830863353e-07 5.483541226581841265e-07 4.123490774197918018e-07 3.409241424277610632e-07 4.052549319107316771e-07 1.618096012490416621e-07 1.118842150563665588e-07 8.164990503872594208e-08 6.585228784693042499e-08
1.066265013581732587e-06 9.589031464910146438e-07 8.689475982708000637e-07 6.578527110963454103e-07 5.193506274559542354e-07 3.979891627459681092e-07 2.166413517119591875e-07 1.767121444730642952e-07 8.363375600337702240e-08 4.144054677399521644e-08 2.385608767808239169e-07
3.558039680659490231e-07 6.772840549529258588e-07 1.107293399223471702e-06 6.934629759750422399e-07 3.343659072167852430e-07 3.188210800146663149e-07 2.520124558400974975e-07 4.816992834747492865e-07 1.128383153927034652e-07 8.518103051426560153e-08 1.990644623582549971e-08
4.962688949592831772e-07 7.490660765565298987e-07 6.027186506203842547e-07 3.704520567002023059e-07 2.960577923439800829e-07 2.372416206453408755e-07 1.694796809466617402e-07 1.184760685973581972e-07 7.476170704633405277e-08 4.325904355969136743e-08 1.861481789988271384e-08
2.391051408793598071e-06 1.602137849534191550e-06 5.805129767142452305e-07 4.689390488404801448e-07 3.931513930920717078e-07 2.991776059121009632e-07 2.076964397679584910e-07 1.337957945671555098e-07 8.755018399183586521e-08 5.773580095437699334e-08 1.457827947983817270e-07
1.278612107765325296e-06 1.203646655080887144e-06 4.678411219815115267e-07 4.913149793277296262e-07 1.524963204990425613e-06 2.994928655490364932e-07 1.997776050304681196e-07 1.455436383486654227e-07 2.791511857471639698e-07 4.994494602584268162e-08 4.812210925267610626e-08
1.832791711112068125e-06 1.122086602871521431e-06 8.934743883255026404e-07 8.146981314208385848e-07 5.184432173320692601e-07 3.499260984767430092e-07 2.005887106722560140e-07 1.378355972572987893e-07 1.905179668810070101e-07 2.160777864247977456e-07 1.664017013161903358e-08
6.577043308773456131e-07 5.086302259464903297e-07 5.251473237018991368e-07 4.218160396390770737e-07 3.878297056296237711e-07 2.780836736052529466e-07 2.037282378555719351e-07 1.239738567668091095e-07 6.668188529255004676e-08 3.129836089854627075e-08 4.354918505359987215e-08
6.356019312680030416e-07 5.531834521759821686e-07 5.423690793455585784e-07 4.648100242621363937e-07 3.919811539873760830e-07 2.864213458337648661e-07 2.220377052641726435e-07 1.478277848124758320e-07 8.418686116541597578e-08 4.108191866455512787e-08 1.860938188367233389e-08
7.809140992177091882e-07 1.007322473341477065e-06 6.696916741170443834e-07 5.845115332588416086e-07 5.467588329348273351e-07 3.477922156634162228e-07 1.991875834409297432e-07 1.357989159034818367e-07 9.507209676441961045e-08 6.037495710837355021e-08 5.163952123171606089e-08
6.795193594671808535e-07 5.873114520224027600e-07 5.001693755752425943e-07 4.833497052556383408e-07 3.462944825798162525e-07 2.984725160180367922e-07 2.040572271217039851e-07 1.457568896614553016e-07 9.484106787484598898e-08 4.913761181586660629e-08 2.349120587809291177e-08
9.361408138228923508e-07 7.804429228682851403e-07 5.131517043542258431e-07 2.080885956166187588e-06 4.833471399381817341e-07 2.715934178899848955e-07 1.851500639665476852e-07 1.079247335333997214e-07 7.429524542760255385e-08 9.065836324297910046e-08 2.125353450753702335e-08
8.739395090358120979e-07 9.435323823596407569e-07 6.948679607168883857e-07 5.739301574370737044e-07 4.730711138630649526e-07 3.318048108059015282e-07 2.468017448749173114e-07 1.678559231724023362e-07 8.960521335572925312e-08 4.226725769919809305e-08 1.541319671354724175e-08
2.337562796605412994e-06 1.178521736644202112e-06 6.550067198958865220e-07 4.311055331165948752e-07 4.070256344612501011e-07 3.146326994523039495e-07 2.316087006530124703e-07 1.818085035218991989e-07 1.005208669566380785e-07 4.978128901155963435e-08 2.898474156547356212e-08
3.886646835102608875e-07 4.554619564953781979e-07 3.087809077873888021e-07 2.909722094356295049e-07 2.366664574738231367e-07 2.137658626099302792e-07 1.383462126998473026e-07 2.081787954338083194e-07 7.719652481400871435e-08 4.880608863105078412e-08 3.129963146461469142e-08
5.223096028925873936e-07 7.693266167630900507e-07 1.023925334015121708e-06 4.175494631530604824e-07 3.896302382546587536e-07 3.090165649652968258e-07 2.140437842282572390e-07 1.407558424119584468e-07 7.764451772262507544e-08 4.356129577838350123e-08 3.558484321874857830e-08
9.544228501747246936e-07 5.653142023924218615e-07 8.248664252355407010e-07 4.033466347249001543e-07 3.375134561770423260e-07 2.907755805298833451e-07 2.300864492835018222e-07 2.044947285948989247e-07 2.713476982356930770e-07 7.359991612811605961e-08 2.091786709664045699e-08
7.469189129322152305e-07 6.763351804347394670e-07 9.956086362639149603e-07 5.214721973678166979e-07 3.425740773942263347e-07 2.521681857469892453e-07 1.089025683415875987e-06 3.778220985838621578e-07 8.542404165215196200e-08 4.393098406129727925e-08 2.118776769916880717e-08
5.743789703260446946e-07 5.000766791315276851e-07 5.139656579790330905e-07 4.460077296451439964e-07 3.687554155209342810e-07 2.715335238733309031e-07 2.873301991206302501e-07 1.504825983013717377e-07 8.433473883598795161e-08 4.292316546194869070e-08 5.446070959556571023e-08
1.204936267976892892e-06 8.208912288840608817e-07 5.344542628033669430e-07 4.299849071348009546e-07 3.281935282294880283e-07 2.414875618205064369e-07 1.783899896221132853e-07 1.337336854767491001e-07 8.482408343488998443e-08 4.496560585664475645e-08 2.411442047087086792e-08
3.070762768761980184e-06 2.218983866185748373e-06 1.106544521516161281e-06 5.530836279270446868e-07 4.767337813785544946e-07 2.253622030871552948e-07 2.062612492402199730e-07 1.481325640832790886e-07 1.675942569249878385e-07 2.690046934130207995e-07 1.714086341407452103e-07
6.469929531038594380e-07 5.850127617326796137e-07 4.757011880898502105e-07 4.290826750891593668e-07 3.190384363087634355e-07 2.387147881326909429e-07 1.738374232710242546e-07 1.197799534977208937e-07 6.097727289559604408e-08 3.197635843212659950e-08 1.085745534413214082e-08
1.928640658557045231e-06 7.648774533061145600e-07 7.110460235121028095e-07 4.581150618803591998e-07 3.713236472685203633e-07 2.732536220347708595e-07 4.550005605083083936e-07 3.278477788002367598e-07 8.681170686842916063e-08 4.401943926681798197e-08 3.281540609251968506e-08
6.377925785539921882e-07 5.096174373571125848e-07 4.571490359257038660e-07 4.933329147508211947e-07 4.044753910821726144e-07 3.472820364400199551e-07 2.429767873720737415e-07 2.774625909627820867e-07 1.015619111491124092e-07 5.284405176107265526e-08 4.505429650147774611e-08
7.737209752082705379e-07 6.925400751156930938e-07 7.368995030206573184e-07 6.530247780438498647e-07 4.254658383089298575e-07 3.303107603450827068e-07 2.448448606050209847e-07 1.656794182400958747e-07 9.685157251064812763e-08 4.635620038430006499e-08 4.353726770114615699e-08
2.475016515091930922e-06 8.056361278379095944e-07 6.478662770378356232e-07 4.416437696107679196e-07 3.718917477574696566e-07 2.479027474976561047e-07 1.755132179776736820e-07 1.735643055021090340e-07 6.519835572659022549e-08 4.372814063142606851e-08 2.203999182042640618e-08
6.639437874696491976e-07 5.418279962378362223e-07 5.844526871968956428e-07 4.570164364007121639e-07 3.732934012261992271e-07 2.684781104967953112e-07 2.458604506932060966e-07 1.522782780905385425e-07 1.877637849826517071e-07 5.400609195122375683e-08 3.986297667895954462e-08
5.572690300497394042e-07 5.238290767399994117e-07 4.713574698426545122e-07 3.777700227154741202e-07 3.060097707476908433e-07 2.350148304345719832e-07 1.810272306124102050e-07 1.513082881894872854e-07 9.233979300364338834e-08 5.248172370154150002e-08 7.753174221650195169e-08
1.485465522527246969e-06 8.888249376249863335e-07 7.165729251507458047e-07 5.397969028292397377e-07 3.862653811097312163e-07 3.041229420769902964e-07 2.186575097729864029e-07 1.471299095060289263e-07 1.475383332591636510e-07 5.804085860037422443e-08 3.652537675228585868e-08
5.321949552168099190e-07 4.207526254119690309e-07 3.502128194075777679e-07 3.222061772513812472e-07 2.836225313742175852e-07 2.327580064360004628e-07 3.618984727964373870e-07 1.408756518850210001e-07 7.257831087130245556e-08 4.276440001141438449e-08 2.113771743155728745e-08
1.076926452703694263e-06 7.961125654901713361e-07 6.086406887967761368e-07 4.793940313371165366e-07 3.343446735990249020e-07 2.443618116566540907e-07 1.860015071019153336e-07 1.186997411835739675e-07 7.330719238184262888e-08 4.211848147013497484e-08 2.199092955386873172e-08
1.274647530099354088e-06 9.935458295357358554e-07 7.687086496718098640e-07 6.031287040601634122e-07 3.777089556732509890e-07 2.532948372339382548e-07 1.854724972211922625e-07 1.234885700616267061e-07 7.183385755875911805e-08 1.327508221281640108e-07 2.601428706692608755e-08
1.351305746802439384e-06 1.467986642982293521e-06 9.449091576470107967e-07 4.663975026770637544e-07 3.807546608598811480e-07 3.267982147016640622e-07 2.068107430835168189e-07 1.276791006904199766e-07 9.095887216779651181e-08 4.324016880112811184e-08 5.355482376049453442e-08
5.798486532008643657e-07 4.394627500283341145e-07 4.076941268793026309e-07 3.121948547517048125e-07 2.355430116835946252e-07 2.161293588424542222e-07 1.727376290109077451e-07 1.224744229259341036e-07 1.410814585198201343e-07 4.467776677912052855e-08 2.387605505089030114e-08
7.087560218911555492e-07 6.746200814547633779e-07 5.628170631175298383e-07 4.277049334132169227e-07 3.202425779454738907e-07 2.499633683872845181e-07 2.329375950714701033e-07 2.077485412578956108e-07 1.479227313339204758e-07 4.032305047919250434e-08 2.215460724942088778e-08
3.702473743670275023e-07 2.958885425105508457e-07 3.256402433058238704e-07 2.689202382507373878e-07 2.587067492692367589e-07 2.337882378966002448e-07 1.775270610626367183e-07 1.342192161453672468e-07 2.436864592702955190e-07 3.630624329804515462e-08 1.588122704604525493e-08
4.573409353403451385e-07 4.807567385160042103e-07 4.296993270195826443e-07 3.388718652726032127e-07 2.870785710777174483e-07 2.366070437568165727e-07 1.761341775736152789e-07 1.259009717095173444e-07 7.300097568463199822e-07 4.537547562085316408e-08 1.597957988209635219e-08
4.544177893674682393e-07 4.304927477231204421e-07 4.893860853978083383e-07 3.767270328885295076e-07 3.136506714924896303e-07 2.475577278693823231e-07 1.798025414489670225e-07 1.339487539936642050e-07 2.488951991843129005e-07 4.736554934997598185e-08 2.690353768690781583e-08
5.830485780022310845e-07 5.436223216988585576e-07 4.932219621817115848e-07 4.549441330839017170e-07 4.606957764146192589e-07 3.087623569598758312e-07 2.429431819226974228e-07 1.397378366862838197e-07 1.757642108876424122e-07 3.374240069744611527e-08 1.649868562825478911e-08
6.866737598983057815e-07 6.210259262557823388e-07 7.795884006643023981e-07 1.024465876442296236e-06 1.058635178395424666e-06 3.374573136435780679e-07 2.074821559498043657e-07 1.195741563678348233e-07 9.011153180287198381e-08 4.223523757899704083e-08 2.628148120811919469e-08
6.766232587747518071e-07 5.469602309575206224e-07 4.322169129115092111e-07 4.106908932520172267e-07 3.063547827082505389e-07 2.570868583733520248e-07 2.011765851168939403e-07 1.618998674816164035e-07 1.449117292063994205e-07 4.268070875937186945e-08 2.033598219423052958e-08
8.169319196097637952e-07 7.100867081383626704e-07 4.586357281293402874e-07 3.415025549471980154e-07 2.641612282743032145e-07 2.174712440519736644e-07 1.494466114487788275e-07 1.224395916648808167e-07 3.637598451849621276e-07 4.179223041617762315e-08 3.040570618056480594e-08
1.225763054215832889e-06 6.736629710768348244e-07 6.491507782320153764e-07 3.981170181631266903e-07 3.006697502932344929e-07 2.312775815566985115e-07 1.870919830741120575e-07 2.301889768557571382e-07 1.754719966519440640e-07 8.623491364299023396e-08 1.614981335674006442e-08
1.104132457008922480e-06 1.134675569792978389e-06 7.265779208068214450e-07 5.126031920640017128e-07 3.803194552949787361e-07 3.066730656215962203e-07 2.168498996861678286e-07 1.243984077829251733e-07 7.097909953119521110e-08 5.152460898080250539e-08 1.708796000682074377e-08
6.972910547287130630e-07 6.158427180651478984e-07 5.251247908687284171e-07 4.393029130993551665e-07 3.138487714434035995e-07 2.704994018659812243e-07 6.729546587533664656e-07 1.193818400920208440e-07 7.013801071154540737e-08 4.030255256298846520e-08 4.091876213330805122e-08
6.872532478449855520e-07 7.268878354092218404e-07 4.968390874553093962e-07 4.413007957239313061e-07 3.478675647078051443e-07 2.648574957155088703e-07 1.910990496339361620e-07 1.343001476431417758e-07 8.047461333739853795e-08 4.116815571313873182e-08 1.563714420139644562e-08
1.206722442890191724e-06 8.145931934742160336e-07 5.940860371894571484e-07 4.424254553122773330e-07 3.261303492481318613e-07 2.308681905459118882e-07 1.753724734905543790e-07 1.081672934102561422e-07 7.309038336982308258e-08 2.842024299238880719e-08 1.428441841132379993e-08
7.229685602086196477e-07 5.322668996023941240e-07 4.272835101344662942e-07 4.083173112845782210e-07 3.198433529858245570e-07 2.711948473472707384e-07 1.828970841875800653e-07 1.324226768857195194e-07 8.329666694004912996e-08 4.400915811658056371e-08 1.544660756676053780e-08
5.359441342699291056e-07 4.963653015392891930e-07 3.891459036254831963e-07 3.842139560323642036e-07 3.059291357466820682e-07 2.242788747542248829e-07 1.567795925694857216e-07 1.170159177117265514e-07 6.889027214100361346e-08 4.036132546480530071e-08 9.664205764358775091e-08
3.404132726421691083e-07 3.989910251399395975e-07 3.730340760456059626e-07 3.569883335822541111e-07 6.388573504620774502e-07 4.291683987181407210e-07 1.043287443369619247e-06 1.518152524868619922e-07 1.036749837775246144e-07 3.199225286955371413e-08 3.925118026420299281e-08
4.479327793341149359e-07 4.885105190579065620e-07 4.959264717195164561e-07 4.213183736468357483e-07 3.678432491422067969e-07 7.780284736159586061e-07 2.675645549525265573e-07 2.532220025157960512e-07 7.738851241595774578e-08 3.240296295262992776e-08 1.268311634462063836e-07
6.630934408884513514e-07 5.784720146274936188e-07 6.041728129792960031e-07 5.235447789409520226e-07 4.069016242772521864e-07 3.423378432758822747e-07 3.055261615150455906e-07 1.716454900750346288e-07 7.718512163703319202e-08 4.552276517416879192e-08 1.779654771359386987e-08
1.462422170577246308e-06 1.042497719275124833e-06 8.361345286311522252e-07 4.594459233068668900e-07 3.872922838877728421e-07 3.309653996976001797e-07 2.634156468158252300e-07 2.034358718854933033e-07 9.484391631110066811e-08 4.861822950832254640e-08 2.258539513527573790e-08
6.934786337794395105e-07 6.200612367699151421e-07 5.167096962190329611e-07 4.546961047556946489e-07 3.416190939002760650e-07 2.461967692200151140e-07 1.790454543794029236e-07 1.108942780401455661e-07 6.648653503943633107e-08 6.233624808706266144e-08 2.264785620493702669e-08
6.296556021397854990e-07 4.865954008632146307e-07 6.013120593367958446e-07 4.266590882457019811e-07 3.655055655227455903e-07 9.131193310072014958e-07 1.940986325697038369e-07 1.173513563891456475e-07 7.063388619387555062e-08 3.792072850828491565e-08 2.586789049189980102e-08
4.171046078364537495e-07 4.505764627868192073e-07 4.174748874543135177e-07 3.692711960796580700e-07 3.208558588679757168e-07 2.535356728465809519e-07 1.855828879499782499e-07 1.284669746225064761e-07 7.915299697448934937e-08 4.267400426562581668e-08 1.848438791059764430e-08
3.345308846792139050e-07 4.434965239944730682e-07 3.307975598419420777e-07 2.851728620832963839e-07 2.179136866527292545e-07 1.961828179840713920e-07 7.175559662512427362e-07 1.614813807745241383e-07 8.267509139816668669e-08 4.053676081576859709e-07 2.351658769895223746e-08
5.066687128503125097e-07 3.999043649548198773e-07 3.841322172732853680e-07 4.165555017570322598e-07 2.825950531653922396e-07 2.342837660256827869e-07 2.040516068637726276e-07 1.314314950344574357e-07 7.952754599632810228e-08 7.752440600484307327e-08 2.355312603956584832e-08
9.588015462973582541e-07 7.102323347617027131e-07 5.154168206103560577e-07 5.088985452192607520e-07 9.641642462562106543e-07 1.279301239641852261e-06 2.299669425351215730e-07 3.207581903861773757e-07 7.902109593022659484e-08 3.837784934315719014e-08 1.703626523960863008e-08
6.426456770901598701e-07 5.350725521407567910e-07 5.013132140722897547e-07 4.019706514245468077e-07 3.069701321348419320e-07 2.567760010419949401e-07 1.845607857652312648e-07 1.314133649246887529e-07 7.669562642562180767e-08 4.127077817606452797e-08 1.892597925880719153e-08
4.570739906442776886e-07 1.651392600213712210e-07 2.382193692983115696e-07 3.760430469949694311e-07 4.090697084248177238e-07 3.331666630203094445e-07 4.923100316113593696e-07 7.327409514648909535e-07 6.126261208972590178e-08 2.715227899512076611e-08 1.055282802575902800e-08
5.119263553032669300e-07 4.028009192248433396e-07 3.827685479261676909e-07 3.553745388178910260e-07 4.034365399312345437e-07 4.080284482640706374e-07 1.399056514538595736e-06 2.869202111575258956e-07 8.034417669006815793e-08 4.286235758123560477e-08 2.193708631473318442e-08
6.369924772552182749e-06 1.794027180560200929e-06 3.766513847029702906e-07 3.883963346696524953e-07 2.724152596131262888e-07 2.143594564752279479e-07 1.598978512863130270e-07 1.721788538911627738e-07 2.507136787329984906e-07 5.111198275396215375e-08 2.326408982922118207e-08
2.240678413462863627e-06 1.410303391825386585e-06 1.084298505720807586e-06 5.022568481796786639e-07 2.732168641977698718e-07 8.289829185097176396e-07 1.335191046546659939e-07 1.211879923327878468e-07 5.182659461330612455e-08 3.170265309982644062e-08 7.343931492830234481e-08
4.225171902042341740e-07 4.373865077875275685e-07 3.534604506045242723e-07 3.253153052182698221e-07 2.922899211470485295e-07 2.678368119915331358e-07 1.817939543052524217e-07 1.174374747462667516e-07 7.044316289841601085e-07 4.288494589249429960e-08 2.464222529440940777e-08
9.505914001627995077e-07 5.848199525276762769e-07 5.777262502411867304e-07 4.990394991541847023e-07 2.361844597620453571e-07 1.906752730752799103e-07 1.706849806702335102e-07 1.332429998616013783e-07 7.362466373921127222e-08 9.984326934818349327e-08 1.612834664880634468e-08
