1.777420212446278120e-06 1.885124267024105713e-06 1.661514840748094140e-06 3.258114157996038948e-06 4.823133474965820126e-07 3.801727441155460905e-07 2.152347136095337489e-07 1.797368977208845822e-07 1.857951047383009264e-07 1.312790409160375252e-07 2.714959056509880029e-07
2.035317558117257920e-06 1.089359963768281363e-06 1.211047332994715357e-06 2.756579178060941546e-06 7.968370608021054822e-07 4.176438852526975466e-07 3.225386147444502460e-07 2.044735541193286833e-07 1.210424436772148041e-07 6.613746884160823941e-08 1.777993178823011770e-07
1.329416150688809799e-06 1.639017670967597116e-06 8.797499038668105232e-07 7.351813700400152553e-07 7.802100913863500796e-07 6.510651906030594415e-07 3.446344730308388378e-07 2.364882484944756457e-07 1.134483439076979743e-07 1.574647910594631658e-07 7.129012827162198551e-08
4.948020257454757588e-06 6.597415369980624325e-07 4.606827930819566185e-07 3.482192699491915521e-07 3.254796098459593177e-07 2.714823250220516654e-07 2.098615871795338353e-07 1.915476798773635189e-07 3.860335228634269928e-07 2.132395372303369354e-07 8.897895110728211184e-07
5.367501686800138916e-06 3.040081112322340935e-06 3.696651020810047146e-06 2.720615161042289908e-06 6.943824311950732760e-06 4.031707763204443551e-07 2.488959397552809069e-07 5.208361966981330939e-07 3.783265995110087018e-07 1.068464643318067788e-07 7.554110470805867135e-08
1.677063138599024358e-06 8.529699063160198636e-07 2.442863799185698225e-07 1.848294890789449205e-07 2.301291005141352622e-07 1.523811892865047557e-07 1.249705251907394173e-07 3.763866646503138527e-07 8.015429531277913655e-07 1.157010264771808018e-07 2.539660109541170452e-07
8.950112284087195224e-07 7.899401296507993780e-07 5.668631440271062766e-07 5.572082499972041586e-07 3.912547709097208015e-07 1.972889742042118604e-07 2.338990210663860937e-07 2.767687585436781596e-07 1.238272939500638033e-07 5.476501486132639948e-07 1.855637501630913761e-07
3.929740359481834918e-06 2.220374231824272078e-06 6.781620768250461879e-07 3.573918878293694139e-07 2.408369253889076542e-07 1.750180604525310233e-07 1.458964143490771184e-07 1.231342683830469752e-07 2.161361660162153776e-07 6.386793918556702613e-07 5.503705081086276219e-08
2.644087187315413915e-06 1.937536333627398214e-06 3.537635304007166293e-06 8.405269998875832097e-07 5.671804870150835329e-07 2.339615373255643681e-07 1.745992773710471364e-07 1.188448005071392378e-07 7.986817959465863198e-08 5.754087629235111794e-08 7.969086316233694943e-08
2.453015375761557618e-06 2.164193915282330076e-06 3.086663534285986792e-06 3.698613170248902923e-07 2.441234617927745575e-07 2.094302986743303531e-07 1.663654486302910382e-07 1.296147110062418355e-07 9.997111104385427848e-08 7.702538403095790924e-08 4.236367512129051263e-08
2.280422355856059037e-06 1.287427031391754073e-06 6.602540139863782298e-07 3.215839508124484135e-07 3.057854955046262878e-07 3.353099863114041506e-07 3.275996993501660826e-07 5.539768066790315283e-07 2.800265302068686986e-07 2.845616985561515301e-07 7.297815906484909503e-08
4.798275099471834686e-07 2.933430402225352168e-07 2.408622023678585157e-07 2.585420793973858863e-07 1.864616775577601168e-07 1.437938358503540914e-07 1.288120568057544843e-07 8.646449948390868807e-08 5.573826770150461657e-07 9.628211347873051593e-08 1.341262956564646466e-07
8.309743797303825197e-07 8.389247615057322009e-07 6.492534555166219181e-07 5.794889583799746275e-07 2.470086133873382514e-07 2.889546867320442094e-07 1.219420969929192302e-07 3.897827158988395888e-07 3.904264419114159115e-07 1.062327979427208967e-07 5.781622793322108669e-08
2.521587479216368773e-06 2.017124578646128732e-06 1.144137554720604857e-06 9.807123432222940305e-07 5.198001292834965547e-07 3.480920253709269797e-07 6.613146819735524821e-07 1.488884826665108017e-07 8.431962082389576712e-08 6.422479332092439684e-08 4.939217094802457746e-08
3.150451143792953772e-06 2.421125456768976329e-06 1.350819007563878164e-06 5.528701212331794509e-07 3.040910437993972339e-07 3.535865568177697381e-07 5.366254792788511538e-07 1.187775154220202371e-07 2.088028109489705759e-07 5.566463958608841037e-08 1.700025714989821024e-07
2.357133443702478444e-06 1.170048633154493664e-06 6.462689821815913594e-07 8.220228089404872238e-07 2.943612822561217878e-07 2.819261228788282863e-07 3.485131414951004462e-07 2.093649249039335614e-07 1.044355703838625582e-07 1.936610261474261022e-07 1.227969122654852019e-07
5.566961063295325785e-06 3.601810322042973727e-06 1.863082024354714966e-06 3.822830552071379073e-07 2.770395920732810027e-07 1.844664949623647656e-07 1.439484062753531032e-07 9.907488947072586796e-08 7.918935767543527536e-08 1.589548724164078242e-07 3.800038937923879946e-07
8.737616903129402925e-07 7.762047097243302832e-07 3.314170018207957966e-07 2.457187459660139775e-07 1.526145737897915790e-07 1.593357436176215237e-07 2.621668057202840769e-07 2.601604220930692973e-07 1.974163224211770240e-07 3.826351086523533095e-07 3.365501217062240379e-07
3.201386544135503843e-07 2.874550119356192154e-07 2.873079059016591281e-07 2.018498252219533881e-07 1.858123712144997042e-07 1.642054986283731259e-07 2.042833251223304484e-07 1.525587119751689353e-07 7.956247613530152337e-08 1.232568514995108588e-07 1.911212113173132649e-07
1.824329469882946202e-06 1.028548725362925470e-06 2.344244453156613414e-07 2.193825620177507922e-07 1.725053507693639378e-07 1.596316749224397559e-07 1.296881149921113538e-07 1.032144753547401540e-07 8.939819739360497827e-08 8.704777202154509674e-08 3.011414180678261275e-07
5.500034516831716177e-06 1.085536273940487979e-04 9.931227958616345935e-07 7.230841805850363486e-07 4.919112465127821350e-07 2.750597756293630628e-07 1.671735692199793899e-07 2.267964949139695473e-07 5.090099826538704890e-07 1.048945871355177124e-07 4.194891874919100780e-08
3.975385170550945248e-06 3.654621313986549269e-06 1.778398118285329128e-06 5.295868911859563073e-07 3.476080270990545907e-07 1.972699470294620676e-07 1.578174885563313850e-07 1.070781464605467833e-07 8.275629839919540391e-08 1.215919510677210009e-07 5.112150686688249416e-07
1.547212560085065631e-06 1.599704689396765347e-06 1.305980312763087554e-06 1.130218768325581356e-06 1.779420062278591037e-06 8.791580052546293354e-07 1.226239586634331997e-06 1.421116564267108385e-07 1.693904926221206277e-07 4.224514243389288038e-07 9.804510769886251257e-08
6.756779685860655506e-07 6.697702540879122952e-07 6.036690451966162342e-07 5.119726341472139792e-07 3.517898442470038258e-07 1.815139529824337095e-07 4.466524794447840800e-07 2.526048578578293501e-07 5.808338787364535164e-08 9.948937154439499127e-08 1.603341144520206955e-07
4.156384192369403739e-06 3.770912696598005335e-06 2.725889081452076850e-06 2.553892220527994560e-06 1.380739980641894215e-06 6.204190520003421964e-07 2.239830997132171633e-07 1.181232537786880520e-07 7.536178773075021785e-08 1.541264877981333179e-07 5.374476062993604584e-08
3.898228387045672823e-06 4.747866751200503800e-06 1.226101385899274176e-06 5.014022229041029469e-07 3.325800088407916447e-07 2.259385195668769303e-07 2.564534902751835387e-07 1.496437127739272812e-07 7.545486576817993340e-08 5.922188864110124813e-08 1.439835847320771831e-07
1.107137944688222481e-06 8.178355804568379329e-07 1.376926719159467359e-05 8.258728455231291032e-07 4.609675635643632613e-07 2.828212205674761477e-07 3.028869449359932836e-07 8.476206976135094077e-07 2.932074174492413575e-07 7.871634559519337180e-08 7.885631373992081227e-08
8.964586881942042999e-07 1.215548985537726558e-06 9.836720334660155934e-07 1.210209719823927022e-06 6.598935230450421777e-07 3.065806694372714164e-07 5.418838063417158231e-07 1.298475624177073481e-07 1.542570588150769102e-07 1.387020137166898375e-07 6.321424740772709999e-08
4.026830650426487166e-06 2.301014114671285287e-06 1.810179778792887176e-06 1.472369203188027195e-06 1.872504296123797238e-06 5.583759347700901374e-07 5.776832725532107499e-07 7.107747996689119727e-07 4.493715170166429834e-07 8.152399252851633881e-08 1.369325602871227995e-07
4.016631421945269137e-07 3.407054603800447115e-07 2.838758488667134383e-07 2.543028869263324704e-07 2.007943787199096727e-07 1.486276198133300028e-07 2.797718047867527913e-07 1.017533467807667630e-07 7.955852883894084413e-08 6.955569537574541053e-07 6.196059301013166620e-08
4.796849903210978796e-06 2.611691531738892043e-06 3.826109468135400469e-07 2.758676681503461833e-07 1.977459193949738191e-07 1.803974000778967422e-07 1.421096246788883104e-07 1.869955353983142488e-07 1.956584236327454336e-07 2.685994584642121210e-07 1.573583849250579847e-07
4.418986903254561235e-07 3.688946203463704004e-07 1.773066221630084924e-07 3.354663217220195870e-07 2.581574465261647735e-07 2.171233994745020035e-07 1.449692783441480392e-07 9.217120044665992458e-08 9.865498912897383446e-08 1.022280579401583060e-07 8.549308272012267870e-08
1.582057561287428309e-06 1.413764278642131795e-06 9.765941034889777138e-07 7.084301926236420958e-07 1.471812556151920921e-06 4.675191653082099666e-07 2.191040022176838494e-07 2.323059846326613597e-07 1.992343219567986190e-07 6.906679544793217500e-08 2.473669595631093803e-08
3.186872335599815848e-06 3.085096856434629904e-06 3.573527624137310401e-06 1.491898261514365843e-06 9.425521020493113808e-07 3.597648623289358167e-07 2.713823500071180283e-07 1.556377919618380889e-07 2.634186736426821884e-07 8.025741396034240203e-08 4.416632369095475239e-08
6.909764039571575287e-06 3.468885040725960482e-06 4.136286069136981186e-06 2.154743527155756567e-06 8.454954535474773272e-07 3.819746294340576217e-07 2.952800575667064167e-07 1.509691479459576975e-07 1.807121356889468974e-07 4.679965945808015201e-08 1.006844050543014726e-07
5.257513649994392879e-06 5.751710635169637894e-06 1.468638441254902505e-06 9.444048974766451218e-07 5.232955649436699133e-07 8.234454178077107430e-07 2.258431259358109167e-07 1.267919363997281563e-07 7.974440354218663194e-08 5.639067749980432209e-08 5.321993189006251738e-07
1.769414545115713048e-06 1.328661402638784435e-06 1.035695102865148133e-06 8.792923530520961193e-07 6.477966974019117864e-07 4.197136236400487513e-07 1.562614538184688425e-06 7.331707443664545033e-07 2.337763131871363247e-07 2.189528070442799476e-07 2.906701880569513606e-07
2.612548947194797854e-06 1.564968337066252448e-06 6.806744314541498430e-07 4.021188149019019311e-07 2.254044357470005674e-07 4.271248716527966623e-07 1.203401143047067721e-06 1.994861386891284181e-07 1.346307702746188240e-07 7.272294009479907265e-07 2.152164543573980533e-07
3.845116865832211902e-06 2.578532236988180406e-06 1.876631451090218974e-06 1.096339837806258025e-06 6.424814394022798740e-07 3.831599427587982655e-07 6.252620383453324835e-07 2.030578187782846223e-07 8.252505188972154748e-08 5.106780902179806839e-08 4.197925052746171442e-07
5.598679828576286021e-06 3.903726416948819731e-06 2.203086808286996075e-06 1.419494249599963517e-06 1.071400962967310270e-06 4.397911468365012811e-07 1.769648452284871808e-07 1.182490446504417251e-07 7.649984135801995113e-08 1.825243793359361774e-07 4.726082190606109310e-08
3.085922032035646799e-06 2.093812565157030505e-06 1.697451070518643792e-06 1.597316525500010384e-06 1.204092026729033762e-06 8.075538979198836601e-07 3.848878799155045327e-07 4.953255968794296693e-07 8.976628385991858698e-08 5.282808448583314741e-07 4.428747742264827938e-08
2.858803689977931928e-06 2.382158260703753121e-06 1.644920002521645289e-06 2.176263366712730912e-06 5.086052940887576460e-07 2.313697089470308904e-07 1.901140978297442491e-07 2.775724459751532899e-07 8.790439561651702789e-08 7.531164494796830360e-08 3.330109081138871271e-08
5.712196958123185166e-06 5.598835151851685493e-06 2.398775636694688078e-06 2.289647913663095632e-06 7.671976959239813815e-07 2.674996987343922786e-07 2.031722752629672079e-07 1.838977359853090790e-07 8.498250986196095635e-08 5.592848258513483109e-08 1.702737035155749404e-07
2.589528878481759181e-06 2.403644072753228227e-06 1.832495755655144817e-06 1.068305058315815316e-06 4.725056541864323205e-07 2.997040339331420872e-07 2.385169862612068752e-07 1.599770098881286135e-07 1.342641222083618824e-07 2.900914489635335252e-07 9.274214197791338743e-08
3.602971691936214897e-06 1.565694661800313898e-06 7.277528375703205806e-07 4.721883135652761359e-07 3.291855189006092029e-07 5.300439448732409541e-07 1.381829871872749809e-07 1.352321060750076959e-07 7.217866550061513608e-07 9.034395027321899592e-08 2.858203407253478469e-08
1.718586772635768136e-06 1.893765090912157684e-06 2.724418386736149249e-06 1.213748481879720288e-06 5.229678552652377579e-07 3.814184979020870555e-07 2.893192373227767650e-07 2.802713975803691279e-07 8.999674722526181727e-07 5.264404394723796855e-07 2.640983817095967620e-07
8.500877705256902675e-07 7.132595164376904188e-07 6.034740143324314133e-06 4.766285107300358814e-07 3.129949316272978760e-07 2.274992045932049563e-07 1.760775404511800361e-07 8.945073900707271346e-07 6.025020123477448713e-07 1.704514120575578288e-07 5.666469322382963712e-08
4.149997788755767259e-07 4.046305937322684247e-07 3.496605257292809888e-07 2.859200431170494770e-07 2.609521494929472655e-07 2.528945121048903057e-07 4.484891888400516823e-07 1.365303426124645521e-07 8.227610737025761547e-08 1.147778184852577230e-07 1.623735001609234302e-07
2.277867049140013319e-06 2.597553526332766312e-06 1.113756506677675294e-06 5.239391992214513357e-07 4.356507614085100989e-06 1.115670465683466733e-06 2.368241756797855273e-07 1.183869460999049049e-07 4.053921535688192918e-07 5.422937020271898002e-08 2.314520685868794453e-08
1.027758551440931453e-05 5.138725910066889978e-06 3.216585172346354567e-06 1.949076970821057454e-05 1.286974472824885642e-06 4.973104254393268770e-07 5.114953107802588268e-07 4.134238753133275258e-07 1.389229347061789962e-07 3.998638056593129434e-07 4.214451384628972693e-08
4.184563627074342400e-06 3.190615140781463139e-06 1.551987074731263491e-06 9.543801754750672162e-07 6.752558252098091830e-07 4.596674623477524380e-07 3.696786329665212642e-07 2.201934876778074490e-07 9.085750901704018302e-08 1.754278544501575399e-07 1.515448149358397841e-07
2.488464709567854454e-06 1.405566177065848296e-06 7.322577043815386356e-07 4.651372318006792368e-07 2.765836232050464727e-07 2.095820394264803605e-07 1.586376265993500719e-07 1.203230275610296027e-07 9.556849544200312138e-08 3.666846040994890725e-07 3.255479777187981086e-08
5.485978841599161756e-06 3.503009858407852862e-06 2.009080729152353525e-06 3.979024231236330722e-07 2.888101917485209059e-07 1.607021170682255719e-07 1.674319279313284352e-07 3.216591397391530145e-07 2.891785245308558689e-07 5.082220709046451493e-08 5.386471438638436347e-08
7.642481027847781712e-07 7.768936907488465907e-07 3.794762511744291904e-07 2.804190758681228487e-07 2.233355403133507675e-07 1.572824618291170323e-07 1.241778960252094295e-07 1.034066046724194745e-07 1.055762163439133177e-07 1.219566237688443355e-07 7.165217443658180582e-08
3.194957715368677270e-07 3.483954221326516455e-07 2.966432618464661352e-07 2.498824240631378524e-07 2.837619216163686982e-07 2.452258053964116401e-07 1.423403544393284642e-07 1.934444746489297489e-07 1.273243964394206769e-06 8.306657762454513179e-08 3.348125374856725021e-07
1.454820862420825559e-06 7.808227441300820536e-07 6.558753065012596324e-07 7.331770068824240450e-07 3.528190350365702758e-07 2.100108663763789617e-07 1.351083363407260398e-07 1.108627726124123895e-07 8.468061499141836055e-08 5.819983811523338599e-08 4.070318576159641316e-08
6.145066562493529124e-06 4.029849617830308107e-06 2.638322236147122835e-06 6.173119199164093261e-07 3.320651355241084282e-07 2.706257133971457922e-07 1.501827682006844401e-07 3.982570118095133888e-07 8.798214994632869843e-08 4.364733044045746310e-08 4.010660267623332801e-08
4.096841606147699510e-06 1.009347796931165479e-05 1.759462966399780036e-06 7.834178531029011132e-07 7.371289899596354119e-07 3.741764034981811121e-07 2.829923922685524475e-06 3.485619946399037714e-07 9.116245396603985356e-08 5.301429062231154012e-08 2.161095659176554884e-07
3.195732852788078937e-06 2.454714308741846913e-06 1.656725447815555337e-06 4.958476606977082037e-07 3.668964321681062456e-07 2.321026010366212370e-07 1.802244903446750609e-07 1.650887596039068597e-07 2.669671046195277237e-07 5.164910970598402806e-08 3.601490843482577201e-08
5.321161043806189239e-06 2.466198756554532918e-06 1.885262299507857778e-06 1.009646953841188846e-06 2.268703740065872476e-06 2.133434158441295862e-07 2.184671693709329307e-07 1.449269032068556665e-07 2.671235387273972150e-07 2.424280305280711319e-07 2.450357469282341145e-08
1.603159683825536659e-06 1.367444015017099399e-06 7.882596891617888275e-07 5.822382449522649727e-07 5.425670738348536629e-07 4.532159065286280245e-07 1.383385984929463380e-07 3.108639605814096989e-07 2.468128231788641832e-07 9.022699352024773444e-08 4.176370227709504328e-08
1.336005882049414792e-06 1.461960108754944231e-06 1.041577917821504805e-06 4.496331486307910154e-07 2.330104961993957836e-07 2.453813404138953784e-07 1.010978865951680297e-06 3.080140587335334742e-06 4.255649395218792101e-07 5.000537066540610983e-08 3.462799247376835912e-08
6.939714013162779967e-06 5.162377327650641085e-06 2.346724594107951359e-06 1.169773281843875171e-06 1.020328815501651684e-06 2.197859466550983746e-07 2.224578168574416985e-07 2.725648663251986292e-07 4.468620782454131717e-07 6.418239565166011491e-08 1.034036881738233208e-07
1.878806727009163056e-06 7.787016772049228926e-07 7.908444928698030413e-07 6.019511061991918698e-07 3.232129481589601259e-07 1.700403326869459098e-07 1.136202805588043022e-07 8.658148850424277288e-08 2.744745133302169142e-07 3.381091714656320224e-07 2.989177738487839636e-08
1.592039726512448017e-06 1.527431643165212814e-06 2.419032733524100039e-06 1.007118735612882493e-06 1.224731694379448830e-06 6.387793517694681101e-07 2.103094818747962837e-07 1.549123799993638846e-07 1.377448784698665146e-07 5.730235582264025576e-07 2.441561631191200318e-07
1.645906727902209664e-06 8.401712120614996621e-07 1.660183623491564448e-07 1.622048425402583378e-07 1.570792677561077081e-07 1.609329872476941208e-07 1.086177526586847562e-07 1.086630135831872854e-07 6.551610292356908603e-08 1.268282137043043298e-07 6.113371101970857390e-07
1.278595233408142290e-06 1.637961085694051388e-06 1.292735841312791713e-06 8.153312127045069335e-07 4.334393734245688566e-07 4.695634739588521780e-07 2.475491449632638488e-07 9.857881697685570820e-08 1.016884087304748624e-07 2.371663527158696049e-07 3.628573220504866921e-08
3.613529720784441476e-06 3.285314254800305052e-06 2.773440922842599148e-06 1.284861726767247995e-06 2.950121646128827138e-07 1.982431936509128402e-07 7.248670249184168170e-07 1.113306710941066480e-07 7.312980058550815931e-08 4.898444243494345667e-08 5.855835820229150109e-08
3.253030897289960320e-06 3.027058446231129486e-06 9.666228381032306919e-07 3.097259217833130225e-07 3.567523529112509853e-07 1.996072852845609272e-07 1.959669813522876013e-07 1.231394365894716371e-07 1.130629903478930162e-07 1.323342954267923574e-07 3.729890247935430549e-08
4.432960535632884641e-06 3.428975454666407635e-06 1.668052719978729710e-06 5.784913713685660425e-07 4.189236765089962749e-07 2.060480310122321614e-07 1.370346945976546794e-07 2.085051542527636657e-06 7.628722049517584886e-08 4.449268701050968331e-08 4.756900290281472680e-08
8.158888158914154339e-07 1.144588390332436335e-06 1.338973097735743978e-06 1.621075081989088159e-05 4.317904212833481603e-07 2.492436287537595375e-07 1.709631145556059251e-07 1.152239455810385678e-07 1.171934182371081232e-07 4.203826352970966598e-08 2.014796664317850845e-07
1.628076022826953370e-06 1.197493410396018601e-06 1.310000228499252585e-06 6.270105707522291063e-07 3.473038342036283924e-07 2.282617214375010701e-07 1.258603526982455185e-07 1.517610922599203923e-07 1.332323785540358661e-07 6.148649819896068607e-08 1.085143444944206672e-07
1.380500520153835517e-06 6.574843070069507408e-07 3.799548891962086286e-07 2.767089614505030332e-07 1.900354526249208369e-07 1.670705292397112899e-07 2.403117244524306509e-07 9.435603102907875485e-08 7.559046223498851138e-08 4.716018047429898856e-08 2.887215078332878470e-07
1.920337817444903550e-06 1.473051197531115730e-06 7.392088667952634869e-07 5.797751072035251357e-07 4.832272744156586858e-07 5.222721846752749535e-07 1.909593825444526961e-06 4.186210119507359723e-07 1.151102442922940912e-06 9.038298316792892786e-08 5.596077955219595177e-08
2.162517451417006108e-06 1.624107699230727030e-06 6.271413833443313639e-07 3.616984334825613368e-07 3.302754018105291193e-07 2.279782578430272069e-07 7.956852571576271671e-07 3.941763116115167716e-07 5.661210670328261752e-07 7.406738344137285171e-08 3.044614350163722655e-08
7.413535639074341163e-06 2.533131020720552525e-06 2.268512011023998156e-06 2.014036900787380366e-06 6.045292916201144583e-07 8.856369738219158918e-07 2.226497227085972135e-07 1.046676711406271948e-07 4.636561324709054873e-07 1.549634662980603912e-07 4.611508767461564962e-08
4.620033278278620090e-06 2.839378347279406302e-06 1.255451275696521176e-06 2.230525447046622126e-07 1.252271054340092240e-07 3.652632543344141411e-07 1.038361870282620427e-07 2.719127647738288910e-07 6.831775159465873954e-08 9.501873692071793873e-08 3.385690229425048294e-08
4.196500621591202104e-07 2.741924337580538635e-07 3.694995029798524383e-07 2.564242805391347540e-07 2.988773403248279496e-07 1.751519122072185942e-07 1.168887968587384097e-07 1.554690094857241683e-07 5.435410659961261587e-07 3.756733091887828926e-08 2.667939600062165672e-08
4.231249757623503711e-06 3.360107811759409384e-06 2.868843744603735685e-06 2.079566202468288061e-06 5.831918551079375958e-07 2.484161612972604896e-07 1.673627734423649270e-07 1.154817847614726127e-07 7.836492359120801910e-08 5.407708984402709899e-08 3.303193445975626184e-08
4.442543394398535671e-06 2.594607880554197038e-06 1.282776220246856055e-06 7.012992837456562387e-07 8.068237405566253542e-07 2.650255363025706421e-07 1.351615838095065809e-07 9.806408476763838933e-08 7.909085977158289985e-08 4.173888931034021973e-07 2.140179857989321725e-07
3.058117162795178641e-06 2.564956715421352948e-06 1.374143787319055521e-06 5.258932782305501777e-07 1.760831806585816363e-07 1.955244868344244785e-07 2.819185645868832993e-07 2.824694249363460493e-07 5.490900573916753375e-07 2.570914533961963899e-07 3.248273834509159916e-07
3.571776165441388959e-06 2.090472087301228426e-06 8.635150741889389746e-07 7.895412724848624341e-07 4.707739118894389359e-07 4.565533315574309615e-07 1.643824687821498418e-06 1.240697138813666764e-07 7.023081647028114571e-08 4.174675294777839441e-08 3.937615752312684853e-08
3.892184614812165753e-06 1.856331396483261607e-06 5.838409610803436798e-07 2.755261642293171646e-07 2.351383241414927857e-07 1.709242410932892474e-07 1.389922777359707586e-07 2.288222553454396841e-07 5.953696164287018507e-07 1.785113400271344543e-07 6.672562016758179862e-08
2.628576492923846107e-06 2.485322729487269172e-06 1.928370679511561396e-06 1.036317354751578040e-06 3.918916236352892243e-07 2.149570361717960250e-07 2.365112425918251202e-07 1.001914149179873024e-07 2.258426599165286918e-07 5.684289982010062058e-08 9.525627226165727543e-08
9.324887284122830263e-06 8.156556505229871246e-06 2.611884271229789180e-06 1.361847734055639233e-06 6.099361679659250196e-07 3.814503116925435950e-07 2.985738020002350851e-07 1.803308591360579428e-07 2.470428581751238617e-07 6.279117485820601869e-08 2.040139433721852923e-07
3.719014244248936621e-07 3.151264366709538348e-07 2.393121111905924962e-07 1.973466902864748946e-07 1.782741523787636674e-07 1.381054021440270014e-07 9.762338690710769763e-08 9.743983946468685676e-08 7.678848093841921936e-08 4.719707846036121644e-08 3.461360126910312238e-07
6.859375111266361319e-06 3.922125870699251251e-06 1.713315598386189226e-06 1.269847126763084103e-06 8.210857242825869756e-07 1.047556601874623930e-06 3.242576626932160081e-07 1.628696667765626198e-07 1.032304633259765705e-07 2.937247327874750683e-08 1.516753141529228328e-08
2.827060458840213622e-07 1.988650020947878125e-07 3.341063477314756326e-07 1.801717009235087237e-07 1.410483984608119113e-07 1.477339247113200382e-07 1.491567425012276510e-07 9.186038607667816111e-08 5.637338622294131692e-07 2.853709155902559722e-07 2.600389492218188081e-08
3.210514323913533059e-06 2.597534277598252432e-06 1.469535487758992716e-06 7.220391318266668836e-07 3.538411192679512298e-07 1.879000141517397647e-07 1.930754226057644752e-07 1.095659919494959126e-07 2.116172354020126766e-07 5.914517652607501880e-08 2.389814200742093531e-07
4.539437296287169455e-06 3.381465754617935748e-06 3.244010006671139215e-06 1.526935943517129695e-06 4.534534928120963210e-07 4.863377210673372573e-07 1.822148065321361458e-07 1.175107719537478380e-07 8.194851426976692960e-08 7.305091389539355109e-08 6.717268090108867679e-08
3.368525798884027752e-06 2.714608880032679213e-06 2.087442009684590601e-06 9.239588844777961429e-07 3.926178297437542637e-07 2.062630300164825747e-07 1.566367090118368932e-07 1.744131057896827801e-07 7.152238761858360635e-08 4.252533386713265749e-08 7.270077191914065039e-08
5.923650934282391283e-06 4.538571594231023287e-06 2.553205483410345168e-06 1.539719798320744147e-06 5.808879484375282282e-07 6.671219228759930481e-07 5.648168027838580976e-07 1.880621483028259131e-07 1.210157848519573193e-07 4.232737674682998839e-08 8.276904650349753284e-08
2.214815445567644605e-06 1.435750543191412862e-06 7.338020455862425934e-07 4.271776141095368893e-07 4.153414613456336649e-07 5.942087808884365993e-07 3.122135114350451135e-07 1.010648842121496734e-07 3.823318951056908669e-07 1.451453259537003702e-07 4.063831963742936054e-07
6.050662055203956681e-06 3.133859256862633792e-06 4.705710562948483449e-06 1.688241233250753047e-06 5.745679478622109901e-07 3.190570831169153285e-07 2.096341552406636227e-07 3.198239831525774314e-07 1.782075820925700826e-07 6.369167764841767577e-08 8.995891396841392710e-08
1.804947128749574326e-06 1.304071529932381566e-06 8.810606576736438509e-07 2.938897284959325197e-06 3.721284702190444602e-07 2.165992393634115050e-07 1.874981524375800085e-06 1.379109075091372672e-07 9.287850824173488773e-08 2.071250719963694248e-07 4.198006611648339906e-07
2.858717857993489311e-06 6.518556644595848928e-07 3.596949963679993183e-07 3.916125379902932067e-07 2.966671712572288485e-07 2.130860562057693146e-07 1.755184936918925752e-07 1.435145788321192939e-07 3.790701309113145033e-07 5.324970016483942820e-08 3.425877133235291722e-08
5.283477977921737389e-07 5.042417785962165506e-07 4.842102108316004704e-07 6.430941145856172628e-07 2.716332361862276483e-07 2.448562921627032032e-07 1.733738960847430204e-07 4.389104340251952499e-07 9.883067023239325714e-08 4.828361262619842766e-08 6.194839038916172237e-08
4.356756451459040447e-07 4.138304660642779325e-07 2.885378024672672431e-07 2.585416564820075491e-07 1.989697356218130069e-07 2.797452210512850149e-07 1.085758164820946384e-07 7.854880158810753872e-08 5.453920161158342795e-08 4.066723429184071330e-08 7.408623856213662712e-08
4.187208090191639329e-06 3.833576766192757404e-06 1.178036587306384139e-06 1.395516497013528218e-06 3.039648622920491100e-07 1.951526521284728310e-07 1.346503123807122442e-07 2.595317496833046419e-07 3.836131676802996258e-07 2.165677173201977140e-07 2.485691908237622671e-08
4.329302719842330655e-06 4.223393074210109225e-06 2.585836384411742436e-06 1.054895077952964250e-06 2.205370675718030009e-07 1.663743601652487830e-07 1.405306903626228945e-07 2.952637044179576092e-07 6.858102867581978820e-08 4.362199346806568134e-08 3.146643102624633536e-08
1.094624009546948895e-06 1.008597529909636095e-06 6.219543878901149086e-07 4.613733393934929114e-07 4.576635712811356020e-07 4.123284203858752555e-07 2.019164433451090543e-07 3.105630620357255067e-07 3.520307472682880175e-07 3.045709164077325120e-07 3.936135543902048682e-08
7.786270896851433053e-07 3.521094474888743301e-07 2.226536539758693204e-07 2.357174091938761739e-07 1.941910831833020375e-07 1.463191982869510506e-07 2.339174457075985548e-07 1.915617823276123676e-07 8.437516697695126384e-08 3.022699546845304817e-07 2.033368017534039194e-07
1.667430325364751032e-07 2.953665568738582470e-07 1.641669954275619281e-07 3.167853449438573012e-07 2.483120563612752998e-07 2.362077933455329131e-07 1.421493393327585047e-07 8.593892731243643993e-08 4.026426296107422195e-07 1.006352574573893755e-06 1.067907106283772894e-06
2.542944300677572584e-06 3.185537633038502590e-06 2.434449220142920049e-06 2.737182050501835391e-06 1.385802384083557577e-06 2.757153419668906740e-07 2.934099212156789500e-07 1.073004248835034769e-07 5.025867028424824779e-07 4.519179869934800198e-08 2.135097040374685246e-07
3.316961871070313934e-06 4.287245067451285084e-06 3.104855950226512065e-06 2.987197824467075681e-06 2.476622250267247538e-06 8.805584471110974993e-07 2.962451247017977829e-07 1.092175288687973934e-07 3.340890364037586290e-07 5.806043711396059567e-08 3.009055985759347243e-08
2.205902031965619024e-06 1.762970701977477310e-06 1.405576978696920988e-06 1.015879025796008025e-06 2.085739517986528933e-07 1.515865462774466083e-07 7.659636780462418701e-07 1.413665189150158610e-07 6.715066022962896545e-07 1.880331845754604526e-07 5.668680938579789661e-08
3.871310970606293776e-06 3.732295550461641414e-06 1.738619019793692982e-06 6.186454951417610892e-07 1.816966559341325858e-07 1.273608525928915546e-07 1.254407612338681770e-07 3.031683190191567861e-07 6.862093336917801104e-08 2.746305294253081912e-07 9.335440101453893884e-08
8.703542971152302345e-07 5.269034260313941381e-07 2.950933935180475776e-07 3.184272526955870139e-07 2.447665574567028987e-07 1.580949154877382171e-07 1.126691020679001602e-07 1.050069270149461562e-07 7.129428783376627901e-08 5.990123405383338078e-08 3.095116944680958317e-08
2.566601505197443354e-06 1.309326739167950131e-06 1.512756345306621564e-06 1.907360135310935274e-06 2.786165792258142928e-07 6.580193590486506240e-07 5.762369995946462953e-07 1.374947844137935267e-07 2.610012395058762556e-07 7.037544634630081425e-08 2.179887403273310688e-08
9.637089648437596867e-07 8.069865390043625841e-07 1.833609846214111972e-06 1.861433534622507986e-06 1.235421204709924049e-06 9.225631636499527951e-07 4.825993041921954385e-07 2.807480805717741784e-07 1.192539404744175002e-07 1.050387860408142657e-07 4.229394974315349003e-08
9.269058551042164244e-07 1.123046111352074077e-06 1.261740734402232531e-06 9.870304470491728549e-07 7.493887269010410913e-07 4.969931282023877462e-07 2.375636399753813447e-07 2.512584119204296171e-07 3.783910226549483116e-07 6.607628793259004892e-08 3.249985535762544643e-08
1.460569722231347891e-06 7.786273059955965929e-07 5.125032161905022455e-07 3.742682539230591219e-07 3.179133674909632758e-07 1.995069114196001200e-07 1.504716941397073651e-07 1.703823414688022856e-07 5.098424739709884788e-07 8.566965531006741321e-08 2.725446572771040323e-08
1.888874509072108759e-06 1.767004295326393766e-06 9.836788366578503527e-07 1.604201621479100981e-06 4.336303626901398290e-07 5.262632040327549537e-07 3.180555649691588253e-07 1.020359892595930736e-07 6.822036007810979872e-08 8.373293244127028843e-08 2.365927467766810226e-08
2.572683633758721056e-06 1.651427851001741816e-06 1.343866500600904428e-06 6.114367438590129232e-07 2.937379225800396534e-07 2.996057038036365352e-07 9.341694880347289353e-07 1.221767564136760264e-07 6.887180009006592517e-08 4.767675211395304743e-08 3.299244747673805057e-08
3.706748602872354501e-06 3.187192449371428378e-06 1.438726964891179570e-05 2.820850998906938801e-06 6.819843171310399799e-07 4.999250043734038202e-07 2.712591113865953261e-07 1.249984510372659426e-07 6.069744985720732670e-08 8.002585666867409154e-08 8.103212058159870155e-08
1.816579856273253767e-06 1.836780306552994418e-06 1.787168153985175767e-06 1.331847920265157818e-06 1.445072008115374821e-06 1.517737688693985120e-06 7.335190566517303735e-07 1.501895486692279716e-07 9.019291595853096632e-08 7.395150451826143669e-08 5.047933531600566651e-07
2.970495413589499317e-06 1.706951355446993435e-06 1.214543490458624907e-06 1.059928648272250320e-06 6.711519108520911811e-07 5.398416602221852472e-07 3.200045374734615071e-07 1.129761586937098816e-07 4.020880360333618140e-07 3.825434871214437784e-08 2.282958000915373128e-08
5.280116247973017266e-07 4.460761935012969570e-07 3.205913933917745605e-07 3.776764101872891274e-07 4.298286937936976666e-07 7.665936572245749721e-07 2.562872675329349850e-06 1.027945606199573442e-07 1.014224934272168908e-07 2.227495921200169802e-07 1.216277061404654071e-07
2.513761891082700812e-06 1.742205722675171048e-06 1.212489597170645898e-06 1.124143216415461004e-06 1.240155004124299376e-06 1.650492942689148212e-07 2.807975884963125615e-07 1.140936491461862000e-07 5.778584627300479501e-07 1.449030424069381106e-07 3.189878556921982634e-08
6.003130095685639471e-07 5.826113985210058260e-07 5.855822044730220366e-07 5.184936405389695012e-07 1.654281454235257307e-06 5.765593781945341819e-07 3.627890329030521765e-07 7.505299612052545081e-07 1.265182207333919091e-07 4.733280060293255746e-08 2.775250900853225296e-07
2.141530054144841810e-07 2.547888952909415061e-07 2.184782367405504387e-07 1.914666380522987923e-07 1.981786995634467771e-07 2.668160653862732515e-07 2.126347012595246626e-06 7.457697518207784037e-07 1.661948652878724853e-07 1.550309093302537202e-07 1.223929843589448999e-07
2.292552004635330021e-06 1.570130925890760664e-06 4.254991192080029416e-07 2.075425859104267701e-07 2.553165110394097783e-07 2.760356759700854038e-07 5.306807883622566531e-07 1.989031884048609284e-07 1.034524275552009199e-07 1.707120463531852452e-07 2.209394510418959028e-07
1.714010836155604765e-06 9.709976389543634642e-07 7.893517991712917392e-07 1.804378450163233841e-06 1.371389059589599863e-06 1.296092517352482417e-06 1.662400555127233625e-07 1.015308014979946551e-07 6.673664079891917466e-08 7.547576563858625345e-08 7.858406891197396337e-08
8.038807090778134548e-06 5.303637766453525493e-06 4.004304066157792989e-06 1.860066765589714102e-06 1.026195142614808036e-06 6.651847755030042041e-07 2.259766098507081672e-07 4.434655192194607152e-07 1.231591370858041119e-07 3.905109982198682345e-08 9.425366960976076303e-08
6.328409587511987150e-07 4.443764694551846686e-07 2.630657210097780177e-07 2.329052325237302928e-07 2.342937829865820192e-07 2.114330324969435685e-06 1.489334614011072168e-07 2.569887059008312269e-07 1.799379400829634100e-07 1.335122920398825951e-06 1.792031229132245611e-07
5.487344317792329333e-07 5.497411162417286676e-07 3.929468107648009807e-07 3.111399463382058379e-07 2.214284916101962059e-07 2.072066381493885482e-07 1.793108428825927066e-07 1.285622465741336247e-07 5.784169565566562719e-08 4.197603571500391606e-08 2.652205310706645797e-08
2.432028491821743064e-07 1.875270172652576759e-07 1.480607913269540569e-07 1.479027919421595719e-06 8.593566139177275174e-07 1.058685822977319741e-07 9.269417314508320618e-08 2.949022904509459638e-07 5.047351513454621143e-07 4.845116484848382557e-07 3.842622637916064906e-08
3.632720919591319774e-06 1.787002765817043506e-06 1.125162957130570371e-06 3.652977167755189566e-07 1.597940355457106933e-07 9.419997429810653050e-08 9.927690217138958429e-08 8.690541905552153486e-08 6.586546062927643561e-08 2.958873738828555432e-07 2.886141003228610983e-07
3.534995418013755112e-06 2.855418773206342339e-06 1.911236829750732599e-06 8.123504522215801034e-07 7.497034714944445653e-07 1.358773721357149201e-07 1.504026151670958901e-07 9.064417762836299546e-08 9.376152263978439584e-08 1.919975573846802289e-07 1.456051106756863491e-07
2.342689374734733982e-06 1.328823811669330905e-06 2.804494363939133261e-07 2.026690067619981666e-07 2.117493979620983331e-07 1.611350215607914671e-07 1.146236938858416867e-07 1.206962061711257392e-07 8.563034295803313717e-08 6.851941543478178709e-07 1.097070778060939580e-07
8.307201489834975494e-07 6.923190896457926616e-07 4.202708404893837346e-07 4.846938385205619718e-07 3.667634988350347453e-07 2.088770529095986404e-07 1.702400274310299071e-07 1.277241818963056024e-07 1.897285593175593284e-07 4.598321665330870189e-08 2.723079833961699919e-08
1.249596465712413214e-06 1.164793941479443722e-06 1.793920354207061465e-06 1.707909699281800363e-06 9.827993594530205801e-07 4.858719602471063099e-07 2.496685458610922129e-07 1.431103880252063971e-07 2.623773568578212769e-07 1.739025291523132835e-07 7.568258118602246974e-08
3.527214251767347481e-06 2.382251738845914538e-06 1.097444392095730561e-06 5.243487030902830849e-07 3.493936077719151322e-06 1.186944406112077449e-06 2.548884858258369915e-07 1.348960202168431729e-07 6.654425769899763040e-08 6.686403452922893827e-08 7.236403556543465347e-08
4.642760506357571921e-06 2.532154262076575989e-06 1.325027093094669634e-06 4.275501606313749559e-07 2.489842346500207631e-07 1.742813118756046794e-07 1.253863541204440573e-07 1.689491575425628781e-07 1.821650964986391585e-07 5.547685165516451630e-08 3.124689751163699579e-08
2.977740329061918066e-07 2.646377987110316156e-07 2.742641281082728479e-07 3.026371682331007797e-07 1.048418558607697406e-06 2.760828393266758813e-07 2.056546689611758094e-07 9.076117474573320373e-08 6.220753742910581729e-08 4.365618626992213346e-08 7.769429454415167542e-08
2.234369720086961067e-06 1.568766344366025817e-06 1.275700846046853012e-06 9.141085239623726428e-07 6.917846577365409107e-07 3.267776915637002746e-07 1.781623453750573861e-07 1.082648830327937766e-07 9.718718521227074939e-08 1.169253882625768663e-07 8.778591022126306531e-08
5.362782759900232927e-06 4.738652430470690774e-06 1.661585092937706370e-06 5.975308201383982892e-07 3.212598671019344860e-07 2.161133654243469876e-07 1.599872697973958222e-07 1.248545281318709832e-07 6.622267725646127716e-08 6.232368113250859381e-08 1.335631498174129470e-07
2.824389499383959330e-06 1.452418652362098921e-06 7.722117785779512745e-07 2.786659683268326705e-07 2.057891910793830232e-07 1.650602010949340348e-07 1.163710601647341269e-07 8.171897322264251760e-08 5.517757727137150275e-08 3.777401353732101344e-08 3.382161205831936864e-08
2.938313258208346723e-06 2.447250515962846507e-06 1.970218842126715868e-06 1.222099578783028037e-06 5.198716548790233438e-07 2.750548426221685229e-07 2.282270162427737788e-07 1.018807119433119214e-07 7.754553685060443124e-08 1.061017205898629410e-07 3.166204812698010339e-08
3.505546118952851444e-06 2.895671782128006154e-06 2.375271078428424877e-06 1.280938967748942607e-06 1.033613659821771501e-06 8.795563556085197805e-07 3.526335659386037899e-07 1.786903435156357742e-07 6.459317417765476863e-08 4.500720352858098702e-08 1.076544075285040764e-07
8.952158353355101451e-07 4.309448384023060208e-07 2.150233340783501238e-07 1.787935131266555525e-07 1.191905445519557441e-07 1.071698757836290729e-07 9.153530289175480694e-08 7.197028921052433949e-08 4.810782619342169454e-08 5.130786143616031702e-08 5.119897403301308171e-08
2.206721252457572696e-06 1.369582390423767037e-06 4.000649969923419404e-07 1.928787065159247590e-07 1.594939202005571125e-07 1.417525791017211862e-07 1.422899135231311623e-07 9.962591104837292958e-08 7.389156858014818375e-08 6.168223532814976351e-08 3.847769636694855405e-08
6.732277739251754643e-07 7.182561270166223404e-07 2.810183610611926195e-07 3.100218961755797804e-07 2.675511186460941958e-07 1.122200267546595912e-06 2.527940616922114293e-06 1.691351733198762000e-07 9.300867623476707803e-08 1.198011602442413679e-07 3.839997445467643155e-08
1.968897733675260215e-06 1.271575765865318375e-06 6.990906401552786497e-07 9.624194737175445908e-07 3.424604689032651601e-06 6.272790449320341803e-06 1.057968430167462979e-06 6.775023539554226026e-07 1.943377413455816501e-07 3.208113254217942051e-08 1.661915379410694116e-08
2.504204694616944466e-06 2.528044340216146812e-06 1.136258880609081221e-06 1.488409515913927493e-07 1.632518589751587237e-07 1.201112486512657485e-07 2.705734421302849026e-07 8.531589337990232704e-07 3.148745454761680774e-07 7.207329242700066426e-08 2.423610352286685317e-08
3.115110733224989221e-06 2.173502411656435273e-06 1.333894142742594399e-06 6.185238850839620549e-07 3.687364815492956766e-07 2.238639979293338591e-07 3.560908751352200273e-07 1.503394540327571327e-06 5.404386264092946642e-07 1.629223753908253877e-07 2.726365109355605931e-08
1.802645518790468781e-06 1.822361865034835881e-06 2.050349277455693148e-06 1.645961242825290043e-06 1.586541350833737962e-06 9.983416254956112031e-07 5.654303938602080660e-07 1.251546483325343933e-07 9.967363307161545961e-08 4.838243394810764030e-08 4.145073537686286169e-08
2.029489036251912516e-06 1.504571702969953745e-06 1.507846610619493299e-06 1.095302784535717060e-06 7.341780461455920261e-07 2.260331566397571994e-06 3.028713066105660556e-07 1.810160500434055223e-07 6.972906592515450425e-08 7.630163137985273460e-08 1.886902584505568097e-08
3.653507753349838059e-06 3.138473552611114246e-06 2.194077402504900950e-06 1.506760737407972890e-06 2.479803683317784610e-06 5.445252917024997820e-07 3.104131164309091246e-07 2.171989428726254783e-07 7.376603046955670120e-08 4.374288611536873298e-08 5.858031864955024101e-08
1.607177811463609213e-06 1.577146132142030229e-06 2.034794495514633103e-06 3.004421152646705475e-06 1.121286750147763171e-06 9.036484208765821229e-07 4.363447655835884707e-07 1.415525551499045798e-07 8.059495222048061084e-08 1.853395870110721513e-07 2.832618326231594973e-08
1.770200922469589314e-06 2.180103647276472707e-06 1.424329353299372286e-06 6.096299541167986226e-07 1.054396089919258725e-06 4.601871743918651942e-07 1.344112072701955773e-07 1.306716865893677940e-07 1.021176315506605260e-07 1.904732030640255623e-07 3.276550127055826491e-08
5.002401417757921811e-06 3.170045750658873342e-06 2.110692825790002735e-06 9.682298346495272195e-07 5.727148249008243308e-07 4.159857007738653682e-07 2.571179167004446574e-07 1.551779955058318733e-07 6.948064408833730853e-08 1.159896239087563876e-07 1.228690191659670560e-07
3.690554627413034572e-06 3.109780096798401472e-06 2.161524828388209003e-06 7.799270418133117016e-07 2.641357081617966633e-07 2.164379505277926082e-07 3.972184495619619355e-07 9.748504496583439026e-08 9.283226489095467457e-08 4.102100860930539141e-08 4.849853691851018717e-08
4.983153229180694207e-07 5.331073924458102250e-07 4.918766382205803645e-07 4.958559339267569705e-07 2.369532563453181469e-07 2.011302399591593524e-07 5.039470983341076107e-07 7.653393544175471235e-08 1.131434940608524233e-07 8.013693408281289949e-08 3.711282509977954482e-08
3.156435918003989130e-06 1.808387004387663257e-06 8.817687782990783354e-07 7.054888069512830190e-07 4.134398229817142741e-07 2.013804954437505717e-07 1.543611290859868207e-07 6.156877125760016623e-08 1.340249061367308514e-07 3.150489652593785446e-08 1.676839219700658452e-07
3.712970628346470392e-06 5.492913125691008238e-06 1.003238174645907696e-06 2.676038035051086137e-06 7.921243838127763336e-07 5.914516332171662907e-07 2.358645534394995299e-07 1.465204689768418265e-07 9.212779346926689993e-08 4.963789263758007886e-08 2.409413012553463273e-08
7.490973934484657468e-07 6.822409367306657152e-07 4.195022587825493906e-07 2.561301791078478533e-07 2.196781600527042841e-07 2.087210075767766090e-07 1.476264101756432463e-07 1.216368278465592444e-06 1.251717849342560738e-06 9.359236906628581769e-08 1.725450858984859684e-07
3.521706064523922558e-06 3.816164516767536805e-06 4.887245590394434420e-06 1.216700511750020130e-06 8.447682783038351258e-07 2.286397483983107851e-07 2.104781092472626672e-07 8.998759356512528552e-08 7.056141019610239186e-08 5.507219633342810873e-08 5.640299811606696425e-08
2.876908252736208966e-07 2.711355300548295172e-07 2.243313109428799514e-07 2.154018050949785384e-07 1.640846054914938320e-07 1.304839877694105549e-07 9.862370252837882281e-08 6.755158275308111228e-08 5.310217430738868390e-08 1.714058366725646812e-07 9.033384902016134451e-08
3.245454670113879544e-06 2.413854218090982383e-06 1.397714532468147661e-06 9.862543942645103220e-07 8.694110598067612731e-07 5.315540507861005659e-07 3.515924017083126821e-07 1.762128284899002746e-07 1.089622470718184306e-07 7.148187285213443149e-08 3.742291632483900472e-08
4.204796017958780538e-06 3.179929021257913025e-06 4.478285401205074989e-06 3.043666808496122925e-06 2.060039870152998047e-06 5.440662721324281520e-07 1.423130528124378869e-07 9.386472837615202547e-08 6.701745051215877763e-08 7.651911219497787599e-07 9.869963856150634715e-08
1.034026504973720462e-06 4.008094892934342354e-07 3.582225599573793763e-07 3.552697683495029297e-07 2.599943368688287605e-06 3.424811354144448249e-07 2.013236663795458182e-07 1.460141421668458355e-07 9.043251111542776003e-08 9.251086361287342168e-08 1.910049274163509805e-07
4.332845196555642801e-07 7.689884710848922540e-07 5.727643046941302096e-07 7.651314821074096529e-07 1.224486098982899846e-06 1.835945401901534665e-07 3.815932780541832124e-07 1.577679986102461372e-07 9.618039199685653917e-08 1.716941530793944640e-07 3.676127374283337451e-08
3.539889480816233706e-06 2.264246166632474239e-06 9.012577897651919207e-07 5.472545848375072533e-07 4.793009783289816257e-07 1.807221975351227317e-06 1.666017171861211796e-06 3.186829389018591225e-07 4.951199580160273546e-07 1.266943477978992899e-07 7.367579774918030867e-08
2.636365938490564820e-06 2.041056131864924012e-06 1.046314645411401486e-06 6.415454355134606604e-07 4.130706968092840927e-07 3.540458341596733332e-07 2.822334382583516506e-07 1.387416237150729381e-07 1.021551325960863271e-07 3.838391855397114967e-08 3.177336584141062370e-08
3.174193496817622851e-06 3.198071349859266716e-06 3.240523607643090618e-06 2.687552677902286254e-06 5.504370469509128319e-07 5.461084481490054761e-07 1.518698652446785257e-07 1.128755428467298458e-07 1.619106275783130649e-07 6.751549229134521834e-08 7.124249132834004462e-08
2.796330781882186271e-07 2.124618027949335752e-07 1.898639012651360530e-07 2.344317058530428641e-07 1.546232237791036934e-07 1.418494053096746386e-07 2.606614423210029306e-07 7.814386097560236756e-08 1.039770638918524418e-06 9.384573892652629577e-08 3.281205314433047348e-08
2.418367678715292077e-06 2.590228597156125186e-06 2.643452350651485569e-06 3.044323132884054923e-06 1.596887443387788826e-06 7.475948630566034510e-07 1.889512639364819659e-07 5.892090973137175779e-07 1.232979058934594546e-07 6.601067046425901182e-08 3.354036201324098197e-08
1.125514531605927292e-06 5.736141506711811570e-07 4.075831379940960234e-07 3.783973709496004206e-07 1.873872221724721542e-07 1.200048159386374815e-07 1.301465065985244807e-07 4.693043196910589742e-07 8.855473126321002712e-08 6.891294422853963876e-08 3.947093815902055927e-08
5.911557014195615904e-06 3.950156608307756749e-06 2.166458735411634393e-05 3.248738705671352411e-06 6.323973979667761477e-07 4.459015991749169815e-07 3.161585101837885090e-07 1.444190190149506415e-07 9.665534127933658381e-08 5.374261782049954809e-08 2.441160510387561447e-08
5.627072779200330410e-06 3.761307239510255181e-06 3.786610205943523499e-06 1.505352210845335162e-06 2.697389633264896724e-07 2.343621330023520224e-07 1.459713274874114236e-07 1.059553363570750895e-07 8.391822518989576689e-08 4.848219005342717024e-08 7.785978999788549105e-08
4.502005711251142215e-06 2.901724373459137915e-06 2.041224362517759587e-06 7.607545561702913047e-07 1.410479758718732956e-07 1.169942070676921650e-07 9.465809692926140078e-08 7.356240611024467089e-08 5.645122786535645030e-08 6.124401003150651435e-08 2.248352143003373657e-07
1.510060283864536904e-05 4.341496807430580539e-06 9.065843772499863206e-07 4.315759815537923478e-07 3.339791146405881934e-07 6.868848407923964648e-07 3.775360079231719436e-07 2.367033402975437629e-07 1.625021397930262419e-07 7.856144359497533468e-08 4.039538026833506876e-08
1.972305853588634643e-06 1.074363572002248906e-06 1.273374123579095463e-06 8.398556055572137386e-07 5.082024182450943246e-07 4.668604025741156646e-07 2.176320980709309205e-07 1.042991961595509734e-07 1.519825407309949565e-07 6.003674968805046630e-07 3.718087580704894598e-08
4.155485149430453337e-06 2.337658847314917939e-06 1.005496193015217799e-06 3.554940800558158639e-07 3.294214083855252657e-07 1.357315597256677926e-06 1.046290900782627384e-06 1.318998569519232880e-06 1.093692601850917553e-07 4.720240951477867146e-08 3.664271966358242487e-08
5.398631003643124364e-06 3.669238888261540046e-06 2.541771929978990184e-06 1.077950104325935678e-06 3.815617787843636011e-07 1.356187523156677839e-07 9.683271687419846490e-08 7.972539109778928848e-08 5.247322682770306182e-08 4.197052341452803386e-08 2.715341770205864028e-07
8.371637735517745298e-06 1.703492437410695639e-06 4.704858026558854488e-07 2.246844267242690597e-07 1.821273688728044922e-07 1.359778831447794250e-07 1.109953188450226976e-07 9.391974587595107364e-08 1.355427204401615196e-07 8.876393584709311545e-08 6.706714609851386369e-08
1.083576731176572772e-06 9.623095507331084994e-07 8.006690415075254636e-07 2.098404378185318629e-06 5.804713573073906470e-07 2.806524867320592693e-07 1.906484751499864038e-07 3.514204426633521269e-07 9.489996673066924693e-08 7.291763190735248254e-08 4.537101442831982634e-08
3.139198397206922057e-06 2.440289077717620113e-06 2.510442645202657859e-06 2.069932316893348488e-06 1.075200066969026782e-06 4.038666816145530091e-07 2.754822125438049521e-07 2.001414061697695785e-07 2.885281043476321233e-07 6.901886340633526741e-08 9.999178725329738890e-08
4.907183343106020397e-07 4.358756931715360861e-07 3.422701688294986052e-07 2.362480215845377106e-07 2.140446758508185700e-07 2.580820074135482921e-07 1.566202529793849387e-07 1.083647588404750860e-07 9.902403509939474544e-08 3.740461739609787495e-08 2.421990617981463679e-08
1.927174926314198659e-06 1.896929933864217818e-06 1.416544746347645206e-06 6.699590044625988768e-07 9.602703905512766705e-07 8.593494964133745780e-07 2.159157877451337530e-07 8.418631222246833691e-08 5.822012215259249614e-08 4.967249628427965157e-08 4.765978743422891871e-08
5.802031963266336065e-07 5.802277757633145703e-07 8.734473459391147263e-07 3.670957069175937742e-06 6.831546808742191139e-07 1.609001113069223591e-07 1.194131293256119620e-07 9.744521715634947375e-08 1.018358150132969251e-07 5.811329274884468891e-07 9.253171806819559579e-08
3.677461910849471604e-06 3.150058254764525689e-06 2.094912586705598529e-06 1.134437157436718643e-06 1.219962468761105881e-06 6.755115222016701875e-07 1.575424995997239228e-07 9.645526580953742670e-08 6.808490536879240463e-08 5.028022533148129464e-08 5.228760876347169667e-08
4.853657943197840866e-06 7.581384481307211106e-06 2.467074604211326938e-06 2.071263646544288149e-06 7.789970378242927853e-07 2.629190420249050386e-07 1.751810735945567371e-07 1.362316610736613332e-07 7.526924750296934847e-08 4.616821265970637819e-08 2.668038854390779424e-07
3.305532025997920505e-07 2.252204941679049519e-07 2.304307383912960647e-07 2.600777301333032473e-07 1.812033063992286075e-07 2.216196588543471549e-07 6.318407960823185802e-07 1.203147055216597635e-07 6.986645371331869885e-08 5.039516320635273522e-08 3.361358139531933697e-08
4.175535625194089485e-07 5.655563255797612296e-07 3.503132393763163187e-07 2.199721256614992834e-07 1.822154359630224995e-07 1.350063798781896081e-07 7.773671520075660398e-08 5.715940637143104745e-08 6.431999372818722084e-08 7.033337972979627864e-08 4.762647318342411884e-08
4.906166638389841863e-06 3.947518665261437727e-06 2.737659967697558953e-06 1.070728331373252626e-06 2.821466963416894919e-07 1.936130969910865226e-07 4.509070648179285737e-07 9.593356581910153382e-08 6.423901627937513215e-08 4.290128606209695812e-08 6.130261753623022487e-08
7.157843307995531556e-07 1.178918829642254962e-06 8.918958470073948711e-07 4.065657547293427612e-06 3.620566194024136719e-07 1.562418902127396850e-07 1.051275168095896090e-07 7.312692713822981154e-08 6.332461574565140104e-08 1.183150391446023084e-07 1.981815149574910841e-08
4.149240625852383972e-06 4.444935425877978943e-06 4.109114433424421443e-06 1.245184185079767075e-06 1.730090039658547773e-07 1.341063159596738513e-07 1.021460608861941122e-07 8.134736356191494746e-08 5.954490881826985766e-08 4.372979857515636532e-08 4.311738674277076067e-08
4.595597079889951560e-07 2.603585609618911982e-07 2.221930648988832787e-07 2.772266142962218221e-07 2.112334349615175058e-07 1.953640995574485987e-07 2.048545048743240805e-06 1.240450364368584286e-07 4.763805064885267724e-08 3.482444180252622934e-08 3.002336284088208499e-08
7.516731066779508538e-06 3.391726974657980996e-06 4.902973916670709633e-06 2.385863954360940010e-06 1.604914572216801899e-06 4.208877086913394534e-07 1.573942472352367815e-07 1.022488193415790556e-07 6.661363240296866395e-08 8.220159726771691697e-08 9.991615916620964942e-08
1.914793390579534249e-06 2.230727249678443894e-06 7.571613372520851860e-06 1.307275246969874486e-06 9.125448522431837040e-07 3.561872107406878078e-07 3.689344692099438598e-07 9.306454731941132981e-07 1.490502508221455922e-07 3.813891800454786738e-08 1.336254771907149112e-08
4.680953752795628743e-06 3.258171011024576211e-06 1.401971739485161581e-06 6.782824875796824871e-07 3.874859680612642216e-07 8.152707338058399146e-07 1.741158705795302285e-07 1.671407950788401046e-07 8.579446536020011213e-08 4.807381922062987073e-08 6.742123040505350378e-08
3.735582178392082455e-06 6.325713928837640170e-06 9.576727047994009365e-07 4.262311073265521301e-07 3.237954871603605043e-07 2.370659368657182223e-07 1.524867476951591354e-07 9.283846170722300447e-08 2.724228762851798505e-07 4.151480757096394521e-08 3.981495313822762339e-07
6.401123279259312636e-07 7.030221143579918546e-07 9.349057265574770166e-07 4.906148955404708051e-07 3.701454758964333507e-07 1.518283350262225244e-07 1.129538348793922001e-07 7.708754128145513627e-08 6.061732755772001755e-08 4.379127457997072444e-08 7.009354038464464057e-08
5.778216677164195899e-06 3.630513703785331740e-06 1.895877111970497537e-06 7.524939919687867422e-07 3.716622104964632195e-07 2.191924910399788460e-07 1.579464632491362546e-07 1.554294887295180893e-07 6.705756106488834828e-08 6.887386833769460188e-08 8.894580247527692750e-08
1.075915736780325350e-06 6.805044415945174984e-07 4.480899887473717856e-07 2.439415794803409591e-07 2.123696993629471783e-06 6.910785775815743482e-07 2.809076784265784313e-07 3.171504904521546394e-07 5.775024210861311777e-08 2.779931206918554046e-07 8.825594888369340168e-07
3.179121692328228336e-06 2.280236085457317457e-06 1.848623614465401909e-06 1.427552178514695184e-06 8.048250452357002714e-07 1.454161424895395905e-07 8.072358738138747627e-08 6.664988293169709320e-08 1.962357923825310880e-07 4.990744005437696431e-07 2.801551871607423487e-08
6.239803692177443458e-06 5.179412316239163259e-06 3.360600151214236948e-06 2.573175884185825438e-06 1.300966062999085570e-06 7.155825984275213053e-07 1.907372180993198997e-07 1.184041986401686249e-07 3.882057096092486756e-07 4.798368969278645244e-08 2.408372517090194752e-08
4.163395630400583323e-06 1.799196540606185706e-06 1.002812834868460050e-06 1.032160925468539312e-06 9.021557311023513838e-07 3.222257605895009632e-07 1.241732057626413197e-07 9.107284496551371980e-08 1.150206071369347065e-07 5.542191820395368043e-08 4.887157974848402280e-08
1.584607656453336765e-07 1.724627255779586202e-07 1.274616976707311054e-07 1.215090938293997061e-07 1.251022735422927425e-07 9.392960805784009690e-08 8.863111936569860309e-08 7.977997948003705681e-08 1.128907944513763356e-07 5.169764736275601247e-07 3.167015669059381197e-08
3.683138532592606650e-06 1.608254590087328189e-06 9.751212752687036055e-07 1.046839787991056470e-05 4.835206235754159124e-07 3.702412000915980079e-07 2.628964196491466070e-07 1.419520110673216357e-07 7.465543563252688014e-07 5.071774653193327928e-08 2.828230341675412856e-08
2.042243265886301223e-06 1.415289817993983251e-06 2.617598082146773622e-06 1.210261809026206918e-06 9.204948519366912527e-07 2.721392655149554084e-07 1.735721693425879465e-07 9.633870457366139975e-08 1.009719319863699997e-07 1.060252960286661227e-07 5.998046067007692468e-08
2.228189970340258157e-06 9.221896304669610142e-07 4.558248289783765281e-07 2.879824222669824686e-07 2.020043911152427259e-07 3.004886542674084078e-07 3.345973176506987253e-06 1.070586461573873034e-07 6.514358164242112045e-08 4.708184859342269557e-08 1.126132538525868581e-07
4.351262152535915402e-07 8.839993396869216567e-07 8.221404863251047997e-06 2.960633320426300070e-06 4.702459734443243895e-07 2.164299680239770703e-07 1.072428247023517786e-07 1.136609282897760772e-07 8.227262532558310775e-08 4.974285311363195829e-08 6.293815538897977982e-07
1.811158810367932687e-06 1.351243155052561602e-06 1.082586919974133525e-06 9.489406442583888623e-07 1.415657185083782853e-06 4.452270120759280707e-07 3.983946652730890775e-07 1.793072271598192171e-07 7.620416693049366313e-08 4.756776724195189223e-08 3.630593515299395309e-08
3.543865716311373765e-06 4.061004197809248964e-06 2.943271509391156148e-06 1.351101242021507994e-06 4.162351463630079287e-07 2.042065380897503290e-07 1.398709840951013029e-07 4.512439353104837812e-07 1.164914230841665999e-07 5.396895773747190360e-08 1.971471704638756808e-06
2.890199964000588007e-06 8.051589223987228437e-06 3.315408308548349347e-06 2.158374399537835792e-06 1.065020741118044978e-06 2.360963751171719295e-07 2.186257296717055294e-07 8.555163427008249679e-08 1.305861878383740658e-07 5.939566149943061609e-08 9.679055256235662890e-07
2.758824470685869040e-06 1.663944581859324775e-06 4.301986377534702767e-07 1.942484209711868494e-07 1.438921583783731576e-07 1.001363275775676122e-07 8.207500365278934972e-08 6.326475502988659375e-08 1.143188438415352724e-07 4.059577057386361854e-08 3.004498639436640141e-08
1.001577643355659790e-06 5.544601254252234898e-07 3.154197708285869131e-07 1.656254524991165739e-07 1.402016083487426627e-07 1.124332630857009534e-07 1.004686286013072186e-07 8.014521493168801674e-08 6.720006258504935528e-08 5.402628258427751101e-08 1.539486807809463795e-07
2.835961469520917983e-06 2.819203204357510817e-06 2.325166680645290910e-06 1.819610809883110459e-06 1.513298385126797811e-06 5.575840976381538612e-07 2.021381965172615038e-07 1.082561231222767858e-07 2.757382562165140417e-07 4.981381882621019747e-08 3.593321370955059941e-08
2.321587078971310746e-06 2.138808825931216056e-06 2.245747078573784186e-06 1.366497474590826348e-06 4.848279449857069984e-07 1.596112435256094279e-07 1.091625848087956393e-07 8.497164108851873761e-08 8.929274642463394436e-08 2.475126510441898202e-07 2.686952109262077099e-08
1.255540035224116606e-06 8.111078566753330888e-07 6.252449701450742264e-07 1.774011707914644692e-06 9.143570615460393355e-07 3.715065503738278283e-07 4.987318567432231592e-07 4.821032524407711172e-07 6.634907887058775474e-08 6.138029053354080337e-08 2.728018121784318078e-08
3.040652254707288582e-07 3.021756758005042142e-07 2.553395577338429715e-07 2.204959971148405221e-07 3.546047209256826907e-07 1.900365043476875401e-07 1.363785556106493519e-07 2.395645111610891108e-07 9.193461861221912445e-07 5.082709803825904944e-08 2.449749538778462025e-08
3.000885200276225946e-06 2.438130043925983438e-06 1.716982930873731162e-06 7.580852101085954695e-07 3.336822216476255269e-07 1.366481355525462272e-07 1.133582684576531002e-07 1.170511355290390485e-06 7.359178329247589258e-08 5.393659324226564493e-08 3.368917007146806284e-07
2.560085173545323580e-07 3.412844444282640104e-07 1.741693630109673786e-07 1.402897809006949629e-07 1.753646366214116254e-07 1.471208363154523262e-07 1.478938591647930711e-07 6.534953551991037303e-07 8.691857442350337323e-08 6.293866293028327286e-08 2.391802563080599840e-07
3.946447523026959939e-06 2.615503952898364974e-06 1.968194524494851997e-06 1.543395695236533385e-06 7.174741962702061630e-07 1.843569195186198358e-07 1.145032934076822056e-07 8.640745502039264597e-08 6.794972038197657473e-08 7.844085144784427523e-08 4.369417196151535841e-08
4.299034987695557000e-06 3.279851500495538381e-06 2.137944767217140045e-06 9.895529220665894176e-07 2.209308904797431885e-07 1.453884510422949221e-07 1.429445374651363922e-07 8.526108975836566625e-07 2.522765480964682799e-06 4.982912953760845043e-08 3.472294084171709425e-08
1.884743377622576465e-06 1.923213856942331287e-06 1.822248028403575884e-06 1.291503526295752270e-06 6.509547383231371638e-07 5.380814380868063583e-07 2.194331442745587119e-07 1.075457712458062271e-07 6.176007938494526717e-08 4.377398728629439448e-08 3.539871971731795970e-07
1.492262558774383154e-06 1.692634958834183321e-06 1.001909907345181103e-06 7.183073332455151382e-07 4.093266609586894464e-07 2.331128242233980853e-07 1.606721853946982758e-07 1.415043512893936740e-07 6.847591091516788210e-08 4.189127938842622197e-08 2.886212351101164202e-08
3.451164241067337293e-06 2.543072120165226410e-06 1.477032212823302011e-06 2.521003261764927667e-07 1.592428622970650898e-07 1.209829165030730954e-07 9.436662013439673104e-08 7.450239144307266767e-08 2.415237394563902116e-07 2.810322405785256158e-07 2.557049256785434016e-08
3.696929500543074318e-06 2.281006443067417076e-06 1.338458585771008972e-06 6.374155968369926011e-07 4.905780068328633128e-07 1.243252256106341648e-06 1.814176947874344836e-07 1.293470859035137303e-07 1.200916094804832497e-07 4.653949100901080106e-08 1.861510978397684667e-08
2.290553254135864116e-07 2.129823570107349173e-07 1.865286378580594061e-07 1.526712093003142293e-07 1.269956002443094344e-07 1.108024444111646531e-07 9.007497263327080577e-07 8.684767362528976977e-08 7.001690481384153115e-08 3.328623769937638497e-07 2.892603017963992871e-08
1.991839020183793675e-06 8.756228130363960413e-07 4.849148845645361311e-07 2.840423500009855715e-06 2.340264994344799826e-07 1.359900781832077544e-07 8.421566275531174498e-07 6.216257546276552701e-07 1.079203413349615438e-07 3.859905424376355316e-08 5.365925767476667875e-08
1.198230414651725384e-06 9.942074025263569730e-07 4.686806338219155139e-07 3.054911585943081040e-07 3.055923821418787966e-07 2.366124126564556035e-07 3.069012567306613987e-07 1.104262762677832534e-07 3.837363706982996607e-07 4.381347275095765177e-07 1.682820878816566587e-07
3.965361955579152350e-06 2.572227220810317641e-06 2.032379097478340785e-06 4.257751130164321205e-07 2.138883240218038456e-07 4.118677938456106030e-07 1.965766425761599889e-07 9.149655420437120832e-08 2.504958255325658468e-07 3.809690787518194361e-08 6.965735658561376627e-07
5.278320106911974347e-07 3.037865289134151319e-07 1.775979940459185606e-07 1.355283563122781665e-07 1.299931830439425011e-07 9.422904048497676317e-08 7.261810098613582222e-08 5.925570376671895672e-08 6.799552183576677878e-08 3.516427437365706809e-08 2.719024911516028729e-08
3.124107953057576879e-06 2.353410091608933747e-06 1.969449297922049720e-06 6.607800525082121930e-07 2.744802007129106710e-07 3.998481595677845174e-07 9.720018165551009426e-08 6.247961640705808115e-07 5.675152055639486326e-08 5.677908632530940514e-08 1.618356974151575939e-06
2.606629329419908685e-06 1.862442499898878834e-06 1.903540516109168865e-06 8.151488262971644827e-06 5.201782973953571343e-07 2.196260516285697403e-07 1.846201603046764205e-07 1.052149334441937800e-07 6.623511552538607301e-08 5.269678561911709998e-08 1.047914740019050889e-06
2.299167887588784485e-07 1.739412441975836374e-07 1.568444893332452063e-07 4.565554152603641083e-07 8.971852318268253492e-07 3.742232861787455636e-06 3.723345077172780250e-06 6.988768990751020665e-08 5.417493037401197505e-08 6.515577162018188799e-08 1.814585925355755306e-08
2.891313262448759109e-06 2.594806399148762431e-06 1.885028646768751324e-06 7.770916365443643426e-07 2.564336020506606872e-07 1.570268946645626545e-07 1.153272816228645375e-07 1.044437926528842792e-07 2.819593294368955371e-06 2.601802546514037656e-07 3.627598198162436891e-08
7.257066507613326705e-07 9.561024029313102603e-07 5.275583273034866771e-07 2.199755084710074132e-07 1.767619740814873917e-07 1.619479268667224514e-07 1.297214696405065762e-07 8.329484155020848660e-08 1.011451696939472279e-07 4.468258226817823744e-08 5.322121753287405552e-08
6.481450879126360288e-06 2.985583186382633628e-06 2.004297670230928114e-06 1.477970302722318280e-06 8.084274392741060766e-07 2.895179844056203156e-06 1.372938209156096127e-06 1.532560398676626615e-07 7.122988635403854977e-08 7.322836942894456598e-08 2.493114405162480487e-08
4.241871095073660381e-06 2.984583104200915677e-06 1.875724032838974943e-06 9.784559153714361164e-07 4.990488538073913622e-07 1.585748069299974553e-07 1.192645827703455177e-07 8.213660492849578085e-08 5.157526243176053651e-07 6.290966545876829208e-08 3.139122296036579440e-08
3.722576371761523373e-06 7.116522346368201756e-07 1.821752990602053295e-07 1.367826139875951668e-07 1.243220414720931345e-07 1.314457733162563160e-07 2.765777769358466025e-06 9.404072696608550338e-07 4.633483311302304262e-07 9.263619778944918225e-08 1.991930949539973324e-08
1.433018212805563778e-06 1.508916665277650479e-06 9.921959286704452684e-07 1.014709021719790818e-06 3.733331447406872111e-07 2.160462047801091387e-07 2.322073946614406526e-07 3.980812517490004379e-07 1.868325196517836920e-07 5.182326205869163194e-08 3.167358793902040137e-08
3.085164313870288714e-07 2.421981703435753211e-07 2.186590039536560620e-07 2.027006789903966891e-06 4.204525001833888261e-07 1.172823378185753625e-07 9.520036846834719153e-08 1.025190033643572481e-07 2.020251745929245256e-07 5.799474984976684559e-08 1.603724950210141436e-08
5.676358491793920455e-07 5.052208980092724121e-07 4.510939627264042559e-07 3.995317093131489114e-07 9.975992816995723712e-07 5.407358998604327534e-07 2.738014301643590432e-07 2.323499113858369615e-07 9.174333424678886951e-08 1.109742834640063351e-07 2.357382518455838793e-08
2.409199412698253024e-06 1.409967580924951060e-06 1.024683078395616409e-06 4.050751456888366692e-07 2.966754964980985723e-07 4.351319942979842185e-07 1.396075490276761123e-06 9.059926816031630687e-08 8.487346984294905962e-08 6.636999352290982682e-08 1.155633432570353382e-07
2.504978664390098747e-06 1.037265957902661487e-06 5.570123140959955270e-07 4.174402440400304556e-07 2.634973028661856896e-07 1.838120849371608714e-07 1.331597561496966068e-07 8.693987094258873370e-08 5.948489477224339124e-08 3.878750703148005359e-08 2.542419077303489587e-08
2.483183691892979853e-06 2.192006409835575764e-06 1.356778444994418398e-06 6.260513097312456689e-07 2.248002517320791267e-07 5.437022187181138746e-07 4.718899016085639763e-06 3.948531224057287962e-07 3.091732525158621755e-07 9.783744418024061775e-08 1.869149778334286377e-08
2.557632100515100489e-06 2.302743317567092688e-06 1.920071196145578029e-06 1.271931149080733536e-06 2.875085891890167010e-07 1.561730333917839117e-07 8.662023951005803912e-08 6.698911051083968808e-08 5.942173140546615976e-08 1.576274854624045487e-07 2.081756864795959409e-08
5.060383445968834436e-07 2.754825798103567522e-07 2.544317340316878990e-07 2.747345368298904983e-07 1.330783145375549774e-07 7.376638515468766539e-08 7.349147177526260886e-08 8.317755328206050091e-08 4.852746086061655267e-08 3.658520111010945994e-08 2.989517423857055379e-07
2.640011959819005050e-06 1.761451181140168954e-06 1.753556124977121017e-06 3.376003111314963283e-07 1.707118561178828002e-07 1.479973009820312069e-07 1.409322635968285289e-07 1.420226267065438183e-07 6.827911374956517945e-07 1.448984194273471961e-07 6.092690994498473824e-08
3.446875249181052746e-06 1.529211940514823677e-06 9.231570294782472810e-07 6.543971664634130224e-07 5.419635407600401694e-07 3.466748565982151193e-07 5.259604230595804351e-07 2.123989938448974938e-07 4.372164979172178245e-07 4.400742191480101939e-08 2.097681836690019062e-08
3.997241546204116485e-06 5.996386706713790156e-06 2.633852629312716409e-06 1.469599604183566357e-06 1.032578696772853488e-06 4.054554691187995544e-07 2.316155198375905182e-07 4.648421704246774470e-07 1.010796950568031490e-07 6.885779708919663085e-08 2.267340469445446097e-08
3.830861979577815667e-06 2.005819408060326977e-06 1.137353932115117786e-06 5.718002749941459600e-07 3.841523973442602048e-07 2.219049507762504849e-07 1.198657469771455207e-07 9.657308468914875964e-08 9.985281887304570202e-08 1.764991198068542894e-07 3.179566468779229609e-08
3.316663470676316622e-06 1.128804579367425406e-06 4.441763195903628916e-07 3.531073713075627544e-07 3.185025319739022528e-07 1.945866569420247973e-07 4.930259508718498357e-07 1.355670771633109701e-07 3.730127534456777775e-07 5.842717075641208078e-08 1.703324912750958936e-07
4.246375134719277848e-06 2.754218267594034068e-06 1.829476757412662259e-06 9.036053436399838139e-07 4.436060717931894729e-07 4.569486719961346436e-07 2.165297776284301076e-07 1.512776522924250172e-07 7.151513466983332234e-08 3.513899832928586535e-08 2.283853272647104866e-08
4.045525374116018940e-07 6.519447459952083982e-07 2.996481012451586054e-07 2.339006315538943088e-07 1.588611081575592755e-07 9.931379311489491788e-07 8.305078492195946111e-08 1.456279569436011731e-07 7.293060409753507547e-08 6.399532009455325797e-07 3.449932933326488057e-08
3.500788551416599054e-07 2.468206271687140149e-07 2.190042139620985866e-07 2.366856620356123595e-07 2.292433229626440641e-07 1.401643134201283228e-07 9.412873296009537087e-08 5.738800497726784828e-08 5.128176424304298820e-08 3.537616033270754239e-07 2.305233930603038905e-08
2.642244915398458979e-06 2.235821163398946221e-06 1.432736269378331099e-06 4.482433413267391926e-07 1.675825782515965293e-06 1.298975828095514144e-06 3.533952338695496180e-07 2.133731523874927014e-07 2.009535859979142288e-06 9.900996894822617441e-08 3.726588537242260323e-08
5.323781734754668008e-06 4.302470825970967672e-06 3.744434525820551179e-06 5.940922512989755964e-06 2.758556090072919271e-06 1.057808877789871111e-06 6.845354055634565553e-07 3.130532420922421214e-07 1.053599026860087947e-07 7.536214353408968918e-08 2.468117709725990101e-08
2.136341394739908907e-06 2.146442940729823300e-06 1.340163963941782404e-06 5.128201342948724632e-07 2.980951272719487762e-07 2.437018515834219304e-07 3.595737404319001385e-06 3.406927268200884628e-07 5.883011251040878009e-08 3.558555171162508667e-08 1.961126174231010809e-08
3.625804810164392532e-06 3.229420553727822235e-06 2.042319785117645254e-06 1.177709205839553650e-06 7.721668609923609874e-07 4.441224241639668786e-07 1.521670792438778215e-06 8.794888747298072544e-08 4.920547479560460908e-08 7.029253132379475426e-08 2.240185490293926331e-08
9.126961130414421940e-07 5.645212983387736053e-07 3.742354659122973206e-07 3.545848926276625845e-07 2.834050019736740535e-07 2.036823131257401956e-07 1.383081944708460930e-07 1.546091362824621845e-06 8.383907554974348859e-08 4.652869273090573640e-08 3.067747015974664351e-07
3.673333092288967220e-06 3.629031761553008985e-06 3.203442916662817615e-06 1.633729268114045572e-06 7.251406988540953866e-07 2.445858549881663085e-07 1.537618549184284780e-07 8.937453178274857019e-08 5.653578155177474230e-08 4.045132739548257264e-08 1.338233982887833444e-07
1.938055996787650603e-06 1.747494799377288463e-06 1.597179387166839456e-06 1.049203575853733610e-06 7.163209779801633341e-07 6.334564913798612283e-07 3.259558021541957376e-07 5.047364305333931893e-07 2.004358758540036103e-07 9.864661513942768224e-07 4.225501816634595762e-08
2.984690955137399223e-06 1.596178184694096828e-06 9.423271010820750711e-07 5.742937920297072260e-07 3.110843154901711235e-07 2.171714061690301858e-07 5.524063203894087328e-07 2.739427050641224011e-07 1.048823340823635313e-07 5.317070080065029370e-08 3.824420301984958521e-07
3.592659803750394440e-06 2.469609644218002857e-06 1.737032859227313923e-06 2.833870595482681981e-06 1.396460530957129723e-06 6.808575804619043042e-07 4.276739189735652590e-07 2.204780896066605636e-07 1.212617417092654514e-07 3.957627791966002255e-08 3.013898428738699389e-08
5.141682617702796985e-06 3.981922297544644552e-06 2.314268518133723587e-06 1.613359603970634091e-06 1.202310358481313978e-06 6.031720935604427272e-07 3.260613348993379376e-07 1.559632659794465772e-07 1.521091620938665048e-07 9.290250336883612131e-08 3.193278038615773624e-08
5.313207894839350417e-07 5.955985417621392432e-07 6.003778014792303277e-07 4.582878316024012324e-07 2.174852585841204067e-06 1.304500856002109055e-07 8.991774894207110004e-08 6.047760081899732023e-08 4.254863257560902260e-08 4.518809184808789364e-08 2.121227732424143941e-07
4.524572246060386002e-06 2.597722360189395649e-06 2.253116151025435455e-06 1.158795714358538396e-06 6.375412856792617461e-07 3.233571407805363146e-07 2.584562533015191781e-07 3.855152816684102770e-07 1.037324252805411223e-07 4.428478699369498859e-08 6.125893460970943460e-08
5.245247113582064416e-06 1.097933818301486308e-06 7.298555697221376935e-07 6.061300886034864012e-07 2.931926793361118557e-07 2.197354679432257693e-07 9.839353269475603466e-08 7.442968810275845571e-08 5.867347980423511455e-08 3.950726912794033707e-08 2.536154693079533389e-08
5.833104814990390726e-06 2.531877917432891539e-06 1.076296847687428508e-06 7.887371395440892895e-07 3.731734664057633766e-07 2.752476581554513586e-07 2.426146837589863809e-07 1.748417597899769642e-07 1.127268512401430285e-07 6.032458027082188822e-08 8.398047149305487710e-08
1.905050332588493520e-06 1.509000612984192538e-06 1.563525821792136007e-06 1.183400605810578495e-06 8.931983464783397413e-07 7.011010521780401341e-07 4.131318795952576788e-07 1.570144963418855046e-07 7.001914457350114627e-08 7.951900039654494501e-08 3.136335778336622430e-08
2.432985819115715028e-06 1.327032794488042718e-06 2.696837925700032593e-07 1.921549887538121260e-07 1.239289092098254780e-07 9.206192050239278559e-08 7.154685383591657436e-08 6.063508458367235186e-08 4.851736060662237101e-08 7.950685211455885458e-08 1.859122558664663209e-07
3.542229803904428272e-06 3.506669501701873983e-06 2.566397170798283034e-06 1.435416859253401883e-06 3.915553567848339768e-07 2.701590565173370675e-07 1.740032300753354415e-07 1.004816310997624528e-07 6.669351674072630824e-08 3.426795870901205132e-08 2.027145027101844969e-08
1.589065609671151037e-06 1.412639532843977142e-06 4.117527862217847370e-07 1.094246820348227818e-07 8.122778806288572753e-08 6.280078333505710524e-08 4.891249923081844856e-08 6.463147316656266317e-08 3.134362477429159595e-08 2.418320173247427573e-08 1.141747639858756785e-07
2.084260462283066167e-06 6.558265540024123601e-07 5.494500245173062822e-07 3.496155743850683927e-07 2.446548436762984771e-07 1.803864256381612312e-07 1.637145463460369155e-07 2.590555640144044773e-07 5.966999742155596954e-08 5.689993036178763485e-08 3.221603622676388901e-08
2.701731306619430707e-06 2.591917837916249012e-06 1.414651662136234422e-06 5.221621167185400192e-07 1.321873960314814071e-07 1.033500515064227834e-07 8.206996271535382813e-08 6.341477194928956270e-08 4.602022475142304760e-08 7.104055126262689953e-08 2.204419447605102637e-08
2.403281829170314160e-06 1.400188833509217568e-06 1.225610510402828513e-06 7.168560489949141495e-06 3.202056288636223019e-07 2.413544516932000061e-06 3.954800627216180246e-07 1.185321529766404506e-07 7.226681296383250492e-08 2.027027911219699865e-07 2.749744913473962420e-08
2.805572260228793381e-06 3.671798150132728372e-06 2.371645209157040196e-06 1.411207190149580056e-06 5.288399740628306551e-07 3.649716406888748876e-07 2.101004149476938414e-07 1.303571593816501778e-07 4.849050081812112270e-07 3.327159928774303098e-08 2.121032475119172850e-08
1.522812127204537177e-06 9.683585157271306526e-07 9.492032980543544767e-07 5.576976729452420732e-07 5.643397565558129065e-07 7.250807205210936066e-07 1.991048414774989561e-06 1.359708921085048667e-07 7.703847926173111129e-08 4.583887404425300861e-08 5.342744637162765462e-08
2.739951083854492480e-06 2.234290315120435018e-06 2.001531252618866933e-06 1.679662427330758699e-06 1.835758676577989750e-06 6.636400491545254890e-07 2.336968052395320357e-07 1.203021230215663691e-07 7.519517752470096438e-08 6.522116677619479321e-08 1.464669620490331541e-07
7.116923900727852530e-07 5.173646862534643657e-07 3.170060845502537653e-07 2.637234010411053812e-07 2.015098615465531257e-07 1.614911556119932751e-07 1.849844651872973473e-06 2.665269592750587280e-07 4.003601213490520952e-08 2.542815238956675114e-08 2.026454062451032003e-08
1.061392874504362698e-06 8.992202706424224522e-07 7.038461736117600506e-07 3.957052198521265359e-07 5.180117467961605704e-07 4.163627263329449275e-07 1.895556503840234378e-07 4.639922473055692658e-07 2.888020751324464143e-07 5.361294854683022506e-08 2.016023983134885568e-07
1.051677770181676353e-06 1.219114606948598704e-06 1.237266830234760637e-06 9.291727358698257798e-07 5.255778854781814681e-07 3.499009076463176753e-07 1.239593870234059086e-07 4.921677348028836758e-08 3.426993441541424676e-08 2.677920264148910925e-08 3.434969605367084865e-08
2.079660491015001493e-06 1.179256366350253615e-06 6.572178685890988683e-07 3.010665992938054279e-07 2.015789096656362049e-07 1.377791314398048952e-07 1.662369325573583728e-07 5.434799880151213012e-08 4.391682473218638261e-08 3.201859414925844172e-08 3.360292600000232547e-08
1.411261642582839586e-07 1.296843651229846434e-07 1.521350132386080162e-07 1.330497804413947579e-07 2.352053842128982745e-07 4.592042970029423864e-07 2.035250006261924966e-07 1.435635630716251100e-07 2.947342754112224942e-08 1.889887012495073451e-07 2.087787319058803726e-07
2.446697218770822089e-06 9.283931301452844036e-07 4.039290019649323834e-07 2.930365220143508742e-07 2.335874206123636875e-07 1.699036027649068788e-07 2.915762479755980026e-07 4.220227350060064966e-06 8.189539635263373933e-08 2.083868378304787102e-07 2.444040562802711856e-08
5.060053803227987893e-07 6.903227478877231550e-07 6.739385782723453273e-07 4.615002891096460189e-07 2.441540153777307216e-07 1.609799226064210736e-07 1.257785489402992213e-07 9.715861474887611512e-08 6.208471058778826658e-08 1.132677851347225952e-07 6.725087857352442566e-08
2.586692814897244770e-06 2.039602870032919467e-06 1.336229980289406940e-06 8.002558400727850031e-07 4.190238582293939607e-07 1.817282922680286984e-07 1.512713271960170825e-07 1.640393753416251838e-07 5.279669846402104247e-08 3.601654140266624819e-08 2.265544182959128982e-08
3.171735953330167019e-06 2.323343160719109504e-06 1.827276229122654520e-06 1.404686411071707286e-06 6.437894688702775419e-07 2.276307285914284482e-07 8.875733266030123051e-08 5.891183329897637377e-08 5.866931899402678973e-08 1.001693164340994985e-06 4.736081388527328826e-08
4.922448793150207686e-06 4.144430774482400202e-06 2.808048617124818048e-06 1.861672922752913325e-06 5.405715979474717306e-07 1.678165193162804369e-07 1.034209809756602111e-07 7.663271277328109657e-08 5.475864760620523865e-08 4.026434281679602328e-07 4.777769545416071428e-08
2.663996822793858910e-07 2.033137193253681486e-07 1.304611529112224158e-07 1.302350269925642351e-07 1.569389921683069793e-07 3.084956733683965624e-07 1.779262353931720755e-06 3.817103702182585929e-06 6.146825286105373854e-07 1.139988044131887640e-07 3.775389917847903959e-08
1.718137664424220518e-06 1.507095097635385716e-06 3.905511601377626420e-07 2.621493602644673594e-07 1.584574265956318852e-07 9.817640142873126231e-08 8.562378294284673637e-08 8.865075603496455706e-07 1.014040078318264542e-07 1.169161139857843335e-06 3.987669101169620591e-08
2.563631468599388167e-06 2.651061194268827042e-06 2.444931578595620516e-06 1.530615095403613977e-06 6.958884531784725084e-07 6.869632486873112612e-07 8.929195548357075356e-07 4.664951160004827226e-07 5.814656839661284681e-08 3.103263845521060795e-08 1.728162412438148252e-08
4.242251454318211961e-06 3.184141999902999089e-06 2.209196956006683863e-06 8.065576684472512915e-07 2.887185442489014981e-07 2.121572206127492613e-07 1.610773433703067710e-07 2.484518611021467262e-07 2.513364518800412868e-06 1.057427403985833896e-07 2.440388043103517430e-08
3.756902845741412202e-06 2.490612089337308048e-06 2.355544682427269066e-06 9.550756234883155041e-07 3.718827509385211763e-07 1.430982390865244110e-07 6.734705856761391922e-07 9.176942871507409154e-08 6.816020405451572379e-08 6.058463228240161910e-07 8.050250803048632211e-08
3.425742003549862326e-07 2.654024171367889525e-07 1.555381228308650656e-07 1.493510090103999546e-07 1.357713906724265719e-07 1.137632249220210152e-07 1.452622324632078173e-07 5.381790900796081931e-08 1.365041939318878092e-07 4.319650806452973762e-08 2.607084938141126901e-07
1.583577059267379789e-06 1.110898081464570839e-06 5.583522293747751863e-07 3.413714377759501710e-07 8.923873277597970279e-07 5.364990817150691528e-07 9.018956858220175368e-08 6.055427484676641191e-08 2.956684630469010577e-08 2.890498471815140967e-08 2.147249183664013388e-07
1.823352210590627447e-06 1.544551063196276845e-06 1.304421160537534999e-06 9.816045796716107718e-07 7.318887890970506252e-07 6.098891936185376055e-07 1.545204214586753837e-07 1.794951191995053114e-07 1.123244878406655890e-07 3.868104343125422338e-08 1.117267294012435982e-07
3.265942606850630519e-07 3.147214111540545788e-07 2.150676375278264741e-07 1.686450464588854664e-07 1.673960320272168982e-07 1.472417396665149221e-07 1.029166962916920115e-07 1.593280736847873952e-07 4.916420971689337570e-08 3.609362691391683138e-08 1.094291600890721233e-07
3.534609718560920888e-07 3.915718696860654085e-07 4.619061994340790416e-07 5.334242577806384336e-07 4.933626739125466951e-06 1.464176722299103368e-06 8.322866366787410232e-08 5.086797665045436960e-08 6.012338629985412256e-08 8.875497160227937944e-08 2.442068939331180570e-08
6.556046407428790407e-07 6.427785790065753277e-07 1.471397759590833887e-06 6.735048295487041678e-07 1.814476467429627844e-07 1.184045872818130806e-07 8.104411448186053738e-08 5.952109922569758923e-08 4.139694849884720984e-08 8.663360828312174284e-08 2.210038733893700484e-08
6.086912558142727735e-06 2.559489558428480764e-06 4.086603779519179762e-06 2.378206171004417693e-06 1.341436752737002835e-06 4.610529478809722991e-07 1.160552634337413297e-07 7.076487549009554819e-08 4.548947204256644579e-08 2.955200389419545703e-08 1.800248722836890800e-08
3.922818924526063879e-07 2.709105158150255282e-07 2.447341721339407259e-07 1.800736633430933920e-07 1.364922191562120951e-07 7.530254290265600176e-08 6.928497048817138363e-08 5.330336253889436559e-08 4.011773719676572173e-08 9.299585007172774876e-08 8.728839233069530750e-08
4.688338684659602347e-07 2.253576848123963313e-07 1.392778923714503809e-07 1.043087303873544115e-07 7.690202387111247935e-08 6.985991776173812729e-08 5.902725711609817614e-08 4.806084909157327873e-08 4.127646242821577952e-08 7.694748028951919811e-08 6.382164471896278954e-08
2.336356419852440589e-06 1.927222286655214398e-06 2.183197458797080031e-06 1.789949908029140681e-06 7.401481124023299038e-07 4.538149550006336731e-07 3.326958416025297491e-07 1.182444834132735308e-07 9.327792512314264492e-07 4.393677790057807216e-08 2.271318590382441761e-08
3.440884064945019052e-07 2.793957102116358169e-07 2.225834792613651904e-07 2.384926599143872311e-07 1.481394297497810927e-07 1.430463782979130720e-07 2.346896823383123479e-07 2.598472857317959004e-07 6.427349698150029633e-08 2.385230834672257703e-08 1.468324860620486510e-08
2.310367402980037509e-06 1.093197496689886516e-06 6.303256262905914035e-07 6.209916650150472313e-07 4.149303324096114323e-07 3.237481502625217516e-07 1.554003174792085329e-07 1.165991274812756319e-07 8.723676343165926882e-08 6.871135310308184075e-08 3.535004216059335958e-08
9.355715493219452721e-07 6.229439407608573407e-07 3.057955485891151691e-07 2.525989363126067508e-07 3.922310382969632057e-07 1.740723041724061345e-07 2.835436963733484295e-07 6.699454446392444401e-08 1.010690543689538940e-07 6.762837230621062792e-07 2.358609985155759413e-08
2.309984463242738446e-06 1.826558854338022094e-06 7.792515692230462520e-06 3.029000481398746348e-06 1.847207715749929730e-06 7.933068198312809432e-07 5.109324573642434924e-07 1.522178877016963679e-07 5.356871215891575780e-08 2.713573850997352174e-08 2.821513255217573971e-08
1.715218595931127557e-06 1.538425963022346012e-06 1.143329646544549959e-06 5.156477886995678047e-07 4.366406399920601942e-07 1.740387399944902598e-07 1.623482500720775797e-07 1.106742498547266192e-07 1.006150299711928008e-07 3.855541476390246343e-08 1.829943315664944244e-08
7.762916358798486183e-07 6.530758173209005385e-07 9.864597436667800755e-07 8.036684122523283681e-07 8.188331173712643462e-07 4.755176124478345038e-07 7.804634379340749155e-07 1.574111135102108438e-07 5.878931166372148587e-08 2.247206063110668325e-07 3.926291016051025206e-08
2.338308276885258775e-06 1.754061940425752291e-06 1.170578165037106983e-06 1.251831980738081418e-06 6.741082292008394797e-07 4.207186154653456902e-07 1.951860583506272075e-07 4.018893525508385878e-07 7.694375080290006607e-08 3.676375104892281206e-07 7.089499985684117542e-08
6.239986013248005903e-07 5.193266457166072754e-07 1.424311828914599270e-06 2.287089962568773514e-07 1.249818853069798611e-07 1.151244872639876636e-07 2.479561660047081469e-07 5.781330713689248021e-08 1.033412138025502085e-07 3.335942511192564949e-07 3.140696806775903686e-08
1.097071991637216519e-06 9.766284471695675874e-07 5.251828839800339788e-07 1.112938106024550744e-06 1.004684699434954350e-06 4.975519207612151508e-07 3.078560682180160459e-07 1.943435671091222494e-07 4.603314524175665234e-08 7.043122812532712430e-08 7.203793876807565903e-08
1.941613807293627332e-06 1.625701266433200488e-06 1.393410513094724955e-06 8.210360597195260036e-07 5.647534367423109236e-07 3.028755558791910747e-07 1.410791332540938120e-07 8.963506721545988970e-08 6.013102948672262493e-08 5.501773066925614433e-07 2.005340274657221993e-07
1.336976981289833716e-07 1.000135075237505374e-07 1.035606188681880723e-07 9.320206520576083385e-08 1.000969654788275845e-07 2.961465060199124140e-07 1.336515228486823088e-06 6.792648125129321776e-07 6.259861008283961544e-08 3.758040535296869201e-07 2.776319746168259217e-08
4.748372596950211773e-07 6.857507490925362584e-07 2.764332183827210056e-07 2.199170018794417250e-07 1.054652934908444781e-07 8.212739255928521160e-08 5.785437738560532454e-08 4.422083576351140219e-08 3.619553896965109135e-08 1.096632867321432901e-07 2.327488019366253571e-08
3.377769558577212278e-06 2.697114194312212965e-06 1.189701148236494723e-06 6.269555124084002931e-07 3.250043009658738860e-07 2.314222044153905604e-07 1.575176517850090649e-07 5.966093891520878367e-07 6.288107830881614775e-07 4.912732737385767366e-08 1.581594001338333386e-08
3.158528104743156855e-06 1.641837507299533402e-06 1.844718695911952353e-06 4.199778236615835242e-07 2.259316004963853343e-07 2.401200434921311246e-07 2.331729312467265435e-07 1.541726736622349193e-06 7.061426944673593231e-08 2.689480411200288936e-08 3.361231150129862908e-08
1.979929764386271865e-06 3.584050255212971811e-06 8.123947775369222753e-07 3.968167316221753750e-07 2.172945678800802343e-07 2.579526507609279533e-07 1.159508614982231145e-07 8.530020933977820746e-08 2.391442260110796540e-07 4.251513703440278035e-08 2.780798603060619429e-07
2.084860725735329080e-06 1.762160734334521806e-06 1.300774145952575180e-06 7.857522729925321786e-07 3.827673962478099272e-07 1.617287350007960754e-07 1.178508765064754110e-07 3.142824072264022474e-07 7.127462450969979355e-08 9.579749192515572421e-08 3.579384844729073031e-08
6.073881367664865223e-06 6.154769520581459638e-06 1.697995934257785748e-06 5.986989673819771764e-07 2.893361454587605228e-07 1.384283686064856871e-07 1.340208868095443704e-07 1.279196172890406597e-07 7.305729661173715248e-08 6.651412213251125213e-08 9.867943044616616556e-08
4.205182715602549984e-07 4.935692276187321507e-07 3.834885195180242567e-07 2.030492069466655816e-07 1.512680630418918592e-07 1.651093172135033531e-06 9.535270478316349181e-08 1.240677775889909588e-07 1.548658971748250084e-07 3.481632661538474587e-08 2.115719964093869009e-08
4.877695305691463406e-07 6.621655604260529075e-07 5.103879483841221630e-07 5.552072212505318424e-07 1.418864200849520713e-06 2.867038114652367111e-07 8.656838838774909918e-07 2.167169620346911232e-07 8.299518790248992784e-08 9.264363062725471145e-08 3.600778076931362769e-08
2.971824719784683762e-06 2.519193754755180648e-06 2.172471732062607918e-06 1.697065702094721486e-06 9.189876124135146742e-07 6.037479275641844403e-07 3.025887918390390408e-07 6.710227763526915168e-08 4.033124986576244277e-08 3.200918311265250445e-08 1.544392853763979885e-07
1.921092124414532347e-06 1.805486880899490718e-06 1.505227409404652213e-06 1.099959863103248913e-06 6.628815721111902288e-07 2.715049545910247962e-07 1.443982311532660966e-07 3.708105594313756020e-07 6.389808604228785696e-08 3.031464363594742582e-08 2.037040062608742867e-08
6.215800793488188152e-07 1.892779320873400031e-07 1.376329405645123006e-07 9.004071545239063951e-08 8.018345343481861908e-08 2.193876477850424130e-07 1.726045651542663649e-07 3.165105670273248713e-07 5.320830369434399863e-08 3.370289404203307701e-08 2.357917311484304091e-08
6.172795785385642310e-07 5.517002387236960166e-07 3.635847126070277205e-07 3.522183569575708317e-07 1.884742622124624338e-06 2.461015167181756318e-07 1.533217804365440760e-07 6.033433472420300227e-08 3.593481187226424538e-08 1.359585162269010663e-07 1.261859826131951225e-08
2.773354517071881826e-06 3.132794950985443206e-06 6.312099321690527583e-07 4.052594427515859442e-07 3.627277822405673830e-07 2.601092354990192390e-07 1.402347929788301071e-07 1.003637383544031119e-07 7.520175273081871766e-08 4.745125944695794405e-08 2.154147526097421933e-08
3.343489977563147532e-07 2.058040667258332352e-07 1.584616274517452528e-07 1.458489765824626200e-07 1.644706880981459961e-07 1.870127198810601350e-07 6.580916485638157102e-07 1.432307255045892286e-07 5.988686288786755979e-08 4.807005704927051815e-08 4.750782105973260147e-08
1.279540431002739314e-06 9.177420856431891784e-07 1.116113835183830814e-06 9.575292055235191951e-07 1.527027808832431395e-06 6.408061587031604489e-07 4.333710782726562678e-07 4.419727967591374609e-07 3.204871217549528611e-07 7.673752025175849541e-08 1.675912355123362100e-08
2.177122024858545117e-06 1.610956331600580028e-06 8.109777526150385884e-07 3.059395052879210601e-07 7.443054265233052169e-07 2.787076821966432884e-06 2.012931343388844200e-07 1.261332059463413509e-07 7.280138123494926791e-08 1.072301077070434339e-07 2.830208303028904544e-08
2.515932648170991468e-07 2.335868046652909537e-07 1.413016946939316415e-07 1.127782718164633920e-07 8.613481853645199679e-08 1.001728490650519701e-06 2.814150032974323041e-07 7.780623830265637826e-08 6.576916663001368771e-08 1.063800913695321948e-07 6.643837955014489570e-08
1.480650217318427008e-06 9.118012779901390302e-07 5.393637105569713237e-07 4.713440431156150068e-07 4.300127420154103527e-07 2.108035039768486178e-07 3.878154452967115999e-07 7.657251334470454495e-08 5.037001719424759337e-08 3.188975794051728859e-08 1.463327032233665045e-07
1.844781843174109946e-06 1.782086397795586652e-06 1.377830364920177412e-06 1.125322227343802944e-06 1.189513077620144485e-06 1.194495781453345166e-06 1.398950151166810098e-07 1.273044048758705506e-07 5.572157699795622242e-07 2.803122561263018152e-08 1.719105175632292294e-08
3.576446159260622313e-06 3.331068247545079125e-06 2.770342123700385275e-06 2.111992930308828466e-06 1.701168714821349981e-06 9.024575108477160425e-07 3.064224373249917845e-07 7.915985879843284687e-08 1.040119563590227939e-07 3.852570509316893800e-08 1.736919052481493305e-08
2.060911051540146237e-07 1.874244877248723379e-07 1.676000404817351969e-07 1.792949648503567246e-07 1.625653090732951202e-07 1.342906262246224317e-07 2.817554579635102883e-07 8.716090029142874563e-07 4.839961692622812566e-08 1.158996655934701153e-07 1.328594778286027894e-08
1.767615839881513742e-06 1.607576218337422766e-06 9.209426308316848140e-07 7.238811897646403776e-07 3.484201144509146368e-07 2.723335846666370930e-07 1.645947806130353527e-07 1.140753943855330750e-07 7.344347758976098432e-08 1.105109449698475743e-07 1.374631266994567248e-07
7.336488393899962037e-06 9.462661385531313962e-07 1.242427651245041329e-06 8.948928199032993311e-07 5.810707458430266969e-07 4.366322085551586040e-07 1.443914128376398528e-07 2.321447120488948505e-07 4.999227662138477686e-08 3.540766252211009616e-08 2.716984431283186368e-08
4.887080252049922552e-06 3.855275662992346720e-06 7.302347028417102182e-06 3.250387336235080497e-06 7.327643482641685605e-07 3.390413282060304912e-07 2.449475382975929516e-07 6.760775484850519636e-08 3.305316512242105766e-08 9.026966804272612895e-08 5.765110007850181247e-08
1.845106445820459517e-06 2.722010945625208300e-06 1.710946048589927705e-06 1.382906063879460332e-06 1.035919098318190400e-06 4.076975857966773736e-07 2.033723502537025427e-07 9.830922704211382958e-08 6.227611207063323431e-08 3.726239222801720791e-07 7.602185237782743361e-08
5.302005527813101920e-07 6.469826902649348637e-07 8.388457701182567370e-07 6.964168014430958266e-07 3.372629156148867100e-07 2.954929550083504015e-07 1.678381771595579931e-06 1.933580682697958556e-06 9.464393809519567423e-08 6.171860908586950961e-08 4.256392892546970038e-08
6.921748886226946630e-07 4.416978666764343501e-07 2.749814570863118988e-07 2.028445796661698094e-07 8.870587382207483318e-08 7.065019779820991583e-08 5.383020764829517790e-08 6.449932208660062615e-08 3.271613095482493904e-07 4.560361317069626492e-08 1.586311616725850240e-08
2.583848335471784052e-06 2.084642748390078975e-06 1.495702349720801404e-06 1.170582603870807213e-06 9.078392491821667013e-07 8.954202475348603339e-07 3.550065195096394214e-07 1.158569332324927281e-07 9.727466649496490240e-08 8.546081423823571947e-08 2.599795247487479124e-08
1.943394507543236935e-06 1.989343043339119089e-06 1.432965893707720304e-06 5.933090741886779518e-07 2.053798610106517061e-07 1.571361747069120530e-07 1.130239894306003094e-07 4.847754634066655309e-07 4.635829464002416812e-08 3.211619040062560232e-08 2.114119009966544174e-08
2.690280274111592899e-06 2.275439511133038514e-06 2.281894374240025677e-06 7.522891128622877757e-07 1.947237572216708607e-07 1.469849568128040165e-07 1.002385886108066313e-07 6.838702594295065402e-08 4.638415628990644653e-08 3.078361313950260604e-08 3.537377385702716187e-08
2.595048127544968632e-06 3.219248304270205542e-06 2.703771185499097893e-06 1.810636058533465599e-06 1.426070319634729648e-06 3.526969550186359364e-07 1.874969837366322008e-07 1.687041575871449883e-07 6.732179809394257862e-08 1.761587792567107270e-07 3.116667546052605895e-08
5.138599509453368497e-06 2.563684727468827958e-06 1.300178096119248278e-06 8.412736908550018930e-07 4.392733694598314568e-07 3.638640243535909551e-07 2.801919184378418577e-07 3.650737018389869329e-07 6.262373410459483254e-07 3.685628218567823118e-08 5.243487638708456040e-08
1.331102482431246025e-06 8.489149631750885923e-07 3.939267789017844088e-07 1.221221607002408782e-07 8.939716725396074022e-08 7.118766663640086192e-08 6.054926973716285260e-08 5.018035393814973727e-08 3.871171301130637510e-08 3.332247920879308816e-08 3.080534177550977279e-08
5.643354019911464209e-07 4.143921992368898927e-07 5.372102187192895006e-07 3.788228925804522057e-07 2.908502838306234388e-07 2.621069023238265134e-07 1.117229672787083298e-07 7.095078731038711661e-08 4.739041423661920551e-08 1.662303190302978054e-07 2.725542759151383716e-08
1.217907307727897078e-06 1.588081261441480334e-06 1.347365914422948778e-06 6.985329144935714234e-07 1.343676445423334726e-07 1.002457780632210819e-07 9.289788527301028174e-08 2.446820553187249269e-07 7.862208056653110451e-08 5.554809396511224056e-08 2.510479498788851839e-07
4.275887592588119429e-06 2.610409612995698832e-06 9.520458243652751738e-07 4.696200203340758946e-07 4.092740554263689666e-07 3.768567857542052155e-07 2.404109366106960649e-06 1.019584545517347287e-06 1.722424263626040297e-07 1.756402651727421637e-07 1.786029159207294035e-07
1.800782841633831675e-06 1.125310090332329372e-06 8.257952151606269900e-07 6.830783465455141873e-07 1.303933390135938536e-07 9.483313033786405993e-08 5.763516251394065365e-08 3.786852228919506053e-08 2.957905332691504942e-08 1.999123576393343888e-08 1.347487808579510767e-08
3.177334616830172173e-06 2.021654231898675854e-06 1.270488847448021179e-06 6.174432642432668402e-07 3.738620620326267590e-07 3.311388211555367399e-07 7.557133067841637370e-07 2.364120690921516774e-07 5.935379121630735251e-08 3.505273290360546076e-08 1.729585725234587411e-08
3.926675331574455638e-06 1.687051459845947800e-06 1.307409144157910126e-06 9.080526982435289352e-07 5.808768494680040227e-07 2.768857912434579335e-07 2.112695930072222441e-07 1.575549109915513543e-07 9.918271269850972647e-08 6.088496406339625441e-08 2.783027398563144896e-08
1.148084865066624766e-06 9.762122134392158175e-07 8.418138824493604997e-07 6.553100093995834411e-07 3.223808149577211418e-07 1.453304752800687913e-07 1.028940202211418543e-07 5.946243594504720233e-08 4.247647787386379367e-08 7.709226161971989951e-07 3.960224991498649250e-08
3.695496120807533609e-06 3.646200636563831402e-06 2.885734255871866705e-06 1.916869343815907541e-06 1.027152429214104736e-06 4.302205449635070301e-07 3.174155648062382472e-07 3.436725937686630128e-07 4.917426138188546729e-08 7.832447590525428262e-08 2.853381864813823336e-08
8.886500247323799846e-07 4.247803326114911462e-07 3.781272446949550836e-07 3.255790878137870674e-07 2.124561178780322431e-07 9.279839684741369853e-07 1.258846429199893942e-07 3.990509794616038073e-07 7.947032520840187929e-08 4.070211723204464647e-08 2.860019210590566064e-08
2.545850124617651630e-07 2.177955330485511612e-07 2.779831572206696807e-07 2.715924796783004420e-07 2.260443611420271444e-07 2.050312555529476905e-07 1.125464827997411849e-06 8.641213137776916898e-07 9.563079966107189620e-08 2.721422267817117468e-08 4.858769856191351881e-08
1.306403438274048275e-06 4.285105846931299266e-06 5.184183792079203856e-07 4.043182434611523072e-07 2.964263895552273889e-07 2.159322555975181137e-07 2.315558916166672104e-07 8.125793678754163275e-08 4.567901057959737348e-08 3.217655904194213927e-08 7.158595472890746138e-08
3.625617745768216064e-06 1.444628861705698390e-06 5.731344512122170080e-07 6.098064575272469785e-07 5.738262029510815059e-07 2.380126815038417026e-06 2.456744412735571330e-06 1.145186838675399473e-06 1.199821217235180578e-07 3.185604714036008527e-08 1.705585147860379354e-08
8.289973496473387901e-06 2.621252166537594995e-06 1.124820331796752614e-06 6.961581181270030716e-07 5.293931196780248762e-07 5.568012067913361273e-07 2.237612960663549492e-07 1.359138034606391835e-07 2.917859703766632565e-07 4.370835772325069034e-08 1.800650580159647678e-08
3.557805015344420996e-07 2.347476337932151713e-07 1.998974495700562116e-07 2.460667842850658279e-07 1.396935244117123024e-07 1.174341808701602512e-07 1.115713350454155752e-07 8.291226195653212768e-08 8.101228420771436483e-08 3.590276693796840482e-08 5.386313922938745937e-08
2.366604314966847142e-06 1.158558188593060452e-06 4.467260025654094544e-07 2.591162743027654587e-07 5.621304382397413126e-07 2.228098789894852299e-07 2.669894232031337559e-07 8.021953437388370791e-08 5.913771435615442955e-08 4.092148407783342909e-08 1.098421059265202219e-07
1.390233710649806553e-06 1.063045701149253031e-06 4.216870288551439015e-07 2.018770406115837163e-07 1.134992744619305600e-07 9.062663638185400462e-08 6.320276303814897506e-08 5.096122233347751338e-08 7.693700699365684048e-07 3.601434900428216464e-08 1.129410465772613446e-07
2.120028144886463657e-06 1.519300635996561453e-06 1.335613965880858272e-06 5.687915341239453310e-07 3.008384644086848995e-07 1.393587753656645486e-07 2.763891311380514146e-07 9.467136356129167090e-08 1.895679807499216529e-07 3.554388332213725376e-08 2.135284902247602673e-08
1.912189478790723293e-06 2.019300129299583511e-06 1.945133375098190880e-06 1.295259831742433049e-06 4.992725290792960602e-07 2.996320692968155696e-07 2.038445092818620209e-07 1.237422421245889396e-07 6.532240323495976655e-08 3.480788022822319862e-08 2.318420469544266670e-08
3.424315249825135158e-06 2.889125300924208112e-06 2.253228273139745450e-06 1.539801581905320648e-06 1.182825931790350423e-06 2.793517801156387594e-07 1.016746290676438722e-07 5.911344019091068072e-08 3.872013678104781902e-08 2.453466256374905382e-08 2.527068004831304772e-08
4.075846650850574851e-06 1.029777300567141392e-06 9.607534590681497542e-07 9.061538820290049470e-07 4.047806522783694752e-07 2.339840896040471116e-07 1.410402990463742039e-07 2.986150976097517667e-07 5.006074203513127834e-08 3.008546418791424288e-08 1.887185881835603098e-08
2.061059442271126030e-07 1.731766893164894664e-07 2.703543856711987823e-06 3.955009475954119191e-07 4.317640999093553445e-07 2.812944629214239723e-07 1.088111715928454858e-07 7.115594895398494076e-08 8.452504908863927476e-08 4.725171898798896523e-08 2.094681007269172685e-08
1.653467312593162494e-06 5.082452170665765325e-06 1.116830964498066310e-06 8.019313257617847163e-07 9.094880041775753079e-07 2.818183006955378148e-07 3.147520789570245199e-07 1.076667727556618363e-07 6.608763303867551384e-07 4.111138812388829612e-07 2.263212600071377835e-08
9.301272181232811436e-07 9.310048021185461925e-07 6.627800207608832141e-07 6.697249711947883261e-07 4.513904747584527757e-07 2.866709603044117831e-07 4.570075648694908001e-07 9.473511973595136820e-08 5.688457927326314303e-08 3.935404032811127071e-08 6.855285784589958001e-08
2.277122522002868836e-06 2.141239936572060596e-06 1.655117259706518728e-06 1.625448388528635078e-06 1.339927273717994270e-06 5.566197523027752797e-07 2.403480566377969568e-07 6.572069980361772100e-08 6.412278824816230646e-08 3.271191030059312644e-08 2.193016362194446410e-08
2.473894536982669838e-06 1.996080936455425606e-06 1.611075716300988415e-06 1.309175242314858107e-06 7.742012121758932604e-07 4.624685825312515761e-07 1.921607270730756774e-06 2.227365310586467719e-07 1.127870465129685105e-07 4.434865843074386739e-08 2.047561566834107068e-08
1.441312445109881569e-06 4.382020279662120585e-07 3.108005040734823637e-07 3.597031859244657192e-07 1.064850140219841195e-06 1.458539991953068188e-07 1.785190784788883445e-07 1.014411167231718714e-06 1.068832677331114701e-07 7.295807470133830499e-08 1.779779295417383521e-08
1.993316431654149604e-06 1.273792130908630901e-06 9.499512282962755158e-07 9.254437219975379489e-07 8.455235362948978350e-07 3.442414880649186319e-07 1.523184934444268214e-07 8.313614108737027662e-08 4.640772965351223376e-08 7.999422628554573266e-08 8.449542950443973593e-08
3.149909697438333654e-06 1.741333281322320051e-06 1.188469465421548835e-06 5.359443015673716836e-07 3.664280056512868051e-07 6.713638228730560147e-07 4.665380976111950192e-07 2.097390835369678875e-07 7.398092656972902666e-08 3.764963228100920689e-08 3.961261162412625188e-08
1.331947149609226694e-06 1.270614932370135945e-06 1.276700298221335651e-06 8.168622836801850790e-07 6.832464967516518245e-07 3.134609912749665326e-07 1.445019329678180429e-07 8.029474536907756697e-08 6.165278161488528000e-08 3.186808781338611703e-07 1.873654292992939617e-07
2.411172413161195110e-06 1.617190940888068000e-06 8.136989045407071696e-07 2.762056314260022407e-07 1.130991552608317844e-07 1.294812696068641033e-07 7.794228600573690376e-08 6.262550977910842237e-08 6.743523855871660143e-07 7.772684449652906761e-08 1.579652404934720603e-08
2.929368289196262953e-06 3.091109076079335468e-06 2.918452306020648636e-06 1.515582976464008690e-06 1.516260620397106488e-06 1.740691313629529130e-06 1.938876781595252011e-07 7.244068785620856014e-08 3.880607981434026697e-08 2.227881162030826674e-08 1.301852031615425330e-08
1.096654997754249949e-06 7.659073092341436101e-07 4.133070698433239970e-07 2.624823639886076230e-07 1.498403066313570461e-07 1.187524083113204627e-07 1.076387410355358267e-07 6.237254346838500856e-08 4.099890398321888556e-08 1.674574113107497570e-07 1.928913488528098923e-08
6.214046509103838374e-07 5.275584941997806981e-07 6.692341382991076030e-07 2.613508633425792477e-07 9.083524140178316577e-07 1.560402822329823978e-07 9.323337637696912719e-08 1.849332796540626542e-07 9.381792432186080939e-08 6.962555434506150372e-08 1.963183762912901428e-08
2.256400107680056574e-07 1.791224944075695161e-07 2.143057353674138072e-07 1.707604150638353924e-07 1.337754618540033897e-07 1.008121317731098691e-07 1.537456939575427986e-07 1.064367995867407690e-07 2.348232045668451784e-08 9.775523580195959409e-08 1.267243167129941641e-07
3.088496682626347707e-07 2.639859541458735897e-07 1.957997031911363472e-07 1.317138745635403407e-07 1.039581188049125413e-07 5.269331011340125700e-07 6.424825317570287509e-07 2.545134829514428859e-07 1.305683693264455417e-06 9.029593744607411225e-08 4.071827868633172932e-08
6.351168292317765077e-07 6.326245850561382918e-07 3.901586460393071524e-07 2.951800637331733396e-07 9.339394324242935880e-07 1.458672162624228321e-07 9.514152984821042029e-08 2.021644358948809113e-07 6.026552962152011683e-08 3.937056841381889622e-08 2.591808406765191056e-08
3.112801428163670237e-06 2.791710544225277746e-06 1.782803557146228580e-06 2.809792364064257311e-07 1.237754389707069132e-07 9.233837756913404395e-08 7.891351922611531618e-08 3.233283900465197447e-07 1.314529527999070157e-07 3.355357495747591930e-08 2.928690363959506980e-08
1.582994188356780614e-07 1.191289313076218875e-07 1.138381616432211683e-07 8.620588606628392258e-08 7.800295401731742214e-08 6.352721291427967224e-08 5.311701442251599166e-08 3.660291447952272155e-08 2.187531960414209928e-07 6.080012003150339235e-08 1.085490879959635601e-07
2.731437507717173918e-06 1.943273591127503988e-06 1.366382130213386586e-06 4.109618770472588283e-07 1.526636271326126097e-07 1.143148573294143812e-07 9.493330305221564491e-08 1.486914773404557356e-07 6.486198321214249192e-08 6.317455174148004974e-08 4.352856381731099313e-08
5.431311142032481345e-07 2.812406312017941731e-07 1.981291521319260258e-07 1.321533222516207809e-07 9.554025553598599054e-08 5.684672476660623729e-07 6.393166225017818003e-08 3.631939748407915730e-08 8.594399101225709510e-08 3.942493601636843866e-08 2.706100235234909683e-08
2.462803519276746215e-07 1.832206144822211502e-07 1.246100015233550882e-07 1.010662681499732508e-07 8.401181251527017061e-08 7.763025519564001992e-08 5.749803765279095307e-08 4.703780485274975571e-08 4.070020729991188415e-08 3.327813100567840367e-08 2.485864333112214073e-07
3.340884429134730557e-07 2.072110205852760313e-07 2.161365248184723120e-07 8.652090406337899558e-08 5.743053497284066996e-08 5.687848620749470730e-08 4.192296165974695646e-08 8.720498202259903084e-08 2.081432318257620546e-08 1.073574028849529072e-07 1.437809758195230650e-08
1.282428832098917329e-06 1.218890480778217527e-06 6.595593452964986067e-07 1.103237670586462468e-06 7.774428832077790691e-07 1.268025557808590287e-07 1.023992228677389594e-07 8.588242057964235663e-08 4.222335593737569235e-08 5.333895967488487036e-07 3.211047022585398202e-08
1.275110475965322650e-06 8.662823675534252374e-07 4.305384758063437240e-07 1.383696954356638985e-07 1.066705772756628661e-07 7.801290658570502051e-08 1.981667213325755992e-07 1.181266593686822242e-06 5.063605758968001139e-08 4.196412295554095908e-07 2.675507089022798748e-08
1.156702976226341044e-06 9.915326488278258489e-07 1.011817104406264100e-06 8.765222229616213941e-07 4.518165353288414397e-07 2.219583452446090222e-07 1.278708815649326864e-07 8.573747893589902068e-08 1.634860091450500166e-07 3.349905224843351713e-08 2.055368819172987453e-08
1.376197463129189952e-06 6.797618798559080859e-07 5.391148616149816729e-07 5.349698629958447853e-07 2.894402049513877524e-07 2.013885759011595151e-07 1.000240894900393590e-07 4.907898218594638327e-08 1.081225207978214851e-07 8.479539229931304661e-07 1.211102692256192166e-07
4.155553955922824096e-07 2.043571845701276732e-07 2.295927172800702684e-07 2.251009742631864875e-07 2.662897307572672650e-07 2.449742249816756890e-07 4.435369183320933523e-07 1.524434199942200525e-06 8.975663367300742737e-08 3.038277630910549299e-08 1.667452013476098441e-08
2.639566801835363328e-07 1.700946427581373825e-07 2.233494694431544868e-07 1.606589516988992367e-07 1.406325126185758688e-07 9.317828037246015873e-08 4.732687767832397683e-08 1.736903928908763600e-07 1.868749581223952656e-08 1.305322293116721363e-08 8.505606948847591633e-09
2.111560242074088934e-06 9.108917001976488687e-06 6.228157683206292180e-06 1.920935263716111951e-06 9.446484472825655421e-07 1.846502320150787981e-07 7.650552357718767952e-08 5.383009435372178244e-08 3.257290308590702988e-08 2.077523337491580156e-08 1.672113593589530411e-08
1.768079491176044410e-07 1.416289919628609682e-07 1.349283555986941298e-07 1.159340036612173398e-07 1.067807660092491431e-07 8.210948896689022121e-08 7.305185630274296082e-08 1.099276125539367691e-07 3.709574085990856269e-08 4.852057669306934207e-08 1.657658600519937661e-08
1.868173031729965016e-06 2.314191303715133096e-06 1.877608995812812125e-06 1.091733232309820638e-06 5.455635456886534741e-07 1.872307432684695129e-07 7.549788758565763055e-08 3.638584924055300064e-07 3.306150264569315805e-08 3.890611574431610530e-08 3.340770918729845348e-08
1.734329976112131663e-06 1.737239723752267601e-06 1.247424353524393065e-06 6.797646283035818491e-07 1.537065139583380742e-07 4.087016713705316513e-08 2.953077186651215202e-08 2.537130841080257353e-08 2.087579123334688054e-08 1.383119490948831500e-07 1.097156009805219080e-08
6.078885396328269639e-07 3.826800269342044145e-07 2.108348238710467960e-07 2.447387459746123154e-07 2.484826657854492495e-07 1.518029250136987119e-07 1.088612529468081333e-07 4.872756096032015031e-07 5.610588394079677345e-08 4.348887039035873837e-08 2.506735333716436848e-08
1.975738351596430080e-06 1.318809246240514429e-06 8.595042829410267727e-07 4.839560092931922247e-07 3.054781963713667995e-07 1.182274809451840262e-07 8.200716252727528965e-08 6.267314090998210629e-08 9.604369976369181679e-08 3.636556589337945991e-08 2.674870553979599735e-08
2.986314162117386717e-07 1.045918993197943829e-07 5.913498698312541520e-08 5.983743160019872882e-08 3.166222132843113266e-08 2.613431738475431310e-08 2.403630648604862726e-08 2.270475072233438155e-08 2.198141608911085749e-08 2.015858155810537756e-08 1.161212171330644864e-07
1.350417618405184755e-07 7.835135995479189968e-08 8.950886359336640906e-08 7.789418168432419541e-08 6.682119843963651996e-08 5.397205712429920985e-08 4.212666780016425883e-08 3.041270388409326289e-08 1.972603729478607320e-08 1.582603672455585805e-08 1.728626534792666100e-07
