1.258324133023658548e-06 8.153390686235312352e-07 2.823492204119450109e-06 7.116864921541502777e-07 1.171026978925607159e-07 7.860077521177359717e-08 5.925081345306472392e-08 4.538476838825012245e-08 2.869897028033822444e-08 8.744489891939436356e-08
3.348381733206418763e-07 2.260219119476642783e-07 1.944268224954871301e-07 1.866129013394900804e-07 1.530274489112772414e-07 1.284424926788101303e-07 1.067241482373036297e-07 8.532014020080790469e-08 7.600469607317522034e-07 1.169587836607247361e-06
2.589526957783335011e-07 2.502712587377059161e-07 2.198627738701632583e-07 1.561924758430495391e-07 1.048432257641092325e-07 1.574217887590457756e-07 7.382443735829018223e-07 6.223878703646662185e-08 6.352774545486697579e-08 2.663446393134061422e-07
8.729103406206059677e-07 1.040177665170434875e-06 5.795520394521220564e-07 2.133937736476230830e-07 1.391446209618404456e-07 7.473805284161731702e-08 5.033770996869367290e-08 4.547648735702234523e-08 2.984498154704722674e-08 8.763530425558399400e-08
3.593610523211458328e-07 2.971697271687258619e-07 3.289721508209622566e-07 4.622124327719655940e-07 1.973398328619109138e-07 8.564684695316647377e-07 2.162745180386217853e-07 1.036082853852475501e-07 4.199136321295776965e-08 4.658761478032652587e-07
4.576394127142307261e-07 2.165968525192172038e-07 1.635008378503339343e-07 1.303312234702744319e-07 1.165772157880164540e-07 1.118423516092353221e-07 6.750573255582372446e-08 4.650890182432179162e-08 3.665711678108234577e-08 6.085617482859340031e-07
2.601743280176803400e-07 2.007906604937349213e-07 1.629830432213202807e-07 1.851229647400812845e-07 1.154740116072718466e-07 1.041686902636817916e-07 6.313792937728219913e-08 4.764793222341641025e-08 4.570421971708242684e-08 1.888021681171065792e-08
1.950331308173156088e-07 1.613746707626344998e-07 1.425605748753259571e-07 1.185180148632673932e-07 9.387282462209794138e-08 6.595678791509909334e-08 4.801926492214340145e-08 3.349088281217012798e-07 2.867283635890641380e-08 4.500450956511448568e-07
1.648068096079457450e-06 2.670174423505284737e-06 7.154852833381150633e-07 4.073228866912694221e-07 1.671378312492550287e-07 9.788988476664629239e-08 8.339009525517658464e-08 1.167756704046851249e-07 6.578339561407492269e-08 3.543907210035632498e-08
6.894502048111240658e-07 8.593154253466618081e-07 1.475816542398712377e-06 1.500793761111961998e-07 1.124398239961675628e-07 9.819156669758321904e-08 6.992253114502785914e-08 4.852859123370677554e-08 8.692384528320819055e-08 6.583136526659893786e-08
6.240848227946246720e-07 3.179040275332625665e-07 2.377637659049994670e-07 2.034095104438641793e-07 1.694043487310733869e-07 2.134331595595509945e-07 7.244880413255090824e-08 4.791796891790606245e-08 3.208328043343826692e-08 2.070663366915122824e-07
2.008674546674687127e-07 1.303915965018574499e-07 1.317027849656579880e-07 1.188014197346601474e-07 1.044535667019042187e-07 7.818552678397242685e-08 1.826507135404658925e-07 4.634321456493532982e-08 3.382258755686710247e-08 1.356558985217961525e-07
1.767820278022166918e-07 1.424972204363304536e-07 1.401455606809576673e-07 1.306520679104243395e-07 9.209682874908590082e-08 6.684538942143659310e-08 5.845494233807658221e-08 3.004910961691806216e-08 1.613327914664616817e-08 4.046461053598997129e-07
9.555876973520406527e-06 1.677061083349331179e-06 8.255478442252610984e-07 2.243159029509918918e-07 1.696541127449490668e-07 1.524340088646422357e-07 5.818249469711128181e-08 3.464045826666611355e-08 2.318192136638875011e-08 1.873947049047884610e-08
5.878855337360982606e-07 2.837421572098530093e-07 3.832771570099520402e-07 2.225776310081647436e-07 1.486768257929487047e-07 1.188508223515862235e-07 1.066577117498709213e-07 7.376647828917245610e-08 1.911541258527852761e-07 5.615725503759174878e-08
8.714167026674182920e-07 5.086753797006060892e-07 4.509042617604749078e-07 3.776305543678553696e-07 2.309496838227280531e-07 1.766739066068337139e-07 7.066018782914027835e-08 5.051457244902521023e-08 4.542909015686459734e-08 1.124511428371761431e-06
8.303145291128810244e-06 2.196636522214035053e-06 7.127984717695217456e-07 2.307527020398676763e-07 1.199743128629192947e-07 8.644370768552968765e-07 1.221103191627323589e-07 7.903420873426288988e-08 5.677903297691695161e-08 3.281713121999683069e-08
3.065674761449738986e-07 2.225740283301567808e-07 2.283019022559082314e-07 1.618920344771763771e-07 1.337219318892716736e-07 8.900265980569380879e-08 2.378083129137695626e-07 6.345342670445575843e-08 4.135230211011040098e-08 3.544046705678726428e-08
3.714659108630233050e-07 2.755826931620727249e-07 1.557565761570161983e-07 8.068386578823261790e-08 6.498353617146684398e-08 5.110040943970809306e-08 4.498086004360472602e-08 4.132145370307269533e-08 7.593611469067986586e-08 1.059512073451689469e-06
3.124150525950902353e-07 5.469541617639955185e-07 3.572191486386337237e-07 2.368059523139293305e-07 2.846305897809060851e-07 4.097501265966080867e-07 1.534852305603289588e-07 1.086860195660149446e-07 2.880208980306306529e-07 1.109806896552014018e-07
2.132336097982575025e-06 1.266038922460503206e-06 9.891877546273784949e-07 5.377744555443044750e-07 1.580721544476098927e-07 1.436639484138410596e-07 7.444861607336413463e-08 5.831898255590783100e-08 7.160906013483583517e-08 3.573484964223199112e-08
7.035390588136729082e-07 5.041374575178316864e-07 3.549020750194779375e-07 2.852581924981759766e-07 1.572244639178020116e-07 1.757912820217476300e-07 1.037015272987797441e-07 6.029250447418636506e-08 4.980650721321026528e-08 2.520880779425932938e-08
3.568301006006416956e-06 1.167625967052527387e-06 5.940722190288649516e-07 2.912210561508608053e-07 1.387709485020898594e-07 9.794643419399700982e-08 7.240519579148456442e-08 6.147156120451487939e-08 3.258496225646720805e-08 2.106043680328918272e-08
3.286402826165280984e-07 2.843834944240043959e-07 2.284410684669978867e-07 2.294101211287611342e-07 1.213835607035500284e-07 5.653129920784164692e-08 4.111831125110851015e-08 3.805536200465097376e-08 3.835093039194891354e-08 6.534351277366560956e-08
2.663469735637717558e-06 1.678485156232434147e-06 7.918637326978334239e-07 4.597391995084614031e-07 3.243204492803596164e-07 1.720376043806790408e-07 6.935856053809983818e-07 7.700069812636719645e-08 8.856486347965679030e-08 4.479031115482548232e-08
9.228900663883148980e-07 7.997019628685960413e-07 6.522572210396860575e-07 4.754822687531698267e-07 1.343226241982123387e-06 3.574244143672853489e-06 9.706507548647427205e-08 8.689010853008761847e-08 1.010714625886385990e-07 3.717496993921342705e-07
7.464319525604065612e-07 7.332497780487277607e-07 5.221277671916856508e-07 3.735964659966816975e-07 2.134630634554505957e-07 1.246967147700584209e-07 3.158914614527404975e-07 3.075514278804678385e-07 7.864312866814482910e-08 4.954391167451683059e-07
2.334411812914438253e-06 1.193814436842704363e-06 7.634939101805407434e-07 5.923571164649325852e-07 3.499031734222466112e-07 2.923190666308664463e-07 1.014989433022932404e-07 1.610572234495592154e-07 1.038937750728007032e-07 6.116405196510164138e-08
7.717711950834945542e-07 9.645235743957465032e-07 5.854249576854788221e-07 3.258958066822809691e-07 4.333198203780604511e-07 5.905957595182694727e-07 4.869461260309496098e-07 3.739440618046507930e-07 1.332603710710469921e-07 2.541639531284413566e-08
2.750640197343446336e-07 2.336799630278239042e-07 1.489967383382924091e-07 1.025142110056182091e-07 8.033854423268123688e-08 6.368111084944074587e-08 5.032444612768955281e-08 4.366560882982718965e-08 5.497879655774262560e-07 1.494336980454460205e-08
2.560260360908807232e-07 3.292599198598758682e-07 1.216027917458374664e-06 3.295317483224524319e-06 2.566712436073211316e-07 2.402849466361199169e-07 3.880759043244119077e-07 5.499481515451354766e-08 2.827205699357697723e-08 1.483884995981342168e-08
4.769945681043972726e-07 3.154526417740958737e-07 3.329530973942929748e-07 3.136312334861804355e-06 1.639490358862558691e-07 7.393862868833142331e-08 5.549653988465199575e-08 5.638333837511510974e-08 3.446427685911225125e-08 3.688269480726348829e-08
1.689353966657430985e-07 1.930654204771835053e-07 1.774379695923665331e-07 1.571705227635431974e-07 1.950228104906691772e-07 1.269528455508394807e-07 8.771324953866507323e-08 7.903041254348647405e-08 7.637719384004701415e-07 1.350811879720050688e-07
5.732894620981358353e-07 5.884786249954532606e-07 4.827498189826983298e-07 1.610319310340450568e-07 1.384788057371363908e-07 1.268450713615534871e-07 1.032964284621759885e-07 9.434786434203955570e-07 3.503353686533255433e-07 1.775118759686128452e-08
1.582877106585295830e-06 1.272255859203930539e-06 1.831000319826848275e-06 6.135157252513327037e-06 7.030819291795795372e-07 6.681792036701222617e-06 8.808236988047680045e-07 4.252311075595423902e-07 1.232748983979597767e-08 4.554962076147158884e-09
3.093933957850656315e-07 3.646057511334233321e-07 2.484459160342152471e-07 1.913384392395505989e-07 1.310614574876845149e-07 1.031476734588133787e-07 7.424625418624913500e-08 4.365373035020080396e-08 3.908441076349006727e-08 6.006785505961105114e-08
1.141100661641385163e-07 9.693862676194601138e-08 1.088010475797096876e-07 8.182625841527754675e-08 6.040419944526678088e-08 4.014460729106166038e-08 3.623973976295601199e-08 2.358474067445744105e-08 1.634484148633619973e-08 1.333694789781968808e-08
3.080139737635532735e-07 2.572236794295596579e-07 2.151959183200315836e-07 1.749755973604991399e-07 1.344244483851024942e-07 8.965150711907516318e-08 1.867209261581708739e-07 3.150515923134905036e-07 2.475059090202402298e-07 3.571879968057439894e-08
1.792683757336506555e-06 1.208322826630860124e-06 8.824847324126883332e-07 5.706609496431957431e-07 2.946214928173687281e-07 1.419483944576901451e-07 8.984026346915277273e-08 6.302226403575705737e-08 5.698437368118087106e-08 2.434258774074660357e-08
1.256298520150446681e-06 6.314807761129231997e-07 3.744815598238295314e-07 2.167260410357391203e-07 1.333346533830879958e-07 9.342730677036843693e-08 7.121936172512432252e-08 1.171965554624840691e-06 8.316081492772593763e-08 1.017564661521510438e-07
5.003718222784994220e-07 3.480160437831137315e-07 4.327494858867924539e-07 1.565817520085052092e-07 9.694390578028936877e-08 7.052042876116429694e-08 4.893085919479863338e-08 3.679431435422111779e-08 2.939265073606140869e-08 7.204693898776201532e-08
4.285323426330241028e-07 3.297381224896848381e-07 2.340233270948222668e-07 1.800873818100878009e-07 1.326073092240683785e-07 1.183557572190840571e-06 1.272215407290832635e-07 4.710398160200276661e-08 4.293965383922980637e-08 1.577566051544328445e-08
3.652401975142229358e-07 2.506418904012673004e-07 2.145622775884457642e-07 2.006707956130365568e-07 1.802008786949746192e-07 1.173787115606777684e-07 8.130048435969868420e-08 4.874139800230091932e-08 4.415546164537108381e-08 4.521675101555293827e-08
7.230210554718912008e-07 5.685354003012680434e-07 8.780461960191690663e-07 6.329187685028558151e-06 5.606462663175772045e-07 3.850506581663049946e-07 7.146071322123662644e-08 3.256879010951904851e-08 1.253420075006538721e-08 6.363075244628121648e-09
2.023646825712315655e-07 1.530065907663011616e-07 1.737814719525102816e-07 1.398913636129694858e-07 1.386792741981225501e-07 8.310334470507971824e-08 5.612641166486707479e-08 3.691418500128124812e-08 1.961519878255357748e-08 2.486101759257503729e-08
3.826143505272608174e-07 1.801823705677884031e-07 1.569052148270160200e-07 1.358605908822383858e-07 9.286189855107211994e-08 7.151890579882419233e-08 1.097531838684233405e-07 8.526812174233709463e-07 1.089651025530465877e-07 1.596346359898084164e-08
7.795820010743730846e-06 1.909546277280407866e-06 7.293455373798692493e-07 1.050635102422581783e-06 2.341263418007741457e-06 1.118692322253900164e-07 4.598163820102470627e-08 4.170127393206368936e-07 3.825038539258712051e-08 1.360179408526547858e-08
4.928048240381893223e-07 3.204634311846479985e-07 3.196264269386081835e-07 2.574518328036036564e-07 1.651411566594275303e-07 2.856390757890452190e-07 7.305429309807603019e-08 4.885593790931852701e-07 2.607973286464667301e-08 2.121407322708463031e-08
3.556543293720024893e-07 2.129079383911165136e-07 1.494261759228819984e-07 1.125696265574456850e-07 1.027661209181928539e-07 7.774652721925774020e-08 8.553068378341636727e-08 5.470451523071648861e-08 1.634789456194863107e-08 1.122008931422979044e-08
3.390949820570825769e-07 4.563498520044234435e-07 4.275244546093570008e-07 1.661887090498395873e-07 1.055240122527972111e-07 6.395640055908871800e-08 4.282143364681579158e-08 4.799075318699491104e-08 2.696009165331908683e-08 2.121142459159615616e-08
1.180207583592980686e-06 5.250015016554726294e-07 2.918518472374430676e-07 2.127634759827256269e-07 1.113407759572035402e-07 7.617819150646839566e-08 7.449112491624209191e-08 3.118775879124278539e-07 7.105690285787643885e-08 1.182780351119827220e-08
3.209121983671652366e-07 2.248785644370163969e-07 1.688334607336846276e-07 3.236920478932998576e-06 3.982640758648531236e-07 1.220040970439243159e-07 2.204031006479545923e-07 4.501482151730889073e-08 2.932047380592250597e-07 2.996548615572718343e-07
1.347668899537048085e-07 2.047923946661411716e-07 2.583746225734289582e-07 3.276115183010558987e-07 2.869044462296517972e-07 1.033250386031223185e-07 6.273479985686642841e-08 4.556584715837995430e-08 3.087065824360167528e-08 1.746373537661513600e-08
1.628397705361605760e-06 1.295774683994879275e-06 7.936190501017998907e-07 4.167260997241798549e-07 2.069192260993226341e-07 1.294839552450521031e-07 9.949219388479147949e-08 5.210114400189043598e-07 3.903560561297625321e-08 1.516403038381914194e-08
1.135554856809157141e-06 9.404016962621394800e-07 8.832214222453069489e-07 1.787351724788046507e-07 2.394938020615229776e-07 1.058660124518471651e-07 6.742099101503216049e-08 3.392413813180830327e-08 1.967712214399270652e-08 1.084734705731802063e-08
3.000914430117295824e-07 2.868752068782857225e-07 2.411469278503644687e-07 1.908040537896214771e-07 1.330109876359587473e-07 9.895971078047590498e-08 2.083968262939246818e-07 4.951698703654642612e-08 2.372498071415692602e-08 3.360833310141739736e-07
1.202856089617527372e-07 9.390792505924250553e-08 7.076114061481364933e-08 6.760951902920242381e-08 6.405337536362673942e-08 7.857341022686625052e-08 1.980806128900715722e-06 1.234259238856582798e-07 6.976646889151675633e-08 4.621488688940310622e-07
1.840046998850689938e-07 1.699244763458584412e-07 1.362911119768308913e-07 3.545681187611794680e-07 1.345875733351298562e-07 7.595208366116530555e-08 5.014636605554235451e-08 3.270578037144902536e-08 1.730173134334128267e-07 1.127914958670042731e-08
4.526137511147327061e-07 2.264086426148866251e-07 1.188375679715426871e-07 1.184345335107683596e-07 8.486145197463676951e-08 4.951933018723086346e-08 3.937403689501026713e-08 5.202235370981959487e-07 1.067191262323428296e-07 1.061109191769914654e-07
5.030061496568230787e-07 3.107230356148853738e-07 2.159525806578409784e-07 1.890632351808268790e-07 1.866008959863277557e-06 2.523566595622597507e-07 7.527958425067198541e-08 9.732867731378027537e-08 3.152804253770707269e-08 4.344686811837005138e-07
2.673974962023374253e-07 2.916385484914286206e-07 2.283561027973359191e-07 1.592420840653614341e-07 1.120970003089127847e-07 1.073937601065555718e-07 1.499195496464078868e-07 4.998968336182171834e-08 6.592197818325623911e-08 2.164952001881514401e-08
2.498244066215131163e-07 1.585670297183011106e-07 1.606685271148345586e-07 1.358609905186394299e-07 9.881376577664042817e-08 8.039320245678540208e-08 1.662709861367494683e-07 4.801000942497094301e-07 2.412767707234052361e-08 1.208113157253796568e-08
1.553098951023853940e-07 1.666548174018399777e-07 1.624509422161394929e-07 1.269694910711942686e-07 8.207781542171918163e-08 5.893343811762242590e-08 4.195592693366646945e-08 2.715648901931933804e-08 2.280526889950996108e-08 7.215383671417807885e-08
4.603360538645872411e-06 1.346834532143428803e-06 3.691337866652201770e-07 2.314078035770852973e-07 1.548215828440313543e-07 2.127838242915868088e-07 1.969911692352135775e-06 1.139812139368309451e-07 2.489182960369299162e-08 1.444841726967383531e-08
3.635420432307864458e-07 2.529168577986914517e-07 2.149998857237786280e-07 1.723960302325514467e-07 1.124327071614163102e-07 8.074131747534268079e-08 5.879466583115799520e-08 9.812575641267864767e-07 8.386397310265796832e-08 3.940418095863641140e-07
7.688987296180656527e-07 5.886684710063677311e-07 2.679539807865795692e-07 1.859380256557007165e-07 1.300015122509768201e-07 8.462162926738681378e-08 6.182913337868723836e-08 4.037567748480067384e-08 5.085688787152427338e-07 2.046385624790706610e-08
5.349301428324839109e-07 3.695682276451998923e-07 3.154680984546138997e-07 2.064252423224201018e-07 1.152641927088426725e-07 7.974617898240275057e-08 1.751662027592105462e-07 1.028890754683214293e-07 8.623881073659959191e-08 3.496905062024072569e-08
8.706594607143222493e-07 7.381396669424268270e-07 6.189842417124168926e-07 1.060393010856716328e-06 3.189485674438771152e-06 1.187096459456338737e-07 6.716849260015796290e-08 5.818132610568044420e-08 3.627529050000444083e-08 2.321721571937449858e-08
2.464599288546210934e-07 2.068554133289715008e-07 1.653171340263295496e-07 1.002282146530982933e-07 7.197268542866386722e-08 4.947768670233423665e-08 4.019822235934521617e-08 1.172253262085413220e-07 1.178074329282042563e-07 1.870219274246719906e-08
1.786044052712083187e-07 1.966785010820819397e-07 1.508043674890395670e-07 8.991836726846349878e-08 6.415075448858196874e-08 4.578272963291529691e-08 3.267523039916166941e-08 1.863772898927528324e-08 2.752288737681127021e-08 2.587630439918551229e-08
2.248517476462456560e-07 2.359664011838694741e-07 1.908976021543283760e-07 1.376983351943170782e-07 9.373086297596362697e-07 1.293386752695298840e-07 6.743848125604130051e-08 4.565593044856773065e-08 3.222707252290176542e-08 4.285276779133443150e-08
1.914535450511937504e-06 9.665950459413533599e-07 6.167074374897392448e-07 6.164615174627102759e-07 7.304730489584627730e-07 1.674217111172695957e-06 3.634105681234888726e-07 1.982642020392206688e-07 6.868694344943351453e-08 4.089982698229590437e-07
2.059050806630995993e-07 1.671463420081409162e-07 2.146139136090924131e-07 1.534148787520930825e-07 9.755848578583120855e-08 7.661393559322404049e-08 4.890376401563378959e-08 3.591974897614993723e-08 2.878730620770097536e-08 7.540027131616519993e-07
2.612238486401066512e-07 3.047468530934007798e-07 1.807554390459864351e-07 1.297201632074561120e-07 1.020121894878663719e-07 7.902168044794160341e-08 6.828168885193625758e-08 4.451853018403865898e-08 9.190950767254576697e-08 3.506459692702593833e-08
4.476343865265213121e-07 3.181197586995941190e-07 2.675067479715805625e-07 3.901557126982650077e-07 4.624834996013320717e-07 1.223096223277817063e-07 1.570643079328991977e-06 9.721171458783986488e-08 2.477305265644220036e-07 1.535538021632177527e-08
2.932184591251099390e-07 2.035707506132831774e-07 3.008753960595508165e-07 7.341675570395905791e-07 3.152487981890231855e-06 2.939896809156154097e-07 8.292148997819977658e-08 1.142998819176902681e-07 2.385189592984732117e-07 4.159528315288629421e-08
1.483048142055535681e-06 9.178578267622782382e-07 6.599052613502520934e-07 5.081490300191942257e-07 2.214454283213165482e-07 9.630383935772654939e-08 5.902245120363941166e-08 3.948584200394171705e-08 3.206759062244039577e-08 9.733158459779567375e-08
3.361351049009360779e-07 3.112242214515874788e-07 2.653823958160010123e-07 1.880429312817756210e-07 1.593998746770566264e-07 1.068497634280338007e-07 1.022897614924508650e-07 5.777809572860921478e-08 3.357240810382190250e-08 1.859635941499707432e-08
9.225203327942885412e-07 1.013247346672084120e-06 3.939080099074177032e-07 2.422254557947641285e-07 1.549639913611458156e-07 6.689689726098370577e-08 3.732501155142248389e-08 2.861488629283718859e-08 1.822395488384999216e-08 1.230455870460150147e-08
4.099683404740496790e-06 2.053934312917460660e-06 1.106575981454780174e-06 4.307773978223809839e-07 2.402354400064767992e-07 2.027210166082515116e-07 1.204160733269944069e-07 5.246751254390381091e-08 2.137263725313889222e-08 7.278761755642306014e-09
1.926234811293213788e-07 1.500879078905631819e-07 1.197023427102522590e-07 8.489166522567932174e-08 9.345490038641244017e-08 6.652419029657148204e-08 1.856873934128701793e-07 4.373358478446974328e-08 2.721835843456848763e-08 1.573840436021510888e-08
1.062637655466180367e-06 1.393713508404466462e-06 1.712776726453738818e-06 7.771940910870113572e-07 2.396221918781626567e-07 1.297813645856714150e-07 2.490941486327213572e-07 6.043341452010597212e-08 3.717119960612829650e-08 1.366030604432151297e-08
3.295766527803966886e-08 3.454711297210575372e-08 4.505481786642770550e-08 6.722843713054942470e-08 6.871951728887082343e-08 5.139966389375944580e-08 4.897200833377370273e-08 6.723996682754778247e-08 5.719041291995314504e-07 2.418962242655216906e-08
5.411303005517061274e-07 4.308301402646177304e-07 2.877621180043879325e-07 1.721447931575307648e-07 1.240405594096506837e-07 1.645550636161025932e-07 1.635598295658554158e-07 6.966833372778065280e-07 4.420317536040994655e-08 1.322600825815995535e-08
2.725862784100038422e-07 4.024365349951324454e-07 2.516978042897360754e-07 1.669219172637748286e-07 1.121058862360121863e-07 7.659042177286470898e-08 5.002185734856495699e-08 3.624313408754237584e-08 2.697939228636361383e-08 2.717648778077166449e-07
4.371285879450620888e-07 7.749295132202909274e-07 8.662113441045015554e-07 2.468594848034686226e-07 1.368920799846614399e-06 1.581112175847647314e-07 9.537304278828754291e-08 9.017529425359648251e-08 1.215496092092103726e-07 2.152548221213938904e-08
2.223166192458082590e-07 1.310794473577712178e-07 1.061915684600623555e-07 9.207817564508480639e-08 1.092833223482248697e-07 9.667275392888238830e-08 5.860317389054678763e-08 2.275349340356065431e-07 1.160986645264703012e-06 6.870336937014252120e-07
2.772177684266256074e-07 2.455233348120236609e-07 1.637934902489543589e-07 1.270558682472767840e-07 7.291646620850703210e-08 4.512353766340408789e-08 3.023098824046048821e-08 2.880400111309484785e-08 2.499699538475128999e-08 3.234995209720545446e-08
2.468269889242504560e-07 1.845074202530034347e-07 9.514409408270034472e-08 1.828017419945794806e-07 4.780743339903796445e-06 4.951692407687032071e-07 3.214504162435844563e-06 2.462174262022109816e-07 4.718680066630999106e-08 1.150657913954828419e-08
2.223016663111236736e-06 2.647723726374134834e-06 3.867992998426299266e-06 7.900223975257476222e-07 2.898476397856818511e-07 9.374282518716976523e-08 5.097935010943814090e-08 4.196450661316990893e-07 6.658605178191653292e-08 3.898787500750673550e-07
3.170120043868977782e-06 1.060838333391346271e-06 7.296487877753747203e-07 7.935631578168754879e-07 3.045726930451801105e-07 1.090857055564064968e-07 6.375839429276825027e-08 3.192413670848601688e-08 1.527541907358892281e-08 6.498531860790840406e-09
3.431007826857084546e-07 3.831416352272058712e-07 2.446853274240574550e-07 2.069770988739153900e-07 1.276827145938537810e-07 1.209196887626387203e-07 8.771840810717800644e-08 4.813493899452555754e-08 3.557880694795632886e-08 1.484993222118060034e-08
1.110841971108220227e-06 1.513678486810957284e-06 3.836411274258033601e-06 3.459095705399990486e-07 1.550862808310001486e-07 1.256392937542353610e-07 8.934191378683592600e-08 6.075540543021625655e-08 4.209634364034023418e-08 6.123886750903992514e-08
7.329255908381496656e-07 3.358233096433493545e-07 2.274001483230579613e-07 1.346738163586109855e-07 7.898362508700970320e-08 6.729423253216425300e-08 5.389169767761016140e-08 4.175378517766923586e-08 3.020624227412996681e-07 6.628134473147945018e-07
1.124479626627953157e-06 8.333297687412246789e-07 3.446442616943587453e-07 2.268948212510042448e-07 1.452435433010082555e-07 9.389438228384770506e-08 7.188717520760703418e-08 4.365702267540569434e-08 2.565366325386152922e-08 1.622307907807652696e-08
5.532357730987776094e-07 4.126844406417000106e-07 3.129158065241536281e-07 2.017575726318284328e-07 2.116375865002051287e-07 1.359793454920730542e-07 9.321293137671842288e-08 8.700040177019513392e-07 3.842764522979859704e-07 8.470396175323964513e-08
6.517099198152511340e-06 1.494648613508111670e-06 6.168854948491255156e-07 2.826560980601797832e-07 1.804387679573721380e-07 1.095934957393966752e-07 5.834905667489629771e-08 3.774056107571676083e-08 2.872922709228956162e-08 1.706154217125713519e-08
3.907390873410206398e-07 3.573844627814495958e-07 3.166917193011877116e-07 4.048929803771734795e-07 3.365431853108051684e-07 1.215484692595107140e-06 1.147224607799934668e-07 3.000465197867339577e-07 3.600797999228718348e-08 1.802186449760043738e-08
4.080548480499237658e-07 3.534355069542501367e-07 1.202193171830473885e-06 1.587391548335856696e-07 6.378619934409472724e-08 3.405389580781907192e-08 2.780141522420266806e-08 7.485891498112249918e-07 8.127784955647552962e-08 1.147734361995055196e-08
5.001674092469345979e-07 3.909471294343688233e-07 2.855173665897154610e-07 3.595920460953059399e-07 6.299249109795894101e-07 1.046872551243806489e-07 7.090445650799515633e-08 4.753438160826940057e-08 3.506512540346384885e-08 2.302451377935835292e-08
1.559869829621626700e-06 1.203505356815685472e-06 1.376056625369952798e-06 3.305709776071388420e-07 2.021082690312614404e-07 1.413982075122506292e-07 2.014247697265926984e-07 6.050406507073121616e-08 3.462146432377691981e-08 6.135481315833846859e-08
7.553401813419628254e-07 6.093288546334661787e-07 5.533793811142854181e-07 4.148242227734438570e-07 5.487174969786258438e-07 1.742415335398846083e-06 1.185551592928559368e-07 8.913213378479458066e-08 2.391281219426278460e-08 1.533204882286689874e-08
3.054753571186685735e-07 3.062902901847515093e-07 1.899911666818034118e-07 1.405416129275081819e-07 1.107506285752288202e-07 8.537952965290742140e-08 6.358869899600749152e-08 2.376153427291323902e-07 3.313390484560991199e-08 2.234534070566004984e-08
7.823233235889086734e-07 4.593325290476809535e-07 4.837092229551336396e-07 5.180613529834568701e-07 2.997928620065912586e-07 1.559267529197859480e-07 7.219713527704318997e-08 4.179637213953681163e-08 2.687920975830117620e-08 1.675460821717187015e-08
2.151310178730101818e-07 2.932361850376845774e-07 2.333006859782522487e-07 1.262495750650026343e-07 9.941772946929648045e-08 7.115994494386573256e-08 7.774701961782320202e-08 2.851912806409935187e-07 2.631680871314257999e-08 1.636330039296263403e-08
1.443617959529688944e-06 1.280851759093060029e-06 8.576353119387316446e-06 6.699024655166590536e-07 1.607572050674305366e-07 9.202988679864006993e-08 6.693026106850157766e-08 7.369479360415341235e-08 1.939481831792337990e-07 3.257356451150160184e-08
2.276176991324877986e-07 1.784313633418808259e-07 1.276914356366275459e-07 9.925163950033294700e-08 8.357660766907235572e-08 5.936777319842750960e-08 1.177650401550677598e-07 3.764006706599323994e-08 1.706612878538933029e-08 1.347529421744997328e-08
4.655908037649786190e-07 5.879938589117179735e-07 3.584647308766718484e-07 3.082489028399606041e-07 3.198246642574004407e-07 3.043894010612629565e-06 7.434351410242979291e-08 3.464565079490129762e-08 2.016126480113770029e-08 1.074722319948526922e-07
2.939222520249900567e-07 2.063074189634630025e-07 1.721880805226134575e-07 1.357987116199499466e-07 7.587007336560834211e-08 6.320053637433740547e-08 4.572099134503810016e-08 3.316415040105009587e-08 3.541182380027086109e-07 1.341233956219046853e-07
2.470604452396570831e-07 1.988023157381534927e-07 1.733296891616719489e-07 1.983926462099260067e-07 1.675690214349666980e-07 7.734206023396849741e-08 4.672945763836146179e-08 2.863219720035047433e-08 1.956641339578657430e-08 1.181345698719130316e-08
2.341017403335337787e-07 1.833566639211767194e-07 1.231949364842383781e-07 1.098762163738166037e-07 1.294026287512196090e-07 1.437203882189394322e-07 7.337752677927438596e-08 3.512490073920237057e-08 2.157659707307496751e-08 1.518740220484427218e-08
7.796991097330827407e-07 4.499726078897115286e-07 4.030757557316811288e-07 3.073760369224463657e-07 6.451654467375916288e-07 8.893023532366128981e-08 5.417043268821773726e-08 5.800866465911774055e-08 2.300738883770250223e-08 1.237302098341301148e-08
9.058086830081274099e-07 4.841694973332962967e-07 2.581344927578269695e-07 1.664078093554645882e-07 1.232416608764657773e-07 7.794653350411066904e-08 5.358565202688333263e-08 6.468837343258881166e-08 7.228403569275068481e-07 1.500137751569459674e-08
3.530086473906704663e-07 2.210713559933484644e-07 1.842080555100708713e-07 1.326137879014904098e-07 1.375732669666451920e-07 1.411567762011767896e-07 5.525014023684738452e-07 1.316121610829839686e-06 7.053386775693849506e-08 9.320975194736048820e-08
3.914421327535015256e-07 3.808304848085281115e-07 1.862779578101514370e-07 1.440162441391524212e-07 1.199338695951546988e-07 9.335034763515126884e-08 6.496490504093411047e-08 3.627994197298051520e-08 1.980273101226008292e-08 1.345462733369270981e-08
8.506528150849438565e-07 2.152950554978497400e-07 1.220379898118197598e-07 1.034793282890667702e-07 6.661077086642526317e-08 5.222170325891766699e-08 5.237288076310097859e-08 7.125044629271319235e-07 1.465515776882196977e-07 1.695964026639601309e-08
1.723840497716130370e-07 1.227899861114807377e-07 1.147725542780693111e-07 9.150462183670557689e-08 1.308590157736778514e-07 1.204376612640986235e-07 6.282353625834377002e-08 5.497046760946329566e-08 2.832951858480598219e-07 3.937913179499937268e-08
3.307493047193418141e-07 2.014373564523679776e-07 1.565113183808392544e-07 1.031902299198873460e-07 8.773332502131321165e-08 5.518633046515923509e-08 4.638292968627189044e-08 7.713325153382441348e-08 5.864754217756704686e-08 7.650693123730153371e-08
5.578222312019131146e-07 6.005807429141044440e-07 8.238457085261131842e-07 6.777090191060049954e-07 2.198878422725312619e-07 1.070839288800952644e-06 2.295844009449264456e-07 4.330044633942842311e-08 2.400398365613467251e-08 1.135864142767212551e-08
1.551973295259005451e-06 1.134068542027820898e-06 8.263183991359075675e-07 5.653490838973698643e-07 3.641997921555408507e-07 1.490299771862663578e-07 7.560802421575093060e-08 8.156815893646678564e-08 7.851883712721114772e-08 2.474386550997672287e-08
3.758877314315107053e-07 2.526493816338740426e-07 2.429675330032675973e-07 4.342988298589198951e-07 1.530737797115663365e-07 8.156506008277716371e-08 5.219366218099097815e-08 3.034511822193444032e-08 1.469383798213088084e-08 2.985974881384422747e-08
6.205522291279614465e-07 4.937659541120376776e-07 4.871520962676124871e-07 9.913031705742824096e-07 4.094351177425957047e-07 1.243667664261577500e-07 7.946353276577513019e-08 7.089937107122260747e-08 4.150061240527039554e-08 3.290804017069297982e-08
6.211940310782417340e-07 6.489073705470134478e-07 6.688381567523838990e-06 5.978739045424896823e-07 1.987902765500187968e-07 1.475096358070934130e-07 7.949422270814038384e-08 3.266026861821468804e-08 2.245976290001416742e-08 2.094127518360738503e-08
1.109862393343678548e-06 1.126426948866991216e-06 4.935764768567202827e-07 1.997842429743866953e-07 8.861878787052014111e-08 7.406097259635047098e-08 6.294446833872576376e-08 5.586046062983000215e-08 6.168178544985016911e-08 1.959209864313973741e-07
3.921174049677999399e-07 2.966646027650280633e-07 3.057857005127185784e-07 2.759199524902203014e-07 1.813215717401151476e-07 1.155559257956200708e-07 5.840140804556144464e-08 3.777940010596028679e-08 2.490146129769982470e-08 1.686250269645111938e-08
1.090880637782305726e-07 9.528202569165977849e-08 1.002034667516400143e-07 8.373616325775972122e-08 7.147680272390604947e-08 5.790892604521182170e-08 4.411540096747314114e-08 9.338870476912533329e-08 1.807211010082393640e-08 1.577871980709106062e-08
1.216038237634413476e-06 8.851185129494481537e-07 6.180305664323354343e-07 3.602890889719784921e-07 2.177055733654849662e-07 1.442152839601144849e-07 9.262044619193436516e-08 4.894660026077199653e-08 2.448287906011071027e-07 1.460643589361620406e-08
3.825459061700866175e-07 2.272481313116515022e-07 1.617958268126691175e-07 1.974812448103445142e-07 2.360245662194355960e-07 9.100467878495760225e-07 8.164573157887435224e-08 8.020555219120422247e-07 2.662102808219809513e-08 1.517157073007832419e-08
1.563042504061063482e-07 7.478421680742765123e-08 8.962862394011162139e-08 4.591760402941824914e-08 4.056699307858670071e-08 3.156039490696132161e-08 2.908148826894833062e-08 1.992160961596906842e-08 2.023215460793181348e-08 4.070121490562282736e-07
2.500137219874878748e-06 1.050389421263600030e-06 6.697316162902361980e-07 5.373910376447498587e-07 3.152003191578646100e-07 4.153884181459469478e-07 1.610269979588083073e-07 4.895363713105061247e-07 3.631673439194365946e-08 6.927306601749237072e-08
1.476912644261880264e-06 7.807156450998784164e-07 5.185322161767881276e-07 3.801394200063245055e-07 2.696990913537598936e-07 2.231125259368666857e-07 7.804178098340934495e-07 2.064653596924512557e-07 2.691855254800335459e-08 1.047350867262845844e-08
1.869298253217533207e-07 1.502021394830386288e-07 1.198552637451984754e-07 1.277918832067865334e-07 8.260079277714870519e-08 5.638448557442125253e-08 4.577747506280548408e-08 3.571298259275477926e-08 5.767356734647380089e-07 5.354538044306081530e-08
1.393642080899670386e-07 1.274809489043657207e-07 7.929332633674930246e-08 6.698094048770200004e-08 4.154601122041241259e-08 3.312945837809965107e-08 5.531634062619975793e-08 6.544808873384740047e-07 5.608626349930438317e-07 8.916777343982675996e-08
2.097030516630557052e-07 1.629560487459839901e-07 1.185122247248012238e-07 1.143169259503997492e-07 1.129025693725758329e-07 5.369586509054335513e-08 3.652317803941365341e-08 9.260158067443427056e-08 1.844230465447585640e-07 2.530500719664029304e-08
2.158682444015566906e-07 1.823415715561699443e-07 1.387063139703315847e-07 9.748664766150126719e-08 6.846668885640074127e-08 5.298289918502073815e-08 4.526361495443998429e-08 3.831461006172590879e-08 2.520873798443335767e-08 2.075701745842986210e-08
9.477204380276500864e-07 3.306845602123564613e-06 2.652998820390417610e-06 6.108134944182571106e-07 1.918011287237368771e-06 2.066644617239200782e-07 1.086937736981065731e-07 4.398641765930316062e-08 1.296557703418927484e-08 6.896368328798560324e-09
1.969002698333524843e-07 1.411572178343020596e-07 9.520090145834458062e-08 7.079613323483693341e-08 5.247022392026515365e-08 4.730525382480042051e-08 3.546569388184175909e-08 2.326911086859939881e-08 1.631118254438234587e-08 1.091221625084360741e-08
6.909876345061761581e-07 4.480833608703278739e-07 3.367363783323316033e-07 2.135141813423341196e-07 9.241245624778754459e-08 6.894071909692221630e-08 8.549677519808788501e-07 1.008846656924977902e-07 4.270422687367746944e-08 1.693581744879076034e-08
8.385846131750242049e-07 5.958854664754911447e-07 2.947157328165130903e-07 3.160664341748523549e-07 1.930594923693128168e-07 1.208087801022257621e-07 7.242028088996941054e-08 4.394181678383211817e-08 8.441422033241564628e-09 1.991345104602445753e-08
1.081116706295156199e-06 6.609701512321289959e-07 5.990794934474669147e-07 4.998801309175713052e-07 4.796184174804047194e-07 9.447769329912877486e-07 1.619896542367201378e-07 4.057185085170664950e-08 2.193319995531399550e-08 7.701005383237850607e-09
1.376895016426299639e-06 1.064935755734516226e-06 2.974816801586721241e-06 8.859604798424555456e-06 1.162024369848663107e-06 2.048902693537478786e-07 6.806677133188790346e-08 3.067562239800756834e-08 4.804105509793121720e-08 6.140562581833316845e-09
2.096965431809416703e-06 4.126525036641432619e-06 3.358160008092017078e-06 4.574655530223044899e-07 2.855807626135729901e-07 4.588181945007883133e-07 1.034205191829248240e-07 3.371285135780134909e-08 1.628211006011530384e-07 1.307217455110360592e-08
1.953349042530381668e-07 1.433425413220404354e-07 1.817204571069529763e-07 4.265725775815466877e-07 4.645305952984372680e-07 2.304259361134331775e-06 5.132190608924073547e-07 5.386724596606465816e-08 1.521682694387166382e-08 7.834003381288518057e-09
7.931085164766599853e-08 5.794459201755995521e-08 5.022335772596710096e-08 4.537220835472009803e-08 1.058036364275019246e-07 1.297924146893807082e-07 6.079767862474715908e-07 3.171424749309478205e-08 1.272011393363515787e-08 5.433291788916238170e-09
2.337052027677672389e-07 1.300510372160966134e-07 8.157527386705927963e-08 5.508463467910872077e-08 3.946435499636177434e-08 3.011562844943230395e-08 2.207893151845233321e-08 1.831774803366358217e-08 1.980954362726060742e-08 1.600456710330217054e-08
1.828231390007460315e-06 1.345644544825418880e-06 9.299717916886208923e-07 3.912475438699672052e-07 2.390465941968689150e-06 1.957116881471707890e-07 7.655408834563679698e-08 3.130412417960227218e-08 1.898855822846628617e-08 9.662436781886279207e-09
1.811738081665298981e-06 1.695630132040962883e-06 3.777113732912609030e-06 3.469217400592414185e-06 2.703278262426869181e-07 1.795539427956327073e-07 1.872080903086705587e-06 1.157265597637227864e-07 2.673831363731095262e-08 2.577228488252567779e-08
1.933353214345723482e-07 1.836149400445641115e-07 1.831654618978001224e-07 1.735368034167433872e-07 1.433409571375329406e-07 1.241248287241549240e-06 8.010197464724979410e-07 7.202966152305007606e-08 2.849867341527614432e-08 2.484703105759005202e-08
2.639345347005610894e-06 6.940625515567896418e-07 5.882077871164473535e-07 3.565701304654279991e-07 2.103566542304600604e-07 2.542289601812116944e-07 2.502010220904414717e-07 4.033465540029396960e-08 2.158994319970643544e-08 1.327499526750220943e-08
9.164020817089594352e-07 9.954453035083749259e-07 6.921572203991345766e-07 4.552593390451256796e-07 1.225486240059439283e-06 4.505793691003064781e-07 2.403333896017499342e-07 1.367519839991763142e-07 4.389342921940149400e-08 7.880312247488985250e-09
7.627635247808551703e-07 7.724483552611807829e-07 6.731552986369645583e-07 3.845650109658351541e-07 5.526575646055502378e-06 1.759169659414123543e-07 5.997723363415740101e-08 3.638473000169890774e-08 7.473730886970660086e-07 7.342409343959612302e-09
4.398826643058767472e-07 3.441332079150821829e-07 2.777212057555722933e-07 1.992347580573297766e-07 1.375212244825122353e-07 1.090566991741136459e-07 8.135066107944752094e-08 4.724287175891876019e-08 3.735943267914382655e-08 6.794122136943144167e-08
1.457706253881572788e-06 7.081211993988701168e-07 5.602140797085036584e-07 3.848832671950916280e-07 1.524280219992174943e-07 7.177661811830445524e-08 5.042374197344532443e-08 2.950322634733839888e-08 1.850740052975540899e-08 1.103495396082086766e-08
1.337467294579310028e-06 8.781158271093373760e-07 6.768093575753229695e-07 2.210643903917011181e-06 2.368767888309250528e-06 2.285147657597942443e-07 1.495025248089345229e-07 7.297317650336718696e-08 2.465417860732530401e-08 5.602495795039501620e-09
2.794328580833731558e-06 1.912308535356912614e-06 1.247176029307034273e-06 3.898160899749995945e-06 4.198259912284266645e-07 9.605219467927073700e-07 1.665805045254063282e-06 1.015818751692698060e-07 3.904798520266491312e-08 7.950767738785440057e-09
4.517453532955064849e-07 5.059695457963805500e-07 4.487431509291696511e-07 3.600528604363646894e-07 2.027542465277884886e-07 8.604740791876958059e-08 5.801926423370228931e-08 3.789243710100449319e-08 3.042093119910325959e-08 1.676331577293262943e-08
1.286492241029512749e-06 1.103531206969503975e-06 8.164522461791892144e-07 7.914797232167362412e-07 1.254004712598975139e-07 7.301284009298839729e-08 4.710479170885673404e-08 3.000378253187570966e-08 5.453464838115403181e-08 2.812722459702522274e-07
2.222612173388222321e-07 2.080681685499324697e-07 1.418946486590743854e-07 1.065308328414952598e-07 7.032640565269714976e-08 4.700637855372970932e-08 3.304024348668367584e-08 2.234295847966953369e-08 1.771606160660953811e-08 7.898653353710853294e-07
7.492147663399713382e-07 4.837988893990987613e-07 2.376159373663783423e-07 1.644364145490670559e-07 1.142522656951673957e-07 7.584522050044383965e-08 5.035290546055664254e-08 5.459758666774159976e-08 3.447887298714180473e-08 2.296679180979098909e-08
1.710687742641296469e-06 1.574902714427627812e-06 9.588157523497888214e-07 8.925708026591120197e-07 7.020830068558845437e-07 3.700844896480676285e-07 1.050493676809766355e-07 4.340493265371688291e-08 2.749598490769484797e-08 1.325978075002237660e-08
1.954639511489927944e-07 1.397430033963842550e-07 1.854836407432538745e-07 1.998300489484091314e-07 3.200430018915047507e-07 9.639559792656753342e-08 4.837072294707284639e-08 3.265139035317714800e-08 3.781579495377379574e-08 2.029799119291518616e-08
9.691744190536489805e-07 2.342261709603028077e-06 7.005051007436974460e-07 3.772680073986607279e-07 2.881367246148484705e-07 3.558137135740976270e-07 1.143747221457179295e-06 4.146494342576349264e-08 6.467251283333591936e-09 1.604336322482219101e-09
1.302690731352958608e-06 1.283564927570823146e-06 5.109070612286388025e-07 1.500649214134629523e-07 9.594351805702356885e-08 6.079775189087000873e-08 6.848166416856617674e-08 3.101963914628265276e-07 1.880795508455543217e-08 1.503231358844901095e-08
5.330764161342388687e-07 5.083808290706799162e-07 2.254045866614042271e-07 1.239790770975012108e-07 1.403901003424026867e-07 1.050926525131310166e-06 3.136221965456349048e-07 3.860920850399261598e-08 5.531386717182510887e-08 1.627296208472177963e-06
1.564809909947861296e-06 1.237937739402902481e-06 1.711215533229495678e-06 8.123021560291795706e-07 3.423370627108853349e-07 8.294121935373363947e-08 9.237537135070869865e-08 3.054260140582093574e-08 2.533521740255474206e-08 9.360373380673330986e-09
3.909590249536261225e-07 2.292214383986144848e-07 1.665946311159300663e-07 1.176357575175691995e-07 9.283342464470935816e-08 6.305169112031200909e-08 5.281259646501807852e-08 3.490982600502390168e-08 2.595548514022942345e-08 1.690679129331281891e-08
6.489977485508331338e-08 1.147862415854518424e-07 5.897804640848571703e-08 4.593473277068035314e-08 3.407818025154715982e-08 3.245937550791710969e-08 2.589600936245464465e-08 1.858408819906817228e-08 1.020020090906301087e-08 4.784655866424521217e-08
8.537040772885880896e-07 3.875167591146344887e-07 2.214134054297982938e-07 3.169767522369602666e-07 2.357013358344288571e-07 1.884862065772180836e-07 6.256443229694784855e-07 1.088253437231984213e-07 2.592260250714457792e-08 8.621313578575607500e-09
4.955515324654858038e-07 3.534120453968535634e-07 2.717753261342404828e-07 2.651179924003564251e-07 1.113941727806528678e-07 7.760580429456340080e-08 5.061958414954661728e-08 3.121796714532839688e-07 1.258516631330881752e-07 4.013267339210310312e-08
7.705659828228949769e-07 7.721081109089357790e-07 5.563724877464368995e-06 1.204837661354171812e-06 3.449718106038947331e-07 2.349892121235512057e-07 1.203427103895688369e-07 9.770867815466478989e-07 3.415899429397740866e-08 1.729078905700902447e-08
9.584036019402606150e-07 5.451324362771303411e-07 3.166001844319265531e-07 2.250451034196833493e-07 1.478802411664030359e-07 9.693366428041642307e-08 4.807396648225907537e-08 3.027236274150325403e-08 2.478460315953741725e-08 1.613934810970194507e-08
8.004049951807891108e-06 2.208498228691998430e-06 2.114377087516635496e-06 6.146732582157014266e-06 4.108308519506649899e-07 1.508771925681505423e-07 4.148992152000148801e-08 1.177197060199902425e-08 1.065579071428303422e-08 1.016271881075554978e-09
3.516225435678496517e-07 2.698953502958106080e-07 1.972543014322384056e-07 1.511084234761048630e-07 1.376843993747217068e-07 1.029433936798072760e-07 7.484863908575361375e-08 5.076386326134061053e-08 3.404695597763053446e-08 2.553605597056525682e-08
1.862093957759850520e-06 1.307273427517449062e-06 9.349086665876690535e-07 1.040137458273673737e-06 3.268660328466668375e-07 1.569811204943479956e-07 8.476969017634450182e-08 2.166590483889241478e-06 1.102092543288927019e-07 1.275473652267745869e-08
1.408873078460315751e-06 1.029830191103879071e-06 1.636327501189038725e-06 2.511178563660922914e-07 1.997209050456650414e-06 3.070396244638732404e-07 8.812127217376407709e-08 5.566732531670916508e-08 4.443612128479053970e-08 2.149949669831680722e-08
4.029408548373332102e-07 2.647376571886012538e-07 1.552770138937994252e-07 1.196798357294473379e-07 2.611834145487266407e-07 1.175631000174354427e-07 6.320932072914328862e-08 3.830880445663454817e-08 2.330022004447673475e-08 1.505363668038503503e-08
1.980871216355982582e-07 1.430190505971466219e-07 1.623735897747530451e-07 9.061229295713940010e-08 5.467422110963728917e-08 3.341140041128027107e-08 2.464853565701716134e-08 1.416381347483661197e-08 7.309388285561121522e-09 5.014413404136537205e-09
3.522279642586344142e-07 1.558555851495550682e-07 1.493858608925463636e-07 1.279225279493229536e-07 1.084927429826688174e-07 8.598413702607762141e-08 6.039345019239619660e-08 4.086235933758296034e-08 2.945777626146354253e-08 2.327856840026908278e-08
7.832829555336093517e-07 3.606778579110785704e-07 1.633394150090452805e-07 1.145801952075766240e-07 1.369421842132897141e-07 1.147685552219838865e-06 5.601030428409875569e-08 2.285408102374377616e-08 3.399142441153779913e-08 7.925078159516154524e-09
2.285097680127779574e-06 1.721994379862556341e-06 1.094740221109540182e-06 4.270214042512435039e-07 1.389466439474431267e-07 1.445131508716710246e-07 1.705877791797001947e-06 3.454804647497933098e-08 1.475689751471158898e-08 7.432923366816800895e-09
1.318090656208892423e-06 9.332228995850623548e-07 6.949136056534393531e-07 4.670093522876388656e-07 2.370781050675161864e-07 1.490623124983293436e-07 7.962919943783410822e-08 5.778721019287953407e-08 4.822021704548504989e-07 1.890526448708064931e-08
6.958845155095266623e-07 3.864972456676291309e-07 2.589586683283723031e-07 2.027734819260318554e-07 1.209672149414224700e-07 6.873644308406981315e-08 5.132314844431958619e-08 3.098837778470927912e-08 2.427500939206844007e-08 1.518310217069685071e-07
1.112107916549158387e-06 1.447164206047716390e-06 8.998166309612612937e-07 4.188382383826564227e-07 2.683969839436066766e-07 1.327588943449557465e-07 5.920121021056523322e-08 3.573990098395016093e-08 3.697836120496657568e-08 2.053844208171075739e-08
1.667653734904802526e-07 1.580349153264494969e-07 1.757124215591514332e-07 1.416153241321632905e-07 1.398623556361964437e-07 8.779923698157581945e-08 6.176303310858271109e-08 4.310411906837533997e-08 4.277701725515407260e-08 1.927238626966529626e-08
6.851066777805267670e-07 3.763007306494274158e-07 3.295861085806464773e-07 2.902286834457946173e-07 1.374098152386739543e-07 9.646689184445115228e-08 7.195393409044324900e-07 2.221663583888550456e-07 2.520742518287007076e-08 1.607941781079981178e-07
2.377347268246888537e-06 1.685677294570686564e-06 1.021497535594499537e-06 6.144465400264581811e-07 3.669598905490465146e-07 1.745947603757978524e-07 8.266888933336574291e-08 4.595163433793887804e-08 4.277199912221480769e-08 9.421783731814703546e-09
6.848057628761353397e-07 6.055487526596102766e-07 4.363510107635418335e-07 3.214489821725572571e-07 1.713509386671284667e-07 8.527347459017052120e-08 5.092906799507091756e-08 8.233389653910535028e-08 3.128793289295006031e-06 2.410185574330198030e-08
4.011670033268251936e-07 3.243533559997986316e-07 1.288188913575575799e-07 1.043533030114991559e-07 1.040264838159732546e-07 5.390872147356116233e-08 3.968992075630536993e-08 3.347886711894923268e-08 3.378640739191306188e-08 1.238854452126321897e-07
1.624363276127604078e-06 1.608784703758846280e-06 1.361764932149617236e-06 9.799642709994375998e-07 5.572280019610842086e-07 2.675000417821212354e-07 1.013936716347388816e-07 6.062729141442824782e-08 3.527932221770479641e-08 2.386564462913560666e-08
1.398629026864951650e-07 1.385720235025394950e-07 1.422837495702857054e-07 9.985553259583050431e-08 7.769388330853188985e-08 5.751310148797158736e-08 3.886392374988758729e-08 2.668985621632233144e-08 3.404325957015035963e-08 1.270149650179517068e-08
6.904434814195707378e-07 6.612320526328627093e-07 3.891776402119673583e-07 2.384165568442780660e-07 2.008980835083356663e-07 1.776293015985601354e-07 1.471200540336900147e-07 8.162397721746971329e-08 4.155591867869384962e-08 2.390918885523306289e-08
4.591191526124975631e-07 1.548473608220685230e-07 1.022057353449131797e-07 8.541536906006913085e-08 8.481501432080030193e-08 4.693627713521220339e-08 5.119354336048072334e-08 5.163531883215463578e-08 1.864800370583163207e-08 1.222441510127721396e-08
2.595681805632337673e-07 2.190555329839803302e-07 2.408890093880957662e-07 1.675106480219138182e-07 2.741569678530490754e-07 1.496282984311311793e-06 1.211549656914019531e-07 5.980650341739143067e-08 2.135948892413936520e-08 5.957086140064662298e-07
1.330427388509089814e-07 1.189726567950367566e-07 7.516869666522096341e-08 5.543870627990452218e-08 5.070893530826090243e-08 1.591087773573221299e-07 6.806396157238374232e-08 3.424811226430902046e-08 2.233545271115616990e-08 4.699700801189347727e-08
2.613198936357219925e-07 2.358884020970680998e-07 1.587352599775788941e-06 1.246872113586062767e-06 2.316997953785473234e-07 1.063821218827869043e-07 3.155610130485123529e-07 6.061011312371549920e-08 2.410367290319950344e-08 3.343206036850352050e-07
2.768668160437317894e-07 3.053122447005837163e-07 5.195804479888369346e-07 2.687570061047619061e-07 1.382140925105125928e-07 1.057108543211921267e-07 6.458748080821219848e-08 3.214355025850327400e-08 2.209680677609907005e-08 1.237486839516854495e-07
2.574820008448852976e-07 2.548971826498109418e-07 2.365161088975717436e-07 1.840022214155970231e-07 1.307950845895867471e-07 8.436945163809322660e-08 5.051376459970736927e-08 3.109663769289782969e-08 2.041347935185396188e-08 1.179975382463816255e-08
7.639372354737772636e-07 6.182472514805178216e-07 4.388552309659619401e-07 3.663593447487516703e-07 2.406720704278413595e-07 8.569296854192040502e-08 5.273962533573301374e-08 3.113202605061320187e-08 1.907611991534778542e-08 1.392665404470497302e-08
3.960536926774854874e-07 2.988746763495101434e-07 1.783817698336063877e-07 1.131321797501163218e-07 8.383286465519642573e-08 6.445976735496486438e-08 4.055628258709382193e-08 3.095659619262164574e-08 2.275056652303292571e-08 4.040542009055951348e-08
4.196997877686167556e-07 3.565877391538009564e-07 1.608619445291078491e-07 8.388844885790150530e-08 5.786218614991260128e-08 1.877214066196423015e-07 4.276644398458554168e-06 6.656324126696677156e-08 3.023213325635730250e-08 2.205752796118997918e-08
3.624851140602689051e-07 2.190978453561268114e-07 1.631140137835712882e-07 1.108916796605566304e-07 8.079166399393484559e-08 6.351298104362138110e-08 3.842717440707097141e-08 2.534244617191862061e-08 1.343010935811990046e-08 4.003394384396749337e-08
2.269483997716225766e-07 2.220284252758826422e-07 1.629313522081779589e-07 9.730787212942722903e-08 8.139716865893799808e-07 4.930759694392456051e-08 2.355262678211560013e-08 2.405770045734245289e-08 1.721199200871066478e-08 8.527341877426372428e-09
2.022235498933847904e-07 2.061999814912560450e-07 1.696613387389806151e-07 1.542614847769920736e-07 1.512028642083605399e-07 4.254865987685178382e-07 7.110617664140228387e-08 5.020161923359403428e-08 1.971677629703943816e-08 1.160432850278230773e-08
4.544366478315625768e-07 3.004398329491750969e-07 1.334006654993113842e-07 1.292809837347012072e-07 1.009918425839045490e-07 3.487925696665239166e-07 7.276589484759097374e-08 3.246691148064792964e-08 2.508608044025399964e-08 1.553524153115077057e-08
4.811736196706613768e-07 4.017547026284579655e-07 3.518550610344612238e-07 1.878540530937117974e-07 1.288959671836159949e-07 1.039804429703546419e-07 2.232107430095851508e-07 4.488849790646794647e-08 6.111161177479054279e-08 6.628181233707961066e-08
6.545164682333155822e-08 9.662129080305577275e-08 1.004425822194835882e-07 8.560055870815523649e-08 8.178402474216016423e-08 5.880704741926234018e-08 3.739354443883670967e-08 3.344665108068506927e-08 1.923667290579374913e-07 8.801990430119326855e-08
1.486568220209122275e-06 1.020337792959426465e-06 1.170078407325221633e-06 2.731633534577162021e-07 2.141686121655168146e-07 1.139949796169069564e-06 1.806733085876543046e-07 4.461862274106401290e-08 3.949020051646496488e-09 1.347077313355076489e-09
7.457939030431107278e-07 2.005220214554719535e-07 1.256912908269609962e-07 9.722540231001769945e-08 7.465807201259481316e-08 3.983948631406640957e-08 2.539162058520854305e-08 1.509282885607457033e-08 9.996138523689786155e-09 2.917202899676762706e-08
3.216322333446348918e-07 2.491333496241181023e-07 3.087331904366461363e-07 1.492120026993992143e-07 1.184367855368869149e-07 8.987636611515051055e-08 6.581525522653631074e-08 4.381630258614364402e-07 8.080186303832717267e-08 6.937536444346418662e-08
1.301861621241156411e-06 5.727351176565117858e-07 2.224850088998497654e-07 2.113320734310603107e-07 2.155147306948780973e-07 3.231786157307493175e-07 4.060673324282242752e-07 2.244315420874474040e-07 1.021835011626894118e-06 9.864201811461409264e-09
2.807262205567404618e-07 3.010177437176774075e-07 3.314792778490953919e-07 2.694411974443505828e-07 1.742047785679443585e-07 2.428064965287101139e-07 2.083190279312961483e-07 1.332575590710058961e-06 4.052751689339045355e-08 2.901436293140288871e-08
2.982366839561812931e-06 2.201632127718817135e-06 2.830026893466648287e-06 6.225154913266515054e-06 2.523543211264720459e-06 3.712122496708413118e-07 2.803292312173130252e-08 1.179626346312217220e-08 5.502841439360229354e-09 2.160027182649590905e-09
1.593163116296180192e-06 8.694026086624592010e-07 5.305279003406579428e-07 3.975885113129988445e-07 2.082936456629131125e-07 1.018026092753716283e-07 6.524104245314883784e-08 3.965139674602765907e-08 1.971135336863330168e-08 1.130648469337897452e-08
1.009782699912995350e-07 8.336247550351720504e-08 8.155642986304418635e-08 8.830097650115184420e-08 6.873771683428901094e-08 7.221209850238515048e-08 6.225812711352291394e-08 3.661348546559303127e-08 2.335227012489890075e-07 1.578561790942503701e-08
7.937682723085113412e-07 3.788746796689958694e-07 2.567737402042428874e-07 1.421421137544357715e-07 1.170414328211003729e-07 7.107611857714310252e-08 4.153065677950274722e-07 5.147166160738419228e-08 5.954108766816406824e-08 8.873524072131992098e-08
2.680805931298317108e-07 1.506269200792466989e-07 9.436747876441784093e-08 7.073208671147684697e-08 5.487592376892037597e-08 4.392507070851469840e-08 6.708316162875477452e-08 2.812480696110097150e-08 2.162397852056244315e-08 1.049644787541174877e-06
8.878911669685089461e-07 7.009653549347071480e-07 3.967018731322975104e-07 3.800455912730848640e-07 1.941225832873035635e-07 1.236690128530178548e-07 8.997889910540727355e-08 1.049609612746624241e-07 4.200905646758180147e-08 1.676714685108969980e-07
1.858182523417413363e-07 1.179219663791863139e-07 1.099165498976450809e-07 1.265774834661100689e-07 1.159017095413869756e-07 1.016215716902931405e-07 8.478494840389910899e-08 4.300813919532162701e-08 2.941573102689375974e-08 2.653609738914253792e-08
6.164848842869223065e-07 2.787825433146244844e-07 1.787928336964964069e-07 9.555310520547965053e-08 8.551388785154355090e-08 6.492781990723242849e-08 6.307154458477492919e-07 8.305880155303920211e-08 2.002359560470660273e-08 8.493842760774562656e-08
8.482902284281921098e-07 8.305186902750586641e-07 4.338931366194278588e-07 3.519534427002380780e-07 2.636105583206265099e-07 2.168745662473732214e-07 4.715806508014731165e-08 3.217237288370296028e-08 2.134717005427628020e-08 1.281045764965458727e-08
9.154012049527202966e-07 5.803387025676281947e-07 2.552084239167872392e-07 1.784782465337190442e-07 9.553149331145495298e-08 5.018378713861837401e-08 4.177009698109033749e-08 4.909752182313825451e-07 1.719493772238293951e-06 1.247217016681109724e-08
1.521636846635046229e-06 9.049212997771461658e-06 3.062129060855778393e-06 3.263275609235947475e-07 1.838246541632339780e-07 1.170326109640572258e-06 7.034978874340175160e-08 3.670755961196758172e-08 3.123382914861074149e-08 1.471569195608522147e-08
1.853038904031179676e-06 1.302141451558244166e-06 7.420236384420953321e-07 4.439064733008212365e-07 2.902479072784153618e-07 1.923908317385247588e-07 6.830099359463643706e-08 2.841563064177685859e-08 8.141791766993760637e-09 1.071208733684493432e-09
1.367296144265479087e-07 1.219879341537306225e-07 2.540653415123198695e-07 6.852253239563670689e-06 1.482245289231608069e-06 3.137286393308544875e-07 6.032834718710527412e-08 6.758263481135827486e-08 1.919178891107630039e-08 1.011421251413439778e-08
1.075159870024203760e-06 5.548137655857326289e-07 3.552098448597495379e-07 2.230494108550675901e-07 2.108726207873935523e-07 1.144454623218275992e-07 6.952464766041926613e-08 4.595310397690792443e-08 2.803631048646761479e-08 1.785058372589191137e-08
1.757265430727928949e-06 1.339674288465848396e-06 1.081551809862588434e-06 1.052303081878952456e-06 6.270334216029256677e-07 1.971919099554945605e-07 1.183733874708499567e-07 4.804474520735392277e-08 1.625422948657228765e-08 3.442424463063744851e-09
1.197058615659122399e-07 1.430465020717006678e-07 9.556084698568853668e-08 7.530007025196122142e-08 7.379553646558476747e-08 6.639055541952921407e-08 3.945905105015632396e-08 2.531079888710157208e-08 1.830889225541321379e-08 1.251590325217963991e-08
1.122853445377423802e-07 7.249230716409391954e-08 9.856864952169415474e-08 6.316493565027962045e-08 6.032336786531854705e-08 4.829213142203241101e-08 3.057181337997452065e-08 2.945639819302446570e-08 2.071175148969523437e-08 1.143916761045326955e-08
6.877110968567501230e-07 5.445121832987206489e-07 5.880154882851044988e-07 5.579298809764933126e-07 2.683607492841256277e-07 9.396109330763585153e-08 5.600931976668188110e-08 6.869894559688254269e-08 2.951395970545609408e-08 1.865456107790838283e-08
2.946186522351052781e-07 1.748045206023092090e-07 1.467778443262503129e-07 9.187269062702131931e-08 8.231867679991225302e-08 5.565045307397740337e-08 4.609139747378704169e-08 5.033784201246749095e-08 2.807293248122985839e-08 1.937155338900795048e-08
2.140726885831750576e-07 2.262928071069866816e-07 2.689037246188147841e-07 1.258879446862161282e-06 5.493650727226212965e-07 6.652399614694342726e-08 4.788189361843586802e-08 3.588606528816339996e-08 2.240246433927727689e-08 1.955766707356991209e-08
1.380133665884714020e-06 9.592009155426098323e-07 6.294233088260868975e-07 6.847607580685216256e-07 2.766349229566665096e-07 7.369611706223521759e-08 5.197324909326944634e-08 3.840263125893588219e-08 3.216544234119944850e-08 1.790297105437381322e-08
4.204306728464502573e-07 2.836836672415618032e-07 1.511014319202565361e-07 1.433279794301480811e-07 1.102168992777953253e-07 1.055028291003209712e-07 7.101871722975506774e-08 5.293830214326288207e-08 2.604950117664186026e-08 1.137772333008612607e-08
3.139322240504621204e-07 1.872859781887463368e-07 1.608311388578999680e-06 3.958268790963883199e-06 2.664439971084756342e-06 3.456859688263450202e-07 7.031821602039698758e-08 3.648263900847746697e-08 1.520462937010157709e-08 8.979422867716139607e-09
2.498385699342082285e-06 9.700504270090684353e-07 2.729167539649093463e-07 1.405188516833563815e-07 6.504449363869114202e-07 3.544597834991926927e-07 1.201697703992859516e-06 4.453829404234224986e-08 2.955827159024893315e-08 1.654644523944600444e-08
2.050254952943634245e-07 1.391665311818044096e-07 1.333460355312220627e-07 1.424561022340108922e-07 3.809452918089462673e-07 1.272337767291282848e-07 5.929080406557866230e-08 8.934031956603374778e-08 3.449502367595102348e-07 2.799973076101932487e-08
9.585371594433084804e-07 7.375189350434176422e-07 5.034058541992722047e-07 3.738404230002945196e-07 2.173079188196088491e-07 1.033733674905716944e-07 4.986509227344438368e-08 5.731192539619347032e-08 2.150163765861484855e-08 1.621247397678128711e-08
1.303449336131145703e-07 1.142295777636222896e-07 1.195982492596929827e-07 1.090952682634315657e-07 7.195195232174242688e-08 6.776550122387925434e-08 3.021810276234520262e-07 2.431125070936647771e-08 1.310820113638350969e-08 7.018802916849311625e-09
2.877074179988591832e-07 1.335098665899884639e-07 1.671929606252059975e-07 1.056072068759028544e-07 9.463723668295249911e-08 5.633891335148970971e-08 4.378518113513125511e-08 2.829539339233589957e-08 8.716480450464662708e-07 3.575604733410690945e-08
2.001314293315981274e-06 1.661596710582746630e-06 9.615198642198591338e-07 5.275579113436815401e-07 4.295137997041842844e-07 1.329117221603822376e-07 5.292035340927741643e-08 3.356994901704869117e-08 2.256182773691236256e-08 1.320937115111948942e-07
8.514302128274166928e-08 1.193620347757345028e-07 1.092630357883374005e-07 8.805670299234537675e-08 7.761770592680356136e-08 5.399114567785448107e-08 4.076699155015932506e-08 3.502321662986858027e-08 2.392986997464865275e-08 1.797070252762040310e-08
1.490895019897191088e-06 1.220796379623200593e-06 5.814303908855585180e-07 2.581382600776208240e-07 1.933584217471024306e-07 1.164160909678281940e-07 5.207964943533765660e-08 3.662638226810938256e-08 3.369384803866976886e-08 2.069837882483552161e-08
1.015139487304866570e-05 1.603684573653406764e-06 8.955596278532642812e-07 6.511130593363373454e-07 5.895761508928225156e-07 2.129392138156029727e-07 1.250343006961161171e-07 4.557759849424032051e-08 9.913210320442427181e-09 2.994917653075087260e-09
2.347265983092953727e-06 1.229077195978468513e-06 7.629747681553448830e-07 3.632173627610297271e-07 1.365308002939811900e-07 1.357323360593284792e-07 7.268957800602556960e-08 4.766677758028060433e-08 2.065467445380906245e-08 6.906609368192203681e-09
7.206787532498874463e-08 5.711607264094981448e-08 6.038152256256339995e-07 2.315860965009549231e-07 3.359518625789528083e-07 2.586173124357969920e-06 3.137654879153565543e-07 1.565961091926100907e-08 6.248317754105631038e-09 2.582598183041655106e-09
1.426993110945142021e-07 1.568984464808433025e-07 1.038074948766656965e-07 8.857439032076441042e-08 8.425322769963125107e-08 7.019451138831698771e-08 5.857385866319212890e-08 4.751419087139504304e-08 2.502632973059251670e-08 1.544027797031505263e-08
6.791643590181426893e-07 2.742810973581253189e-07 3.176138818893353538e-07 1.088661735299946704e-06 3.218653399878832927e-07 2.773786961578168965e-07 8.691643198912793601e-08 4.068904363768494772e-08 2.952841888606712623e-08 1.025955712994483483e-08
9.664737893150647885e-07 7.475077537275027313e-07 4.672637195624456604e-07 4.035522114482725572e-07 2.490346072411296171e-07 1.497148806417200777e-07 1.013343898244252352e-07 8.633640384120851617e-08 5.100876415713976689e-08 1.352109027645151935e-08
9.920381773802314878e-07 6.571448308023424479e-06 5.957297442994515306e-06 5.000014433502098192e-07 1.493080783749036590e-07 1.819797817745178664e-07 3.636969256316853257e-07 3.397795919690374566e-08 2.778287098770197490e-08 1.028668496461388696e-08
4.051899061574681038e-07 2.369275069246419941e-07 1.601286610752765643e-07 1.448326533663936263e-07 1.228232623485157675e-07 7.706044113663028042e-08 5.380885799984770944e-08 3.576653635039427947e-08 2.225587335970683485e-08 1.560513470014625350e-08
1.771653153175112430e-07 1.463909889806600576e-07 1.325601032781153739e-07 1.210798894871074099e-07 1.477430853459212069e-07 1.932361786268432781e-06 2.230117632746869872e-07 2.605694889692938472e-06 2.499601440624604105e-07 1.425717249769895586e-08
4.719726704239733392e-06 3.279809449723736077e-06 2.056769432198265443e-06 7.750536979182623424e-07 4.689254713229316683e-07 3.005427651670016920e-07 1.137842500105092191e-07 5.248299754489003145e-08 2.426058017127662622e-08 7.747131811547953025e-09
9.026134356036232600e-08 1.067925840742658059e-07 8.486810808660101647e-08 5.475156245172597836e-08 4.596648112579433266e-08 4.115507149634851530e-08 3.707353612585622103e-08 3.320064352824822237e-08 2.639181313630758818e-08 1.882614274511014263e-08
7.896957106241517883e-06 4.412428401901632157e-06 1.217480675598292703e-06 6.321291384893485953e-07 3.206109999453167554e-07 1.804406569472389207e-07 1.019108413369177548e-07 6.448548136543624089e-08 4.336351823233906180e-08 1.363840121107672093e-08
1.102307631198073848e-06 5.368193526274186823e-07 4.116648848037606843e-07 7.406098504347979972e-07 3.152199611900413746e-07 2.029638390764783816e-07 8.018639914719461184e-08 4.327564794680168893e-08 2.863623710319338727e-08 2.119127460369387344e-08
7.649862672190755502e-08 4.428554640645532872e-08 4.199180998280041572e-08 3.130827696239769660e-08 3.505894628926046022e-08 3.416949962404633253e-08 2.570251547264779207e-08 1.752099016074127562e-08 1.612272346356646700e-08 7.907181530705198332e-09
2.593496961288340938e-07 1.639448703143398376e-07 1.073846502400791070e-07 1.010944947011861794e-07 7.153249011846576224e-08 5.577604096402895170e-08 4.015418764990813782e-08 2.235171814095744275e-08 1.550831298263180728e-08 2.021069701051168961e-08
7.613718006725729716e-07 4.791922510216640896e-07 3.184181387106530034e-07 2.847968599197343646e-07 1.319630984580425821e-07 7.785039111218836361e-08 8.342720349464873061e-08 9.786512077552467393e-08 3.405995783961841601e-08 2.675640272839408873e-08
1.441783447272775361e-07 1.635229909243378770e-07 1.245219650961325886e-07 1.079875557936109773e-07 1.072909768918627318e-07 2.361094239039047371e-07 5.236977123791918843e-08 3.040723160272842873e-08 1.770296470293179950e-08 1.347896280808451839e-08
3.560323281397277925e-07 1.914175682246003897e-07 2.032721792067585548e-07 1.484966134474380955e-07 1.258466121077224712e-07 1.122115816509812040e-07 9.302846854467737127e-08 5.110439210221343586e-08 8.763735472690507323e-08 4.103020966220988295e-08
2.387227735389026257e-06 1.788645846943431423e-06 1.179330506611832645e-06 8.741692117481174408e-07 6.388569099543655761e-07 9.893407103754227088e-08 4.416089070354464503e-08 2.147524815082230116e-08 1.551628540913938600e-08 2.315291173445119131e-08
2.505502257966570912e-06 1.696616250351150701e-06 9.163154834452311839e-07 4.301129877227537460e-07 2.111174650547382235e-07 2.629204680092105722e-06 1.883882687505640406e-06 3.684944107030738703e-07 2.180734189792076518e-08 8.589129134424465997e-09
2.375670090260990491e-07 2.645372615043333980e-07 1.522675662982918751e-07 1.126010754068305311e-07 8.175276749245246783e-08 6.482195248496268640e-08 3.709092816332705145e-08 3.403710684835503634e-08 4.039518189001112788e-08 1.487077832118135099e-08
9.279630466864142625e-07 7.649840407093304857e-07 1.809335227444319998e-06 3.564122169284337580e-07 1.886912312727008507e-07 7.509926937156855118e-08 5.113091552205241767e-08 3.032568960258667652e-08 1.581773063549326452e-08 1.593452836736760304e-07
8.384902989326390287e-07 6.184356898020660359e-07 4.480426317513409307e-07 2.471586941409286253e-07 2.360799195029213963e-07 2.766106815475269894e-07 2.801836272228996182e-07 3.566314377336372810e-08 2.226059425081108416e-08 1.659427957474234376e-08
7.183514247930896020e-07 2.794735104926377248e-07 3.678462527520203729e-07 3.716051752965432254e-06 8.984032960159074273e-07 1.382012038363410651e-07 1.385208512400114597e-07 3.236181404932186409e-08 2.828149284472149518e-08 1.978952799235283992e-08
5.087284141177880251e-07 3.685483831644932810e-07 2.517787210363159168e-07 1.252878601056066368e-07 6.481747577728516389e-08 3.470112192230307728e-08 1.870725293716988980e-08 1.302157524969877242e-08 1.251465179693373287e-07 1.804815738722737621e-08
6.588239788143971881e-07 4.227071235795938324e-07 2.461896266538809830e-07 1.400700985444332006e-07 6.784140966119105309e-08 4.684842869532494031e-08 3.322338639922422026e-08 2.724009358449556859e-07 1.953472354839457506e-07 1.735470646602721212e-08
1.136273310637338942e-07 5.714222864999214246e-08 4.102869275187703178e-08 4.154841879101903245e-08 5.584495712505057524e-08 4.403526564041465725e-08 3.319823808661742406e-08 2.496257074321787460e-08 1.682846988225142327e-08 1.214797550950654139e-08
1.887746379719594663e-06 1.518759222730528289e-06 1.176790047996330236e-06 6.922545542149296579e-07 3.815775881734522223e-07 1.758999561931091978e-07 1.110196824839718707e-07 6.215192973755573229e-08 3.092057515413646105e-08 1.506837373711591305e-08
1.616582700742085341e-07 1.006869835390319134e-07 1.093143855811392886e-07 8.038811354647982757e-08 6.989052254929361369e-08 5.663279846266492371e-08 4.393279903599120467e-07 3.201636859275083646e-06 3.348835409557230456e-08 3.894495916314019255e-08
1.333647143470723360e-06 6.560561951328196112e-07 4.867284042326553327e-07 2.981080792031304456e-07 1.820615204403200838e-07 1.814609190874872109e-07 8.168622882158281094e-08 2.291150031573244667e-07 3.402929029470444736e-08 1.097814975768472100e-08
9.474415432104544987e-07 7.103151561141441763e-07 5.389861526203558151e-07 3.784073508179987562e-07 2.278229315906303061e-07 1.008336459842668274e-07 8.894527959632232506e-08 2.433457605838770063e-06 2.395956525045743554e-07 1.464917378142604994e-08
8.528312224702650490e-07 6.103635798777753001e-07 3.404247977503137068e-07 1.937271389325640008e-07 8.388364341992766181e-08 5.361339100895147788e-08 3.025101201414908440e-08 2.361744138372382259e-08 1.395031171732272468e-08 1.028541903052501304e-08
7.886925627984423261e-08 5.461259522076692918e-08 4.401461485110733002e-07 3.437015867826693189e-07 7.262697157294069406e-07 4.483519401699265409e-06 2.245314839322280959e-07 8.185599276559864317e-08 1.376169688752683973e-08 4.968989994394436687e-09
2.017027626891758372e-06 1.449605816931940150e-06 1.138220077164052546e-06 8.871208253115423117e-07 5.351883694899108629e-07 2.594947335947019046e-07 1.071471880230254593e-07 5.272803700965576791e-08 5.048064785249262103e-08 2.544551449512893928e-08
2.143487120000288170e-06 1.491226299862571781e-06 8.815699013323193316e-07 3.337186380235839527e-06 7.324820317327241709e-07 1.540953722452565673e-07 2.894507519028041498e-07 1.966126418585458089e-08 3.846036091616445997e-09 1.018776269417626593e-09
7.359972706148071877e-07 5.439613644720313774e-07 1.771623465523169583e-07 1.531775687707222583e-07 9.105520105532468980e-08 5.590976843784017915e-08 3.611869404306356773e-08 2.678210451682452586e-08 2.136549695916283697e-08 1.054610605510724520e-08
4.826632449942482501e-07 5.276702533364359056e-07 5.095576826464061796e-07 1.629963839326413485e-07 1.000119862289048816e-07 4.903386199012782096e-08 2.861739039808097022e-08 1.976973934738754837e-08 1.376724619030432242e-08 3.007869572587547034e-07
2.299942277399891760e-07 1.807790601990738783e-07 1.154274412029768909e-07 9.200546761355826364e-08 7.068412819682130109e-08 6.229247985779168516e-08 4.031290043282285733e-08 2.122188619479214680e-08 3.978449449569940981e-08 2.835872537983504183e-07
2.349367860708174594e-07 2.805468113767781817e-07 2.709650414261439777e-07 1.935058348181152614e-07 1.496502986677296140e-07 1.083386159942750164e-06 9.005741903951898678e-07 6.992391735911686702e-07 2.209965138036482742e-08 2.449278152866904227e-08
3.536826802118523719e-07 3.353618474331364218e-07 3.002161667941276794e-07 2.245588929001562576e-07 1.185593895633103988e-07 7.937108565247737432e-08 4.095637468786787920e-08 3.449907055965588963e-08 2.035709544607951965e-07 1.850143602640876813e-08
5.662254887646495696e-07 4.916532262206093485e-07 3.508324265567219184e-07 2.754495288657376879e-07 3.386652097240935443e-06 2.029490713132455084e-07 6.843595031143317847e-08 4.304253584943994791e-08 2.498492072022788918e-08 2.117401588665825334e-08
6.402843726299579813e-07 1.044545939835225102e-06 9.314386986731830047e-07 3.120413778685677003e-07 1.843226092519967090e-07 1.139346431973970144e-07 8.027245230176216204e-08 6.196468077115663901e-08 3.863642795230726078e-08 2.475890579242847502e-08
9.484036017657173694e-08 9.455867541476829636e-08 9.874107807147340996e-08 8.095911779383794619e-08 5.375660922630056231e-08 4.511973784699807521e-08 3.398648600079611184e-08 4.661769778865599270e-08 1.529008731703030511e-08 5.629541907586071088e-09
5.700901866793017009e-08 6.663778221230775692e-08 5.984093395585867635e-08 4.573483094972855617e-08 4.030030489560315434e-08 3.978201697637756857e-08 9.985168310430460450e-08 5.635805109452900316e-08 4.535184809357158600e-07 3.611730181543620138e-08
2.296629145631630789e-07 1.791031372222370201e-07 1.708169947501399401e-07 1.162180440999769163e-07 7.529647642351924724e-08 5.509914015535156087e-08 3.551132071001518602e-08 6.187053527907655677e-08 2.683006446741342334e-08 9.455470402048038342e-09
2.507907010313432758e-07 2.206577325642945905e-07 2.427139646766380429e-07 2.989018188994747557e-07 3.904701315998087268e-07 3.786031926267468626e-08 2.340832509491786813e-08 1.469978078014184580e-08 9.989655943633269372e-09 7.124538808983381131e-09
3.990912138156863693e-06 1.484618192873760087e-06 9.300937811470025581e-07 3.646246749349978333e-06 5.086082803789416366e-07 2.164668208257537170e-07 6.573252349649499853e-07 2.390080665770298593e-08 8.228674047870435019e-09 1.327856550939612387e-09
2.293099606212768072e-06 1.127153217532150780e-06 6.302983092601192980e-07 6.784823297359888362e-07 3.065162688120573514e-07 2.127877017677481090e-07 1.319167591144380441e-07 6.370571127944523390e-08 3.109924049432947009e-08 1.983986156943566631e-08
1.422113185220742907e-06 4.581292654161764985e-06 8.413814571018533548e-07 2.997427265189218689e-07 1.906348663942185864e-07 1.090123573694706844e-07 9.602455028728224548e-08 4.695860197052358696e-08 2.494850964669097708e-08 1.752607543485384914e-08
9.566726846326809878e-07 8.607458616909944393e-07 4.710139856702184559e-07 2.342375023519437277e-07 1.068982472682441953e-07 6.781170167957769604e-08 4.841065642793045368e-08 3.471548776175527475e-08 4.893388215214371594e-08 1.491019529191420055e-08
1.233271891693929051e-07 1.368973930970215173e-07 1.498214090392290902e-07 1.340464227936619077e-07 9.519214783857687197e-08 7.204900397671303945e-08 5.537893258917883395e-08 3.661978502531764337e-08 7.165440426584360396e-08 1.058084869373177785e-08
2.819075614013868140e-06 1.475962482858821522e-06 9.982022281465587892e-07 6.093036564937507092e-07 2.111644943999853585e-07 1.146640915609984967e-07 8.949080723998651484e-08 5.026688016400113375e-08 5.988568961057810944e-07 1.927472376212668880e-08
1.381250542446493848e-07 3.919971408966014389e-07 3.570048380439912989e-07 3.420435195850895082e-07 9.554153695591266474e-06 8.532033261008181874e-08 3.212231149383702773e-08 2.086793224754218606e-08 2.423649606773441111e-08 1.509256999456492058e-08
1.214044873879025361e-06 6.564705418638335862e-07 3.716069673452561214e-07 1.876501997719726959e-07 1.310770745886881963e-07 9.927633946985386818e-08 6.616705567316475783e-08 5.210585559908514203e-08 4.051949867640960191e-08 1.996260485994823198e-08
2.142491120803024135e-07 1.922598455717250008e-07 1.571380267993852287e-07 1.100162671089661032e-07 7.903027157077120991e-08 5.236559667254403186e-08 3.563735364533208198e-08 2.470249726576908892e-08 1.525488067893529312e-08 1.879778081377858263e-07
2.452217944537321575e-06 9.494837662462511708e-07 3.557154011095221059e-07 5.563740969881847746e-07 8.634961924987266467e-08 4.562822695146196106e-08 2.168947297648763966e-07 2.098803816837374229e-06 7.266696482431637386e-09 1.054868715559537911e-09
8.667962017351495459e-08 6.403128678495925402e-08 8.186601461507595033e-08 9.045672564677945171e-08 1.669813725569907121e-07 1.202648119261331997e-07 5.954684523470691104e-08 5.174003199900346146e-08 3.501765268934117208e-08 1.744038443513342725e-08
4.158544475958268438e-07 1.827921357217512421e-07 1.674408953502713773e-07 1.580035001625969501e-07 1.027836167613285249e-07 4.913619705395137711e-08 5.497224814838187891e-07 5.758979264561707146e-07 2.221285660183393459e-08 1.456095619834560875e-08
2.934250874266381275e-07 2.337414900775553217e-07 1.700722717648531684e-07 1.071658843055157291e-07 9.231286878936299866e-08 6.737050858232066256e-08 4.613887442516369459e-08 3.229501317598587801e-08 2.354942619200897687e-08 1.538642947206006157e-08
1.117622491061509900e-06 8.280315848062824692e-07 4.243212719392567649e-07 2.845104144224935929e-07 1.263067438566810908e-07 6.648505734410477677e-08 3.090778724663390801e-08 1.837860286834459815e-08 1.628430542040627457e-08 8.405535983752062090e-09
1.021312168876830462e-06 2.573946423606153279e-06 3.724415598650992585e-06 5.064221214648236456e-07 2.649164583885374358e-07 1.448423417070672515e-07 1.168482871640797686e-07 5.512359987771638394e-08 4.247521245209947760e-08 1.723904753820833604e-08
7.737670047108853819e-07 5.098519568571459690e-07 3.147943966641723910e-07 3.094186174110927633e-07 2.057172296869564243e-07 1.235966339785135674e-07 8.200947143339838807e-08 5.898230172727155277e-08 2.976857196113037866e-08 9.864138743208648888e-09
4.326817951293282002e-06 3.130970834869010956e-06 2.205907276465793214e-06 1.719272744593410547e-06 7.346409667893218160e-07 1.420194572012954603e-07 6.953439411437740559e-08 4.148743867423417632e-08 1.125740162959789126e-07 4.510479356734834195e-08
1.987074242509414032e-06 6.549845876212860365e-07 3.780919394086206172e-07 2.665482964798918374e-07 1.080197972434662157e-07 7.385978169186175296e-08 5.797879714579891834e-08 3.327828411860825656e-08 2.020727334270057497e-08 1.186271091162654851e-08
1.098481161721867845e-06 1.001217350352521862e-06 7.392207861986498365e-07 4.798675800694658911e-07 5.474384863856169350e-07 1.039064401976516695e-07 5.276442682129596497e-07 1.439816046848101679e-07 2.133352440187444578e-08 1.123686053963834127e-08
1.082819029821573786e-07 1.076472791068612306e-07 1.206640905427783784e-07 8.285938654585501547e-08 5.634767280064642938e-08 4.249341449523157857e-08 3.496629523593052058e-08 5.645653680230344371e-07 3.329759811567070911e-08 4.990110913876938422e-08
4.451120319248072500e-07 3.475592386317785939e-07 1.926576871938371172e-07 1.074065485769014399e-07 1.209227725867690217e-07 1.885787962706451914e-06 1.113161389872226042e-07 4.420256837524469802e-08 2.592566012121383348e-08 1.232657993135709045e-08
3.345980689535752111e-07 2.935579827964827371e-07 1.915809511671426368e-07 1.566624226193401404e-07 9.549247598817837002e-08 5.989401284730489515e-08 5.147326735967847516e-08 3.191987947886354044e-08 6.320666118439667505e-07 3.421014946431049800e-08
1.352424857907019741e-07 9.414289592392131843e-08 8.044007944079694468e-08 5.222795554090378377e-08 4.399980238715434183e-08 3.558339208370702611e-08 2.563788199504727572e-08 2.803098466360739958e-08 2.071902526289500862e-08 9.933954432625341576e-08
3.171421784344372751e-07 2.419573204284926301e-07 1.686833920994017731e-07 1.870647192477360416e-07 1.103336448913946629e-07 9.322757364516553298e-08 3.192954081044461971e-06 5.949006300703066023e-08 2.593989567119199009e-08 1.500020041254062355e-08
8.307243689263509449e-08 1.588859634752901008e-07 2.773329312468110546e-07 2.299927953146493251e-07 2.009127422995657064e-07 9.765962329344815683e-08 5.790981031412497368e-08 3.008101799200720085e-08 6.974645871567915586e-08 1.018450660741636713e-08
1.108834667005206022e-06 9.741390407810552992e-07 7.378411817762775760e-07 7.960413029851906760e-07 1.506353827030329918e-06 1.664117819598061408e-07 1.248367580166778839e-07 9.124890169804916612e-08 5.879920336835331181e-08 1.847872158858759439e-08
5.877846352502134978e-07 5.438777516502689586e-07 1.075888352828007143e-06 4.430932864371247763e-06 5.037891996535182578e-07 2.359585979608440488e-07 1.281889387461998397e-07 5.782212318747558501e-08 3.289502063807529005e-08 3.940496018283304928e-08
2.963219962565761630e-07 1.983453075005319076e-07 1.215030893871927409e-07 1.169211984901012791e-07 9.433422332031737191e-08 6.298397526790444308e-08 3.944126735372005683e-08 2.494683376487772088e-08 1.776597534828424839e-08 1.208008645945483643e-08
2.474972640731436542e-06 1.429617471018049634e-06 9.602581474719884093e-07 5.104766056463007191e-07 2.854488053633535875e-07 1.239588629726040750e-06 8.556440787286280384e-07 3.473856136454322074e-08 2.160996975142789810e-08 1.302703283664671865e-08
9.472988138224900099e-07 5.582387918401460496e-07 6.547782984008932932e-07 4.776664471989021204e-07 2.266167298751598078e-07 8.838696949786521673e-08 6.656248486657974740e-08 3.800486400788549773e-08 2.750846781147191392e-08 1.459744492167018105e-08
1.560114517403155323e-07 1.452327554673044760e-07 1.675944332619305071e-07 1.085059241954295803e-07 2.192498993558469176e-07 5.379036028006747638e-08 2.919672068246342223e-08 1.674570180311991758e-08 2.350399600206349992e-08 5.765775807168392500e-09
4.964092076019087639e-08 7.816038330636621147e-08 4.748062647331891398e-08 4.533052626152401503e-08 4.199894069992807205e-08 2.799393404419682050e-08 2.673985098610378794e-08 2.170072247680999429e-08 1.230527910196843472e-08 1.030280738109226204e-08
9.050486174848101934e-07 9.820857702432099827e-07 3.071305443784559481e-07 1.349547272010854583e-07 9.455878087866318500e-08 5.027632145269280086e-08 3.072535071377285809e-08 2.395018403857273409e-08 1.713056369183183090e-08 1.175960881657463661e-08
2.386612747342206426e-08 4.401126723787622501e-08 7.215693303811745938e-08 6.259650695219420125e-08 4.944646076850854537e-08 3.981355386049559774e-08 2.900582828683014479e-08 4.397317645973991299e-08 2.483358748825034120e-08 1.691371331197731525e-08
2.784590736603053205e-07 1.966207753655943509e-07 1.269635070632172547e-07 1.150135805844394311e-07 6.883727055822321651e-08 4.471600753598026778e-08 2.823623447101520007e-08 2.189383653424625330e-08 1.905134116650362143e-08 1.758551180877357322e-08
1.754674383019810558e-07 1.369813540814048040e-07 1.141125498011506442e-07 2.018994403862123831e-07 3.864786409081097340e-07 2.757970210522433656e-06 3.503128476378707828e-07 4.733733850609122502e-08 1.181544936461764666e-08 4.204596091043674347e-09
1.589785500537059842e-07 1.953957161317181367e-07 2.444785182434218638e-07 2.731764320783040030e-07 2.699541627644699610e-07 4.725487365918525726e-08 3.552714361422146204e-08 2.995385202007666994e-08 1.397783192872585898e-08 7.877052892992227078e-09
3.179983457755497661e-07 2.194002569662057397e-07 1.718046875026700863e-07 1.036815861170800657e-07 7.216317826672324325e-08 4.027888890537316563e-08 2.718438023797209580e-07 1.166306234690146792e-07 1.326624229469210505e-08 8.366938099913920145e-09
9.630529950873773740e-07 5.022469650540109925e-07 1.494050706936955217e-07 1.197488492838339154e-07 1.299792919674782519e-07 1.407650207902419365e-06 1.721657812905814893e-07 7.884529756093616843e-07 5.920878101954916043e-08 1.603630436051342492e-08
1.010919673316047984e-07 9.853221492553583559e-08 7.929842792011271346e-08 6.411708641280789793e-08 6.118748465847439958e-08 5.530417064560771635e-08 8.158393707506633051e-08 9.817787259007935473e-08 4.541617216646398019e-08 3.408647515284933947e-08
8.485124365936641257e-07 7.649285072444198720e-07 5.906242105870306281e-07 5.324491675637693826e-07 4.137814347831130921e-07 2.827325973230828657e-07 1.743195736948132665e-07 4.897086939810153807e-08 2.936458830538368320e-08 1.639391357022830400e-08
6.247016162998817061e-08 6.467064145662813494e-08 2.879281017886516893e-08 3.326464042273034580e-08 3.374747995245244592e-08 2.590645082823428019e-08 1.675749914652697820e-08 1.283872664373393455e-08 9.855682463715229843e-09 8.602783003883162646e-09
2.288148573168201126e-07 1.764226952481570124e-07 1.288663030157326820e-07 9.580355212324662066e-08 1.357566014382288249e-07 1.210759062606838871e-07 1.367313193225465739e-07 4.802649517058554253e-07 1.737469725138441118e-08 2.300954401914440620e-08
6.788015728460476908e-07 6.502188252790668970e-07 4.828841311363179853e-07 1.805859821886375336e-07 1.226415848347067587e-07 9.286987910656699677e-08 5.138703333442890602e-08 3.121435075557252314e-08 2.626790380164100703e-08 2.046658369224129256e-08
3.021486406716539076e-07 1.775580067695939157e-07 1.070493582557419408e-07 9.086330246800561664e-08 8.573623561740727804e-08 8.275465040216705101e-08 6.257125803485220801e-07 6.096338596813623384e-08 2.013475745572591716e-08 1.136766371224544939e-08
5.704738374567718816e-07 3.520002945896113593e-07 2.101753768628793208e-07 2.853528840883107852e-07 5.353974676222670502e-06 7.132225536680533766e-07 4.181665359360640201e-08 2.165760597669763517e-08 1.482124706975097299e-08 1.173837733711998654e-08
2.356933061756874134e-06 2.227542200716530197e-06 1.450437683234462236e-06 1.101867541884797362e-06 8.574368330597016680e-07 3.951547051960394848e-07 1.716130390850423713e-07 9.182155059648288655e-08 4.978505041898118279e-08 3.327874364226957193e-08
6.884999717717232000e-07 3.230312183648378684e-07 3.040478275033399901e-07 2.671707931841393983e-07 2.413765069514949128e-07 2.635803141246592774e-07 7.457336539298586986e-07 3.618576641135932283e-08 1.887033575690055562e-08 1.206832089085992123e-08
1.957332544418155796e-06 1.332442188417025959e-06 7.339808434479808491e-07 3.993917384082542995e-07 2.554418149215504381e-07 1.449246214255413165e-07 4.092499403450776585e-07 7.403670180923000294e-08 2.564844174169958018e-08 1.205447362706719131e-08
6.240262392539184801e-08 8.188090936123687193e-08 6.790839687509470759e-08 4.754329244665573761e-08 3.896098482685667089e-08 2.966708676303651593e-08 2.019482984830601620e-08 1.769050595575284254e-08 1.312384704633115353e-08 1.627184271514405198e-08
1.712312024865840303e-07 9.510594205316564368e-08 1.194982168045538662e-07 9.188655714284811152e-08 5.241335488446676888e-08 3.632324053062156384e-08 3.283067912967361547e-08 2.255875242848964632e-08 1.158353393575437576e-08 7.364162383928180420e-09
1.289228876208309287e-07 1.143869047704044040e-07 8.411106433048632734e-08 7.802656709763902847e-08 5.746893800468991891e-08 4.805333746510981982e-08 3.218270764762680030e-08 2.604707397103464164e-08 1.705326404564686892e-08 1.081261944544510107e-08
5.375036638778443099e-06 3.129641398326096779e-06 2.031598727273026137e-06 4.412298093855184635e-06 1.213199544396229438e-06 1.084609790299465827e-07 4.815887302842081795e-08 2.509646065624153164e-08 1.448995233442515843e-08 7.062646374111183978e-09
3.185668928718594053e-07 1.839252225290667436e-07 1.950506278128272034e-07 1.134132143537030055e-07 7.890151108225968442e-08 5.310737511749128907e-08 5.134996982941553540e-08 3.761082208026424115e-08 2.199171316118521205e-08 1.196657441012077040e-08
9.923088352725561232e-07 1.429415719904140947e-06 1.036786831314684970e-06 1.667510686074321775e-06 1.485553565212066265e-07 1.116765363961163333e-07 5.455787163681651536e-08 3.107640139202695038e-08 1.411566233507613266e-08 7.228309649550178898e-09
8.693015582489368115e-08 9.489944738368730544e-08 7.441697845662964863e-08 7.350583980579231085e-08 9.935101886938339371e-08 8.389721025603384760e-08 6.509455464136989170e-08 5.280642920308520468e-07 5.306774268230064256e-08 1.538604841137453262e-08
2.130591231340095574e-07 2.216316574072126863e-07 1.624551244405898597e-07 1.126557319465630144e-07 8.456814897256685721e-08 6.428238996675633057e-08 3.950141329637333434e-08 2.479109045517497094e-08 1.569917824384443148e-08 9.713672030857100734e-09
1.646779477319627606e-07 8.405937570604498379e-08 8.448297688726001942e-08 3.970729296898097938e-07 1.968818912048655896e-07 6.929698226498155465e-08 4.517551903765893515e-08 4.124389661985447749e-08 3.143684649993517343e-08 2.047511227299314272e-08
4.244283239971527033e-07 2.151744205410462720e-07 1.693724495812886722e-07 3.876329911842516175e-07 1.793597024124392848e-07 7.580347819277182859e-08 5.210799392679305718e-08 3.708757868741926184e-08 5.249367164422796559e-08 2.354357429758223764e-08
2.223275819507941321e-07 2.363391512503625589e-07 1.247392897672608457e-07 9.707155354241413481e-08 7.833076798699130167e-08 7.848405897504930003e-08 5.598845818331488886e-08 5.987729210813037435e-08 3.266418235902213331e-08 2.427981693436632621e-08
1.942950663737322262e-07 1.358594945103066634e-07 1.362301529475574593e-07 2.641041502956920635e-07 1.571550615554577532e-07 2.062223319494822588e-07 6.674901683872535679e-08 3.790255811164081192e-08 1.325909422159108165e-07 1.454590079186833795e-08
4.317663227994816888e-07 4.326917620726961572e-07 2.384072923067438753e-07 1.680273991309810634e-07 2.148772040496399932e-07 1.820399286649263803e-07 9.535365721947507216e-08 3.735072884087695075e-08 3.003597078963959828e-08 2.222785678522552154e-08
5.697360067842028845e-07 4.331265326816420162e-07 3.793260748294101043e-07 1.890238921269977320e-07 1.601857842590466170e-07 1.338336102371102710e-07 7.906053223452233203e-08 4.379249885548024727e-08 1.848999072627903587e-07 2.006407096278736075e-08
1.809467931584660761e-07 9.782589300545531662e-08 8.666816438481308145e-08 7.323536421454779810e-08 4.935289430819329313e-08 3.772969900975059433e-08 6.627569958338814291e-08 1.796539236110973135e-08 1.211833196328803664e-08 9.760992760188175843e-09
2.801526491363039112e-07 2.570546458429014950e-07 1.496990390487469630e-07 1.082672934919535363e-07 7.375683889505359880e-08 5.687570608940628449e-08 4.308848514000792958e-08 1.295186404186653846e-07 9.538621186330866123e-08 9.218056363530475334e-09
1.763268731462125389e-06 8.191046064246593345e-07 2.442180619658792994e-07 1.415997658730314244e-07 4.642183862668561737e-07 1.001424480862677992e-07 6.886790755040579278e-08 3.129137403616056992e-08 2.389109972904501686e-08 6.395190438738676966e-09
5.295325083032764903e-07 3.431330439912549211e-07 3.277879700431742160e-07 1.750880942492535095e-07 9.692718440624970443e-08 5.107301730715999335e-08 3.616489578809105735e-08 2.698596910747033030e-08 8.877595901287811405e-08 1.447950491378555779e-08
8.236927356473882949e-07 7.647091785682801276e-07 4.839630605814918074e-07 4.611800994890455293e-07 1.596373733430000017e-07 1.138315961189161202e-07 1.079185316085666709e-07 5.975245419326411656e-08 3.655605756660420246e-08 2.492591007025499591e-08
9.377669106572746443e-08 1.257300799033251127e-07 9.194424903462056186e-08 7.505042145941377516e-08 5.537380665036578801e-08 4.462973206509785413e-08 3.367568388315894692e-08 2.037658820444025475e-08 1.309303272381352797e-08 7.109017006833591122e-09
7.478860259261270729e-07 7.675381767902693026e-07 6.327491125722178253e-07 4.659749915569804201e-07 1.772772221253340535e-07 1.038592564297515553e-07 4.352949521402486506e-08 3.162768639073569262e-08 1.839540642644687079e-08 1.449598848283725386e-08
5.510069633106296962e-07 2.992401051839276278e-07 2.782762879876944201e-07 2.964444826801118492e-07 4.018393775809551429e-07 4.349764381152259854e-08 3.181759956425218431e-08 2.345792890225138662e-08 1.242378539099383520e-07 1.147843416451750997e-08
1.293731776804392530e-06 7.911619429371400496e-07 5.497533990394064651e-07 4.355226756989085244e-07 3.171708013580283540e-07 1.087368272104240911e-07 5.896003209873246667e-08 3.416650962099471083e-08 4.319890458598335298e-08 5.708292041226613900e-08
3.411966824408110790e-07 2.595846003725784099e-07 3.558780227377075223e-07 1.002632780605238973e-06 5.313766598733539866e-06 6.494560135801912941e-07 4.729343124362153224e-08 2.386566739608388870e-08 1.577061792065551222e-08 1.030679199535827346e-08
1.071048499585747059e-07 9.676988547315012151e-08 1.000315131706695542e-07 7.524259750265097812e-08 5.881985376241926208e-08 5.150912071334564461e-08 2.932815335788748284e-08 1.957178823302388908e-08 2.495305751710952817e-08 8.892915910578659279e-09
2.955350565771386276e-07 2.820128936546314592e-07 1.959461259314866881e-07 1.290482643318595777e-07 6.988072743875715518e-08 4.836003841639676777e-08 3.594913649782432176e-08 2.247121207141331595e-08 1.290653993622703000e-08 8.524562425048093734e-08
1.145625122390992773e-07 8.965597371375237943e-08 7.945785955790572900e-08 7.513076580864011427e-08 5.896219919658842208e-08 3.565887585275846488e-08 2.662977805158901441e-08 1.735396328327587474e-08 1.315308797989934599e-08 9.861558099685288204e-09
6.563310988739670208e-07 4.253383931742822861e-07 3.114292935408155613e-07 3.275352149046917338e-07 4.347016485675619874e-07 1.515402485348157480e-07 4.536895811504348615e-08 2.278002555776471814e-08 3.683637936024677405e-07 7.143154930696474587e-08
4.621570389743196646e-07 3.392824567356356938e-07 3.224022028263330193e-07 1.425091721882929734e-07 9.193051694135006165e-08 8.862279355826496542e-08 5.952692718446129727e-08 3.534712950747624240e-08 5.083976270969625689e-08 1.890893801533384162e-08
2.087494078537874587e-07 1.496360289537943296e-07 1.369662414422304865e-07 1.060376582234796936e-07 7.085204408740871024e-08 6.072214281507003158e-08 4.790788560450819175e-08 3.106349934869921331e-08 1.580443454126076584e-07 7.976525298793988317e-08
1.178977045030684524e-06 9.629924414760180471e-07 6.954999423216608168e-07 4.149697050529847214e-07 6.723659754813218555e-07 2.857098519139888611e-07 1.098945701799131407e-07 5.970582791277170354e-08 5.369363859616992035e-08 1.066140895665746304e-08
1.922694048531533119e-07 1.036659346740700060e-07 9.479720281907681340e-08 6.396695216973139109e-08 4.938815834323390606e-08 4.072273068211236346e-08 2.621901224869581029e-08 2.228411449827312613e-08 1.324114984435518041e-08 9.619053272611691343e-09
6.573111988640669972e-07 4.467020717044609884e-07 3.543167025306201501e-07 3.398607995171108752e-07 1.348603830488266758e-07 1.182336304335329357e-07 6.561008663983072612e-08 4.387822017430451930e-08 3.338598091581578018e-08 2.202785043743410402e-08
1.987349465735741854e-07 3.933303232271760854e-07 3.199362947785499576e-07 2.440354561677827620e-07 6.747827294960448453e-07 8.253778765466403832e-08 4.811719868997469884e-08 5.031844995126422445e-08 3.880618538837581589e-08 1.553663071185594183e-08
5.944071897115943981e-07 6.901041054107008986e-07 7.618540539288323427e-07 4.624065031575922167e-07 2.196681093758408838e-07 1.159003122559618215e-07 9.487944964865049852e-08 8.749606351563425307e-08 4.532543275095520040e-08 2.464286142837570948e-08
7.862111039359285535e-07 6.484916932060719516e-07 5.323092200960681040e-07 1.867371820180275990e-07 1.845021070384050406e-07 1.708899193984960610e-07 8.311933980802823500e-08 4.449976625782824594e-08 2.287936183024377339e-08 1.500658021939303290e-08
2.983131509991654638e-06 1.942754851813772581e-06 1.479255921042525977e-06 1.080794452286376210e-06 1.301755235336590463e-06 1.781697983481914328e-06 9.380554700009291973e-08 3.493454444876666645e-08 1.227437030284428553e-08 4.441141445692281884e-09
2.730256427011783446e-07 9.670287540044195309e-07 2.487914001210190276e-07 1.644668713661386155e-07 1.509059917717802194e-07 3.043397945648977386e-07 1.352219302042073904e-07 3.327473564509897252e-08 2.144113693185621979e-08 1.344526675015050927e-08
9.331866533919220542e-08 6.198251386347529952e-08 5.952648155912972173e-08 4.195156616413707640e-08 3.981630978286552947e-08 3.098628469912848921e-08 2.644576590792032106e-08 2.656536617325594807e-08 1.832807512434024896e-08 9.825414953519583418e-09
4.596444329738050747e-07 4.521942027242146231e-07 3.758994007857959774e-07 2.299735217371776987e-07 1.431919549772635164e-07 8.485768160744697701e-08 5.232030564171074729e-08 3.469668657616876008e-08 2.171543087721614013e-08 1.789879641085050689e-08
2.464917504365157039e-07 2.395077206533308520e-07 1.783749402819997160e-07 1.743033966206490220e-07 1.000475488853169159e-07 5.197741430309920177e-08 3.599062611654555388e-08 2.365878211470317706e-08 1.184155246190452847e-08 6.346837484544712594e-09
3.786829514382856688e-07 3.517219160535251146e-07 8.559342148456364566e-07 1.485386145720589173e-06 1.237125836285976690e-07 6.161495765387464310e-08 4.080747295010092309e-08 3.381636156138788331e-08 1.196909192199510110e-07 1.509558685945821454e-08
1.198788806732228973e-06 1.507083369799751421e-06 1.299431406413715245e-06 3.028829373877550961e-07 2.449969191109834224e-07 1.567407578188907333e-07 5.968986551925531108e-08 2.291865535938300162e-07 3.558754563248110776e-08 2.170346446897013583e-08
1.810859726120588497e-07 1.900812440549775783e-07 1.667540189152862248e-07 1.218741065279537937e-07 9.291340370123391944e-08 5.401581440249341930e-08 4.322761576058226464e-08 3.786000149002294617e-08 5.882071364913719103e-08 2.444628340626336561e-08
2.601480705760450710e-06 2.232664104947964593e-06 1.924633616600167879e-06 1.016340579267315171e-06 5.054444390945640425e-07 7.579828973668804515e-07 3.327364745234031410e-06 4.159740495730440953e-08 3.415734340436001972e-07 7.752516931031194162e-09
1.146047686294557076e-06 1.177259395618962044e-06 6.436411592320229514e-07 2.485757705708961579e-07 1.325647185621258507e-07 1.072310759599490664e-07 4.955912191634500760e-08 2.865257592148927618e-08 1.746426504930552169e-08 1.941919420406521791e-07
5.678615224265743349e-07 4.917860310970516989e-07 3.518679369857939020e-07 1.442870186065047990e-07 8.534355653024170235e-08 6.995905212456346218e-08 4.656224087098561696e-08 2.978650900492625723e-08 2.431753956240151103e-07 1.169342486336047384e-08
2.437816829558775181e-07 3.002349667974634647e-07 2.128888534903199678e-07 1.027034998560458279e-07 5.150922599385422749e-08 3.248773683821483932e-08 2.338813015332529420e-08 2.226777721219883920e-08 1.925742155569494284e-08 1.474184483793620266e-08
2.039379549961633693e-07 1.411505051330524603e-07 9.302363727540371656e-08 8.051987933169077682e-08 4.876267261566535438e-08 3.991613279410328174e-08 2.649619293528602883e-07 1.017496478658206719e-08 5.759474749580322916e-09 3.794138471386198265e-09
8.705896052261853905e-07 4.642814931165805741e-07 1.728950568930756519e-07 9.754172445700732809e-08 6.422153130079137570e-08 5.004371710861156772e-08 3.680763784498646391e-08 2.526253867023066922e-08 1.609129429547042958e-08 1.043757297795043877e-08
1.277023237453687495e-06 1.230725483568745708e-06 7.018581065959211077e-07 3.113635807793550344e-07 1.751440699978491309e-07 1.070814541764460258e-07 4.782656854717283166e-08 2.424310575637301358e-08 1.066563134568295113e-08 9.261198690793731068e-09
1.124295785564709599e-07 9.134551986902825384e-08 6.158819286784881203e-08 7.417386525222667812e-08 5.649899609493038436e-08 7.173377275278161170e-08 4.069362437436873638e-08 2.402203288109700117e-08 6.886503182610916371e-08 8.686300020077295237e-09
7.139787520035759257e-07 5.980188342837830990e-07 4.104392894893713559e-07 4.118478525331337756e-07 2.732157768961308258e-07 1.398965935159981029e-07 6.529638263666257444e-08 3.588090429243621060e-08 2.031068859637939309e-08 1.237736232704415093e-08
1.327351642395670594e-07 9.991449328571687114e-08 1.229478416950666892e-07 1.705969027205690926e-07 9.473996161874151815e-08 6.812733428665286927e-08 4.627775811254827350e-08 2.673737755816576509e-08 1.608700348588039075e-08 2.658984685403811065e-08
3.768504518044074281e-07 2.609607312035487209e-07 3.048262051562443941e-07 1.863632000877559718e-07 1.115863263934547404e-07 7.539612740595499883e-08 2.283254946458683067e-07 2.455568766495557719e-07 1.741046196344496315e-08 9.266479967371656462e-09
1.205144425508913344e-07 8.259023257047217181e-08 6.800078116781497574e-08 6.385951620731191800e-08 4.406579712138327942e-08 3.456047939700480917e-08 2.062569007073524429e-08 1.157376384856336092e-08 6.688765834354059217e-09 3.091174102636614474e-09
2.908454203577158272e-07 3.855679470981633844e-07 2.715610422139902206e-07 1.695322557355763659e-07 4.299078692545693088e-07 5.671008382468949750e-07 4.407129752265335875e-08 1.658719742502883259e-08 2.290818004870268736e-08 8.194889013534985250e-09
6.012959913532003845e-07 3.185958814029118625e-07 2.097482100270555300e-07 1.885897053408231999e-07 2.174758447617066577e-07 7.804217606749561673e-08 3.650229648979848253e-08 1.434306157017822440e-08 1.584250008038969780e-08 5.242677425050321885e-09
2.651798649202292192e-08 3.958702493331586256e-08 3.229195739047648951e-08 3.059687115267027177e-08 3.320545368500397575e-08 2.176439095825107061e-08 1.277090430493388580e-08 9.664088527759698086e-09 6.062471344700883786e-09 3.872411792300986282e-09
4.470409240729013215e-08 4.867291161561565466e-08 3.932318681410931976e-08 1.165158195585639271e-07 3.744870849268795905e-07 4.000440659776796190e-06 3.528624523284608997e-07 2.846504578678674775e-08 2.040978908502993944e-08 8.020983132770413399e-09
4.574490098827562592e-07 4.202603955499668817e-07 2.108986403675152402e-07 1.100400892498961632e-07 6.392049862761170847e-08 4.833621666482728585e-08 3.564944949852357506e-08 2.335726688575821237e-08 1.523723231079702210e-08 7.832862414680266034e-09
1.532807441432446326e-07 1.580607706756360036e-07 9.820592083450564797e-08 9.770966053980871425e-08 6.806964784485078197e-08 3.776837695546399580e-08 2.927981121357519274e-08 1.856920685209619774e-08 1.228610561106872435e-08 5.874974181086685409e-09
9.343741914304899678e-07 7.279139143030571867e-07 5.109223151148749311e-07 4.496415584154022506e-07 2.092268443197278206e-07 1.266031096689495480e-07 6.981292782060028266e-08 3.312782086743146545e-08 1.818123157633129899e-08 1.683924776660870293e-08
6.739020684525913065e-08 7.706323252631105647e-08 8.698312150158181692e-08 7.119174802893735092e-08 5.224208197473384616e-08 3.326003476039820462e-08 2.776223907155402883e-08 2.023209287199066550e-08 1.195361827780479677e-08 9.924502645805953400e-09
9.232918411723261389e-08 8.646943364547335833e-08 8.335279991132543872e-08 8.129494242994213413e-08 7.279253176248618302e-08 4.399096794803319498e-08 3.462735716264434257e-08 1.100417212507503471e-08 7.518024987069032485e-09 4.645935636908949509e-09
2.903993133272977022e-08 1.990252484228343839e-08 2.586487696967689298e-08 1.420290991064792968e-08 1.713173007478265702e-08 1.386101514646795851e-08 1.213496156367836378e-08 7.818814367625476761e-09 4.369538765047009055e-09 3.710921494958747658e-09
9.967136762870156086e-07 7.442957366577292412e-07 4.074154493283863488e-07 2.355755727119209489e-07 2.169038452449875393e-07 4.466942710917817438e-08 3.025558354442400709e-08 2.377143623314476152e-08 1.533003749415715945e-08 9.137930834477852369e-09
3.794588735920493213e-07 1.757911546559400033e-07 1.858191259604710485e-07 1.688677572217571091e-07 1.106566194463600560e-07 8.892971047715443444e-08 4.894670359011727581e-08 2.474064411275023842e-08 1.638663807153257777e-08 1.181683277736288054e-07
