3.724993738102077912e-06 2.117772474890487185e-06 1.467974333241005997e-06 9.870192951434709074e-07 4.985492467873509978e-07 1.838350642253544113e-07 1.036590570881708858e-07 1.568443958814371243e-07 1.622610071083908713e-06 2.577860851527297485e-07 6.775783826798462626e-08
4.784938262679319377e-06 9.722542850616832145e-06 2.442583161003370692e-06 1.523466399202505550e-06 7.357559500399137721e-07 4.467321192152608118e-07 2.750277098240789327e-07 1.482515612264052020e-07 6.580789057517192668e-08 3.942424129830743164e-08 1.866835565866516146e-07
2.317766758892029852e-06 1.729094774620818386e-06 1.310975659643885363e-06 8.901299067638217213e-07 4.214060031306673979e-07 2.722403884772497945e-07 1.789806464331854269e-07 1.079728852370171727e-07 6.387110696330458159e-08 4.311107640927667100e-08 1.665075566154264010e-07
4.346616557802304365e-06 3.675383864682028720e-06 2.757722410612092326e-06 1.567479681156326613e-06 7.477125911637774122e-07 3.426276976118679098e-07 1.584280482074181555e-07 9.004515921791402662e-08 5.003140392378741933e-08 1.228871562358226717e-07 6.256821873683846548e-07
6.157434795917822691e-06 4.849703003643547162e-06 2.651642555919903241e-06 1.993544136512908166e-06 9.537461357885066062e-07 4.022658789052951468e-07 2.000287244818265149e-07 1.235931790402613035e-07 7.342628480347811247e-08 3.578782486017357757e-08 3.833453294525614433e-07
4.155825106499456682e-06 2.082860520221654055e-06 1.546280194127266980e-06 1.009433279710970594e-06 4.499751448168520223e-07 2.553776215480983976e-07 1.295383907309900061e-07 7.676273400679869519e-08 4.163314590088810560e-08 2.063344542512799660e-08 1.651804016501624125e-08
6.073920557413084752e-06 4.568974697941410008e-06 3.130986226252045216e-06 1.720912655318006203e-06 9.777508469084595404e-07 3.320112002517821633e-07 1.123943855716247248e-07 6.042772618398572272e-08 3.416253757919854942e-08 3.324047631959725518e-08 8.275004651211549450e-07
5.201337593494283500e-06 5.329295945769639504e-06 2.019891945018174182e-06 1.128081932637961652e-06 5.792844551492557257e-07 2.887623842435894887e-07 1.711079330158873415e-07 1.072400370942407547e-07 6.456553339604049559e-08 1.400572226759452946e-07 6.318923616485220581e-08
6.885473784818142515e-06 3.548018895334194088e-06 2.038619560560236133e-06 1.046182723580759822e-06 5.464410910416702641e-07 3.024949418676410281e-07 1.470370501990771389e-07 8.624748211772765955e-08 2.835155764773822431e-07 2.809647948880869753e-08 2.727470740431587416e-07
8.351031339746353800e-07 7.658612584003429368e-07 5.581052632026346678e-07 5.104555153880522787e-07 4.103862586476308986e-07 3.717425050636048157e-07 5.378138445981245774e-07 1.759319918832770739e-07 6.116949010472377940e-08 6.557771630744450032e-08 2.421285942351918520e-06
5.783359093837819054e-06 4.264128252156441016e-06 3.284473183340676527e-06 1.934561897287064368e-06 8.038611600598759903e-07 1.687011550974337262e-07 9.740246789279637806e-08 5.178105061001280807e-08 4.094814150367313280e-08 1.746730544067247560e-08 1.035092147388660187e-07
2.485615332763331375e-06 2.203369660656855840e-06 1.744595773023442071e-06 9.855377421229752451e-07 5.953603394154667665e-07 2.927654896186480775e-07 1.606678198334561986e-07 2.645428085909946141e-07 4.649858319325770822e-08 6.875665493781466993e-08 3.170439716585951064e-07
5.967599363384670444e-06 3.008755739930564748e-06 1.585307140349921117e-06 9.163769110975849937e-07 6.055974485685196504e-07 4.127475455978555229e-07 2.776623792439838304e-07 1.720920687106156030e-07 1.328233079196069679e-07 1.118388875898672595e-07 2.583740729264566371e-07
3.134684933881230324e-06 2.581982723449827985e-06 1.357101110534688382e-06 7.773806521503644148e-07 6.675810315142111309e-07 3.884764113394447471e-07 2.285823156584101509e-07 1.247957313167338935e-07 7.447086393823562995e-08 4.041688981899664463e-08 3.364375882447719671e-08
4.421579683110961567e-06 2.912870117489580819e-06 2.118306438041480014e-06 1.523431191324497114e-06 4.752647960396809150e-07 2.527084387624071985e-07 1.537867198189732726e-07 9.395596407588855321e-08 4.189874909475824507e-07 5.476860733918006467e-07 4.164190717114331211e-07
4.113557378509475139e-06 3.789057622669239963e-06 2.700239449357420220e-06 1.521797656036238983e-06 6.292508896289615575e-07 2.909118171373498624e-07 1.497479071556207895e-07 1.137702566459837690e-07 2.164388960011895049e-06 3.552575706729720101e-07 4.049364149322273226e-08
4.908047438357107168e-06 3.024895927958733918e-06 1.449951808617934441e-06 8.648367372206440650e-07 4.985639240451019425e-07 3.161802370385465925e-07 1.675193234800671855e-07 8.969148933327640836e-08 4.458497389809709597e-08 5.235468428276064770e-08 5.320847962062994974e-07
1.742881296216720463e-07 1.838812179533220795e-07 9.427819388717320752e-08 1.350106957335857176e-07 6.388514604617564993e-08 6.518744334798258080e-08 4.337886689893645066e-08 4.321838783994992992e-08 3.207536075337906526e-08 4.803869278072858323e-08 2.174981157571058681e-06
5.958594305548296279e-06 3.826134454798747338e-06 2.306679172401538636e-06 1.252891944385908319e-06 5.568066278501522663e-07 3.409151358814438121e-07 1.793110079988793879e-07 9.945571419673962350e-08 6.937568639199830931e-08 4.678827259188942066e-08 9.293652645167900368e-08
7.921204487515730769e-06 6.191563295661327416e-06 4.424313577908648402e-06 2.609326716983142332e-06 1.183293566916578503e-06 3.284060886735557401e-07 1.533784041175259754e-07 7.046491302419821399e-08 4.546524426249309052e-08 3.182528059745834748e-08 7.842856595860429517e-07
7.027877598686790121e-07 6.740569181261187910e-07 4.561590832379684391e-07 3.140948622537221914e-07 2.657800795544523192e-07 2.424390181586540657e-07 1.675293595008303814e-07 1.250078725505639668e-07 5.083012867471892414e-08 6.648473533688907176e-08 3.843632637102680032e-07
4.800414322040624432e-06 3.685219628749021006e-06 2.274347643203838591e-06 1.424544806817199798e-06 1.943709185564866249e-06 6.208093667516559139e-07 9.294097122123681235e-08 4.805715159942972198e-08 2.690204355524503458e-08 1.660299980408767491e-08 2.012172853169493487e-06
3.783118156167393660e-06 1.899518782873959417e-06 1.383371876779821314e-06 7.999538682512920325e-07 4.198628342842431994e-07 2.439342923706573225e-07 1.265515590315945893e-07 8.627249992969682830e-08 5.390886918781441314e-08 1.265503185495100507e-07 2.206721011113763702e-08
7.991927994509455582e-07 8.862696997549860633e-07 9.281200768828757152e-07 5.447113403105392213e-07 2.955878812402433242e-07 1.543845816616164072e-07 1.057191085247849170e-07 7.496938392341851161e-08 7.831546165886935999e-07 7.753580284132775353e-08 1.003479214434213088e-07
3.498106825132699674e-06 2.623049111149348933e-06 1.697909632224931164e-06 8.877655922696169521e-07 5.205948556237378181e-07 2.975250398544313514e-07 1.277048281528773527e-07 7.837978746186706756e-08 4.104106101356899893e-07 2.327176414648884756e-07 1.274609285746757921e-08
2.402946051061699338e-06 1.667118566486382943e-06 1.231503266397190450e-06 8.407191696823727367e-07 4.839146124624563760e-07 3.014818960789867943e-07 1.794084957236597760e-07 1.086348198744754101e-07 1.962885837128744835e-06 3.842460955874094996e-07 1.096350128470416352e-07
1.476957171447119014e-06 1.174947199274393332e-06 7.635904814783550491e-07 5.992223690836976076e-07 3.504359999069170634e-07 2.092063361967229010e-07 1.600028161648168101e-07 9.680686469416875002e-08 5.213630262885940344e-08 3.714152230819152420e-08 2.816063149056233558e-08
2.126109481576584904e-06 1.847909477445968660e-06 1.095178124857236268e-06 7.601602571010286683e-07 4.918601043021406941e-07 2.801972714360446547e-07 2.272451150370495532e-07 1.605946791783149044e-07 7.964420576348457948e-08 4.855043506101347494e-08 1.553260181264473380e-07
2.656610684884252326e-06 1.874100479864071780e-06 1.052209451177562607e-06 5.528352259754330926e-07 2.996572493154440671e-07 2.584111776338366375e-07 1.680640445627881350e-07 1.032103353923972971e-07 6.997398984704582637e-08 4.607224983757754545e-08 2.318277777776318997e-08
4.946560935273709864e-06 3.159932690052384981e-06 1.409583161415871186e-06 6.309813312640482411e-07 3.714775664143499891e-07 2.135325026855438167e-07 1.310199945278181480e-07 8.735216726036615943e-08 2.734585685763421897e-07 9.866443262112930786e-07 3.250693594739239231e-08
3.275607141225069564e-08 nan 2.236056286757521695e-08 8.081188656710235821e-09 1.500300625278675982e-08 1.437875932941526913e-08 3.120967703757250300e-09 1.512850616856561216e-08 2.957579442772667616e-07 1.818667523303840545e-06 1.116150119914342348e-07
3.200733001906229408e-06 2.723466111104618147e-06 2.147476613264118378e-06 1.392478971881964227e-06 9.012622982770720835e-07 4.817312283428588936e-07 1.885540041796290298e-07 1.102331818570723787e-07 2.080358755046061611e-07 7.545384186042346693e-08 1.029600309028116614e-07
5.180578565005157651e-06 3.793542632217211685e-06 2.714825244678872261e-06 1.561367710343132586e-06 9.799033847808649832e-07 4.559176278426964464e-07 3.062058757779477810e-07 5.202448890761911614e-08 3.715430329755943547e-08 1.324404421136595680e-07 1.198425405680167430e-06
1.467094683063930643e-06 1.195109674270925336e-06 9.186275234979079650e-07 5.931359046597101227e-07 4.696309122291924282e-07 3.346071766171123947e-07 4.340300913859837972e-07 1.217994634425962749e-06 3.784733323720253311e-07 4.408428645855089922e-08 9.183074428503051222e-08
3.701913326029019277e-06 2.799042294441946335e-06 1.994957698446627799e-06 1.203017187452479437e-06 5.377887388734466918e-07 1.910499766148202668e-07 1.229659422904280022e-07 8.143703632679183732e-08 8.538030229617079860e-08 1.017731620283680594e-06 2.385545846788612863e-08
nan nan 6.277337474957436448e-08 5.437224964773008713e-08 1.187168908224727388e-07 6.388165186664138326e-08 5.164130547836362409e-08 4.148204129149753166e-08 4.656265401502737728e-08 4.070311312159892184e-08 4.400021423425993737e-08
2.286891697153257404e-06 1.876282748563693047e-06 1.369734190912833990e-06 9.109092960503335392e-07 6.420146113646296980e-07 2.998145145186158262e-07 2.082768685657651523e-07 9.928300200827707065e-08 4.814018750794956782e-08 4.456466026391658663e-08 7.794515613598548069e-07
2.969997633906875966e-06 2.505520226789537493e-06 1.572882434486650737e-06 6.589932453012992731e-07 5.680196439545900401e-07 4.426867387069194848e-07 2.109418348301889201e-07 9.500928508389574358e-08 2.185472072797460920e-07 9.661366698321479128e-07 5.982444852745970228e-08
6.547241903787314408e-06 4.685443288740751881e-06 3.624865939344139341e-06 2.531077691181713415e-06 1.493896058732348389e-06 6.536319071685545731e-07 2.115860028255257287e-07 8.814830062277659961e-08 5.270620710028159257e-08 5.023406725668019561e-08 5.010786794506058678e-07
3.016480406866640608e-06 2.486496856244509892e-06 2.036575538574776338e-06 1.133661615508466503e-06 6.017452984406449506e-07 3.207826226561888272e-07 1.744804455459983486e-07 9.779334821444959072e-08 6.302791826116236716e-08 3.584260046542821670e-08 5.397854839000613035e-07
6.239691631551937234e-06 4.316820097055351339e-06 1.890419949508940365e-06 8.020942349109219532e-07 5.017406392565087147e-07 1.094020144695390377e-06 1.970693198333044971e-07 6.574366174529677031e-08 4.204544778160536675e-08 4.798619631969903999e-08 1.357422616401167934e-06
4.537174000644775105e-06 3.479229076360308430e-06 2.088427247398231309e-06 9.681119674352552846e-07 5.081445209378263899e-07 2.894846448684567201e-07 1.443681213372705482e-07 7.695111063613841998e-08 5.531162714836068883e-08 1.772607512222917714e-08 7.008245860924427515e-09
1.572136713020344708e-06 1.283836172449413048e-06 6.524924620930549061e-07 4.213011764123380987e-07 2.801905549800405929e-07 1.759876850537909823e-07 1.256105176733691906e-07 6.679508598244443932e-08 5.003064123010724140e-08 2.688334107173636455e-08 1.236940498891682294e-06
2.772217047465153238e-06 1.763639184470763746e-06 1.120244086706544622e-06 6.675050247806647146e-07 3.808510670175673889e-07 2.781602310367535949e-07 1.546318262485732619e-07 8.957879098196302285e-08 3.480706535205912196e-07 1.602559344620738911e-07 1.405042737615246963e-08
3.080778821853546148e-06 2.134247128039743316e-06 9.833047876206903626e-07 5.425374620043865102e-07 3.250234148978605136e-07 1.881244109961977283e-07 1.377782125975796592e-07 1.026310821222213558e-07 9.390594570834492707e-08 1.065850270621961316e-06 5.041508216114039306e-08
2.042493935853257846e-06 1.972060402435041913e-06 1.853772104829089578e-06 1.858832334196522522e-06 1.256519792970414484e-06 5.360621160776222548e-07 1.947480728129422941e-07 9.955786472176756759e-08 5.731375452862351545e-08 4.637515419047485928e-08 1.459007371040475766e-06
3.427318223536214128e-06 2.231023223878494683e-06 1.570789144315715084e-06 7.674282968763534128e-07 4.419426894818197224e-07 2.824248525666112901e-07 1.594759480772863712e-07 1.070305992130623518e-07 6.543377025021919876e-08 3.181960185552471551e-08 2.079833010229478930e-07
7.394148292538320267e-06 4.250174046391967527e-06 2.529261932020418628e-06 1.684891210649933929e-06 7.254443350175163949e-07 4.101752171193038477e-07 2.503407273907994493e-07 1.139000807778020922e-07 6.719719678120194271e-08 1.578026474396717116e-07 1.222914200667613448e-07
2.492963565632321919e-06 1.359643505636891299e-06 9.757123617974890189e-07 5.705389358462861556e-07 3.842221598142606920e-07 2.689076945529488684e-07 1.561639813815787129e-07 8.449623684346026833e-08 3.976295678289379531e-08 4.111961452721248669e-08 2.924003856289699975e-07
2.741070872510107070e-06 1.851203939471967977e-06 1.959117452575696323e-06 1.252180259366911081e-06 6.196628602022597448e-07 2.726280619131702136e-07 1.226091663606012779e-07 9.055938408879777304e-08 7.693459716245231755e-08 2.357682020407089548e-08 9.933829546385509154e-07
3.169468211985981807e-06 2.269356700436771567e-06 1.246497397225268233e-06 7.044942372282907793e-07 5.378759637096516311e-07 3.211765912303996750e-07 2.075213968534569805e-07 1.629475244624462980e-07 9.236341645851560721e-07 4.763011612783471625e-08 1.255238894418022314e-08
4.474896348467208990e-06 2.831483398426011447e-06 1.513302906480236485e-06 7.548846766428469357e-07 4.351089984913975366e-07 2.711882118236223369e-07 1.686738216115912504e-07 1.060025388347844054e-07 6.971190653152863172e-08 5.300862479191359606e-08 2.117767978779297537e-07
6.058037104163583429e-06 4.697711837146321967e-06 3.746172250745664435e-06 2.431700812953109772e-06 9.866505771389013192e-07 3.240750453085886607e-07 1.278759112101530509e-07 6.753230260794322946e-08 3.932373949374521420e-08 3.181231605637593421e-08 1.215366478200442716e-06
2.571666633627825758e-06 1.795131280333434247e-06 1.361449879647594794e-06 9.286450915874239938e-07 4.417555061528985095e-07 2.836745813965138502e-07 1.858271203321076414e-07 9.726855380166829992e-08 7.882443471396504168e-08 3.528335469522617320e-08 5.686205202248316602e-08
4.978133647751516863e-06 3.252434937596356488e-06 1.962501069588772407e-06 1.099490260582610064e-06 3.902969087117940270e-07 2.123759722704089683e-07 1.180447135139990348e-07 1.300461451637724391e-07 8.061004759860580806e-07 3.250969477923492767e-08 1.983208636799720980e-06
4.763987750894384917e-06 2.876280532073704144e-06 1.518006324801908939e-06 5.457446637973033676e-07 2.926373380217369668e-07 1.554577631847755014e-07 9.612722373102851550e-08 7.281496923957821398e-08 5.589748988079569498e-08 1.877361287116659076e-07 8.639263277236366561e-07
2.511030103314758088e-06 1.824096184665870133e-06 1.362608002635129552e-06 7.738896106356026360e-07 4.324308799034118579e-07 2.223424450770568831e-07 1.196897121844136799e-07 6.654827351673005965e-08 4.194947619543442977e-08 5.014336947317146694e-08 1.848868209332223024e-06
2.299353519125617963e-06 2.227165366592683329e-06 7.630347698920076031e-07 4.880082762688747074e-07 4.070799142522225049e-07 2.671074269193004692e-07 1.773406887345529071e-07 1.148985008037537473e-07 8.819873346360519846e-08 7.870636303424212685e-07 3.469942461120630371e-08
2.626339494748622610e-06 1.548257086534784031e-06 1.183970193139565611e-06 8.340520599224595755e-07 5.580769350670526940e-07 3.284938960428161885e-07 2.224843539435292755e-07 8.631981667135964239e-07 7.199158326010863417e-08 3.369600475804227687e-08 3.205883212844576568e-08
2.955287730038158477e-06 2.139551152434277247e-06 1.149227639911429619e-06 1.165574664617537528e-06 4.958981376557601440e-06 3.363113047238157433e-07 1.421240274332938821e-07 2.635120141512490703e-07 5.391533367756519307e-08 1.379696043596047813e-06 6.620595376741278224e-08
5.756653988565612010e-06 4.887398019246531173e-06 4.352632486065987200e-06 2.142990793341153973e-06 1.150095368771505072e-06 4.079091308614953715e-07 1.608970186729992291e-07 8.021694652171617849e-08 1.004158132638115090e-07 4.795860024961346971e-07 4.527588791041095829e-08
5.285129626743169044e-06 2.651549689415715386e-06 1.397884194933387785e-06 6.896741816910474694e-07 3.413488461350528046e-07 2.113352171435940007e-07 1.369506567732383411e-07 1.678817611138156060e-07 1.609082458877440665e-06 6.172898956812589184e-08 1.569202021079753494e-08
4.421095049293022627e-06 2.354093966099366671e-06 1.340033998326069528e-06 9.356507506475012718e-07 5.141490014525010517e-07 2.199621578861206938e-07 1.357839399467826810e-07 7.805155188635162327e-08 5.036738607955498969e-08 3.905850921348832630e-07 9.455553838759550314e-07
1.452955434880794320e-07 1.301399487554685228e-07 1.093931581328035393e-07 1.001335844943311295e-07 1.120444368451644859e-07 1.179511623937379589e-07 7.441142788222517191e-08 4.809442978939704183e-08 3.942907269508458533e-08 3.630357899659496080e-08 1.085317680291108821e-07
1.960931484805751109e-06 1.526600841039310275e-06 9.736860417496406401e-07 9.397639581013072614e-07 5.912121785343380003e-07 2.923002406117671354e-06 2.525341319567805731e-07 1.570166520537799125e-07 8.095212305101950231e-07 8.360107204781299264e-07 6.131111286751664727e-08
1.378188567524540741e-07 1.044940447531418564e-07 5.475381828322479219e-08 4.369402736409876611e-08 5.196795348354016057e-08 3.769847979829992073e-08 3.362283561110610733e-08 4.087445945168259221e-08 3.557122297901018241e-08 2.079550832244073189e-08 1.809408519706365817e-08
2.939309026877079629e-06 2.589875375944700193e-06 2.294544398869199505e-06 1.553651778960948327e-06 8.807469883901380564e-07 3.815677804979796051e-07 1.311006547989860813e-07 6.889336810590892841e-08 4.029273584167506065e-08 1.882825313892749470e-08 1.130470538032787127e-08
4.279822632880108760e-06 3.808663202102990929e-06 2.098144241732132661e-06 1.413058898430945430e-06 8.359815482098403450e-07 2.461694318847667172e-07 1.210079406205764006e-07 5.697562474960072532e-08 3.043791106911446635e-08 1.673600009852910427e-08 1.343190263738956573e-08
4.323672843964610074e-06 3.480484822123657669e-06 2.735487547793847472e-06 2.173839029776540179e-06 1.078845967110379336e-06 3.542256144200348383e-07 1.393920025857193017e-07 6.430574224851725391e-08 3.312239222347501489e-08 1.623685349298654704e-08 1.233126967043030214e-07
3.432966771389287715e-06 2.060047357215427499e-06 1.691866195419975806e-06 1.479276983580523358e-06 1.523073603224083982e-06 3.783755296998182090e-07 1.821071955774547559e-07 1.051083669794906309e-07 1.529896655887666438e-07 3.812391471084156717e-08 1.325368488504025562e-06
1.889502656886769987e-06 1.543612850674733904e-06 9.824434331602501770e-07 6.863300128198486119e-07 3.929236586916841752e-07 2.647250958314407750e-07 1.409283213853646302e-07 8.300746353303634687e-08 4.571197594133987633e-08 2.269757349461473379e-08 1.103402901650687456e-08
3.549386665775666259e-06 2.787344850124741948e-06 2.288227050663353895e-06 1.983520303984164832e-06 1.006438538880470468e-06 3.586856243761619841e-07 1.489715119846669521e-07 8.606076726270068490e-08 4.543447903060574112e-08 1.020125221304755935e-07 7.536537884891883461e-09
3.847738619880140113e-06 2.115127455955947879e-06 1.230813936492914391e-06 8.869275198722372745e-07 4.413879147382610134e-07 2.891140642069466111e-07 1.334546495748386683e-07 8.875070059447728458e-08 6.489631691248884337e-08 1.742052389623255203e-07 7.604388348830868559e-08
2.892585495628736522e-06 2.250247827385062900e-06 1.380204876760933150e-06 9.489106380258487752e-07 4.065981046748651949e-07 2.116696328559275912e-07 1.332609257247106269e-07 8.391104558172407707e-08 4.545616983645006911e-08 3.036123014061599604e-08 2.635187962211768924e-08
2.045569919802663869e-06 1.328171803741836051e-06 7.841155787000686111e-07 5.072790051455226598e-07 3.664545348658112824e-07 2.356369724268223492e-07 1.471204760046498033e-07 9.583071178461464285e-08 5.568302522494159103e-08 3.011693348980035476e-08 2.036055356210578688e-08
3.065245235823939628e-06 2.479661222687741516e-06 2.004524624050123172e-06 1.064453298575156684e-06 8.263665907006912492e-07 3.619025490188047799e-07 2.510828164069149918e-07 2.657316222278159090e-07 5.655582974737875148e-07 9.112706233097629035e-08 7.457175160216306527e-09
4.054473551568429602e-06 2.781870431564753278e-06 1.401409862848946847e-06 8.134836387729288578e-07 4.058685056938630767e-07 2.288210375529562203e-07 1.579195791040318012e-07 1.069830625628737610e-07 5.841616832165048787e-07 6.179712891260378786e-08 1.395148937662342175e-08
3.147653944786904790e-06 1.864356186891802008e-06 1.058268251008141066e-06 6.817279933872366523e-07 3.914184591544766962e-07 2.315539924999770070e-07 1.313554710127117562e-07 7.912489951539255554e-08 4.365440771434542372e-08 3.021497074574228567e-08 1.764576774029964889e-07
2.567535787693062148e-06 1.977862455462473652e-06 1.329492934443339934e-06 6.501706041444425418e-07 4.340242298275228199e-07 2.702998455837226428e-07 1.538918849801434489e-07 8.294041581248118639e-08 1.297680702416523491e-07 1.172685820266167350e-07 2.689263500355219756e-07
5.584921612318096165e-06 3.656518204113824312e-06 1.920006613719826380e-06 1.027201854092415148e-06 5.181125234691888794e-07 3.621542091361993166e-07 2.498307499665569971e-07 1.413112169774407402e-07 8.066894242131526723e-08 5.849768095201378327e-08 3.191899223675460284e-08
1.036546312317642110e-07 9.710866569061650999e-08 8.126358012640471600e-08 4.209539195983815776e-08 3.982321417632126421e-08 3.440077760647363463e-08 2.974047825985849872e-08 1.921384135196729432e-08 1.369357401646915931e-08 9.092924147804825347e-09 1.011445063926531587e-08
3.271858845437997841e-06 2.941746922018225495e-06 1.495009489708644166e-06 7.508684289808669205e-07 3.777481220691404619e-07 2.361012665225704022e-07 1.386390096766053996e-07 1.289525120827822041e-07 1.301677539726219486e-06 4.025212325481415457e-07 4.485200425607663992e-08
1.434502731928784803e-06 9.781999225294757882e-07 7.948339900491165279e-07 5.857012942280268736e-07 2.506414528568355001e-07 1.711079913371943068e-07 1.845769128279221079e-07 5.278525762160110626e-07 2.379538256801821622e-07 5.050412400669386973e-08 1.774486720915074022e-08
4.781965847755753720e-06 3.929426499820586574e-06 3.178656891464045896e-06 2.168940130941771663e-06 1.274264626833259161e-06 6.237352288101937370e-07 2.634617323158788496e-07 1.215889755668611626e-07 8.642006196840370123e-08 4.770469987435999304e-08 3.065027489571821184e-08
5.159550020476428161e-06 3.986307878834507286e-06 3.133693868457110171e-06 1.894960112641023952e-06 1.261786306779128028e-06 4.033407182896435726e-07 1.923333667523394912e-07 9.120844317832773645e-08 6.007945498442409738e-08 3.140590436549220273e-07 2.614351866109449243e-08
7.436410263235853919e-06 4.813282549286436315e-06 3.546951900362343851e-06 2.143061304149467956e-06 8.873029158340822872e-07 3.257094444101500995e-07 2.000313366403084958e-07 1.060085075476981524e-07 6.155038992402174400e-08 4.709431053503427474e-08 1.107629651830942607e-07
1.945944170003119416e-06 1.225683934868797595e-06 7.241353724407797114e-07 5.187576392845004531e-07 4.116192749890926969e-07 2.604507253836792062e-07 1.564539489836099716e-07 2.625869080412108838e-07 3.658580842533938831e-07 1.974007642819003411e-06 1.128695196709049857e-08
6.323571631574054569e-06 4.416171742920309288e-06 2.582391714608262249e-06 1.444853511738727875e-06 6.986662116323970371e-07 2.704279616493215165e-07 1.615879070981031815e-07 8.650776718319629705e-08 5.984155365483196721e-08 1.387783684224723532e-06 2.463802968240884940e-07
4.380796742856049494e-06 2.433138507111396346e-06 1.633295538276761882e-06 7.816432592116944643e-07 4.518674690987720483e-07 2.195671531158822557e-07 1.461764700170830489e-07 1.239468533688960710e-07 8.636080630946852637e-07 6.364226044121407419e-08 3.112176916384635566e-08
2.100145326663149620e-06 1.257485361923451597e-06 8.806211537770603566e-07 5.463264562767844311e-07 3.098755058000652541e-07 1.987971885226258106e-07 1.239534558251429236e-07 7.324398341094767778e-08 4.067797617739706250e-08 3.595249957160581154e-08 5.439156217587333754e-07
2.000127134227779531e-06 1.665289012894379251e-06 1.035844069827455878e-06 6.172586335408192878e-07 4.152088046258175607e-07 4.647020319636342663e-07 6.283002307424461581e-07 3.154478423435504118e-07 5.241442673279542701e-07 4.722140577499797309e-08 3.747555385012914119e-08
4.533194127708354640e-06 3.696826106580784187e-06 2.743338763629254595e-06 1.644664231118874993e-06 7.953688739658072911e-07 5.814060773837246390e-07 1.825024767434138797e-07 8.447897011747791972e-08 1.010341590844007032e-07 3.344895119498602977e-08 1.518806464504032928e-08
3.576586746412791529e-06 2.513910898584075081e-06 1.732101398957156436e-06 7.742034657775193953e-07 3.871122825598706162e-07 2.012421962274058662e-07 1.361668949999655038e-07 7.904167050153754661e-08 5.161609273084823704e-08 4.117787589783579609e-08 5.312570385010410675e-07
3.863400275450660045e-06 2.103674152891708552e-06 1.118018373930160949e-06 7.240870816656017920e-07 4.009324057753452334e-07 2.487376413890838514e-07 1.524018426318035691e-07 9.114429313588285464e-08 4.844398906529249582e-08 1.239164017345769172e-07 1.127830379343613427e-08
1.756448170560801947e-06 1.467596426813970384e-06 1.060483753261366084e-06 6.266279117351108702e-07 3.859613149682009029e-07 2.439378383528045667e-07 1.258645461676137019e-07 8.321813031707941812e-08 4.485575055811580037e-08 2.859614121022721224e-07 1.646274089778323706e-08
3.896697698708547520e-06 3.195851230311650614e-06 1.968884613821336393e-06 9.418913154403786541e-07 5.507071029378447346e-07 3.550682041485397862e-07 1.820351577205446063e-07 9.662587783524301457e-08 5.602396503996816748e-08 3.042006744210323715e-08 1.018972316440516758e-08
6.725205625161058205e-06 5.518627600440539448e-06 3.803160041788220551e-06 2.480479784762688528e-06 1.493695804509314996e-06 4.402620759821068124e-07 7.660129448164685578e-08 3.875201952161612178e-08 5.216387571981243633e-08 8.933901380766861335e-07 7.378739189510369471e-08
2.942475250399528073e-06 2.954335762322527861e-06 2.201305024871012461e-06 1.086057811362458553e-06 6.356548073884818919e-07 2.691144121271794783e-07 2.958460115135539860e-07 8.022331470874865506e-08 4.428441287861981204e-08 2.468431737749263372e-08 5.845280407646121327e-07
3.208158113033146133e-06 2.619062480918088739e-06 1.886324637401631424e-06 1.330782095657702434e-06 6.003883707463048030e-07 4.508126552345334117e-07 2.028445302883339625e-07 1.030023053106806267e-07 1.381270026448210999e-07 2.291727859040940871e-08 2.807789130010303539e-08
3.475175027437920620e-06 2.300853310069167972e-06 1.317519784381120852e-06 7.078639320525385517e-07 4.583119538824661582e-07 2.495443986185565719e-07 1.619746637353141865e-07 4.239037880083041064e-07 5.705056330977938635e-08 1.476813945794477952e-08 4.703042204969106587e-09
5.737229018466715063e-06 4.727827562141972570e-06 2.935653746432847642e-06 1.130357776652750004e-06 5.054648623913258162e-07 2.366252670095422550e-07 1.641867769836194662e-07 1.054448717892090495e-07 1.230856143789131982e-07 4.148036690773199900e-08 2.229777895313739720e-07
3.305925966930439370e-06 2.418972257066550633e-06 1.423087199516078140e-06 9.705699006975080701e-07 5.673176206989474703e-07 3.118644800928604206e-07 9.286363490605780231e-08 6.409168160808378486e-08 8.525292288790927243e-08 2.200169925956443432e-07 2.141426103961473786e-08
6.937779456721208640e-06 4.009808028926853975e-06 2.030145841126180386e-06 7.028248825802739138e-07 3.547436242912925421e-07 2.142799468611072199e-07 1.245155004686073337e-07 6.890433181428873379e-08 3.582086274052887334e-08 7.799459652195738034e-08 1.165575849876819843e-08
4.850595889932823410e-06 3.087428349677460868e-06 2.301201054262363265e-06 1.074930970281002521e-06 4.661124366129533062e-07 2.541423303802709480e-07 1.701587948095942787e-07 1.246776704256896258e-06 3.807632376683507704e-08 1.907521776588412051e-08 4.462561824510747511e-08
2.924708551596710492e-06 2.092126730527322086e-06 1.176327519011796892e-06 7.283509950485318016e-07 4.108542442446794884e-07 2.635429897754409609e-07 1.577415658487792588e-07 8.782399373530740285e-08 4.960773087188783526e-08 2.173588438266399150e-08 4.958457262404655868e-09
2.698121033103763241e-06 2.663927097699306970e-06 4.593875090106067400e-06 1.055262856894441194e-06 1.055234377019720994e-06 3.786105279525593089e-07 1.561748979764144018e-07 8.473237332889182617e-08 1.881711237718198303e-07 1.134577586925958369e-08 3.214293589703740444e-09
1.059388247323908581e-06 1.337854336623192723e-06 8.939314518490275850e-07 6.351277219877205025e-07 5.334816271674170239e-07 3.802272599358024969e-07 1.914402617507831305e-07 1.517246662628302966e-07 5.744141985489708821e-08 3.811248917681266615e-08 1.116129326866207126e-08
6.177245722869208655e-06 3.156407606244985463e-06 1.765451786968564272e-06 8.021662383479962346e-07 3.953372011292048734e-07 1.908048911439564211e-07 1.125247443446878499e-07 7.397780410069857836e-08 7.927131105767527950e-08 1.012133969351006743e-06 5.507803223450197361e-08
4.672823857484410524e-06 3.252426696945017553e-06 1.943001956190381424e-06 1.018225786673551063e-06 6.312763676820651567e-07 2.855085701046670351e-07 1.390400948033452674e-07 7.077444092841538674e-08 4.524747778274430259e-08 2.949914708760011649e-07 5.631817173257998272e-08
5.166947515169422809e-06 2.350134123583400258e-06 1.528023725834969934e-06 9.768117052158662547e-07 5.390408532042410431e-07 2.776643304955264999e-07 1.527686957651778158e-07 9.871623057294536339e-08 3.853209467978862849e-08 1.891178919931717217e-08 6.349297280610101961e-07
2.743735732218787028e-06 1.679998134180776752e-06 1.123358010452846104e-06 8.331222379682324565e-07 5.076348752312216798e-07 6.474925399674044637e-07 2.707036503581375085e-07 5.572956497802340631e-07 4.939699728797897096e-08 6.732940211676426868e-08 7.628407974865248454e-09
2.860887669913778354e-06 2.326420132698765387e-06 1.973493791557573691e-06 1.414398313770227051e-06 7.007336190097396092e-07 2.969796239562321291e-07 2.144163711540423398e-07 1.304237315706515831e-07 2.822308016035678326e-07 5.245959868448588090e-08 2.283037460907723875e-08
1.571683400812506879e-06 1.741564599368512688e-06 1.481649953419158672e-06 1.219082306974099624e-06 5.647251447242162560e-07 4.402668152032827704e-07 2.909141669073467490e-07 1.805279834091571789e-07 8.326187906635620956e-08 4.793172804845135791e-08 2.986149713872604507e-08
2.934189999359980997e-06 2.484503149406577066e-06 1.729062411571877481e-06 8.880503089560809947e-07 4.562597283814649439e-07 2.675773493143147988e-07 1.404294688665057020e-07 3.160503226412057720e-07 3.233196135354732504e-07 4.333194921719205322e-08 2.034340498372304991e-08
4.539506927035240534e-06 1.614194748562601132e-06 1.030748594782994527e-06 6.940362773776187566e-07 3.699941286631448857e-07 1.930953156289427429e-07 9.569884423208394919e-08 6.089910437634386046e-08 4.111935284718611349e-08 2.545435600472698497e-08 2.761797395023634702e-07
3.838918442954354967e-06 2.787543288741011846e-06 1.649493811116655643e-06 1.047421664032890864e-06 4.702191022330364021e-07 2.647984447396509897e-07 2.022788664244214469e-07 9.752302126992730323e-07 2.844495897798956078e-07 6.299682942197683903e-08 1.160917731816032372e-08
4.215986259946413818e-06 2.708047152761091395e-06 1.843297590798122235e-06 1.182339706188299795e-06 5.530976081629933338e-07 2.430839696597345617e-07 1.452713479899401564e-07 8.504889261017659622e-08 7.061287357305409307e-08 1.487805312731106080e-06 2.837225878746702323e-08
7.120759905298906285e-06 3.830594291307428861e-06 2.451683866118338856e-06 1.755489681476261545e-06 9.773644877387431557e-07 3.842163563698623348e-07 1.565323955402936687e-07 7.062680836281186502e-08 3.386177082687715163e-08 1.881359136125475526e-08 4.893785300523561057e-08
3.817675026523930250e-06 1.618360823421917184e-06 1.024874969700019226e-06 7.161368991253641914e-07 4.620629771172723954e-07 3.123049897064066343e-07 2.171773249304979829e-07 2.485906711344273667e-06 1.556256993896594947e-07 4.068912237269766698e-08 1.400675972087950157e-08
1.661960707066872839e-06 8.939744243419584352e-07 5.617798216222710914e-07 2.684099709050926119e-07 2.312615843577970629e-07 2.582872960325898610e-07 1.196112669116322587e-06 8.709383307866669134e-08 5.143676146760928244e-08 3.079145735292710791e-08 8.255812841693073119e-08
3.202393020408193774e-06 3.311408509464086409e-06 2.584461490245721983e-06 1.324411755814147263e-06 5.432946634570062147e-07 2.797449512395019562e-07 1.694584504089067689e-07 8.646512718429874996e-08 4.939394980919855877e-08 3.496694514757942362e-07 3.239181117970618496e-08
5.961199498347099142e-06 4.662307847969384748e-06 3.527837984868703077e-06 2.162042926795161366e-06 1.133185443486802366e-06 3.676196415300612280e-07 1.831780588049083836e-07 9.559713827576531708e-08 5.991946681012650915e-08 3.053948044882448187e-08 1.500462255616973404e-08
3.219987841946042549e-06 2.044851247449092177e-06 1.158301200570825986e-06 8.004298228269367375e-07 5.393903657296136023e-07 3.239300830705760552e-07 1.700156438636240005e-07 9.148175716252586636e-08 4.290409890482855598e-08 1.659827655893403248e-08 7.941473532161503680e-09
3.158875189690428882e-06 2.458510236282660948e-06 1.617130814677922307e-06 9.514126688317712243e-07 3.581881963705046790e-07 2.281171038994402854e-07 1.381737062374631152e-07 2.958536433530844917e-07 4.593125292698996937e-08 2.721666857873583909e-07 1.144070024419122763e-08
8.505822534309793567e-06 5.632710698955295546e-06 3.628044029170787443e-06 1.931256686130459001e-06 5.408778070098625827e-07 1.832907419503292340e-07 1.091868731772563609e-07 6.364416955145170954e-08 4.769475233528376958e-08 1.151715089180623071e-07 1.444727541943801188e-08
4.971523494359029797e-06 3.541285384685678047e-06 1.962230813836954843e-06 9.583184710240167524e-07 5.917135905498946848e-07 4.846759426951873292e-07 1.821852637449110694e-07 9.316582056746032371e-08 4.823173942732273948e-08 1.862635541403903935e-07 2.128510888858656818e-07
2.237689805707056891e-06 1.522188794570790112e-06 8.869362742203689718e-07 6.785629792392826942e-07 5.310584608126123515e-07 1.940387910440066718e-06 3.396857038101517263e-07 1.111512542834533508e-07 1.833409280093313424e-07 2.611699408887934676e-07 1.000156951453092516e-06
3.815873220935462356e-06 2.967144585850190462e-06 1.659629724139966474e-06 7.774989286476016831e-07 5.336946274586696767e-07 2.646139264796818908e-07 1.709880165938743877e-07 6.988488771349170394e-07 7.531962203270737728e-08 3.461156662660843160e-08 3.487294172760743776e-08
7.069625060407315165e-06 3.976813102864971486e-06 2.188240721711093775e-06 7.356816529619059057e-07 3.291934986693786739e-07 1.999314264172373941e-07 1.209947961660619280e-07 7.149300538171003287e-08 4.132157005316430710e-08 2.856387666368012284e-08 8.961335386041947564e-08
4.887191827364533844e-06 3.019323124172943869e-06 2.045125885993574622e-06 1.078972157074229807e-06 4.670914263762805897e-07 1.985523148657692012e-07 1.408007485291134279e-07 6.909917981638218956e-08 2.432084770678513091e-07 5.008338300663193333e-07 1.920447011897187414e-08
2.438062407070264035e-06 1.751862269558025878e-06 1.405063191057425966e-06 8.312704129285083224e-07 4.441081693703561561e-07 1.046921832192665355e-06 1.500156890873294094e-06 2.554562540988816762e-07 6.565597894910086939e-08 6.994621544556334711e-08 9.886406253611145916e-09
3.419609179632796920e-06 2.291456523611730946e-06 1.472910663962581312e-06 1.014453114023603157e-06 4.754561031575637411e-07 2.559436780621017048e-07 1.455584025552021593e-07 8.358914591570665117e-08 1.584477371907012412e-06 6.041328576221478551e-07 3.885906111520714849e-08
5.395560052959846716e-06 3.708218280622964942e-06 2.384665623942218416e-06 1.083307842496020096e-06 5.102731734951938821e-07 2.141150514795773310e-07 1.256905103563609814e-07 8.191806148695487616e-08 5.850551114954705717e-07 3.837243732569830781e-08 2.178531494668205598e-08
2.689702674400425948e-06 1.359134741356363874e-06 1.029362208028715015e-06 7.060082012993000374e-07 4.545496626537001076e-07 3.177393204730210032e-07 1.558659864135187880e-07 8.902428272263864900e-08 5.595696928871428640e-08 5.489010543211013992e-08 1.939899295761325796e-07
7.852181840333555808e-06 5.785188770540237431e-06 4.054143347679730893e-06 2.473002768934687898e-06 1.398679687135325111e-06 2.545152857118409579e-07 9.813608270569310463e-08 6.329735099395105019e-08 3.446977991871485343e-08 4.265651414948465379e-07 3.585217868751368954e-07
2.800005216544508513e-06 2.685392832253102752e-06 2.697757249367168941e-06 1.506817277830862888e-06 7.892096143531990147e-07 2.622358998518756437e-07 1.267522514054284089e-07 6.243339160167106336e-08 3.847885803820736435e-08 1.858465651884768283e-08 4.693533168297526436e-08
3.345322224589931887e-06 2.375972508943233025e-06 1.605142255330747691e-06 7.600472246547353139e-07 4.039917781121017904e-07 2.275304776165345132e-07 1.470130467660559646e-07 1.164610948406717397e-07 4.211649970731106583e-08 4.204731794391763890e-08 1.616158316450181091e-07
2.059744768585997011e-06 1.373743059093267324e-06 6.655118073241530224e-07 5.979850017483561974e-07 4.343733706003337412e-07 2.321469984786070070e-07 1.285900837863035159e-07 7.771129767865683183e-08 5.163279007208445173e-08 2.960547848748585590e-07 5.197089307539232304e-08
2.758184516685191490e-06 2.163602076532524781e-06 1.353941117705032150e-06 7.184861404960974536e-07 3.998563372000016136e-07 2.084864095187453236e-07 1.221307869692469519e-07 7.482965036024154081e-08 3.970745376287038540e-08 2.476601653564952549e-07 5.135330745086569040e-08
2.428962110246696166e-06 1.350302277518814578e-06 9.534151517453964676e-07 5.429452659858052178e-07 3.794396099525192271e-07 2.675811334668163728e-07 1.446557880465944556e-07 9.501131677579241840e-08 5.865962534528054023e-08 5.295593757629682305e-08 1.066777215804590240e-08
5.741682429912741651e-06 4.220750564963295975e-06 2.697284724599460947e-06 1.525503912310042273e-06 6.859559281111625742e-07 2.473666476434818616e-07 1.465966609925096746e-07 7.321899861558755518e-08 3.820702660820193697e-08 1.521474051260778689e-08 1.848480285014690854e-07
3.287299533040881365e-06 2.712499383745515474e-06 1.614381581069565279e-06 9.287962595678257820e-07 5.755830827155058626e-07 2.988620803622257969e-07 1.695270081187870890e-07 1.109792750347470871e-07 6.535463616273866173e-08 2.953698833903984413e-08 1.450629591412869255e-08
3.481289858512229068e-06 3.294584173417982226e-06 2.255812518562807604e-06 1.262494246085596777e-06 5.480419115673317357e-07 2.225142233565415171e-07 1.268244957378973778e-07 6.812604765655617084e-08 3.289359752944465098e-08 2.150658226147856231e-08 1.274732042816841546e-06
3.872870101258260848e-06 2.071290501591091068e-06 8.085392266018283016e-07 6.380909065352630116e-07 4.315323160585138671e-07 3.148664532355779786e-07 2.142707378120977341e-07 1.384294964931406505e-07 9.589627871328529659e-08 5.476113611787340949e-08 3.190417861481497652e-08
1.633718091514020042e-06 1.109791809344812910e-06 7.715222202685820465e-07 5.621874874975628464e-07 4.132577755177384713e-07 2.707213684197412122e-07 1.848912498833514843e-07 1.109125623062167650e-07 3.715507702624528170e-08 1.483980128609134551e-08 7.515479139477477947e-09
5.003282002039452844e-06 3.012038643983167465e-06 1.689980183252619660e-06 1.015871787993284118e-06 4.073462910175464433e-07 2.502484924350946628e-07 1.547075678625108620e-07 1.051707666461697585e-07 6.653914175608959363e-08 3.313505169630328039e-08 1.033348633766042664e-08
1.931300052918833620e-06 1.320292356904471200e-06 7.480663322581809725e-07 5.404513080769676924e-07 3.663334051699982838e-07 2.176962326127788790e-07 1.464856494757915913e-07 8.673117776577831182e-08 4.708461367815112794e-08 2.903605202877533986e-08 2.757193974352307470e-07
2.160550273241287120e-06 9.317424355012742000e-07 6.997543565405850839e-07 4.236330180977627211e-07 3.199374151286894358e-07 1.926803917271381776e-07 1.577273597678347037e-07 1.388818303963401936e-07 2.868143807220502050e-06 3.837888824415468588e-08 1.453585796417343918e-08
4.384663176908416540e-06 3.446598419740491920e-06 2.205289999691959127e-06 1.834008742276225371e-06 8.213114659753289589e-07 2.905897766593211733e-07 1.764588385364402592e-07 6.657791704004756457e-08 3.025786379360658832e-07 1.149788317124299217e-08 5.696805836607719874e-09
3.691000507423801649e-06 3.176863035792655845e-06 3.302575928678082349e-06 2.545769758960678544e-06 1.113900472868774649e-06 4.060005709397183221e-07 1.318146807778457046e-07 6.032156243179571952e-08 2.682223552598559855e-08 1.898693735570831941e-08 3.281245027238797848e-07
1.628592219859329963e-06 1.028975567792274814e-06 6.704295910335664870e-07 5.513372969088794787e-07 3.190797793023145968e-07 2.095431686586833259e-07 1.537708928369701822e-07 7.492674928502435924e-08 3.939941739018653005e-07 3.436092805054425854e-08 3.461202349765341935e-08
2.116687907467407036e-06 1.323690602916986781e-06 8.160866559108534783e-07 5.795107998187528654e-07 3.595921675405932403e-07 2.217870916826406459e-07 1.448115693841795074e-07 3.757926136809033772e-07 5.249900832123370660e-08 2.133694468865612613e-08 1.145814495820971115e-08
6.847268516775033028e-07 5.375693380890393585e-07 4.363772651235186050e-07 1.999676009551831323e-07 1.911415572260355194e-07 4.747054016836783951e-07 1.758899579621624578e-07 1.219593005227428266e-07 7.690546504891537724e-08 5.761540591535101511e-08 4.344208622395584257e-08
6.221811894434879031e-06 3.554245756033974237e-06 2.908433815394524150e-06 1.929476599906274684e-06 1.033244351670669001e-06 1.628291762955388277e-06 7.037160883917198640e-07 8.614811630352345248e-08 5.081860535343367874e-08 2.269690880036120403e-07 9.033105573536827388e-09
3.659545177231467579e-06 2.724442140920485623e-06 2.161848568462787243e-06 1.327580992009051902e-06 6.374042516813229074e-07 2.894903982936502768e-07 1.710950817122140090e-07 1.209811880662239576e-07 9.384846824508640047e-08 5.379647808219685899e-08 3.324649717593602398e-08
3.817232218028339435e-06 2.273200950304318561e-06 1.596292746654447319e-06 8.367739623641109497e-07 3.461102313090544873e-07 2.371892518384429524e-07 1.642088444408220199e-07 5.115538295334585090e-07 6.655208154882684745e-08 1.717886524407652860e-08 5.057560060340144025e-09
5.795956415505266210e-06 3.999256441575845866e-06 3.011285577519875322e-06 1.361810973127281443e-06 4.693084201057635490e-07 2.525619497013621357e-07 1.311210931688766577e-07 8.555101753092588115e-08 5.050530505939246388e-08 2.592221772206275025e-08 3.428679961701568841e-07
1.806853206789821476e-06 1.742112044639765974e-06 1.202510687879414848e-06 1.702305996364476512e-06 4.780818501769378151e-07 3.610791181054434041e-07 2.086783068958425682e-07 1.300410674161480789e-07 1.162912644400222311e-07 7.988528805352863370e-08 3.295764722519998763e-08
2.671429286856779852e-06 1.627442437546696841e-06 1.128267108291280835e-06 6.330295591550479910e-07 4.454578234064364355e-07 2.798377175923093083e-07 1.714301480933432174e-07 9.579375239324508217e-08 6.415243840893879009e-08 2.956082574407654211e-08 1.360371018945449194e-08
2.407830439912709804e-06 1.982894220407921219e-06 1.507403291883933235e-06 1.129354281146080575e-06 8.268116322836426615e-07 3.018041129611306177e-07 2.607205966200319946e-07 7.898789584542009386e-07 1.301194408382123002e-07 3.419815088662058159e-07 5.398688131549796712e-07
1.866922941157280431e-06 1.635670417403138779e-06 8.251559380065907574e-07 5.370680630110712423e-07 3.592844237533309090e-07 1.986267640714310957e-07 1.306575274240040561e-07 7.342959235694041724e-08 3.943858817000803678e-08 3.740774054082320108e-08 1.188932827583139572e-08
2.060333103304025013e-06 1.328818612000956993e-06 1.029199725167733897e-06 5.736591691821043738e-07 3.955727774690909784e-07 2.228764472074857202e-07 1.192073863633306011e-07 6.534580570715857411e-08 3.777752508178075973e-08 1.918520449407934896e-08 1.841664324257126794e-08
6.763588588658399163e-06 4.182009931831302346e-06 2.466878621090277088e-06 8.066013692734124145e-07 3.029296694869969778e-07 1.905053476977163504e-07 1.218635744634304942e-07 6.941487957974475343e-08 4.203317687232306781e-08 2.816764489794186426e-08 2.013465886474932110e-08
4.083514358903932963e-06 2.708612823788484153e-06 2.047397778196507266e-06 1.407711118934851394e-06 9.855341478149132656e-07 5.798659101367128682e-07 2.234017245273516310e-07 1.468735173316237655e-07 3.248072061393819028e-07 2.133592079319154041e-08 9.805329187210020712e-09
1.751319999816858760e-06 1.164081955274207306e-06 7.504823731659374200e-07 6.020014120318768715e-07 1.108213607236316849e-06 1.645524009373942088e-06 2.144952832087621590e-07 1.174803267424699147e-07 7.279578570824536779e-08 2.321806485250578635e-08 1.111777105539615376e-08
3.133069081537041425e-06 2.188796135516708488e-06 1.162390320790670228e-06 5.595440661695491809e-07 3.653987799661140213e-07 2.340683560699508094e-07 2.459844215437376923e-07 8.007512511161243049e-08 3.856539240141101221e-08 2.046933061358991806e-08 2.040593117370315619e-08
3.656527573779167421e-06 2.950096033958416340e-06 1.477561183434418165e-06 7.296881942628464248e-07 4.291041395282211578e-07 2.219699628562353146e-07 1.345915504369768601e-07 7.794907739185653284e-08 5.831190512421873081e-08 8.505048406280103773e-07 3.483147327148007278e-08
4.541425839435374587e-06 2.570766903500427832e-06 1.324621851001015543e-06 7.801850153296750923e-07 4.959505855784530886e-07 2.779423014025963959e-07 1.430564135054121419e-07 9.171592366591044701e-08 5.813130259614079883e-08 7.595787648284799273e-08 2.638137493136509255e-08
2.668849519145748034e-06 2.161367103759309514e-06 1.227670888554124480e-06 7.167943203825640210e-07 4.772682309442713996e-07 2.860857403056724273e-07 1.797313675594797317e-07 8.211361596128331509e-07 1.005438408215338729e-07 2.000458364981369900e-08 1.507582691307542415e-08
1.388236506270261082e-06 1.452859614785902504e-06 1.160374374877399653e-06 7.094087613169223037e-07 5.030420266305043009e-07 5.088556023563431604e-07 2.100951458150366742e-07 1.064768461546513599e-07 5.172901981236084035e-08 1.872210335764221201e-08 7.798973522900990619e-09
4.175200009317700662e-06 2.132576242704345723e-06 1.081994453810900503e-06 5.841560867781073360e-07 2.953788793821243015e-07 1.835706133660291107e-07 9.184176390379542754e-08 8.517379268815530037e-08 8.138488859594935418e-07 3.800604542396916718e-08 1.331162630832961481e-08
2.410237712580488858e-06 2.621677499088738601e-06 2.308109555686494806e-06 1.512252371530199456e-06 8.509621206517490831e-07 3.667773723292617728e-07 1.529161112029014452e-07 6.047967391673617646e-08 2.143864941011591101e-08 1.027868558049097962e-08 4.497464827713251862e-09
1.874226722176738231e-06 1.214963705793624941e-06 9.790746980215927627e-07 5.905363879529593563e-07 3.692864659841095413e-07 2.457810242429574547e-07 3.143658208204267486e-07 1.670918281726008556e-06 7.130033751265225348e-08 3.129025809439496014e-08 1.061136390204232553e-08
3.271636773976765393e-06 2.646261438669688026e-06 2.194074440730786058e-06 2.148365315148133898e-06 1.107230469029576329e-06 3.564256522622814490e-07 1.387665205042324338e-07 7.843367169959435294e-08 4.223198086561199042e-08 2.813783350035737025e-08 1.810141355246521634e-08
6.185891996130518155e-06 4.203272510944719216e-06 2.351284531186081856e-06 9.154875312825525535e-07 3.135923349776718847e-07 1.560674145046848187e-07 1.027793307863429201e-07 6.387658621740387408e-08 4.240247309382308672e-08 2.089926091989080805e-08 1.678423512760620378e-08
4.696020848301889681e-07 6.312970961610491758e-07 6.605796678843172328e-07 6.946961475723238500e-07 4.819965188609961497e-07 4.178706271530781967e-07 2.560746863125202117e-07 1.851831462208651891e-07 1.117978104014055837e-07 6.809569360295773122e-08 2.806829889381800739e-08
2.518224760651554169e-06 1.882734609922418524e-06 1.095595255347176554e-06 1.096333182210240221e-06 5.225446907493282117e-07 1.738384199629749585e-07 1.064871030091258095e-07 2.562047307200940853e-07 1.280265219157416610e-07 1.013470681801001184e-08 3.201800854418803494e-09
4.438873881731703045e-06 3.293535947040231052e-06 2.726035685140737053e-06 1.759150598307343547e-06 9.774354652141093454e-07 4.698225334941566237e-07 2.440794826341750230e-07 1.198851884618482199e-07 5.053074437688682227e-08 2.898914207264952088e-08 2.825793706523384249e-08
6.665909772801678011e-06 5.070264745255150770e-06 3.547471119280034040e-06 2.160934391978233118e-06 8.553149209447510162e-07 3.284885642777191053e-07 2.067089364935272484e-07 1.147339992113030855e-07 8.671800515550041376e-08 9.051339353598602400e-07 3.055137109793709518e-08
1.980458520905809217e-06 1.664228017017946484e-06 1.130355864520727265e-06 6.211716441411881410e-07 4.590088424225936447e-07 2.750993622570543131e-07 1.909541156718815131e-07 1.962499037398314707e-07 7.316218716579438468e-08 2.892269067170386780e-08 4.554724723306462944e-08
7.475338110482090278e-06 5.272991828780726107e-06 3.265516153604433767e-06 1.815555147806501849e-06 6.718501106364477976e-07 2.689409320913925959e-07 1.486610246338694212e-07 9.030816208272979640e-08 4.281505802999276353e-08 2.692915413346651687e-08 1.664617382378332340e-08
4.997662523401155782e-06 4.192286166302947769e-06 5.365320117773874848e-06 1.671276559772429864e-06 9.131397927381974946e-07 3.401705913273927209e-07 1.444943434375679001e-07 7.326109012280951263e-08 3.350810218431926369e-08 1.689166695459249240e-08 1.044127942472472833e-08
4.978907965520391502e-06 3.377312387412329268e-06 2.257086423804087468e-06 1.242149083006489752e-06 5.892490185578997830e-07 2.935891460354737361e-07 1.605197162926046857e-07 9.651643788259242186e-08 4.905823483831751765e-08 3.030647680314972508e-08 2.447205942729636607e-08
2.266326865401296843e-06 1.957364104123721348e-06 1.605877396452780305e-06 1.091193892593834367e-06 6.819363980099252016e-07 2.813857863786074424e-07 1.469070871700871849e-07 7.060651367510567890e-08 3.821087985898342572e-08 1.878984116944613243e-08 6.039008149873200288e-09
4.238788298463461363e-06 3.460669122940932237e-06 2.066458444171188386e-06 1.563944402416599491e-06 5.835833620304957777e-06 3.470620856538043818e-07 1.187836487504681807e-07 6.973429764628236647e-08 2.575326152439044742e-08 1.383890305909976800e-08 2.256555224577637153e-08
7.219984223657832424e-06 4.781888851292155442e-06 2.665708914901127956e-06 1.207409545002363514e-06 4.054983756520958909e-07 1.741362336388358916e-07 1.104787037754641035e-07 6.893601364063797435e-08 4.348933818029086528e-08 5.127918389648318159e-08 1.278465697098117716e-08
2.333519768843983105e-06 1.905389718278242250e-06 1.071042854388453774e-06 5.830002272004624657e-07 4.024196350270509227e-07 2.397589259550676477e-07 1.415395588686556538e-07 8.927968124949078550e-08 8.115513557775967890e-08 4.058769872855195280e-08 1.276366098163493651e-08
8.212138750829236857e-07 4.356165149257480230e-07 5.269176178386433448e-07 1.070982552033939781e-06 5.871138196175556323e-07 2.222537600291975457e-07 1.641529413748224275e-07 8.139298670219175107e-08 4.572402009785895992e-08 2.017100634813149724e-07 5.969774595157859266e-07
3.570043186375227841e-06 3.266802613954664424e-06 2.561827539121582505e-06 1.997625853838337538e-06 8.739298089638109803e-07 1.921605858428518332e-07 7.052714284492876432e-08 3.409934137817554044e-08 1.572395167917840669e-08 1.305273037356219712e-08 1.428688426357887433e-06
3.275683687027285944e-06 2.082987243450336711e-06 1.570485870146634138e-06 1.289265171262319390e-06 1.556903894557063515e-06 7.758933787156125755e-07 5.242964343499520703e-07 1.423548625322920829e-07 7.121510246363759756e-08 2.560582148953145575e-08 1.088646482834312856e-08
3.020399462364457817e-06 1.920922323314218182e-06 1.063342548706503428e-06 7.143188545299409541e-07 4.336036432290334190e-07 3.006530160573732646e-07 1.916748705666926024e-07 1.225925302226137916e-07 7.408870078474817236e-08 9.182600370894826188e-08 2.310825442987516230e-08
2.309298545261075647e-06 1.407195832905373582e-06 1.336173340244989959e-06 1.214311706298383946e-06 5.672365413224936482e-07 3.651004654990720768e-07 1.940072110856629789e-07 8.491196594422335226e-08 4.131540292236721598e-08 2.155635302670800228e-08 1.012029621759008415e-08
6.717247307785251223e-07 1.061226070724180154e-06 7.148982734676845943e-07 5.121470227618837298e-07 3.655742573243714203e-07 4.176614107878508365e-07 1.285536569648476146e-06 1.168191723548072493e-07 6.277371772277323368e-07 6.091445472958569260e-08 1.403833881700125506e-08
1.093462704535113713e-06 8.090162303431394098e-07 5.168077546449911699e-07 4.185082903713845050e-07 3.367200691709117661e-07 4.115498180140375900e-07 4.299207386183787371e-07 1.044216723244551051e-07 5.300962790475671374e-08 2.329176563915326661e-08 1.005099051545126773e-08
5.117931570465862735e-06 3.222887619892608158e-06 1.911889166152412721e-06 9.522808902282108993e-07 4.978412747981658485e-07 2.162571751261175430e-07 8.219297168689947687e-08 5.893651085664283672e-08 4.698599737440550040e-08 6.612951149404769965e-08 4.004608696128819151e-07
7.078538179652157533e-06 4.852981654023520941e-06 3.472826880960185234e-06 2.013031456871044433e-06 1.129642407478421300e-06 6.249705697874490664e-07 1.621290340735302681e-07 6.005783389714516066e-08 5.319364006864244902e-08 2.960583736576030213e-07 5.923309743679563205e-09
4.268165358308236956e-06 3.303451728658196294e-06 2.268371674803379106e-06 1.261897954443241892e-06 5.026774240141606155e-07 2.688105040554210066e-07 1.625453376149705190e-07 1.012127960326079451e-07 6.817350553420126314e-08 3.596845871512458773e-08 1.989541707524157049e-08
3.683874881087011714e-06 3.370114764096262664e-06 1.390639405449807294e-06 6.398154230103693125e-07 4.079995598411195346e-07 2.882633861369972717e-07 1.962176936327843693e-07 1.082858616123575786e-07 3.671379276875017577e-08 8.917172194405168390e-08 1.243918254421601984e-08
5.815033249439975202e-06 4.533183566632743733e-06 2.250518625415049109e-06 1.264098928373543885e-06 6.125069368051522762e-07 2.083948466579645574e-07 1.070770816023417676e-07 5.894331718187903604e-08 3.487552218940157699e-08 2.603344846239010721e-08 7.375797707378037380e-07
5.572413410595454364e-06 3.231145681610622533e-06 2.234703023890367180e-06 1.289167116282444635e-06 6.732227280284952854e-07 3.886394968123664723e-07 2.125689031764690654e-07 8.690668041554561814e-08 2.256063926592294188e-07 2.270078063929590202e-08 4.999809694351798846e-09
4.315386232326338331e-06 3.419269239065801262e-06 2.253261434891526908e-06 1.323543095401962512e-06 5.737842279363650397e-07 2.606262541433223576e-07 1.563699591115793326e-07 1.148660768264358344e-07 7.110264009534700739e-08 3.340083209155182262e-08 1.433882787940265676e-08
3.425811994532476651e-06 2.938716317465127947e-06 2.169529044624091386e-06 1.050407267175121447e-06 4.977486993648353669e-07 2.261058121722145098e-07 1.502694721111657144e-07 8.100179689412627263e-08 6.838744550177059359e-08 3.249811538916892812e-08 1.872527419891549539e-08
5.803898910599345367e-06 3.665538654873978892e-06 1.972278385161190788e-06 1.056330202301104571e-06 5.676934929703406003e-07 2.731012553198469234e-07 1.470567734952264831e-07 9.127097533909776788e-08 4.437104103157161512e-08 2.245303286536251480e-08 1.072136569227251309e-08
2.978539020322525616e-06 1.725781705282922216e-06 1.125473260416365662e-06 5.089374158728446845e-07 3.886218321301026958e-07 2.226719562430700765e-07 1.362415874719876899e-07 9.435484627629151719e-08 1.675615240749790081e-07 3.520842780728635681e-08 2.692410726964630587e-08
3.121864426858583980e-06 2.362777171599247799e-06 1.367460208102254351e-06 8.098026318971234849e-07 4.219355630120220744e-07 2.077631931016900551e-07 1.078207420409882952e-07 9.215160996973443249e-08 7.861740021062095837e-07 5.118767940944561698e-08 4.700056053052525324e-08
3.164470289576857444e-06 2.300776878015002903e-06 2.055537985950300760e-06 1.157467439320257521e-06 6.133449634067786415e-07 4.208257469281805210e-07 6.934179371347220251e-07 4.746148678831591266e-07 5.369945126705419349e-08 2.249953959316477676e-08 9.371520496161104895e-09
3.145656110354274537e-06 1.744494475972682403e-06 1.047601516745806082e-06 7.150958246257252973e-07 5.634858263670579407e-07 3.529713317267342850e-07 2.385068588824071812e-07 1.417580466785574846e-07 1.066728108370015930e-07 5.753009995512386864e-08 3.517359045894654114e-08
1.116254543490916972e-06 8.858889730271729035e-07 6.891975080056018164e-07 4.046042480065395848e-07 2.702219196731515025e-07 1.873613541950656986e-07 5.028616204867633563e-07 2.383451193285242326e-07 1.139720694847815547e-07 7.744963761805825172e-08 1.835078774094945728e-08
3.899121789063910987e-06 3.326135548122159516e-06 2.461704336332955238e-06 1.558846033004569764e-06 7.703012794839975275e-07 4.304309926341247264e-07 2.704751291748789349e-07 9.651369735780922869e-08 2.233804434867257495e-08 1.199293628209418817e-08 2.130914104513366194e-08
2.790017156846687303e-06 2.422137494923148517e-06 2.263909453701559196e-06 1.912550665670086693e-06 7.831847812004160764e-07 3.291090428217598988e-07 1.466276195011294429e-07 6.293840043461247218e-08 4.072627639236186613e-08 1.376926779763491303e-07 1.952286181213946213e-06
3.690562125481585678e-06 3.036053739023831738e-06 2.206297483320880887e-06 1.370145981087847537e-06 8.684842751095617545e-07 6.279278789900744356e-07 1.899481426136250911e-07 1.263617207508153979e-07 4.031361561548539953e-08 1.611534328059939951e-08 6.167563641600355670e-09
1.551998941084596354e-06 1.327196920443615318e-06 8.856528836337149211e-07 5.605087588188379490e-07 3.442814203980066727e-07 2.301791666219223802e-07 1.390270766107413565e-07 1.031521662366839311e-07 6.262916183540224477e-08 3.341403914990736805e-08 2.906632641683231333e-08
1.310749293473536506e-06 9.358734490407199901e-07 6.883973167882049753e-07 4.089058155768733102e-07 3.223361203768059092e-07 2.208975873624134039e-07 1.435494030103834228e-07 1.003938898258057059e-07 1.012809766562958346e-06 4.446985351929903536e-08 1.963668024513341180e-07
3.920752889850857622e-06 3.051145259526864931e-06 2.797517879483238287e-06 1.769746115023924092e-06 6.119022759881208039e-07 2.424356708900403125e-07 1.439507341495345126e-07 1.263810507679766306e-07 6.934991380603537239e-08 3.324828819547812475e-07 9.075105628283540958e-09
4.368632602876022947e-06 3.244427468113230857e-06 2.779045393527660244e-06 1.796760718810118312e-06 8.064458379976420341e-07 2.499409700417056242e-07 1.394792150139583752e-07 7.428772242501763499e-08 3.280745246908692796e-08 1.499889528767948447e-08 8.593323422142422386e-09
2.840652078860504354e-06 1.777147167569957666e-06 1.136454342793850518e-06 8.178003137246335113e-07 6.267719864159464322e-07 2.665203184669154465e-07 9.599575254750981295e-07 2.770923246938778112e-07 6.253343506648242278e-08 2.542972563415779006e-08 4.782968291159511208e-08
5.425908568294729944e-06 2.815098746383972587e-06 1.715362561621589148e-06 8.090579945002974649e-07 4.396892845161178065e-07 2.413015710723900873e-07 1.411779893190508763e-07 9.000242465116292137e-08 6.964448009314656442e-08 5.799534207390813180e-08 1.245730015339358211e-08
2.551112778539035671e-06 1.581867033493102348e-06 1.005078784767354285e-06 6.065391058777037054e-07 4.027650265394181180e-07 2.268717163574648150e-07 1.333733720734342480e-07 8.409127380781258819e-08 5.431616794957554176e-08 4.479829180451180593e-08 1.083007021406085596e-06
3.332986973203047953e-06 1.270016302484705252e-06 8.372004177882404265e-07 5.382145916197325865e-07 3.698737933333132987e-07 2.324583065392313132e-07 1.429240522224731969e-07 8.744863363868393523e-08 5.028886422543176810e-08 3.013034506543745748e-08 1.813600306986413978e-08
5.157464987989619408e-06 3.648945565584357786e-06 2.689837688345973130e-06 1.634958000762429941e-06 9.270341569129815543e-07 3.638980951429888967e-07 1.701073420650852166e-07 1.097959761202771746e-07 6.937276237174730761e-08 3.629169084438038957e-08 2.294416307368136703e-08
4.363033070827324488e-06 3.956832390626413829e-06 3.959490486957933658e-06 2.929620392553661541e-06 1.883958135400088973e-06 1.012286654858744772e-06 2.903427219261083582e-07 1.008574294976497324e-07 2.254736338174956015e-08 1.164685178077877506e-08 8.439948380009191856e-09
4.460535496957574047e-06 2.116319938566976830e-06 1.844558316218424042e-06 9.822212413404432593e-07 5.546308474311094219e-07 3.825384046560747861e-07 4.391483791526717672e-07 1.038222681063199007e-07 5.316644189201362544e-08 1.456312801364593095e-07 2.741269794510848485e-08
4.674877897748329566e-06 3.462109889246769964e-06 1.868837556677079889e-06 8.703696358443513771e-07 4.258566958636786319e-07 2.051069135687071987e-07 1.244033143634684616e-07 6.965716761741607618e-08 1.002224468624327331e-07 9.311625821277566863e-07 8.970680193908850445e-08
3.788080420254149600e-06 2.477800155823244079e-06 1.780639171361901020e-06 8.894430130241608472e-07 4.054080831741200197e-07 2.883631357118163789e-07 1.507752018802699772e-07 3.208811402562956045e-07 5.723637631300502257e-08 2.496093381150691584e-08 1.167543396024526271e-08
5.365006176793409668e-06 3.669047514642527143e-06 2.806051174323067929e-06 1.321659258362671343e-06 4.411480301441167304e-07 2.140305560210768499e-07 1.412251060638340801e-07 8.487232008157582740e-08 6.611267693270786199e-08 3.177869814229573087e-08 1.464587004293963465e-08
6.550276116231974333e-06 2.775197500255335494e-06 2.267502990666184149e-06 1.364898752550383135e-06 7.178936957227968661e-07 4.620112696669748557e-07 2.145404169883499267e-07 9.181761118972558680e-08 4.771976547593285865e-08 2.009116766466281766e-08 9.102614982900395202e-09
6.976207542275825111e-06 2.930146318226874599e-06 2.096578664147781913e-06 1.077134328538396205e-06 4.668026657299860206e-07 3.242587268317484005e-07 1.617752526320516627e-07 9.545499862503414444e-08 6.185637870552079673e-08 4.188695436929994114e-08 1.818454889965683769e-07
2.030946308167397598e-06 1.688745891067004913e-06 1.095888194163642651e-06 5.253814952348826402e-07 2.729521186100098608e-07 1.828119679892776738e-07 4.946971011062848158e-07 1.536882102037009023e-07 4.837955508227622194e-08 2.580977789642618718e-08 1.757666226723654959e-08
5.335954765364338887e-06 3.912279503499336597e-06 2.686511831483949586e-06 1.913732334829929414e-06 5.318403522514962411e-07 1.665087708196714389e-07 1.049882074610183114e-07 2.348044860106301895e-07 4.481887911960998272e-08 1.893711534756828651e-08 1.056085724641692596e-08
4.006959820562921438e-06 3.352709597177179894e-06 2.539991415704162755e-06 1.523232056789942829e-06 7.723643856322048384e-07 2.696963428079932036e-07 2.341280714456047734e-07 3.659330090259758053e-07 7.480358448843512920e-08 2.691277089101366429e-08 1.915629154077903430e-07
1.732214641291206087e-06 1.538975181862498786e-06 1.438780756181300374e-06 8.914813270039012044e-07 6.290483333640404929e-07 3.542150075046750923e-07 1.693822601037252636e-07 9.074481517298239218e-08 3.231945716049827299e-07 1.913940611084164348e-08 5.588093471629445546e-09
7.327299402312462277e-06 5.973925838169679773e-06 4.373889048251167967e-06 2.291296643553810664e-06 8.201779764517508805e-07 1.560883841839002805e-07 8.691492473139031498e-08 4.878708661154170719e-08 3.025258499914430784e-08 1.963676715354771161e-08 1.518600363647418065e-08
2.394576586294921939e-06 1.617172828644943019e-06 1.173792888843585654e-06 8.503637010000170244e-07 6.650534840780296561e-07 1.031770626937801608e-06 9.021067099195838561e-07 1.172613403160460809e-07 6.056553018767452610e-08 3.458094811595677931e-08 5.373071979874708593e-08
2.881654829198387206e-06 2.393952995399479933e-06 1.897852510306218044e-06 1.205174253586227698e-06 7.111322360529550181e-07 2.923494875159753998e-07 5.266141857608186145e-07 1.311572336678807269e-07 6.395160527933784631e-08 1.538721662864304740e-07 1.102861520966669613e-08
5.095852921518192306e-06 3.409343034677771785e-06 2.101193837386417151e-06 1.315210824807844975e-06 5.933333971834868387e-07 3.002562973805668516e-07 1.505743809729419440e-07 7.690016538319255370e-08 3.369776478085490425e-08 2.101796963704735788e-07 9.189437844858803037e-09
1.016217184230061539e-06 6.110291696299522624e-07 5.665792976460779533e-07 4.050286927708987021e-07 2.510759547615736588e-07 1.972019313811048812e-07 1.487983787735179004e-07 9.192359077284310963e-08 5.580061200067198821e-08 3.453937263492458862e-07 5.724458507959835434e-07
1.880869932684206796e-06 1.318632118870584701e-06 1.010465059933548143e-06 6.964286616450776443e-07 3.276905726197646390e-07 2.066543926222296731e-07 1.513540125067889548e-07 1.902914164075406316e-07 8.047818815011374129e-08 2.887553947419271306e-08 1.305576759626996959e-08
3.826871955502337720e-06 2.815430725234144194e-06 1.492630205534770964e-06 1.008963391304367812e-06 4.803977466038901974e-07 2.775599180682856511e-07 1.766286739648432307e-07 9.378194470523684690e-08 8.007330209913784993e-08 5.248619775193291623e-08 7.541400239843812778e-07
1.010827729428843067e-06 1.001974251927742038e-06 6.884943745564808247e-07 3.761250392823209755e-07 2.613745821999094787e-07 1.901696651704757475e-07 1.231118855503576762e-07 6.959700813594541348e-08 4.916200866386310109e-08 4.268569138172829505e-08 7.326337778949585009e-07
1.354766888836455506e-06 1.226745196547254951e-06 8.281136908012237777e-07 6.354439020602442629e-07 4.662385627407742484e-07 2.923019321391092903e-07 1.575788909966154013e-07 7.990473816664615112e-08 4.683469499978753458e-08 2.465093185718796043e-08 1.115285398705878359e-07
5.585534043225957967e-06 4.338449161521056309e-06 3.016861114995534811e-06 1.374423637681832941e-06 5.910649837977144244e-07 2.509225785678204021e-07 1.714555690368264201e-07 8.472820413280404744e-08 4.589105978128525668e-08 2.940690347400112826e-08 1.419147377763699014e-08
2.966686247327957700e-06 2.380730498829388209e-06 2.343608842640262452e-06 2.671724567569448439e-06 7.531424191245273623e-07 2.943521258257581972e-07 3.357066984549067398e-07 1.292202324213587990e-07 3.951122050953624239e-08 1.740788742006674648e-08 7.914359968697713341e-09
4.196794115372418503e-06 2.785248369977314710e-06 1.850302146960196808e-06 1.161851662086549229e-06 5.806893557017250109e-07 2.574549390486078214e-07 1.439824021937449174e-07 9.896320335033765045e-08 7.639712903603816541e-08 4.181599202251546530e-08 2.175403683247827987e-08
4.895429334109565898e-06 2.931236046780840802e-06 1.665236797556168109e-06 9.881600149923221000e-07 4.749123340805872490e-07 3.697122436723887595e-07 2.466259119489694671e-07 5.038979895430359624e-07 4.616385568953851872e-08 2.466041929259650202e-08 1.062947892067661444e-08
7.910107064144646208e-06 5.422524534422682592e-06 3.148476139611853783e-06 1.985775424651770579e-06 1.113030612984469183e-06 4.236638748269387257e-07 1.655295630873677198e-07 8.616725706615463550e-08 4.327915839303964985e-08 2.982535935197674854e-08 1.757149174947519963e-08
5.679583329155376963e-06 4.830652231605470388e-06 3.242391630934420061e-06 1.818489778891348244e-06 6.067265649802379414e-07 1.815870606248829158e-07 9.396563762892706132e-08 6.072552567559355292e-08 3.748662493744234166e-07 2.705724619890513489e-08 1.190782890863467690e-08
5.351541273787124458e-06 3.611909122445862413e-06 2.205727099912086828e-06 1.424754760019108115e-06 7.274224162468951891e-07 2.712620667951507352e-07 1.132077695769486167e-07 6.659746129356707645e-08 3.382129624573179258e-08 1.509454315264668311e-08 7.452079894572838372e-09
6.562994175641709869e-06 4.341673235517162611e-06 3.334514248789540185e-06 1.824284699013970459e-06 8.925761150812764162e-07 3.626528665240269932e-07 1.134758507508937035e-07 6.151352942902969481e-08 4.484574502549853536e-08 2.369576685066166031e-08 1.068209545868191312e-08
2.236079441418999174e-06 1.763924955665303044e-06 1.221356418646976208e-06 6.746386163557284998e-07 4.557394399949576758e-07 2.677278533363744351e-07 1.439437076498571281e-07 7.209687578464227071e-08 3.959244710321376544e-08 2.139859582654684184e-08 4.235850882494646157e-07
5.506236125482701600e-06 3.684463750396316178e-06 2.900135458546508267e-06 2.130613365259519959e-06 1.213056159037499817e-06 6.124572963633528398e-07 2.165771001430658631e-07 6.051684486113033010e-08 3.173653554609157979e-08 1.618855980684275786e-08 7.507012508488507265e-09
3.670382853744985377e-06 2.887728107008783626e-06 2.159262821030144992e-06 1.299686677517428157e-06 8.190853396543438483e-07 3.629659515021258991e-07 1.732143849260112208e-07 7.875161607934219759e-08 3.691594747877712559e-08 1.600686837667557806e-08 7.828847088812689321e-09
5.485615493712947445e-06 3.178169700951710239e-06 1.800854468383696175e-06 9.267797478123890615e-07 3.826755150561056286e-07 2.582141233291872398e-07 1.499941787859040851e-07 4.026268149517515607e-07 1.190565841747123029e-07 1.291348387960684465e-08 5.121711768701069923e-09
6.128012077464270726e-06 3.996085132581798570e-06 2.386654478258314759e-06 1.133629063734641108e-06 4.837380187797503403e-07 2.532299485193767491e-07 1.562367069065099236e-07 4.141613077168151053e-07 2.066463712177988842e-07 2.153478085302998349e-08 1.041198325572046809e-08
2.781035034637490084e-06 1.403091802610632482e-06 9.806839586488785114e-07 6.673015597099373730e-07 4.670474708550875134e-07 3.110049620644512323e-07 1.891208082750021717e-07 1.168234991125035747e-07 5.815931162425375439e-08 3.356889389830490703e-08 1.796786051778039552e-08
1.526704352430083987e-06 1.207283413656897067e-06 7.236130616429716910e-07 5.407819039989426652e-07 3.667612627862716296e-07 3.180498756452735529e-07 1.789983795369723311e-06 9.141262784425445048e-08 4.397975583327806399e-08 1.889633018180304426e-08 1.084069989158914272e-08
2.973324830366649695e-06 2.544358104563950942e-06 1.988121175792444974e-06 1.859496519126763689e-06 9.149939399328110849e-07 3.684402697383528551e-07 1.297368696875981527e-07 8.865374215873047842e-08 4.056969540218771818e-08 2.095943371497778935e-08 2.000841161934093698e-08
5.715361322852502700e-06 5.617617478255946559e-06 4.003867080856406129e-06 2.350997112003229023e-06 1.293243807776281924e-06 5.054395979934189006e-07 1.705683268143472301e-07 3.827625328577598195e-07 7.804570356605515564e-08 2.933261061553526945e-08 1.144981417762057422e-08
8.479893686350347309e-06 4.994527459211206789e-06 3.298772786733610404e-06 1.921568230949606631e-06 8.870796077809401081e-07 2.589387928399486019e-07 1.430318134497594766e-07 8.970435815353259188e-08 6.257652810554689640e-08 8.493412026490399223e-08 2.840061277111928636e-08
5.548616272573513581e-06 4.544251693095841617e-06 3.393760404587903076e-06 2.215262099282095895e-06 1.333649134154271133e-06 6.301613884758998814e-07 1.835146408586701512e-07 8.060676692028679170e-08 4.109384290101515753e-08 1.636663735751746335e-08 3.559789263572848437e-09
2.681939670212174779e-06 2.564376250687282103e-06 1.443819747285455400e-06 7.618402047715490736e-07 5.412160130228805450e-07 1.453785260165239883e-06 1.874339844562827033e-07 2.108343096634165890e-07 4.986903844541530638e-08 2.383535392994429883e-08 7.185644196439016940e-09
7.478993636747657439e-06 5.483683205156107820e-06 3.774889719885216063e-06 2.212897327795659725e-06 7.395176839890418919e-07 2.028422491214629504e-07 9.548500646413225234e-08 5.741130936977258346e-08 3.339740160141789363e-08 2.599731774684080103e-08 1.108938076464789859e-08
5.060815769634243687e-06 4.161198073345844574e-06 3.224143866449092487e-06 2.104611431174535586e-06 1.226635853133607347e-06 2.884532393264922002e-07 1.415541745682927155e-07 7.778239577132477661e-08 4.461903617578240722e-08 2.523174749676644292e-08 1.346422895646881380e-08
1.909055641411026960e-06 1.470872179624595694e-06 9.364392085601168140e-07 2.642366873654188852e-06 7.705505351418641581e-07 3.748910218041803214e-07 1.962236283699249881e-07 1.042491983013814161e-07 6.955008751533817569e-08 3.366194467713803267e-08 1.554181834713181274e-08
4.933592187562284406e-06 4.203765396344861560e-06 3.271807839597304674e-06 2.081558594650054636e-06 9.611718819256250755e-07 3.541919729488186504e-07 1.144844762550524606e-07 5.714916045534778232e-08 3.355614045690860796e-08 1.898860813582296686e-08 9.241234959407066302e-09
4.598116625869830550e-06 3.756399323557685989e-06 2.166363730670329654e-06 9.632826999819368976e-07 5.012979899109464335e-07 2.955879603719897390e-07 1.622473252940394917e-07 9.817795543777827469e-08 6.062796799685050160e-08 3.099743406601117242e-08 1.293167301824129416e-08
2.380588966596307084e-06 1.122359446311486521e-06 1.051439318160269762e-06 5.922194741669010027e-07 3.770358192783652225e-07 2.329582308051239816e-07 2.258282257315735665e-07 6.196590716730043601e-07 5.557259351162996603e-08 1.679247852279069307e-08 4.213499748237465385e-07
6.968501762872688413e-07 5.342634377314395733e-07 6.321363730000840347e-07 5.386756686538237383e-07 3.348276020079389994e-07 1.910142764883865590e-07 1.391398898842053933e-07 1.003121345478671455e-07 5.840353742370413713e-08 3.096006960568853065e-08 1.258762119375233790e-08
1.639184220170737119e-06 1.178997249165943213e-06 1.051583787728095304e-06 7.942162776618107920e-07 4.515834209471612308e-07 3.616154804137951757e-07 2.866091873075544991e-07 1.329478480534206589e-07 7.261837508991193119e-08 1.627024071919289745e-07 2.615459154656887097e-08
2.199906971895108718e-06 2.279525989449952888e-06 1.013394694449229990e-06 5.199873089099564987e-07 3.749779147224653606e-07 2.306951667772437674e-07 1.466785409721908118e-07 8.534671902038152146e-08 5.594900024660884520e-08 3.626020045471180967e-08 2.466766777185930853e-08
2.906714485112045072e-06 1.933852792250897603e-06 1.355304920935583068e-06 8.211333194060467539e-07 4.466616310563042300e-07 2.587703726371632298e-07 1.560821590765680217e-07 9.033725106329585466e-08 4.851508786773636405e-08 3.730655798680985326e-08 1.360819763826530428e-08
4.352720660826833581e-06 3.198486753067164706e-06 2.272419478023050071e-06 1.037454502500219266e-06 5.162874455894438974e-07 4.003891577447165155e-07 1.950352598275278818e-07 1.197618568479553043e-07 7.874920004136760369e-08 5.185319163425177837e-08 1.957471985136092630e-08
2.375315232671922576e-06 1.241354763860316119e-06 7.722933993122989140e-07 6.399665321863933576e-07 4.496162643968823421e-07 2.750633891617568109e-07 1.668181602266839930e-07 1.167491695686968617e-07 7.252251675982120238e-08 4.101211683200721886e-08 1.952299263090508215e-08
4.098858469154829850e-06 3.116717035816966894e-06 2.056994788959679544e-06 1.008940397511865707e-06 4.128525249422246191e-07 2.192277629493594172e-07 1.155901564137214788e-07 8.078938146662182351e-08 5.041977731332146020e-08 3.402805767546193088e-08 3.713326490087325965e-07
3.269101674851707830e-06 2.276427819318967765e-06 1.360129885970470420e-06 7.302815626277896393e-07 5.109001183237899446e-07 3.681112042892005058e-07 1.213403535388400934e-06 1.107583146408424887e-07 3.638321267062491948e-08 1.663199847296584912e-08 3.280280381362971268e-08
6.443941651554419318e-06 4.895621611654379453e-06 2.169608819773038122e-06 8.422792213588019674e-07 4.454989691586340553e-07 2.868975106524143445e-07 1.594964675923523623e-07 9.747175095586420771e-08 5.062735015731381741e-08 2.852181420949349488e-08 1.642035178137401393e-08
2.790505913096977612e-06 1.124988666120587206e-06 9.655936599109772555e-07 8.815817799324141113e-07 7.831763040724671516e-07 5.523807687215991273e-07 2.352145996211456517e-07 1.502950189204281363e-07 9.375649922539166173e-08 5.370477119123787099e-08 3.636597016126371752e-08
1.685637804034612228e-06 1.236079122872403893e-06 8.251168325249163912e-07 5.994194301538159955e-07 4.865521254738162596e-07 3.358607250106074207e-07 2.502074735156709124e-07 1.641758934890180438e-07 1.235526263388442689e-07 5.458252556068245852e-08 2.749956692142193373e-08
4.755939172422814994e-06 3.651693023152777968e-06 2.533026953616672149e-06 1.522819997066203952e-06 7.492230364613477011e-07 2.343354277180212539e-07 1.316095662337582095e-07 7.060915294491000245e-08 3.707563140814271191e-08 2.071049938607358906e-08 1.736069063642785599e-08
5.156278533487101574e-06 2.777337497593717196e-06 2.355577618941104707e-06 1.148005452342040732e-06 6.360911530271982549e-07 3.123535672451494236e-07 9.060904452144295228e-07 1.068877854914260282e-07 4.196775353404961424e-08 1.788660895836097640e-08 4.780546793638379750e-07
6.838220593957588188e-06 3.825751902005401615e-06 2.385647499501777353e-06 1.387274920250288191e-06 7.074900665786795346e-07 3.676097389472166659e-07 2.071323956911560763e-07 1.030770540194734871e-07 2.506594959785435643e-07 1.981477223980549206e-08 1.686166743574509898e-07
6.012491766399755950e-06 2.579671103100566470e-06 1.728557970478269805e-06 9.917302932869635968e-07 5.657641820975603365e-07 2.785895011059854193e-07 1.788335399766096855e-07 1.092540213636920488e-07 6.915067331389344306e-08 3.692952837328478171e-08 2.206346178938246722e-08
2.781707016497758508e-06 1.752591761227691173e-06 2.664899155307248601e-06 4.545831066615676477e-06 8.982216608612577459e-07 5.778526068873896531e-07 3.038848595343094840e-07 1.156361746737880146e-07 5.242133436502081897e-08 1.802631952018134713e-08 8.480199371158924731e-09
2.692420873375387699e-06 1.888463153717015362e-06 1.089502412405908746e-06 7.730877243465766579e-07 3.759297490998768789e-07 2.797489675545111366e-07 1.622845721062836126e-07 8.623416475259508912e-08 4.626227377307135902e-08 2.457395833392787872e-08 4.236881381670285175e-07
1.316377621740556709e-06 1.898363505912462188e-06 1.726003451295761242e-06 1.298476233183405938e-06 8.744158557447481765e-07 3.452506214958729667e-07 1.884633849827715403e-07 1.100183746305099843e-07 7.199142317983188263e-08 4.429970694307236702e-08 2.332640926176568682e-08
5.429163219698876008e-06 4.511924526479221786e-06 3.114945375527716331e-06 1.948286726693575108e-06 8.460274970311323111e-07 1.138164447839268468e-06 2.202771154593861762e-07 5.456881596472280296e-08 2.859473720235555021e-08 1.278721006895089038e-08 6.433072271732529768e-09
7.178899551030440413e-06 3.855868487144128943e-06 2.712859592056275873e-06 1.488601014992341980e-06 6.561329773751365315e-07 2.702625212308604434e-07 1.346156633298478523e-07 6.318635355990183187e-08 4.187753236950327623e-08 2.046805129185545381e-08 1.139525908606772779e-08
4.642175572643526617e-06 2.937426834096067263e-06 2.719886378060445888e-06 1.640038388012190170e-06 8.498933767349515490e-07 3.341040135727043397e-07 1.469995855758139069e-07 9.829335139048659077e-08 5.658348726016356006e-08 3.937409972223853181e-08 3.013404214755103890e-08
2.506334973348553380e-06 1.710742414932394069e-06 8.827081559062612746e-07 6.636788298494429264e-07 3.552686126634834737e-07 2.355659707644119013e-07 1.996879706562474628e-07 1.152478416496669976e-07 9.193445534549715956e-08 5.346709019897008460e-08 2.801231261885069841e-08
3.456748114613175748e-06 2.261058096308658251e-06 4.234559278443172677e-06 7.567101137498487716e-07 3.557861585660462025e-07 2.300917882173815958e-06 3.631958613865974215e-07 7.156147949818207573e-08 2.543790098692478989e-08 1.308792884692797606e-08 9.358123451160396721e-08
2.573099621347228220e-06 2.149640743638352636e-06 1.506298107016644724e-06 1.205524196198489504e-06 9.509153246982669354e-07 8.237292948314294471e-07 3.814110287554850925e-07 1.828950611369187802e-07 7.854604994214851337e-08 4.153329301124567544e-08 4.171028855310309802e-08
2.292763960326001398e-06 1.056785552528256002e-06 8.013904805073223888e-07 6.321500539454618150e-07 3.946442391635719255e-07 2.238501593592075125e-07 1.370580161154780272e-07 7.665077661606463583e-08 4.943886804431401207e-08 7.414146422369161183e-08 1.394950629734439385e-07
1.651775356653662287e-06 1.109602455287477524e-06 7.095121041858581010e-07 3.900245766424785377e-07 2.469997457947549237e-07 2.411410518292840616e-07 9.807981636912765068e-08 5.489179987929363790e-08 4.514992155751499007e-08 1.023576251744404070e-06 1.789651140477380603e-08
4.929207858389064769e-06 2.408189391457610643e-06 1.509785031977521281e-06 8.611336244468831475e-07 4.677963829664191159e-07 2.341154184965432966e-07 1.292394189493313043e-07 7.704165637285534583e-08 5.405088992332793757e-08 1.034022491855415954e-06 2.642897363585047045e-08
4.013871446886358768e-06 3.385132303586477110e-06 1.837743213099914682e-06 9.308471213632516538e-07 5.983660547903180134e-07 3.341270738629780893e-07 1.676495421217518031e-07 9.512617505118088105e-08 5.541194073786557502e-08 6.422682141571554752e-08 1.074238021150041111e-08
9.952072915573780625e-07 9.571125911168301436e-07 8.664869314556623366e-07 8.282128647391002396e-07 4.123360986937595085e-07 1.160208430469870147e-06 2.430503873844661076e-07 9.858995394541452669e-08 4.057599114785063785e-07 1.273791628636966238e-07 1.605962042819434627e-08
2.885726332630786258e-06 3.148258247325770826e-06 3.544364375763023740e-06 1.548591534855804481e-06 9.351490291962402004e-07 6.774577070438259873e-07 2.650739113362768743e-07 1.498838864468022074e-07 9.619878103921303264e-08 6.061609948776402202e-08 4.274824427842310306e-08
7.362286131558456014e-06 4.440569005656831277e-06 2.526991637993200930e-06 1.625078623054538094e-06 8.720138346797324745e-07 4.146389701331296325e-07 1.735168556075272161e-07 8.021678255816355688e-08 4.336443567145396263e-08 1.590797402697548232e-08 7.839532960667288326e-09
1.488416534003583859e-06 9.279734382585641605e-07 8.182535646261909928e-07 4.844361057842348457e-07 2.724842685098670748e-07 2.470022470624579594e-07 1.769793182510431764e-07 1.907343495490672691e-06 1.417820052166656647e-07 3.040256437743042772e-08 1.561500822997285029e-08
7.738666016691454685e-06 4.966051566350379035e-06 3.515499693067566652e-06 1.752097193031267594e-06 6.494753183311683089e-07 2.181308919375675985e-07 1.222651661595639441e-07 7.653468121865295032e-08 4.925134803871302595e-08 1.779577140236232452e-08 1.071594853184710202e-08
5.424333809803276946e-06 4.337727531095685092e-06 3.291199554166432452e-06 1.531360526917376729e-06 6.917974486456204184e-07 2.481376807189310712e-07 1.299358619955974490e-07 8.516885350434832086e-08 5.312012101979023401e-08 3.077824942165332806e-08 1.639686192134668793e-08
3.006909422997059044e-06 2.259168177755880321e-06 1.802599994287547025e-06 1.559718687385705341e-06 9.198793145247805350e-07 5.662926424774061646e-07 1.516997043894670198e-07 9.293356934683028138e-08 8.992865744248820903e-08 3.996832128601642155e-08 3.181708257456074465e-08
7.293296606450520609e-06 4.742164326449557307e-06 2.981676936450855684e-06 1.790312978178361738e-06 9.116004088121473474e-07 3.499668585682459633e-07 1.422742635122863952e-07 7.213583151322577338e-08 3.360709397687453275e-08 2.183484694831821607e-08 1.161612050673895107e-08
4.264942932057432978e-06 2.805001279087935485e-06 1.067355055095058966e-06 5.509848896191452190e-07 2.858858129050252990e-07 1.897312570683332176e-07 1.439417763245747015e-07 1.090872569091277860e-07 1.587777152570203349e-07 1.170555650214715776e-06 2.367814034522900709e-08
3.622795132464314224e-06 1.820486910222391179e-06 1.071474905484354354e-06 5.041593742915522229e-07 3.526770750346701533e-07 2.004524616616240578e-07 1.341232739739405059e-07 8.951883600367472978e-08 5.798185428870969357e-08 3.933725186386492201e-08 2.270308990942642659e-08
3.594707864385432403e-06 2.014883364428272750e-06 8.360669459678023528e-07 5.597061344879395023e-07 3.560685844986984663e-07 2.324963868205126006e-07 1.494538753667970358e-07 9.435402023212021284e-08 3.950251326351216433e-07 9.531034616458199128e-08 1.414107478918252376e-08
2.230628076307733706e-07 1.858029928200218444e-07 7.489574880289907327e-08 5.532259036769972231e-08 5.293890773679307351e-08 2.732456553499887228e-07 1.927293271936903357e-07 1.083219493754359676e-07 5.596361166649311801e-08 3.712475655307101479e-08 2.542200601928037854e-08
2.600643170509342336e-06 1.224178839562551920e-06 1.448859570819126276e-06 1.172520449447294972e-06 6.191530589872013465e-07 4.457974399419200223e-07 6.978294298505495526e-07 1.693613553911060228e-07 1.472505938456462539e-07 1.139443671926852429e-06 2.001037043782545481e-08
5.155266557176629375e-06 3.519397285956838408e-06 2.434919070854785955e-06 1.456963884071164372e-06 8.985269415567987563e-07 4.615956535445262588e-07 5.367949726884805171e-07 1.978108678478780918e-07 6.482884664650411895e-08 3.850029860691020715e-08 2.724285038850431678e-08
1.081190665803682899e-06 7.039361383624795528e-07 4.181003689086921580e-07 3.196524630913454305e-07 2.484012392966501242e-07 1.773407049425027036e-07 1.383198088294032450e-06 1.417218230668699126e-07 3.805402675349844682e-08 1.591039995452287714e-08 1.775527181211534695e-08
7.455870282527224259e-06 4.464871931348416998e-06 2.531427321121519926e-06 1.665771460810877579e-06 6.562969898652901636e-07 2.821808866256270456e-07 1.693726901720212522e-07 7.970086663375264228e-08 4.501898422523910616e-08 2.722924948077491334e-08 9.551914082363454702e-09
4.891029643429201241e-06 2.471816011158426445e-06 1.301504602008014327e-06 5.736470867615407695e-07 4.096404357723019273e-07 2.682942017869236460e-07 1.382441867500517148e-07 8.302971610297244393e-08 4.643465646874209857e-08 2.364252192774449816e-08 6.599892718921366825e-08
3.887950445692104272e-06 1.811889411568093127e-06 1.284760013414139467e-06 7.513262382668759449e-07 4.640821189334559478e-07 2.633548654169433968e-07 1.469550924055199592e-07 7.939176938144152442e-08 4.366046153703854228e-08 2.176096127368209209e-08 1.338799905128352891e-08
2.276582471028786823e-06 1.756234779564731975e-06 1.089911058514643901e-06 7.867017410215011763e-07 5.024423059846811892e-07 2.257574501816248204e-07 1.242552110188409453e-07 8.465622821351536071e-08 5.247056330395101354e-08 4.131392875216679781e-08 3.054989118553278048e-08
3.111804025088318955e-06 1.733869388141336081e-06 7.563737111843912419e-07 5.274934785935594867e-07 3.349927332624226374e-07 1.771245518955785813e-07 2.169425471875202140e-07 2.301759190036513803e-07 1.054984334263289325e-07 8.729056474307830482e-08 7.761174087097273564e-08
2.070474643355923607e-06 1.339198339654589428e-06 9.815137529534723355e-07 6.287228974352018835e-07 4.581833325583187040e-07 3.385378855187392460e-07 2.195887292114899836e-07 1.431440123129768129e-07 8.846310212561174570e-08 3.450678507320069998e-08 1.355778465583814122e-08
1.775289849896468217e-06 1.190164611996960223e-06 9.899638928111529907e-07 7.568088004265363048e-07 6.208269687025054567e-07 3.852474929826550386e-07 2.364117746433178048e-07 1.362459642343619625e-07 5.790470666307672757e-08 2.624119409590884131e-08 1.776411752535827271e-08
8.705504250396327012e-07 9.055597694768425177e-07 7.930052524748366782e-07 6.968690087352550589e-07 4.656150839169640542e-07 3.292959332583012493e-07 2.638356555408058406e-07 1.605391374200906222e-07 9.861726038818150730e-08 6.510534454583291832e-08 1.235023357981813417e-07
2.310942650553691988e-06 1.553127119576840677e-06 1.411439438198912206e-06 8.103045328993774908e-07 4.289304167511793012e-07 2.286265373719604247e-07 1.369590234410476268e-07 8.251143433911328285e-08 4.622176534486720439e-08 2.951343140580349869e-08 1.717477848161307909e-08
7.488023556274301913e-06 5.368516499233193423e-06 4.200563164941475279e-06 2.465864153636372740e-06 1.200248025990565645e-06 2.841668658542464844e-07 1.206376574164302468e-07 7.805627236719594433e-08 4.371875362559581047e-08 3.156525844805792840e-07 1.570600162216147125e-08
1.955749730125678460e-06 1.135438190099729454e-06 9.026359645127220251e-07 5.648545664301045092e-07 1.136605519158446045e-06 8.125454771241378244e-07 1.716914802512204094e-07 6.824336590060820294e-08 2.952727231528858677e-08 8.520536923922358070e-09 2.561648048154242766e-09
6.284939066272471655e-06 2.833928033302298466e-06 1.640642434252376214e-06 7.898656696527138787e-07 3.772531856636357353e-07 2.442095553567858034e-07 1.617386652647544073e-07 8.108676333649661392e-08 4.740441398142269981e-08 3.066178574475601628e-08 1.275958422453370142e-07
1.985872560745799278e-06 1.153769501878635195e-06 7.731022177699646515e-07 5.363773527422784428e-07 4.453039642228267109e-07 3.084633402984339966e-07 1.484182379427343150e-07 9.115369672598072174e-08 5.508977972538405862e-08 4.866837038144256863e-08 8.511720749797478931e-07
4.629100699620483359e-06 3.172241470690257493e-06 1.966012377089862367e-06 8.301494926126892807e-07 4.133591104657762091e-07 2.622234454371221301e-07 1.576558335102909446e-07 8.176507474918123457e-08 4.428721242296439959e-08 2.016325604019655616e-08 1.064199631262607569e-08
6.555772425788735278e-06 5.261487987479651130e-06 2.546393696966010888e-06 1.521315463609699424e-06 6.298001399852951571e-07 3.705684363341339638e-07 1.541733773604647220e-07 8.388860405513923474e-08 4.861823006407254288e-08 2.432665066490340114e-08 8.525886618132456764e-08
2.987767477164653125e-06 2.048078553447379455e-06 1.339677678151732596e-06 7.887715783057537956e-07 4.703862192426096264e-07 2.634212977147357767e-07 1.457953164346592427e-07 9.861850132844852073e-08 5.592448795384683742e-08 2.831753292581349866e-08 1.329361848345110929e-08
3.530976942054662585e-06 1.504954330057052880e-06 8.280456452600837276e-07 5.530851791938655855e-07 3.102144602448487456e-07 1.632430420904432878e-07 1.069821049060794864e-07 5.920195033603451406e-08 2.247178069121426215e-07 3.178664116280093690e-08 1.107469858880622281e-08
5.341136619662213269e-06 3.449941899747373004e-06 2.070401185082913165e-06 1.061792544230081463e-06 3.977975112129517055e-07 2.131923535518782329e-07 1.375441684575963194e-07 1.145922281144334675e-07 1.590693928138295195e-07 1.973000067723945431e-08 8.224069346316779297e-09
3.616479892751311793e-06 3.043073237563472509e-06 2.303602767546466945e-06 9.559705143688163713e-07 3.527285400764771825e-07 2.106264570818796439e-07 1.149633456333390707e-07 7.327843206628340674e-08 5.073567501085814591e-08 2.737927296494030132e-08 1.592796457830578294e-08
1.142310160758855402e-06 1.128766087010081818e-06 1.046609182484393284e-06 6.221358510939843095e-07 4.268905837540632233e-07 2.792788208632663911e-07 1.875909390847861641e-07 8.659931348326320378e-08 4.007889715099713039e-08 4.415181474987148946e-08 1.947606716172566558e-07
2.432037145507181020e-06 1.593098886421738790e-06 1.023115182872166968e-06 7.239707067516359778e-07 4.250406636115052943e-07 3.014125880097777925e-07 1.896584829844850250e-07 1.160549557971539148e-07 7.015259113858998722e-08 4.575238291949349346e-08 3.413369426142602689e-08
9.073004136219505587e-07 8.265594621767147550e-07 8.628397114694576080e-07 6.482413247036198650e-07 3.802913112839207492e-07 1.239592770365769513e-07 7.032740716856318193e-08 3.468058747769383453e-08 2.423050899845156690e-08 2.284197396498029826e-08 4.381432937649666898e-07
2.042312739960991130e-06 2.058547819160341428e-06 9.790191889524121115e-07 5.298240324517018428e-07 3.861599579743000325e-07 6.419039483096810409e-07 8.047777893527762364e-08 5.364740263117009431e-08 3.654505775427200907e-08 1.797223470854425040e-07 3.057195702926333421e-08
3.814974692676854705e-06 4.225542571161253877e-06 3.029246496364844452e-06 1.197881428577323015e-06 6.496560828320511947e-07 2.961731978102197715e-07 1.787387985200812787e-07 1.236322109841106704e-07 7.528409593050529286e-08 3.604789040524982193e-08 2.572870342730700125e-07
4.635924954659889959e-06 3.793249508225686818e-06 1.832577455373678427e-06 9.015488482522028156e-07 4.379921804251166643e-07 2.609930252963046430e-07 1.492121912401398005e-07 1.009387836061214197e-07 5.230819304014321368e-08 2.916327464322303846e-08 1.376061849367505850e-08
1.954883510486641412e-06 1.089793138334354418e-06 8.654210549542222551e-07 6.425634013651350521e-07 3.472540242888684385e-07 2.027168033620250859e-07 1.148685706867643838e-07 1.208994269708243055e-06 1.161314287759207067e-07 4.153168904490344369e-07 1.198465520791835885e-08
2.401663114970577408e-06 1.949249556946560263e-06 1.148997706348349997e-06 6.581515331788114638e-07 4.465720647146702096e-07 2.963134512431081530e-07 4.269888641704430042e-06 3.876342261455057694e-07 1.054282076731207572e-07 2.901197412146381687e-08 1.256786359859045278e-08
2.131257812316629907e-06 1.359729784996052854e-06 7.568897167073834446e-07 5.109045512937289441e-07 3.731553165134357345e-07 2.451345570996311772e-07 8.521938731717383422e-07 8.491666824168105742e-08 4.615257551601588931e-08 2.077601782315971309e-08 6.843454230588998095e-09
4.047127614000746425e-06 2.140484817992526914e-06 1.400133229911003302e-06 8.969552728675150587e-07 4.819906812141462068e-07 2.863431382255359254e-07 1.334080601492246052e-07 7.394452448883114303e-08 4.242636478721388150e-08 4.158394938098312177e-07 1.475092129023507225e-08
5.896879395688091591e-06 4.060358435204208855e-06 1.810409568066359993e-06 1.179168162738938831e-06 6.073705135805925661e-07 3.455739010111960347e-07 1.478107170055392299e-07 7.297871045077054097e-08 3.707903989169785472e-08 1.756726255395647888e-08 9.064881479823509483e-08
5.367298221380106516e-06 4.075347086857309672e-06 3.644925829099546302e-06 2.678351638194778784e-06 1.157055240873258309e-06 3.893865094465926259e-07 1.615815234608233126e-07 1.887184465730883699e-07 1.162608137911679955e-07 2.231172454339611317e-08 8.452390625773093961e-09
4.268330680003278630e-06 2.013169667458773191e-06 1.232098732335180130e-06 9.650245686147280686e-07 5.709543604083446849e-07 5.578121238252646391e-07 1.817790326618814840e-07 8.463526374722461089e-08 3.892193546538511221e-08 2.147462788960345894e-08 9.988603055785295580e-09
3.571072708406680943e-06 1.988136716347469286e-06 1.052252426937583815e-06 6.237140223764410256e-07 3.834285965440211796e-07 2.629538457073321542e-07 1.608752669611599977e-07 8.524271410543904430e-08 4.553896453509627278e-08 2.292674467039661583e-08 4.561969373492556808e-08
2.414152812783238275e-06 1.894038793732851848e-06 1.537084280776837009e-06 9.070900481131644160e-07 4.923166275716297110e-07 2.945449591534443908e-07 1.684268578754520548e-07 3.857573631846214166e-07 1.058462206107315314e-07 2.108436491954703648e-08 8.468498369545787520e-09
4.169269748357080288e-06 3.074936758518410551e-06 2.049952534650714258e-06 1.510121451317279426e-06 1.087049819737907060e-06 5.693423498627343829e-07 2.673395481778131915e-07 6.535658754164734614e-08 3.797099062575430476e-08 2.114403263428197547e-08 1.016940147519101597e-08
3.778348738259207199e-06 2.272037355419511380e-06 1.229786027290979630e-06 8.473205230892293468e-07 5.191366821004017894e-07 2.900848495352700051e-07 1.515257015310767444e-07 1.322992812143394684e-06 5.550261385231763526e-08 1.973303996675639693e-08 4.894705738113168755e-09
5.513366006390866053e-06 4.517848191623536715e-06 3.025585437148290793e-06 1.793945046877156426e-06 6.880080131557468827e-07 2.407875829272704636e-07 1.231251972048074967e-07 6.746477434244724442e-08 5.805249523360752275e-08 1.944229425619264959e-07 7.765672842210583601e-07
1.747163254306770645e-06 1.310999822670689809e-06 1.050427653696759535e-06 6.948702619726189439e-07 5.918796884654834719e-07 2.804701158663707257e-07 1.835972170398142733e-07 1.318987580453584334e-07 9.468060067323534311e-08 5.925426887483630923e-08 3.174904789386530001e-08
4.506787449706684977e-06 3.043044466597192180e-06 1.711398851768571226e-06 9.800100628923627744e-07 4.471770739269447699e-07 1.872136677495808880e-07 1.191335342412199786e-07 1.337577995666604206e-07 4.946437568610024996e-08 2.855928914505667257e-08 3.063988366125637490e-08
6.391153492118796543e-06 3.332169140695161968e-06 2.317718311509744314e-06 1.451386660557691028e-06 6.469217114382150212e-07 3.053837858469286210e-07 1.530606214399235000e-07 6.520717886290590132e-08 3.659256223752740917e-08 2.281773907683027809e-08 1.498071050926641369e-08
1.915993584463922881e-06 1.908092898923420773e-06 7.812968454005994992e-07 5.106395271150468240e-07 2.644159431343557657e-07 2.017965069326287749e-07 1.237678759676235954e-07 9.891196421861873484e-08 5.551789906778521331e-08 3.044634974505743531e-08 1.710925317128766625e-06
5.112658445711650944e-06 2.969781981322252938e-06 3.730250346754213990e-06 1.167969262614819677e-06 6.388075747366632589e-07 2.788756492234171813e-07 9.746277185215091264e-08 4.838289375018237239e-08 2.512483392153375464e-08 2.370806094934009683e-08 6.579151752368525126e-07
1.119940839240249336e-06 6.495478249338259095e-07 3.878714640825040880e-07 3.136813094088552043e-07 2.343990806956069142e-07 1.567239163025119217e-07 5.756125479028048045e-07 1.306813294979337506e-07 6.993823319237629538e-08 5.946314681758992455e-08 7.818520588310208257e-08
2.198957006900814600e-06 1.486894355981788548e-06 9.363736691661345356e-07 4.949436859263666721e-07 3.598767037585923000e-07 2.371909937772899193e-07 1.702880513324539159e-07 7.668301579744929088e-07 7.267155258486802457e-08 3.347305671391888999e-08 3.973167843454430588e-07
1.872129671761451908e-06 9.642565581272120547e-07 7.494040911355156275e-07 5.966559965052568253e-07 4.933050585832941326e-07 2.724717879248921905e-07 1.565207066353016514e-07 7.468773639025787919e-08 4.676629377554836345e-08 6.363991568246330187e-07 1.902666333140393980e-06
3.584777563657593919e-07 2.701216752285993965e-07 4.363193329257249989e-07 3.684413413949391467e-07 2.753386543542657237e-07 1.777638921205265231e-07 1.194669463193533741e-07 9.244339703048464976e-08 1.098690866266059049e-06 4.965485307819346245e-08 2.570709286912134906e-08
3.863547941171331570e-06 3.662810827845216799e-06 2.363952832622294928e-06 8.531908164059127739e-07 4.505729659546141249e-07 2.332360908472603429e-07 1.488351690278057887e-07 8.615392057641413224e-08 5.797808978315996287e-08 3.483088409559898270e-08 1.978528874994865198e-08
3.067467895567960968e-06 2.766934843848925649e-06 1.825013290123290971e-06 8.571096297574829375e-07 4.920514672772904660e-07 2.414780148004722985e-07 1.372228019039266714e-07 7.919281658871862385e-08 4.725893922337382819e-08 3.244875064229485463e-08 9.275719760377702727e-09
1.913522874503130948e-06 1.189458543763335789e-06 7.546436184671162057e-07 4.011578496158233990e-07 3.247332779706094418e-07 2.325444252928016353e-07 1.482841325404394808e-07 9.363994195445900701e-08 5.794104635397032123e-08 2.111935704405698941e-08 1.080774795437252614e-08
4.592491280539743154e-06 2.785587808884788052e-06 1.826533197330787159e-06 7.088122174801293509e-07 4.087485861323720425e-07 2.451170850682922178e-07 1.446870788961524099e-07 8.533249521141407179e-08 6.780358699078323621e-08 3.848024206441485272e-08 2.141945560569764891e-07
2.493545436212632374e-06 1.170965321375986044e-06 7.313425716736607002e-07 4.486888385513766229e-07 2.780491054397352629e-07 1.578261795041627062e-07 6.851755093863860824e-08 4.114717420321341510e-08 3.960953945784848975e-08 4.280443014758857791e-08 2.338937234706088230e-07
7.069969970181903907e-06 4.807731920119708097e-06 2.660987170343589874e-06 1.513668116264097007e-06 6.769103075770518293e-07 3.313430272710172671e-07 1.550320110153236152e-07 8.045732518735354152e-08 4.302412126827331153e-08 1.706402249458606851e-08 1.027756274268324820e-08
1.920476183557920459e-06 1.140749698300263873e-06 7.740223077568437868e-07 5.884283252663068354e-07 4.515638296706370336e-07 3.300159718087466172e-07 2.322563749496327698e-07 1.683896653138223355e-07 9.241002748993359457e-08 4.389343588972782599e-08 2.177855210086753428e-08
5.419622319486620350e-06 4.154554634824851242e-06 2.774246103934798797e-06 1.173432812926680384e-06 4.374973932414536365e-07 2.131160181109723273e-07 1.453940430107596828e-07 8.409347918324865745e-08 5.490217487709597305e-08 3.069039632321832895e-08 2.102169869018009176e-08
2.076113497139153173e-06 1.526292956426511973e-06 1.049747882061812368e-06 6.873282066191095151e-07 3.136073921018736348e-07 1.991426623666241723e-07 6.057721949296079876e-07 2.204533053926709384e-07 5.940980546694583276e-08 1.356768424717154248e-08 3.642433457535292436e-09
2.865309236094140043e-06 2.280972266424260841e-06 1.727352451768359855e-06 1.087939362475467176e-06 5.779689134800714945e-07 1.998119664788328058e-07 9.315151893546736700e-08 6.312839701753145653e-08 3.863178706944171948e-08 2.627443862264193025e-08 5.516364560945572296e-08
3.802029652438648473e-06 3.014256112054026433e-06 2.186061987204209886e-06 9.179930532071857813e-07 4.220936557800981937e-07 2.000939454505147792e-07 1.164447846299212823e-07 7.932263291434988833e-08 6.328421031842908638e-08 7.448877623729112608e-08 6.933174874619810935e-08
5.063194710514644245e-06 2.939501462697003918e-06 1.190994599405736094e-06 7.442456243438008450e-07 4.410087248690750010e-07 2.748892994123241972e-07 1.460644752445699699e-07 7.978461984755298948e-08 4.382570681206255385e-08 2.033212334873305225e-08 1.071532220115393892e-08
1.248815306339263748e-07 3.298854755688033183e-07 3.368375274294286774e-07 2.751110585504233499e-07 2.718363507624912493e-07 2.253957345607806807e-07 9.857771498390625107e-08 4.151725263641210501e-08 3.045849262797727527e-08 8.556046326537823598e-07 3.065122967450349077e-08
2.166103790905144792e-06 1.337613520482607221e-06 1.009645138531247507e-06 1.275876523665668582e-06 4.377899791074717864e-07 2.653948243677491994e-07 1.579108135882046134e-07 1.007137004379608948e-07 5.878606039892978099e-08 1.592927064797460954e-08 6.026879479218679041e-09
2.745720243523754439e-06 2.052482823109807964e-06 1.112140903285862977e-06 6.274592960874048755e-07 4.968973673922242579e-07 6.048196704864748505e-07 1.947659320184476821e-06 2.409158146600430375e-07 4.875845034840772302e-08 1.929406582549677206e-08 6.114825928918419093e-09
3.244537998931253015e-06 2.163713655016585554e-06 1.809796500609532984e-06 8.517775392598911894e-07 5.538503834292477229e-07 3.008378861967296955e-07 1.772020418724314591e-07 9.873749304075376699e-08 4.394942005238268157e-08 1.499110854531469455e-07 1.015494342807261154e-08
4.917588411910391578e-06 3.816184567474900470e-06 3.662083465911938226e-06 1.989013112857461253e-06 9.814792228470474079e-07 2.808362315008158584e-07 1.097825227478814650e-07 5.265165063302106167e-08 3.369418867997599828e-08 1.837941043243806023e-08 1.010029430453768350e-08
2.904334336707231344e-06 2.567563989163893584e-06 1.929178451898880641e-06 1.233577903101978454e-06 5.291563498384177743e-07 2.217517676405207176e-07 5.070635456151326746e-07 1.020235765432926215e-07 2.381983844522518710e-07 2.974122719980391623e-08 1.921654615295506241e-08
6.813418578182729687e-06 4.641176456647895357e-06 3.004690843348411897e-06 2.044656593176681830e-06 1.272564825667248603e-06 5.464114092499191454e-07 1.701587004683146223e-07 6.501109863872333601e-08 3.024409425736645410e-08 1.663799914981776422e-08 7.672581568295236751e-09
8.428604287851499202e-07 5.451827236794038497e-07 6.147300207896936534e-07 5.358990364395652315e-07 5.836899630117079332e-07 2.962012355554437597e-07 2.015974770944272711e-07 1.028589313556214214e-06 2.951458044255713938e-07 4.719159418659789696e-08 2.357796578145081568e-08
3.403520976502754678e-06 1.405486359195012708e-06 9.109299887650291211e-07 5.651561033497914785e-07 3.389338041685719045e-07 2.408018351151271547e-07 1.366131469161829509e-07 7.481069904990272177e-08 4.188461450036712795e-08 2.849726824455487582e-08 1.436463843306451720e-08
6.001918338125434045e-06 3.144666229986978818e-06 2.020278468995734435e-06 1.130470798588472084e-06 6.759012572564655533e-07 4.709537569053249454e-07 2.256639186563967428e-07 1.135272814574374647e-07 4.809273951262278997e-08 2.373221180810961755e-08 1.145855388191632665e-08
4.174702716089905909e-06 2.300937606225577268e-06 1.296608504738094916e-06 1.049292317144504491e-06 4.403068371702256878e-07 2.845785618878546338e-07 1.337880025222019933e-07 8.694094191966277512e-08 4.927164165102848511e-08 2.412024953162112169e-08 1.286214229367367172e-08
5.832892016806062104e-07 3.416754592014642103e-07 2.916989769581982818e-07 2.005123042894963598e-07 1.806198176898151983e-07 1.519991402171334169e-07 1.514093574679688958e-07 1.078739060975168983e-07 7.991561663397042106e-08 4.548644286942895142e-08 2.746816812755243049e-08
1.546278371784733164e-06 1.270058762378133971e-06 7.995532301900355476e-07 5.305643200622980109e-07 2.954448492069268314e-07 2.002262496527525329e-07 1.279588859982003706e-07 8.213870453923482283e-08 4.879055585382389862e-08 2.339057171892284005e-08 1.068264181111802583e-08
5.053890597534025999e-06 3.760680551874302872e-06 2.401802792674099303e-06 8.054449331578988979e-07 4.552066750744167347e-07 3.273251038673931089e-07 1.759633874186001088e-07 8.454904177961612732e-08 5.229069874140073684e-08 2.831468809367110607e-08 1.327837193429991523e-08
4.947575794837244567e-06 3.139412044910409675e-06 1.931649808908988862e-06 9.034147970981441177e-07 3.539546455774842776e-07 2.416216396854734087e-07 4.852588111845199009e-07 8.628098104069862357e-08 6.616255713862141785e-08 4.784038032244460363e-08 2.363702446200386358e-08
3.465568574655903819e-06 1.690687473463790295e-06 9.761903019524939903e-07 6.504183690020522381e-07 7.137691231628195980e-07 3.874679686232960044e-06 4.341321183534916152e-07 2.626215324687984882e-07 5.146591988617404501e-08 2.510814449501117146e-08 1.246913583149794680e-08
2.091233618936493776e-06 1.258319830315287500e-06 9.478329205455237765e-07 5.629425267916307869e-07 4.770836770991138980e-07 3.100397790868547398e-07 1.873258411342472560e-07 1.110882959146951632e-07 5.393168323926222146e-08 2.824559505100716624e-08 1.178671531191605305e-08
3.971116061597739827e-06 2.143019105268811641e-06 1.171797957063215814e-06 6.751833193520443206e-07 3.904329679802697465e-07 2.259826700791064054e-07 1.538543884888571250e-07 9.834483743354714615e-08 5.898559816139467072e-08 3.091308004690712220e-08 1.658707717726714086e-08
1.585033338205482025e-06 1.143390195287628079e-06 6.114621121615202716e-07 4.539504507917673326e-07 3.164087728798617784e-07 2.220618004883366585e-07 1.362960406952654793e-07 2.053429392991283667e-07 5.586854878576971807e-08 2.182253257810130268e-08 1.264855290948763364e-08
3.478457714448249359e-06 2.610793073353118107e-06 1.816314238188822554e-06 1.044744555929692010e-06 4.987742485663556262e-07 2.139795242171281955e-07 1.170273306106355268e-07 6.705893200358036523e-08 3.964747719087584465e-08 2.028983568919696555e-08 1.076976304397018046e-08
5.469885643771126557e-06 3.663721563669572496e-06 2.485921891349488010e-06 1.503353146927390489e-06 6.226690116471524571e-07 2.638765405856452501e-07 1.279082352122666833e-07 6.307670799626146377e-08 3.377887963920435972e-08 2.267145380752011473e-08 5.157034374174406328e-08
6.574969381290449653e-06 4.615067414616664373e-06 3.181566842186428940e-06 2.000468382176921915e-06 7.941346688891790009e-07 2.243943267781388960e-07 1.000924663248612395e-07 5.677311146771892160e-08 1.139044831375809846e-07 3.324602096769080384e-08 5.266182748110675800e-09
7.786744529944513292e-06 4.526242765362827392e-06 2.424708173189192592e-06 1.345631582748690603e-06 5.329112200611667411e-07 2.804148600247192884e-07 1.736685020081200929e-07 7.829897650947304376e-08 5.325495162817839779e-08 3.629430889912484438e-08 2.641055476200842272e-08
1.689834684447391721e-06 1.109569031439773717e-06 6.846002074018567681e-07 6.299825826437616923e-07 8.895471126131753302e-07 2.395153417777686212e-06 1.443293531339482334e-07 5.866838161976173744e-08 3.168277324900845320e-08 2.117440644722098374e-08 7.236930962515184908e-07
1.659460299544352113e-06 1.296342595873153130e-06 9.142069048103841850e-07 5.556217236205644464e-07 3.401316744880604900e-07 2.158293654756458132e-07 1.340519164841493961e-07 9.726440382353409209e-08 5.051614342663488806e-08 8.021402091041568079e-08 8.072199456906938894e-08
5.599649166117306841e-06 3.550293310927580486e-06 2.655592569620530064e-06 2.205185339008329664e-06 1.320480092372058262e-06 2.306084660261802456e-07 1.167383782583330358e-07 6.108161957418592494e-08 3.995127947043467195e-08 2.441750350604805965e-08 1.281447303614797643e-08
7.469946328468450477e-06 5.297892094178138692e-06 4.179299501553167299e-06 2.636953821196545527e-06 1.348750448388138383e-06 6.179455967860861311e-07 2.878271893782012411e-07 6.593269592216088283e-08 3.138466733163374999e-08 1.863333091166666133e-08 7.696667958737459411e-09
1.339985670606944113e-05 3.403004188685007208e-06 2.656451299126630944e-06 1.177621077838296301e-06 5.913043227040031380e-07 2.476400191831979555e-07 1.453774258236185464e-07 7.332732393910014706e-08 4.291289265488568096e-08 3.225764423446177945e-08 1.333825273193031932e-08
3.622047394350426829e-06 4.684578361423261273e-06 2.391360295490532191e-06 1.641510610692662068e-06 9.813225016759960527e-07 4.609375117099786960e-07 1.932794388954478885e-07 7.625869426039162266e-08 3.912418704641579435e-08 2.048050523336113477e-08 8.262997811418065573e-09
3.393329620417907908e-06 2.971939705324869121e-06 3.141213126791906838e-06 3.243193348845421190e-06 9.291614304209042134e-07 3.235935477973515568e-07 1.544861861611859866e-07 1.024092363024035436e-07 5.494928777694245986e-08 1.342326688559167033e-07 3.121946295558031692e-08
2.459696482301940650e-06 2.003861202359258507e-06 1.306181406285975454e-06 5.509738340508339950e-07 3.471142560671064725e-07 2.821539518558309800e-07 1.754014432644034412e-07 7.102416011458811195e-07 1.120200572937745725e-07 2.294990502654341508e-08 9.833630799026554348e-09
3.855259093648219821e-06 2.197329554977950750e-06 1.490080834821035674e-06 6.504403253226214103e-07 3.766984950917010822e-07 2.420912367240382604e-07 1.602845991706502821e-07 9.902996577579803171e-08 5.954758840523369026e-08 2.973845622685178932e-08 1.075731979078887835e-08
2.271920320227721235e-06 1.998129910994086606e-06 1.778370521699891141e-06 1.651759197577318718e-06 1.114358996708858995e-06 2.961558441671771309e-07 1.689357758786692598e-07 8.911055488080419697e-08 4.060986965280159455e-08 2.224554883728167003e-08 3.178224026385961395e-08
8.331363089070647221e-07 6.011519147564774103e-07 4.662832123943224460e-07 5.432858282904965104e-07 4.562868656590970635e-07 5.316998622204744760e-07 3.193648714792764506e-07 2.084350980794202822e-07 1.708325423282828237e-07 1.228336977528167175e-07 1.018899959225028313e-07
5.780501809393518872e-06 3.024982743694288366e-06 1.712859953869082738e-06 1.059396045143242506e-06 5.099056371492196702e-07 2.234277415804391945e-07 1.428943371701176079e-07 9.037340782754525233e-08 5.442784298935292388e-08 3.818970513848307267e-08 2.780798642108305593e-08
4.399775903337602917e-06 3.629416643632938437e-06 3.213768528780333568e-06 2.443967151009162119e-06 1.391629972530348536e-06 5.114232551289030206e-07 2.403491133523475114e-07 1.252280659292984669e-07 5.422130825515566399e-08 3.010334657591444239e-08 1.464157883361731104e-08
2.508410499609131102e-06 2.521565049194169472e-06 1.979197852558958185e-06 1.147433099773161633e-06 7.787069141733255380e-07 2.896999337286945319e-07 1.152156578456727566e-06 7.895189770308699435e-07 8.613106983618259180e-08 4.931147269239287728e-08 3.958630668296517952e-08
3.493575906722558437e-06 2.266760450077189631e-06 1.380680063169340272e-06 6.915160257693269597e-07 3.666648765474847564e-07 2.054528319898010148e-07 1.279437674766952659e-07 8.245087511919365391e-08 7.536140487383381620e-08 2.494411337651050050e-08 1.196852845778703088e-08
3.208825521551353888e-06 1.712584239882242861e-06 1.154458834344817036e-06 1.190177172211013105e-06 1.746024081100053749e-06 3.782442630151057571e-07 1.913145578144039913e-07 9.579386107677718663e-08 6.186799834443054379e-08 2.858814228617220533e-08 1.211996579463095364e-08
8.957752812818339867e-07 8.919206893950316754e-07 7.931359919454618645e-07 4.318679988692353276e-07 2.518504454115997738e-07 1.841840408851930417e-07 1.303529914681000228e-07 9.232867758231594613e-08 4.664601120512935015e-08 1.784986791233473889e-08 1.701846487411471438e-08
2.792237090584336055e-06 2.502162803032213309e-06 1.561922974556202002e-06 1.014609691104041370e-06 5.412068089716901792e-07 3.216440298022865962e-07 1.567267175777116519e-07 8.983810566967726847e-08 3.349032165258485165e-08 1.347575226151192616e-08 8.138532849810233287e-09
2.219035147047956433e-06 2.295507670525627524e-06 1.281053269758633942e-06 8.469726359576091242e-07 4.611376637700732854e-07 2.846967540852226112e-07 1.170078739552342864e-07 7.109009898769935952e-08 4.144750834036631006e-08 1.386718191000375469e-07 1.023064001901981495e-07
1.727910572246050183e-06 7.978262489852420821e-07 9.467808540228017953e-07 6.544805393905249287e-07 4.816183671970885787e-07 3.029847669797271777e-07 1.541115475263834850e-07 8.259574520540835706e-08 1.463405677437907657e-07 3.105562400238937030e-08 1.883876229004599056e-07
3.117810858835391571e-06 2.590204514101277039e-06 1.762143706915283870e-06 1.119474330560933900e-06 9.212068594853270780e-07 4.571343633303122129e-07 1.612373506548161862e-07 7.145845106401231654e-08 3.593141197444717815e-08 3.536135915159227566e-08 3.134232342620633534e-07
2.042481387011959534e-06 1.579117130671629086e-06 8.855252708228369317e-07 6.722619103417920937e-07 3.402047577227421251e-07 2.196646184836686434e-07 1.305905747309104983e-07 9.193962829082572033e-08 5.972565618685583654e-08 3.165729902941185875e-08 5.422985525681329569e-08
4.579907347630466579e-06 3.355429907984824724e-06 2.523212505163892598e-06 1.788274327452766676e-06 7.214914028729874537e-07 2.253105598078497458e-07 5.335477615393648398e-07 6.440976799541410858e-08 2.769607496460575163e-08 1.118105880241872562e-08 5.408221347022286052e-09
3.197771662279799990e-06 1.665140675690669401e-06 1.308044022632382765e-06 6.071940657984741911e-07 3.378036562891677256e-07 2.188203510791100973e-07 1.523598484371381931e-07 9.466488665074160257e-08 6.082263218239478412e-08 3.270520809319007599e-08 1.576067618194313096e-08
1.551509433543129711e-06 1.426499685494036881e-06 1.018455764722472638e-06 4.887512979548534906e-07 3.349698749862066087e-07 2.724066047728960228e-07 8.255140187802634596e-07 1.383918946034646515e-07 4.864985429303372882e-07 3.507265002425024894e-08 6.943086840595440426e-09
1.545835810079402534e-06 1.183077682190716548e-06 9.385079009247915876e-07 6.782506225735529631e-07 6.602129471572454233e-07 5.629709686973349968e-07 1.835771750950731249e-07 9.955035254450403377e-08 4.207297379912474087e-08 5.511015797420331304e-08 5.008609689196138808e-08
6.672234614433527377e-06 4.532353156374780650e-06 2.770068796015036795e-06 1.302645136162927918e-06 5.128159774707253522e-07 2.882014572000056988e-07 1.696248136075642875e-07 8.964754142378469096e-08 4.843563663766267583e-08 2.559200239420719717e-08 1.416741157622863336e-08
4.603958661765067429e-06 2.673309172282849833e-06 1.565332451421445424e-06 6.310749380661949016e-07 3.360794870082049114e-07 2.119869570352825292e-07 1.152468533859650901e-07 5.969548526573398724e-08 7.597906957473162145e-08 5.979635339559254848e-07 1.493296690326609930e-08
2.704686364251531304e-06 2.081449639480037560e-06 2.045939309068818406e-06 1.986127568657804917e-06 1.090822846231122333e-06 7.469044093108895769e-07 3.211803283697942494e-07 1.876756848559596531e-07 1.105410029758661334e-07 5.861892507009319028e-08 3.290268137279287945e-08
4.731935700210074201e-06 2.960677909281988383e-06 1.060803247683313650e-06 8.069906245818204090e-07 4.644908182935417576e-07 2.835158859024826775e-07 1.758453816112266275e-07 1.123252840247754816e-07 8.184423363665250186e-08 5.507146881425407672e-08 2.344893975765304216e-08
1.010203873223673502e-06 9.846084232131922872e-07 1.013182504940900663e-06 6.446102436967232792e-07 4.189003266519233981e-07 2.920172871532356675e-07 2.506255369150042920e-07 1.278609602531943068e-06 6.834897644485722165e-08 1.999801516757780855e-08 1.073248584254223682e-07
2.744631637162300237e-06 1.472597943573400800e-06 9.587641690112394647e-07 5.308764616723491572e-07 3.663664770904327278e-07 2.213942234965441524e-07 1.444895108451356081e-07 9.097027650333452762e-08 5.598042371923274340e-08 3.146652217616405250e-08 1.351715847869357982e-08
3.987488123607489225e-06 3.073910839502450998e-06 1.782458264170275953e-06 7.365255711075533511e-07 5.617425776513065332e-07 8.543545093409864224e-07 1.975260268828970168e-07 3.078137254579926876e-07 5.294647805196145777e-08 2.404622552305102870e-08 1.208025724170153029e-08
1.581883576849858625e-06 1.660406851778009704e-06 1.508571052268746050e-06 1.467632004717659236e-06 1.027947430619982415e-06 2.114179683926585446e-07 1.429772864077777037e-07 9.564310377360738795e-08 4.773150381767320762e-08 2.144730155705034102e-08 7.681020526914304154e-09
4.372483118601561975e-06 3.471640710268301509e-06 2.363885281829573700e-06 1.705308227886633950e-06 7.608162916016333129e-07 3.818254679974063286e-07 1.722488910016212982e-07 8.495839151672285522e-08 4.055814976769061285e-08 3.030923919793224743e-08 1.035318503988518623e-08
6.523620159353082786e-06 3.826220855782430430e-06 1.442197190040824984e-06 9.728540604929823239e-07 5.788510419699045420e-07 2.988340861302185922e-07 3.590069104656112030e-07 7.851033509738182003e-08 5.258962056378404547e-08 2.816593717188590649e-07 1.376390606976603895e-08
4.015364426158755195e-06 3.643881831433038196e-06 2.359072964611563472e-06 8.897725979027295491e-07 4.515563109933357170e-07 2.283326539400087851e-07 1.603568650593111771e-07 8.695268992946654566e-08 5.412011437879905083e-08 6.027890988511899700e-08 8.676253142071030656e-08
1.197652316342681384e-06 9.426513762109969682e-07 8.112865015953495151e-07 5.977697213598788674e-07 3.402687897291312715e-07 2.073584883519626968e-07 1.554064578707964290e-07 1.149080839803944424e-07 8.924847775931183563e-08 5.496126183977715592e-08 3.009751670817181558e-08
1.200503847694776514e-06 6.885840605844860322e-07 6.448920361773013337e-07 4.401821296228543572e-07 2.689572665353051056e-07 1.908173613444501500e-07 1.269908901554347546e-07 8.448236962658295155e-08 5.403580994623034247e-08 2.641793878183053024e-08 1.090410372621731865e-08
2.860345291029892671e-06 1.351832459882965384e-06 1.159149940977642193e-06 8.730857517483900681e-07 5.242459643790180972e-07 2.923932718546160562e-07 1.775087259506254869e-07 1.112677491040499940e-07 5.843336166155054312e-08 1.905543953905460375e-07 1.230444287885904307e-08
2.321860932887548975e-06 2.002727720671451145e-06 1.340064292662051065e-06 1.100276422882519704e-06 5.594907690994209946e-07 2.591819144204305507e-07 1.473704215840008355e-07 8.225078982236666163e-08 4.466005063117768514e-08 2.401215705868034482e-07 1.795891030369784317e-08
3.585086730834641835e-06 3.530914389408834365e-06 2.523387749133713236e-06 1.758140384989326550e-06 4.951621918353183775e-07 2.223733216563751500e-07 1.204095052811303496e-07 6.194030164708482872e-08 4.487630365944877096e-08 2.491196947680991894e-08 2.309575309282331635e-07
4.193932011367753711e-06 3.273792223877211625e-06 2.219081021148802235e-06 1.285180256313222566e-06 8.520003795753559746e-07 3.211967616782324040e-07 1.873413289233267220e-07 1.087409920269255279e-07 6.054538230024027772e-08 3.641365728753523782e-08 1.262281889052451550e-08
3.255284345673776436e-06 2.261876298591337940e-06 1.953770084531360859e-06 1.558282479885367376e-06 5.196588480399865057e-07 2.825565137240267835e-07 1.572238706412261861e-07 7.518600156370598444e-08 3.671996195385888114e-08 2.091444432379689324e-08 1.011017554011995930e-08
4.864097406312147582e-06 2.960356391832615128e-06 1.887769305401108947e-06 8.418155396981914385e-07 4.657779292327914785e-07 2.165122701210843129e-07 1.747555598667089618e-07 6.473713196714509313e-07 6.203258380343840453e-08 2.377612466059280030e-08 9.304911516193522470e-09
4.815819355645860640e-06 3.446533699943515410e-06 2.548040730055706120e-06 1.346467387703226562e-06 5.761802767244669725e-07 2.676599292897588637e-07 1.409923026829311198e-07 9.135725614093174153e-08 4.897190270326821422e-08 2.781448131547682687e-08 1.619001405886948058e-08
5.551403001343425373e-06 3.930813126024613178e-06 2.559709681620450466e-06 1.521526368263846210e-06 5.176117954351892631e-07 2.331110895116015811e-07 1.447026221261931132e-07 1.199498194539363291e-07 1.203627351762480436e-07 4.630636249295653321e-08 1.282902444075698684e-08
4.702511145292712945e-06 2.591831664600309180e-06 1.230216363162458434e-06 5.470732261683754233e-07 3.382693718320537707e-07 1.990359080492767705e-07 1.213430457600555621e-07 7.173893509206407108e-08 3.714664154664440860e-08 2.391559320728905260e-08 1.092047015947756215e-08
4.008750083323169258e-06 2.970566225731671052e-06 2.539280955974754115e-06 1.213971493866809023e-06 4.067927836542959888e-07 2.384374693138701631e-07 1.582576214242164024e-07 9.667043400516166404e-08 9.302919070188784949e-08 2.744370481241013710e-08 1.301329185393589908e-08
2.212199440084558720e-06 1.845560474336799930e-06 1.396569659110168756e-06 1.034679407745751065e-06 7.482931080870503011e-07 3.544821855238923860e-07 1.757484148293746788e-07 8.685303142017346970e-08 4.156614653316323759e-08 2.258381092359215047e-08 1.117426739237894402e-08
2.975914127805541316e-06 2.301032282009261536e-06 2.878607333780387210e-06 1.448418262636687076e-06 7.705851205109934833e-07 2.496028164808200088e-07 1.273740474835168975e-07 7.944521920283792904e-08 8.217301611852560998e-07 3.219618657409160058e-08 1.174841618962438146e-08
7.111967261466295006e-07 5.449031981774556483e-07 2.873005529822887853e-07 2.991130013758804690e-07 2.613853571182981887e-07 2.298835510998456579e-07 2.628640844521041044e-07 1.159587552483793201e-07 6.608224769600581310e-08 3.609190809999206768e-08 2.044470088102624796e-08
5.495116974757896358e-06 2.290135649864736714e-06 1.566652625431265087e-06 1.119890608952321564e-06 7.550952974354605562e-07 2.898246904442229385e-07 1.573619786035901488e-07 9.224335199330508524e-08 5.785312866260250438e-08 3.582763805156618000e-08 2.046970728560660570e-08
3.818765333526783131e-07 2.800743419577054416e-07 2.651874655370765631e-07 2.028308722725325700e-07 1.959745982440165375e-07 2.273501170076483983e-07 1.835557265801740704e-07 1.349289460986975953e-07 1.082996876393624648e-07 4.382291638083496095e-08 2.090844565896805890e-08
4.033782466026518012e-06 5.364730453628307757e-06 2.742876751219778025e-06 1.433791598361116777e-06 5.493098660013705824e-07 2.547591190392234157e-07 1.479325285069911342e-07 8.679491671134781511e-08 5.462967218285916158e-08 4.521580672566873355e-08 2.321833813846086448e-08
2.657827320616151873e-06 1.704800994996748534e-06 1.089176259950034322e-06 7.944893653974572290e-07 4.367372767090280897e-07 2.802217257358194945e-07 1.979792392099242473e-07 1.355449247358461643e-07 6.769632045224532543e-08 3.253785621498330518e-08 3.146021258912803111e-08
4.116117663541213906e-06 3.324077993080590708e-06 2.599751248427121707e-06 1.372601410012628654e-06 7.212726179913460431e-07 2.037277526491221737e-07 1.241450040877822253e-07 1.676278712570628586e-07 4.147373607104490820e-08 1.367385409660157679e-08 3.586001707946465597e-09
2.472901358289543520e-06 1.808924457547880864e-06 1.150740913633272665e-06 6.427814961859592176e-07 3.830933698113070197e-07 2.617474704038534562e-07 2.013071069823680645e-07 1.740456324540684862e-07 4.714372457997828192e-08 3.236455356915438428e-08 9.319419261351268262e-09
4.515097930081140766e-06 4.104448860277870678e-06 3.345834317045173200e-06 1.973666780529841168e-06 7.704327805527461432e-07 2.270471760298186415e-07 1.173042845331770124e-07 5.514430595924358593e-08 2.348400799968720955e-08 7.995448210194602739e-09 3.860318446418303900e-09
2.392255310310091816e-06 1.436066471835252761e-06 9.802123876884197715e-07 7.338001243116993295e-07 4.835525710208503722e-07 2.875435643756834681e-07 3.019742310337031156e-07 1.318937331711849754e-07 2.795950371073348886e-07 2.608663787519273694e-08 1.001851629622535309e-08
7.686932286513124783e-07 8.434890501273441371e-07 5.563610814153477317e-07 3.628146030333403542e-07 2.874368737666287922e-07 1.635240276778930617e-07 1.216905307764240326e-07 7.622092932185778813e-08 1.356844253211710632e-07 3.853616905629723689e-08 1.962380863744578086e-08
3.645611550314726159e-06 2.447242545323107609e-06 1.803460044859422794e-06 8.132935098608594588e-07 3.529641892033690710e-07 2.082165367828158080e-07 1.107714796140254036e-07 7.186245713375223503e-08 5.132245834938096874e-08 3.014111500345395416e-08 1.860591821846799009e-08
4.249268231071314008e-06 3.351763899181537636e-06 2.251549978325848692e-06 1.432995064998948911e-06 8.433828435817430374e-07 4.038337163217384939e-07 1.644129890950766336e-07 8.880364264483389151e-08 3.965453112025323389e-08 1.634733188602436565e-08 9.650334433285601713e-09
2.916279415670264272e-06 1.648443838908530459e-06 9.538437051616339139e-07 5.607849877449919016e-07 3.758173051978312723e-07 2.245618925919547205e-07 1.388693255256399128e-07 8.255280435345395993e-08 4.276075672874559343e-08 2.417191663840776555e-08 1.152807306451914232e-08
4.334169599162869493e-06 2.813333964158941696e-06 1.967776879627835342e-06 1.373547424590427426e-06 4.519825345750852193e-07 2.541271255467573454e-07 1.503407410898841680e-07 8.308693564339706547e-08 4.373684028050541450e-08 3.395716574412456588e-07 1.242490699060276292e-07
2.250754128298768584e-06 1.526898905265892211e-06 1.017851091441476708e-06 6.495661190674504143e-07 4.501861858872393924e-07 2.321604004872024233e-07 3.899977625228490393e-07 1.400607049880608733e-07 2.948272222285040202e-08 1.245057544932786574e-08 4.647916406357100042e-09
1.898741214606866632e-06 1.483480587453884780e-06 1.065559680463411591e-06 7.192293109076471021e-07 4.856269268856028119e-07 2.140889327178475026e-07 9.870777436371993153e-08 5.146977534417122616e-08 2.617991865354643915e-08 2.006633525480504352e-08 1.229565516987393551e-08
4.376714700521920867e-06 3.399906558492445173e-06 2.715963123018332839e-06 1.812777624635109507e-06 1.160128978245098087e-06 5.631298231323225677e-07 1.976100926545541566e-07 7.362082560457461842e-08 4.564425889584747369e-08 2.409544015484252264e-08 1.017403210880991950e-08
3.983980058942723711e-06 2.657302942094197088e-06 1.913242872553792087e-06 1.133746918078772358e-06 4.997828473174480402e-07 3.159573057722965266e-07 1.547917952013335093e-07 8.090793938628141086e-08 4.962939302841995727e-08 2.276293531997151651e-07 1.883497567314527050e-08
3.677221728206602099e-06 2.725165948698587785e-06 1.622839656240964583e-06 7.297236373094311513e-07 3.270605804327702074e-07 1.738059564592870594e-07 1.196531624582145147e-07 6.063040578275511852e-08 3.281681387390037434e-08 1.913877616703962363e-08 1.085642235999164485e-08
1.467547241315927705e-06 1.114900393339091807e-06 9.516996586876694774e-07 4.943452242205049265e-07 2.968558238797501917e-07 1.654672431666684661e-07 1.065527621641533952e-07 1.426814716420735728e-07 1.203675412401785389e-06 1.496112577146133035e-06 4.520731904333537838e-07
1.845614595308565063e-06 1.834419152624435209e-06 1.232265372192514710e-06 9.863111371549251226e-07 8.220046927786453091e-07 4.655055916237175131e-07 2.112174986716684716e-07 1.247262036264508736e-07 6.312449475389846719e-08 2.786559719664471406e-08 1.500652833479818490e-08
3.190388307875956180e-06 3.079043540179881050e-06 2.256568293546455462e-06 1.016769863078833778e-06 5.845686418870564647e-07 3.511121170944226556e-07 2.144330856119732468e-07 1.093007661818816431e-07 6.464920429052684573e-08 3.310949888747298235e-08 2.272502326916463822e-08
1.588481314964605457e-06 1.103136584382695004e-06 6.643418095204441240e-07 4.300761338684917844e-07 3.205449704519156484e-07 2.060645306294886036e-07 1.295524258549573912e-07 9.626531439195301797e-08 6.038891182587318450e-08 3.527957610483332994e-08 7.009942951294042095e-08
1.053135387690891384e-06 8.336613348460445494e-07 6.229563872923955459e-07 4.743226880591072145e-07 3.169514763172448050e-07 2.090609209288555849e-07 1.444307907767567253e-07 9.641866209219353044e-08 6.202120019378130670e-08 3.504353453094962255e-08 1.724197685607336176e-08
3.731409799211203051e-06 2.539393044588701405e-06 1.561967049637805478e-06 9.264047171173145879e-07 5.318410679559050921e-07 3.398437546085864658e-07 1.695674806288823842e-07 8.672149218664111336e-08 8.320698069679454677e-08 5.903532804383594445e-08 1.874368486124757705e-08
2.312209657340315660e-06 1.910911615620748186e-06 1.092101412787693768e-06 5.883024203830899577e-07 3.448956442966829769e-07 2.099313265237989479e-07 1.309144408923783910e-07 6.442044903880245159e-08 2.747430806303065375e-08 9.545953931745532695e-09 1.839750660426329740e-08
5.110230022521532017e-07 1.552780815728571423e-07 1.072180714065140413e-07 1.031145693990766271e-07 1.159581306321679989e-07 6.301466384106718228e-08 4.689996735957927272e-08 3.711539742453165186e-08 2.485036316558623337e-08 1.637414722411029208e-08 4.850159893454924506e-07
2.262033159784415412e-06 1.539805082142005149e-06 1.115151456227021576e-06 7.178914077814633856e-07 4.276916771692481765e-07 2.550441446648808779e-07 1.347154797939964717e-07 8.888211002693802015e-08 6.176468561634273629e-08 2.384401405627398989e-08 1.199671164191548549e-08
1.239572435619564387e-06 8.286588362722996748e-07 5.644693166114825394e-07 4.120379319786233153e-07 1.170020505210127880e-06 4.159851961615988077e-06 7.930523919187466364e-07 1.325106276098066116e-07 6.959063713274264691e-08 3.826901132098747339e-08 3.142496000208510293e-08
4.337802338808443829e-06 9.006669886753578021e-07 7.076787510435476747e-07 4.903967746738416504e-07 3.631603866225766291e-07 2.031660806956074445e-07 1.345816966300072667e-07 8.830285175809272306e-08 5.203710080167661278e-08 2.554289626476280159e-08 1.081751544352295896e-08
1.355487039588274205e-06 8.472023939914552555e-07 5.948413287072347100e-07 4.074982722976479545e-07 3.410840910130324999e-07 2.080338175740628354e-07 1.202119130954178579e-07 7.731233457591542728e-08 4.394408101769011995e-08 2.859086782698730211e-08 1.531548508386899796e-08
4.280486454561156917e-06 3.174574243688647438e-06 1.600790554701699697e-06 6.438638978372966190e-07 3.563449282972679160e-07 2.208322056181558876e-07 1.510578892778810924e-07 7.710203900210120452e-08 4.383324915289944209e-08 3.110097090333557672e-08 1.930191824283812895e-08
4.445554630129870699e-06 2.993782161122168424e-06 1.500265223269120800e-06 8.228016789728509381e-07 3.508508627032433326e-07 2.101739447553707692e-07 1.105064794953412553e-07 6.089860915399849700e-08 4.093734355412320160e-08 2.205770945379240365e-08 1.346353303955534413e-08
4.539309001020340474e-06 5.188297148648472518e-06 2.202818227144313293e-06 9.285550875095414741e-07 3.945564372439324655e-07 2.289734176262702991e-07 1.299753462804289005e-07 7.062448848289240560e-08 3.756803470294544337e-08 2.439735560478206104e-08 1.175171078272749149e-08
2.517482419812322703e-06 1.621558223347303661e-06 1.045162125897300649e-06 6.805959533276546085e-07 4.557250622313896012e-07 2.283768222678137625e-07 1.528398375967861174e-07 9.979363305590596678e-08 7.389246025115553772e-08 2.856347947393198009e-08 1.359036874869068577e-07
1.540793370599741272e-06 1.074442949203833272e-06 7.985689885225963709e-07 6.023082168925190254e-07 4.649901816139310732e-07 2.846728194224437885e-07 1.816658111373582339e-07 1.110175401171087843e-07 6.210300676918763384e-08 1.138167057788322048e-07 1.980958203846339470e-08
2.937856258849988036e-06 3.025629749515630153e-06 2.238899257298039999e-06 1.103421904827177795e-06 5.132956487275931618e-07 2.594898545383416920e-07 1.627115536966100350e-07 9.285461566809153259e-08 5.368153561030409102e-08 3.051257708710367110e-08 2.222600240693387531e-08
6.443170422521487751e-06 3.435148244456440679e-06 2.451646695481757654e-06 1.515684387248454201e-06 6.797484204627387789e-07 3.598766732460921536e-07 2.161928697365326391e-07 1.042991474905892444e-07 7.338085527067765395e-08 4.993214581317352974e-08 2.965457188024310279e-08
2.227750830594797779e-06 2.265778306554586193e-06 2.270398305483398309e-06 1.254415399406204038e-06 3.724590269324173113e-07 1.963144523439751750e-07 1.441749837939396749e-07 1.819702726668278407e-07 4.015286878854172226e-08 2.294013812588929233e-08 9.927437808325480964e-09
3.550339251521541369e-06 1.737321236023456068e-06 1.020912272299884270e-06 6.728499842449072828e-07 3.523710211899335025e-07 2.518464149799113835e-07 1.425036865813621115e-07 7.617662877137864613e-08 4.468826971438849356e-08 2.465590897039920612e-08 1.007220009783588878e-08
5.441082339141534841e-06 4.450244437324243702e-06 2.909247861671403952e-06 1.792351157936031699e-06 8.171653042206222411e-07 2.675803689188615821e-07 1.061465867776279257e-07 4.587351645717688360e-08 3.593775494306576584e-08 5.638247500414805809e-07 1.795699102272942475e-08
4.281674866362687763e-06 2.366049404103980014e-06 1.881594730256563588e-06 1.604580227402679055e-06 6.455399081520449875e-07 1.838312417911059567e-07 1.030764227267418526e-07 6.349457477252708581e-08 4.210342695996589137e-08 3.025955615356474240e-08 3.922087636362930977e-08
3.598920305824886672e-06 2.925959159155887305e-06 2.376447778701255309e-06 1.569639526181830438e-06 8.191375362910776018e-07 2.966798187276620848e-07 1.137449544540162464e-07 6.952637245738903941e-08 3.385692125586718107e-08 2.005901339871827582e-08 1.937779475637780717e-08
4.719615240666659720e-06 4.083417522357770177e-06 2.578361047892074348e-06 1.431261998773909401e-06 7.952720812352473920e-07 5.964831986630061045e-07 1.820888152157108374e-07 1.142749506992626231e-07 5.408243061442687271e-08 3.044314203289210480e-08 1.285016654886256403e-08
3.513463332572252369e-07 2.609402818758846558e-07 2.032173881470923705e-07 1.692623139897240590e-07 1.238243869747027904e-07 5.767320326401090345e-08 3.429308108651095975e-08 3.686919182012152812e-08 2.994781325462083150e-08 1.974395288934813504e-08 1.718939348626531176e-08
3.137875465149037457e-06 1.668979268971262609e-06 8.931956317837353509e-07 6.234078229239037638e-07 4.185635016617453948e-07 2.251277380617935733e-07 1.121152852246886678e-07 7.206226853461835061e-08 4.344880368638536758e-08 2.220092601528237124e-08 7.885857284609187460e-09
3.332032510614757043e-06 2.213602418013662171e-06 1.624818076535948896e-06 9.268846362370307694e-07 5.166565139250049496e-07 3.149937869446369370e-07 1.433500810229981613e-07 7.984312412945638190e-08 4.405118582492952118e-08 2.814107017093836861e-08 1.390128957211768166e-08
2.962670564380552395e-06 2.964325974576408173e-06 1.733550681839349873e-06 9.987314996410909499e-07 3.619527643966172511e-07 1.613508088671862616e-07 9.599918354789943736e-08 5.949511867816476199e-08 4.526919948430321123e-08 3.024359986952321776e-08 2.245073657708844607e-08
2.927187403939555466e-06 2.138521373545009234e-06 1.235615602756984799e-06 7.807098254104881090e-07 6.111965246382659650e-07 4.266199661160399407e-07 2.235040552420365695e-07 1.327307558155074766e-07 6.930072315455478722e-08 3.567889470535274786e-08 1.990762784403184885e-08
5.762013542767064833e-06 2.491553507361025780e-06 1.821461193753318273e-06 1.033242849501976518e-06 5.044990630824824672e-07 2.459920907157129352e-07 1.450751282552407342e-07 1.005572533745756342e-07 8.509241885133603291e-08 5.139106786948596254e-08 3.787472686434496928e-08
1.333582398631090074e-06 5.207913783031420962e-07 4.098708566277787187e-07 3.051934160522566377e-07 2.141417214071323482e-07 1.518266808085624090e-07 1.016225413057034538e-07 1.025047320672202677e-07 7.921918421348808515e-07 3.956610347615755444e-08 4.328587161997764269e-08
2.181827091108945939e-06 1.644742264541256703e-06 1.249989964160820971e-06 8.873077835413632417e-07 6.226186688650264003e-07 3.468206519808274232e-07 2.401873711156062077e-07 9.211532590356366379e-08 4.105493902888231781e-08 2.282912277804297859e-08 1.395449770507370775e-08
4.419836027379273347e-06 2.825171992362613652e-06 1.941466196753736661e-06 1.246568148335197543e-06 5.935318409496624229e-07 2.921713725076280122e-07 1.286298233200818667e-07 2.039931882524225277e-07 5.102996134080770838e-08 3.063000554963774909e-08 2.335629109169168475e-08
3.308299611786675195e-06 1.957934549623036984e-06 1.147771954396006069e-06 7.615290122929283783e-07 4.766018879455523374e-07 2.640064895362181401e-07 2.187512445169672723e-07 8.205322386480715467e-08 4.382564797032191613e-08 2.340625067665577541e-08 1.391000060470008690e-08
3.162498534271561071e-06 2.134790518050292151e-06 1.182135110564160120e-06 5.922744123956883302e-07 4.457554222091526633e-07 2.613279423503497384e-07 1.397543816145549091e-07 9.812128178744888693e-08 6.997004163181094163e-08 3.861211310992669335e-08 1.869278531946843695e-08
2.379583371743143909e-06 1.264171542507962699e-06 6.232521146223188829e-07 4.250643495116800261e-07 3.134884657879980070e-07 2.477742921029904775e-07 1.787679656130290926e-07 1.149428415049496566e-07 5.838514180376341228e-08 3.285685458016320734e-08 8.159725361989110049e-08
1.251032307968765085e-06 9.622079483760331888e-07 1.008699204615498235e-06 6.601080183864097698e-07 5.281507834232470734e-07 3.286155406417849079e-07 2.586893037353984072e-07 1.620172654570320016e-07 5.106507669001164583e-08 2.113750323066152154e-08 7.285870945724120690e-09
7.164481104286152118e-06 4.928303654172498914e-06 2.896667056093760272e-06 1.921088286509344822e-06 8.371431643359004245e-07 2.620443022723655328e-07 1.082227338481825959e-07 6.253711989238591786e-08 1.262641490281963333e-07 1.064518865237319618e-07 3.359971280429163557e-08
8.975759167870946489e-07 5.512371044900845098e-07 5.766540507533613662e-07 3.796107087733810732e-07 2.638336412123211167e-07 1.696937183070142321e-07 9.510761362359478066e-08 5.742100323538150869e-08 3.498880392061979803e-08 1.684897247104008617e-08 1.012898394846195022e-08
2.357184255784219755e-06 1.942831272400209722e-06 1.080343257602158641e-06 7.289502369021990732e-07 6.056765456759265959e-07 1.192080136960037024e-06 2.256801043565082794e-07 8.824415391400095204e-08 4.676768974550354396e-08 2.259256529459942839e-08 1.180912186021640024e-08
4.543168779576778094e-06 2.471735616614482601e-06 1.529318147150263632e-06 8.549716383746662817e-07 3.898226203850906724e-07 1.777683895598282308e-07 1.190477939905056496e-07 6.993887827183916648e-08 4.890306179460211817e-08 2.916215862526861502e-08 2.041232037314218729e-08
9.441733201199544240e-06 4.924868997836059783e-06 3.023658322310977730e-06 1.576566891502990968e-06 8.445852768766868137e-07 4.257637424094588937e-07 1.617793858347646305e-07 6.657363427784763203e-08 3.209147249101220556e-08 1.341186456513130087e-08 7.698391524963106087e-09
2.832262836542223743e-06 1.767780508415570306e-06 1.191177490863621879e-06 7.060882968416759977e-07 4.573972634160534555e-07 2.595586640579942817e-07 1.611501782300567897e-07 9.918847794021923496e-08 7.504882274946029919e-08 4.577076508355902061e-08 2.914302060657329157e-08
2.849093231380987874e-06 1.790734232736596097e-06 1.152656557034863086e-06 7.290980285174640517e-07 4.629421320466979252e-07 2.517221613816063794e-07 1.650356435646471164e-07 1.222996874172240572e-07 5.490825929779745891e-08 1.891029709690427226e-08 6.321953055287432166e-09
3.226466790921490493e-07 3.993889780562104597e-07 4.606001991422318822e-07 3.007105074544588885e-07 2.130508976347595986e-07 1.733346923051928574e-07 8.972018383551390878e-08 9.113673082204566991e-07 9.578669355946038538e-08 2.240264287093166144e-08 1.405602783047097881e-08
4.022796108590377425e-06 2.132347026896112171e-06 1.481044058846198020e-06 8.612792014771011084e-07 5.860256690790574228e-07 3.572507861525882658e-07 1.620434705851862921e-07 8.169975329195984362e-08 5.095860148561602755e-08 3.182785600208210024e-07 2.405996435651892713e-08
1.841307835541742470e-07 8.931047127824686714e-08 1.787658313449946631e-08 2.944094581902588331e-08 2.320601134820933822e-08 2.677376443444934917e-08 1.643054925405517298e-08 1.689628662165106203e-08 1.778505889218790184e-08 1.226321091972227189e-08 1.120902270640821811e-08
3.989774053318494668e-06 2.664699928689670566e-06 1.024758051824208053e-06 6.825555054707828099e-07 5.800069558851883760e-07 3.107352527233070800e-07 8.154788509780035154e-07 1.384883164209650753e-07 3.981327712230369558e-08 1.836541642925069769e-08 8.417641423434769077e-09
4.651592489377170041e-06 3.614375494483253375e-06 1.944292759322063795e-06 1.180460476673900422e-06 4.957348319733661188e-07 2.544909245353608889e-07 1.700712582317916488e-07 9.762705337661321365e-08 4.941964175376422031e-08 2.601281870779843995e-08 1.562465905593452190e-08
4.208839119204934930e-06 2.530752549716084309e-06 1.720600314070542984e-06 8.689801313756486187e-07 3.757418795644149930e-07 2.115683000501096307e-07 1.657845258568430671e-07 7.917103704033182109e-08 7.496595697620728186e-08 2.484732474805374878e-07 1.166632558401334626e-08
2.688656145083348288e-06 1.926319415515754870e-06 9.775348949052081336e-07 5.821958709629286132e-07 3.286668106019105192e-07 1.958277209370604943e-07 1.717862091527833736e-07 1.119923673612093214e-07 7.189903486328236616e-08 4.982395460088645183e-08 4.750255855707260864e-08
2.850723376920318837e-06 2.716255795484105155e-06 2.570870015196243127e-06 1.963275656295349066e-06 6.427838718294629981e-07 2.425091178206112819e-07 1.341671792584774247e-07 6.168335299956399695e-08 2.503953817196682216e-08 1.057414734920668655e-08 4.538076813743520183e-09
2.247555531004556222e-06 1.423755448855196217e-06 9.075231402422327596e-07 8.361654093561858493e-07 2.564642812032916393e-06 9.070933777505046220e-07 1.841096109244601366e-07 2.061978727412391840e-07 3.894724912738862798e-08 1.797351570695752745e-08 2.710386320079632854e-08
2.486648035996516807e-06 3.359439921140381148e-06 2.149048061906013808e-06 1.129833048377024521e-06 4.125108922547570561e-07 3.051618260056860997e-07 2.290987962420512651e-07 1.242422032121167206e-07 8.035510152929261433e-08 4.663630811506521099e-08 3.128862300601255623e-08
2.026988285592214937e-06 1.649337826237829937e-06 1.353490895843100752e-06 8.029661957148797778e-07 4.461836379032964229e-07 1.937395940944668013e-07 1.087209513534742791e-07 7.240487847417101553e-08 3.821869242441317784e-08 1.227589898473999846e-07 2.199066085379248424e-08
4.841841365677102871e-06 4.258015025295039694e-06 2.407166359042852722e-06 1.452806846467234535e-06 7.672774229917002366e-07 3.714184985858646094e-07 2.812945179779696032e-07 1.475582210723742913e-07 7.187137012130209380e-08 4.087975299248243383e-08 2.375011982189969214e-08
3.728113400505080924e-06 2.882905941313078430e-06 1.828947171628869325e-06 1.019131152325397068e-06 5.027949597500489522e-07 2.263167499646479887e-07 1.008321225750344205e-07 6.193061978815823626e-08 3.206509394463608141e-07 1.402294992472198788e-06 1.021583963684123996e-06
3.561024915709090815e-06 1.970758552287452742e-06 1.783396806204990870e-06 1.466138882486329094e-06 5.819854521808078167e-07 5.426223960904252476e-07 2.692714002776593834e-07 1.838832219503604985e-07 7.984941265631863670e-08 3.917852538082041383e-07 2.433369781632158804e-08
3.814143992156051800e-06 2.442916484714127990e-06 1.848913843406490180e-06 1.320687078676469990e-06 8.107556451400641704e-07 4.060629572789540528e-07 1.899508923340288556e-07 9.165252445992540468e-08 8.160078586729343492e-07 9.979450946751145118e-08 1.128023185654977760e-08
3.101945520133997073e-06 2.423305386429478742e-06 1.550563134879990915e-06 7.544946732546643589e-07 5.019487574591414707e-07 2.554355948574592559e-07 1.210487834559822881e-07 7.027725204112960597e-08 1.041433937242197653e-07 4.208244823362109332e-08 1.081149925462494497e-08
3.012422235368256076e-06 2.650295608898911186e-06 1.770381249874154392e-06 9.062268309569044739e-07 3.641149953378526006e-07 1.610960589767850812e-07 1.001208589829022876e-07 6.683920470062305682e-08 2.254931076359241570e-07 2.167434167977384331e-08 3.928868776312397830e-07
6.211970351510712276e-06 4.314605931616987875e-06 3.339200484986589883e-06 1.821210629321589762e-06 6.621969789339943623e-07 2.766769061796322488e-07 1.356128269941097520e-07 7.348999749726969103e-08 2.995756450266223560e-08 1.579684185667085676e-08 8.992699517201813122e-09
2.095257576214738024e-06 1.826585221869825838e-06 1.613034947792814882e-06 9.794476443946986417e-07 5.397832927482399582e-07 2.206956771203087210e-07 1.349752595516981970e-07 9.651086170287465812e-08 6.406422050566399312e-08 3.826470876052456419e-08 2.090213445188357777e-08
1.791811802302642729e-06 1.224182641497709246e-06 9.204119317045554257e-07 6.268168371257512110e-07 4.246009493493766642e-07 3.581130300074324510e-07 4.087490795197463498e-07 1.329916559292637229e-07 5.742709987452284944e-08 3.281855857366655218e-08 1.033243317417566803e-08
6.334487461765358875e-06 4.184028814784274375e-06 2.948170482043419190e-06 1.774373059190290933e-06 4.291865015711702049e-07 1.930646946682851366e-07 1.125773866796281218e-07 5.837820213703257321e-08 3.375430105056270438e-08 2.245812259202743576e-08 1.181404470450772584e-08
5.880424351124317740e-06 3.658059478794269928e-06 2.429475856382382724e-06 1.495250868335001713e-06 6.837570365127544893e-07 2.859334362936257084e-07 3.316330290185537158e-07 8.310304463173068542e-08 3.991763067184181927e-08 2.312932466325971509e-08 8.489389482893207650e-09
2.807894216580344650e-06 1.694690768044698587e-06 1.248011749984578930e-06 5.798205861623650670e-07 3.926464124002515158e-07 2.487805023992166364e-07 1.287830987826443686e-07 6.530908720257621831e-08 3.973842217246273435e-08 2.249619311795570096e-08 1.093671771849541929e-08
3.837855682190312305e-06 2.888287056744534336e-06 2.156074017776103754e-06 1.591864358811963078e-06 4.071817689020588330e-07 2.577210914018498419e-07 1.569553658385475751e-07 1.171204986974138275e-07 7.269284771087482499e-08 4.470957281529746546e-08 3.055910175771164046e-08
1.933347718220519381e-06 1.640126635042003443e-06 9.785425103771823674e-07 6.070099812044637655e-07 3.851382156385342552e-07 2.285968781995135017e-07 1.374229011443540389e-07 7.669081828670935983e-08 4.789248882310879252e-08 2.293542774031948521e-08 9.929890339517743144e-09
3.232914561191231012e-06 2.254580770785073649e-06 1.721377078785731493e-06 1.228924214407554941e-06 7.185092735616618857e-07 3.523726654971494222e-07 1.795807766225288034e-07 1.442337240743226390e-07 4.269372751294980614e-08 1.676787501285662162e-08 7.488708194603895264e-09
4.000925358715263389e-06 3.601751150177203539e-06 2.650904336935744355e-06 1.415023594967167036e-06 4.734859705337981839e-07 2.381298509622164718e-07 1.329694646196697100e-07 6.723346002976553680e-08 5.194678344019254945e-08 8.347818556546675235e-08 1.057652753006466678e-07
6.070022311842246840e-06 4.767561336893649649e-06 3.874197796217265806e-06 2.801746415991818959e-06 1.471818068352493753e-06 4.318451984825462430e-07 1.540616570248946887e-07 7.447349547771564050e-08 3.795586711608828723e-08 1.868815088045094126e-08 1.005100946707387870e-08
2.498124488866295912e-06 1.772956174768687541e-06 1.227369639049381570e-06 8.383175980734979758e-07 5.429225369496706110e-07 3.456066987885622318e-07 1.943232736491836764e-07 9.205355484488809611e-08 5.627243543425327692e-08 2.870976881641933142e-07 9.154624680159746169e-08
2.341973249747877609e-06 1.639058761357462852e-06 1.116050163162492419e-06 6.245584801965737624e-07 3.793570747092329197e-07 2.183335385066858113e-07 5.355280600378882424e-07 1.576113676078187484e-07 5.928837350705189954e-08 1.462282140965879507e-08 3.808429306707825584e-09
5.858551633145676434e-06 4.282491947338049774e-06 2.508124778079329780e-06 1.587618131067849319e-06 7.691004165943099720e-07 2.875223076662834491e-07 1.093782120457591714e-07 5.656721221314023821e-08 9.951993568280221507e-08 2.116769401403417301e-06 7.837281632047895619e-08
5.570214711960013746e-06 3.977022602634707022e-06 3.672068093152923060e-06 1.853107342359902229e-06 8.536734157232415110e-07 3.655759593624565957e-07 1.654214151645707255e-07 1.066035143999198068e-07 8.849850916728553578e-08 6.359438158042896901e-08 4.372644233518650728e-08
2.569006907075744707e-06 1.847016620273740084e-06 1.159868102749543075e-06 8.235244259911928887e-07 4.027698957910608404e-07 1.890680787307560505e-07 1.191092466435947217e-07 7.065074893115945313e-08 4.467135606791717076e-08 2.400897724818955341e-08 3.583436658983702360e-08
2.166956946033512073e-06 1.172500533306250399e-06 9.382563379381750547e-07 6.239180961820531814e-07 3.983615512107832388e-07 2.485479571007901307e-07 1.564379607142470611e-07 1.679387716609700329e-07 6.002213027438408246e-08 3.587148785635429714e-08 6.237193683272019848e-08
3.731597766691474637e-06 2.572370252536339792e-06 1.222524070140607692e-06 4.891805027685068634e-07 2.708475926970253910e-07 1.834004956954390737e-07 1.259834528429344153e-07 7.151912540201105836e-08 4.542602666558668536e-08 2.812525181812530028e-08 1.330494426270338684e-08
2.564863018558337115e-06 1.983208068347972108e-06 1.141097852680975325e-06 8.703490745530642179e-07 5.416696495726162453e-07 2.797933717369926126e-07 1.633659991491312725e-07 1.014823754543628382e-07 6.060980918195581279e-08 3.852095213510848756e-08 9.034601031991784422e-07
5.875109264377354470e-06 4.468095564717064261e-06 3.096375799544648641e-06 1.901507157003426826e-06 8.871289907414130929e-07 2.706287606872462537e-07 1.360475381346440595e-07 7.515173594670228361e-08 3.423739527917037397e-08 1.614799650486369688e-08 9.844721186157193936e-09
2.763916766465872738e-06 1.981786996924234569e-06 1.164753349797780016e-06 6.480670364611456480e-07 3.722130814674669240e-07 2.436110739424684375e-07 1.633520164602915449e-07 1.053084576802255140e-07 6.136278194802811799e-08 2.836358340497660439e-08 8.550294045412496751e-09
2.555657844644824494e-06 1.568734075804592736e-06 9.106635978116607471e-07 6.163324578865722662e-07 2.913511213812845904e-07 1.992148054775828065e-07 1.254362495870460729e-07 7.525034734072066097e-08 4.163978628649497684e-08 2.824263634628631894e-08 1.549417022941995992e-08
4.529269612785311642e-06 2.100120159800030648e-06 1.725883502341974032e-06 1.341021728500737074e-06 1.043600930095555520e-06 6.714288419011589371e-07 3.818554310110794578e-07 1.643269587534471815e-07 6.020552755364366512e-08 2.491178398970338375e-08 1.216195999376298585e-08
4.386145289555722741e-06 3.020271484630416992e-06 1.668515160488817771e-06 1.025208577694034477e-06 5.215113083434260634e-07 2.639049302686306400e-07 1.495877060295090080e-07 7.919029899753401816e-08 3.745825735701251178e-08 2.273467378179562084e-08 1.356081636779737651e-08
1.783746722109124143e-06 1.826525352753002190e-06 8.762707370428657146e-07 6.421091935670713608e-07 3.738555138799830745e-07 2.451398173298783657e-07 1.634533489895981409e-07 9.657807539535927243e-08 5.104566540231047609e-08 3.355015701209192446e-08 9.901194823074558553e-09
1.326674669384136698e-06 1.216640014612895060e-06 6.463242888166622337e-07 3.946320085589898236e-07 3.579396870798290607e-07 2.411547237457917500e-07 1.159860985115201918e-06 2.531058954341287969e-07 8.351766218847257179e-08 6.648815864671896955e-08 7.440130032626574434e-07
3.511463528239669678e-06 2.724500973587662519e-06 1.386260038916626715e-06 6.958235095303138981e-07 3.686601997651883897e-07 1.847816393100665025e-07 1.072395247819556904e-07 6.758524191879195736e-08 4.352883795739878912e-08 2.399664084427727856e-08 8.963737347260999735e-09
6.615787676402061358e-07 4.299672713846163053e-07 4.223489902599526205e-07 3.814221351724666010e-07 2.242685547313308190e-07 9.033090196387545287e-08 9.664354997016405573e-08 5.432247197656910319e-08 3.614623862697798432e-08 2.715826182699468010e-08 2.364178668458089417e-08
2.583415427112051305e-06 2.388203163868237567e-06 1.699937058946059552e-06 6.382384239403485817e-07 3.684207645947699968e-07 2.002389961269455782e-07 3.837992097237349387e-07 9.006025010200998512e-08 5.401877439325120186e-08 3.438341122656897142e-08 1.516902877589308262e-08
1.297037401445815961e-06 1.200060221522891618e-06 8.822003801628624133e-07 6.828476144465533119e-07 4.474407192418818015e-07 2.512268883301823840e-07 1.577682255889566816e-07 1.130326335374472185e-07 5.735009920834635086e-08 2.428112905340469835e-08 1.406639042893267884e-08
4.013823102983026371e-06 2.910599393388006257e-06 4.576155504861960916e-06 1.741831052402974209e-06 7.128256728229969394e-07 4.995056638638461754e-07 2.190719515356959807e-07 1.170721793550547364e-07 3.298091217171543688e-07 2.447634425713276021e-08 8.014212396680616554e-09
2.441706878785696773e-06 1.216893076800425622e-06 6.387628499342090970e-07 4.231062583637062198e-07 3.447024192234282826e-07 2.389892323181071587e-07 1.163064048254562577e-07 7.389873795436477123e-08 4.253184645840358739e-08 2.396548528619869401e-08 1.440589039644745272e-08
6.900612149764046134e-06 5.030568749641846616e-06 3.781226819664433277e-06 2.395606623391320302e-06 1.324559850914306668e-06 5.792012771101956762e-07 2.390507529578208744e-07 6.249501358431651907e-07 1.320374642936005408e-07 3.979952792599310429e-08 4.200199936163204551e-08
1.485586596004671695e-06 1.075210894839594110e-06 7.119986206309173544e-07 4.927188593180517374e-07 3.108073564102096450e-07 2.399719622372985244e-07 1.381486307748597411e-07 8.114683402800564753e-08 4.856090833146628411e-08 3.418116518108215427e-08 1.873311665195014912e-08
5.916636426916194907e-06 3.979627040505371009e-06 2.395605932283201558e-06 1.341709255518159712e-06 9.793712316513056887e-07 2.727444029416505238e-07 1.313160435282593303e-07 6.858354181825263697e-08 3.709053134159473960e-08 1.780108810855407490e-08 8.903342422116958687e-09
7.344474487057781026e-07 5.967500343020929880e-07 3.562042695061328919e-07 3.005024117233813125e-07 2.425745267126508404e-07 2.275876826994901549e-07 1.686089839041315862e-07 1.174472636808464004e-07 6.864064756340407305e-08 2.140641966308169083e-07 3.603940392530277071e-08
6.109594697403032307e-06 4.524599369501133905e-06 3.323164732947348091e-06 1.938579221279486004e-06 7.283372371523288750e-07 2.684941229234780557e-07 1.299847381440419875e-07 6.397104838988608889e-08 3.564524513384722773e-08 2.064391869875766901e-08 1.765125422117761238e-08
4.401307242204447830e-06 3.029564373176921901e-06 2.210569258786788718e-06 1.389429944537643552e-06 9.982188404056669237e-07 4.161022021725240090e-07 1.457046295510373873e-07 6.227391557697548576e-08 3.406713989074722369e-08 1.749361556038709229e-08 9.022560828345950716e-09
4.672433135804881161e-06 3.520140373363538280e-06 2.615965463879977656e-06 1.423674208204778534e-06 6.224329260104426146e-07 2.519629637732941127e-07 1.434229017306452583e-07 8.616492523341820290e-08 4.027983676750839347e-08 1.701562501908587696e-08 8.863155024560861283e-09
6.561982986507399767e-07 7.023779471579926990e-07 4.769907074049377675e-07 4.402414169830398413e-07 5.792608187213082336e-07 3.895663824104605908e-07 1.195054572465661563e-07 6.393104289118259279e-08 3.530299964761386113e-08 2.094045038796927561e-08 1.968165750255785967e-08
2.956502886894510492e-06 2.304456034670447849e-06 1.705732493685147857e-06 1.292134440869046145e-06 4.944374951581702123e-07 2.566307796525585328e-07 1.390545790393987365e-07 8.376227537515321924e-08 4.369264639880564318e-08 1.090642122325420475e-08 4.672652126528936909e-09
1.940819674737704518e-07 1.091182359900705708e-07 1.382662056136640723e-07 1.050744720942523703e-07 1.327120680712464419e-07 1.245698311278867604e-07 8.221358578581159049e-08 5.216113400296513417e-08 1.105498308417189187e-06 1.399568481668618031e-07 1.324797525076254816e-08
5.714292289971746640e-06 4.369395270656653012e-06 2.975527765771639771e-06 2.015298833916625070e-06 1.052785306171241433e-06 2.904829837898002139e-07 9.042254039764058395e-08 4.278211734277974133e-08 2.118630789067616817e-08 1.627690126806293448e-08 5.343416002759259981e-07
2.408245558131864357e-06 2.021908062741762729e-06 1.692291312159411723e-06 1.124715403338372168e-06 5.403185986149451323e-07 2.945949766472877991e-07 1.374003421518818708e-07 7.914199764549995710e-08 3.150992783575081860e-07 2.629763809851728247e-08 6.732382427107634091e-09
3.528813581583696782e-06 2.355201377427272785e-06 1.515650390763595525e-06 7.137458482179906213e-07 4.231147634359981405e-07 2.581155894934914780e-07 1.487348320158497210e-07 9.109931224291239403e-08 4.843870538190355457e-08 3.180848225772549474e-08 1.689602750263076693e-08
5.109830653851765211e-06 2.876135414948425556e-06 1.666902631924386953e-06 1.159408435027450079e-06 6.569281819698017564e-07 2.748159569927924578e-07 1.551548277780381132e-07 1.031114192394816257e-07 5.175323526554692577e-08 3.791513013264621397e-08 3.145133065238795979e-08
4.579314779391667896e-06 2.968942453524444485e-06 2.772438330423093638e-06 1.288903393441295676e-06 4.267959034916156970e-07 2.212703145444374112e-07 1.213337083531157994e-07 7.003375206518300092e-08 4.064739367027568957e-08 2.244081318447304790e-08 1.183675107682499207e-08
5.604109643194528940e-07 6.580791463459008856e-07 6.974041644071284526e-07 3.807156066695851889e-07 2.049423004735297319e-07 2.058608298919006080e-07 1.869671076420924524e-07 5.174497748919400587e-08 3.496231930488476278e-08 3.048158621351080915e-08 2.653714068158737796e-08
5.469858463007102922e-06 3.731936475090965908e-06 2.408078179416940969e-06 1.466319737541284509e-06 1.013553537496644043e-06 3.491358073237754520e-06 7.758762408202885726e-07 8.460183787039472123e-08 3.375632787290544587e-08 1.799210911847940673e-08 7.607065867423633364e-09
5.907088121619664903e-06 4.193361577304730492e-06 2.958175447515534200e-06 1.735769104302746215e-06 5.782725202411330071e-07 2.262013015447790951e-07 1.184585065698676305e-07 7.079749055007662866e-08 4.089449041853193567e-08 2.022167641215623646e-08 1.265360422026472385e-08
6.663876797092400555e-06 4.941303646000315427e-06 3.218388956265103664e-06 1.880360568591529621e-06 1.047422192448930376e-06 4.149183024900522818e-07 1.909143061918399226e-07 8.551780118914317640e-08 4.646886333528670619e-08 2.973130844815935760e-08 1.925416760287759133e-08
3.440406275327856935e-06 3.235703496712703023e-06 2.408110896457310126e-06 1.042018123335110722e-06 6.887403857819530026e-07 2.424608768727688422e-07 3.969276950454197044e-07 6.174290013648100955e-08 3.454776150332520763e-08 2.191377163150561898e-08 1.196304034888343168e-08
2.843831639081571269e-06 2.798448356527693731e-06 2.029424424092075106e-06 1.160413691133578944e-06 7.116830726719884046e-07 4.190902275911664811e-07 1.135919773978431812e-07 6.437545761835535553e-08 5.980651063208325914e-08 1.201165935070085650e-06 7.901758609831964741e-08
8.675834785630231780e-06 5.978741204839081849e-06 4.066479523247894666e-06 2.444258888561617983e-06 1.280482859501775155e-06 4.292275723714143319e-07 1.881955604122158549e-07 7.449470768871734329e-08 4.054549816166028457e-08 1.496716735649962844e-08 7.372436028690804831e-09
4.716873099037730695e-06 3.561613652789755197e-06 1.697922387191285109e-06 7.378086919664947983e-07 4.390803920362082010e-07 2.310441492181949712e-07 1.426694994248666992e-07 8.405935997222214422e-08 5.087603084831681235e-08 4.099235850943257629e-08 1.265253511252282154e-07
3.066189353967630313e-06 1.443372535073008123e-06 1.020320886704932111e-06 7.163318337492928507e-07 3.699138675760394268e-07 1.992629595031645293e-07 1.397324267737800626e-07 9.647622789551552432e-08 6.828644225101483448e-08 4.978760481152557926e-08 2.171244219948519403e-08
6.405750150108373999e-06 4.733573348219257201e-06 3.327256644793833937e-06 1.740084125639195821e-06 8.454548845544928858e-07 3.539848380896295566e-07 1.643616916925821443e-07 6.914730193679740649e-08 3.457880855851823232e-08 1.935795449537343730e-08 9.250646981124652844e-09
3.717338171559281928e-06 2.335817917529848571e-06 1.764493607871624856e-06 1.122372619869740771e-06 6.305080427495165756e-07 6.604601949617430079e-07 2.219363350549965593e-07 1.140820252444495794e-07 4.901466961449491722e-08 1.959202513262498347e-08 9.865500387720672577e-09
3.223766810335353939e-06 2.594598675903359861e-06 1.335144298227107007e-06 9.396612357397118261e-07 5.274375722905734320e-07 2.606034756235775000e-07 1.335978594973793292e-07 8.626028802339697434e-08 4.190633591496949189e-08 1.668085637552593871e-08 9.235019467231340194e-09
1.340258056341055858e-07 2.674096161141410980e-07 1.728813583863030072e-07 1.889289711712339418e-07 1.745204178894466738e-07 1.027590406736204214e-07 1.929621695752024012e-07 3.650719667375518319e-07 5.150328397383763302e-08 4.780767667946756553e-08 3.890630442742459967e-08
4.932498887366775095e-06 2.746093072907595930e-06 1.412952893321220274e-06 7.933531377252846047e-07 4.670173248971480119e-07 2.897540500791176794e-07 1.693795221657084024e-07 1.127473027013306351e-07 6.784644812906869150e-08 4.038063683247947781e-08 2.070165987492211536e-08
6.083077116697311444e-07 1.363487307984764118e-07 2.685603482352231761e-07 1.633721463311185618e-07 1.206971587853620694e-07 1.040391607176137054e-07 6.434347878701204307e-08 1.051090712708415542e-06 1.545753756774179062e-06 5.159270618720269517e-08 2.276894081699999551e-08
2.121599873309445284e-06 1.347889312957118035e-06 9.415785069917405572e-07 5.510242572635841633e-07 3.299465335907664475e-07 2.008746830638901785e-07 1.381927684452153708e-07 9.513171922548567053e-08 4.658392432823331159e-08 2.192625337731440161e-08 1.161219325124323550e-08
5.671459639509431507e-06 3.728549922691268247e-06 2.704244632910535002e-06 1.563433599487295457e-06 7.825430335332552651e-07 3.221458696249120625e-07 1.271146811094163723e-07 5.603594580136687847e-08 3.424088718290422067e-08 1.880771308570552982e-08 1.460707848504248002e-08
5.584388563151509387e-07 3.004819337492721884e-07 1.934558660368967277e-07 1.779689948397709914e-07 1.829047011084381733e-07 1.474702564750197150e-07 1.072147677491916283e-07 1.758593579186733375e-07 1.405937677274863825e-06 1.164811387492731494e-07 2.188758081960483488e-08
3.597330689706509014e-06 2.172335818146599863e-06 1.605137080427775072e-06 1.001313686276193662e-06 5.467448198745755422e-07 3.318042348557689800e-07 1.498175312608511990e-07 7.302463897134358615e-08 7.912978750991811186e-08 2.076895987461496952e-08 1.284588944912291394e-08
9.220060511965650637e-07 5.485105492193083303e-07 3.482489462646590440e-07 2.877324331228987443e-07 2.674778847550237393e-07 3.428345780470221244e-07 3.153851092926327968e-06 4.357448936177988566e-07 7.592104007408480520e-08 3.893972348305744134e-08 2.405224374092707940e-08
4.196177106786114565e-07 1.936060836531469766e-07 2.435453891327606979e-07 2.195700030340381888e-07 1.604824548549971479e-07 9.320354051083539710e-08 8.578384795410089949e-08 8.104809283715000679e-08 3.455876246417264114e-08 1.690685640222201326e-08 1.347890077187751612e-08
5.103303163043219489e-06 3.827786316148439059e-06 2.383853819068284869e-06 1.240255736485551639e-06 5.447918561018365008e-07 3.048691625108852028e-07 1.920076810699100649e-07 1.201369150061877296e-07 6.594360093975641609e-08 3.328175332259943025e-08 2.248129604575231556e-08
5.768256859437430471e-06 2.990819973347467048e-06 4.192444595857163426e-06 1.006504480679376717e-06 7.106173532238515113e-07 3.674296499987606878e-07 1.647985023465646807e-07 8.340122152611263905e-08 4.217388056617969096e-08 1.745532418871398800e-08 6.013219887215507160e-09
3.195993161810053234e-06 1.766668636978251167e-06 1.141487118373594324e-06 8.418418196664061429e-07 4.569521863459190053e-07 2.652278527755806791e-07 1.631462055010424873e-07 8.787173296023274799e-08 4.893377645364070545e-08 3.309320586288136360e-08 3.490176405424631928e-07
1.761428725288830080e-06 1.299330096667799829e-06 9.033965560360894305e-07 6.022888163896413183e-07 3.669258161137954689e-07 2.316191483074147910e-07 1.382171309989653739e-07 6.779394093701982059e-08 3.648618711794616484e-08 2.265295614684375292e-08 1.201703495745706273e-08
2.849958513946716857e-06 1.775130754230275565e-06 1.468219248889313364e-06 1.914079719467545072e-06 9.148580359067572867e-07 3.983345096051421937e-07 1.969275610873553786e-07 8.250789102385262154e-08 7.071892868110132672e-08 4.960400167368241590e-08 5.092636954846712353e-09
6.243995913335772918e-06 3.281518298659334614e-06 1.702466370778485097e-06 8.704662982672953314e-07 4.289361259343097932e-07 2.514351311077771604e-07 1.625267460629717796e-07 8.985006815192469867e-08 5.255726508146501546e-08 3.070084066712101848e-08 1.443874814723470154e-08
7.775865385068467858e-06 5.138574618802703754e-06 3.074988721824307742e-06 1.534532522929016109e-06 6.862608200280726460e-07 2.140163030215671159e-07 1.128751972856093552e-07 7.510694870864595713e-08 3.605309367494338607e-08 2.056063689793685572e-08 9.755882078141964350e-09
2.327469455000614103e-06 1.501090628166801121e-06 9.092169531514431345e-07 5.739875635630959831e-07 4.692508139818059817e-07 3.356989955725079567e-07 1.857606236490459049e-07 1.112471884930324119e-07 9.142780002775712967e-08 2.976665030813918640e-08 1.534366513726514742e-08
1.112101354342470403e-06 7.651221480987405047e-07 5.261456345214627854e-07 3.796132551337212480e-07 3.064230689782768102e-07 2.426444482394879210e-07 1.610554288367368905e-07 9.716679881924638308e-08 6.593482696023423396e-08 4.121445002049866601e-08 2.412689533153363005e-08
2.498319966655612054e-06 1.569731251649373309e-06 1.167593692354818754e-06 6.631682742421756805e-07 4.200319922295591730e-07 2.471936304695549024e-07 1.617298097540933175e-07 1.021737353442947829e-07 4.748392241988855062e-08 2.210767270612208785e-08 9.338762052598567577e-09
3.988138390486978418e-06 3.221443246879280916e-06 2.411144038464614049e-06 1.465696428244874646e-06 6.195914364669698189e-07 2.367976030168621923e-07 1.362959275602857106e-07 8.084517054067684160e-08 4.540324087122573361e-08 2.038793136333733193e-08 1.079972476710106899e-08
4.348458565053718298e-06 1.730404256753255988e-06 1.410309121374286728e-06 7.780128762484029138e-07 5.839635113815111835e-07 2.842954779275912090e-07 1.767563644142459047e-07 1.061739979868530703e-07 5.676862697003237190e-08 4.454277495130633403e-08 4.836042256212134236e-07
1.000264327803185080e-06 9.240220374043536924e-07 8.073606461299116256e-07 5.178272881120646107e-07 1.904307611042090602e-07 8.195974648743967363e-08 7.833680110945436643e-08 5.166028270273967825e-08 3.511919632554108049e-08 2.674323371732706151e-08 2.863426035226355952e-08
4.488860937490218187e-06 3.751225098708445612e-06 2.966280479056333515e-06 1.935853239304158795e-06 8.022074910452341922e-07 3.442473688004637213e-07 3.316080183675955169e-07 6.897515083357606408e-08 4.353789365053779893e-08 2.007481308718417089e-08 1.087546582029771292e-08
3.691777788785932078e-06 2.013308248310296668e-06 1.678086536467939270e-06 1.054283143889678681e-06 5.692876005633295453e-07 2.460580043130148119e-07 1.743569035242336108e-07 9.440872233991105066e-07 1.607079336246383291e-06 1.635875641715464932e-06 3.175472674663308329e-07
2.228360990805272815e-06 2.008238720109961345e-06 1.543004265750397710e-06 1.110822075309608065e-06 6.068107527934738830e-07 3.159453766851902316e-07 1.724004398366849438e-07 9.151000521042267277e-08 6.380460393472318167e-08 4.280296781234902819e-08 9.095875585320606918e-07
4.364900203547932820e-07 4.067878559462763627e-07 2.809593228480083303e-07 4.418454167714699823e-07 2.515768024611106279e-07 1.154568415351222280e-07 6.680305797280617067e-08 6.278159636711621860e-08 3.968997358937342729e-08 1.879961922499777859e-07 1.805749178235009532e-08
8.759081483317168079e-07 6.566190261702416315e-07 5.002124154722915186e-07 3.509079059380652002e-07 3.817587720256397312e-07 2.395192195863571706e-07 1.502437757456318898e-07 1.085983884960547057e-06 2.765007525776880067e-07 3.567871865175545118e-08 1.994498187328636105e-08
3.217942334490520351e-06 1.827682076513372354e-06 1.355225707434869823e-06 8.438229794673951111e-07 5.314969698280734164e-07 2.972882428564541367e-07 1.778856419306856864e-07 9.149542733421064027e-08 5.835596162084908493e-08 3.223840359374937678e-08 1.152349102106310315e-08
4.201997589841028545e-06 2.988776499378725436e-06 1.569750577885649774e-06 8.580325634902455645e-07 4.933942065370979375e-07 2.717641595788588141e-07 1.682765267268421945e-07 7.935156590389955476e-08 3.355016497163327256e-08 1.222707562958489002e-06 9.878957646076883411e-08
4.155926278107924091e-07 5.069850741341358599e-07 4.263665680518583913e-07 1.470918295259327291e-07 1.324445597176960794e-07 9.088972264745562588e-08 5.962232459915951538e-08 5.112972036660757774e-08 4.744263480015556234e-08 2.964976663643634234e-08 1.951287304802834966e-08
3.133549854474678479e-06 1.807572031918399220e-06 1.122360860536953398e-06 6.165890370629365515e-07 3.694961896793645350e-07 2.287917297907767490e-07 1.340162683637774565e-07 6.407389370241325915e-08 3.158005136088549623e-08 1.476009656710599712e-08 7.061799352468825957e-09
8.938307088175317737e-07 9.765461934995000409e-07 4.774745222838009223e-07 2.274276480611654770e-07 1.154166634273642156e-07 8.576912108713015740e-08 5.856198265761824128e-08 4.174931146625033339e-08 3.162934119018865303e-08 2.222987892614310346e-08 1.706988921542350489e-08
1.842336380754612087e-06 1.310495918075621624e-06 1.144428956761728904e-06 8.197520882952391792e-07 4.368308752025012510e-07 2.900345717590976081e-07 1.727518575003344952e-07 9.483829858376589673e-08 5.796014879345040242e-08 3.456866532160314277e-08 1.623408180159007399e-08
2.781280929478475481e-06 2.756987997355381573e-06 2.616668535953603851e-06 1.812115611295013069e-06 1.311870347499640379e-06 4.044741689495776145e-07 1.475456393387676812e-07 8.817479192449402093e-08 4.375382735704354843e-08 2.502883625806419726e-08 1.058061321822935807e-08
4.459556975102944080e-06 3.115707143109661389e-06 2.388167465247244145e-06 1.811107038462070474e-06 8.358206995570255128e-07 3.698395497274960448e-07 5.187869740831376439e-07 1.460913631206858376e-07 2.750696962630675519e-08 1.230279628766677740e-08 6.842096771219207213e-09
2.007989642095822291e-06 9.827683315872493575e-07 6.230470973284435517e-07 3.929230331852199447e-07 2.484531450412744378e-07 1.771607325042687182e-07 1.336440896400996821e-07 7.707846230512346790e-08 4.535277717707497816e-08 2.369199333695765636e-08 6.557602627712545453e-09
3.266030742018852064e-06 1.941413982238299019e-06 1.204803307188514509e-06 6.319906140098551096e-07 4.403117057988140558e-07 4.642865149914426854e-07 1.115633997772174013e-06 8.891839363496108201e-08 4.191391333913973264e-08 1.712886992348365158e-08 3.956909809392213659e-08
5.772448052749085682e-06 4.236490435221550086e-06 3.191027079723097309e-06 2.308132554257146189e-06 1.471383084857447907e-06 5.613860596676379045e-07 1.863639876147929967e-07 5.853292747689003662e-08 1.208512419147944998e-07 2.586842147722798321e-08 8.757405599692611730e-07
3.328216165623945478e-06 2.434666445386566247e-06 1.928891376300201101e-06 1.504273563443646281e-06 6.698873615193282160e-07 2.886443032497812425e-07 1.594354405566453890e-07 9.254015328874799220e-08 4.628713155438918666e-08 1.050597199810699576e-07 1.358039773409556517e-08
5.165147922338298909e-06 3.295284928790459604e-06 1.655492176747973359e-06 9.541111915228992109e-07 4.117178876625478957e-07 1.843817323096945653e-07 9.966923372392531318e-08 5.240781245130563423e-08 2.865853139639712377e-08 1.801578539770489316e-08 8.541870309748314260e-08
4.171431224621648668e-06 3.132235819155883148e-06 2.388580347932102431e-06 1.812588319024684972e-06 9.354663578621850085e-07 3.131915346678616230e-07 1.484966274162546283e-07 7.639080765112215453e-08 4.264250898516307219e-08 1.143741368910704509e-08 4.615056279502746535e-09
2.375053004699899797e-07 1.289335693285335142e-07 1.251916756641159036e-07 1.843343160000135753e-07 1.112120069610600979e-07 6.652093949765060469e-08 4.286750211921873310e-08 2.683235852406004212e-08 1.779772178894578886e-08 1.035305677957477328e-08 7.244251586404480312e-09
3.677895958749003628e-06 1.629740623681945290e-06 8.499392665891360155e-07 5.286923574121160768e-07 3.317664151563048204e-07 2.317689704071229312e-07 3.175195547411342648e-07 6.833947358954914152e-08 3.326654404135141686e-08 1.875604086598094410e-08 8.528092845792139817e-09
2.832804746068958930e-06 2.990152699823529286e-06 2.662586069959026693e-06 1.856543765639370087e-06 9.069544279263230894e-07 2.893842758742158863e-07 1.472962613832516687e-07 8.046839709067281283e-08 4.157622979975904393e-08 2.296993669715475798e-08 1.294317509169770902e-08
4.913243825698175245e-06 4.957274538040818223e-06 3.642510432142991870e-06 1.800089787062492651e-06 1.036784241635726049e-06 4.789212766927795385e-07 2.006368045937488695e-07 1.038867081684624342e-07 5.669753101493981022e-08 4.131360772751947601e-08 4.226449887324104701e-08
5.552162362917942753e-06 4.047779967993558092e-06 3.030226891908260772e-06 2.013078327484057403e-06 1.084012677142322764e-06 4.088374030959345309e-07 1.485911118710771579e-07 7.046642617833855249e-08 5.018871305207521316e-08 6.349718391971638605e-08 2.238824790998013226e-08
3.391159515736544303e-06 3.335776510553544100e-06 2.651037498347446116e-06 1.765945345424599573e-06 8.190474038642541012e-07 2.490359224003552997e-07 1.154763365676714847e-07 6.413135835886434992e-08 4.605460410842302698e-08 2.112126645031805829e-08 1.030333597908479868e-08
2.034057533599108245e-06 1.356049370617395288e-06 1.030353816906200829e-06 6.516062924987607318e-07 3.859408072670010799e-07 2.349267237699867221e-07 1.340929823199221432e-07 6.711308713475584613e-08 1.328930944535985520e-07 2.049214702939425978e-08 2.146515780073114426e-07
2.249090216496671130e-07 2.072617085482029457e-07 1.212267485197562412e-07 1.542771704619489858e-07 1.100559849794961264e-07 8.893789206031733929e-08 1.139796387003346652e-07 9.207686129636590608e-08 5.589546984233403779e-08 3.961608999748977063e-07 3.168922571407147468e-08
4.150329438082592330e-07 2.433716637511126455e-07 1.392494046954004854e-07 7.432800976568728631e-08 4.929961942845414537e-08 5.722778762037826915e-08 8.059986710019323874e-08 2.942691832773032162e-08 2.027196537152196818e-08 1.516190073370762997e-08 9.951181951120040766e-09
3.838181899095775321e-06 3.072536517417147660e-06 2.087277814007899110e-06 1.178178734184308803e-06 5.234651116243675878e-07 2.714327279656578287e-07 2.656698586429391778e-07 6.914432503090742623e-08 4.277647177998193821e-08 2.953191135445912227e-08 5.876248316205707529e-08
1.402036708164978562e-06 1.327059323509828183e-06 9.485494311085914842e-07 6.761455384439255108e-07 3.432775636576974078e-07 2.420393619948611344e-07 1.369377431298867842e-07 7.436095910385250948e-08 3.800712219703989782e-08 2.655011828136396077e-08 1.018258351832909865e-08
5.179963679592997756e-08 4.259003683151049056e-08 5.902209076748135947e-08 3.480832101109813950e-08 2.839012494663878209e-08 2.217790090367476143e-08 1.693747722285214619e-08 1.187408688385469396e-08 1.128665101536664674e-08 1.015622034398790739e-08 1.089412860416355846e-08
1.777859288940260223e-06 1.311009974111543224e-06 9.128946800183466809e-07 5.019388758606292046e-07 3.102287493481994761e-07 1.970521021717713823e-07 1.777430223250051183e-07 1.159173199933105822e-06 8.786195997295614054e-08 1.961344225286914000e-08 4.581862966336187867e-09
3.574640809032958643e-06 3.161866287139294946e-06 2.076399282451188908e-06 9.750285809303378969e-07 4.840917348094011057e-07 2.716012651864915150e-07 1.441702631239972071e-07 8.812043523343202385e-08 5.959367871367941595e-08 3.556978791262322325e-08 1.928384816881951986e-08
1.731209639433782476e-06 1.474608367807363429e-06 8.730537677904297114e-07 6.740851590216680408e-07 4.486847242979684051e-07 2.652106668934421051e-07 1.833198851230156367e-07 7.127436320402297320e-08 3.503331680696989846e-08 1.971627116114562901e-08 6.461371316045656959e-09
5.633748606011607188e-06 4.459742965108384376e-06 3.193538198704770663e-06 2.596527676452377068e-06 1.537687622703994814e-06 4.326427036225041531e-07 1.442682682439486896e-07 7.276981178649900821e-08 2.724044298915431883e-08 1.424396682527902105e-08 9.027583275383670122e-09
4.536879786431134552e-06 3.589967483327107428e-06 2.565067347298749411e-06 1.574557727448704056e-06 7.321400663570241933e-07 3.023951982337662232e-07 1.474777730388285620e-07 7.044727770382302989e-08 3.827009942345315761e-08 1.980750055037837544e-08 2.446746479588187065e-08
4.894055181378850964e-06 2.735566604954335180e-06 1.682627943615693455e-06 1.054358240750047828e-06 6.375471780837122349e-07 3.802697486458172420e-07 1.660361531640328712e-07 9.323338909312401327e-08 4.879397296100850061e-08 1.403308091937766039e-08 4.612610989755430407e-07
3.512836201305978779e-06 1.477094475958936780e-06 8.732808429137364004e-07 7.365532874542228209e-07 4.456844710958670537e-07 2.910757833843793020e-07 1.680894544508811399e-07 1.264731879696369301e-07 5.251700708022465296e-08 2.298471166621515397e-08 1.082414140627895954e-08
1.116538582632762631e-06 4.104309532397382953e-07 5.816371085241766021e-07 5.253086189641976147e-07 2.084746250017098239e-07 1.030654266867545277e-07 7.429826969639825338e-08 5.189906793303292227e-08 3.640081222196407969e-08 2.591354539076070720e-08 1.746132204447281314e-08
2.286856238939871083e-06 1.046864337431072009e-06 7.843445314586787363e-07 5.380141758614368903e-07 3.509458665894041061e-07 2.144579497434268689e-07 2.444071453209435061e-07 9.614708594131610313e-08 1.307009292270070607e-07 2.320904094977646789e-08 1.160347539804019645e-08
3.046805056027470459e-06 1.538597182067880501e-06 4.522667103243213346e-07 2.129392733974466353e-07 1.568106106438508414e-07 1.113354604820445297e-07 7.227499784590283924e-08 5.930861284038048346e-08 4.796074037770170390e-08 3.731284754427541870e-08 2.534465789389162995e-08
1.468563547522068775e-06 1.097074559143777897e-06 9.042858411444463887e-07 6.927698027741738187e-07 3.767937623391646074e-07 2.724549645925265874e-07 2.948016638437567993e-07 3.454302123259518487e-07 5.244072889124574986e-08 3.143759606209680288e-08 1.269025044056428730e-08
5.090618085217981680e-06 3.225173883412647636e-06 1.302106159199781397e-06 6.303478062509191228e-07 3.765166506466148505e-07 2.133265924731440453e-07 1.151105634342249757e-07 6.266233683223963275e-08 3.945979771360360126e-08 2.629486074270647655e-08 1.210077863852641600e-08
1.944095404771700803e-06 1.222334633498945696e-06 8.687639807097106324e-07 7.112269888757556520e-07 4.669122688339659934e-07 2.916736870214828181e-07 1.832219977351028242e-07 9.936761098034654455e-08 4.771250615783560969e-08 3.393048533039801825e-08 1.880744835998619493e-08
3.775804857708961983e-06 2.832031762322501833e-06 2.163650118885911581e-06 1.284308288258344123e-06 5.635876866864135865e-07 2.745677786560808466e-07 1.856515026272611903e-07 9.059986190464750894e-08 4.382842871958355703e-08 2.641037024481484743e-08 2.352303846699927242e-07
3.954660696371039560e-06 2.837423259887158932e-06 2.427484383606162023e-06 1.304899105243957798e-06 5.471882678175414091e-07 5.441727417913555909e-07 1.889606821362330255e-07 7.577125886796938506e-08 6.915765702422319954e-08 2.652098343104864554e-08 2.126774404816510915e-08
5.693785367308666835e-06 4.036925841987706782e-06 2.666597528491321827e-06 1.458155156502967985e-06 4.702199129690111805e-07 1.113899381623894445e-07 6.717471728913355514e-08 4.394063698363692781e-08 7.709008533837182318e-07 9.270803258687071720e-08 1.566584584371368290e-08
2.035234620160514250e-06 1.333751816975187297e-06 8.458679358717985662e-07 5.817416148938790026e-07 4.887796246070899795e-07 3.889897282666430705e-07 1.928520414442811705e-07 1.163933108038941961e-07 6.949643225727524080e-08 1.186710941473203257e-07 2.449176126445263470e-08
3.558628193633425425e-06 2.804217023948749534e-06 2.538347343727601525e-06 2.028525539711087267e-06 8.160874173448102759e-07 3.755212879406585432e-07 1.505295130241615806e-07 8.240800996305793089e-08 4.172364493428775926e-08 2.356378767666585887e-08 1.225721569961370445e-08
4.855915785643649687e-06 3.285075473519332809e-06 2.419492201939380991e-06 1.507868099282480619e-06 8.069970695733371422e-07 2.410325711010437369e-06 2.092297987329256283e-07 7.449957556627498858e-08 8.619280022940921103e-08 5.700611606750873597e-08 1.301764731495581812e-07
1.424795845475666984e-06 6.612312053104894850e-07 4.659099422103462551e-07 2.640734517115954294e-07 2.620001563893227862e-07 2.426383954679463250e-07 2.008000808462592592e-07 1.757627348113228305e-07 9.250747269713569779e-08 7.071497833069838608e-08 4.682371250654640558e-08
6.265946423751183927e-07 3.872354760512734115e-07 2.354079525045583599e-07 3.529600071399712724e-07 2.207286712413065991e-07 2.077554426217827843e-07 1.607220595804320043e-07 1.074964079003955920e-07 6.415697312617170314e-08 4.695878578321529937e-08 2.400028813919036558e-08
3.051080335364315461e-06 2.599160426603817017e-06 2.027410174557980959e-06 1.196812114092991115e-06 6.354292169040408929e-07 4.343477234611368270e-07 1.963351509483193528e-07 7.962220136788541207e-08 4.424410316479964879e-08 2.249606087156964316e-08 1.234590833480006977e-08
9.746468802260247801e-07 8.457243460165686206e-07 7.313936120949059256e-07 5.057515883812491349e-07 3.976997275265840614e-07 2.698484247019711417e-07 1.782246307374617750e-07 1.054124746571221817e-07 5.956528160607875985e-08 2.749877527843352847e-08 1.538422006205877345e-08
5.896249793527236582e-06 3.662675174313022338e-06 2.705182332790598341e-06 1.579491672229690925e-06 6.114376435488221348e-07 2.345806139957958883e-07 1.438468487467096061e-07 6.676022157914412853e-07 4.850114671892891405e-08 2.506354838282746275e-08 9.799394765959012149e-09
3.467232488311709532e-06 3.089614600498099472e-06 1.923964193881334970e-06 9.381614090962504254e-07 3.800811478922762901e-07 1.993532193664772737e-07 1.244269759137406515e-07 7.634418914007608438e-08 4.518015896724261473e-08 2.861995120800975052e-08 1.842657927552373566e-08
1.475823220571929216e-06 1.039402397113782005e-06 7.032588304259213621e-07 4.389262569168659413e-07 3.338949147432831295e-07 2.246893186069646425e-07 1.615104005768125660e-07 1.286651680863577992e-06 1.330663145904576506e-07 3.411509589662764475e-08 2.784397565129398914e-08
2.356891401188540088e-06 2.058121883932293282e-06 4.193476816093076564e-06 1.014241819641349990e-06 1.033254244194913035e-06 4.458985004900008316e-07 1.522555867839969843e-07 8.493717878850928230e-08 3.814405463562063536e-08 1.750219677117859888e-08 6.887131382851064844e-09
2.258164004005134831e-06 1.580510566047723687e-06 8.534974591318279266e-07 6.605489580396202846e-07 4.552032600736206296e-07 2.421592900345674786e-07 1.377919322897572778e-07 8.522884857142825828e-08 4.696851527835036189e-08 1.778347332848601397e-08 9.032017573342012057e-09
6.190683041977476521e-06 3.668664708560650269e-06 1.978548693103191604e-06 1.231208161511971090e-06 4.433054067446887374e-07 2.166244007775413483e-07 1.392209865106987445e-07 7.466704034536937507e-08 3.855796420453425876e-08 1.564128964657623137e-08 7.959246877499345277e-09
2.723674392316825402e-08 4.619278682981193369e-08 2.035040602563814276e-08 1.215628624649353263e-08 1.767886670969653659e-08 6.328216415374442894e-09 8.902653963470772016e-09 9.823553327258611164e-09 5.970714247255882976e-09 5.615010986222610762e-09 6.794406718007258811e-09
1.085927268088852353e-06 9.006469785144065542e-07 6.364381260336696439e-07 6.773328771388172633e-07 4.396193107638764938e-07 2.843618088314759502e-07 2.032243902502703425e-07 4.911409214597574616e-07 8.262956492478551548e-08 3.419284816705181639e-08 1.763928698176765104e-08
3.067270549140367384e-06 2.572365842084422189e-06 1.193223025353531278e-06 5.769459022526185755e-07 2.888338597195584547e-07 2.094706302664119174e-07 1.221759137671288588e-07 7.387172479203170261e-08 5.020601194610908075e-08 2.617840995928742381e-08 1.601323476487426954e-08
2.924786196841669368e-06 1.626398361873312875e-06 1.117902688708423134e-06 7.745111485354982000e-07 4.312768698574018009e-07 2.168678717967063146e-07 1.314342645795724894e-07 8.412073066316588010e-08 4.433970818138840474e-08 2.350458750621780771e-08 1.468885060118007446e-08
3.150609145626613364e-06 3.244658750683900447e-06 1.728567368490894617e-06 9.048056645151380237e-07 4.690389885551684272e-07 1.784461362426796499e-07 1.152625302747661527e-07 1.014010579973912654e-07 5.860569704075064542e-07 4.074378889685742501e-07 5.472399100006590444e-08
5.779713292414132461e-06 4.619728776403639352e-06 3.155203568374114239e-06 1.536337173735791336e-06 5.715430456020850239e-07 3.082369784795870989e-07 1.759710792273277644e-07 1.044319357527486850e-07 5.453141320064872112e-08 2.752452451287753018e-08 9.738553511914549401e-09
1.624953906584559231e-06 1.072836643408558681e-06 6.560018484829112490e-07 2.946351448840013401e-07 2.933398991318583162e-07 2.033477865620058511e-07 1.474413885223052458e-07 6.561509096240987173e-07 3.360314463472101637e-07 3.223487195215263349e-08 1.278663945778455605e-08
1.889292874796162526e-07 2.717767741507307965e-07 1.121160469289275512e-07 7.741525808342785325e-08 7.026317877557580100e-08 2.085403172765750625e-08 1.508512938682322523e-08 1.205680721362223511e-08 1.018882707575986482e-08 7.560982086088047906e-09 1.280971050032365353e-07
2.928385352020151767e-06 2.636824909798364912e-06 2.102741612835875795e-06 8.068012625677686960e-07 3.754130463941236192e-07 2.342296173588800651e-07 1.663765474153650845e-07 9.912704128032384792e-08 6.456941955399472443e-08 4.007612646308297885e-08 1.956936254430034408e-07
2.693425664422713744e-06 2.491071105973598162e-06 2.094413258201148128e-06 1.309061963966517821e-06 7.408322160176461733e-07 4.138970082148503501e-07 1.472706686273042982e-07 5.874353810841343248e-08 3.882372082077725607e-08 1.034092828018405767e-07 8.882550780087321954e-07
4.845360425924453590e-06 3.053430118116060928e-06 2.589845411661487676e-06 1.553521795781477048e-06 7.042402373609139868e-07 3.298522036447887464e-07 1.826994821613377951e-07 3.655319630350674207e-07 3.540393235684368014e-08 1.419596507895106813e-08 4.501053526099325691e-09
4.635777988275672727e-06 3.249448035751415675e-06 1.964908624054579384e-06 1.258608774608045108e-06 4.092416308111706978e-07 2.775798141230782167e-07 1.166064312959783725e-07 7.997358906957718218e-08 4.881598435631742581e-08 2.959540705833064136e-08 1.763824614780776994e-08
3.961413485525391234e-06 2.096968893936040146e-06 1.032711166141977898e-06 6.192484030727148868e-07 4.306806367534069215e-07 2.315059552557967279e-07 1.512920605264626958e-07 8.479058300058288187e-08 5.633555574116944877e-08 2.549566228207468380e-08 1.118350377879462288e-08
4.973379180458379469e-06 3.005473946103473968e-06 3.772777937168180952e-06 1.460706498272420523e-06 6.415107728575074887e-07 3.364160159132701175e-07 1.980762259073496359e-07 9.344425965037925277e-08 4.731318442209205601e-08 2.724034494817444979e-08 1.630656367749852005e-08
2.930518243522027615e-06 1.848226736010145912e-06 1.838477105872447446e-06 1.151014222037828912e-06 5.365613800633777165e-07 3.298912533753087485e-07 1.850819504061162131e-07 9.627890146529014966e-08 5.354577772332731925e-08 7.191283354185500316e-08 1.396685516598342362e-08
3.749758692916443222e-06 3.150311988353477869e-06 2.954680328877132326e-06 1.566314983898447607e-06 6.044241982970270220e-07 2.447122716269326583e-07 1.195538943527983007e-07 5.267918790694861172e-08 3.612768725699751921e-08 2.359081824063103185e-07 3.997457446308705984e-07
3.243726937527040154e-06 1.761946700143783226e-06 1.172557601152316898e-06 7.806588304526168676e-07 4.912942174020084524e-07 2.655883994722783079e-07 1.661306276585095032e-07 7.184702725531202782e-07 9.514741930552124654e-08 2.732146921480751659e-08 9.760051990523454359e-09
4.520868180120235875e-06 3.229515973759197305e-06 2.097534176505142204e-06 1.166500833044435270e-06 3.979086462499422234e-07 1.995464513009543800e-07 1.283962261498542166e-07 8.202272019702070668e-08 4.709121487773185318e-08 2.727065194874584253e-08 5.794520856244876368e-08
2.298671353437867184e-06 1.737094613216678761e-06 8.836104555043543519e-07 6.355278266958101723e-07 3.045037864359768869e-07 2.533344815293677541e-07 7.664133876620215190e-07 6.971725340422842775e-08 4.900103471948439747e-08 3.083701391892273217e-08 2.327282870609840495e-08
3.999641038286371463e-06 2.849611585096435750e-06 2.325561039235695425e-06 1.777374349175050304e-06 1.111822187310482049e-06 3.165686369001907337e-07 1.600834280541129205e-07 8.637781387212245117e-08 3.577033929972413128e-08 1.378200432442507877e-08 4.840094025111980013e-09
4.436915563327259279e-06 2.966245606623627714e-06 1.806592866492140912e-06 9.788002340589505864e-07 7.130396959996235932e-07 4.209824354602280400e-07 2.456883490670699397e-07 1.486623520922582904e-07 1.034636264976764572e-07 6.676342426128994739e-08 5.625663680050756013e-08
6.112252764876530952e-06 4.127840005739240230e-06 3.025849078670050757e-06 2.089802838454290673e-06 7.968568531136256806e-07 2.599971150540349472e-07 1.506909045070986988e-07 1.036894866659981032e-07 6.888158717129546468e-08 4.229363113207214280e-08 3.012399906300538968e-08
4.730253214903391298e-06 3.374666089182994033e-06 2.113709785986902658e-06 1.276376152372333518e-06 1.003664131668337403e-06 2.897696564870814288e-07 1.064228917847063450e-07 5.455149119283668305e-08 3.276831421872688292e-08 1.968412398624988182e-08 3.471565264317680477e-07
2.437829475031081941e-06 3.042445908933960089e-06 1.866607023264833967e-06 6.626838238760161911e-07 1.924417597360534956e-07 9.485149054861912139e-08 6.156260821336955905e-08 4.216556502217133769e-08 3.262410232147578520e-08 2.189734497455604175e-08 1.931151311830619496e-08
3.455342464080182747e-06 2.675206352461186980e-06 1.681503373536267116e-06 9.062857374992050535e-07 4.172672509546724189e-07 1.758773545477353584e-07 1.077468349104303180e-07 5.433581301147713191e-08 3.685229742975976497e-08 2.395927578201035849e-08 1.130046023605969115e-08
3.313872503661377342e-06 1.661885789602351107e-06 8.527876336557620468e-07 5.582278530738171581e-07 3.555018823675850598e-07 2.586680335853961541e-07 1.389963306595591338e-07 8.698817830553070830e-08 5.244569645001312101e-08 3.655439358766399482e-08 2.890196556664250113e-08
2.182597554677532222e-06 1.215433226494921855e-06 8.996908760946179009e-07 6.028569866728363983e-07 4.135547722905434114e-07 2.479223032358559027e-07 1.347420099887415421e-07 7.616977763807908915e-08 4.233012159121085022e-08 1.927564291570678044e-08 1.168948129431467437e-08
3.846567270126439794e-06 3.218659862931968408e-06 1.980771567733336179e-06 9.036674727713074403e-07 3.593923172348912143e-07 2.570059192116792139e-07 1.539687898607400011e-07 8.211933165170171534e-08 5.178767622316633747e-08 3.062819090202956142e-08 1.540913287150750925e-08
6.313265782195983880e-06 3.883833171559774566e-06 1.760426147285967846e-06 9.877993146772934117e-07 5.794651113814565100e-07 2.933130443277989992e-07 1.570352337283005550e-07 9.636322333246646920e-08 5.173681894487446104e-08 3.010556883105896432e-08 1.921270589724006418e-08
5.393470208858957941e-06 4.105107495533428808e-06 2.756684092398922984e-06 1.462525567481712369e-06 6.148815485646977164e-07 2.110128385671692178e-07 1.406104223515209316e-07 8.417548398303768194e-08 6.186991893963138758e-08 4.789109529549721332e-08 5.949222723386427854e-08
3.030754220902036526e-06 2.564848398579107962e-06 2.260362947532020066e-06 1.398044902902873844e-06 8.442460235296497868e-07 3.317901427011606594e-07 4.233248531451640135e-07 9.916588308799924730e-08 4.770619195256259360e-08 2.103537749512694235e-08 9.575355015480968439e-09
3.776726000123139598e-06 2.118570180218006973e-06 1.171741389754854632e-06 6.842081925004433869e-07 4.625561249753990461e-07 2.400873767985874125e-07 1.408099559502105836e-07 6.437965148849727060e-08 3.894376397576632656e-08 6.006746312307775496e-08 8.038711410599938291e-07
3.329865317253116266e-06 3.548675861130318988e-06 3.109546149010264823e-06 1.778472978044397886e-06 9.401744743940818247e-07 2.430070142662058038e-07 1.013806285535486573e-07 5.637761214906758706e-08 2.856326611071054917e-08 1.385244751739176944e-08 3.799743068985794780e-08
3.840654285329198934e-06 2.744866032214198320e-06 1.559344748096184354e-06 6.136825411612908816e-07 3.382805260816554431e-07 2.104357531199359443e-07 1.291633545343623454e-07 8.159570740671947358e-08 1.941933056400825672e-07 2.221504852389330520e-08 8.230958204438091293e-09
1.912268714644772177e-06 1.095722783549921640e-06 8.586811727446878885e-07 5.414120585343387999e-07 3.323857915020299217e-07 3.856849822884432694e-07 1.000920128354886880e-06 2.645036374472183918e-07 3.890579640768249525e-08 8.844819477083018528e-09 2.165577219321447515e-09
1.327064259561823842e-06 1.605498159865384249e-06 1.053804017341500430e-06 4.968037867607397957e-07 5.661697091879205029e-07 1.657296929634898761e-07 1.316073063884781287e-07 1.002814625727199027e-07 5.620198164484513702e-08 4.732825785870089679e-08 2.788014002219175745e-08
6.251276297019406655e-07 5.858310429523834312e-07 4.090603866687424203e-07 2.105560211324235094e-07 9.448079863504244400e-08 6.014193190633671298e-08 4.132023210046383487e-08 4.871035613164280182e-08 4.889309336401023161e-08 3.240535955485638660e-08 1.992273023120290622e-08
3.777206204438616186e-06 2.997836360370252594e-06 1.880191089076999090e-06 1.181404745516359104e-06 6.334314736546967239e-07 3.989152793805156833e-07 2.265639032628309704e-07 9.899220199658200582e-08 5.636121899388780155e-08 6.462136609324847837e-08 1.268271752376094715e-06
1.595925175254081447e-07 1.055332282698482751e-07 1.137957847081018680e-07 1.763808435703362769e-07 9.170304949998792140e-08 4.097483060701115333e-08 4.018857396110752264e-08 5.331383538651811469e-08 9.974318382233280208e-08 1.222697847154745755e-08 8.930856019669131854e-09
4.084192556629391537e-06 2.658169901521420986e-06 1.473472117042185339e-06 7.902310057746882823e-07 4.230265832236669273e-07 2.289149678930668799e-07 1.192456162817971326e-07 6.500373223352232310e-08 5.299422523396570975e-07 1.066106812883644873e-07 9.191308885461923785e-09
5.059503908878767669e-06 2.803607683639812857e-06 1.412647527474691838e-06 7.838551280269244126e-07 4.835059294141825104e-07 5.843894522610806786e-07 3.129513542040105799e-07 9.520006925387953519e-08 3.847551508428833541e-08 1.373437192877202858e-08 3.963768196310553299e-09
5.276691259875497037e-06 3.479458648210476063e-06 1.806999727276831950e-06 1.395680702865305691e-06 8.348007137127239916e-07 4.340647887514617579e-07 1.752036386721226509e-07 9.178418487248099563e-08 4.948675845262523134e-08 2.102095591975555219e-08 1.418842348898973509e-08
6.558241153159262359e-06 5.629338564490094283e-06 3.765200479234491446e-06 2.051776787031815575e-06 1.050438900102512594e-06 1.859747087575121483e-07 9.343690215009477430e-08 5.214365843695192207e-08 2.976116180745964669e-08 1.672678535212630588e-08 9.772067437096237793e-09
5.846816819458209033e-06 4.287121015743467605e-06 3.277556956252006593e-06 1.751010959821611892e-06 5.392742297297136684e-07 2.028372001651237685e-07 1.179600244680779636e-07 6.303156768109953285e-08 3.609307018708488189e-08 1.927161344428190439e-08 9.992420705001247648e-09
2.797458293240051373e-06 2.196461200909548559e-06 1.936186985375545077e-06 1.278160214283608217e-06 9.326554218765999568e-07 4.999668769189484728e-07 1.902278898271469650e-07 1.093044858093715427e-07 5.321703205076653881e-08 1.967131626880998156e-08 8.666840274480724871e-09
1.116074187155885464e-06 6.637266906534619225e-07 4.060844452323960074e-07 3.247909077410585309e-07 4.592403762362000762e-07 1.652295377468732685e-06 3.246357636753320730e-07 9.411792721750026919e-08 4.854834781157508975e-08 5.112252143600714250e-08 1.979483057421172905e-07
8.080882339602882890e-06 5.607661523647903106e-06 2.990310563647968635e-06 1.371465243411476258e-06 6.051945008122341867e-07 2.793370207782990839e-07 1.292707975335613776e-07 5.435217353000625793e-08 2.958640725711279637e-08 1.598778364977216334e-08 7.255937270548941981e-09
5.789574213682734778e-06 4.142024261505678802e-06 2.421981122849373491e-06 1.525457816355165277e-06 6.997157411561384309e-07 2.547857362873356096e-07 1.200688118021981077e-07 6.510025182675147576e-08 3.017345632493656374e-08 2.034995859783417674e-08 4.138011050524095791e-08
4.227947164690432847e-06 3.165673447708119922e-06 1.969616883531915621e-06 1.342036083837736705e-06 8.042462840034078635e-07 4.068649370476479265e-07 1.119180479590357517e-07 6.173579251844028388e-08 2.338560136719199438e-07 3.467586143416047524e-07 1.237052861103027878e-08
4.145122228801074718e-06 3.056582854779919504e-06 2.072612520900567082e-06 1.212477103737544292e-06 5.989366513727106595e-07 2.607999910092380852e-07 1.390370278019151234e-07 7.031111007000843982e-08 2.680441430180854873e-08 1.750891908427589593e-08 1.047879785837589851e-08
3.682943730478174187e-06 2.578984737984040322e-06 1.290631787791477731e-06 8.237630452999483894e-07 4.462483845511002588e-07 2.535534007517863580e-07 1.414497575561070453e-07 9.955267129486874149e-08 6.709113321583973893e-08 8.411932756155276978e-08 1.548939356525778065e-07
4.315433552680993272e-06 2.820525208874141283e-06 1.870314684158888155e-06 1.419099352769532900e-06 7.897218926249702778e-07 3.992979102564955236e-07 1.893463260406871994e-07 9.424763899609687087e-08 5.559921065206353992e-08 2.228013811829865559e-08 7.627981921855456515e-09
3.077264315352197144e-06 2.523060488176720572e-06 1.378344936306658489e-06 9.203442399152480764e-07 5.058385943422785135e-07 2.014041916494381595e-07 8.602172882142042481e-08 3.919664792363279044e-08 8.859719075149998907e-08 2.783649559084822630e-07 6.991690641870808577e-09
3.021988306407221220e-07 4.055417472618155561e-07 3.387138740432115092e-07 3.279435872856745659e-07 1.639144557111461025e-07 1.032588298718905718e-07 4.440037830493891712e-08 4.079560412532116125e-08 2.490660106009974293e-07 2.285187676334807921e-08 1.626338462221490311e-08
3.007606093924440097e-06 2.532288387839679217e-06 1.659180086135277203e-06 8.206730646561802776e-07 3.263351207823130941e-07 2.410331840005099048e-07 1.749404073070109009e-07 9.493045292925802428e-08 6.570348812677522219e-08 1.551009384288075699e-06 4.211765745752674586e-08
1.803717584389983318e-06 2.525447605355482992e-06 1.847516624871937885e-06 1.287634764149244948e-06 7.201566547421778884e-07 3.638829970582722329e-07 1.360283938752173615e-07 7.700908451851336127e-08 4.013132043307935641e-08 2.059560218092510276e-08 7.721244393687386315e-09
3.814794048213369183e-06 2.723491375278998256e-06 1.482575395943025712e-06 5.529367074226312110e-07 1.615487981497619843e-07 1.015486534705283145e-07 2.607732762480388256e-07 1.004449874218011395e-06 4.758798743693647472e-08 9.671738400194897822e-08 2.020736371910597495e-08
7.604982056365265332e-07 5.801320845607601467e-07 4.062415725295713529e-07 4.092743661716392295e-07 1.952394573887320686e-07 9.937045222764478402e-08 5.267013423720080120e-08 4.654423416932454461e-08 3.042494886039850456e-08 2.504277381822563639e-08 4.593883642323050136e-07
2.384218494446858518e-06 1.249338395453676237e-06 8.661446813979873626e-07 6.900738803020768080e-07 3.377217863963539298e-07 2.718614616045591315e-07 1.873289153178109495e-07 1.007079717407347642e-07 4.678585013311963647e-08 2.435317888037141323e-08 1.305585209276096237e-08
2.068475865240278881e-06 1.520454848411512531e-06 1.272032210768834454e-06 6.186046655461537967e-07 4.685629562587516091e-07 4.163832546191004190e-06 2.506690969446301054e-07 8.305988215716679071e-08 4.482994333458053883e-08 2.988039345885833747e-08 9.787616737338998963e-09
3.303016973863808035e-06 1.915044760605728120e-06 1.161731667065861073e-06 6.250853447341132305e-07 3.375946456339508599e-07 1.963310732356285911e-07 7.900535669393677729e-07 6.729041402538191730e-07 1.086610197950902123e-07 1.425007266658395158e-08 4.714989344971293884e-09
4.760054707942155262e-06 2.698206645956468040e-06 1.972594272346557967e-06 1.152492371847716652e-06 6.122579803829466486e-07 2.777567688303868398e-07 1.367666654275467081e-07 7.688897565482537878e-08 4.976496348845512874e-08 3.112111377802264270e-08 1.251470561951085061e-06
4.586913998388414827e-06 2.427063739663908117e-06 1.484888461798345632e-06 8.832178183208227446e-07 5.318152938505414953e-07 3.108609031800623291e-07 1.839627324239241329e-07 1.192916388175014521e-07 5.735688679569808411e-08 2.466335362165996003e-08 1.186912722360907417e-08
6.897225031072099089e-06 4.091881386911025203e-06 2.642244700198354606e-06 1.612982312846173689e-06 7.418222402669163150e-07 3.136395207624674548e-07 1.307888133919013170e-07 7.217813011637491006e-08 4.651792485776692824e-08 2.776793385988729365e-08 1.451159225572990598e-08
3.880128632156131907e-06 2.165197349613766060e-06 1.435903880251401476e-06 1.029463201521396927e-06 4.555292315919455008e-07 2.579699781688362181e-07 1.292764092824922910e-07 7.292139913223076315e-08 8.285577116549900218e-08 1.850150897291373410e-08 9.921148820607310140e-09
2.722489191754347266e-06 1.922206024873250981e-06 1.140072693371935812e-06 6.336890110931099025e-07 4.308731395670873382e-07 6.345636858036428499e-07 2.091814104499612166e-07 8.287825432309595742e-08 4.187310070283254880e-08 2.149373681451232723e-08 1.263652072583822920e-08
9.004131413446981647e-07 7.662064230339719219e-07 5.681211717636752111e-07 3.754173803193938712e-07 1.499947188794853175e-07 1.418226385403483063e-07 1.357251820306731586e-07 8.618708066183148475e-08 5.555659078400011114e-08 3.514360648745869340e-08 2.562082783870753589e-08
4.523890857292964322e-06 2.488409746730907441e-06 1.776226618013564629e-06 1.243546323910308046e-06 4.690864322410693473e-06 4.539639304493396349e-07 1.985059055398797063e-07 1.060362412586288692e-07 6.834920558550813793e-08 4.636951414983189782e-08 3.477401085230930154e-08
4.069375562369183997e-06 2.808567838700626798e-06 1.975191651158917834e-06 1.491417030875380357e-06 8.584834436929474806e-07 3.363067695957473928e-07 1.647062868481649517e-07 9.233534782829779680e-08 7.377153051198996113e-08 7.031319894404838794e-08 2.628256662542727592e-08
3.127940952946603419e-06 2.411118894007512989e-06 1.577224892932845850e-06 7.494404975876810101e-07 3.276588856607852144e-07 2.215955941538889764e-07 1.529358692198692275e-07 9.015029388571793525e-08 4.835533169085267290e-08 2.567074967863949997e-08 1.217373712971269083e-08
3.960375323732389340e-06 2.795612607333362586e-06 2.241346027293969379e-06 2.072169256945677670e-06 7.507109515645127167e-07 2.868445351895922111e-07 1.611828625856323830e-07 1.126240165705328406e-07 8.992084433508639760e-08 6.958066924923394881e-08 5.470136598433518986e-08
4.603717641831856240e-06 3.154208940307482746e-06 2.019584530821362030e-06 1.460181556488285718e-06 9.412368516391051407e-07 5.040243696371701080e-07 1.992023770575289727e-07 1.741906408183857029e-07 1.180271112650849294e-06 3.346224433335588838e-08 1.906130297588699533e-08
4.965576297798859047e-06 3.560925015949482297e-06 2.394767358993481868e-06 1.163067394825339184e-06 7.129384100072735575e-07 2.693969019715915228e-07 1.143206529124057358e-07 6.910658197346837751e-08 3.804595669963321466e-08 2.885985575750121908e-08 9.810054444156281464e-09
3.435267416080929683e-06 3.177699580464860831e-06 1.894104277655120643e-06 1.664551441459042993e-06 1.157913403559715963e-06 7.149867255675184839e-07 3.185366698608635453e-07 1.142965995066664643e-07 7.131788353553960129e-08 4.445304707208370770e-08 2.566280545323337417e-08
4.637542445445327343e-06 2.223278934048393518e-06 1.484788161724833512e-06 8.903026785173945627e-07 5.387422064180664788e-07 2.844721802176266654e-07 1.531832556793201337e-07 8.489054998120658661e-08 4.887066859245510522e-08 2.741395870350229751e-08 2.067314281434848509e-08
4.705496733429502452e-06 2.884108088143839067e-06 1.251380438049759983e-06 8.099147060546662910e-07 4.889859339219462389e-07 3.080932438875631688e-07 1.815925540197889929e-07 8.817586558816121083e-08 4.875510439253752295e-08 2.739424895569332478e-08 2.220310110121901061e-08
1.816971769609058731e-06 1.589169506559101557e-06 1.551388844605668857e-06 1.296128153803352222e-06 7.283194420165905038e-07 3.074709910058870192e-07 2.771608877393114427e-07 1.309437878019735269e-07 8.195013601688450955e-08 1.715317571450503512e-08 4.872880651869318200e-09
3.385194571399598068e-06 2.333094528254135510e-06 1.299431571380271065e-06 6.452081868900350391e-07 2.136049127162775674e-07 1.163550839827442173e-07 1.227228216679735098e-07 9.431152927197189309e-08 9.955925643310776175e-07 3.961571339128365392e-08 1.413483805557700654e-08
5.340221666865472595e-06 3.501185940709170569e-06 2.038370364759473356e-06 8.615577371232179260e-07 3.239232303498113413e-07 2.140008823357867372e-07 1.312026182502276453e-07 7.428227633958592276e-08 4.301706354132079442e-08 2.459494796825897837e-08 1.254647658964277563e-08
3.213577004978605584e-06 2.041399027615834053e-06 1.710631497033788981e-06 1.137790434257193467e-06 5.433274978124468532e-07 3.683599034133418773e-07 5.168118690981008516e-07 1.022428620257067301e-06 2.266958151294199948e-08 8.317484858332556752e-09 2.122404005551296922e-08
1.578308962667986166e-06 1.370212888065948271e-06 1.098781943725625601e-06 5.523153260355374766e-07 2.810999333290358422e-07 1.428914430142392304e-07 1.167016689335727104e-07 1.438385112759471189e-06 1.645729285979883772e-07 5.282547428999753965e-07 2.319938786405707113e-08
9.786322092696970788e-07 4.357818587917925473e-07 2.498410262533443073e-07 1.931905302931850112e-07 1.370937990384167909e-07 8.915178848622428323e-08 9.744168746397493232e-08 5.743890388657243320e-08 3.131330114169621483e-06 7.349639959853868831e-07 4.653950280874223913e-08
3.197126486087970725e-06 2.744215244290258019e-06 1.374982123683239876e-06 7.483839014022841614e-07 4.091493627249959833e-07 1.821666764025446875e-07 1.365303621062720179e-07 1.707055655759598291e-07 1.084831051854615991e-07 2.548544784057078710e-08 9.876995244690702204e-09
1.096675569276012268e-05 7.698754959020840898e-06 1.041481220621658402e-06 7.823957251352276141e-07 5.167567852983417467e-07 3.378655814116053952e-07 1.519985280202920690e-07 6.872762920290017396e-08 3.173747317895442768e-08 1.340539011599904472e-08 6.969900651052558681e-09
4.088625156805655708e-06 3.280012351200352467e-06 2.521289129670231506e-06 1.644546778166369504e-06 8.129544209797701336e-07 3.294451154834412388e-07 8.895440903703206043e-08 5.033733832784998307e-08 2.163724864545556680e-08 1.038172057401770956e-08 5.810214457925280693e-07
4.813201571924898795e-06 3.507354541258181815e-06 1.773108566428139116e-06 9.911851051767554489e-07 6.464381776877905032e-07 3.134117920168611313e-07 1.564112413884247564e-07 7.282211857928754631e-08 4.088900786602228308e-08 6.013677896089629729e-08 1.247829482844292529e-08
3.218270212685477618e-06 2.558694933782181456e-06 2.222075770675091464e-06 1.414570610624094600e-06 5.344161667076051889e-07 1.899413319110394183e-07 9.965394202186831437e-08 7.809105885070006346e-08 4.523892027103407225e-08 2.663382893918237650e-08 1.533300593473373672e-08
3.957008315041014358e-06 3.273914138715619115e-06 1.724711525884399346e-06 8.938230742302652447e-07 5.206763490673476081e-07 3.141693049732684147e-07 1.770223078489843892e-07 9.337440649783520059e-08 4.407112582245085487e-08 1.821050079773802806e-08 1.063956412837444866e-08
3.412453157751430196e-06 2.259635998160372418e-06 1.321690296400106323e-06 6.926033603597361173e-07 3.480896592476245459e-07 1.562047449525923497e-06 2.770929832681295198e-07 7.551234342818706123e-08 3.723153703004402714e-08 1.486461558032475076e-08 7.057038422567531663e-09
2.874527712365330720e-06 2.826169272695322213e-06 2.782969127202524520e-06 1.564124609576318037e-06 8.667652798672937097e-07 2.688849277045454241e-07 1.557761672875306825e-07 8.295173771112948818e-08 2.996135712667917451e-08 1.264481699691515528e-08 4.661618390880777719e-09
1.283511461456314690e-06 9.565985109703259755e-07 5.396527455088923090e-07 5.613770116192185376e-07 4.479417773638525980e-07 4.548776221464945175e-07 5.093246089841615964e-07 2.122904784248421238e-07 1.285442857207219823e-07 1.697788138688981940e-08 9.569948965996907181e-09
3.239964238532322068e-06 2.160245671816964817e-06 1.345401781922309049e-06 9.982643043171513061e-07 9.075668015370282681e-07 2.604428590724333504e-07 1.161975681622030777e-07 5.980874089610500654e-08 2.621308538008120163e-08 1.070028783501215546e-08 5.547740620422185525e-09
5.499187201828858011e-07 4.048217955789811599e-07 2.924637305463460357e-07 2.825566588939027846e-07 2.251535170826872245e-07 2.105548616442908406e-07 1.224377080182950386e-07 9.809240342298455869e-08 6.711016042297780844e-08 5.034012797085693203e-08 3.177178723457046510e-08
1.358041740657165604e-06 1.081691262034518517e-06 6.727358688206067044e-07 3.590520730490427624e-07 1.900377170615318646e-07 1.333299538415727661e-07 3.565365244427735348e-07 1.336593681000725528e-07 6.110491232219086072e-07 3.871207600848190394e-08 1.217079585610435191e-08
5.751826767335080239e-06 2.862963421909669476e-06 1.587834494085537670e-06 9.818578556938652300e-07 4.619325932872942433e-07 2.487630187004460090e-07 1.298431912042073729e-07 7.937352202074506084e-08 4.402023936759288339e-08 4.316362326952195720e-08 1.586167892703385250e-08
6.163574693951989804e-06 4.375968242915984715e-06 3.323502437986902096e-06 1.392505654416137312e-06 7.749710248614465025e-07 7.245761569500550494e-07 1.592290025877666010e-06 6.331146345045556469e-08 1.970629955118223294e-08 6.938999878062079202e-09 3.023442590892072738e-09
3.885529472031045957e-06 1.828718105952966581e-06 1.120001813414661574e-06 5.284193918505057069e-07 3.950126202876859686e-07 2.581932076488426407e-07 2.335077888976473754e-07 7.134846945512122370e-08 1.942319202053814447e-07 2.108724003747383135e-07 1.599369357187803210e-08
5.267996791439641555e-06 3.857381356052115645e-06 2.807270778045693067e-06 1.641584493612203497e-06 7.973712677652993924e-07 3.025373509429725346e-07 2.114117001161460422e-07 5.881719197981436265e-08 3.978309361684020250e-08 2.186324372654723536e-08 1.511715689138613255e-08
6.224323943105370464e-07 5.045738572927272145e-07 3.014748761011083292e-07 2.591905686727455712e-07 1.890335869492808396e-07 1.200697675816118556e-07 9.161128121624438714e-08 7.046588541764821304e-08 4.475805835006887841e-08 2.816602704302099618e-08 3.756138259663151624e-08
3.205021677199962017e-06 2.199189273407117066e-06 1.750586283621258986e-06 9.622304795100161117e-07 4.475244226454348970e-07 2.299702638814460050e-07 1.032329664354112426e-07 6.796760453623080286e-07 4.417176340683465005e-08 1.676722132290105436e-08 7.206536707490377696e-09
3.798825823510038479e-06 2.235606676382782558e-06 1.408658807972872955e-06 9.444312565910406354e-07 6.225641861296366738e-07 3.978002402633637181e-07 2.133330462410906999e-07 9.113044513567835523e-08 5.794074757960296498e-08 3.610940409743495995e-08 2.639423656755146542e-08
2.437459358824036973e-06 1.940706234802270925e-06 2.386922425106360548e-06 8.489408164330878127e-07 4.080430216058954188e-07 1.990139071175566236e-07 1.329193761719356856e-07 7.771864261951760237e-08 1.662284287574149444e-07 4.464643411427802010e-08 1.602042227736008364e-06
2.996693720291221068e-06 2.570106980937767203e-06 1.945767812572607603e-06 1.323707993692531396e-06 1.111094449195137674e-06 5.734952047313791349e-07 1.447851366066891214e-07 5.062353398812252109e-08 2.406459821909633635e-08 9.911018000481410172e-09 1.465467624458068393e-07
5.121975173690424056e-06 4.286642047127576208e-06 2.402440137429050860e-06 1.372676638702610403e-06 8.064999114866008640e-07 3.503937044066126001e-07 1.838581587904542649e-07 1.070515017081091953e-07 6.355039813131237893e-08 3.774529998214485766e-08 2.625000190809136734e-08
3.808820911888567213e-06 2.426334547251955905e-06 1.628323743774581545e-06 1.052979915754088451e-06 6.914943050794820306e-07 3.701459032044909887e-07 1.266600885473452037e-06 1.872603922410866631e-07 6.493093678192693138e-08 1.745515986235485430e-08 9.197338544937933368e-09
1.068851695335585189e-06 7.976076158460714431e-07 3.905062882403542829e-07 4.252472414501994642e-07 1.273497227239946714e-07 4.827280606669459596e-08 3.621951351366426090e-08 3.240072972190811836e-08 2.573945168914586152e-08 2.236139618146875687e-08 1.620211232616373220e-08
1.134176399544281477e-06 8.455535080467161080e-07 4.706539599824238686e-07 4.574644774535531181e-07 3.026065645228982251e-07 2.258546195776744061e-07 1.480774516770104635e-07 8.054925987154425633e-08 5.137506000044540142e-08 5.754244861876495823e-07 2.055214583140553107e-08
4.804241555609209350e-07 7.178367027107130283e-07 7.006152843700553292e-07 3.660470032616314901e-07 2.081641549006633014e-07 1.551984928735437508e-07 1.200511775100513192e-07 1.369332532654810010e-07 1.003450487544789591e-07 5.549786162519210379e-08 3.598212954468903225e-08
6.919194356879708970e-06 5.158490423250071572e-06 3.557711700220607116e-06 2.010694409453575152e-06 7.945021087545701930e-07 2.416215521255013057e-07 1.163314425004915852e-07 6.002762226583762959e-08 3.576408424524834672e-08 2.297889961039686745e-08 1.665540197193569247e-08
3.745127318802817124e-06 3.210031882245814893e-06 2.352547724204007708e-06 1.947868274179834330e-06 8.793641517924256634e-07 2.241403837846608890e-07 1.213824508172838390e-07 6.515699065046805540e-08 4.306195700722498748e-08 2.620728310182512796e-08 1.223547840600117583e-08
1.061400058009295671e-06 1.384620445728397929e-06 8.800977898316274026e-07 5.552772780247061039e-07 3.781817020292613840e-07 2.492674571398262349e-07 1.662140203157835194e-07 1.186663275163308304e-07 5.518423833352156170e-08 2.766576027398032484e-08 1.178119554496835964e-08
5.379389814705602384e-06 3.506313334053797689e-06 2.424750278543934813e-06 1.474619925261048564e-06 6.070417380437776998e-07 2.382403944832131532e-07 1.791485281883280284e-07 1.926936842283123146e-07 2.516294943542331703e-08 1.316374612205751359e-08 1.284531484882887864e-06
1.288131971153099072e-07 2.757353953848483382e-07 4.186499382540257038e-07 2.476864540606589056e-07 1.534228451263891778e-07 1.036003754029471371e-07 9.508844853996586978e-08 7.221126045963762528e-08 7.493555602404954397e-07 2.462051953760194644e-08 1.293011157499818787e-08
1.564546961005061238e-06 1.451297637906276956e-06 9.564625965219181142e-07 6.353542127348000370e-07 4.352034680014878792e-07 2.730700629583467971e-07 1.825154223677911677e-07 9.692382959526815649e-08 4.178008490456496810e-08 2.262752476231815439e-08 1.175379296615519296e-08
1.857897290634419363e-06 1.325606135521456331e-06 9.616757741389007398e-07 2.105116545977976783e-06 5.082299613613008544e-07 2.332300710697491637e-07 1.245949683955470500e-07 8.231314470737650761e-08 4.968319713552050918e-08 2.471370912877320337e-08 1.117104485013504532e-08
4.007302432940516669e-06 3.243675159470554074e-06 2.692315003085440996e-06 2.175013641063887637e-06 8.283917172828841258e-07 4.120353023821446121e-07 1.140041705320615630e-07 6.199870173658483930e-08 4.109276545267124573e-08 3.024208358481420201e-08 2.196981174574422481e-08
1.614734809128291963e-06 1.084048740499538638e-06 1.069919200604027133e-06 9.574557103455797025e-07 6.333850677191435536e-07 3.242142869310508327e-07 1.641840211088505693e-07 9.067207465641099819e-08 4.882711943031488509e-08 2.350373624749263295e-08 1.180933104817448903e-08
4.791340798091117615e-07 9.309218251674782428e-08 9.752860983737052193e-08 1.758379658037234328e-07 2.031038455106125672e-07 1.988365632277654112e-07 6.491487331211931788e-08 5.436070086654398378e-08 4.573376540408674117e-08 6.753546129008402886e-08 3.693254939037799940e-08
1.333075441061109565e-06 7.709498689166189827e-07 6.250159648476979127e-07 9.081902628675196888e-07 9.017854547786077767e-07 2.737099259222169414e-07 1.913192426129471851e-07 1.060445691266680259e-07 1.754871719752947259e-07 1.971377527708771234e-08 2.139984296440095286e-07
5.443975910895834705e-06 4.101698316626591221e-06 2.518633519664193317e-06 1.100109473837724707e-06 4.366388012593941680e-07 1.767132442787479688e-07 9.195399732950949450e-08 5.455022729815806409e-08 3.503894606499080015e-07 4.906101393119059979e-08 2.863572105981206974e-08
nan 1.795777955972137276e-07 1.679674235455630790e-07 6.279284993805072043e-08 1.026162313247926542e-07 6.786006068461176517e-08 6.270691619210326738e-08 5.771165701579494174e-08 5.535609750252208608e-08 6.048341424263729206e-08 5.962090126045694013e-08
7.343782094820788848e-06 4.614235814443675341e-06 2.811113275854552111e-06 1.790117446457675398e-06 9.203083606880643913e-07 2.961744205571267399e-07 1.477685795372766109e-07 6.669455071621893728e-08 2.872841664357689840e-08 1.413936089618132168e-08 6.839906740975430987e-09
2.017523774318459197e-06 1.460754483122834187e-06 1.229620350898520236e-06 5.829898852550180235e-07 3.613462656940507438e-07 2.587216978414203398e-07 2.526600238972994471e-07 1.119493840186387040e-07 7.254105961888036440e-08 4.654089071408259397e-08 2.042865626689413923e-08
2.255308649399167413e-06 1.760122327949222693e-06 1.275300916529432893e-06 9.116967438554039971e-07 4.638853304203303133e-07 2.764410991323483376e-07 1.039515630872750122e-07 5.449854412210252977e-08 3.349842088620402044e-08 3.647183967673832540e-08 7.482155318010287885e-07
3.735809631635969043e-06 2.211984853700308378e-06 1.023581300483511568e-06 5.256719160562727233e-07 3.517527474228486629e-07 2.144283374885965273e-07 1.545332347605100933e-07 9.496607016585932860e-08 4.539933291411458347e-08 2.606254760722429560e-08 1.234305323436649290e-08
4.988728394690190889e-06 3.458330852562558724e-06 3.100673122012888804e-06 2.348958957483009063e-06 8.701318359212061495e-07 3.078698369055031062e-07 1.276913225989237407e-07 5.611647300286368564e-08 3.199920042561578367e-08 1.939008013029659933e-08 8.395940837527975579e-09
2.742466504802467622e-06 1.622142156666842706e-06 9.971652620164234858e-07 6.400226705960431954e-07 3.512488970917167749e-07 2.382882608589680777e-07 1.452488739800679106e-07 4.285825627342313657e-07 4.291767577256818961e-08 2.311665040536420228e-08 1.377954297333078869e-08
4.994832980415436424e-06 2.960952736620494594e-06 2.092093407903155404e-06 9.963190165773552803e-07 5.657488784556355395e-07 3.366898100844282522e-07 2.088220875126368467e-07 1.237887991795769766e-07 7.822040147107994821e-08 4.776489209079541695e-08 2.262144199549524368e-08
3.769939420216820484e-06 3.029743947465827299e-06 1.992667831246842641e-06 1.195828571251702656e-06 6.879891663265320488e-07 2.749671158637023406e-07 1.723210562772455465e-07 1.028127430882358486e-07 6.851046480688146636e-08 5.012130084378242419e-08 1.108494952356544899e-07
9.919982077786121104e-07 7.856404869406292959e-07 5.924248506550558657e-07 5.510859657366053886e-07 2.403628165322296723e-07 1.903880679583535133e-07 1.872076660519449016e-07 1.014627898785844503e-07 6.872173463830949660e-08 3.837414203699985727e-08 2.512279070985723060e-08
2.077168750705211815e-06 1.396363202167915189e-06 1.136899442922533398e-06 5.870030394456189130e-07 3.686229994568173633e-07 2.391593077323971555e-07 1.590799116044390985e-07 1.029966619779229702e-07 4.864094092923698854e-07 9.928093915576784145e-08 1.310661841877157554e-08
2.450255219850861477e-06 1.646522078318547568e-06 1.263462567679116825e-06 7.792813830018630636e-07 5.397168119768515369e-07 3.034798708917280370e-07 4.421699673731219648e-07 6.510422811210473089e-07 8.211071693186853992e-08 3.499115290906004595e-08 1.051848380729698269e-08
1.751733732419889123e-06 1.348731247075600501e-06 9.180989905609845058e-07 5.735948286477896026e-07 3.871342948469377209e-07 2.588240058491748888e-07 1.705539717900411630e-07 9.518251555876500394e-08 4.339831764287184261e-08 2.094699097609252750e-08 1.001338901026361732e-08
2.264847917610504895e-06 1.442602147822033848e-06 1.129435418574372707e-06 8.085891598640592984e-07 8.273428523038710761e-07 8.245505123251954958e-07 2.033299071379140253e-07 6.940538864092687829e-08 3.645315933920721794e-08 1.496355838836436370e-08 6.454379104860018129e-09
5.662964769246182743e-06 3.569146461976407206e-06 2.005465249796928561e-06 1.061421550860188582e-06 6.125955245572336828e-07 2.803378950995340690e-07 1.317364419505656462e-07 5.334727390881242571e-08 3.680578228623733646e-08 5.788404384969485535e-08 9.776029581499326888e-09
4.430314371162488340e-06 2.333221500620556261e-06 1.571712089562711983e-06 8.829387646134867534e-07 4.203031360125889398e-07 2.344992700931189254e-07 3.320528775186428986e-07 6.975435145828523705e-08 3.023775890221919332e-08 2.044673030378763631e-08 1.109608368700564384e-07
5.087102185859135092e-06 3.480996184221288552e-06 1.902095509147025312e-06 1.290974615464443766e-06 6.458503057256196392e-07 2.043957213343740312e-07 1.149143741326996086e-07 7.528649024209401440e-08 4.096390389324997083e-08 2.363658798655946601e-08 1.482553890636938680e-08
7.489850660979543862e-06 4.611645077510030686e-06 3.004216831947370918e-06 1.706592310733872256e-06 5.881249028940451245e-07 1.643075738817986776e-07 8.112799997521458207e-08 5.151855225374278382e-08 2.799518672289312856e-08 1.617468925038322479e-08 6.992227490693024886e-09
4.285022734839629181e-06 3.085817231168833248e-06 1.888564836452472227e-06 1.149041393458002833e-06 4.674900161857345435e-07 1.774484689945170721e-07 1.016751491012075862e-07 6.559510331970241077e-08 3.964332322431913994e-08 2.279828754755665893e-08 1.206670371903028225e-08
5.702515780896371025e-06 4.856922377563067902e-06 3.304644455360394828e-06 1.698615828696430231e-06 7.850788268413140613e-07 3.150303943620204878e-07 1.318379194474812490e-07 8.134927316183516747e-08 4.237744525265097825e-08 2.593976442373247055e-08 2.404245185486058848e-07
1.230464203064406236e-06 9.375060368887519692e-07 5.741987185422234311e-07 4.832394274905986945e-07 3.638217125735425798e-07 3.206672616714466594e-07 1.097930964992154879e-06 1.348654409365129701e-07 3.955398622751101827e-08 1.730883405501048498e-08 9.183352191108981371e-09
1.476068969013449110e-06 1.718802957448432998e-06 1.530119352835335923e-06 1.116201135721660415e-06 4.282191533086718327e-07 1.124584176857040122e-07 6.457502047209786365e-08 4.315366354839424220e-08 2.860580173188797756e-08 1.639553505281255129e-08 1.044504393472298342e-08
1.350806062695360494e-06 8.866819048275170113e-07 5.967551676900831909e-07 4.489551994257389487e-07 3.051171041290636792e-07 1.953866398567384247e-07 1.093441337090612682e-07 6.153674157094290606e-08 4.004957280915245646e-08 2.087506346493797315e-08 9.020421498760340215e-09
4.069461154777216332e-06 3.119112701677344018e-06 2.064767421628513264e-06 1.454079914393886798e-06 7.021154358879084285e-07 2.997587674663140370e-07 1.431496615392691598e-07 7.296980743214792361e-08 5.522092687661931000e-08 2.188259094496493766e-08 1.432667681269339525e-08
6.671951855085974033e-06 4.756551775673489865e-06 2.756077784023660650e-06 1.420904161010530715e-06 5.164114611440398675e-07 1.640574146040115094e-07 9.805423752286533713e-08 1.730841836077699281e-07 2.381625802157605585e-08 1.648722179133706175e-08 7.737537520466957369e-09
3.023195771817799859e-06 1.991209234698323953e-06 1.421017275828791580e-06 9.590121900614763933e-07 5.605231369882340141e-07 3.636439238292869541e-07 2.385207374351774383e-07 1.418635381887654718e-07 9.449119788052244174e-08 5.869169713210002228e-08 3.594343845530617631e-08
3.069048046375987948e-06 2.196708568337862201e-06 1.914694833173137197e-06 1.845714862236317199e-06 4.033539694921167918e-07 2.964197220055422961e-07 1.643542500744631403e-07 8.880363288897860854e-08 4.483907798697559168e-08 2.594172710167934769e-08 1.547612038543648715e-08
2.939361812167935438e-06 2.000411445849102941e-06 1.124625459388921872e-06 5.746126187696459019e-07 3.639543860359218220e-07 2.466198453492542242e-07 1.247605946124764721e-07 3.243810952177794220e-07 4.399550434358689751e-08 1.504087469732780320e-08 6.471938772650391722e-09
7.596790002295955635e-06 5.894675821094790539e-06 4.133403627281682311e-06 2.456508730646558265e-06 1.386423011154629795e-06 6.795133585526977658e-07 1.281433006099398105e-07 6.741086511563416581e-08 3.222642617263228645e-08 1.654866297111218942e-08 6.525950366855407951e-09
1.482906020019659685e-06 1.462287416846759829e-06 1.078630477038144700e-06 6.365769979745835746e-07 2.607028856482435078e-07 1.294769813948058676e-07 1.014981968350008273e-07 7.131931791496533708e-08 5.079523862865206654e-08 3.779640016499283796e-08 2.927644069886092276e-08
2.579358425329218083e-06 2.183760851423245983e-06 1.887522910635091352e-06 1.063644419833745280e-06 5.242124285238714284e-07 3.652518008271688960e-07 1.681941215560943809e-07 1.480412381872862490e-07 5.442041218057842387e-08 2.097411570837342880e-08 4.798184422825929296e-09
3.713136441872942437e-06 3.151102587481031659e-06 1.749171432268691390e-06 1.087054686719333295e-06 5.562091196043242417e-07 2.588069764573935712e-07 1.559461988314385835e-07 9.184030785040915019e-08 4.038188200072723667e-08 2.521036422888719745e-08 1.274589255981515486e-08
2.382523058346271361e-06 1.588564595232403312e-06 1.030276847456822744e-06 7.221397656691370505e-07 6.169866561086056784e-07 3.527852083267153835e-07 1.707068036610234744e-07 8.477598459194669789e-08 5.318315058227146694e-08 4.042780942341177748e-08 1.256256700843111285e-07
4.949298299121556069e-06 2.790202803395152398e-06 1.697283782876780820e-06 1.313132452562241155e-06 6.590246902574648234e-07 3.312379739163615873e-07 1.610400551954218622e-07 8.295547265249104776e-08 4.545734513852667537e-08 2.165622808589714668e-08 5.234434531971051752e-08
3.272067734235034738e-06 1.979028529213169888e-06 1.169887943574311213e-06 6.678732239541314251e-07 3.431196078932693211e-07 2.172018121151748761e-07 1.367738652945472282e-07 8.765499107496672397e-08 4.136108127508873127e-08 1.947387319272194102e-08 6.834929260241824705e-09
3.386413056461476489e-06 2.310649593840928553e-06 1.274545319728811501e-06 8.863928040518468258e-07 5.764176142592134129e-07 2.846676067623171772e-07 1.480892289585201153e-07 7.131727280558805856e-08 3.857673529623876866e-08 2.334298834049047830e-08 7.829013235905174473e-08
3.277909397148065261e-06 2.380839713172401375e-06 1.566990555589016897e-06 6.059090087427825197e-07 3.722967545712655385e-07 2.382608730603376056e-07 1.583548905334074731e-07 1.128290375072230348e-07 6.170426405216435129e-08 3.463231256353779165e-08 2.118668475096000695e-08
3.489813038892439520e-06 2.082178273593200052e-06 1.409211133431996793e-06 6.637365866721545679e-07 3.575996442840232811e-07 2.065860847148212766e-07 1.273661632465434045e-07 8.576319329866284813e-08 6.052136825262489110e-08 3.864959812883239728e-08 2.235840217202039402e-08
3.794465294490271502e-06 2.913776908052576225e-06 1.623809114576059321e-06 8.146120465941050682e-07 3.016962565428792772e-07 1.244053808065873986e-07 8.479057600877681499e-08 5.991154078826426581e-08 8.877679769936441642e-07 7.430299804569303986e-08 8.185344546644349926e-09
3.222865636787208656e-06 1.797382499313509424e-06 9.027104766306530283e-07 4.061085850583201015e-07 3.195941372780782600e-07 2.062090649067238199e-07 1.402537177089427132e-07 9.302698190484606970e-08 6.134270852102462516e-08 3.940101371819303286e-08 2.067862786582095160e-08
4.360085537773187270e-06 3.817467266584650866e-06 2.517582187868771321e-06 1.156499985178531793e-06 3.689168371278933574e-07 2.028775433460544985e-07 8.956927507433536448e-08 4.980036543606618968e-08 3.231911534681413964e-08 1.963142876657105058e-08 7.617000351501821437e-09
3.588385196888297749e-06 1.999109039646963679e-06 1.429354539453027921e-06 1.366637301611353511e-06 3.517483464882359238e-07 1.739221583071954023e-07 1.214971012654612259e-07 7.249624219992424075e-08 3.755667321845990365e-08 2.241851394882460631e-08 2.263005922034559292e-08
2.127303300524390531e-06 1.301396794586408702e-06 1.106890662483990338e-06 4.739962673017389642e-07 2.450284708426148496e-07 2.011550296032237807e-07 1.169160664437460034e-07 6.110560109959103688e-07 6.657413975700112616e-08 2.936749132879414419e-08 1.304891615567445783e-08
2.849077176222131180e-06 1.146376518911415810e-06 1.040288374787256123e-06 6.332673850010456579e-07 4.442963885952552109e-07 2.853268338814268533e-07 1.732982880394193320e-07 1.053157803628176534e-07 5.092232831194241818e-08 2.955852569486883607e-08 1.432666972274157775e-08
7.985374444454809963e-06 5.917555502909872250e-06 3.929944797264454732e-06 2.189301068801205930e-06 1.108259500016139669e-06 2.881575061730979722e-07 1.390954289706017465e-07 8.338115030838534552e-08 3.641696710979410521e-08 1.877032669641533861e-08 8.741665065916316256e-09
1.417797814289425561e-06 7.948635917230551320e-07 5.414133315531371730e-07 5.658860845689372897e-07 3.438899624706480987e-07 2.159381333420636848e-07 3.216082735314367442e-07 1.772786251052008022e-07 3.176449705900891623e-08 1.296768059109741719e-08 3.325799895239928162e-09
2.723396335968423847e-08 3.203702706905356986e-08 9.453803812012306410e-08 3.026904026391600853e-08 4.562861754889103287e-08 3.826962494376595989e-08 2.947566596636899171e-08 2.497597638588132449e-08 1.633872023468156392e-08 2.017200347360381270e-08 1.628879422576584399e-08
3.283934901521355439e-06 3.462078219938596508e-06 2.540270298434920175e-06 1.433309951998146903e-06 6.998457399916425000e-07 3.571333879749379664e-07 1.327996260208035969e-07 7.830855666056988766e-08 4.631803716809984273e-08 2.966477667368211183e-08 1.595500554831940115e-08
5.402375379813577566e-06 3.485245772808560836e-06 1.926989957968800103e-06 7.050829092652404021e-07 2.381522877119088346e-07 1.362284556383122269e-07 7.696353328044621657e-08 4.921586744460489019e-08 2.670243948837978921e-08 1.498061453921203188e-08 8.596635552275709139e-09
3.711532519991396023e-06 2.621199443301899679e-06 2.443242561960151952e-06 1.247021986085135503e-06 7.753005242300337227e-07 3.474903591485433494e-07 1.865580631337221094e-07 1.196520896666442549e-07 8.121761909535792436e-08 4.595961668577992272e-08 3.233662165257308391e-08
6.990421494376002435e-06 5.526960253130206227e-06 3.483633445955043276e-06 2.196789321897211170e-06 1.023491776848961481e-06 3.136874427948139851e-07 1.522661475733482630e-07 7.118013017118641862e-08 4.323391723831085878e-08 2.406346132920362306e-08 1.278319024590815554e-08
1.411305239205397222e-06 1.342455658197801613e-06 7.809498311539630984e-07 5.653824520061052002e-07 3.903554923347325068e-07 2.209213602612119170e-07 1.907917962429984331e-07 1.221817325192442659e-06 1.611895816448365658e-07 3.757107791252851337e-08 4.584548362273926771e-08
1.197101344599344364e-06 1.892025227490746517e-06 1.892248390677358540e-06 1.538037352113830537e-06 8.123373155096404358e-07 3.474625351460737433e-07 1.226967726078153021e-07 8.039198930105662832e-08 1.074727483752436272e-07 4.178798432820168735e-08 2.026452697100352897e-08
1.587812402567424572e-06 1.559300828790592051e-06 1.167319650164836795e-06 5.677545351858709228e-07 4.497768852282210876e-07 9.751392680635644497e-07 1.427317451183708493e-06 1.650755771635621046e-07 4.314782412718792671e-08 1.985812260291982803e-07 5.988403985824618409e-09
6.428291821008666643e-06 4.513513490258466686e-06 3.175091571011771977e-06 2.037326047277214084e-06 7.117191865205132158e-07 2.400526816274132056e-07 1.411540306413057679e-07 7.899638218780103232e-08 4.719656796845435922e-08 3.640419095285314455e-08 9.573530038303904645e-07
3.457859855310635912e-06 2.931126140757113772e-06 1.733863910257557082e-06 9.085800090054660954e-07 4.083608936158585401e-07 2.327151102810429428e-07 1.115893430595650850e-07 6.936807997124512588e-08 4.410430884620506649e-08 2.776238722408102598e-08 1.398555491809935935e-08
2.927177362651148051e-06 1.567225785752828109e-06 9.686155799022385355e-07 6.948558264058575995e-07 4.280610520451760133e-07 2.594786874527373565e-07 1.479482342691736215e-07 8.746052171033814914e-08 4.127859682827042517e-08 2.483842220700450195e-08 1.067634076009176829e-08
5.467307304851998645e-06 4.357531338559467128e-06 2.675924302929012539e-06 1.680949703525900160e-06 9.380925484150214044e-07 3.734131779489393126e-07 1.438886147782853990e-07 5.835289478607447331e-08 3.407987648387714486e-08 4.178548946057681898e-08 1.559188870133579827e-08
1.828451166122360936e-06 1.174731835182451027e-06 8.163624015533772258e-07 5.487983522724393544e-07 3.381775309262939642e-07 2.324676942047274821e-07 1.268712807667279587e-07 6.135435398702478704e-08 3.499046993740850888e-08 2.095325550118742055e-08 1.111549320466649210e-08
6.219256161025695389e-07 3.720415776519465866e-07 2.546105406772268510e-07 2.218282290913464978e-07 1.823033038600431635e-07 1.118592967775015191e-07 8.068878127994589960e-08 7.090380686853618411e-08 3.467355221992976958e-07 4.340725232378373774e-08 2.917050445618426230e-08
2.367560125798867778e-06 2.260125778434725565e-06 1.533444237077963734e-06 1.249545345912062543e-06 7.362699514464529567e-07 2.968492358404094066e-07 1.427500810058843449e-07 7.898166415008649339e-08 4.730705625207152521e-08 2.697147440840386001e-08 1.479307762416627393e-08
1.205579176163435432e-06 7.458552785135367067e-07 4.718621808721742200e-07 4.733819337770422361e-07 2.835178855499279795e-07 2.314516551910278129e-07 1.419584969751750088e-07 1.306013983165421222e-07 9.319971402151468542e-08 6.246313141976370106e-08 6.287016404059625677e-08
3.877083417315805216e-06 2.241611327983688971e-06 1.152125801384340401e-06 8.439189787715957703e-07 1.678378300461165340e-06 1.697487612218457005e-06 1.659248478595289060e-07 6.551661110208206364e-08 3.351728491843083619e-08 1.931482618942625488e-08 7.215714384562716021e-09
3.603243915685199498e-06 3.227178216634209947e-06 1.694090169416864541e-06 1.086602408639830426e-06 7.850577869197058123e-07 3.442074240668345615e-07 1.866131143797089832e-07 7.822366305949269045e-08 3.198098607799584179e-08 1.299945223785904220e-08 7.402957261787400446e-09
3.848853380963046374e-06 2.340566657290503234e-06 1.263200908325658063e-06 7.687963258338526499e-07 4.103183170921833570e-07 1.902496055829891627e-07 1.105021998614932552e-07 7.306226012479391952e-08 4.186493440090796995e-08 2.406403786409899172e-08 1.153228363438224494e-08
3.850335348566016333e-06 2.554847623299863789e-06 1.987839982217934621e-06 1.084934338631653884e-06 4.701757215030844538e-07 2.811870351353386958e-07 1.491362736815468007e-07 1.019011063680758059e-07 6.825383193853589755e-08 4.527368050241232801e-08 3.375685634045256109e-08
4.939728025131515230e-06 3.217933538466523764e-06 1.841129186443774148e-06 9.911694979278410841e-07 4.614315369606811411e-07 2.329748875997163934e-07 1.166386852739523442e-07 5.692697066775145035e-08 2.967805770724098654e-08 1.641226600301642701e-08 8.271821963050987576e-09
6.012187723340565105e-06 4.292370317145095453e-06 3.065431311375614734e-06 1.830330410193613584e-06 6.362739582741599252e-07 1.589018096380959896e-07 8.604197239919230935e-08 4.323686284055486673e-08 2.044093944624655771e-08 1.075222285192026505e-08 1.673194117443803358e-07
5.826532031186890909e-06 4.319189966842910757e-06 2.723569304137467193e-06 1.313984704312146287e-06 5.635851962010446168e-07 1.735923571981184734e-07 8.961038282894331696e-08 6.117297156777408769e-08 6.772989711502119323e-08 1.233472574245095323e-08 5.613799065534490263e-09
6.487876876267501199e-06 4.579843391685596229e-06 3.016979597960346554e-06 1.609875757579794133e-06 6.732340547952183959e-07 1.632422091407277916e-07 8.274446146970013214e-08 4.538868637979977591e-08 2.954926442809671186e-08 5.027549428697695672e-08 1.060122141592233628e-08
2.751219354499047805e-06 2.654092196177157143e-06 1.108259877431003480e-06 5.496615282907197042e-07 3.070156175193347346e-07 2.029111746866146534e-07 1.158212845930157733e-07 7.420782250897766565e-08 4.928502477284161130e-08 4.565714778038456778e-07 2.614569132918477880e-08
3.318791421306531483e-06 4.778988887039503426e-06 2.084602795757121663e-06 1.136328879369350273e-06 8.051208815200210205e-07 6.641663186272119445e-07 1.518810226785572295e-07 5.938628219883965799e-08 2.249120452149277021e-07 2.797585902938145194e-08 1.108556232542832802e-08
5.652947379876172297e-06 3.490634619404886397e-06 2.271228537273990624e-06 1.544475180135476735e-06 8.121126274485202355e-07 4.145541586802596360e-07 1.635333677785686974e-07 9.192373214291964789e-08 3.450688143227133107e-08 1.461103315309981543e-08 6.153883848106973426e-09
3.127135797070743168e-06 1.932558556930147994e-06 2.885030464723282157e-06 1.242936530536500448e-06 4.270236286628502915e-07 3.341063283982696370e-07 1.535378932741260838e-07 1.917032038887631914e-07 2.553961770375766840e-07 1.655279605505289041e-08 7.321728351594470451e-09
4.234935246242458154e-06 2.569635626819572763e-06 1.558797733125927479e-06 9.560858667067128532e-07 5.682145720356278391e-07 4.142397515851032340e-07 1.241158993287536323e-07 6.314805920401063127e-08 5.079314046253131599e-08 2.037777734450763974e-08 1.136082485107838498e-08
2.320083929820766104e-06 1.547488666184769835e-06 1.122126904062661164e-06 6.353338328891261331e-07 3.546322429509954152e-07 1.800826878349002473e-07 1.091669456100465485e-07 5.507367133931299952e-08 3.381612041970162424e-08 2.153471073516122044e-08 3.012763899897260620e-07
3.230319558606251783e-06 2.451926989399091587e-06 1.759999739163208945e-06 1.090445923964923212e-06 3.885753176974153856e-07 1.867628411043091115e-07 1.078456753634671687e-07 6.227917427001509223e-08 6.976812072057008615e-08 1.499650633563013819e-08 7.476837061506666198e-09
1.425286648903724852e-06 1.080508374699425978e-06 5.582783569535588405e-07 3.147014365040523134e-07 1.984492813699565349e-07 1.478314774117425885e-07 8.579410323031193458e-08 5.069506443907864489e-08 3.318495127976784553e-08 2.937215029067944781e-08 2.448088264955906554e-08
2.019893999122321157e-06 1.291800935296060002e-06 8.945142007348729964e-07 6.492257383862887887e-07 4.163527856107362027e-07 2.538411030650506277e-07 1.535807820156023806e-07 8.466407761811816168e-08 5.072626602152083657e-08 2.688098706826982666e-08 1.260976119609650829e-08
1.865535450919627297e-06 1.106311176438664377e-06 8.206469474029315309e-07 5.473276948536245751e-07 3.862000026333562449e-07 2.792774140915384664e-07 1.809472718983900265e-07 9.000561594122193742e-08 4.502448397681314355e-08 2.513330171563191960e-08 1.145887885658928321e-08
4.388696805644455874e-06 3.504662928034601585e-06 2.021552076660426143e-06 1.040748454484185052e-06 5.205787989135537277e-07 1.951410495980994461e-07 1.215360625233742437e-07 7.123403082305462650e-08 4.026151624999331534e-08 2.117537840752654042e-08 9.404247860956318031e-09
7.932462273025610796e-07 6.299331713038647500e-07 3.343373285473186074e-07 1.036696738534405591e-07 8.107491449213292732e-08 8.304880684286086241e-08 4.785872003422491087e-08 4.579920136817770012e-08 3.847386852879173221e-08 3.822768854851359191e-08 2.648425361774432336e-08
1.832114030988107416e-06 1.428429070653156583e-06 7.535729914087297545e-07 4.233517125278421920e-07 3.733378117490374626e-07 2.818803529109756099e-07 2.091576105989545074e-07 6.159459218621184253e-07 3.915555335739518568e-08 3.166294706046829576e-08 7.333196151455769100e-09
2.451515873692725179e-06 2.184115874133553552e-06 2.507889663844592262e-06 2.593804649048331569e-06 1.464555386905795300e-06 4.939182498632688411e-07 2.345972373127224522e-07 1.103867861244602542e-07 6.303506931171496088e-08 3.980021813527880719e-08 2.284313933962942363e-08
3.057958317403803135e-06 1.080777312525124386e-06 7.661221084985323626e-07 3.978983185306942219e-07 2.766364466564513741e-07 1.949172797529650984e-07 1.309030485369815196e-07 8.775540736291306754e-08 6.633225177053226525e-07 1.560056681991682708e-07 2.441945411262320560e-08
4.862716444673059984e-06 3.840020592346911476e-06 2.366714763830879620e-06 1.568691094789095045e-06 8.004993565808573910e-07 2.807941458693944213e-07 1.071473436796989283e-07 4.801386977159740092e-08 4.725806193375864991e-07 2.174959933804573208e-07 7.674632560883136307e-09
3.963834576798908051e-06 2.140965837240231646e-06 1.337888839722425925e-06 9.300422481207485011e-07 4.648068129113305505e-07 2.295221134934098159e-07 1.008825147469024576e-07 5.535994201285062217e-07 3.785026803610263947e-07 3.384621105137539563e-08 1.499986751836233205e-08
2.684891478259470032e-06 1.284538835486175838e-06 8.793591227189318654e-07 4.646591856042651929e-07 4.124160802450394361e-07 1.988310947164324169e-07 1.178153214292813133e-07 7.713022968859469332e-08 4.854502157813071031e-08 2.886924191773819802e-08 3.767197334595381498e-08
3.486229271216432753e-06 2.426891929639998882e-06 1.227234065945387753e-06 5.852956348896794394e-07 3.944095053115067958e-07 1.854591515438949549e-07 1.067634191358374288e-07 6.341501234248119512e-08 4.300836648421985866e-08 2.220551882812956970e-08 1.159754029101378087e-08
3.428702691389612721e-06 1.620570835544176287e-06 1.110063630021986819e-06 5.869865634358043973e-07 2.779177337458698685e-07 2.431412689059755209e-07 1.676553674345089059e-07 1.116464872639863006e-07 6.497685230286473590e-08 3.888708594079964013e-08 3.209491588848751384e-08
1.628902345906783463e-08 8.848982737701338682e-09 9.368532762222692541e-08 5.468771988823347635e-08 2.321018330185975472e-08 3.065820297024707188e-08 2.743961208980475738e-08 1.789621509620271919e-08 1.701294194838206986e-08 1.322021276018166466e-08 1.045440892430149949e-08
5.295123547544635726e-06 2.304692407199425248e-06 1.068411168054663772e-06 6.532001865380717363e-07 4.234949121172871895e-07 2.781070137993964604e-07 2.078185498365931022e-07 8.854741039617910437e-08 1.009264136374799500e-07 1.820907501857016030e-08 7.711473703068445494e-09
2.590628282186905568e-06 1.858827011678205450e-06 1.328307177107597898e-06 6.330434238666491569e-07 4.199334594306797019e-07 2.451618326916228175e-07 1.343825625931533161e-07 8.685271113374626490e-08 5.406686505762271535e-08 3.432797019632870295e-08 1.877360291612964545e-08
2.618294892081248339e-06 1.834908865028114582e-06 6.864078385598225599e-07 4.008543786359837221e-07 2.878126083946240923e-07 1.714900085815938501e-07 1.018352255094362075e-07 7.217630045352061756e-08 3.971497378526454189e-08 2.505587891523974294e-08 1.457670535154746961e-08
6.559182555356717926e-06 4.298951898341159931e-06 2.781842485884493028e-06 2.224645891172770980e-06 1.395251242195428244e-06 4.800637072279016516e-07 1.516386597222954668e-07 5.569739217144126013e-08 3.177617898711357188e-08 1.430300967976839029e-08 4.922695942618553219e-09
1.974989199580711003e-06 1.125337494167912535e-06 5.514367359394688932e-07 4.216040739372044431e-07 2.500838620405917845e-07 1.767476819074165461e-07 1.368231431689925719e-07 8.073287806432182237e-08 5.621654497060375163e-08 2.892323837683642512e-08 1.343964521298985670e-08
1.104593078574952480e-06 7.196443291269082308e-07 7.422824780455862967e-07 6.300662685336214838e-07 7.437434811035663372e-07 2.765879170098432953e-06 1.898592812524923092e-07 8.513534685258968071e-08 4.333903088676357504e-08 2.378528843226871292e-08 2.441529467339117685e-07
3.584070786135786823e-06 2.996229716063714254e-06 2.199923958133663684e-06 1.265911265764796974e-06 5.311611921565653937e-07 2.475674907395095658e-07 1.220561638674915725e-07 7.613030723717376086e-08 3.934178718987443663e-08 2.177963476259567673e-08 2.086454021544332727e-07
2.178316837674142036e-06 1.397269470117386644e-06 1.206576217800158181e-06 7.263941531833795744e-07 4.601594400597869133e-07 2.780716160341493907e-07 1.575566149768453938e-07 1.020385845305917261e-07 4.753135848918497816e-08 1.666653639997824919e-08 5.275530656166615420e-09
1.082954829310464058e-07 4.274037079710691593e-08 1.108410092521395525e-07 9.307625845498303489e-08 3.890320932533301165e-08 3.188864220419695260e-08 2.132810786548767279e-08 1.351211515641453416e-08 1.049802295991249304e-08 7.228458499097141475e-09 4.568021715269199311e-09
2.607497388746509906e-06 1.870698477401826312e-06 1.699521771349115091e-06 1.066755349734401303e-06 1.025073101546519295e-06 5.632046080269855702e-07 3.338951283149464912e-07 1.210018857701166583e-07 8.359848314070682057e-08 4.871781450128941773e-08 3.973121370839971853e-08
4.413308526922228685e-06 2.323408305788465718e-06 1.150226265912983463e-06 8.578808112215339831e-07 5.191405577493996788e-07 2.940574551151793351e-07 1.757256321320086917e-07 1.024555327157179695e-07 4.135989618277920255e-08 1.439299322591172854e-08 5.316431894541209110e-09
6.097735029858955770e-06 3.889769449301067739e-06 2.697553520927764685e-06 1.375317620070894281e-06 7.245180860260887974e-07 3.618491990924316568e-07 1.718915576607549133e-07 1.025087568213180427e-07 7.306729046119122348e-08 3.446266968424151240e-08 1.652404531290542953e-08
3.386866666756713528e-06 2.559449591791212640e-06 2.489859426868454905e-06 1.881459567463409057e-06 1.026102229024412703e-06 4.741021825567344979e-07 1.494298656502064938e-07 8.966049945967057323e-08 4.841912771824657299e-08 2.478763074295534007e-08 1.220587005661096908e-08
1.530235694436341896e-06 2.028033861571168516e-06 1.623639045196845668e-06 5.975931704067201321e-07 3.958649312712969695e-07 2.632340878715798143e-07 2.147060708095310196e-07 1.125528752611879945e-07 5.398107795457596940e-08 3.002414271642561878e-08 1.101298144520510262e-08
4.339031168447353534e-06 2.798707033222944560e-06 1.920907909274502942e-06 1.024056759302835053e-06 4.178295905292578151e-07 2.505553284701120022e-07 1.351212928551923460e-07 1.139684914942556754e-07 1.912197849495477285e-07 2.576340550323771631e-08 1.215980205691888602e-08
3.529101966151456639e-06 2.855820327384121799e-06 1.764403905160484025e-06 1.022222989923491006e-06 3.984264446235191302e-07 2.155717675788932012e-07 1.293931187153427271e-07 8.060076415842746663e-08 1.621163666760389633e-07 2.239001826314179957e-08 6.501859476701047673e-09
1.783784937017360434e-06 1.654126433637507311e-06 8.670248366208623494e-07 5.237130726593293301e-07 4.219555170663403532e-07 2.595983695118455274e-07 1.498713104960039466e-06 3.113702520023547276e-07 6.025887883043801469e-08 2.382064686023658122e-08 8.935058608011374023e-09
5.243361360970391728e-07 3.375717475181709321e-07 2.239031056482186712e-07 2.291097518481045116e-07 1.288006114950992625e-07 7.841076490815877949e-08 7.080916977721444331e-08 5.595478850139748610e-08 4.671492106069639218e-08 3.162999751400881672e-08 3.522399432769956701e-08
8.529383826089846065e-06 6.090358481991143545e-06 3.981900787238486723e-06 2.261766428721980255e-06 1.284386334919866258e-06 5.062646193927084113e-07 1.039001059891036735e-07 5.166344156351803216e-08 2.171565609770064164e-08 3.917464845046714165e-08 7.716401165150986589e-09
4.660629157556589264e-06 2.718285558862934513e-06 1.828847644107773294e-06 1.033087625554693087e-06 4.229125386880052790e-07 2.102118585232078486e-07 1.048470428638251431e-07 6.226535935779622022e-08 3.538862403932962508e-08 1.799243787640972432e-08 9.257873347356700755e-09
7.937631151011891555e-07 8.831961314896825730e-07 7.386624381182559914e-07 5.923881459684159651e-07 3.389597733976649581e-07 2.067085971638885095e-07 1.231078645029318766e-07 8.153178461048530101e-08 4.992995101961148487e-08 2.728391839087973003e-08 3.560530673022489075e-07
3.548347876957208221e-06 2.506864220786296342e-06 1.851948661452662900e-06 7.609838331298051619e-07 4.150509086137172578e-07 2.087496506044555100e-07 4.662727152560659024e-07 1.013917990026598532e-07 3.051126980596214351e-08 1.512232391748623125e-08 4.933556930656295277e-09
5.068621984671569408e-06 2.588338330383064912e-06 1.870316909184555713e-06 1.423079208832033205e-06 7.149725850750972092e-07 3.575541706217766660e-07 6.593873095162118513e-07 3.573091093271078835e-07 2.679775276605333096e-07 7.665967264415791642e-08 8.954268859869825578e-09
1.442290385040297698e-06 1.159089848098299725e-06 6.986575256559238442e-07 5.236566075742489436e-07 3.449698857772969938e-07 2.541282697503700575e-07 1.933899937950388499e-07 1.142296101844328738e-07 6.058858027575808678e-08 3.823130423093226784e-08 2.189862713358520543e-08
2.527460242965827551e-06 2.513903379073471486e-06 1.849085718525073899e-06 9.567425408858317465e-07 5.451119324820313717e-07 3.148732186540478060e-07 1.411772971740080823e-07 1.509515159245554423e-07 4.858146391329052004e-08 3.040084854072382381e-08 1.659882201099504826e-08
2.843315950064116157e-06 1.523250245053355797e-06 1.223444972541931983e-06 7.350248264137254178e-07 3.863973354594483920e-07 2.946706043802418233e-07 1.418609815294829550e-07 1.023004575748332844e-07 6.098583927986262318e-08 1.252753827315374087e-07 1.107603579261184467e-06
4.953467230953444865e-06 3.275819782722406042e-06 2.152314448146498182e-06 1.270405269807108786e-06 4.344871158929235893e-07 2.295837121345220541e-07 1.197242473144984793e-07 5.223339380712700642e-08 3.460248357182085800e-08 2.519450399684451342e-08 1.289059632269665292e-08
4.824848109537438889e-06 4.373046609994200985e-06 4.163251441985820937e-06 1.438911948724405272e-06 7.109201391934336755e-07 2.829552387254381628e-07 1.558178053699334408e-07 7.534109808273548922e-08 3.941375767550680680e-08 1.878841802983239465e-08 8.579043928932499133e-09
4.661612353005065889e-06 3.424724147333349855e-06 2.044397701944474229e-06 1.189096260911208146e-06 4.989407783502678266e-07 2.433953080691971346e-07 1.108424167232588759e-07 6.889204840766272454e-08 7.367589090884777801e-07 5.788346120726932048e-08 1.999119088759842166e-08
3.793961299776391161e-06 2.091981702380821304e-06 1.327105016125929609e-06 1.104686035888495466e-06 4.056197751156233651e-07 1.633272022272365286e-07 1.043702816101069539e-07 7.084509667178005791e-08 4.973441127157761186e-08 3.659114198545707311e-07 1.681005654141108953e-08
3.214110523269711825e-06 1.936786854342304427e-06 1.285653483125867147e-06 6.650582938632640070e-07 3.389936140121956604e-07 1.995423975688139761e-07 1.228177164880746618e-07 7.910971333012000316e-08 4.718831910436673896e-08 3.155723187441930928e-08 2.344376197930565326e-08
2.440689856254260901e-06 1.861924444158624561e-06 1.502982650512366637e-06 7.799947258828175208e-07 4.538821079534845062e-07 2.370673005390267711e-07 1.381520608760992910e-07 7.892430213837244989e-08 5.928655483502413454e-08 4.486404344698379380e-08 8.831906027565713598e-08
6.316052187030848794e-06 4.530708148417438167e-06 2.941938590388421105e-06 1.715297485674264692e-06 5.802755334538443304e-07 2.484075249080532575e-07 1.274126526481899635e-07 6.833911623211874954e-08 1.130702377675522910e-07 2.052490330200719423e-08 1.344482308120255101e-08
5.000648788613101484e-06 3.594619572690864761e-06 3.339922369422009314e-06 1.706576283679416074e-06 9.701611713968104902e-07 4.128052414349082697e-07 2.522268101305702330e-07 6.244519016806027228e-08 2.482106418347392563e-08 1.021433494339598164e-08 5.062306011075241197e-09
4.044960523227741189e-06 2.135738769014389469e-06 1.072706928477044564e-06 5.692349431425091705e-07 3.531380876807717551e-07 2.132295308445865572e-07 1.235988267551532698e-07 6.851591135109205733e-08 4.268856778178835869e-08 2.624388823428253428e-08 1.865857118377391342e-08
1.659770869440525181e-06 9.532598899283822249e-07 6.431049550318737532e-07 4.960542699973416164e-07 3.763818559571510868e-07 2.133258097182064184e-07 1.431264890663000822e-07 8.236870906352367707e-08 2.848297285837276828e-08 1.328317440082318854e-08 5.087055326762655884e-09
4.909070223371873106e-06 3.286476349310618704e-06 1.931130761369172655e-06 8.175172854376675642e-07 3.045054052733015061e-07 1.820470954003154895e-07 1.466805181958594154e-07 8.946395082422021209e-07 6.620923657187650781e-08 2.432081602843020915e-06 3.351972543880655263e-07
3.121972798671157284e-06 1.908216131397159738e-06 1.420341800782954683e-06 7.711922882845269436e-07 4.031663359702687991e-07 2.627967789234683097e-07 1.516333099069141015e-07 8.322674197853718952e-08 4.267892587921710936e-08 4.045277623203620530e-08 1.169153814741542182e-08
3.852099417062927599e-06 2.467058941823841701e-06 1.813909502764574146e-06 1.566942009406976259e-06 1.437625004265762171e-06 7.033264024323812657e-07 2.111964543833748806e-07 1.312169417555413459e-07 3.213072225095305430e-08 1.362160759345267037e-08 5.955586922047620298e-09
2.165649688026594611e-06 1.299836265779063823e-06 7.427073763554693096e-07 5.144389188846343663e-07 3.800799430728207504e-07 2.290944671836541070e-07 4.105200991282508346e-07 1.577236590283022003e-07 7.416376566790952284e-08 2.445458989311119973e-08 1.021304026254425086e-08
3.016545744839696969e-06 2.709408697411339897e-06 1.350786908949615832e-06 8.102930645344308148e-07 5.146267587453294783e-07 3.112675306405063506e-07 1.931016750073382864e-07 8.961621830624410752e-07 1.431779886892000798e-07 2.006130701801320650e-08 9.681722061381849898e-09
1.397079735811304891e-06 1.016520009006931673e-06 9.710564191697700672e-07 5.190440890107652370e-07 2.093387635619541951e-07 1.924107444164807659e-07 1.244587846210069172e-07 7.611598820150704796e-08 4.581119411172246919e-08 2.463785187832509799e-08 1.089120666389501161e-08
6.156989117518603861e-07 3.305488067162558398e-07 2.529959026734419220e-07 1.763776629573726315e-07 2.263306307184908251e-07 9.110165806446302649e-08 8.357155209909818785e-08 6.015593777593264026e-08 3.143270122988215606e-08 2.261134105781867010e-08 1.510209589372233539e-08
4.666396863613569563e-06 2.583288815281891382e-06 1.442443822453945165e-06 1.097006342923104731e-06 5.317356245936703349e-07 1.864153491139918287e-07 1.052093897870161441e-07 5.665420324982712758e-08 1.191214864135844708e-07 2.380596308385630447e-08 1.161462455534408013e-08
8.711282038083442265e-07 7.821463615140152014e-07 6.381448646806873073e-07 4.171329015207235284e-07 3.392606454703988926e-07 1.964354831915702953e-07 1.096106999188209297e-07 6.378449144294384093e-08 4.035194637804765133e-08 2.768979119876958016e-08 1.542328874558878849e-08
6.303083949401109020e-06 2.869967664391098894e-06 1.398035314655905031e-06 7.265753658100102555e-07 4.359332907026016369e-07 2.313443359853811226e-07 1.158825020972625826e-07 6.314657122506961946e-08 2.963156503129087331e-08 1.831281966068525398e-08 1.042721856609810172e-08
5.051032685712096667e-06 3.714169479833763628e-06 2.786114590441521938e-06 1.535790865032309414e-06 5.379975011733743176e-07 1.814920418054161387e-07 5.629657650101548211e-07 6.609306119468211006e-08 2.743936206046930622e-08 1.502503364594111624e-08 1.276248525731261284e-07
3.338609740196935444e-06 1.800357521152212790e-06 1.143061833683180616e-06 8.264257678374853175e-07 4.723375761037891717e-07 2.638450595021822169e-07 1.504636569806130468e-07 1.857538819249060879e-07 6.048920344119054571e-08 2.737378950589839487e-08 1.195450628256446864e-08
5.822115473959359926e-07 3.098052332959840815e-07 3.010368343623474113e-07 2.168214195599817311e-07 9.014016472225229971e-08 7.636484680869203376e-08 6.200168706500423766e-08 4.009999852752325327e-08 1.629199926408725955e-07 1.327783572464971135e-08 8.952157252882424356e-09
1.493918722188380494e-06 1.210928711001277525e-06 6.813439349197573582e-07 5.791852032611802830e-07 4.936194054219416355e-07 2.586313078350477588e-07 1.720369038848866241e-07 1.222398662375391719e-07 1.109929969093975798e-07 6.493637837913197497e-08 4.320048668057026626e-08
2.586536410498780300e-06 2.438817391799652818e-06 1.677763048711428745e-06 1.062782780385985943e-06 6.292184530415874835e-07 3.803949634684275211e-07 2.272130054474154845e-07 9.854382793858448346e-08 4.725736646937582516e-08 2.234479497368287500e-08 2.283511262319889420e-07
5.800882607193854423e-06 3.887302616112137204e-06 2.507884277386842261e-06 1.416108310623346955e-06 7.323720467095030629e-07 2.575271016032520702e-07 9.949552065934459313e-08 5.626626299043774928e-08 3.474650493841313215e-08 1.851704906704024444e-08 1.226340403737932087e-08
5.191614126133383314e-06 3.626592806198926203e-06 2.205539145525372090e-06 1.667817169146455665e-06 6.636679749491796901e-07 2.364382804585237093e-07 1.001940817827070614e-07 4.795638913903890088e-08 2.376669693539654204e-08 9.804076395133861076e-09 7.663668436506920028e-09
1.964391428554280171e-06 1.115208761719836177e-06 7.099381614344345323e-07 4.262954428475808537e-07 3.046276864188787224e-07 2.134061794870042791e-07 1.344730744929178464e-07 8.304451171574542102e-08 5.344399021411981309e-08 3.336713369240919004e-08 2.122896107871440967e-08
4.767905496695035581e-06 2.161594541986946038e-06 1.331516393876513022e-06 8.603362652661682357e-07 3.877149007706799242e-07 2.169847372437509419e-07 1.308146806358187977e-07 6.313492627133615083e-08 3.963457855628599797e-08 2.224099465819797485e-08 8.023202276857240160e-09
1.158179622272214754e-06 8.202794082500265041e-07 5.881840311889478790e-07 4.383031253539702586e-07 3.264617636823621348e-07 2.511499899037164802e-07 5.225232167608237495e-07 6.791328011808820231e-08 2.771926152229451654e-08 1.670821727424413144e-08 1.098289432806821170e-07
4.213937279003642059e-06 2.696287954737284637e-06 1.326951565715944348e-06 8.944179222629381552e-07 3.290657468239129134e-07 1.702359874124330962e-07 9.783833760518181083e-08 5.412030946281035202e-08 3.969822302871990688e-08 1.019653937342468380e-06 4.207450975309528301e-08
4.987175918417864616e-06 3.247119276951222496e-06 2.335814110036712403e-06 1.531757483468585748e-06 7.013088410802233928e-07 2.687937081578629772e-07 1.530412754324184644e-07 7.702861653744006686e-08 4.163594099537425460e-08 2.508828150157487723e-08 2.618697523135321591e-08
2.840730474541889301e-06 1.826498205423378782e-06 1.379028649181316406e-06 1.047363659925055814e-06 3.446762369910245692e-07 2.138658139063341746e-07 1.128538253594657609e-07 6.589604909386555978e-08 8.439449857463899776e-08 1.607468621769544726e-08 8.422400663139364080e-09
2.150422974546233651e-06 1.385725115159745619e-06 7.168232428521838509e-07 4.949634436213180183e-07 2.907131000023674135e-07 1.525878454565741146e-07 1.168449936256799972e-07 8.327848939501842072e-08 5.099476414983465433e-08 3.699440342064393974e-08 2.903253343142684087e-08
2.392243868632664196e-06 1.986592670693581124e-06 1.405149595003514888e-06 8.482354778247381218e-07 3.685595737737756607e-07 2.159210123529491882e-07 1.223217748870698149e-07 7.249878913353002767e-08 4.190963048665829711e-08 3.899240519645922971e-08 3.589506073659123566e-07
3.313276468856986728e-06 2.423189454536301888e-06 1.521519213430018814e-06 5.899163133425581733e-07 3.079822603967192378e-07 2.079619064454307209e-07 1.050586293268342459e-06 1.209003306361848837e-07 4.501315233728186537e-08 2.011062736094901262e-08 6.548207067474485706e-09
6.406355050816471552e-06 4.295292151130460217e-06 2.748469919384130147e-06 1.611040793490228123e-06 6.221839381916940592e-07 1.536511524370213810e-07 1.101194765512984623e-07 2.759799903899417589e-07 3.315152675077426936e-08 3.161236264816362205e-08 4.915216285775320240e-07
1.156947318695624966e-06 4.108019583985536265e-07 3.545825195336558716e-07 3.396639043229072625e-07 2.668728143480387942e-07 2.291196034382549714e-07 1.466307099489455306e-07 9.394168561434306111e-08 6.526222952898998489e-08 4.322101161691547039e-08 2.412428578121995270e-08
1.465903173256538102e-06 9.649224570722414347e-07 6.872196868818304451e-07 5.600013163386386316e-07 1.285396979251285282e-05 4.766067073741249733e-07 1.268657222584246601e-07 7.401359284883166724e-08 3.702721925665424372e-08 1.173585865495363209e-07 3.946430794288106852e-07
5.816980662170002800e-06 3.851450931473860171e-06 2.925298087306298673e-06 1.803430655704079293e-06 8.418144049785008049e-07 1.797300003822136205e-07 9.864664812627402085e-08 6.534683348258509621e-08 3.027617806836274183e-08 1.297192394474749248e-08 5.572237972222696795e-09
3.004260784120297970e-06 1.626548916026896898e-06 1.362018268733415581e-06 9.247691543357301279e-07 6.146306633819552816e-07 7.685513118332439134e-07 3.145296001049476868e-06 2.294116214940441341e-07 4.131038291484088607e-08 2.055361480055827040e-08 1.516911978070167466e-08
3.272943533965600919e-06 1.869682578657926044e-06 7.867706761263394778e-07 4.993515909971434697e-07 3.312250266597192257e-07 2.304002932203830200e-07 1.536317415127995918e-07 9.131219094978319711e-08 4.303183035192651603e-08 2.407905774040974851e-08 8.899246974613593207e-08
6.133324230155115678e-06 3.995888071177479415e-06 2.588912664669465290e-06 1.402844245194967953e-06 5.181923786363698780e-07 2.245745262256951700e-07 9.668841940943915317e-08 5.883078225439715657e-08 3.353499193377466908e-08 1.698597827134636968e-08 8.745791824213689979e-09
4.216107381727583250e-06 2.391477024381365972e-06 1.079126272801099176e-06 7.426304427580163377e-07 4.704473312875144153e-07 2.652483418595025296e-07 4.299377098857621505e-07 8.161173647754749935e-08 4.558807772241682383e-08 2.721771989480238182e-08 1.979556217905350730e-08
6.572312806703757988e-06 3.616204135769910240e-06 1.807611053708550928e-06 6.897685291186927411e-07 3.975391218213714878e-07 2.238455321385101904e-07 1.394974375752823235e-07 1.005165181123337986e-07 4.534893745921908546e-08 2.372198353108950917e-08 1.492551073812051131e-08
3.533323811135617377e-06 2.387132504023184714e-06 1.299165046676859192e-06 5.712153305035902594e-07 2.996374635620066884e-07 1.643886565329829354e-07 1.076200261550884059e-07 8.088560492315286667e-08 5.129210045122935259e-08 3.993292773280499321e-08 4.501703152207727236e-07
1.789756263800200340e-06 1.618028662179821926e-06 1.249504400271838004e-06 7.337592280950236296e-07 3.512147834112236092e-07 2.099840908630940337e-07 1.217234235107354661e-07 1.515430068531395165e-07 4.321702567372154964e-08 2.464910630359450379e-08 1.201713690680102768e-08
3.303981410503634517e-06 1.859034370619094331e-06 8.641047823120956397e-07 6.546991236067034962e-07 8.851205014238154150e-07 1.484172832424225478e-06 2.783269163002053786e-07 1.051638916438369856e-07 6.014311018131432415e-08 2.759442835302470720e-08 1.210735329630579975e-07
2.138167242479371192e-06 1.837558560672639255e-06 1.127853374751830138e-06 5.344339952059270384e-07 2.720752758148539516e-07 2.287701902010778172e-07 1.363825803552508818e-07 1.198112952302807014e-07 6.574245951529183642e-07 2.817745281333017459e-08 2.292764428275489492e-08
1.032610475258670160e-06 1.139155881772916908e-06 9.271956049788162714e-07 5.216168690241459507e-07 3.252736858750345069e-07 2.090782732702939298e-07 1.306337109921721326e-07 8.589743970127008722e-08 6.599166616811997849e-08 4.857944750549899396e-08 3.184594695982684104e-08
1.302502201371684053e-06 5.994462606333227461e-07 3.721863594641039899e-07 1.857783070325337807e-07 1.809709560683653913e-07 1.376629322730978728e-07 1.215603554413851385e-07 9.765274726268980160e-08 7.061540311556458954e-08 4.313501517504357083e-08 2.358669878275473476e-08
7.189292014734653245e-07 6.529666892996404560e-07 2.958393887988402509e-07 3.014329144438179499e-07 1.353987249893990538e-07 8.698308042187925599e-08 6.399146631763671007e-08 4.934974753362851737e-08 4.043973508899586088e-08 3.268937219460569577e-08 2.531206245527755078e-08
5.169339392751028072e-06 3.186931392836890876e-06 1.708546501264559779e-06 9.017005872811260988e-07 3.204320345933090300e-07 1.932218211252061013e-07 9.472201239152351969e-08 5.688650706278834559e-08 3.283108638898692962e-08 1.827492527813226045e-08 1.042904625579188156e-08
2.488802261726508888e-06 1.762433974320258342e-06 1.599281787636653874e-06 8.262087045184821500e-07 4.577930485832646282e-07 2.199015647996514985e-07 3.230718866666271752e-06 9.488007840645979198e-07 3.398057227927527363e-08 9.918072810167914111e-09 3.553185737602401130e-09
4.543491191153679426e-06 3.408954778058850112e-06 2.158470539537069420e-06 1.283674363011916434e-06 7.157839981687048938e-07 3.250589885096885321e-07 1.706672864244272796e-07 6.963938012764187747e-08 3.278442847943138998e-08 2.085676032070116836e-08 2.460665690343164288e-08
1.388908676036697784e-06 1.173001932447638121e-06 9.487278285073903726e-07 5.524537844469643198e-07 3.871535591014069586e-07 2.332683557297101345e-07 1.529911081491739018e-07 8.066125941519640445e-07 7.751997394424260732e-08 2.421950285905241614e-07 8.416583159831654186e-08
1.005817560065089962e-06 7.469766904823777920e-07 7.688027773926938617e-07 4.275990240332035300e-07 4.302423131535364141e-07 1.975682592324115462e-07 1.064830405706117264e-07 6.400513631386377057e-08 4.978742525524293721e-08 3.264950749791854694e-08 2.396517520351361455e-08
3.933995111577220444e-06 1.865380645223151626e-06 8.791980875929826005e-07 4.462345914412757077e-07 2.485175849139576842e-07 1.662077163111563394e-07 1.194327958464823550e-07 1.168717404188721011e-06 8.723993164332104054e-08 3.120343649527478706e-08 1.390065683238262344e-08
1.587360402355046747e-06 1.150206164823708130e-06 7.013745417083775132e-07 4.177234140851348653e-07 2.863129662385943979e-07 1.904725112410845165e-07 1.771596728661068132e-07 3.401989736981415711e-07 5.471128514765553201e-08 2.414927503842490687e-08 4.772781041691155681e-08
5.745381008278599947e-06 3.534726538925145620e-06 2.033468935234779068e-06 1.050468519517720709e-06 3.760165403025252256e-07 1.744549033068215931e-07 1.146359636046623770e-07 7.213206060313982187e-08 4.186530675219529004e-08 3.584154626800336043e-08 5.717256396086857187e-07
4.711057789720886627e-06 3.118615578643618471e-06 1.758390582221708232e-06 1.211603500852986914e-06 6.842540871830844297e-07 4.660204501639578163e-07 1.352387940526266381e-07 6.275089130479886911e-08 3.126657510620462871e-08 1.407846211914658301e-08 7.588292588740067259e-09
2.310415862127603061e-06 1.381071819825869352e-06 9.574376315570918340e-07 7.184315549406045519e-07 4.975748118624442978e-07 3.048873624476810384e-07 1.724617427916495291e-07 9.100076925778014862e-08 4.968067141075526482e-08 2.599805224341893438e-08 1.284691745034337275e-08
3.962357960631456634e-06 3.770740382960641570e-06 2.566194384776722913e-06 1.490460298175674358e-06 2.065438380421143985e-06 9.890549207521935656e-07 1.546181013351596985e-07 6.915197089763738862e-08 3.690345960787408171e-08 1.973328302298309384e-08 4.297324918685147820e-08
1.387056721039701755e-06 9.302321626910824225e-07 7.392220751975154648e-07 5.718383907348141051e-07 3.570332583681905325e-07 2.498111501905536413e-07 1.469625690486321737e-07 1.072246478265032631e-07 7.890928823423647410e-08 4.876842457135578428e-08 3.724220306864006142e-08
1.060775356164883687e-06 6.474929580136882837e-07 4.629903535306984895e-07 3.204920965487772010e-07 2.917439823396005846e-07 6.677093403181115641e-07 3.800235585307625181e-07 8.450241135546913540e-08 4.723043173309348497e-08 2.172143596547012265e-08 1.096824896116045826e-08
3.871654119707375673e-06 2.624021034616798863e-06 1.908739567420786588e-06 1.093273407471577725e-06 4.603319551788559744e-07 1.142281581761296960e-06 1.781781638376745614e-07 5.478394902460536383e-08 7.260188229523271105e-08 1.253821395082789435e-08 5.487260419765714886e-09
2.539928490309030053e-06 1.673651647925459940e-06 9.406990032455970270e-07 7.142359077053621315e-07 4.336087452914055686e-07 2.336545867013709848e-07 1.347094698746464325e-07 8.090335103134957210e-08 4.351113047358124278e-08 3.200547722421219953e-08 2.836335217486790483e-07
1.586781568935734921e-06 1.751260443352535157e-06 1.746913469686950921e-06 1.013738101488525158e-06 6.344920418557805257e-07 4.054712100697584959e-07 2.114889265766161882e-07 7.923383226142817541e-08 1.749907242599308929e-07 1.456584198009240513e-08 3.672223621295765978e-09
4.217363591527544206e-06 2.819560281567060914e-06 1.716353510615704557e-06 1.223876964726473818e-06 6.952214825278902327e-07 3.116849371066245714e-07 1.517377208462690777e-07 8.307830392018097731e-08 6.714390873816607170e-08 3.136935250037222603e-07 3.130823457152128672e-08
3.065214597438271161e-06 1.814267180438199466e-06 1.056863225862299976e-06 6.272406180889440335e-07 3.642983439998877429e-07 1.987563283611836980e-07 1.317817266167534818e-07 8.124534123577122722e-08 4.347510208444838739e-08 1.886163212253026305e-08 3.099278816832237230e-07
4.151276822811800141e-06 1.901872017974902504e-06 1.034583168217981118e-06 6.541749104654207395e-07 3.324833166509844005e-07 2.107765499517029928e-07 1.238380600898597462e-07 8.258048529823814481e-08 5.228372457604886799e-08 3.017193651926329779e-08 1.310725697482728464e-08
3.081761866863871778e-06 5.329544346463925980e-06 2.120027776467763349e-06 7.705536455143344612e-07 5.336577076908425822e-07 3.375414352005969444e-07 1.264082961825255063e-07 4.930163800087492955e-08 2.362676966830423038e-08 9.873142068954674909e-09 3.927205222696276201e-09
2.184646700509243207e-06 1.413859286418629345e-06 1.025029851712399499e-06 6.810145212396933536e-07 3.683450878553333458e-07 2.301266300577742258e-07 1.347474545755439732e-07 8.875293332351163048e-08 5.955683729091228735e-08 2.726983855809900081e-08 1.096731215070227893e-08
3.577669836118687442e-06 2.530418468770623400e-06 1.823129825015406306e-06 1.077629114159202606e-06 5.139416825502965222e-07 2.273706118219100261e-07 1.207474552543468138e-07 7.350696794942182383e-08 4.464365727009956909e-08 2.542017876365495384e-08 1.264425562849691574e-08
6.832506209797870507e-06 4.472531185939550860e-06 2.513989354133167251e-06 1.693682234838039271e-06 9.470243050186849827e-07 3.264959076616924977e-07 1.523644045520765239e-07 6.731846196647266517e-08 3.201820315869277188e-08 1.649143211341891995e-08 8.877081354028539293e-09
4.094190633469792341e-06 2.477906658315190103e-06 1.494979368366785589e-06 6.782652377956565130e-07 3.716081460563658355e-07 2.258348328944529317e-07 1.585465785489708954e-07 9.592124215962103635e-08 5.529901774896341953e-08 3.819352635892698757e-08 2.935044227935237595e-08
6.658744252041194064e-07 6.077940500278442416e-07 4.327742085354770716e-07 2.645005703365153067e-07 1.251258137289826419e-07 4.870095971302288261e-08 5.064717957974512067e-08 3.234500987499646517e-08 2.491229146353125150e-08 1.753814303069852264e-08 1.671376416247637848e-08
9.728446933337806635e-08 1.723719070980245125e-07 1.069797774809107983e-07 7.145986809224645756e-08 6.594848770462964480e-08 7.862639736807967890e-08 2.675777770052893640e-08 9.499866125979881255e-08 1.867820011043955153e-08 9.606443610581784995e-09 6.590246872265085608e-09
3.084443460833386143e-06 1.420997586861268140e-06 7.987494144665068573e-07 4.751362628559927008e-07 4.044526520633251727e-07 2.417870772631461718e-07 1.670617118574607711e-07 9.830828600032007366e-08 6.111463295822242306e-08 3.584124546269349293e-08 2.408513058436676508e-08
4.388530526310836083e-06 3.655375905914208934e-06 2.760290293111306806e-06 1.121211899508635899e-06 3.695535132267177472e-07 1.824173184155750371e-07 9.818987126667041963e-08 5.313408782807564428e-08 2.947842189415091140e-08 2.677075535967761205e-08 8.126546690077366372e-09
1.737104267853188525e-06 1.850304407636782737e-06 1.280802092321755893e-06 9.931849230361438698e-07 6.120335567368517391e-07 3.605828522701803088e-07 3.039632843725988132e-07 1.156571402010723400e-07 7.872236860924680537e-07 2.227547232096467817e-07 3.503707935992466783e-08
3.522866895251648888e-06 3.126302491549082192e-06 2.504295438959208558e-06 1.629246607936265309e-06 6.614978417567148208e-07 3.538311014150449889e-07 1.916893570077837710e-07 9.484491009888507905e-08 4.766070423440056308e-08 2.196927390112514696e-08 1.149302292356469624e-08
1.212911539536647780e-06 7.252453294955843223e-07 6.233491169812819546e-07 5.802650159228683527e-07 4.344146177205071389e-07 2.793910893505417220e-07 1.503938011018906613e-07 8.146298012986816336e-08 4.235446993433187243e-08 2.098891899891901145e-08 1.367493122560828880e-08
2.080425473753087244e-06 2.830009859396929260e-06 2.258552782729219020e-06 1.010863876185471593e-06 6.079953759164322587e-07 2.842506212978791441e-07 2.068176068789891905e-07 3.741239798429349477e-07 6.811842185295389956e-08 5.054038795618696192e-08 3.774961402723404147e-08
4.648733468466746412e-06 3.550285998260430389e-06 2.788457859145541210e-06 3.196160908495744732e-06 6.118033961029703507e-07 2.759875331346737084e-07 9.712889853516253279e-08 4.301019934827665441e-08 2.184233316261844913e-08 9.409278393754967844e-09 4.184236851060379212e-09
5.741264663044111591e-06 3.556712974423056983e-06 1.957020855438729624e-06 1.369388356619109590e-06 6.668227074125533369e-07 2.578983953496689660e-07 1.145542585015662228e-07 5.387169577920274700e-08 3.282052142724733221e-08 1.935243288991198735e-08 6.665723478612762492e-09
2.495200656587985814e-06 2.900663544682339593e-06 2.157988348794624907e-06 1.351957154840694537e-06 4.096698464975333481e-07 2.181192549047557718e-07 1.267907473524319821e-07 6.331817696912864523e-08 4.419507309502707105e-08 3.039461361205980143e-08 2.099856343329436517e-08
4.643986991243084751e-06 3.556220127574806929e-06 2.864060964517553742e-06 1.784095302227465509e-06 8.813623029867025241e-07 2.761382370518707031e-07 1.173033653317548025e-07 4.556221316738615086e-08 2.209274571268920011e-08 1.431251559869190977e-08 1.052128735511189528e-08
3.770681672698474131e-06 3.337150734360153126e-06 1.975083655339866516e-06 1.338498597960794204e-06 7.185933755129620858e-07 3.034289938970124021e-07 2.051330708536096589e-07 1.245228125835832169e-07 6.145214736453499252e-08 2.859501896320707093e-08 1.411697689414652839e-08
2.278732005228070653e-06 1.452249158448825249e-06 1.218890573272670168e-06 6.362571659950623250e-07 4.546556869609940743e-07 2.484819421256713295e-07 1.521659410976258000e-07 4.559837741285762822e-07 6.099009339195646150e-08 2.540546922726159877e-08 1.426472069786046690e-08
2.303091639511344342e-06 1.360462482209885657e-06 9.585866966208474515e-07 5.254041669631883265e-07 4.615989925629711314e-07 2.661234594533675070e-07 1.541881225462279597e-07 8.475049035469339749e-08 3.955106553289608023e-08 2.098596348629076850e-08 1.184136793039056253e-08
4.294362779322224565e-06 3.940013172804189491e-06 2.553749139725397171e-06 1.429603809552882323e-06 4.028182234197211994e-07 1.686101013443988531e-07 1.249229006883644534e-07 5.980159661315286875e-08 4.049957198511173620e-08 2.717821842237920972e-08 1.019967579136896618e-06
1.869917660968113329e-06 1.288645074286919983e-06 9.446793527196112312e-07 3.531978253170866360e-07 2.085187119591371753e-07 1.174841318250940731e-07 5.929357569293123229e-08 5.323322483396931318e-08 3.631281993048177380e-08 2.508983673276582602e-08 1.882641820772770022e-08
5.465372385650393718e-06 4.912817692775748362e-06 3.535311303769886330e-06 2.220720367074561402e-06 9.057772658135820082e-07 1.840053316228223685e-07 9.284923749236185499e-08 5.668228818829947745e-08 3.537484443999348198e-08 2.197166367960807568e-08 1.406141562843026162e-08
4.106674954894475676e-06 3.515539324293397366e-06 2.869978242464077179e-06 1.751670563317615483e-06 6.651012272138527348e-07 3.403445416676097669e-07 2.230572228941329503e-07 1.233706955817307457e-07 6.376394147388803951e-08 3.484907054791018946e-08 2.723554953137148332e-08
1.515381111449512882e-06 1.034714917017333710e-06 8.384597839627225192e-07 5.281329971818195636e-07 4.094303738252329238e-07 2.716092838735040781e-07 1.065120385932336277e-06 2.748654454035779197e-07 4.016384918954875139e-08 2.078704767309761795e-08 1.648877742284962510e-08
2.453341693829865943e-06 1.653209773046943084e-06 1.382859966207257705e-06 6.807765717793074097e-07 3.483545109239531416e-07 2.304180004214257240e-07 1.509032850043135281e-07 9.121458719686196854e-08 5.406022419477071407e-08 2.970493554449676617e-08 1.277140653198848501e-08
5.401204951093415788e-06 3.341247013633916972e-06 2.508057420710018471e-06 1.548322569914678360e-06 8.993564009006887176e-07 4.189648639401210203e-07 1.994365601721729525e-07 9.830757354526310866e-08 5.239924469191073789e-08 3.375284475481334797e-08 2.415495380157263783e-08
3.285821899531809508e-06 3.109277397277122168e-06 1.884047273084753846e-06 1.374965818877407608e-06 9.954751474305294721e-07 4.720800179037484054e-07 1.824090301880736392e-07 6.716975324889669016e-08 3.710325529656184208e-08 8.363308107065285236e-08 1.097072282674527947e-07
1.203323355036272596e-06 9.758194518866215526e-07 8.097469118367165884e-07 5.726135396081111216e-07 4.413322788637256375e-07 3.929040651534517774e-07 2.699948154438584403e-07 3.228773171200023325e-07 4.383967168814261446e-07 4.531380056263119992e-08 2.580840767190548992e-08
1.548275541867966694e-06 1.169039040235226452e-06 8.225005704549758228e-07 5.017605017567981885e-07 3.800697381636257919e-07 2.867981340558800420e-07 1.663216262671161464e-07 1.013656396192269532e-07 5.733596131001637034e-08 2.932463601445189349e-08 1.744595453272863168e-08
3.387461604065201441e-06 2.432620253539221914e-06 1.422389935151270922e-06 8.506933817627970942e-07 4.515151045034284043e-07 2.932317527280905048e-07 5.343291869986916615e-07 1.268592425104682646e-06 1.212522847089302113e-07 3.771470751688665559e-08 1.955292176068406050e-08
8.672288519587071260e-06 4.971069465173887627e-06 3.045996262750285616e-06 1.655432498344755330e-06 6.997197406810903831e-07 2.207029387767025058e-07 9.096559537524452457e-08 5.186588647674939020e-08 3.138779870176377066e-08 3.498673141854992688e-08 8.893046613720600916e-09
2.748572397787876974e-06 1.662955192659455899e-06 1.165839933328488096e-06 1.180873393850342025e-06 1.875463872053076041e-06 2.602927445094572418e-07 1.328808597368916668e-07 9.635507422936857654e-08 8.133814736484397114e-08 6.385593277032435085e-08 5.577808647858107226e-08
1.103621791109253556e-06 8.906008448007444878e-07 7.541839334942858321e-07 4.760446780919843324e-07 3.035577916453067374e-07 2.028707963078681984e-07 1.435006423203656027e-07 8.485899260806805501e-08 5.226160146277267574e-08 8.324182874212867837e-07 2.806347688289283891e-08
5.031394737576874841e-06 3.390947647875709831e-06 1.786197928314570297e-06 1.001839985013397283e-06 5.911345416972145058e-07 3.158370799099907819e-07 1.723281128555718490e-07 9.511115037363701812e-08 4.595951261168331346e-08 2.865095941185244590e-08 5.348414735362451106e-08
3.873275858032110306e-06 2.487323914617266814e-06 1.757171231323964502e-06 1.038225316922202041e-06 5.223775348051887763e-07 2.968775584649181517e-07 1.557099195997295882e-07 1.001444094588920648e-07 5.345287869108298802e-08 2.506514769480357418e-08 7.162001138853561991e-09
4.920125341217199616e-06 3.607995093031963108e-06 2.670817155297923920e-06 1.421206189439342594e-06 6.172728040465683113e-07 3.028521297667934987e-07 1.321469636654114778e-07 1.589113024444345839e-07 6.596609665967561278e-08 2.415010538418512233e-08 1.393331814735907147e-08
2.211325582418865155e-06 1.533552078234582425e-06 1.057240189055894864e-06 5.725181324124946104e-07 3.954203824847677942e-07 2.452022186616494611e-07 1.425428715122067159e-07 8.056575440739176145e-08 3.957779957171154909e-08 3.605740465560961531e-08 4.941032121031058487e-09
1.123940287145309429e-06 1.310371072413560949e-06 9.290026499750189850e-07 7.070556708848365530e-07 3.667196790382783630e-07 1.965616093870067806e-07 1.868428023324674966e-07 8.073323361126097949e-08 4.319631510914712666e-08 1.968127132309534738e-08 1.007345361590566503e-08
4.024301998145665525e-06 2.586173002179480789e-06 1.816993009725035721e-06 1.303383726246282590e-06 6.532131003248915898e-07 2.233707602064287569e-07 1.430593318131733283e-07 3.982830572190540115e-08 1.476655349031357681e-08 2.255733567809213891e-08 5.638972497945795785e-09
2.962764508692974843e-06 2.138115488431348327e-06 1.484949221355760295e-06 8.222817244712888495e-07 5.265573658775905032e-07 3.815368680010926011e-07 2.389002866087434485e-07 1.226622615304068276e-07 7.710267304371112592e-08 4.265723370949330651e-08 2.572688654619760830e-08
1.984486576292822067e-06 9.836767158635423866e-07 7.922474486630701734e-07 6.616180106919457133e-07 4.258213672525283344e-07 2.569004713606327398e-07 1.434722751301225720e-07 1.101896427374453675e-07 5.966696129030617455e-08 2.816102897203235429e-08 1.942144045562434967e-08
5.669207434457564170e-06 4.520923246612606450e-06 3.254400880249256744e-06 2.260958828848142323e-06 1.115470674443010598e-06 3.666009906574101216e-07 1.198418229268405883e-07 5.569007198563168830e-08 3.418601052949048196e-08 1.787422480192449919e-08 2.280135425591030284e-08
2.361343328495847366e-06 1.603662617283979249e-06 8.373612075817597110e-07 5.296344377426709311e-07 3.374381664363331943e-07 2.045465082491030729e-07 1.381773981943004063e-07 5.940897222618027883e-07 2.276793385704618589e-07 1.909702391593047443e-08 8.624887416585525472e-09
5.631385457681956881e-07 7.319228342108952844e-07 6.594562485102425877e-07 3.404402356886075596e-07 1.558656705725629535e-07 7.362975858081349675e-08 4.593267188465062287e-08 3.786711965237780690e-08 3.148146162564196772e-08 2.494701991242441133e-08 3.249779343680252398e-07
6.582859588860825661e-06 4.598047485672741570e-06 3.109474688997887102e-06 1.753253251337331659e-06 7.141649487566888229e-07 2.854696934910918350e-07 1.787073041254471455e-07 8.185969592768081881e-08 3.664344746390462534e-08 2.008341633106817979e-08 2.146848377463683529e-08
4.410887226771831267e-06 2.025568221777989125e-06 1.111078922854722763e-06 8.431778735767355461e-07 5.379489564854758693e-07 2.313255145871168642e-07 1.357315573973275335e-07 5.303848986756848870e-08 3.064835868716925517e-08 1.992127994025283709e-08 1.080181147673683486e-08
1.731518923410975509e-06 1.191698232971295965e-06 6.972844286608342766e-07 4.090995404682261576e-07 2.587714854957202824e-07 2.235676515222626599e-07 1.926015572134356276e-07 3.958895114167652567e-07 5.356429093046147943e-08 1.349582409982385923e-08 4.470671231527867659e-09
2.941390883286538094e-06 2.060320806106191542e-06 1.603935986824886740e-06 9.788364671900372325e-07 6.011286100483050950e-07 2.012337352448189705e-07 1.187885046645248425e-07 5.829286144812533173e-08 3.687515383971246844e-08 1.908270616215405692e-08 1.161684378407436337e-08
4.298743993678443583e-06 2.247180575346695883e-06 1.870042017348278712e-06 1.407572629870530069e-06 7.710532316094953487e-07 2.833348522478466130e-07 1.697248930812922418e-07 7.713857606364503384e-08 3.656741367322446168e-08 2.071708769178470949e-08 9.022219525105724175e-09
2.007241879914940008e-06 1.340609004402951545e-06 9.140234588124029832e-07 5.321275732596848681e-07 3.466794711347486134e-07 2.473371199585278095e-07 1.520389230977757537e-07 1.593432508661303438e-07 1.372983680413392059e-07 1.868981114341609144e-08 1.986635175851132667e-07
3.562890487604611823e-06 2.513624417903529105e-06 1.908959223392550063e-06 1.386008108220471374e-06 5.613834904937050869e-07 2.108263803589122782e-07 1.237661329684446386e-07 5.882998158894446523e-08 3.682462596429839550e-08 2.157486425095042741e-08 1.464185074441471860e-08
2.568340332394105181e-06 2.107579061939717104e-06 2.039223349133390951e-06 1.386938967033851687e-06 4.816080391288958784e-07 2.210664251019392064e-07 1.143907611794576164e-07 6.998050298238178765e-08 4.369111495879990472e-08 2.255793781660194429e-08 1.404394977892104953e-08
4.731740820152667737e-06 3.747357869382689339e-06 2.814442205359514028e-06 1.680424323114445024e-06 4.460074414934839789e-07 1.870914846321977306e-07 9.922562438217827853e-08 5.524280159522721753e-08 3.308327108391981857e-08 1.695328938191804285e-08 9.065332452677707429e-09
2.835921187047512318e-06 2.385514327268960335e-06 1.927244484530751643e-06 1.049416908695658620e-06 6.782390991474448030e-07 3.604130933190870315e-07 1.031971847379599190e-07 6.812131236041288817e-08 3.841827386665995595e-08 2.296197966973211066e-08 1.191080914826532893e-08
2.644008088082331731e-06 1.096082151778849044e-06 7.439676948867546733e-07 6.440764247867183045e-07 4.262033840785907723e-07 2.998611544089368565e-07 1.800805936043595057e-07 1.208935136742296803e-07 4.615333800873626966e-08 1.462485826839880027e-08 7.102808780964395551e-09
4.378269219813372720e-07 6.825724440263933631e-07 2.200478050606067097e-07 2.441277787890298146e-07 1.539481298436573502e-07 1.480226343437176292e-07 1.068698231735443949e-07 8.461019258508505323e-08 6.581382673222843129e-08 3.519564052119498038e-08 2.081540524534426926e-08
3.311256755227427394e-06 2.414993065742465356e-06 1.808321749088087748e-06 7.634500859368552470e-07 3.528749122297293511e-07 1.866248542665731452e-07 1.000112106124033274e-07 6.296458655866991300e-08 3.912041130415230373e-08 2.306074639614728625e-08 1.252455446955505168e-08
2.291634833667737932e-06 1.151552765340868276e-06 6.779436708539589434e-07 4.646247120441645433e-07 3.362502275365193372e-07 1.934140350426421882e-07 1.539275555859313098e-07 2.696572484996461176e-07 5.722955164076371828e-08 3.561238240684918550e-08 2.580570355987369786e-08
7.854159414985159946e-07 6.662732455462480688e-07 4.990387847664079938e-07 4.644476423682599907e-07 5.545636002955768521e-07 1.340291224552053974e-06 3.794226237544830878e-07 1.686013593463907562e-07 4.162461598429643319e-08 1.024732693660963320e-08 7.372329859016151084e-09
5.409058023076520426e-06 2.797974463694824882e-06 2.116005342350920507e-06 1.361223089720063970e-06 5.482879646541450901e-07 2.806886120126151810e-07 1.424162606155375058e-07 8.019331578408411881e-08 3.702948310408764904e-08 2.122786309528509129e-08 1.011613283634316493e-08
1.754271147625430841e-06 1.382380305551875968e-06 7.998899517430848841e-07 4.891179162167538113e-07 3.502762905469998740e-07 2.844844860618548830e-07 1.844354502376933679e-07 1.419003638945167805e-07 1.439581348581697703e-07 6.178736391993858434e-08 1.937305678111792077e-08
2.471328491113685023e-06 1.052934145327123059e-06 9.549236703382192523e-07 5.524008400316224660e-07 2.911769643712037609e-07 2.637987328514011748e-07 8.795804967739597240e-07 2.813884875732303126e-07 4.259207753359976385e-08 2.091137985326339354e-08 4.298911617719823966e-08
5.858666872939477931e-07 4.937148152543376183e-07 3.787207965303291495e-07 2.201763267916363212e-07 1.295567628317869202e-07 1.169478965757649575e-07 7.521673777840859112e-08 6.945038764126912700e-08 6.043485460951997021e-08 4.094381978795878942e-08 3.331880224019456737e-08
2.057597331056693352e-06 1.574116322388991214e-06 8.551907065595666311e-07 8.136267660584722016e-07 7.457999647764080777e-07 3.022284187250039655e-06 7.765640071841304476e-07 3.911345421261340529e-07 2.363269220368482336e-08 1.027754467994102060e-08 5.332162256067735214e-09
9.792403411107633565e-06 3.890161938108854147e-06 1.417745374886477419e-06 6.180242389263582103e-07 3.723721783180101602e-07 2.036012034761256301e-07 1.237609395070534397e-07 8.363634232822727061e-08 6.769310045420646404e-08 5.000591469488891272e-08 1.757462430412137568e-08
2.449707623530304290e-06 1.581456133162625696e-06 1.039030003767533417e-06 7.845396694715334742e-07 5.543379546498571923e-07 3.258123430948252917e-07 1.748481429503678076e-07 9.826850458167141364e-08 5.418739636375231167e-08 2.919507235376182562e-08 1.196862259220680055e-08
4.787601275442324187e-06 1.882723751861620193e-06 9.364654699518473938e-07 5.600987004066615654e-07 4.046740160506113233e-07 3.662623788840772937e-07 2.051344018649152565e-07 2.249686031014410597e-07 8.509194314172839518e-07 4.057170546079734786e-08 2.767925795075532300e-08
2.130230445062106319e-06 1.632745781915212748e-06 1.035453960036423624e-06 6.321992368131519911e-07 3.014219218211315156e-07 1.841218543519770361e-07 1.383189600526023042e-07 1.008851006516168200e-07 6.783705174420108309e-08 2.040802467258241776e-07 2.774516738110240217e-08
3.441790030712465525e-06 2.234234936330927965e-06 1.671884623674961646e-06 1.137645496510619618e-06 6.486905291055754377e-07 2.999503160351140857e-07 2.461705066990489552e-07 1.008511118895093598e-07 3.040866354390321465e-08 1.354459458888058127e-08 5.377341292304510836e-09
6.441582948859058546e-07 6.144160425558386448e-07 4.815394832858498366e-07 4.252528385940876251e-07 3.059261906007231085e-07 1.917637131920167711e-07 1.496800289805723202e-07 1.188613826920303159e-07 8.508416100658395843e-08 5.518390896007902663e-08 3.769303476063408085e-08
7.321261794097738923e-06 4.677449472651956379e-06 2.682675463647644559e-06 1.431814174830760976e-06 4.962562555244507647e-07 1.976930028584019321e-07 1.133728545028594050e-07 5.966990687715660938e-08 3.388084393061036680e-08 2.051694167466230041e-08 1.178155279221586542e-08
4.529513926589002478e-06 3.884808352750546862e-06 2.318095128031133960e-06 1.481944271511415970e-06 7.289136397956585450e-07 1.897506989576747525e-07 9.564839921174517601e-08 5.893689811319871476e-08 3.439131653447282285e-07 1.991004057211965575e-07 1.091066648428109555e-08
2.314590199324372494e-06 1.865268781244552704e-06 9.421850273963310119e-07 6.019365878225318404e-07 5.283442541624628294e-07 2.407161469354929355e-07 9.623353314128443388e-08 5.248480508190124738e-08 3.048349593467206283e-08 2.063441225482291087e-08 1.322096105440378689e-08
2.845110972150117607e-06 1.920358845317231591e-06 1.857031017938586128e-06 8.605332860186004189e-07 6.046307493373591929e-07 4.292712912246789863e-07 1.359990379812381718e-07 6.747551683196362835e-08 3.621196168870325688e-08 1.878421325118267369e-08 7.486703624832118446e-09
3.427419468335851420e-06 2.651054015930365390e-06 1.904788289455172145e-06 1.095958129823213339e-06 5.315347098453396535e-07 3.165726361009023383e-07 1.546155725478770788e-07 6.903666285680949700e-08 3.741658453432202222e-07 1.518859653595118515e-08 7.278532431630190552e-09
1.159045894996099391e-06 9.568077542573714456e-07 6.389565833884296076e-07 7.041023966393706122e-07 4.577175724478295804e-07 3.243508473706250014e-07 2.185838400465206598e-07 1.598126892738941517e-07 1.099019283420865681e-07 6.494184382493691462e-08 3.988627812407369041e-08
7.416414340910125019e-07 5.893838667423029836e-07 4.854086436050788903e-07 3.020082683250387882e-07 2.639738419614388924e-07 2.216454543188547562e-07 1.489676402523730484e-07 1.092067330130663475e-07 6.780736657315174956e-08 6.000821513614267664e-07 2.213934406752416000e-07
5.408390385805396962e-06 4.602465917855911028e-06 3.179654148407784457e-06 2.088659592408607389e-06 1.131762602987207139e-06 3.075085551189277980e-07 8.169685779109641774e-08 2.034887946684137069e-07 2.158609628912493882e-08 8.748523282017503470e-09 4.037292542793178790e-09
6.966105095723941750e-06 4.892753994779297162e-06 2.962250935809299320e-06 1.722255122505180460e-06 8.088899566436051586e-07 1.958652207682035526e-07 8.943790639148354016e-08 5.410792454813964974e-08 2.647931252296928071e-08 1.299845553589067321e-08 6.175868738869922253e-09
8.847490920658893044e-06 5.433442255754605567e-06 3.578906728777347546e-06 2.129841223403371550e-06 9.621303996839080781e-07 3.398962680570339918e-07 1.461880505392366404e-07 7.498033509717034716e-08 3.247808685049454824e-08 1.871855825584495684e-08 1.061060744007158731e-08
4.003435655888107191e-06 2.614043980329354109e-06 1.708792813602314465e-06 9.500384618184608102e-07 3.402939108746965478e-07 1.981081139182227073e-07 1.263035087494443285e-07 8.469336189178032344e-08 4.606524907366164373e-08 2.124314321426510655e-08 7.593295688718656556e-09
2.807170639819871034e-06 2.145930591758453814e-06 2.388940412864217726e-06 1.701448041803850380e-06 1.172248625015169586e-06 5.586510032836236637e-07 1.717147324542611557e-07 7.511394670125563505e-08 3.998789276207927401e-08 1.994488871554899723e-08 9.370478097004870719e-09
1.975139899262590319e-06 1.372430134395389287e-06 9.014922750475196088e-07 8.234942426464468696e-07 6.080036874544599360e-07 4.080474758984125399e-07 2.693466069442291142e-07 1.495443434510471412e-07 8.090440135677457193e-08 3.271180078137326711e-08 1.550974780031058672e-08
4.860786999210824877e-06 3.249148286683422158e-06 2.579402778521189055e-06 1.576293052867726010e-06 6.920473419032325203e-07 2.530169925749669366e-07 1.198353564674917062e-07 5.814339680982197635e-08 5.159599024873095799e-08 2.152434059243334624e-08 1.260128857622699876e-08
5.201160967068214139e-07 6.624434234235028918e-07 3.317720722660088551e-07 1.613162700534740503e-07 7.405588563814484644e-08 1.149056534614186787e-07 5.018409252595643060e-08 3.234035732515685883e-08 2.380022578128244515e-08 1.818285905374882257e-08 1.307226509175558645e-08
7.268264493273441070e-06 4.357483844353275043e-06 2.948158712201542321e-06 1.750993866003690555e-06 6.110486161023351503e-07 2.123861482244956678e-07 2.611315944416199714e-07 8.800276419345434600e-08 3.906753012648752785e-08 2.246907392176767435e-08 1.149817433567930159e-08
1.136617691882955996e-06 1.254151823570092599e-06 7.174400687896306685e-07 5.218254032697239392e-07 2.894556285149749837e-07 1.797162761826821514e-07 1.210216801095796074e-07 7.438973434814115007e-08 4.356172214687675114e-08 1.938425521129225152e-08 9.282817004771909703e-09
2.046602261933825944e-06 1.694435456167133476e-06 1.444980360349316859e-06 9.159343031284178332e-07 7.183346349606856334e-07 7.431731698367837539e-07 2.088139067592934458e-07 8.778609190994020683e-08 8.309109326289059091e-08 1.563025696934134224e-08 6.788530735390993380e-09
2.821417256190502495e-06 1.307079879063739983e-06 7.103842451372382160e-07 5.152732216490230266e-07 3.046732290104117304e-07 1.902449984049073582e-07 1.224814089240062402e-07 4.770422060526795835e-08 8.137214524586902674e-08 1.431152712365960140e-08 9.499253312243706639e-09
2.955306183979645678e-06 1.578320795330299584e-06 1.134040142620897591e-06 7.238130320166053476e-07 4.417401108880814996e-07 2.490595438905463711e-07 1.433289048950471373e-07 7.875635629272148561e-08 4.411523235399305104e-08 2.744412759086487713e-08 1.177384614344640667e-08
5.042835325518446367e-06 3.944087899354776683e-06 3.211697037375518761e-06 2.134947409131953771e-06 1.111818109088121955e-06 1.720763088809431874e-07 9.422205549966369921e-08 6.077993983144266666e-08 3.689813488467173668e-08 1.889024026376055024e-08 9.939580300614790628e-09
3.773178770086240236e-06 2.874816469525594438e-06 2.194764025208446321e-06 1.567810754149618937e-06 5.423320640685506238e-07 2.296241919161296301e-07 1.277390660021779908e-07 7.912180401470786927e-08 4.542972292430104092e-08 1.375379391221042869e-07 1.808392018768383923e-08
4.364389178399782196e-06 3.386668399022238367e-06 2.404137379495005791e-06 1.410643455691418884e-06 5.563605521418758259e-07 2.094460571451873266e-07 1.118410896284578627e-07 6.844557768792530278e-08 3.179824704113324398e-08 1.661650646085044061e-08 1.157297477544189340e-08
4.997510809455024978e-06 3.901724883471610162e-06 2.772505616517058313e-06 1.596971459458207804e-06 7.860067403454895605e-07 2.108900630514292148e-07 1.143497301015254500e-07 5.923329187234853382e-08 3.669102226008885270e-08 2.797549868319998411e-08 2.256363054311755946e-08
5.354349341847844481e-07 3.653928166621990978e-07 4.966995823617246921e-07 5.552696033293176858e-07 1.362755818543418466e-07 1.115937507984774515e-07 5.619845317142037737e-08 3.690066944420019537e-08 4.004245845690231288e-08 2.093257193506305831e-08 1.356513812499474325e-08
3.157187833319665408e-06 2.178113949404261765e-06 1.598023382947184533e-06 6.698007713941152916e-07 3.632543404933816510e-07 2.623375081675158183e-07 4.299692808429618027e-07 1.739723432917011976e-07 2.487655561346443140e-08 1.030008433409455677e-07 7.055926248531153815e-08
1.814555624093980554e-06 1.375272334212132839e-06 8.534892845464308521e-07 6.424628051977234910e-07 4.747365406371595409e-07 2.929479576152434268e-07 2.049988849316180520e-07 1.115703946405291592e-07 4.377772047195632257e-08 1.715294526445959825e-08 9.267913153099174721e-09
3.760695527147887531e-06 2.254256947449731674e-06 1.634019954016614030e-06 1.023420941622329784e-06 6.821497669230353097e-07 3.374705483022600474e-07 1.612616002967623175e-07 1.339748267766303590e-07 2.110393293386095373e-07 2.148779450389037195e-08 4.266223393805478512e-09
3.366454177862778427e-06 2.084701099540756834e-06 1.137768054007913496e-06 5.648671080323916976e-07 3.134538557040114331e-07 1.699814757586267895e-07 9.983588083522956586e-08 6.291392542181767891e-08 3.968849672770343241e-08 2.328498639253234117e-08 1.038727544856596984e-08
3.903605985763389496e-06 3.206008021621501605e-06 2.632148598054149616e-06 1.501407700123645122e-06 7.691798005548263520e-07 2.618229859111011163e-07 1.334108243620057081e-07 7.008537836060584437e-08 3.596396384926969831e-08 2.032025071813862640e-08 1.380319823883525120e-08
3.031288155104298990e-06 2.108055325542456655e-06 1.298927233569791831e-06 1.009313914882764913e-06 5.854951249669531614e-07 3.022295514140315439e-07 1.764857007459859730e-07 1.366520582311628322e-07 2.530478485550646757e-08 1.115134246252845361e-08 4.473013908416702574e-09
nan 1.655089984931083789e-07 1.335682478798251574e-07 6.022060978566090192e-08 1.680782350852939250e-07 1.245409810170572191e-07 7.545181801758871308e-08 5.699058627039501006e-08 3.826420533268224877e-08 3.300513473407122367e-08 2.835720381441174533e-08
4.188021992788373073e-06 2.443518061223911214e-06 1.614790578715604670e-06 1.108267720747890333e-06 6.599161810948477445e-07 4.237809694788587160e-07 2.288348148385658580e-07 1.055883786139291893e-07 6.008808565591364006e-08 1.531048056369147259e-07 1.566106590408031974e-06
4.819002887813141395e-06 3.171589962197367631e-06 1.424641041455931361e-06 7.852036851830510628e-07 4.655706362591085269e-07 2.392804106431868064e-07 1.313819738663866305e-07 7.091178136933155726e-08 3.433483748934580342e-08 1.836371368036424890e-08 2.611174494621372939e-08
4.643932589055195283e-06 3.034279027591409151e-06 1.769038673316841059e-06 9.518475231832469535e-07 5.608919620621775770e-07 2.905498245517639467e-07 1.814199563450742530e-07 1.304168026027797130e-07 1.640662208400691044e-07 1.494221172433014425e-06 3.205810219528946226e-08
3.038549895807200850e-06 2.400586577287668749e-06 1.783973650506329943e-06 8.154785563741644134e-07 3.234843167758459375e-07 2.187352313917240155e-07 1.273553700441701312e-07 8.347432321649003148e-08 5.037103324549901552e-08 3.268413444341403169e-08 4.014877556973608089e-08
3.043591328376144308e-06 1.728555433468152005e-06 1.195657528414060761e-06 1.007957521228521325e-06 1.978437120475031279e-06 5.781001216219686010e-07 1.763276647604506831e-07 7.467809627575274684e-08 4.421385371723105500e-08 2.177783736143631638e-08 1.153074837700040687e-08
1.938291864054740205e-06 1.610401665727432609e-06 1.490145127564168033e-06 1.798526948350794399e-06 8.459610258147745431e-07 4.991273546302683556e-07 2.386367572948860635e-07 8.675674055817084683e-08 3.412187782169511792e-08 1.295730801561399266e-07 3.670213100086998763e-07
2.566825079720653255e-06 1.960054788090717212e-06 1.187172790997789583e-06 7.083292147594189808e-07 4.547470482767724667e-07 2.638892066909294281e-07 2.248578554170538680e-07 1.429071001602101038e-07 6.790582168325866226e-08 4.798854549542107834e-08 3.885006373479864391e-08
3.846182180760477894e-06 2.554258408928831924e-06 2.339551908743070289e-06 1.588501380655922667e-06 7.322690827853589270e-07 4.198449784482151451e-07 1.472769888940397937e-07 8.530991539283853868e-08 4.443862531762721861e-08 2.047860506272365076e-08 7.874397209216632457e-09
3.204361963459104095e-06 1.875125642056261308e-06 1.204354747833793950e-06 5.061675081145855569e-07 3.717629657741484593e-07 2.255651053646077199e-07 1.304076486456236324e-07 1.341378600222530393e-07 7.023267003833978003e-08 3.774836861457078977e-08 1.197622486911023346e-08
2.354586659067039978e-06 1.655245156145703173e-06 1.395881162391871226e-06 9.720004831909956861e-07 5.324509919329834730e-07 3.145799876681291673e-07 7.648033543535626262e-07 1.998524589372584490e-07 2.224089358167093190e-07 5.640789956222900658e-08 4.031739281849705133e-08
7.451482397992335445e-07 5.848913982498324015e-07 5.421368329707268149e-07 3.802902254025139160e-07 2.752237380977110267e-07 2.201493747129746854e-07 2.946140554085260630e-07 8.702970402718307800e-08 6.247521132504729839e-08 1.361287687489168260e-07 1.005489635692769942e-08
6.357418259248182941e-06 4.744411557669052844e-06 2.947702521288559877e-06 1.864963817398189839e-06 1.000704646081854855e-06 2.704388843401233337e-07 1.094661950118715654e-07 5.182455114182265215e-08 2.474143407285788872e-08 1.758370594380962702e-08 9.632384124219618222e-09
4.330692848503953466e-06 2.298570444307388512e-06 1.248501380923422527e-06 5.541992259317639498e-07 3.355579621018607815e-07 1.824418887650416973e-07 1.241954613517027831e-07 7.866272049252505296e-08 4.552049184531775284e-08 2.847286777905202865e-08 1.622444650239378322e-08
4.255119643879439293e-07 3.529802523128010511e-07 4.269633050466227359e-07 1.937414022794736406e-07 1.431266499538419547e-07 1.208001268219129446e-07 8.219223798252959026e-08 5.662353907208510443e-08 5.014059779697633686e-08 3.480448329213849072e-08 2.206480251599085803e-08
2.946687942629528628e-06 2.057581781988908300e-06 1.227520785859410016e-06 7.875331136984534435e-07 3.592883071345608016e-07 1.864870573458844904e-07 1.122941131131935382e-07 8.632989789678069081e-08 4.586849907938346568e-08 2.930494029615748386e-08 1.657195323233331495e-08
3.655291899891213673e-06 1.605950642922484793e-06 1.089383966473570580e-06 6.195514512499625280e-07 3.409576044759766595e-07 2.073435653420221804e-07 1.152081813616978153e-07 1.746939411578064072e-07 4.167485962607091562e-08 2.170311032711601241e-08 1.126028520849782446e-08
3.827082619585684226e-06 2.667310670980835587e-06 1.970069697684983339e-06 1.063381374274208326e-06 2.191866163530080316e-06 3.295498219932171445e-07 3.111276646622013093e-07 3.695090930574433625e-07 4.069788496265352784e-08 2.388109959443176676e-08 2.517613754886110788e-08
2.756200391420779088e-06 2.183863830860110969e-06 1.954492324686099850e-06 1.317157049616260951e-06 4.741291860508064488e-07 2.071759425213196918e-07 1.813723427294525064e-07 7.250674661380354403e-08 2.993180405390091845e-08 6.333982405053192781e-08 6.332238716113473414e-09
1.408043896308765001e-06 1.052962841683911669e-06 6.775690723989438563e-07 6.089055960677693889e-07 1.374816243795054878e-06 1.163861539739884039e-06 1.376423550541275758e-07 8.833494697061397482e-08 3.414968890655780038e-07 3.286176242603941117e-08 5.179442804977340883e-07
3.561628237952670411e-06 2.407208846724571163e-06 1.615505736138152856e-06 9.665740233460359223e-07 3.717809804402361820e-07 2.936924585363273399e-07 1.931423605366620550e-07 9.074730907867102499e-08 4.875796840151875863e-08 5.080426587775887347e-08 1.366995756289192237e-08
2.459038190300594338e-07 4.598039664903129772e-07 4.066504061573653763e-07 2.883066995091734832e-07 2.062358122730618767e-07 1.617893492283859063e-07 1.911353409577970500e-07 8.679152589309818361e-08 6.486565092330651142e-08 5.087360384921773505e-08 3.659199270896594005e-08
3.372437893612881934e-06 2.473692606276751281e-06 1.963929807312998340e-06 1.254737625070612728e-06 7.727817216548406534e-07 3.707617455015478980e-07 1.616598063397652347e-07 6.046162649189432888e-08 6.197573913870019398e-08 1.906736703509084739e-06 4.014991483575238538e-08
5.621885561430252869e-06 3.242486178225542770e-06 1.454244592249482502e-06 6.455742483361842870e-07 4.820571105028676470e-07 2.218537548892861570e-07 1.363669057324963504e-07 9.189427819142947731e-08 4.237591150859242628e-08 2.149653278434685147e-08 1.246468840060346735e-08
1.614785136952844787e-06 1.117897359580699080e-06 7.909083454061464861e-07 6.143355756794716948e-07 3.714045403291879284e-07 1.930214638725554036e-07 1.258459870102061712e-07 6.970673448745106776e-08 3.266149170067643854e-08 1.753615685135906456e-08 8.060529281991724539e-09
1.460392103930013451e-06 7.126864902776457375e-07 5.646864606996603112e-07 2.857973605738835462e-07 2.911158037303626268e-07 2.118425698856015847e-07 1.763030829153667415e-07 1.630166324337491594e-07 1.030377082620299322e-07 6.151179538126684014e-08 3.433757034749886790e-08
4.723799082321717770e-06 3.892244242300495056e-06 3.376765973205896482e-06 2.169727724751296985e-06 1.331847151630412046e-06 4.286763973107764453e-07 1.359767856099997915e-07 6.402581109040416695e-08 3.023727937288906387e-08 1.281112026182698951e-08 1.588661633845076322e-08
5.975277214329183181e-06 4.209514560893050107e-06 2.560134758668966654e-06 1.526265139980491422e-06 8.160371667119874505e-07 2.694461043853271160e-07 4.362138669854165394e-07 4.130019770201508913e-07 3.752109258641652506e-08 2.495935270506554186e-08 2.160227451170412289e-08
4.623822893532427573e-06 4.095527401941000859e-06 2.440851092280906870e-06 2.439178315663472950e-06 1.251646368169085003e-06 4.018213547163128628e-07 1.519193405749128542e-07 8.696398553327456177e-08 5.144379016309300423e-08 3.349206462449090266e-08 1.472519164922788071e-07
5.560413280863542518e-06 4.548533779154301004e-06 2.861899136659899560e-06 1.720660221285714918e-06 8.889682990991197649e-07 2.581442073942588125e-07 9.872168229332404215e-08 5.973083749214341219e-08 3.405041184892534375e-08 2.615749721316910602e-08 1.158225121011457072e-08
2.692626970542157478e-06 2.208511645341890350e-06 9.578465601448793536e-07 5.082226267700086190e-07 2.916841785633043230e-07 1.974706959947136584e-07 1.287200704533397821e-07 7.917784968996102778e-08 4.491036555193883495e-08 3.070870351586670423e-08 3.167710036544038600e-08
1.075582138128461149e-06 1.008747256048544810e-06 8.110134831891518169e-07 5.685564413437125340e-07 3.553196299319230249e-07 2.583461668805120793e-07 1.801278454306020931e-07 9.409111381302624687e-08 4.575887363282695285e-08 2.636994016094460916e-08 6.954274593372498951e-07
1.750249400757443582e-06 8.825421197413658226e-07 4.458939333780077797e-07 3.827360468582102368e-07 3.880580317910559806e-07 2.231940191092363825e-07 1.457725047241299143e-07 9.443702039502791700e-08 5.437615636906322694e-08 3.284704464718144303e-08 5.963345927276550634e-08
3.156991460103332465e-06 2.164680989994936089e-06 1.635729516104102243e-06 1.246187721781667053e-06 5.170196465792542738e-07 3.068236055019669628e-07 1.891725668183659211e-07 9.599623045672766469e-08 8.706939838343163017e-08 2.045229245521494513e-08 7.144743957496640179e-09
6.019104260899729296e-07 4.472625209625949017e-07 2.727348286787838529e-07 2.381255620847626634e-07 1.950946540793728137e-07 1.573841148096795006e-07 1.202553746735551144e-07 8.505725286562945585e-08 7.956485302625362164e-08 5.166627487828751891e-08 2.516277786531607082e-08
1.824513431733482862e-06 9.170648190642281180e-07 8.289626856867097059e-07 5.680394086343423583e-07 3.458137519012359608e-07 2.119861724019255162e-07 1.404714565988211131e-07 9.491663969383335677e-08 5.430587658962635481e-08 3.358820735827181455e-08 1.571576477573211468e-07
3.284498487616921386e-07 1.122209153101706515e-06 6.203969160599235109e-07 4.013823625415983756e-07 2.844340622947996837e-07 1.359862082816564256e-07 6.551581789469276520e-08 4.475079260870976673e-08 3.259373328569141314e-08 2.291795762514804113e-08 1.620135792347070780e-08
3.390430063950105498e-06 3.593678828180812589e-06 3.215421617582281489e-06 1.596741920361299700e-06 8.148762914117085107e-07 3.940826098840784430e-07 1.722310338321549089e-07 9.312020829281556045e-08 5.249617124097638086e-08 2.709376400488973442e-08 1.469928257030948901e-08
5.292994403898009191e-06 3.817221355880752611e-06 2.965512986963161286e-06 4.190699282613823708e-06 4.160911803087729726e-06 6.708560389076883289e-07 1.496285017497550373e-07 8.403226209226861429e-08 2.716597317561895196e-08 1.403886917831785461e-08 8.471842330960026043e-09
4.894777743878467576e-06 3.660446509451695751e-06 2.228310277223517409e-06 1.262460940451947517e-06 8.067767954631423122e-07 8.831376024108252620e-07 2.621424927531635686e-07 9.170644924955713663e-08 3.774774205861164791e-08 2.184159429241808171e-08 1.292712106326147895e-08
1.973979449927505694e-06 1.363211975374942582e-06 6.654752801418234164e-07 4.612333223526073106e-07 3.408179020871908354e-07 2.368803317361129477e-07 5.454315647023423987e-07 1.770794820057084413e-07 5.026590996482271444e-08 1.701212238636621033e-08 7.587844803515467983e-09
2.891893524835755989e-06 1.688085738210551131e-06 7.972369457815647578e-07 3.894566813068449102e-07 2.361348324071656566e-07 1.420557171882112940e-07 3.885087555125302260e-07 9.537015398996500460e-07 7.134034838678950288e-08 1.815996272764982042e-08 7.791977696092374696e-09
3.564509238778926180e-06 2.485564320128600067e-06 2.097591244964078968e-06 1.404946580163055615e-06 7.366034834784504779e-07 5.337153156559583446e-07 1.946518615977395441e-07 7.872666442622037442e-08 3.476040281280468070e-08 1.989866165331785507e-08 1.017425975138496825e-08
3.477756356539485076e-06 2.417960292511290615e-06 1.880358449638397691e-06 1.516003686924301833e-06 6.653244436953245303e-07 3.167013598744829326e-07 2.105877210424983427e-07 7.218089745442714097e-08 3.204145151621732474e-08 2.035454072569887386e-08 2.274838693397423892e-08
3.837978026137813160e-06 2.378475219846402935e-06 1.682091763825273133e-06 8.995073765259058129e-07 4.892462953187479448e-07 2.634580663038416008e-07 1.535292843438968282e-07 1.007643029690448258e-07 6.496815230570096557e-08 3.638806763546672173e-08 2.767404204742521292e-08
6.644010240218978476e-06 5.132783215371085984e-06 3.540111423749812022e-06 2.311320134912071296e-06 1.371445487809345119e-06 5.947552152716946786e-07 2.675410529762043368e-07 1.603409470055547751e-07 9.482759176967098552e-08 5.340310463219225685e-08 3.092159855278240476e-08
2.370098379783716940e-06 1.595930255822706581e-06 1.153235404238901116e-06 9.161569398513391368e-07 6.674042388976410235e-07 3.401672778643443190e-07 1.720083157487757145e-07 1.074169138857601840e-07 6.632492715916203685e-08 1.994373145796446324e-08 1.283535606660781367e-08
4.117745045738330782e-07 6.584671043597035751e-07 1.959405165847448395e-07 1.659985453350000419e-07 1.366493356532656034e-07 1.067690580491589931e-07 6.696868598994634906e-08 4.911552639589966152e-08 4.534893970271550848e-08 3.103114974592847375e-08 1.840300377079202159e-08
3.121893499047598539e-06 2.564526034566668392e-06 2.474565425005839270e-06 1.226247072807518098e-06 4.770725548084747600e-07 1.601304837313119648e-07 1.007090153085939221e-07 5.717177821051986742e-08 3.225796870912775113e-08 1.488279378446166409e-08 2.149597512362592245e-08
4.609388902696167113e-06 2.701425114470569499e-06 1.806847907167751739e-06 1.036392098905869833e-06 5.579209820185601572e-07 8.204163176682712140e-07 1.156437825846781957e-06 1.705752368140791168e-07 1.174670967250029022e-07 2.418223228698138221e-08 1.194911034360349133e-08
3.748839795218603581e-06 2.965377962993847382e-06 1.793079885242705663e-06 1.083759980823337616e-06 4.903935679019867058e-07 1.478450397928554169e-07 8.021587399817348062e-08 6.642515301677907420e-08 3.711418077459582696e-07 1.714895820685003500e-08 8.685723657044913222e-09
2.111989463511542532e-06 1.791284983823320002e-06 1.132958571401862241e-06 6.255049170634469285e-07 3.734431281315481396e-07 2.755267703061688623e-07 1.672079557431636987e-07 1.393196111465740996e-07 6.400181083749891640e-07 2.814695852036322678e-08 1.433875320863290451e-08
1.492395249374290433e-06 1.466039555472399424e-06 8.718686799844227074e-07 5.447968205240686681e-07 3.589243419248274819e-07 2.076807936282393694e-07 1.458941258753591049e-07 9.374404789868777648e-08 5.302216984929368566e-08 3.345717555158734500e-08 1.645789875493716068e-08
4.172346642164946383e-06 2.790318402561880829e-06 2.203313993389094729e-06 1.418785233727678574e-06 7.361821498672254503e-07 2.942512004660609697e-07 1.382334516845767521e-07 6.459219859912999201e-08 3.978286127953532342e-08 2.282172947480697262e-08 1.074076779374141463e-08
5.749874364361481863e-06 4.491022352199953614e-06 3.086189221737184165e-06 1.999383114073499822e-06 9.855468887508830293e-07 4.430111913137234544e-07 2.572294659936410619e-07 1.183898088428759825e-07 5.346149861271888944e-08 3.220292556938765027e-08 1.331933240022101614e-08
1.321372743186519914e-06 9.562790501537342355e-07 9.152393804879361443e-07 4.922607744573313431e-07 2.483065983700468030e-07 1.577554428399473189e-07 1.061768365550452576e-07 7.398159068359493774e-08 4.618723589672248808e-08 2.779454531210528605e-08 9.043853728115625304e-09
2.321673597839030162e-06 1.339726635560890410e-06 9.449283748748593124e-07 9.892023664647308702e-07 3.669823392908687673e-07 3.549196292044051788e-07 2.756698445534503180e-07 8.105850516254665736e-08 1.083737663022864048e-07 1.033805503794915953e-08 3.199653935912220634e-09
5.642810126496657864e-06 3.155307160939829877e-06 2.084221168085001463e-06 1.726333527272668015e-06 1.027928454435255527e-06 3.533965908055218143e-07 1.689484161916183994e-07 7.974345543121389634e-08 4.775323113763016998e-08 2.304008958932694674e-08 8.609410536737850503e-08
5.920609087759364341e-06 4.159907131896328048e-06 2.800618578369950716e-06 1.675708471198673722e-06 7.953589336930906817e-07 2.256563279139126446e-07 1.133380596436113355e-07 3.133061941764506975e-06 1.342567999971157451e-07 2.109457691317393032e-08 1.010257132631668356e-08
3.128629812076254284e-06 2.581683471064565574e-06 4.600496395850786137e-06 1.714395514383827982e-06 1.742288231269939455e-06 9.985249675085580411e-07 1.028643084307790989e-07 6.231654371543253322e-08 3.280354963468474434e-08 1.507634640295243595e-08 6.651442693671539715e-09
1.903486904490093051e-06 1.586863057396112134e-06 1.623720215380712692e-06 7.422385509667695665e-07 7.932336715936200045e-07 5.591350715478509872e-07 1.816409116312340190e-07 9.535006972130771685e-08 3.302268707837853291e-08 2.375352629254191960e-08 6.262401858215732354e-09
1.974714142577581783e-06 1.654038546195427468e-06 1.189359626549127089e-06 8.177124695268049856e-07 4.465802837916177624e-07 3.009287584004879538e-07 1.864018455955802558e-07 8.504410131568392468e-08 3.336316613255055043e-08 2.103706139681972357e-08 1.296292938497944629e-08
5.375257832127090037e-06 3.691726456970687468e-06 2.606316905802702370e-06 1.532675925947740478e-06 8.631742795107937197e-07 2.342605750994053541e-07 9.834686325308476897e-08 4.788634624394299459e-08 2.411032164689565366e-08 1.164325293062063311e-08 1.785509840975835325e-06
1.022936453448981855e-06 9.440977751272585135e-07 8.421389497948407836e-07 6.848983991370199814e-07 4.281915467072640088e-07 2.508111572269987109e-07 1.455835838563048458e-07 8.587524648940758881e-08 4.904012531184342937e-08 2.405896481435147371e-08 1.214639013310189238e-08
3.305449639489958489e-06 2.191194092904373732e-06 1.386717153588201981e-06 9.397078463800624759e-07 5.014768918730425889e-07 3.262090302231453599e-07 2.153286805195782545e-07 1.503418987696296582e-07 9.375600893240374214e-08 6.411257930827058156e-08 3.587392135723391422e-08
3.481771610971704331e-06 2.278993262509474252e-06 1.509418206378163871e-06 1.128994098029265931e-06 6.635669271808768733e-07 3.237351393519546384e-07 1.827703735097597979e-07 9.686314243363954716e-08 5.368231914620283950e-08 2.877309911084539906e-08 1.331196060572336460e-08
4.253508020202287449e-06 2.143556662006544838e-06 1.364842815885393195e-06 8.370278403117168840e-07 5.817653506904795212e-07 3.252024322476953646e-07 1.884783929326475117e-07 1.046168445809864560e-07 6.740816129246958986e-08 3.560553246917678823e-08 1.661406866252469763e-08
3.001103756664345747e-06 1.931983655399504773e-06 1.323917775134788500e-06 6.465813494187619520e-07 3.642968710194095795e-07 2.225271914477054543e-07 1.382830156296733573e-07 7.844660008111112642e-08 5.437588924498583487e-08 3.330713997508720595e-08 2.572649058400447871e-07
5.747343767463535457e-06 3.393814763026858879e-06 1.948781789737458001e-06 9.719598493185268566e-07 4.166948740175133124e-07 2.267089581290100813e-07 1.448292468210320253e-07 7.508755994788409676e-08 3.903156503500897551e-08 2.473055501894296078e-08 1.324427898050937544e-08
8.707644338519968086e-07 1.411196984057317239e-06 8.767788916931118082e-07 4.867507497931512805e-07 4.043311017549243000e-07 3.029224111215042024e-07 2.145843450584748584e-07 1.200958894952269313e-07 4.972751663397473149e-08 1.846064780442158401e-08 6.989963232504951296e-09
3.087327636832163654e-06 1.406028901071587712e-06 1.028198055974650949e-06 6.238610744440009141e-07 3.829668445308609398e-07 2.270483013319544249e-07 1.336654767446065790e-07 8.514448069850011376e-08 3.641105416106277058e-08 1.322662948511354081e-08 6.835337331669674810e-09
4.067115710158529854e-06 3.315295297354964860e-06 2.454629288622075517e-06 1.172442682764068634e-06 1.232210471793488615e-06 1.069666792384176166e-06 1.368123106328415097e-07 8.435412850115928876e-08 4.577920378321179172e-08 1.391608833771093122e-08 6.853307016726669450e-09
1.076418046722600001e-06 5.931626908887512947e-07 4.337136298508384737e-07 4.849329309935488183e-07 4.056584161889480288e-07 7.673670049652076022e-07 4.891735762467195024e-07 1.123504113956435232e-07 3.204785084618601556e-08 9.636196852627497967e-09 3.420268048897008437e-09
3.513729599238238425e-06 3.078532510289629177e-06 2.063933260005610111e-06 1.255735892272638168e-06 8.299529599836622508e-07 3.294830663466950993e-07 1.279827977084437922e-07 6.941499440312024577e-08 3.616552783215059739e-08 1.887662768237085514e-08 2.301338272542486213e-08
2.419162491875030405e-06 2.073139479673003103e-06 1.735462829469484841e-06 1.349137109934461747e-06 7.757073892948919337e-07 3.937250169059934734e-07 1.302034878006839771e-07 6.846272433734901665e-08 2.738918888814094344e-08 1.070499882708737434e-08 3.865213503659432568e-09
2.526839382954436746e-06 2.799122612094851477e-06 1.810795593686099748e-06 1.251965559099016819e-06 7.574196243142286577e-07 3.031105527973881970e-07 1.420792799809055161e-07 6.740575894405332906e-08 3.188420418418181695e-08 1.618540834204539049e-08 7.226959338680684547e-09
1.774697919566928149e-06 1.178103776863354564e-06 8.181120169534531268e-07 6.348440979015451535e-07 3.874260098286060605e-07 2.654621762313992913e-07 1.292659178720709542e-07 6.382139685787280511e-08 4.192809225532106140e-08 2.127436423041452725e-08 1.502139777910317811e-08
3.398473284792646886e-06 1.719569806218520917e-06 1.443677091273813833e-06 6.584288495827977974e-07 4.182532777609712818e-07 2.354892130130983358e-07 1.441356373852871978e-07 7.208957352059557338e-08 3.115854776127201855e-08 1.772896119648506176e-08 7.572154268644320410e-09
7.435382026451666148e-07 3.849253774237118257e-07 4.038441326926052905e-07 1.967482897157068668e-07 1.069729157127850515e-07 8.816739905502886136e-08 6.264927636944869565e-08 4.280089290381235750e-08 3.621688372506710988e-08 3.244694193074606413e-08 2.454205142168490918e-08
1.543253130426528023e-06 1.123263582667363638e-06 8.595644689339988361e-07 5.262741444795461788e-07 3.777092417996579825e-07 2.913857398990066959e-07 2.523302886353970764e-07 8.088477144053789167e-07 6.276990689260271306e-08 1.588971267426395417e-08 3.589665050994358102e-09
5.798848622448276781e-06 3.184293801400746546e-06 1.545272817773777959e-06 9.037469165827012406e-07 4.297362630280320048e-07 2.265768976791066552e-07 1.288180908510589128e-07 9.143831527626387781e-08 5.745681887760312515e-08 3.708898449164534890e-08 1.908912853369472845e-08
5.025969758573278273e-06 2.254562292873910563e-06 9.113648277793204614e-07 5.616363899870995022e-07 3.056196836407839926e-07 1.911343661694431445e-07 1.207783742251460737e-07 6.669139592514195973e-08 4.587836857751059760e-08 2.449773072041302477e-08 1.624375393320635410e-08
3.276502043927645275e-06 2.029356382429634976e-06 9.464361099658973623e-07 5.518006573063057539e-07 3.658131387969939654e-07 2.709841532487549805e-07 2.122549091333764858e-07 1.906836382330820522e-06 7.819122682753627482e-08 3.549969920898820771e-08 1.921953793650329447e-08
2.108101406241915577e-06 1.704291351088196035e-06 9.422874226513978448e-07 5.188304642156991470e-07 2.897233089952626131e-07 1.987547253848646566e-07 1.172400322020996458e-07 9.837668174609649336e-08 4.817062522490338274e-07 2.797189550424403083e-08 3.081910617173417008e-08
1.572341795929546936e-06 9.056144333286920959e-07 7.238667814722652900e-07 6.277689542039676313e-07 4.197338682485329292e-07 2.415153813283113283e-07 1.423270014354699133e-07 8.785414052983706034e-08 5.291123360486987511e-08 2.994162945688857440e-08 6.051222290679902699e-07
3.637830364812006184e-06 2.404919601735315124e-06 1.379659094188835781e-06 8.351135108712886279e-07 4.063115239696528339e-07 2.071745608924920865e-07 1.186445945938385180e-07 6.129240795928308806e-08 3.115096238873785662e-08 1.822616281297546892e-08 9.525359888396722142e-09
1.204328026278409643e-06 1.122805878054625588e-06 7.726858168102224129e-07 5.825597647481578260e-07 2.963545533667791650e-07 1.845116458390854893e-07 1.175489151188448886e-07 7.742116638622777598e-08 4.388232552695405579e-08 1.867967070176862970e-08 6.714050477470713938e-08
3.593773332214133359e-06 2.142374617260040973e-06 1.849584151037766492e-06 1.151177768347858133e-06 4.016522099924017668e-07 2.140286705399622066e-07 1.418940912852847986e-07 8.187813947499246743e-08 5.119142466907474073e-08 2.720250082561413255e-08 2.052778877926874860e-08
4.794018457435467795e-06 1.575974424034619087e-06 9.580987214158028646e-07 6.059039562514020750e-07 3.580096498751135833e-07 1.600091926894845497e-07 8.471158340534835198e-08 5.179643245676831513e-08 3.301932491257213159e-08 2.211173768797316497e-08 1.923955658801609498e-08
2.354585870171850349e-06 1.368763517626762699e-06 1.085744393318035918e-06 7.147623035983398045e-07 5.244930130336141628e-07 5.953569327559231124e-07 1.177805584806075203e-06 1.051518052877618364e-07 3.001804655706588133e-08 1.305128122197198751e-08 6.188551588973418760e-09
1.342567904368862630e-06 1.213231097559118111e-06 7.315717000575892984e-07 4.601933120033173950e-07 4.166722890123342058e-07 2.375599110084823856e-07 1.376392876295944162e-07 1.004160484602164982e-07 6.134655362328481991e-08 4.313639615185678521e-08 1.266733864492679025e-08
3.043507440635897331e-06 1.744676443141450893e-06 1.209388630496214835e-06 6.848098871724891171e-07 3.858875352262756154e-07 2.597022683388479051e-07 1.568078510501046714e-07 8.251070312724348443e-08 4.952661424684935607e-08 5.355882620772730047e-08 9.091035605392686455e-09
6.355624028187046154e-06 3.196373725595987509e-06 2.179832781956400235e-06 1.067588149387991755e-06 4.939542815400390018e-07 2.326032971615300835e-07 1.262490750642069124e-07 6.511892155761784999e-08 2.998011372974337596e-08 1.465311235062961928e-08 9.271998537434508371e-09
1.902452396977061506e-06 9.693481934820299242e-07 8.782138933447509996e-07 8.456301632170597547e-07 7.403282086619830063e-07 2.468660128929531381e-06 2.170171855837816715e-07 8.258603308341625107e-08 3.825326938769666942e-08 1.879287674093915739e-08 9.955858637480188371e-09
6.319566535287911441e-06 4.398409361543880353e-06 2.385414098267626584e-06 1.612443716880640235e-06 7.954601694758042226e-07 3.125567386359842726e-07 1.050958836324663489e-07 5.122105379125574121e-08 2.201260453010391289e-08 7.689771250993332158e-08 9.774847120215682797e-09
4.041814847322913695e-06 3.236578909083712373e-06 2.322166205939213100e-06 1.936505367196895452e-06 8.655088730318077950e-07 3.169026494104227334e-07 1.095390598175143400e-07 6.062438653699342270e-08 3.104772247115040891e-08 1.577126798913680126e-08 9.873778763607787177e-09
4.772690498231456097e-06 2.216946869942310158e-06 1.435190617761384566e-06 7.098310271782694829e-07 4.545822508804788314e-07 2.954250499623583681e-07 2.039657635464588875e-07 1.189491546567597588e-07 6.489514468462419263e-08 4.262398445840271661e-08 2.830972945441780688e-08
5.264851498582356551e-06 4.044625628602811746e-06 2.831835007665596979e-06 1.830985516584016829e-06 8.832095760325174652e-07 1.567121567694547257e-07 9.452669326106345036e-08 5.539098502408323913e-08 3.303484981195085347e-08 1.992447172597665431e-08 1.078428237121694845e-08
1.752972307040235558e-06 1.661705195149388033e-06 1.070358229863728329e-06 6.867799138888057683e-07 4.171209388422127277e-07 2.667392569926059546e-07 1.548416411743971744e-07 8.238158977918442444e-08 4.437622895563055141e-08 2.763082523745452465e-08 1.218509599347453178e-06
3.766348368893752276e-06 1.885523691066900417e-06 1.219808434516288656e-06 9.201391629483430213e-07 5.091456152930801809e-07 2.288304164764363048e-07 1.203525779617316572e-07 8.172114440634266945e-08 4.116917628481543677e-08 2.100785947296081421e-08 9.584767962792018074e-09
1.873339920680131344e-06 1.256803560370378260e-06 8.297171028750528669e-07 8.080584529857713262e-07 3.302223502827162014e-07 2.002202727141130791e-07 1.376178298211817369e-07 1.237881226956584607e-07 5.342673162310680705e-08 3.270143708106982097e-08 1.860219399505593722e-08
2.190122433616661120e-06 1.378997386142999167e-06 9.222199672900455165e-07 4.727634607799369369e-07 3.309829321236923385e-07 2.233286153388406088e-07 1.432526435914306119e-07 2.475813374054015922e-07 1.752327262674623774e-06 5.486002072148290080e-08 2.725129955766925369e-08
3.939889533216456097e-06 2.284158536111937968e-06 1.340964077470790842e-06 7.498548811143130572e-07 4.364967899333161403e-07 2.557680169272514370e-07 1.458596212445515000e-07 9.358132300644375325e-08 4.783768689382051322e-08 2.711742510275124448e-08 1.288016738799737997e-08
5.091244451148802725e-08 5.880294668137237742e-08 6.165325811624635080e-08 5.037899188250680400e-08 5.398599508361954208e-08 5.217746439819473499e-08 4.123170864607754477e-08 3.178943364645478767e-08 2.140731698145456386e-08 1.397266696804786765e-08 1.256261250608215842e-08
1.172569932935101493e-06 7.826333053894081895e-07 5.438425607487013161e-07 3.014545520822262374e-07 1.669419044452790887e-07 1.416632305379955737e-07 8.444041918557859739e-08 6.173291732205666126e-08 4.963432435834481601e-08 5.418682014635862075e-08 4.246803817284616431e-08
4.252168851536516075e-06 3.284767695880027529e-06 2.036097649618134704e-06 1.407550442896143801e-06 6.675253932871991862e-07 2.572484025261957968e-07 1.388300314010806749e-07 7.547095512175523909e-08 3.950999849619666551e-08 1.856120878745543904e-08 6.725791254863406529e-09
1.608138138966606174e-07 nan 1.437599019744461807e-07 1.488505470243833903e-07 1.518717177738724393e-07 1.117689440005873464e-07 1.039039803321590953e-07 1.130940315515145737e-07 1.050808995975086387e-07 9.382886317489694317e-08 9.753011349373305661e-08
2.072454061644169158e-06 1.761004811780459481e-06 1.394106195309305353e-06 1.586549666310915443e-06 4.236988170504422007e-07 2.211917294830882571e-07 1.499386113597974890e-07 8.604037422643447389e-08 4.656734403769214542e-08 2.165056942099825927e-08 1.148386630389264003e-08
2.783466510825846081e-06 2.482990502266468355e-06 1.573935315249527617e-06 1.034203047119137220e-06 3.814917851634920496e-07 2.264483134041297831e-07 1.423525176169351757e-07 8.506389830312719162e-08 1.514224496099580919e-07 1.329004536715622283e-08 6.135500714375640495e-09
2.119149833506728987e-06 1.222951236348457191e-06 1.185758535129468117e-06 7.287884307566172348e-07 4.572583802639665479e-07 3.206483346088767112e-07 4.282837341962335655e-07 8.126778685633449544e-08 3.331859917259237631e-08 1.996542198934690894e-08 6.632917835285822599e-09
3.700543512914782298e-06 2.737051077339298427e-06 1.892868140224734104e-06 1.162952220769755829e-06 6.271497682689229086e-07 2.678680041639818081e-07 1.686067907538022028e-07 1.028642504529685313e-07 7.590522675307868722e-07 2.433788390712690247e-08 1.112637588663492575e-08
1.999779674737875877e-06 1.491923665811022230e-06 1.174859006717837891e-06 6.299106164909569903e-07 4.015517905966743344e-07 2.578608858427674896e-07 1.292503992245696506e-07 7.670178375351307304e-08 4.753534247052664171e-08 2.525512946319150838e-08 1.177512165573603048e-08
2.220348046624671717e-06 1.632721742869583867e-06 1.815564972601264455e-06 4.213408179393209098e-06 7.219124700336807269e-07 2.383362754179839084e-07 1.227776174761408866e-07 8.660593496527103097e-08 4.371150134512639770e-08 1.950484034338806695e-08 8.919885826454344207e-09
3.046205047508963401e-06 1.937326549711861867e-06 1.117168516429439147e-06 5.455028942437215780e-07 4.203176103320238990e-07 2.621220309942343819e-07 1.481173062532394258e-07 8.141063401840242209e-08 4.883959095043342318e-08 3.591799163201620599e-08 2.109173369855374817e-08
6.547017764780189996e-06 4.655304863147285994e-06 2.594499108590138911e-06 1.516577042090499920e-06 5.728617439947807774e-07 1.928460279835811406e-07 9.696597167490006006e-08 5.319172715128197675e-08 2.691826423297678405e-08 1.662860547105808644e-08 1.047901488744214150e-08
2.605922862669849785e-06 2.102589926891474310e-06 1.014469635720689993e-06 5.367554345162265628e-07 3.169420108922382651e-07 2.260706491348819340e-07 1.541576499203359928e-07 8.975975436823796403e-08 7.738783776925498945e-08 4.742961909635143259e-07 1.802157755810122925e-08
2.919545495907688266e-06 2.222324116112549197e-06 1.387338530467850438e-06 5.864117793286145476e-07 3.230617775453957496e-07 1.998038990514549598e-07 1.089620168878786611e-07 1.366802171615803035e-06 1.411334251578627782e-07 1.566396465313887910e-08 8.059865610707195469e-09
3.206428646325667080e-06 2.458509831533964943e-06 1.944861382518119992e-06 9.459833277969285161e-07 4.445656436925233783e-07 2.696902903116580120e-07 1.580792082111189477e-07 1.147438908161885697e-07 8.067200838056742840e-08 4.592940623236475269e-08 2.695203222921509188e-08
8.506152333231728697e-07 6.703566742056862089e-07 7.093009047326056011e-07 2.752014169947995165e-07 1.447682329317186768e-07 1.020894270318930890e-07 1.198852481716291683e-07 8.317992357213598085e-08 5.779371619186518831e-08 3.763422306326302436e-08 2.619341501292836144e-08
1.769602709920747628e-06 1.673373228071195890e-06 7.302868021006347169e-07 6.321897552369792348e-07 3.008196347590493178e-07 1.774728614204998608e-07 1.167357801427361060e-07 9.198952039217033630e-08 5.868076881648093868e-08 4.316291157921348628e-08 3.364306745528687663e-08
3.823541759656474542e-06 3.037813848815129661e-06 2.263324601371278027e-06 1.546135939830652533e-06 7.130995862167051011e-07 2.340292246674223663e-07 1.387395123628050300e-07 7.769177013877405776e-08 4.054441359235198246e-08 1.797749081968400052e-08 5.996190955366724699e-09
2.943848505943281900e-06 1.931441568113865646e-06 1.083128251207416498e-06 5.398038615481791096e-07 2.808203548648649591e-07 1.881855324277672669e-07 1.084447805627306253e-07 7.484095161584101768e-08 4.518445241522213639e-08 2.462037603762433218e-08 1.159117107266020438e-08
4.035351853578800574e-06 3.075865254584647991e-06 2.447625196370690415e-06 1.734179121576285241e-06 9.605050238764292930e-07 2.298914740993439971e-07 1.604348139876303880e-07 1.135027744271774772e-07 3.749104524209443640e-08 1.876258591478843029e-08 1.304833433536831679e-08
3.208292385916683262e-06 1.918466613468024080e-06 1.131550309617164458e-06 6.975559349622077510e-07 3.892804894349140723e-07 2.157059904261608074e-07 1.284353276385078286e-07 6.971775600251732002e-08 4.012479117612153564e-08 2.358989959928483211e-08 9.898742057093453754e-09
2.602045030345014208e-06 1.874081901158920822e-06 1.441492263324269282e-06 9.259605805626626530e-07 5.325669113062297554e-07 3.426039029913033348e-07 1.707465241019723186e-07 9.447456498886974974e-08 3.867598829567134692e-08 1.811969020224168259e-08 1.181968958340141956e-08
1.550650353474945603e-06 1.459845567079676365e-06 1.007841775750100969e-06 3.121779979924369830e-06 4.454247802296526045e-07 2.327487241359672837e-07 1.737590230773399762e-07 8.706309678047543518e-08 6.907170688870649540e-08 1.264259658438680537e-08 7.048348488643243532e-09
5.163188816549406798e-06 3.711626442102947280e-06 2.071987168323175532e-06 6.912362426118471697e-07 3.238997875218113155e-07 2.099580559660544907e-07 1.456586424752551974e-07 8.846959283152358844e-08 3.926958696257817468e-08 2.498420420238540640e-08 1.144803298927932892e-08
4.748304568310549782e-06 3.360384648106853469e-06 1.760510217327387154e-06 1.232192862483691365e-06 7.250379660050616764e-07 3.303626376131545890e-07 1.842649362367921851e-07 1.004686785254509276e-07 3.151008691238289889e-08 1.880293703342837972e-08 6.525166345331280740e-09
2.526945907745886713e-06 1.616319987983434543e-06 1.234588092876217262e-06 8.598678114597459091e-07 5.349802438209915262e-07 2.722713665440453122e-07 1.454071302029245515e-07 8.079375858577026457e-08 4.431933137818407527e-08 2.288359288491673135e-08 1.131541798371858909e-08
3.646123696291502261e-06 2.626880032993665135e-06 1.911624915722912871e-06 1.240870382732743191e-06 8.362962996867991546e-07 1.893817109421537429e-07 1.482162335711113625e-07 8.923435302722783460e-08 4.782718255307676100e-08 2.372434630615008199e-08 9.891855468761893518e-09
3.866760621680098172e-06 1.991666622002734826e-06 1.498216582598286390e-06 1.006142857511255663e-06 4.853101509203874936e-07 2.693245576899558677e-07 1.134761735786456564e-07 6.381769825766612466e-08 4.458565369868959583e-07 1.455788035715621510e-06 2.991062799433632363e-08
2.896004381911037300e-06 2.074312294069204399e-06 1.954001919298587293e-06 1.361636203256396820e-06 2.013993565088132890e-06 1.441348798977000895e-06 1.971785756775281700e-07 6.650232367688728442e-08 2.303306192917091810e-08 9.696568158042843748e-09 5.422800850728582536e-09
3.027286162947002104e-06 1.894348527712817370e-06 1.420521889525680599e-06 1.004892355280314979e-06 6.189716649514370016e-07 3.584224431710033761e-07 1.468541215729336032e-07 7.608069257782185452e-08 4.431590466139897380e-08 2.969248432839916447e-08 2.063852589888214461e-08
1.465853477568577986e-06 9.307746169344236442e-07 6.110694272984134308e-07 5.643563674644420971e-07 3.318141573713814332e-07 2.276840075553842186e-07 1.501696863704277571e-07 7.648954684840475638e-08 4.154528199733727551e-08 2.093163706953807162e-08 1.158929943540479919e-08
1.311832795082386596e-06 1.080603424420569018e-06 7.387782354150557313e-07 4.256518002274716190e-07 3.123087300915448535e-07 2.362740003773659781e-07 1.442320879806893617e-07 1.044758765968497908e-07 7.138544883251869112e-08 5.342981798955737835e-08 2.675350366439008126e-08
2.485382116602106896e-06 1.646143644084656210e-06 1.099076826243038733e-06 8.249382057991714836e-07 1.612862109876624392e-06 3.144897964778677365e-06 5.279076122990643977e-07 1.347239769023611144e-07 3.987571983551500543e-08 1.934968957636977415e-08 1.463723759420647359e-08
5.216379447430064277e-06 3.927313977889893510e-06 2.955857366272055204e-06 1.458442133343018628e-06 8.176540538859498803e-07 3.166977003077345789e-07 1.600850403038629120e-07 1.129796783838251117e-07 6.159493375909873648e-08 3.911309378221326204e-08 3.245298453893552661e-08
5.023600847801331139e-06 2.510045610056179212e-06 1.694955396437897035e-06 9.884265632435243450e-07 5.379116680654707164e-07 2.137130628951129619e-07 1.011457487064949847e-07 5.037839019885846909e-08 2.705271201287701007e-08 1.548820897601693698e-08 8.834252570853562549e-09
4.773952242647447133e-06 2.111629052565562806e-06 1.405046306539250971e-06 1.072146098060682508e-06 6.719979111199664687e-07 3.370363400987159895e-07 1.793712021389945234e-07 1.015234865951466218e-07 5.762748915240521296e-08 4.118762642317153056e-08 2.427293290554154612e-08
2.543546496014026843e-06 2.204970832245399981e-06 1.793036790048871547e-06 1.236771767184265169e-06 6.118107836703182157e-07 3.214983484220216753e-07 2.064958305952623732e-07 8.329155575757143443e-08 4.125933392113837354e-08 3.604939220056465667e-08 8.214794605326851714e-07
8.476168063511809419e-07 1.392606832990066130e-06 9.727816790028646211e-07 3.438677107091244155e-07 1.468897306499791631e-07 8.430254315613396083e-08 4.273213984932146126e-08 1.943501567488985886e-08 1.622604212185235918e-08 1.630290745089052437e-08 1.703809992021269479e-08
1.577458066503801291e-06 1.654982551565074476e-06 1.401472823601417571e-06 8.667129724279945692e-07 5.234787644954751942e-07 2.552509440318044948e-07 1.110340516712447321e-07 6.336086708314775975e-08 1.788377069337265794e-07 5.678207995045968479e-07 1.132657115580866763e-07
1.042714399808485133e-06 1.119291617658029829e-06 9.286303277027017024e-07 8.558145756794174727e-07 4.875297307122703746e-07 2.518305507700204825e-07 1.317766567342220278e-07 6.706177450187067010e-08 3.565750194834674716e-08 2.333897219393476680e-08 1.371465511077632866e-08
2.656919378061606524e-06 2.030974545913399253e-06 1.780918134507768613e-06 1.456181573938020269e-06 9.649861757564177949e-07 5.529638947373828780e-07 2.849586987374926552e-07 1.154659277895502570e-07 5.329901493075034610e-08 9.833945234156133542e-07 3.309082026682623878e-07
1.069585103977063683e-06 1.133750645296552860e-06 7.912007364899843803e-07 5.576873966230009814e-07 4.059458152068628808e-07 2.598687444625623701e-07 1.773075411069489917e-07 8.993846887413384386e-08 4.685312946491987504e-08 2.625470767320530416e-08 1.083820082989903582e-08
3.395792112689261130e-06 2.880997527330036705e-06 2.081858563951291755e-06 1.216883194154660137e-06 5.057887207330184417e-07 2.056879834135173024e-07 1.339260682299971188e-07 7.520588320619629191e-08 3.968927387719963846e-08 1.519689549294912748e-08 4.726148173691497980e-09
5.905126814828872218e-06 4.301379370155694329e-06 2.503013500236062003e-06 1.297864608029666948e-06 6.071315531455161109e-07 2.002771364068401462e-07 1.054039308748487611e-07 5.140476774825746196e-08 2.951898385354442274e-08 3.125353661853455425e-08 6.085740690894484256e-09
2.752194694176206263e-06 2.960091645191985434e-06 1.915080886686509197e-06 9.047363772165189063e-07 5.117860918427397213e-07 2.222732836110134522e-07 1.626426578390466532e-07 9.342937986792974711e-08 5.661197844100568292e-08 3.921070629667348675e-08 7.854398130770147576e-09
4.429498475356069972e-06 2.620525576023116131e-06 1.538223997822593783e-06 8.642048950028172230e-07 5.054697771353368308e-07 3.740155562467054758e-07 2.164601501587873991e-07 1.100957679155968734e-07 6.713507141293012823e-08 3.406733348776786157e-07 1.040502242101431838e-07
2.204608417368356809e-06 9.254979454108344109e-07 7.033970968767820806e-07 5.119695521458237238e-07 3.192932191209703068e-07 1.963394015612919883e-07 1.541712222697889364e-07 1.062973947166631173e-07 5.641551597816476610e-08 2.265981764741532663e-08 7.039297057389156199e-09
3.142855966989697593e-06 2.156561024250311250e-06 1.622943211270713107e-06 8.078178698899077854e-07 4.859183285927362618e-07 2.158221113990960282e-07 1.173439128788580200e-07 6.773048033677220585e-08 4.444291373588526908e-08 3.176107328587613674e-08 3.763623448287335375e-07
5.274765177488078256e-06 3.574731061692960797e-06 2.261196089256342821e-06 1.351051924924941935e-06 7.056863726794830371e-07 2.714978869019215528e-07 1.104297478119098913e-07 5.168530231891644072e-08 2.960348674318620486e-08 1.770180204137511271e-08 8.189673122505874753e-09
1.246148435816115039e-06 9.921994815182148902e-07 7.093634143309753616e-07 4.387987936255297031e-07 3.489796705465123937e-07 2.226134554690445664e-07 1.515909162878028534e-07 7.865144481225715255e-08 4.230967270770476346e-08 1.759738517933914494e-08 1.106885147022693950e-08
3.779215647556459427e-06 3.730065044101839529e-06 2.055163595184826406e-06 1.197351087414189460e-06 4.885447497789968002e-07 2.513960699509669294e-07 1.450631029486544077e-07 8.214842381040066617e-08 4.212629780960882956e-08 3.413558051017041958e-08 1.527294994798667906e-08
4.374469149342003110e-06 2.249299539034651191e-06 1.023763073972638438e-06 5.351166078631356428e-07 3.855105489376024663e-07 2.405615419971651528e-07 1.502879444791608580e-07 9.060224485981932446e-08 4.973409274053741061e-08 2.531064525020473816e-08 1.386997994307191786e-08
3.909372985929505946e-06 1.378485497078612520e-06 9.304606508210504338e-07 5.503227254851271147e-07 2.993131001914812411e-07 1.577572970694629947e-07 1.198640708952779683e-07 6.934988313936276231e-08 3.903400078505050798e-08 2.196099596284413806e-08 1.403753413742875813e-08
3.447510331898281320e-06 2.191177610681131139e-06 1.046317075836439363e-06 5.847046122887327686e-07 3.382405249947991005e-07 2.084432326270916875e-07 1.126210264467859392e-07 7.082243050166080371e-08 5.296158459914322416e-08 4.156507182959162708e-08 1.305159657347255313e-08
1.811401242953541398e-06 1.318735300219958057e-06 7.737280541670591590e-07 3.922192715506460110e-07 2.406044731438996186e-07 1.590989886595742033e-07 1.081526499151016660e-07 7.334373346458052083e-08 3.897160315274864993e-08 2.253365946511096516e-08 5.040778772782578137e-07
3.420078168881720305e-06 2.132923903131237102e-06 1.330793919641596642e-06 7.940675743724138678e-07 3.410107289070630207e-07 1.956982770285969792e-07 6.340928487036835167e-07 1.187048060730404592e-07 6.679079022842601703e-08 4.067378419925555547e-08 2.533667891406692006e-08
4.382827634934977697e-06 2.749990853728658922e-06 1.971135830442317450e-06 1.246955098739220949e-06 6.531628622159046874e-07 2.637537859864576754e-07 1.073117520681664740e-07 5.507027792620720968e-08 3.353254922663561456e-08 2.254271751142912776e-08 4.982559714716183619e-08
4.445133295676840505e-06 3.599705810743158470e-06 2.357844545465247052e-06 1.500178239445456528e-06 7.655826441540385128e-07 1.691081628725688068e-07 8.693665075096421123e-08 5.877051942137132250e-08 2.678857296340175650e-08 1.505684308191178185e-08 7.765812976237089349e-09
3.025259768059713524e-06 2.008415576008347801e-06 1.289382807122819659e-06 5.800275747334846080e-07 3.495865751585306458e-07 2.023626811444613942e-07 1.266230145236124278e-07 7.490331074909994286e-08 4.274048592827350179e-08 2.130489031675841216e-08 1.259913050375979836e-08
2.302979552829890862e-06 2.533689878665775844e-06 2.422572136024202312e-06 1.556200843104123232e-06 6.627002478789071884e-07 2.361629343787316652e-07 1.435661358342359370e-07 1.472721619928956457e-07 5.284277313016552752e-08 2.367764915754365408e-08 1.449290921671518637e-08
5.350251337202868859e-06 2.938239926104648248e-06 2.207535694142818361e-06 1.214519002790030255e-06 5.542699781737820166e-07 2.802760211945567823e-07 1.361769555178473413e-07 7.210827959087728577e-08 2.214622100031334881e-07 2.294724853103858110e-08 1.678035843082925351e-08
2.103540668081647189e-06 2.086172192930289890e-06 1.435946376906997136e-06 1.104072980154342714e-06 8.991773157463964168e-07 3.088538114196641380e-06 2.239051182773238247e-07 7.670773600010795330e-08 4.367071981129455018e-08 3.714238824384292562e-08 3.916343373777011792e-08
3.012596967468315913e-06 1.798862937883949147e-06 1.161577645290811964e-06 7.401183117054453023e-07 4.945369147165418660e-07 3.044270157864517794e-07 1.712457235713753635e-07 1.125411943975878065e-07 1.057866946875240251e-07 6.310496864934570448e-07 2.440838632893235417e-08
2.146198538107276595e-06 1.576543702773661037e-06 9.007457439043146408e-07 5.243436087589531748e-07 3.383197978351560427e-07 2.342119621506870299e-07 1.483459052092899264e-07 8.675823130964073478e-08 5.187258055869692582e-08 2.928826302677155997e-08 1.390918968724674597e-08
6.968374935018308071e-07 9.357138702770877856e-07 6.020916315919213943e-07 3.995735204153555570e-07 3.588431900194109050e-07 2.538582796158242685e-07 1.608540577288330867e-07 1.252744569430881250e-07 9.689220605435911809e-08 5.507240800074118966e-08 3.749276080900894331e-08
2.061589618810181631e-06 1.396255916851465939e-06 9.007311079822187555e-07 5.362090868313684245e-07 3.623554363861994159e-07 1.934429378210570443e-07 1.406331446108034048e-07 8.463448067474368913e-08 4.733454745514814269e-08 2.494033094906941430e-08 1.176453781489823556e-08
4.373064728846262633e-06 2.392267306022697666e-06 1.256308513779813693e-06 5.494898074633846935e-07 3.214529928976792812e-07 1.961788805030599223e-07 1.571273197033883558e-07 8.753342851632874347e-08 7.581106367221202387e-08 6.808050024711810239e-08 4.326402122307597960e-08
1.889749927196932028e-06 1.238681158535687925e-06 1.191083737936484814e-06 8.035680626327096823e-07 4.375165399972623482e-07 3.114795669803756212e-07 7.779222570898305458e-07 1.218102048455317161e-07 3.999975281254572407e-08 1.176836516735786700e-08 4.534014112746524647e-09
2.553886833857141657e-06 2.214439460257428052e-06 1.463225715697948400e-06 9.204081629140133192e-07 4.659670775163109654e-07 2.325896380793877963e-07 9.811350310735606397e-08 5.482513481040135899e-08 3.180543491344618539e-08 2.191231397152007765e-08 3.055603547141133656e-08
3.434601505615798422e-06 2.454847579301524771e-06 2.870133657146955839e-06 7.403804468172084337e-07 3.849679328869884457e-07 2.459218406012888092e-07 1.214239668079174670e-07 7.665940402153136062e-08 5.387271560870956075e-08 2.519440551713765601e-08 2.344677381034347879e-08
1.008515104300651494e-06 7.896415978455330024e-07 6.525349337141968809e-07 4.966570805890888599e-07 2.980507361673910962e-07 1.692817671540804500e-07 1.100290785622980083e-07 6.276691814584288972e-08 5.163488196461104377e-08 3.592032296564126698e-08 1.335266416732907170e-08
1.363781925688083769e-06 9.887796585646163543e-07 6.642768320561957251e-07 3.335969006297285510e-07 2.608021875439662512e-07 1.943882436092245444e-07 7.875622010544828362e-07 2.939572450257754559e-07 5.062628788976873895e-08 1.425361174246217036e-08 6.544556768205524176e-09
2.414316110200116728e-06 2.053555661975845175e-06 1.720716562302870012e-06 1.627241554627189388e-06 1.174076358617835903e-06 5.680360205162658516e-07 1.187704612725321250e-07 5.970927474200514676e-08 2.235798801316421904e-07 2.842044634144847695e-06 8.862135109599391567e-09
1.436614595953339013e-06 1.069907711382082836e-06 6.806953163725924853e-07 5.093118995939624840e-07 3.617088064252007301e-07 2.358886741431214208e-07 1.457116942207958168e-07 9.815709043728309397e-08 6.344465387537131652e-08 3.430802914412598244e-08 1.102808223859445003e-08
1.964844751696459751e-06 1.463207808344014359e-06 9.628552530434923025e-07 5.232930023375141017e-07 3.432812420880662732e-07 2.744972685438525574e-07 1.426043616441575022e-07 7.071294080221342973e-08 9.616047206606802763e-08 1.573224778043755018e-08 4.748262565881967732e-09
3.469495859916799132e-06 2.734411446014083871e-06 1.433376213855086869e-06 9.406907363887662168e-07 4.477296513002782133e-07 3.313621625603461543e-07 5.947996527356310820e-07 1.340349887179081104e-06 5.708410577074438277e-08 1.752822988146333777e-08 8.129123878852274971e-09
4.015149914539844918e-06 3.910031276386246385e-06 2.608329153876642528e-06 1.678735865689363367e-06 7.919145947688924544e-07 2.074574683352685906e-07 1.000503972761049310e-07 6.543221553052530791e-08 4.158165311768114604e-08 3.170077153870461340e-08 2.144329726258492946e-08
2.977010573476865323e-06 2.119734972951533546e-06 9.504596651753972875e-07 5.594457430403616623e-07 3.389064955911831513e-07 1.942969967413832372e-07 1.171743393407577943e-07 7.745151237885597418e-08 5.136831797673641472e-08 2.209888151842320003e-08 7.508011666395190941e-09
5.292434755001099774e-06 2.896047696793758918e-06 1.690631861982227684e-06 1.063976370435097257e-06 6.684366162650924889e-07 7.641298675884015429e-07 1.294522791625734407e-06 1.638043706882930117e-07 5.160257114845495270e-08 2.889128322347827566e-08 2.127123767669066611e-08
1.193536452358514927e-06 1.035568588995063457e-06 7.305012610758363998e-07 4.768081360331447771e-07 3.606347146593835126e-07 2.276222323874342394e-07 1.225516969466094591e-07 7.451040664316422731e-08 3.420374443019252018e-08 1.406838020219973405e-08 6.007236242609908512e-09
3.517404156598221068e-06 2.914180417380542671e-06 2.003566002258785390e-06 1.136553684466701144e-06 5.710936413713051905e-07 2.664583267396876487e-07 1.024344528215435432e-07 5.267387499327127836e-08 3.527441518073368843e-08 3.343331071769214636e-08 1.615628031952870283e-08
2.816103475515836319e-06 1.838647621984739450e-06 1.584083426986178882e-06 1.225923871283204270e-06 1.531062973750407543e-06 4.010001175857619339e-07 1.651229000913343949e-07 9.078978946816895026e-08 6.452754750674973444e-08 4.249204713824619882e-08 7.471537752274725235e-08
6.098626877194303770e-06 4.191591072281231494e-06 2.617816255861271087e-06 1.419373680941043803e-06 7.174826057704425503e-07 3.215073597991104968e-07 1.276454580632213443e-07 4.691035759763879906e-08 2.318854852986041946e-08 1.290262604579298145e-08 5.805056457702841848e-09
1.897254506080741469e-06 1.474434740047121545e-06 1.668230841822968672e-06 1.993522689857347360e-06 4.912968780435969606e-07 2.596509379281047833e-07 1.353671837762379063e-07 7.994894533777370645e-08 4.830607835262436969e-08 2.434126353291533538e-08 1.336220807791825073e-08
2.095303053884566710e-06 8.618042498878821788e-07 6.469149004404283871e-07 4.853044408656121357e-07 4.601786070704070309e-07 8.017195445719195530e-07 7.245617657615685085e-07 9.111316106953865712e-08 4.218861206415868614e-08 1.801473662838435688e-08 1.292666717692230148e-08
1.131277410788884007e-06 1.303714588161640871e-06 7.282643122365587353e-07 4.498904706443779040e-07 3.074878816335239980e-07 2.063762334462824621e-07 1.283951098454501381e-07 6.732285330351322262e-08 3.735442550406479844e-08 2.185980403250362104e-08 2.217697989835838319e-08
2.428158975246641006e-06 2.226231585275880831e-06 1.350182157621065495e-06 7.858814799553566144e-07 4.289680871904982969e-07 2.714993617729573491e-07 1.851088942596960195e-07 1.059466922705399776e-07 6.619137176794992398e-08 4.820777340146101390e-08 3.381336890531168660e-07
3.126651879492528161e-06 1.363666119499127278e-06 8.540166080401876875e-07 6.571771886878929028e-07 5.444823367454803864e-07 2.245727691045541383e-07 1.197134375367230673e-07 7.745938664358173751e-08 5.172289868670760308e-08 1.891581822589798511e-07 3.061792336925694779e-08
6.848472373978445237e-06 5.217666566007379443e-06 3.208047478775966559e-06 2.131383059537730923e-06 1.119218785206054395e-06 3.842447102962902630e-07 1.935590754494685047e-07 9.393387838148757898e-08 9.271800198967315046e-08 3.437069600386212571e-08 1.761227034437233474e-08
1.835986051545223448e-06 1.170984475020342345e-06 9.652188658321713527e-07 5.193110587570275795e-07 3.268735431756725711e-07 1.873866766252794288e-07 1.161178768362060346e-07 6.592528405077374981e-08 4.373090209706495791e-08 2.405180898768316941e-08 7.195988578104634292e-09
5.141319781877173644e-06 3.792325932534365702e-06 1.343992168558673639e-06 8.686810672985103716e-07 4.371108837016750540e-07 1.891102481277509421e-07 1.189001352799454604e-07 7.250977796431391380e-08 5.485003586879342158e-08 4.374393706038997589e-08 8.447344805111306365e-09
3.726921829457778256e-06 2.642579399639353419e-06 1.991043782751342234e-06 1.158675253253498256e-06 6.148567132019831879e-07 2.561474398899708489e-07 1.362189394297911357e-07 6.845119816930237682e-08 3.863051257706902191e-08 2.402307414288436317e-08 8.450301852785084695e-09
2.833345975240322366e-06 1.636060337538089226e-06 1.056172703958421299e-06 6.450966675987931660e-07 4.309596010709256926e-07 2.285950865508107397e-07 1.361961959066682523e-07 3.822836905877072965e-07 5.509047086945016049e-08 3.422971583477931329e-08 1.671505774385637292e-08
1.901686166377928465e-06 1.171924954774939272e-06 7.494410581853652651e-07 4.600987287502930914e-07 2.730308270942883585e-07 2.213521482583880523e-07 1.372153874132253698e-07 8.498806285138653083e-08 3.372876504077585341e-08 2.174709306663748087e-08 1.622392825768552170e-08
3.215580026799211095e-06 2.750754224456201312e-06 2.039473609584810181e-06 7.824783964790428791e-07 2.946827152304163519e-07 1.761393920345836992e-07 1.048067277869932757e-07 6.684659610134604281e-08 3.779774068990784110e-08 2.003231776147351607e-08 1.451744725579534121e-08
2.079394611306685627e-06 1.532748148508287864e-06 8.717676138162189478e-07 6.238228638076125563e-07 4.650926010929033177e-07 2.580551370727397593e-07 1.379600305308376149e-07 7.527127283451603055e-08 3.453422511352383460e-08 1.912837278372077189e-08 8.467193032181303868e-09
3.930143767297505836e-06 2.330580992200113069e-06 1.513308422705566199e-06 9.039056782682013270e-07 5.681447934139762090e-07 3.261800146403853079e-07 1.496273956529113630e-07 6.241744488367230195e-08 3.639901704505555125e-08 4.470235360843949127e-08 1.291125328213753457e-08
2.390995780556174116e-06 2.180384377042312567e-06 1.226538811860363021e-06 6.778625334656976951e-07 4.630371134157429399e-07 2.703186258077023915e-07 1.535876463052411586e-07 7.636606324563678921e-08 2.601331237620283605e-07 1.730049425953691166e-08 7.780254981933499678e-09
9.895289380471091729e-07 5.905847073044551005e-07 4.359833607454397918e-07 2.723798197349967328e-07 1.758179731631405585e-07 1.573918069881818510e-07 1.440240880780782742e-07 1.908318273036788030e-06 2.234301576297227503e-07 4.511214067309237459e-08 2.028411503229515782e-08
6.303153605512256098e-06 5.192209844844653368e-06 3.521831218932236682e-06 2.272584467473302678e-06 1.270653165544017927e-06 5.908019040467145497e-07 2.150104400112417143e-07 5.031525505788652158e-07 1.143009448554401009e-07 2.450287080261343375e-08 1.330335333560810725e-08
3.138611275581055110e-06 2.342377450659129649e-06 1.783100561465663294e-06 1.225375744727416700e-06 8.055414025693143514e-07 7.288795309483300294e-07 2.919257329007643468e-07 4.957678037785270627e-08 2.138461676106493235e-08 1.225179421615679782e-08 1.651138506964186478e-07
5.099760280627294585e-06 3.766941958638207393e-06 2.729258937246633843e-06 1.277040649722015309e-06 6.234858100563234833e-07 2.911102276048072996e-07 2.010608565627145959e-07 1.413238045330295809e-07 1.014966518804870596e-07 9.441905293783541852e-08 4.025887038391123560e-07
1.309352410966358570e-06 8.851194051549508998e-07 5.384450015882258207e-07 4.152318199534683817e-07 3.274953228225005558e-07 2.040862948238174943e-07 1.252228423081634687e-07 6.736391964335236492e-08 3.907772262179331914e-08 2.041102801522629628e-08 9.901267529553925517e-09
2.056266132681762499e-06 1.113547868676196577e-06 8.923216934595379652e-07 7.440970412563034470e-07 4.388090798413977338e-07 2.118525307867641975e-07 1.453121285869042973e-07 8.535063072893935130e-08 5.053392621004995397e-08 2.670638000975351797e-08 1.295765900408194917e-08
2.834344409125813364e-06 2.551286343041914307e-06 1.480535182643283606e-06 1.014117040536654387e-06 5.746777725922162400e-07 2.488915895455375990e-07 1.328274849320970095e-07 8.527178786351933757e-08 3.883677770574159552e-08 1.964349893891707549e-08 1.116003983375089446e-08
4.520039694787006921e-07 4.580686311754576161e-07 4.274834864198265399e-07 9.863109410897266975e-08 1.263331385987258688e-07 8.643486200915705656e-08 5.746945498115080319e-08 5.489761082166694528e-08 4.436863537075905090e-08 2.774900900288012585e-08 2.144242859466554731e-08
4.681302356489552903e-06 3.663232622820906106e-06 2.293669568796882130e-06 1.206732590627150267e-06 3.921302260786372987e-07 2.080901275267554333e-07 1.061497787921143184e-07 5.958491905720865605e-08 3.163924253289344172e-08 2.009328956981890219e-08 1.071665919173200536e-08
3.218678475125071767e-06 2.431656276883198020e-06 1.814748833245579385e-06 8.170163586466340742e-07 4.743967800501049954e-07 2.355820188152923833e-07 9.592919520827563856e-08 5.792408608233330053e-08 3.584246925512077652e-08 2.269699740798661131e-08 4.568721772681067826e-07
1.871046319616026896e-06 1.601137674527782718e-06 1.509781756575973326e-06 9.724243764188322890e-07 5.760332147525238326e-07 3.378853098615095811e-07 1.957756790546045009e-07 1.112857906157933900e-07 6.357169959454042130e-08 2.380209748868944329e-08 1.409266931409562053e-08
1.987099259980672682e-06 2.059004632455759599e-06 1.174316427321608781e-06 7.286060231017589751e-07 3.049163774953439079e-07 1.958515605179865788e-07 1.718329998073751001e-07 1.461301156034636713e-06 1.267993221663663759e-07 1.821042914058732248e-08 4.997564720828689589e-09
3.302746625730305233e-06 1.484482674474840927e-06 8.851830610053470830e-07 4.657553382584554138e-07 2.819377419921534675e-07 1.854052170435727028e-07 1.173523801586843629e-07 7.068724919384386675e-08 3.010037122930196404e-08 4.540043465289257448e-08 1.508340003293308957e-08
3.096790689213186059e-06 1.470798705181460321e-06 1.258832671397418069e-06 9.400392325981278809e-07 7.580419396248907976e-07 4.104338516644082464e-07 2.694228129262859782e-07 1.109205743777835180e-07 6.417677812091754807e-08 3.957135430453266807e-08 2.567200754291691010e-08
2.334252717454663295e-06 9.658915928356263052e-07 7.524950208646137868e-07 5.392502912569423207e-07 3.831005539116085986e-07 2.864229190826593452e-07 1.871112279347168351e-07 1.558878393942803615e-07 8.310833181911713857e-08 3.848391472820211415e-08 1.611939230056890630e-08
5.238736506529712802e-06 4.306978699572166028e-06 3.099460031871513147e-06 2.059755623211556875e-06 1.140793388571477560e-06 5.360761840044454882e-07 1.446073888706199002e-07 6.719087701099406391e-08 3.190329882147678556e-08 1.292911605262693134e-08 7.675220101299702495e-09
3.103748489497143602e-06 2.043097686882606473e-06 1.035000517974887819e-06 7.015629115753119925e-07 4.126773822920183071e-07 2.498375960048874666e-07 1.418323436027164539e-07 8.084320368865896183e-08 5.121045690581735118e-08 2.460727424338056539e-08 7.895381737435416655e-09
2.177521775517911744e-06 1.340811753352346548e-06 9.246813884046374308e-07 6.825910856319767792e-07 3.945239352871517349e-07 1.881639562244871725e-07 1.121654054745128058e-07 5.908741014798270088e-08 3.469884482195283948e-08 2.271820622404501170e-07 1.763400524975541738e-07
2.246572495878380449e-06 1.810260269363541282e-06 8.133177813976833753e-07 5.438714980366976429e-07 3.369529631606518798e-07 1.787500817451670563e-07 1.123680033174529155e-07 6.859438989799856921e-08 3.406885245315070017e-08 1.008038241611922830e-08 2.319023191284174393e-09
4.083676243119235002e-06 3.363609796245652931e-06 2.533434214825349309e-06 1.457999398062998704e-06 5.118804552953938046e-07 2.131305564777485871e-07 1.179797840173472469e-07 6.656893039899941226e-08 4.314388250009694855e-08 1.818287983477294861e-08 3.667029902592022346e-08
2.232350515052517489e-06 1.089506473734860782e-06 6.460100776702307680e-07 5.099811215294029055e-07 8.449141632249385726e-07 2.207770243246039365e-07 1.341803303283560613e-07 6.770970031510476556e-08 3.670242587290546921e-08 2.108154369553478136e-08 3.543763677499567552e-07
8.181210212228370144e-06 4.821906840869115714e-06 2.842316638536887476e-06 1.553680943158951721e-06 5.184342456876088635e-07 1.894105253820442833e-07 9.484380102958421872e-08 5.182322984315878112e-08 3.670303058654171948e-08 1.963260793583769294e-08 1.235137976793835656e-08
6.020044464499474470e-06 3.495212091299393467e-06 1.899223936701211533e-06 1.583422334440513960e-06 8.230658063052692489e-07 3.475931838562485696e-07 1.765570348258347317e-07 7.468682764355353781e-08 3.738790745066765532e-08 1.618964543538000456e-08 1.676707932684534705e-08
5.098231914774173814e-06 3.044151548012605976e-06 1.865676384288633544e-06 1.127484047812158958e-06 5.325048039348588715e-07 2.562892278937072973e-07 1.504038156846894134e-07 7.914062839944735177e-08 7.605623768319161806e-08 3.110583675186362880e-08 1.353733779766528689e-08
2.904500581325377739e-06 2.441584159527682338e-06 2.186885631070021934e-06 1.476804269950162296e-06 8.342945282958672873e-07 2.796902215573341725e-07 6.605009074225239889e-08 3.653227696632554818e-08 1.408795207836583035e-08 9.004852326409919322e-09 1.011129400462679329e-06
2.194218502280015628e-06 1.229210587412789429e-06 7.533179029523957839e-07 4.816089730834582782e-07 3.020847023739731715e-07 1.937464718525841708e-07 1.121441048659312134e-07 7.150320387106808645e-08 4.581237325435206611e-08 2.762596951976742682e-08 3.581851600705670682e-08
4.597801023989744713e-06 2.574253351495073333e-06 1.314133663151361057e-06 6.534097820155132785e-07 3.223192398206702471e-07 3.197328045365541574e-07 4.458337765685088225e-07 8.048604777596262991e-08 3.089057086795457871e-08 1.762029247517099325e-08 1.440444336865513736e-08
2.659289235749938106e-06 1.825344808405472802e-06 1.157464210517734187e-06 5.889112997303820028e-07 3.712427144443152941e-07 1.931625364168949573e-07 1.432938401152702400e-07 6.751833146684776004e-08 4.021044690416588597e-08 4.509346013993300594e-08 1.918657333288566407e-07
8.104977614621270516e-06 5.536327932708771693e-06 3.540357163324614529e-06 2.176169695521688323e-06 1.164260331525840814e-06 5.282883949911298997e-07 1.959537658629996541e-07 7.399024748406138165e-08 3.931237044521358030e-08 2.410343054762578147e-08 1.808040151068246954e-08
3.268088244764413161e-06 4.000661360213993658e-06 2.282969336603818594e-06 9.559486339930075859e-07 5.210657017109552673e-07 2.345957066711645394e-07 1.370598997759860358e-07 5.576623887668761140e-08 3.224325560363704203e-08 9.442110989102062610e-09 4.375527364653202288e-09
3.215375977836386751e-06 1.290086311372010457e-06 7.533504498535692824e-07 5.817979464877383484e-07 4.308493889436578339e-07 2.536980456367289113e-07 1.383307278710576723e-07 6.563150078029092109e-08 3.561347717792625778e-08 2.045515663129959834e-08 2.238267211470215172e-08
1.390940263078551017e-06 9.488836054905153619e-07 7.637425243846903683e-07 2.802779223702109946e-07 1.336903912232399440e-07 1.004645744747011888e-07 8.959646907935480874e-08 8.711904464256120176e-07 5.590823673467520723e-08 3.727839216662862967e-08 2.063481653683355384e-08
4.471964190100192598e-06 2.287780948383781589e-06 9.479383232190399225e-07 5.277975704764550015e-07 2.836259303648388078e-07 1.466357497075780579e-07 9.552558784377020471e-08 5.112116206963749390e-08 3.549237839396087276e-08 2.419740785238609515e-08 1.562756513805684428e-08
3.817525807384208635e-06 2.916788231253139552e-06 2.332092713196770215e-06 1.360224931505934507e-06 5.582912582028437071e-07 1.719635130781259755e-07 9.242417870087527291e-08 5.394638047393453567e-08 2.929853716930642895e-08 1.892931785316928945e-08 1.250939032697817148e-08
3.337902179318703149e-06 1.854660645376536290e-06 1.334541251968653666e-06 9.636191741993264040e-07 6.365551703207063468e-07 3.579704346311490326e-07 2.383669261040033664e-07 1.508111614881958446e-07 8.194028761002586268e-08 3.775699106349125938e-08 1.758585406603224927e-08
4.517324684709079343e-06 2.782090469194090460e-06 1.880818822058995148e-06 9.381036036484776344e-07 5.667816134304461808e-07 2.550920362275289484e-07 1.644873401420636760e-07 8.907902881405436344e-08 6.105221072246577117e-08 3.080970865193769693e-08 1.685884619481351757e-08
5.393898292359453979e-06 3.580449993754169374e-06 1.763694702795553880e-06 8.584622049233494776e-07 4.615416520843466933e-07 2.753389654059720193e-07 1.511271893535864638e-07 7.687569695239353791e-08 4.932232037556458122e-08 2.632664250601389914e-08 1.732903140910225504e-08
3.495301002329244512e-06 2.224798104936727140e-06 2.066213082319696526e-06 1.344933971466712737e-06 6.536985884624376875e-07 2.342557613667447884e-07 1.144103784928452318e-07 5.870804129013063045e-08 2.800165822309480506e-08 1.743532502978196759e-08 8.928421487435713100e-09
1.098473806243719971e-06 8.364306406869714854e-07 7.807332204259673745e-07 5.651979184700661984e-07 3.992341997292300871e-07 2.157055030042508181e-07 1.328838589756936802e-07 7.511456474343213697e-08 1.878497697331274906e-07 3.250508777077852510e-08 1.415696721999404078e-08
2.618739238791083295e-06 1.552877989387256982e-06 8.604474206424645547e-07 5.220158981701829029e-07 3.687485058075968334e-07 2.204411523667809931e-07 1.281378523671328237e-07 6.970109604005384624e-08 3.443095638700581817e-08 1.688507191670814517e-08 9.958681470069225006e-09
5.049735097742676643e-06 3.499459532458683025e-06 1.982599125189976342e-06 1.146859199484984483e-06 4.731839501966918379e-07 1.734606474328611634e-07 1.202893738439795283e-07 7.124489070762445154e-08 3.671045810981147837e-08 2.678529193478806339e-08 1.116207733520902296e-08
1.341489587466519080e-06 7.611445032249936306e-07 6.542211765443823267e-07 4.369824259510212712e-07 3.021339946360464126e-07 1.753821357306378504e-07 1.131218997901701197e-07 6.185468837099863109e-08 5.436094695121656595e-08 2.907645078029227619e-08 2.220740156340991101e-08
5.401194641089198069e-06 3.690610712923061539e-06 2.939389828583657075e-06 2.064987050908425852e-06 1.060342451755098295e-06 2.613365728944863158e-07 4.375773258424852430e-07 4.994265766877198404e-08 2.167249820668520135e-08 1.191814582631137425e-08 5.148353214519346710e-09
4.593365138753325158e-06 2.779064266821148436e-06 1.737405922620630962e-06 9.166996604377160087e-07 4.483311373213008126e-07 2.553773862943856606e-07 1.152776002413745716e-07 5.412212531087782383e-08 3.310528092201915369e-08 2.267195322396175253e-08 1.197761613386400814e-08
1.760133186949212003e-06 9.806799431732794052e-07 6.852326367358506966e-07 5.007965020595653167e-07 3.457443792712818101e-07 2.293203017243746601e-07 1.953034321150298178e-07 1.269487541988129414e-07 6.279265880072162140e-08 3.547014449456388222e-08 1.439829535859128475e-08
2.061420155345941622e-06 1.538781290040060727e-06 1.380258787630543654e-06 6.745248125903775897e-06 6.679805591127896295e-07 2.563915345911153765e-07 1.861509900759423276e-07 1.155475576921035450e-07 5.992208141796650349e-08 2.225780472013948430e-08 1.132978415994323644e-08
1.305005544785784835e-06 1.165273443480205848e-06 7.905455343756753057e-07 4.245046496614086935e-07 2.726799431967225903e-07 1.914325509146490991e-07 1.763217326081939502e-06 3.697692100381819173e-07 6.749029801182737237e-08 1.421938977993454220e-08 3.661947211176081605e-09
4.060816000843771617e-07 7.301553673326525994e-07 7.685513146959698474e-07 2.680632854574829559e-07 2.790838223683623756e-07 1.939291352202237511e-07 1.961060198308749057e-07 1.293090850174555762e-07 7.538161224883088536e-08 5.778211214701712322e-08 2.867026409145148321e-08
1.177135321092187504e-06 8.795438459823194857e-07 6.646906253449741216e-07 4.752431597948387079e-07 3.459748156994825772e-07 2.020304050281999270e-07 1.324160485379911514e-07 7.547654515132668313e-08 5.439581449447630784e-08 3.091192981922310163e-08 1.482829458042544754e-08
2.279042506947385112e-06 1.640697642213529532e-06 9.638551589254719715e-07 6.332102166127541488e-07 4.389928540007770125e-07 2.655156036752365561e-07 1.781088416394078632e-07 1.154596117098320539e-07 8.348362163849938797e-08 4.722816938912138597e-08 2.903068839108308593e-08
2.886720846883220473e-07 3.418205286632070868e-07 4.098071000167147694e-07 3.210062913410412257e-07 1.366949653292685201e-07 7.509863620119952721e-08 3.197253226979248036e-07 5.911277447572047943e-08 2.716091821192816071e-08 3.348022778592296475e-07 4.647833602096228097e-08
2.036636143149093511e-06 1.355101552637635679e-06 9.820402667462026049e-07 5.411849358189092176e-07 2.948459334567784388e-07 2.183217336857706048e-07 5.839963529191833627e-07 1.155103655834679988e-07 3.768601021187524712e-08 1.685617309880077285e-08 5.517910017866748464e-09
4.659461996378411780e-06 2.666383361663964663e-06 1.694807598522397713e-06 9.866503292590079974e-07 5.124389653092980568e-07 2.051543345562260546e-07 1.174924967592448414e-07 6.237292722742940377e-08 3.118426676090492518e-08 2.906371091634150577e-08 4.646859292792244276e-09
4.535070827205302310e-06 2.811835467491028737e-06 1.823916327823427681e-06 1.145578812954936365e-06 6.335113907273950220e-07 3.081110406706152922e-07 1.742551759741807657e-07 8.938902549148452014e-08 4.348542560761123818e-08 1.728738072804221203e-08 7.267887705804124428e-09
3.751031556026808036e-06 3.088717151166559951e-06 2.425079804827435872e-06 1.101350779708957913e-06 4.828233692076662440e-07 2.565528604185123117e-07 1.744921056247619021e-07 9.841954479180067244e-08 5.451788282936900917e-08 1.304850490859093166e-08 5.045060006167337826e-09
3.156268012410046711e-06 2.071045521625386036e-06 1.188183005901233723e-06 6.339542169565843004e-07 4.243446796290070167e-07 3.368997282150598904e-07 2.100542526668166263e-07 4.135159914406106860e-07 6.149850957929409713e-08 3.240201460871469443e-08 1.836565489063979094e-08
6.783765679424347279e-06 4.567163136633963691e-06 3.071148183570714384e-06 1.879587911282766548e-06 8.928635532498731183e-07 2.834799581859940897e-07 1.171867700728102658e-07 6.045117346253706667e-08 2.985466597032924755e-08 1.538203983899036368e-08 7.331798211846160361e-09
4.606941065089938048e-06 2.823448418410380712e-06 2.116857350214899128e-06 1.052986933435893795e-06 6.219162257226388706e-07 2.548419054701154612e-07 1.190151315612651101e-07 6.794274005442419437e-08 4.232934559098028268e-08 2.967012298625647997e-08 1.747992114523023723e-08
4.736301958163164362e-06 3.365125802411006620e-06 1.919965166215081035e-06 7.471271618827940088e-07 2.567282441072264627e-07 1.530597635531981271e-07 9.089711362041557826e-08 5.251759901570317232e-08 3.045115330677901981e-08 1.973324885268893537e-08 1.241935092232613372e-08
4.524673328011775325e-06 2.814401210060360042e-06 1.815692916832982118e-06 9.307611239819377160e-07 5.087829669905167745e-07 2.343663353943492315e-07 1.325671881917056505e-07 7.004336047839196257e-08 3.634793599104684363e-08 2.086219185578849171e-08 5.684937587971379989e-08
3.480624362391496765e-06 1.971718669186111316e-06 1.088026021717046055e-06 6.813179023976390630e-07 3.126802219553752630e-07 2.123904907597209386e-07 1.298080386808729811e-07 8.098038104231249216e-08 5.297721277252528216e-08 2.818635452322141875e-08 1.434596909699048197e-08
5.081188939184709460e-06 3.637213466818215638e-06 2.408351017847498153e-06 1.297093736538149442e-06 6.468714865428749686e-07 2.302505443644040048e-07 1.930481755545180289e-07 9.255320639009488401e-08 5.525930703833487216e-08 2.178382079706582311e-07 2.840679277278190747e-08
4.233852019108448105e-06 3.025030906806494302e-06 2.106088436314944239e-06 6.790045791779475275e-06 6.089621736069103458e-07 2.578115411168460066e-07 1.479020307022816335e-07 5.259997901168956200e-08 2.382846049256196835e-08 1.151333239102164300e-08 4.311994948311707042e-09
5.505870813345585193e-06 4.375074434319375524e-06 3.545303240388206704e-06 2.488019364194691883e-06 1.063405884799293127e-06 2.479190561390181999e-07 8.241896379040196866e-08 4.109485159119914642e-08 2.345017913848775179e-08 1.237870188413659207e-08 8.871571238853941204e-09
1.097623680998049194e-06 6.718879214830013663e-07 5.318387636668881398e-07 3.672550457102034499e-07 2.451822299829501452e-07 1.547304385393203404e-07 1.682222538847138965e-07 5.991165721991492645e-08 4.372275738819447094e-08 4.367874398817062375e-08 1.324081571153070199e-06
3.431087328305891387e-06 2.433247913822947890e-06 1.812538655308208550e-06 1.217415496851973133e-06 5.711064617419173862e-07 2.384992640549230475e-07 1.163071332457649187e-07 1.387229742634311136e-07 6.598365026900199862e-08 1.826452656244303201e-08 1.057033889910951875e-08
8.903711030245196738e-08 2.123612554604654041e-07 8.232030036778007942e-08 1.322051984526232142e-07 8.940201281635633811e-08 1.091093817463272482e-07 6.420596318778238438e-08 4.995521659740716519e-07 5.356901097977319235e-08 3.053044207152171045e-07 4.149336852948476001e-08
2.946722262512015917e-06 2.279652706121648044e-06 1.407841085300282025e-06 6.649865307892590930e-07 3.483852138265598011e-07 2.262753320985771050e-07 1.452112988463749464e-07 9.385099192322340689e-08 6.109786162907275598e-08 3.586077708716962738e-08 2.541334687410931670e-08
3.417830899280470058e-06 2.622958382658171848e-06 1.705949266959271414e-06 8.252469236573672519e-07 3.073946621243320212e-07 1.608217933061160123e-07 7.859312237144111326e-08 5.204263440626697920e-08 3.494569273021793384e-08 3.012492338878625273e-07 1.400693268664301815e-06
5.763361666403629220e-06 4.410910746081732117e-06 3.172409940315223692e-06 1.859655169266516021e-06 8.276761729563610725e-07 2.361510923146035191e-07 1.088237652479193341e-07 4.942922762065680278e-08 1.850811977632019258e-08 1.005277678634022796e-08 5.235522898723756914e-09
3.031145062166541780e-06 2.788742501019300482e-06 1.426408615274047376e-06 6.698930254212276185e-07 4.236384067029796306e-07 2.400792932411380438e-07 1.756203886890073686e-07 2.940110605688446203e-07 6.236793668774388757e-08 3.474237294256105882e-08 2.495544065042851906e-08
5.067776702054538309e-06 2.582880724408832135e-06 1.478061521962336101e-06 9.125302044165633173e-07 4.619004193534569605e-07 2.789389407527923275e-07 1.622215217095046987e-07 1.052750590285668581e-07 6.422354613551840342e-08 2.998700346127763263e-08 1.433647138292098667e-08
4.703088118552890815e-06 3.002180500568679095e-06 1.872320581806894454e-06 9.475881277122268716e-07 2.681607803218993711e-07 1.505554094722255418e-07 8.652661201437597543e-08 5.554368556211564076e-08 4.175861908762453059e-08 3.187925325581980054e-08 1.356425018374229801e-08
4.181550420923116041e-06 3.113296966043916664e-06 1.860417549420931999e-06 9.077761096537972698e-07 5.266013051056590350e-07 2.234013558249855205e-07 1.290863891810220881e-07 7.262802841548749058e-08 3.996735469571756889e-08 1.956182317223712861e-08 1.342446271393636400e-08
4.517455345087572680e-06 2.600794516489566999e-06 1.432347901321021722e-06 6.213188926890137746e-07 3.462904114393328233e-07 2.042924937110734676e-07 1.092201252770844731e-07 5.218949066263676219e-08 2.545039227669144388e-08 1.183219078332228286e-08 5.976088083656234588e-09
2.889983350165343608e-06 1.750556703207357243e-06 1.425648565616273478e-06 7.735207602207054571e-07 3.940159720270023287e-07 2.260234071482029782e-07 1.426591472511699232e-07 9.773317762545066274e-08 4.439893073150564406e-08 2.407196209030105743e-08 8.096401054240064751e-09
5.822606959364660705e-06 4.169142805882364154e-06 2.697406578215012682e-06 1.632934334018159854e-06 6.341999640292569180e-07 1.747982811506205781e-07 9.832203408847550582e-08 6.229038900029986837e-08 4.028181565644595509e-08 2.203561461587207641e-08 1.537015833489985961e-07
4.098690771737395240e-07 2.649060775176617154e-07 4.540105452333387755e-07 4.715481729541821884e-07 2.777466913641184698e-07 2.522271057482206343e-07 1.883457786796424020e-07 6.517964316165194394e-08 5.466139665586802302e-08 3.864237565357077426e-08 2.339405843304057118e-08
1.785551882033520954e-06 1.440828617317185229e-06 7.313965490382608750e-07 4.578694868578970958e-07 3.090479369689253907e-07 2.056342704540871635e-07 1.239162585267781731e-07 7.901706564161481455e-08 3.811520060283766816e-08 5.658477467599713051e-08 7.870408394624285366e-09
4.766270522493414490e-06 2.382160201310231513e-06 1.027747656596991146e-06 6.324595705098133173e-07 2.933993668236958097e-07 1.879263948858385289e-07 1.885788339197678601e-06 2.388010243766653374e-07 4.587930381956545289e-08 2.087624441302576823e-08 9.843117548310514481e-09
2.714275039882197288e-06 2.655502858719539050e-06 2.277728253831896591e-06 1.150065887770952061e-06 5.478432171515053262e-07 3.169863571258338928e-07 1.588512359017861393e-07 8.275123073191914296e-08 4.343271183018562049e-08 1.694976628298031505e-08 2.971354081249481440e-08
1.722356378663247301e-06 1.133572880145742948e-06 7.751305387259186965e-07 3.880385245674586770e-07 3.344155480568125609e-07 2.499318530231189838e-07 1.557040492576829023e-07 1.222259799645018077e-07 5.986740542157764439e-08 3.174280805830203886e-08 1.423488908263800582e-08
2.393369582181549881e-06 1.222139009902215941e-06 7.605264042678618082e-07 5.274488546395145340e-07 3.490366348896570478e-07 2.192966380659607770e-07 1.290824405599591865e-07 7.756157092637912109e-08 4.268209878589127299e-08 2.055763111728027719e-08 1.331617156643570408e-08
3.917918210903230187e-06 2.478647532719321896e-06 1.469952566067536049e-06 7.874500260205097004e-07 4.121097551102731683e-07 2.276875191850279111e-07 5.220606500634008723e-07 1.663788745773143667e-07 5.634611892464265041e-08 1.603763626083365704e-07 4.799273797267353512e-09
5.242605674049252044e-06 4.847120243085372865e-06 2.831210537433974043e-06 2.140855910119291945e-06 1.210157123031438976e-06 3.087346256462136986e-07 1.415278423578905358e-07 6.499547876054616593e-08 3.169076916056059243e-08 1.558039533326602439e-08 9.469029187033571334e-09
1.704178581337546486e-06 1.131085757465082458e-06 6.906543614342744779e-07 5.525993095207953950e-07 3.496178409023277110e-07 3.346884815145411588e-07 2.471086631869404188e-06 2.858085851755914466e-06 4.594504564446682110e-08 3.369592661276303872e-08 2.211674597244540269e-07
2.722687262168787783e-06 2.034129633932772120e-06 1.157992754413790569e-06 7.380876665029563230e-07 4.408034188453928144e-07 3.577400147571054415e-07 2.883046690215521745e-07 1.685333867586270218e-07 6.849631955672585039e-08 2.629209790525963906e-08 9.187065596180739237e-09
6.542658168595901160e-06 4.814891179790675325e-06 2.701256567776577141e-06 1.486730647147076886e-06 8.442177955317970036e-07 3.001457669942992515e-07 1.132477476834375644e-07 4.391584184629133673e-08 2.026930895740041711e-08 7.968835105604192126e-09 2.219104176663886630e-08
3.728150170739725331e-06 2.124606807080878281e-06 1.183000366914666407e-06 8.544024700692658951e-07 5.509243038587950100e-07 3.802581448640047700e-07 2.040205699057794691e-07 1.637129658895968131e-07 1.063905873702688859e-07 7.423806940087594959e-08 7.494434996303111302e-08
1.692044151977447883e-06 1.413629210834692716e-06 8.492754004666576432e-07 5.854018667131186598e-07 3.630951893059520929e-07 2.249647995068119618e-07 1.245791877297105032e-07 7.705153460798298897e-08 3.906677955310366775e-08 1.957739194427641531e-08 1.528652732593710146e-08
3.637705401773203359e-06 3.581056060005983614e-06 2.305816091228127617e-06 1.346103505898732899e-06 9.182076995130248066e-07 4.587962431337734840e-07 1.728836513822748954e-07 8.300785778795613999e-08 3.835313336578847713e-08 1.665832903541761562e-08 1.513670915250344980e-08
3.069713050795184502e-06 2.166144712904324019e-06 1.478449607977560682e-06 8.484999604643964756e-07 3.366871970375519112e-07 2.276731438788094073e-07 1.599293120735077385e-07 1.015645611100032744e-07 7.090274194938199945e-08 4.509018059849352883e-08 3.078926084752043667e-08
3.816001687648374343e-06 2.224711908292264966e-06 1.199913805043250920e-06 7.236743715943792662e-07 3.636360407674264358e-07 1.703299871801558839e-07 1.022908367702239201e-07 6.002346820813448213e-08 1.913346615763570311e-07 3.476421963072839458e-07 6.678498157893062741e-09
1.972640800709835372e-06 2.025175725992711640e-06 1.660577110421591389e-06 6.906667481104257652e-07 3.757683915548656833e-07 2.225133330685956851e-07 1.118602482526945551e-07 6.866658005192829501e-08 4.125794993643675029e-08 3.012955682415205606e-08 1.308282041968525191e-08
6.169074675768816736e-06 3.926385287784072034e-06 2.506993685868532501e-06 1.346920447380521849e-06 4.409971683656702532e-07 1.549539144761030101e-07 8.728773866875645016e-08 5.613013639444105924e-08 2.790044848744863342e-08 1.611234452850321909e-08 9.283987077790157350e-09
3.226903126650759830e-06 2.681303573877063864e-06 1.520520474584447054e-06 1.130236546408796952e-06 5.850217144156348360e-07 1.885813961734014286e-07 1.135905873311446044e-07 7.008096301157261622e-08 4.274865130469884665e-08 5.057857422170393456e-08 6.392847675163314805e-09
3.550281769963214060e-06 2.409399146926455244e-06 1.467002749262114359e-06 8.151241616558219452e-07 3.897667541685962500e-07 2.443408208493015525e-07 1.443801492947141399e-07 9.396403817608108903e-08 6.357049942331439313e-08 5.122561325785807508e-08 3.853712830284670811e-08
1.118412554365706019e-06 9.191842710457604629e-07 7.553132965401036206e-07 5.126137507229808229e-07 3.247405311206326874e-07 1.854848436682529150e-07 1.230211754399705119e-07 8.073768154636094626e-08 3.557568588519678025e-08 1.905706716299941522e-08 8.660091461290728817e-09
3.366288322236946936e-06 2.401757950396032964e-06 1.874898363969276667e-06 9.514360278147762807e-07 5.123178641653268073e-07 1.811603450813151858e-07 1.561527709819583291e-07 9.284014826637048463e-08 3.365669855569788864e-08 3.447348639166865334e-07 3.946201743340878122e-07
2.010240151890579227e-06 1.015617734784590337e-06 7.837522515124370658e-07 4.505532070106886634e-07 3.189988942730052793e-07 1.860891507647657005e-07 1.183533997177889073e-07 7.077852386766457032e-08 2.997510701181018015e-08 1.495039291336281101e-08 1.008156529723522419e-08
5.098692531908791285e-07 2.291484716556739599e-07 1.631573791123097477e-07 8.467846668605396036e-08 6.951088009117753249e-08 4.251007428244692665e-08 3.513958859816881424e-08 2.544555622081905985e-08 2.626575952714756099e-08 2.221426834405861472e-08 1.608010012446961341e-08
2.714916423660272355e-06 1.855814137756509283e-06 1.362662056437245072e-06 1.157894264787942562e-06 9.471062739549651627e-07 3.168737997807148413e-07 1.662485627279205219e-07 8.983615173936905404e-08 4.151597284356486051e-08 1.944140503581631030e-08 9.217876654154797301e-09
4.906893866255483734e-06 2.559014735782361731e-06 1.840158062736987584e-06 9.874016867314199799e-07 4.444262950236831174e-07 1.962961209353132470e-07 1.166180382234576127e-07 1.736638091329849481e-07 4.050249727263453567e-07 3.084162602364487084e-08 5.689338691014491813e-08
1.892929566826155925e-06 1.326136957627851116e-06 5.614768224166627415e-07 3.867181405395806742e-07 2.291469133231060208e-07 1.484797463914136555e-07 8.529423350935870421e-08 6.357164467278495646e-08 4.575166395536640329e-08 4.070135963401273748e-08 4.946892086431360533e-07
2.641074389925460321e-06 1.557783273692379268e-06 1.517773901107811393e-06 9.344976770910109911e-07 5.228909597971886883e-07 2.865191430864388277e-07 1.805161492287893540e-07 4.073545474731920790e-07 3.308377429212849586e-08 1.330285030311553971e-08 4.066197764772794735e-09
3.547662419718517381e-06 2.394491844438281279e-06 2.185569380836197467e-06 1.613366230119517814e-06 7.664764385754534995e-07 2.269953134608000839e-07 1.242295296053561900e-07 6.716155836561695504e-08 3.966535385044099244e-08 2.619703588797546349e-08 1.373608803085710220e-08
6.451535246812704540e-06 4.521906514005044483e-06 3.256786725768222368e-06 1.559434556761448571e-06 6.415451891708809983e-07 1.874917029916950573e-07 1.029089702892500475e-07 5.520147660985151810e-08 2.637078888645314621e-08 1.639731090649007169e-08 9.483903427755036029e-09
6.770854473483839795e-06 5.092561567578265351e-06 3.522659188302279310e-06 2.064896915352847509e-06 1.048475510669531999e-06 2.801847004770963509e-07 1.090770731113264978e-07 5.376057467134524187e-08 3.198978522040491941e-08 1.900155635257402100e-08 1.737616240632564043e-08
4.434523816245316470e-06 2.848941605909242850e-06 1.515095865621347414e-06 1.151458323856758388e-06 7.622075554516146398e-07 7.225843636471034199e-07 1.429601162613223713e-07 8.912141925093585882e-08 4.216051313572938970e-08 2.893176276405631017e-08 1.251886266220971477e-08
6.218158450071065930e-06 4.927616646708480887e-06 3.663028017654051106e-06 2.373055319016279559e-06 1.412428147774082609e-06 5.782114861189721083e-07 6.309039145632131194e-08 3.115875005826170643e-08 1.970956167972457570e-08 1.205032974995774805e-08 7.260870539967919349e-09
5.442869262125663799e-06 3.207584698467774556e-06 1.881045349558165002e-06 6.058465947973831796e-07 2.995150061920655819e-07 1.524440931944728933e-07 8.434304452615495356e-08 6.208633537734870639e-08 3.913932084606988407e-08 2.316418825517059628e-08 1.179632546871017750e-08
2.971870940419690761e-06 2.297392134969804304e-06 1.388758468692046939e-06 8.639412172151093240e-07 5.678183446446744864e-07 2.436027971776635915e-07 1.375923092702318739e-07 7.188976004762559886e-08 4.093621960736056472e-08 3.734743045368156840e-08 1.636930411851945410e-08
3.506625101668873878e-06 2.611323197074112487e-06 1.873731209804804519e-06 8.801275867014136487e-07 3.834742174319573451e-07 1.462299224450806236e-07 7.680841701389123367e-08 6.416839851651649288e-08 2.104102149420036295e-07 1.151949772393262636e-06 6.699578515205359831e-08
2.030642452225081990e-06 1.644098737749085481e-06 8.780807973282810831e-07 4.808516350064768601e-07 2.807036841459241250e-07 1.644393201298962384e-07 1.101824957585006095e-07 5.036882084779756798e-08 3.322650588033824440e-08 3.664117306577050286e-07 2.467398636973654388e-08
3.944133550075236015e-06 2.744645755500950965e-06 2.971972825085358137e-06 1.342564422744307517e-06 4.795392126689316356e-07 1.665997974754664876e-07 7.960073265222163593e-08 5.661077270011159841e-08 3.571472521151822295e-08 2.488990674776227701e-08 1.011591354066446521e-08
2.941567371388652850e-06 1.448614675923711416e-06 9.331749333545876175e-07 6.003677543183504782e-07 3.793974008243389900e-07 2.345660730265017130e-07 1.553994636766035517e-07 8.647095132960327200e-08 4.158713674727620691e-08 2.093543285972511121e-08 7.483191531416028236e-09
2.818527825408782572e-06 2.119213779050757264e-06 2.119599834960377425e-06 1.803592001261666978e-06 9.603838243950495250e-07 2.946046996189878054e-07 9.785717940170303418e-08 5.357863137794055337e-08 2.816912404026385554e-08 1.738817326425221912e-08 6.567440491858463212e-09
1.106156604322658794e-06 6.548579982105636748e-07 4.434483515160554228e-07 2.698287313205038510e-07 2.106375774731437476e-07 1.952989586544863049e-07 1.578051671223354858e-07 1.052488974272786915e-07 7.200851337018258095e-08 4.785202581162346477e-08 2.852061425922647980e-08
4.321203956867696924e-06 3.534786575407361146e-06 1.909924996152474570e-06 9.585082117819988629e-07 3.150836540321594652e-07 1.749378658287295590e-07 1.039525186633100085e-07 6.385816356129364595e-08 3.696055510366265452e-08 2.158296647763729755e-08 9.263035257601510688e-09
5.327492497565872663e-06 3.311793147537338238e-06 1.853892167745483238e-06 7.513787113837452906e-07 3.026332737941054766e-07 1.677754477550001561e-07 9.870997471968565981e-08 5.884041929066662249e-08 3.088500847534075267e-08 4.805509917573244753e-08 4.141646241281026184e-08
1.824094211315141466e-06 1.226994733948431388e-06 7.338060892744023899e-07 4.563573530373457073e-07 2.587853491070849422e-07 1.786946330712683912e-07 1.030392522797336115e-07 6.998292084004534866e-08 4.219786216294382146e-08 2.667421480884006942e-08 1.656262345881226019e-08
4.720114528789324698e-06 2.893782664492070177e-06 2.119053771939492397e-06 1.399893327152355785e-06 7.164565839073758827e-07 2.938111389378796204e-07 1.434166098573320779e-07 1.008879608117078455e-07 4.230749433684335901e-08 1.743449050924855918e-08 5.171759575801237545e-09
4.783697494059421958e-06 2.467740846259254172e-06 1.530799631852758950e-06 1.025771293019306354e-06 5.130936047525037474e-07 2.549080535937071796e-07 1.359080776126684498e-07 7.254360332596663399e-08 3.617161530059429886e-08 2.719742945516822847e-08 1.377260974930471084e-08
nan 3.120995825225738281e-08 3.856750737809191977e-08 3.016900700034721992e-08 2.685251288155560699e-08 2.817023543408655700e-08 1.683882655986099833e-08 1.543422720706665764e-08 1.387630001420081440e-08 9.219985204522647475e-09 5.163805610988157263e-09
2.450059696987538315e-06 1.518375738283098335e-06 1.078457933144443367e-06 8.649261428966515394e-07 5.051326542400970110e-07 3.786389253901524009e-07 1.542533030368669359e-07 5.938578417278772378e-08 3.867455425402010927e-08 2.500576401493556976e-08 9.202525419560737660e-09
3.724222183590639843e-06 2.290819918042333637e-06 1.434165344355404260e-06 8.747955971180934271e-07 4.302211095448459460e-07 1.888141480798997643e-07 1.150870221449351497e-07 7.464345079711319942e-08 4.771397619944229034e-08 2.302730994026293312e-08 4.010943780858393375e-08
1.609934158856620579e-06 1.104429549580671898e-06 7.792731909179900027e-07 4.710067350085177585e-07 3.030266456636573951e-07 1.913748396141889929e-07 1.109909837196776350e-07 7.489452493219994332e-08 5.538428599285587928e-08 1.743688662102152751e-08 1.136674345227787368e-08
3.978030212913894103e-06 2.315279304735062372e-06 1.278790115179772339e-06 6.345691374469600064e-07 3.335206342990086737e-07 2.190432840093663407e-07 1.385563625695162370e-07 7.298039868652709599e-08 3.257163164107281667e-08 2.298989239710650055e-08 9.271649357744505089e-09
4.628968813067386884e-06 2.721549356308112054e-06 1.345865879152718453e-06 8.222115706117770431e-07 3.977317625867923324e-07 1.908279281039678383e-07 1.197302178845909908e-07 7.435289418494710635e-08 4.619467526266886427e-08 2.670240881278080513e-08 1.247257667874592270e-08
7.310076985668903140e-06 5.281415802197532628e-06 3.753710980705887369e-06 2.387825578244802754e-06 1.231549031496792095e-06 3.304389093049501244e-07 7.204240086484505681e-08 3.431859830033208369e-08 1.966856755914197954e-08 8.160553070372247547e-09 5.026053373307408834e-09
2.879383010606910441e-06 1.053752930204697486e-06 7.692949196000714701e-07 4.697484318999011510e-07 2.777443944733941695e-07 1.537640446754744975e-07 1.106335920301659523e-07 7.123356437461943984e-08 4.824967522991444518e-08 2.850047237041437874e-08 1.510962935405937011e-08
1.805309240821920915e-06 1.204310469502524977e-06 9.284725266593890565e-07 6.220448316246001149e-07 3.363915334991024767e-07 2.599179611378136131e-07 1.899832206162433809e-07 1.645454946230702766e-07 6.999817788199735165e-08 3.634285017820753482e-08 2.647274381685277194e-08
4.681002818271804832e-06 3.584048701257741817e-06 2.773916863779804474e-06 1.846926297828679910e-06 8.186817692086423541e-07 2.756330326669881278e-07 8.858136959381336690e-08 4.864697288093998364e-08 3.319128520340598646e-08 2.035565615221448079e-08 1.070631890857987379e-08
4.305391514380261705e-06 3.642846853514684435e-06 2.306811501649121780e-06 1.163848040837773997e-06 5.564614600700451216e-07 1.685961946657066442e-07 9.301201915489119968e-08 5.038519848333517893e-08 3.586170577950316848e-08 1.910146220111317190e-08 1.315992659622968411e-08
2.960852112022641857e-06 2.475918437660521109e-06 2.064658282535918568e-06 4.635625716304070253e-06 9.597970399121929263e-07 7.599887174519511274e-07 1.949716679835594814e-07 6.634740723770640210e-08 3.236781648529324335e-08 1.676326254349462097e-08 8.885860103697549649e-09
4.063626946099830097e-06 2.481983861154405130e-06 1.497166714269026343e-06 8.953037770537123373e-07 4.421714828321277854e-07 2.696246968355786163e-07 1.361424309894115100e-07 7.354251616928676414e-08 3.998466491331472705e-08 2.157805618687629761e-08 9.592416359171429897e-09
3.791272987278312127e-06 1.488047776790666577e-06 9.957060711111861523e-07 6.368451474440223603e-07 3.605917878358541229e-07 2.305120327489376679e-07 1.551955840811424561e-07 7.695348521757256215e-08 4.570732106726014673e-08 2.911679366210421315e-08 1.375548229388176982e-08
4.225376868903434088e-06 2.592430027633364359e-06 1.713259221293014488e-06 8.819072303932341434e-07 4.909039124243557093e-07 2.352917959972006766e-07 1.276357781937533414e-07 7.370465630131457381e-08 4.440773656955025916e-08 7.713637308130228516e-08 1.273382163949652540e-08
4.927964056077119947e-06 3.637445152459276081e-06 2.886855499062639657e-06 1.543365696825196425e-06 6.748304575252405035e-07 3.122136637401213627e-07 1.313269230454918704e-07 7.596371738915174834e-08 4.080563015634883815e-08 2.367026844271633051e-08 1.032270744504557797e-08
3.198510987024741937e-06 1.741519905053657915e-06 1.154632852790847431e-06 8.815857050236337865e-07 5.862733950245592456e-07 3.349529399832342425e-07 2.118365312359759004e-07 1.123378070344991998e-07 5.457543854832754403e-08 2.679001254747629201e-08 2.495143921975646771e-07
2.770468372678921500e-06 1.455669359268936152e-06 1.031945672615636777e-06 6.721179176983568277e-07 4.024349848904809844e-07 2.008413618219309712e-07 1.321553390437427336e-07 6.965124238809657053e-08 3.866450312032054661e-08 2.384556294791429988e-08 1.456454610252953415e-08
4.014414505479587139e-06 2.646934428474338418e-06 9.459330623965344416e-07 6.548775731669916280e-07 3.443907123563061206e-07 2.123550986432018100e-07 1.282900775655066785e-07 6.674271544130197114e-08 3.726871972679449702e-08 3.148609828725310514e-08 1.254562065471180240e-07
3.647642587795512200e-06 3.708428778298776826e-06 2.302932563238511424e-06 1.291546438418942645e-06 7.709393554267707043e-07 2.982570976932205285e-07 1.670597571100180989e-07 1.043114601079008549e-07 5.614467060127385322e-08 2.017878753242148472e-08 1.112626735450034381e-08
2.308151851473232513e-07 1.611559177077650678e-07 1.987618382242794067e-07 1.643696605271452302e-07 1.046110590706807157e-07 7.086496268432285544e-08 4.320649353324520281e-08 3.456682337360378758e-08 1.176995778185992846e-07 2.009302413364587522e-08 1.097570396086297015e-08
1.099458391643320425e-06 9.866512655714018024e-07 8.054911438457839033e-07 6.122159341528630101e-07 3.763627892001344257e-07 2.205755127019700641e-07 1.472279707576730858e-07 9.219239731345763815e-08 4.138658141262200938e-08 1.352687572585229858e-08 1.174539396528428201e-08
4.859525842597454852e-06 3.576375617645126692e-06 1.660627822637700350e-06 9.926236529151187956e-07 4.455966988250959646e-07 1.818338475833606299e-07 8.528588331324816211e-08 4.701552641856697892e-08 2.818430970002218158e-07 6.071995345898874968e-08 1.832194873240362134e-08
3.300390957725439150e-06 1.769539491282290626e-06 8.809978112639344221e-07 4.943273093327119336e-07 3.141021873494490333e-07 2.257206815796303576e-07 1.314730165346537415e-07 9.303331035651707695e-08 5.308597076069176218e-08 2.567763645783692829e-08 1.073336725273694013e-08
2.446994558311705571e-06 1.163802990305559961e-06 8.500818245538934244e-07 6.780523206094670576e-07 3.366433846347551308e-07 2.150690970763439923e-07 1.101088122154070329e-07 8.122935255034197436e-08 2.992210085427648216e-08 1.889103610134342418e-08 8.480253094539785852e-09
4.719417574288272084e-06 3.530612674866936680e-06 2.167391975056862591e-06 1.166555133645776184e-06 6.486577804066106291e-07 3.025898113193696048e-07 1.012428568654861514e-07 7.563036782509510242e-08 6.774688894043702574e-08 4.328333479949702659e-08 3.382072183713145236e-08
3.119097147973721810e-06 1.980425121844143390e-06 1.269942285180310741e-06 5.731734805352663915e-07 2.638538378780521068e-07 1.561794463791460440e-07 1.038676664599834325e-07 4.706312315618535024e-08 2.641307727923658160e-08 9.455956126407174938e-09 2.799331632459755671e-09
5.696710054205626849e-06 3.274721367233108834e-06 1.788257964273456407e-06 1.848278004264134085e-06 5.217708874885748321e-07 2.221610479168647373e-07 1.114287743082169183e-07 5.410490780963218155e-08 1.769672575040290049e-08 9.431924682384390300e-09 4.896727030240961134e-09
2.824890820557450166e-06 2.027065848996719583e-06 1.622190699995451692e-06 6.400861854574609893e-07 6.048735623091946005e-07 2.114356205651018287e-07 1.137564325089077660e-07 8.532908512972664275e-08 4.762951005485147765e-08 2.446658802033946567e-08 9.527453705062223501e-09
2.424226261374448158e-06 1.600398246369881236e-06 6.536099354629961665e-07 5.050614350557393356e-07 2.946467725270166981e-07 2.286584680208724391e-07 2.523952797839988042e-07 5.535245511406399882e-08 3.141301441087556827e-08 1.500952791083128174e-08 6.943729411928377652e-09
5.117716968167487924e-06 4.038899487706422865e-06 3.067788210215964062e-06 2.350810373788008563e-06 8.550700027793570268e-07 2.638461851837949810e-07 1.305303023572642053e-07 7.136796301957676345e-08 3.467490691737939843e-08 2.068498420782459708e-08 1.639969120489841679e-08
2.320503427447171878e-06 1.803619995886346057e-06 1.136569196269597790e-06 6.886378164972844899e-07 3.687344528384762172e-07 2.220864659644330242e-07 1.264490884114673219e-07 8.383706477103184945e-08 5.505472591437474730e-08 2.916021521798705913e-08 3.074238493818390466e-08
2.936946096052525066e-06 2.601764760036268979e-06 2.301019697461561653e-06 1.157512102159122758e-06 4.333412481210341942e-07 2.065124213257325104e-07 1.134892913665330482e-07 6.126153823921052290e-08 2.971872338679109439e-08 1.835273733483583429e-08 3.494619769422997240e-07
3.330638013046016405e-06 2.198248104857683525e-06 1.385061984083065173e-06 8.449779335597112779e-07 6.336880763873565451e-07 3.887062527066359666e-07 2.016781913177034163e-07 1.013075139278694472e-07 7.894026677977030729e-07 4.710540444398385385e-08 3.488212289956964977e-08
6.147566012818211351e-07 5.228062504576688520e-07 3.833029877052488239e-07 3.610753500827424876e-07 2.599932683917675449e-07 1.659047347404359852e-07 1.390731622472264140e-07 9.983885331656664699e-08 7.429018640189142990e-08 5.250931515525737561e-08 3.440993805498062588e-08
2.795184559090128475e-06 1.974710825269039800e-06 1.781325529300655150e-06 1.446205791629764717e-06 7.205363709353340471e-07 2.213789304503302520e-07 9.322719394975699061e-08 4.539611260788620544e-08 8.111510741774500266e-08 8.386430762367720580e-08 8.712996278595970898e-09
1.969969226479014233e-06 1.737302841827328110e-06 1.424947741679999290e-06 1.771095074551944028e-06 8.644797366381349466e-07 3.633072230912215577e-07 1.397094123202131601e-06 1.359272629160458509e-07 7.415226990743555254e-08 2.773283727802297943e-08 2.979223780986624578e-07
5.281740414655439639e-07 4.651606738803037897e-07 3.708573521397805565e-07 3.840099474708859725e-07 2.689548206019766252e-07 1.930756087835733269e-07 1.312311503844638414e-07 8.568249732464402713e-08 5.024604090800588431e-08 3.571163972707310700e-08 3.598663903798025985e-08
2.970085602030795388e-06 2.367099845400157774e-06 1.134419568469315265e-06 5.477949721541941362e-07 2.795833115310267254e-07 2.175124492726153670e-07 1.511180661488592293e-07 1.097752116126488455e-07 8.313764481214762275e-08 5.569455024955547297e-08 9.582639050251624206e-07
5.185998041021135561e-07 3.839682846549873761e-07 9.438186963376124285e-07 5.552669667405752267e-07 2.701224795331364391e-07 1.617352684654074192e-07 1.185227975015146953e-07 8.166424069607736216e-08 8.181638452121578115e-08 7.671303369367415869e-08 5.394680852083961125e-08
1.598224480207459200e-06 8.295592871424505923e-07 4.410628591569768590e-07 2.648765724533541416e-07 2.255709908180435809e-07 1.632914447905068111e-07 1.125710397586657902e-07 6.953390239813373607e-08 3.929363054896636986e-08 4.758512133593219597e-08 1.554514271729543214e-08
3.883224194093050626e-06 1.652570370219519758e-06 1.038330491052878403e-06 7.420711476754808286e-07 3.762978652611209205e-07 2.104661894368705543e-07 1.373507224562218394e-07 9.716137449422367294e-08 6.064756715109826921e-08 3.507496376843518466e-08 2.045993732967372550e-08
2.673193274932151965e-07 4.078984057847245990e-07 2.037882421812623798e-07 1.903559904931153221e-07 1.513545855582258385e-07 1.384089932123139763e-07 7.789772231858563294e-08 6.702334592187856334e-08 4.512839545004139212e-08 3.387450437735847656e-08 2.764651973571909824e-08
4.322441865773859505e-06 2.093500705545351855e-06 1.538533924287311240e-06 1.059548912709217463e-06 6.991537731959328411e-07 4.428311675820266727e-07 2.338192659692371625e-07 1.085114338220670552e-07 4.795483692836224069e-08 2.180037048720122031e-08 6.739113740302966334e-08
2.311430985379921453e-06 1.345956698519745931e-06 1.067193424410075750e-06 5.372887176652358211e-07 3.650063454991441151e-07 2.598846591355424583e-07 1.667553675883654645e-07 1.011218035732729018e-07 6.047057867865516249e-08 3.060866689613634625e-08 2.024496442178760534e-08
2.426562053600139017e-06 2.145081314752789299e-06 1.471755829204082003e-06 7.262431567128871585e-07 4.959405928100534568e-07 2.787556145198622503e-07 1.448791637175750708e-07 7.700613209433293159e-08 1.963808494160269271e-07 6.516049809741020746e-08 1.215020801478577378e-08
2.835931236570180699e-06 1.585800346147977619e-06 8.585949849423143481e-07 4.827542068167970100e-07 2.692436151226807896e-07 1.719808188694365566e-07 1.008749563688244637e-07 7.737105464191237406e-08 4.415736021858917890e-08 2.615253857886524533e-08 1.321397652575705351e-08
5.382931327871652367e-06 3.231597832379731941e-06 2.001288508111481431e-06 1.256019378698836606e-06 5.989041159883002494e-07 2.489596573467588248e-07 1.307485019901415110e-07 6.423780196608045211e-08 2.451290981238412485e-08 9.588887169628263347e-09 3.982296952657331831e-09
2.799889431004085413e-07 3.390592435937054306e-07 3.832029281522985593e-07 1.749361731499002589e-07 2.568102291243643600e-07 2.078119247853134388e-07 1.270388005788328215e-07 2.550011668072567977e-07 2.521950381755212623e-07 4.702887284029901813e-08 3.743241662526343038e-08
1.725451547755682279e-06 1.700137881448773003e-06 1.002841737466193434e-06 7.386716029380316265e-07 4.340327568885824754e-07 2.455875234601150521e-07 1.425229423780067034e-07 8.162313907917348351e-08 4.010432046841067145e-08 1.582715990054774219e-08 8.566009243979168260e-09
1.682117541848656661e-06 1.221886270992568097e-06 7.476964378818479577e-07 5.266320354010939448e-07 4.318598354017633846e-07 3.070870552179959891e-07 2.032890790411890253e-07 8.627296627223927785e-08 3.908497508349976436e-08 2.105456825926630002e-08 9.032181973040221294e-09
3.008814055759841228e-06 2.087048439410490106e-06 1.770817141064219155e-06 1.381244456504259165e-06 8.521102281677675855e-07 4.275201855202273492e-07 1.964149016556641836e-07 7.420860406896173579e-08 4.360256862426495437e-08 2.970509670919025754e-08 1.559672564885605424e-06
3.452952097938080515e-06 2.232075252624731475e-06 1.133675379637257605e-06 3.645491042239733495e-07 2.687283658047760053e-07 1.766850750431969111e-07 9.274181255325884333e-08 6.607501341393791593e-08 3.168396822279931533e-08 1.585261767445477867e-08 7.669827913533174362e-09
5.328031214447562470e-06 3.953415583387639981e-06 2.947571636475320137e-06 1.526025468665700066e-06 4.271343607975348042e-07 1.766902625170857946e-07 5.394009249940941088e-07 1.372061491918678939e-07 3.074323171965740675e-08 1.508659909419319305e-08 5.831019835694046080e-09
5.557169308332966079e-06 3.513229315682112903e-06 2.063337636072528837e-06 7.756178628912568878e-07 4.280575825147878204e-07 2.274842150460536972e-07 1.178754256630663460e-07 6.622762173945124379e-08 4.093877645113053013e-08 2.125465231245792310e-08 1.298147598207998082e-08
5.391662235109283232e-06 4.013026159972404066e-06 2.800512624727523974e-06 1.122479009819455495e-06 2.742811255306838195e-07 1.401421780267439493e-07 9.275176644110227440e-08 4.797074797597150066e-08 2.932841716651313836e-08 1.627478687502018283e-08 9.777694558088983674e-09
6.601585892780323699e-06 4.025756202657847085e-06 2.893728894527648080e-06 1.519595470180455824e-06 9.306625671383564705e-07 3.797593414611956214e-07 1.899351551939819993e-07 1.039893324757103053e-07 3.537593111488320546e-07 4.188284477230720612e-08 3.390511390243889880e-08
1.179155301435234704e-07 1.391627439616682498e-07 8.315957436065463951e-08 1.080827305236714384e-07 4.840493257003164744e-08 4.972998713772603697e-08 4.633040755724670964e-08 2.811689671776287787e-08 2.830126494414565306e-08 1.959921386945066756e-08 1.478824765652476279e-08
1.882926130588326987e-06 1.200730573044667693e-06 7.293237599821168608e-07 4.266214973931587817e-07 2.909008992963166058e-07 1.631976021052219950e-07 1.036092258088084221e-07 7.124913374714077450e-08 4.958622600228682752e-08 3.329410856744615984e-08 1.569833722803956753e-08
2.066293958915376985e-06 1.763608760653792283e-06 3.174052558444779844e-06 1.158179285185659999e-06 4.214516762665413071e-07 2.308463345729447010e-07 1.366902267941498623e-07 6.852629871647030609e-08 4.901749795915866008e-08 1.918593462792776108e-08 8.715758543507447846e-09
1.543371052541291468e-06 1.172082636110976858e-06 8.157461680318976246e-07 5.185227513075544210e-07 2.878986779491588054e-07 1.968841596234096572e-07 1.246318082826836595e-07 8.100970587553662243e-08 5.158373383194544896e-08 1.967090320084701988e-08 6.578151239858985370e-09
3.401167810500906544e-06 2.118717677870199086e-06 1.758389124580288412e-06 8.084375338174078138e-07 4.048852931720024208e-07 2.503593281464767432e-07 1.416327031393517856e-07 7.263883979535297016e-08 4.095014719505199750e-08 2.127013174211774567e-08 1.327676876385794733e-08
2.935714033373617008e-06 1.247684969301817888e-06 8.480903591878934521e-07 5.042084624382246375e-07 3.594688116124574993e-07 2.194557377383360435e-07 1.324852856719249920e-07 8.929212690520193922e-08 4.675472479376713029e-08 2.729247702249436644e-08 1.495591044727211100e-08
3.304715036220166952e-06 2.560087245672866518e-06 1.920789836032788086e-06 1.097422225078635906e-06 5.179272378624511329e-07 2.560767546740767389e-07 1.496207016447294916e-07 9.216845278268259066e-08 6.701205544673694794e-08 6.339733491794822885e-08 3.601761212780029871e-08
4.360893690304521705e-06 3.007654214845335231e-06 2.204194688437070065e-06 1.133273134192136688e-06 4.826583319953884282e-07 2.515071788648098798e-07 1.571716723466175560e-07 9.077033307261895537e-08 1.038774400331295421e-07 2.082834724694208398e-08 9.161376029496048849e-09
1.982842693259963372e-06 1.519996670353498662e-06 9.886929833462448498e-07 5.043762170461340821e-07 2.634225415689928124e-07 1.527642315538756332e-07 9.376071406474497150e-08 1.948522038077494371e-07 4.871624961710232752e-08 1.430358852533121818e-08 2.350161244025032386e-08
2.501578166468463114e-06 1.976720291444542457e-06 1.347374040147838237e-06 6.365360887221976596e-07 3.737784085066407381e-07 2.426060176108571635e-07 1.389287797875578193e-07 7.960870859018413696e-08 4.772658376776035520e-08 2.514997171152156660e-08 1.311278699535593635e-08
2.240485136519305582e-06 1.428561826136497224e-06 9.385430687088552422e-07 5.287967220385229436e-07 3.723793150666144363e-07 2.015643500486667444e-07 9.879873907332994808e-08 5.983567727001221327e-08 3.723603471183089251e-08 1.884393492497041940e-08 8.826926263764630206e-09
2.990509810382174709e-06 1.918852210114039887e-06 1.126081436969736579e-06 5.146667410235901577e-07 3.900723812487463188e-07 2.671547549204145813e-07 6.276767375990931043e-07 3.895003194417552961e-07 1.135282937500298738e-06 1.857511294381642920e-08 7.555014340574281151e-09
2.046392908060011129e-06 8.231688025713848421e-07 5.154592694980351831e-07 4.996884219520061500e-07 2.676695618642950648e-07 1.923695386266682598e-07 1.478015223233869640e-07 1.270829030726076040e-07 8.525704135412255517e-08 5.433721456946726576e-08 6.997032541844877964e-08
6.181383869918101181e-06 4.916051811308831637e-06 3.571829001764561060e-06 2.044431786317985238e-06 1.008113295640550647e-06 1.689278522846693057e-07 6.882972984415121996e-08 3.180600373779871614e-08 1.432761028542094915e-08 7.755075587934114832e-09 4.868635523923199928e-09
2.021136308698016988e-06 1.517707476765293109e-06 9.131531215406117772e-07 6.431845582446233633e-07 3.923444373488335055e-07 2.917727794847043277e-07 1.365171563455081679e-07 6.065506958553300005e-08 2.630793469837327364e-08 1.315944677725884030e-08 6.962268956623433135e-09
2.808398352942798524e-06 2.477102579090086299e-06 1.764750167791246504e-06 9.182308407880349986e-07 4.096509617702275572e-07 1.686226838825082773e-07 1.172406806313604005e-07 7.075294964900893803e-08 3.776884922153684218e-08 2.047398003167458412e-08 8.692246129905250981e-09
6.224467928431161785e-06 3.757840800824456583e-06 2.658898412911933276e-06 1.488125750298146929e-06 7.390725038305992776e-07 3.936410017211768756e-07 2.453459588409346395e-07 1.382112097135880777e-07 7.937121133255736503e-08 3.726299453653787207e-08 2.015567316891792782e-08
4.471922400503630817e-06 3.112453256900006500e-06 1.447573583520307046e-06 4.683528477335138954e-07 3.229111984753619069e-07 1.516256567561575420e-07 9.151268944763161122e-08 6.157125965182461166e-08 4.586190007067088225e-08 3.006913769824283876e-08 1.813073565286276089e-08
3.683027732985404617e-06 2.324395523107697798e-06 2.128762963759403008e-06 1.137229945383556409e-06 6.893280158479571578e-07 4.411097100703851730e-07 1.618086555939044392e-07 7.307210141477083518e-08 5.059596714382132199e-08 3.539007207706238029e-08 2.349388716347120015e-08
5.410367663091189045e-06 8.346968198394526691e-07 5.219681814561015405e-07 3.816374255838620319e-07 2.469526542186843889e-07 1.953142517659680380e-07 1.379172706671382934e-07 8.391752199889967501e-08 4.221870118855221052e-08 2.111239789075132352e-08 8.985185520833687182e-09
3.253101122670691143e-06 1.679194455386396582e-06 1.132092482741137284e-06 9.734584792164989987e-07 7.136990800974486950e-07 6.129329263854415978e-07 3.435960069188119456e-07 1.872579517916501770e-07 9.392859888333771022e-08 5.856316005794061816e-08 4.325712102246531589e-08
7.452212498860666373e-07 9.095266048923251572e-07 6.072134079933862842e-07 5.913897991742661390e-07 3.979099770373393466e-07 3.837132503846763302e-07 2.673624002598935349e-07 1.286478400902901688e-07 5.448485415559759094e-08 1.872790675550217042e-08 1.123306557599999291e-08
4.179882218641863856e-06 2.552971211653195197e-06 1.139092198547390698e-06 5.365357116772863979e-07 2.721522086391020032e-07 1.683511203166780723e-07 1.044917883679356064e-07 7.769774772430017018e-08 4.774775772498991609e-08 2.678624497509564758e-08 1.635152138163819455e-08
2.593819649154129575e-06 1.550017692314449121e-06 7.370587344001588226e-07 5.039030917909831311e-07 2.268933948927462752e-07 1.545721769377359807e-07 1.158064045739043225e-07 7.229497325392365059e-08 4.645573588842869886e-08 2.343485406844443396e-07 2.295504532000371765e-08
3.481609991090013953e-06 3.433152193795223457e-06 2.136650479475960785e-06 1.164755606420238196e-06 5.993329129536266264e-07 3.443444747535135766e-07 1.965350300044240355e-07 1.083199968112572321e-07 6.172025139177364598e-08 3.262811825865750875e-08 3.070134246383667915e-08
6.751264377176436017e-06 4.976024808509458636e-06 3.599391478326997500e-06 2.240382540776317505e-06 1.340992272088383311e-06 6.564083904553665230e-07 2.314463600921021298e-07 7.118023166376058427e-08 2.532530322539852528e-08 1.530581234482331888e-08 4.270806704575086588e-09
5.027783353829591295e-06 2.687432178794010733e-06 1.455973649271205268e-06 8.733439456838161841e-07 2.948607532401354947e-07 1.598362165077912147e-07 9.768074296021265931e-08 5.939410842407669693e-08 3.307523504274917929e-08 1.577298839192622220e-08 1.108824279869506408e-08
3.304921050078940745e-06 2.521547154853165118e-06 2.213638396789815679e-06 1.138562740066634109e-06 7.216228022155907687e-07 3.404996297932130454e-07 9.664377263864298508e-08 5.188173149854952861e-08 8.798581673295526338e-08 8.954555294043686124e-08 5.041928561469876399e-07
3.121412856923485645e-06 1.494894439014206142e-06 1.104222805922673606e-06 5.055225088353320160e-07 3.053258466494027578e-07 1.744828658458374675e-07 9.458077440469301176e-08 5.765048009949637861e-08 3.299141168916945421e-08 2.001653096266762427e-08 1.226940198416460455e-08
2.852441347671266153e-06 1.978244963880719992e-06 1.440602311150038799e-06 8.279855709124590579e-07 5.559811723842111233e-07 2.745550525039696639e-07 1.358863058349891955e-07 4.611891190063181473e-08 1.836196898659252322e-08 6.421930212190246334e-09 2.751573232596749028e-09
3.020694415116779909e-06 1.850264467735020944e-06 1.043362178792784570e-06 5.993403603488648140e-07 3.941063201882724664e-07 2.042570199964992859e-07 1.788153072102921869e-07 7.117366383392804496e-08 4.317539995614651982e-08 2.155281679919205861e-08 6.470751137180510965e-09
1.720761052121096769e-06 9.084290780563585874e-07 1.086854861720492127e-06 7.893013134405932984e-07 2.693229934854531156e-06 1.210187660318635578e-06 1.284188408492051983e-07 6.985501847713163254e-08 3.867297184104315273e-08 2.177232557445332343e-08 1.192361979194969233e-08
7.202860063233243832e-06 4.229257500310467106e-06 2.612580177334546852e-06 1.469835895881523887e-06 4.716460728495241870e-07 2.082300510443169281e-07 1.265987741779216876e-07 6.472446976353951835e-08 4.524031252050342061e-08 2.334800170904699073e-08 1.817730579508199381e-08
1.772007052384207048e-06 8.599046799433521837e-07 8.253252532509857933e-07 3.951133377078914578e-07 2.749908331962653758e-07 1.595678202305774812e-07 1.009098701472322329e-07 6.670321305867341990e-08 5.741623767361441490e-08 3.545929517396001836e-08 3.002718136976540154e-07
3.736891788835765318e-06 2.449389369117076979e-06 1.317659791593139524e-06 7.284823306285478434e-07 2.905216382314330084e-07 1.520093471247996734e-07 1.052310990332055043e-07 1.742102851051332190e-06 6.300140576069832418e-07 3.795470992123517213e-08 1.728861301820785254e-08
2.759833636042480679e-06 1.914381658862858910e-06 9.575832758151069495e-07 5.518651697561145777e-07 4.908247954383866402e-07 2.499188845109864216e-07 1.561924630721611839e-07 9.259594832444124076e-08 5.763768142499225375e-08 3.523532919730806634e-08 2.354214878620877607e-08
3.445166652301504564e-06 1.632094371799496425e-06 7.810630178939338162e-07 6.009516638794468222e-07 2.976832102878503831e-07 2.173370110092691835e-07 1.179581470060613086e-07 7.792067242035243638e-08 4.131948859824812528e-08 3.075129616191849751e-08 2.256124421498144634e-07
5.901183682680424136e-07 4.207457170370042028e-07 2.745783826291333722e-07 2.200314783216660890e-07 1.581377343740959898e-07 1.090553661796524029e-07 1.149636937182080978e-07 1.234531526725396694e-07 6.404741489381902120e-08 3.471725835056666959e-08 2.169242756155996793e-08
3.484140952502046303e-06 2.186656903501479725e-06 1.583697832310128352e-06 8.992279589447866807e-07 3.903414106518030954e-07 1.327692686496272953e-07 9.816929247990403684e-08 6.329961139067761121e-08 3.855024428900699718e-07 4.297365679557381079e-08 9.940501529047867700e-09
2.824859908707447518e-06 1.995123860013842120e-06 1.029159562104077570e-06 5.849295742363736766e-07 3.107993556506904917e-07 1.977626935358763406e-07 1.235373163392175159e-07 7.841849575244417265e-08 5.540405696915525484e-08 3.129379201014746335e-08 1.358215271064674539e-08
1.080550513765362063e-06 7.331732205885275716e-07 5.379082404358301079e-07 4.405142245384084346e-07 3.092336406418959067e-07 2.098988108625528587e-07 1.520001614374278644e-07 8.600965578103889619e-08 3.279140647537831840e-08 1.918917059231430305e-08 1.138245212481627778e-08
3.822453912591788815e-06 2.415195036110489486e-06 1.180916820084321304e-06 4.774265665729254538e-07 3.300593601290713437e-07 2.977869318702025867e-07 1.926063080593954728e-06 2.713533662743670862e-07 4.591505651923487185e-08 2.164664203063125933e-08 1.204891215919745285e-08
3.511133985866629132e-06 1.644237081653133776e-06 9.108444815094367672e-07 5.283142429306217381e-07 3.302771147976871669e-07 1.833534203756112835e-07 1.122233695421767901e-07 6.726230058243795991e-08 1.764959862629840596e-07 2.321496027240162047e-08 9.963265884465609310e-09
1.997488516957991502e-06 1.205230180923331469e-06 1.216870332311300176e-06 6.403983501587943127e-07 4.117577991326368750e-07 2.755588125346222542e-07 1.591757604382563805e-07 9.057398396983631878e-08 6.640857504935584499e-08 4.238396641809124080e-08 5.200947576068334664e-08
2.167248444203872097e-06 1.161385274449032449e-06 9.894750067994413222e-07 8.803865233210870003e-07 5.098892618605639688e-07 3.413038615879233937e-07 1.752574045869867670e-07 1.056768888682899848e-07 5.286586177929987531e-08 3.335746318169953647e-08 1.667755032200115416e-08
8.075404041142873233e-07 7.320138373247364943e-07 7.244708508949641474e-07 4.285482586597685110e-07 2.958139631704817150e-07 2.039280246440226607e-07 1.349672344282965141e-07 8.178298038099062078e-08 4.604284301051419053e-08 2.169491910468401186e-08 1.108928332079057114e-08
4.858013272110236871e-06 3.419253869952315623e-06 2.386549722058093004e-06 1.516538708519374158e-06 1.089511814662070792e-06 4.365979680343459876e-07 1.737813627561162712e-07 5.259106192964878270e-08 2.068836372062908194e-08 2.256195867337458359e-08 5.714913842999538834e-07
4.315014056917911327e-06 3.051572789732071101e-06 1.893758305380776280e-06 7.136031822321941104e-07 2.838619791227368021e-07 1.540724541430035242e-07 9.631641505823065336e-08 6.336683179322225103e-08 3.406849051152495883e-08 1.998409024177717815e-08 1.228745143182291805e-08
4.210901490192574527e-06 2.272763695479935420e-06 1.303809855690289265e-06 7.533393162838190899e-07 4.316736706749174658e-07 2.382747386406921052e-07 1.359241245528324575e-07 7.810766541997263611e-08 4.506202917634272661e-08 2.635384899525653653e-08 1.341707297788274262e-08
3.301091327459374367e-06 1.682463021688940169e-06 1.221973530448218730e-06 6.066827509312335809e-07 3.996058072644762437e-07 2.306896542928910216e-07 1.479947106160292778e-07 8.308652617938500409e-08 4.537133986437667010e-08 2.565635421733181809e-08 1.077758473393057047e-08
5.898753824465134125e-06 3.716444922566345934e-06 2.249795030571120448e-06 1.500086964840515644e-06 7.568141007346270250e-07 2.367350873697801806e-07 1.506804873316706163e-07 5.663176286258500558e-08 4.273640113028556390e-08 2.899203325588683331e-08 2.131524414017796164e-08
2.153793296941788257e-06 1.515376571355539495e-06 9.655243184607738790e-07 5.847181431828469355e-07 3.322352946248720254e-07 2.373009227683942200e-07 1.466605975237269690e-07 8.241385923238758268e-08 5.127904008798929780e-08 2.567843107578239844e-08 1.353457327312626152e-08
1.438033561379242029e-07 2.370079798204238344e-07 1.777599006497096667e-07 8.107903751390759079e-08 9.273878209973072872e-08 5.617113154100729466e-08 1.120653266160545230e-07 5.030654994830832273e-08 3.459511991088809561e-08 1.911257647808655900e-08 1.214275301014976150e-08
2.631995024323819543e-06 2.219701090012385356e-06 1.851253405706320261e-06 1.249481174465115704e-06 4.541186277716237630e-07 1.927314001973268623e-07 1.099360162110896013e-07 6.549681894971525314e-08 3.635826322139311236e-08 8.332535380757985661e-08 1.416839182104868672e-08
1.268098178987526849e-06 4.916864963219524841e-07 3.418125640297031673e-07 3.963978063118567902e-07 3.163072536395881655e-07 2.331669796877488938e-07 1.239513673020892222e-07 8.791551238598793230e-08 5.634250312558144298e-08 1.622160529721089605e-07 3.317257800901438912e-08
2.456703528942950331e-06 1.613004236665992749e-06 8.902625755802908929e-07 5.588332299779276970e-07 2.968773262026321815e-07 2.211476055126001058e-07 1.339244293807938488e-07 9.139611923239683134e-08 5.885217603635082229e-08 3.331713171678594684e-08 1.455781022138320062e-08
2.801542225559003155e-06 1.975229593878567394e-06 1.348186830404344670e-06 6.752702835276438272e-07 3.604000898962337855e-07 1.972997056034353658e-07 1.127116243341006810e-07 7.329866144734783947e-08 4.706769975009721465e-08 3.178729354445438476e-08 1.453686190163044617e-07
5.918668096609209886e-06 4.040452578796841408e-06 2.804673273044271390e-06 1.898065414293099012e-06 1.146845005445929457e-06 4.219253316586633258e-07 9.980612205517063704e-08 6.077397614012649125e-08 3.392425017526415334e-08 1.807879596365960363e-08 1.068697229950544140e-08
3.633981206445245907e-06 2.439913999870978347e-06 1.434045013053470512e-06 1.141723284787548136e-06 4.936798481359218835e-07 1.774424212724141340e-07 9.165169059188864346e-08 4.879795597696539277e-08 2.705291901765179747e-08 1.614684199863438588e-08 9.030348454818191274e-09
1.271717580325350720e-06 6.975975898039856101e-07 7.601398236650638756e-07 3.959203290170240288e-07 2.717563906987298928e-07 1.606586797568631498e-07 2.056044007490424992e-07 2.649367083411526953e-07 8.445160370103061594e-08 1.408380907950792144e-08 6.276478131899870050e-09
4.731003689262455951e-06 2.773386585620261827e-06 2.095339097753587770e-06 1.411874919237509897e-06 7.579094039835569700e-07 2.800181856718266926e-07 1.012418305731532807e-07 5.664025598333179962e-08 3.576156293133194808e-08 4.781775105564372030e-08 9.606759724268012510e-09
3.316375702096512920e-06 2.117637633237854361e-06 1.122866752825578839e-06 6.732310879356733302e-07 3.763332501044792038e-07 2.467141994039724080e-07 1.474275799247615310e-07 9.411874476487094497e-08 5.949423961798300596e-08 2.610094764085446676e-08 1.314231453675803086e-08
3.731488070225713426e-06 3.227848101133215554e-06 2.006832757403069654e-06 8.393654230196745618e-07 3.802237099660513007e-07 1.855660089118375965e-07 1.158012134259188948e-07 6.070536183233527049e-08 3.342336853539959889e-08 2.166347784309671038e-07 1.334096595126816057e-08
4.041833598169130567e-06 2.165159405357469562e-06 1.451176043201010442e-06 1.225300675575928572e-06 6.630616628441291098e-07 4.536344931711448722e-07 2.848549754891471348e-07 1.693784574220173707e-07 6.366113936099247662e-08 2.899143434638957168e-08 1.111029921632128163e-07
5.043061114378906021e-06 3.140686320385248993e-06 1.803616398270525975e-06 8.483886198902113073e-07 4.203017634113493890e-07 2.339066328394266640e-07 1.342745513689992780e-07 7.176496618352221168e-08 4.095948549633029984e-08 1.771076507112537323e-08 1.069394103437409492e-08
2.676272179439503465e-06 1.888382628187088061e-06 1.879819667868418481e-06 8.634864909884899751e-07 4.280407119379057107e-07 2.515487311565881769e-07 1.436844694646673313e-07 8.065019251806195293e-08 5.070966027530584435e-08 2.682344773370301098e-08 1.100569842703973771e-08
4.612536245685401028e-07 3.363354789826132898e-07 4.381467981027514171e-07 1.812995597528734070e-07 9.683833374419817139e-08 1.135372182636329990e-07 7.642547461980125483e-08 5.269314302909596886e-08 5.104048337142378612e-08 3.280729524916653567e-08 1.795276386298629591e-08
2.899696377168625034e-06 2.231641390956529694e-06 1.164791062235773981e-06 4.171188637966865500e-07 2.624498944309493567e-07 1.689688148181522168e-07 9.983106147654747133e-08 6.485857745599617644e-08 2.656652347186529201e-08 1.060075044309360846e-08 5.931450743869141672e-09
2.659415318433638712e-06 1.814237127271136126e-06 1.221749471410204800e-06 6.637855566581272520e-07 3.193973050663512465e-07 2.200989870877184642e-07 1.534881083707400732e-07 9.049979722615929367e-08 5.770492519520210317e-08 3.103808620404369633e-08 1.432395227188850455e-08
1.486938027765148249e-06 1.164534387864108647e-06 8.713855451391774747e-07 5.773480787062355121e-07 3.574708366779200128e-07 3.178067722478750881e-07 1.869368301406048954e-07 1.060090989609794503e-07 5.508970134454081531e-08 2.716927815726507946e-08 1.263924309440416910e-08
3.560212335391684745e-06 2.581955301335221727e-06 2.096583243935457955e-06 1.198776617284842200e-06 6.055165779496826028e-07 2.597855946875141214e-07 1.140462918796468899e-07 8.263361863411665888e-08 4.899184044299541388e-08 3.275010562811773450e-08 2.051201307309302684e-08
2.419790124308252936e-06 1.780543001658175478e-06 1.317879300465933761e-06 9.283532468743933759e-07 5.842025084723208665e-07 2.565472742555618729e-07 1.320825520897308803e-07 6.878496192065103676e-08 6.396275093389820900e-08 1.357075616195483152e-08 7.226131041322274913e-09
4.439601424512166837e-06 2.661627513359051148e-06 1.155175496590079380e-06 5.813467905671059788e-07 3.291711504733222936e-07 1.809379576350503574e-07 1.065304758534155697e-07 6.494580741892646102e-08 3.945305118292367591e-08 1.755252025537788019e-08 7.890607981686596875e-09
1.347830863459802809e-06 7.749993155696562804e-06 3.075305579264609735e-06 7.953083297819107970e-07 6.658714026047618008e-07 8.992594064773555119e-07 3.081185661418639054e-07 9.241130945972230339e-08 2.959427858327071843e-08 9.290541675598603488e-09 5.204103771949301873e-09
3.745940354063505082e-06 3.816774075410937726e-06 2.668255975932227100e-06 1.365863867064079129e-06 5.780990706564068422e-07 2.971100641985868336e-07 1.591932458010998098e-07 8.630435398314504038e-08 3.997189205207268137e-08 5.232325097118870570e-08 1.290056321101249925e-08
2.251489943831241717e-06 1.699492263737102877e-06 1.054605327672499037e-06 6.065488340213422067e-07 3.621198296198964876e-07 1.617543327369667270e-07 9.290604296779314255e-08 5.371867013749402113e-08 2.506977952235060181e-08 1.133251070755692273e-08 2.685926785180858592e-09
3.098787913627022462e-06 1.940948599668679281e-06 1.880601503198219359e-06 1.186149781863201552e-06 4.411231262173747858e-07 1.716698184710021758e-07 9.319971994642498494e-08 4.235268680210922608e-08 2.349702383195159110e-08 1.290888728769316429e-08 5.396182049427769795e-09
2.587302483249019211e-06 1.475960699999927672e-06 1.026054738705834819e-06 5.513893802484080194e-07 3.673954534244245367e-07 1.798023508088039515e-07 1.197810763533303609e-07 6.892560577821239485e-08 4.571308879264293880e-08 2.919255305019971388e-08 6.397641369871561792e-08
1.537144880251611593e-06 1.459508821589410929e-06 1.168411249164775380e-06 8.761518837613745387e-07 6.146673835423415052e-07 2.161499451790286444e-07 1.158205810924363258e-07 7.012297685089240418e-08 3.187263009981878108e-08 1.023565654394558420e-08 6.419941911652245390e-09
1.398409911337098871e-06 1.004214134786884798e-06 6.857130760128333482e-07 5.726735667074074777e-07 2.858883892694991563e-07 2.083605160694100487e-07 1.659454764223687713e-07 1.744707784745133791e-07 4.809119033252253452e-08 1.849500321974192151e-08 6.317620571851160110e-09
3.902552533156172750e-06 2.903296242129414284e-06 2.139458510855318269e-06 1.350028905211521198e-06 7.517628963375368323e-07 3.442243875866520812e-07 2.132536955557506420e-07 4.713941199026611749e-08 2.104487490715272903e-08 1.228000378277430553e-08 8.626737413404166450e-09
4.051179009323498660e-06 2.433974891467909031e-06 1.676139409983326530e-06 1.160668579528173969e-06 5.514963988872999324e-07 2.823799885958920468e-07 1.738928491500127268e-07 1.270110885183606584e-07 8.785128309555373833e-08 5.021885134262613416e-08 3.047980880968847954e-08
3.802456375622724491e-06 3.232541893624033099e-06 2.477977674649216811e-06 1.291143106117511313e-06 6.110321359558943116e-07 3.055642782232997473e-07 1.666807916130740745e-07 8.308652895493942898e-08 4.439353322633523746e-08 2.525396166223364478e-08 1.518138074752056932e-08
3.703516051619519137e-06 1.727082258407627369e-06 1.091289514612696952e-06 8.491512603927274297e-07 4.492687369281881993e-07 2.585760577769418911e-07 1.495030083556228005e-07 7.425314305906541976e-08 3.973903432519347833e-08 2.476515804865621730e-08 1.330572530689145372e-08
2.950691709025938127e-06 2.143146828954039365e-06 1.334014791058471989e-06 8.352670769033498075e-07 5.357528156418721016e-07 3.293602448601392643e-07 1.848189429823878429e-07 9.546588652648992432e-08 4.029775638133477175e-08 1.963488334658060260e-08 8.665090042137621728e-09
7.071322392214893399e-06 4.311451103809797705e-06 2.512448622720529271e-06 1.522849661568699293e-06 6.379249799031300795e-07 2.339669988835969104e-07 1.423352814641933753e-07 7.952354400213726743e-08 3.751783483240828703e-08 2.359793159371972250e-08 7.806804663352221856e-09
2.947873082622605376e-06 1.425849854878830960e-06 1.045731205300350906e-06 7.005319598731527957e-07 4.213544471356879374e-07 2.136596394413702700e-07 1.100752779432712660e-07 6.899148803661982394e-08 4.431082705968952503e-08 2.250998498901099117e-08 8.161754766171219149e-08
4.623774115495815721e-06 2.392157821983673270e-06 1.143351873777171942e-06 5.582178089205883565e-07 2.804668374351607782e-07 1.492439502962915295e-07 8.808310736572067572e-08 4.912552759976736465e-08 3.626102882761777278e-08 2.510627041430866300e-08 1.695632018311758376e-08
6.776479488596815356e-07 7.725327720168774424e-07 4.256736220993152839e-07 3.557121792752201323e-07 2.635859042734691509e-07 1.609901802220774064e-07 1.277762382150773175e-07 9.198616420296357308e-08 1.995610976838789206e-07 2.528300249762284963e-08 8.908859672460659831e-09
1.924407465125944086e-06 1.502205715932965575e-06 5.605884101882831109e-07 3.060193780411092653e-07 1.879085175072043746e-07 1.398425648872947230e-07 8.916773776627380222e-08 5.779086275587216466e-08 3.385304723450511856e-08 2.327832945941532214e-08 1.676583107181153444e-08
3.780559352289313207e-06 2.379051977805266583e-06 1.310787950947284301e-06 6.505024387957135614e-07 3.302929890112588858e-07 1.934933504017245625e-07 1.365066678097951049e-07 9.868249674580424729e-08 4.320068365519791703e-08 2.133598095314858987e-08 1.072387055971362482e-08
2.029970601779395270e-06 1.257990455611791423e-06 7.486838195947332661e-07 3.993196494714545173e-07 2.791404604366916190e-07 2.053130885782697985e-07 2.402392266431310310e-07 8.641875204182295469e-08 6.275787305277560647e-08 1.043727404629511388e-07 9.157719280787717676e-09
4.707263967796379599e-06 2.795881976455069762e-06 1.345481226643928372e-06 6.666160725659755187e-07 3.155843888701331306e-07 1.706983446461302729e-07 1.134061947360365906e-07 5.482826456779372416e-08 2.683996637333501239e-08 1.557093615590773346e-08 1.002815888093483839e-07
2.126250694951411071e-06 9.371543743518862677e-07 6.637444530588845589e-07 4.071199255377200743e-07 2.601179517441555626e-07 1.877599345542472812e-07 1.093507566866189220e-07 8.697618104460003565e-08 4.152363198146620140e-08 2.013467043075535814e-08 8.743169470516490776e-09
3.525629327543615945e-06 2.493601392076998374e-06 1.988910148650122875e-06 1.013540490136065294e-06 7.728439076246819962e-07 3.362901124970756057e-07 1.343915380919615680e-07 5.230340153988008050e-08 2.952895426790563335e-08 1.950807678505225048e-08 1.077406024894911790e-08
4.057527623186722111e-06 2.560845578813769181e-06 1.696719586450694475e-06 9.383644320024626719e-07 4.010888255580083911e-07 2.179907159482197230e-07 1.212836595946461628e-06 1.211602000962913327e-07 4.027559546112247604e-08 2.038788924060985785e-08 8.512126623902728177e-09
2.124038694503938738e-06 1.583050844685755672e-06 8.623651990587866942e-07 5.575867035733039899e-07 3.397765036835584566e-07 2.004471608587706199e-07 1.226778356131103121e-07 8.358776585044410939e-08 4.345803487225673016e-08 2.769377202587683650e-08 1.781898805844766731e-08
1.397255422059291905e-06 1.034375315315110365e-06 4.684936726692536100e-07 5.747498005960999633e-07 3.592436174830339560e-07 2.812191741782720541e-07 1.169506352439905870e-06 1.235018590614784002e-07 4.028335452344926637e-08 1.858060514160052859e-08 1.301097444525418438e-08
3.384853697801361826e-06 2.143014993688881868e-06 1.205756014289715191e-06 7.642329269717222665e-07 4.411213516614946675e-07 2.745861535420351173e-07 1.655580613393687685e-07 8.465126163623811969e-08 4.018609370729941073e-08 2.248195214022766794e-08 2.390225388563026250e-08
2.380373276598334490e-06 1.763363677431624676e-06 1.038606159920659483e-06 5.505676287594244992e-07 4.527467256106441628e-07 2.691873721711235118e-07 1.415903311947508167e-07 5.373373195213181618e-07 1.335596957329822289e-07 1.537487010125333114e-08 5.447609111766869715e-09
3.807084810504205784e-06 2.958945625118736623e-06 2.374820643387828576e-06 1.342200644687106610e-06 7.392620219538044572e-07 2.947798138884685879e-07 9.758114123562755979e-08 4.943052406741521482e-08 2.845389996525298377e-08 1.339360405507477063e-08 8.320459879948856160e-09
2.179088755838252177e-06 1.591835356238688889e-06 9.402975190576388144e-07 5.379185072320748241e-07 2.645888177452586157e-07 1.631007423382954991e-07 1.052694683697123500e-07 6.266527145845282664e-08 6.324627446461458900e-08 2.464431812218275991e-08 1.126538008711124461e-08
6.412635570582980893e-06 5.218064854260383698e-06 3.341872318517484923e-06 1.658766990279963881e-06 7.138342898568672389e-07 2.662164984579034830e-07 9.584798479740276620e-08 4.992390044783599271e-08 2.796360057493392922e-08 1.225860013659651247e-08 5.242008479983896062e-09
4.983138285334935096e-06 3.177374172354592737e-06 1.921386452416649070e-06 1.209007845918318991e-06 9.501631455164702459e-07 2.097686406391314052e-07 1.034555677786385583e-07 4.083654573558337048e-08 2.056283217209996524e-08 3.522142370230643028e-08 5.063652334734183177e-09
3.311408053804765641e-06 1.874875151158953995e-06 1.030534521955731301e-06 6.448242164022832836e-07 2.405616944490976979e-07 1.791385871838810963e-07 9.908489331879671750e-08 6.148606560190436155e-08 3.256531538309138146e-08 2.192959490381546991e-08 9.930254799656118262e-09
1.706775972173979708e-06 1.350147648340491410e-06 9.114585734077949552e-07 5.145529155497961668e-07 3.098713652268155541e-07 2.009812483574058610e-07 1.253842135741444069e-07 7.425764477897875475e-08 4.518266668203682634e-08 2.487719399098877115e-08 8.611206038296111152e-09
3.638681396307391490e-06 2.412613277879447818e-06 1.671191378365966773e-06 7.557283560311432543e-07 4.260662844828880532e-07 2.294636458965508691e-07 1.520857589065477834e-07 9.569638506906585459e-08 3.631834573003080608e-08 1.786439046716137380e-08 1.003054946749197823e-08
6.764562650396006785e-06 4.634413302415438551e-06 3.247567194030913150e-06 2.068543456597221182e-06 1.045312629277793497e-06 3.186127108076907575e-07 1.223279160969121050e-07 2.877790574827627959e-07 2.789543927129272535e-08 1.244755129099912277e-08 7.882454405029754398e-09
3.228233129796197912e-06 2.519920274164424623e-06 2.257145539943686688e-06 1.329853098738200094e-06 5.391440643890689348e-07 2.760662951594835620e-07 1.451221053995602423e-07 1.911373636355409363e-07 4.710645444187342216e-08 2.730258727172283622e-08 6.309642196088183492e-09
3.849604645223119671e-06 3.383609698115817692e-06 2.344082798086689371e-06 1.316171197826534340e-06 7.546030103633648067e-07 3.762265191072008605e-07 1.818156250526430261e-07 4.865940084531062581e-08 2.033324032100393522e-08 1.670662970833489294e-07 2.974787986708582419e-08
4.460925550990622469e-06 3.179816124487094843e-06 1.939536544423390926e-06 1.335645559579966804e-06 9.747155933571589435e-07 3.866823918825076500e-07 1.126165991316638566e-07 5.274801963099682316e-08 2.023708490183326129e-07 9.949105849141345605e-08 1.374728196821370677e-08
4.546148425320159170e-06 3.743129628840243245e-06 2.975672954264893552e-06 2.173411540752608420e-06 8.557002145554703910e-07 2.502328346309985653e-07 1.151474935778218490e-07 5.851525054784421297e-08 3.831031646951171766e-08 2.849482879311890922e-08 5.710118376645225289e-08
5.294996446486891630e-06 3.638222261713627296e-06 2.467532872317389502e-06 1.931527832681056215e-06 1.026770196790263686e-06 1.685723938211326701e-07 7.725175268357305470e-08 3.887844220378629464e-08 1.743262061915727815e-07 1.072723702413155191e-08 5.742521220038775532e-09
2.224713667660414842e-06 1.651250445568794793e-06 1.489850806580999356e-06 8.658395210299811934e-07 5.381537687005439937e-07 2.774188828474829596e-07 1.519521685412857214e-07 8.222381421208488304e-08 4.156883486507862012e-08 2.218994237796764437e-08 3.431960883833782290e-07
4.988421517147849158e-06 3.061820138375502042e-06 1.808696129634104935e-06 1.145590109394373565e-06 5.458515401772092539e-07 3.004637706029783459e-07 1.548842125988180158e-07 6.953697250453573114e-08 5.718712250566339678e-08 3.194717872850471391e-08 3.026886240837288138e-08
2.954750091827680757e-06 2.494721143807503777e-06 2.155183504443767349e-06 1.349688144493239728e-06 5.722938702419616392e-07 2.213663887696858190e-07 1.434819826571908689e-07 9.252991245782798545e-08 3.972083571202317380e-08 2.028822991913721216e-08 8.728175885089599910e-09
2.281311076547517885e-06 1.163121009115398507e-06 7.260608944349356870e-07 7.290544970677512415e-07 3.781493957843500313e-07 1.671188988533980588e-07 8.722905909091614446e-08 8.186580023204159458e-08 1.096351726662958667e-07 1.505428862304679673e-08 5.467200886841375195e-09
5.683879080060200580e-06 3.955787627085312737e-06 2.656798699010533450e-06 1.787247243774423348e-06 9.933583669855842947e-07 4.291855275659915122e-07 1.331809070673564173e-07 7.097224486047785511e-08 3.070091918691902417e-08 1.747746410858573338e-08 7.531643536929512917e-09
3.028160819925674383e-06 1.779552591297092941e-06 1.003260037580298223e-06 5.726123808568500008e-07 3.341052806881297744e-07 1.907631632111861004e-07 1.125398879742812520e-07 1.020693962236952400e-07 3.132796190009482843e-08 1.382812975127436833e-08 5.537930976271096626e-09
4.294119876447061231e-06 2.514295189896937190e-06 1.344374896832503354e-06 7.391717055368427173e-07 3.203529051518850077e-07 1.668189015762084474e-07 1.000630192910192822e-07 5.231751286256783159e-08 3.292181031703022540e-08 2.251667073356830445e-08 1.293582125131857975e-08
2.985936167972525624e-06 1.785656903392578336e-06 8.679615697190579406e-07 4.925220522584577024e-07 3.794383395410553429e-07 2.459014439596343756e-07 1.189131908442168557e-07 6.275762378034411844e-08 1.191438624290295335e-07 2.199979823797346673e-08 9.438488338996594548e-09
1.825992531413307692e-06 2.008488604346285359e-06 1.204041336175961198e-06 9.174932375346010677e-07 5.915947218538238138e-07 3.430419149983595535e-07 1.496157982537481643e-07 1.120963191281702255e-07 2.875016795486792726e-08 1.514537355771103731e-08 7.690030246549459340e-09
6.376267398726867716e-06 4.250511233988059474e-06 2.604233369510483264e-06 1.848810063651965031e-06 9.205562217511085129e-07 2.882975358181535831e-07 1.122274221950403593e-07 5.750936046915903385e-08 2.690774611787043173e-08 1.555994329164664891e-08 3.020957051173657547e-07
2.687815627062847683e-06 2.031582897733149220e-06 1.797396416575896917e-06 1.124285878554675496e-06 4.158539978408912189e-07 2.145433521658476189e-07 1.167887254990775526e-07 6.352779224826073591e-08 1.047660336589829117e-07 1.652834733000148086e-08 8.232652676709461095e-09
4.693113864443747335e-06 3.268899056101253596e-06 2.286851560176658582e-06 1.281970981716283296e-06 5.317390777080680957e-07 1.583221655032597249e-07 9.734680528639152623e-08 5.118264186467610472e-08 2.106265796314796708e-08 1.217972158799717204e-08 7.558214562680403355e-07
3.004558024295364397e-07 4.693447365501625836e-07 2.272251317476544860e-07 1.742965106333506601e-07 9.594344866278276528e-08 7.912904921254424279e-08 4.873216570329727172e-08 3.618404944141651718e-08 3.350547551690791479e-08 2.343567338372861355e-08 1.484659135731608509e-08
2.448355182236129473e-06 1.002356763087542861e-06 7.683782839020807922e-07 6.302963496421932923e-07 3.661014404848251006e-07 2.140566624382836332e-07 1.313064241603045860e-07 7.599990264994207271e-08 3.134095022246218006e-07 2.197517747210041744e-08 1.277966649168064540e-07
2.475686361449153875e-06 1.274380129301485971e-06 9.137179890869678005e-07 5.280184766135574903e-07 3.760419852720378908e-07 2.433582373973804652e-07 1.480493466776704454e-07 9.038633071163284350e-08 7.623901168345787408e-08 1.658969431981604975e-07 2.044520882081976130e-08
9.813837366553647605e-07 6.528756557234896135e-07 4.891524446525726924e-07 4.328645845270199607e-07 2.344519406601345266e-07 1.673308665533849365e-07 1.157293035017899057e-07 7.015019305378308637e-08 4.191697833084915378e-08 3.123133826197119572e-08 1.022888501606569913e-06
4.731088666550361007e-06 3.698943825039084547e-06 2.425654590195730831e-06 1.155254809873421676e-06 4.898948928224075412e-07 1.862022659929979500e-07 1.084950777259062642e-07 5.771426181004466321e-08 4.576247406307961095e-08 6.644141432662418830e-08 1.169786508337757061e-08
1.127884367964604692e-06 1.038268388972515129e-06 8.221984161529032263e-07 4.833059233045719633e-07 3.144874084134879476e-07 1.871328700123862327e-07 1.112470682377952607e-07 6.166943137442113004e-08 4.045686873330610218e-08 2.797688393867824483e-08 1.568636178766223571e-08
1.436983429239496122e-06 7.454703820185466602e-07 7.998642172610117877e-07 4.666390784921564160e-07 3.541182637801966440e-07 2.803745402301642296e-07 2.003159395612967014e-07 1.114080934009282033e-07 6.679154270413238749e-08 3.867004577054593759e-08 1.724797156385610247e-08
2.319474061463393320e-06 1.451799313371368215e-06 1.157009307560604822e-06 6.423502116995589020e-07 4.996812321850681830e-07 2.927766801227218713e-07 1.932139826222471979e-07 9.536360580350345025e-08 5.336590193432965281e-08 1.050343211517445355e-07 1.694458447537815389e-08
4.035863909595053379e-06 2.396108434933370715e-06 1.360845089125662988e-06 6.651328453045380150e-07 4.202941987101838111e-07 2.012132483526216849e-07 1.233556689863270088e-07 7.103002281141777459e-08 4.106351961232844083e-08 2.272469834537849126e-08 5.574061083580057972e-08
4.969092491637857703e-06 2.700312326383999672e-06 1.564264881203071044e-06 7.845992592908727386e-07 3.854861172801413135e-07 2.128648916325511246e-07 1.163598529312267750e-07 5.799888026546154532e-08 3.034174386898982344e-08 1.901386248416503825e-08 1.335491673586090773e-08
3.135348145572437487e-06 2.496873810178435372e-06 1.766493805506608946e-06 1.231250539135262281e-06 6.703989217511982346e-07 3.313927326574248492e-07 1.197699948996433262e-07 7.882904549823313255e-08 3.606902271735426501e-08 2.116790408041743758e-08 3.968434216447132851e-08
8.731457816587710886e-07 7.886963987856719994e-07 6.748082475127494218e-07 4.093561467440647666e-07 3.149777097466107655e-07 2.583591904287990660e-07 1.766088965310075321e-07 1.153089899666913100e-07 4.344512457316126436e-08 2.088023520567460580e-08 1.331362542026631114e-08
1.352312393168789012e-06 1.095012702753218560e-06 6.422008447263310279e-07 4.541798333417708964e-07 3.783628353099742696e-07 2.749314929929265373e-07 2.319744448086169913e-07 8.787073412838192482e-07 5.597713082773338161e-08 1.121034463050522799e-08 3.784841886251216507e-09
1.308132161533766605e-06 8.692608488440952735e-07 5.317958815907249311e-07 3.089780536671169382e-07 2.008101812721235264e-07 1.433085875484349475e-07 1.768278496097004118e-07 6.565971796591558786e-07 4.188415336520090765e-08 8.912361112783755382e-09 2.858389063007076606e-09
1.634282232476396625e-06 1.306804755528715973e-06 9.296526086031102231e-07 6.581362985213851554e-07 3.003321858807818385e-07 2.250700281303047812e-07 1.356050505870991541e-07 8.437147598991005199e-08 4.536709578713091523e-08 2.487380567553304720e-08 1.537815694933085393e-08
3.759629470484853027e-06 3.253792967766014336e-06 2.644915155035476172e-06 1.563583398925124800e-06 5.731801966668885453e-07 2.655790191081180000e-07 1.493636001532554362e-07 8.881005773049542216e-08 4.874964706796958950e-08 2.358739826115638024e-08 1.258694692110365723e-08
1.334704644178463084e-06 6.993840384149614838e-07 5.331803195430743334e-07 2.101829342003728126e-07 1.498989775054285371e-07 1.188145122987563808e-07 9.029789634728386464e-08 6.282362777945691431e-08 6.105817671651212475e-08 4.178275803609990226e-08 7.568123742939183889e-08
3.761350062342213601e-06 2.434329555199526116e-06 1.341648144616932150e-06 8.557450394923725495e-07 4.007073343253661702e-07 2.038450601627270357e-07 9.850169815331770870e-08 4.966692845090605245e-08 2.811277846894944525e-08 1.726615330115633377e-08 8.434008188248879237e-09
1.243098283703612825e-07 4.860636286533764179e-08 5.771166418208242393e-08 1.118014667518197134e-07 1.073484716783679974e-06 3.265571838413177836e-07 2.657666775716995803e-08 1.200030683918909942e-08 7.233242662587016873e-09 5.670707527950208922e-09 5.245529195613874733e-09
4.888676456418907371e-06 3.021392774330464222e-06 1.871220141064251557e-06 1.259821871718445112e-06 4.537907172510237156e-07 2.082104897875124019e-07 1.320981939846786150e-07 8.236273581889197095e-08 4.007957295707039668e-08 8.499540843349798807e-08 4.940087873414958993e-07
2.008674278296084609e-06 1.409688222884076108e-06 9.744157216114094534e-07 6.582488564493329666e-07 4.369885599289251627e-07 2.721991391637699713e-07 1.419518798807366635e-07 8.087865084627827407e-08 5.571637720632873427e-08 4.166992556664257664e-08 1.845651199947539317e-08
7.252089661600319426e-06 3.706981880111720849e-06 2.444593631343746872e-06 1.473729747675445444e-06 5.222715716364488688e-07 2.312095541356373848e-07 1.272939615994917430e-07 7.710942087989853436e-08 4.470487705001328482e-08 2.224319245320836760e-08 1.365682310328941538e-08
3.430534774517948108e-06 2.874953808268672228e-06 1.595140632940875507e-06 9.363474295862645714e-07 5.826025540620518231e-07 2.156407463749788886e-07 1.130615011504168784e-07 5.401734084077262840e-08 2.889524557271610646e-08 1.988066198304465953e-08 1.084945509602142803e-06
3.816503146891723239e-06 2.589666292547204960e-06 1.884089594363797092e-06 1.015531625985429138e-06 3.876382599209766271e-07 1.907730752262828314e-07 1.161410995079271674e-07 8.004313737842898079e-08 4.562464068237378323e-08 2.533112157701353027e-08 2.089020604008175451e-08
1.014770248577457168e-06 1.087308291183781223e-06 7.747881821860858205e-07 6.055679558068743564e-07 3.791611560081060785e-07 2.603694665774676929e-07 1.616963380416894556e-07 7.549083152784936635e-08 4.442279664029580393e-08 2.355540483719570635e-08 3.280559567532501827e-08
4.472757236667115595e-06 3.561455598532701339e-06 2.353030555078719162e-06 9.478583968071771059e-07 3.558096142705956704e-07 1.678194820059294724e-07 8.426527893320917580e-08 5.326702478827188694e-08 3.248442611435960405e-08 2.053324598149906828e-08 1.066606874145963870e-08
2.576774639391260246e-06 2.254202161936793935e-06 1.525630081529910601e-06 1.146447279661832821e-06 5.593726470600621324e-07 2.985783771559163784e-07 1.439199911487055821e-07 7.433170281599188746e-08 3.918895573143283863e-08 2.392702691864295372e-08 1.134809793633342190e-08
4.483117176337376563e-06 2.788411826635586603e-06 1.447912922873505703e-06 6.271093315764621064e-07 3.047784565784130885e-07 1.974246717191186178e-07 1.116864019880065569e-07 6.375126277964271187e-08 3.767966132774835943e-08 1.958319160563472349e-08 5.651543661643660688e-09
1.192476689677151650e-06 1.016027323932809224e-06 8.523012034054239541e-07 4.382233548376149001e-07 2.333801032633517473e-07 1.521512132953102570e-07 1.151747779319563472e-07 7.797892261182950809e-08 5.712518205096854872e-08 3.847162532465416778e-08 2.977414132019590202e-08
3.255358014641076619e-06 2.235499555745167707e-06 6.173555910129255752e-07 4.603489065339135250e-07 2.532597074105617154e-07 1.820700943070285971e-07 1.267862842719295043e-07 9.507891378132230435e-08 4.267041048518538491e-08 2.511297824883148343e-08 1.490942646279206278e-08
4.196873015482711845e-06 2.177552465092469696e-06 1.717917163764023294e-06 8.480438786101163506e-07 4.445028862513343458e-07 4.683218071622160649e-07 1.427297638877531782e-07 6.371522730714361095e-08 3.439431356962933342e-08 1.778964539496343483e-08 8.831839562678970080e-09
4.613049167663907680e-06 2.582354935634939862e-06 1.585091433229110367e-06 1.020353923324123766e-06 8.778573547423346829e-07 4.403965708214896609e-07 1.861883172154821224e-07 8.058933928404427344e-08 5.196389887307580427e-08 2.977564782354570769e-08 1.841837004305413749e-08
3.282902605773913644e-06 1.933502858479292098e-06 1.231687771711816632e-06 6.514924518012934489e-07 3.255540466548895181e-07 1.792766348525952475e-07 1.496418039198238462e-07 9.964131134520377965e-08 5.068052150101261498e-08 2.566337254417419843e-08 8.743105858851058306e-09
1.184787019406974446e-06 7.129734739375242395e-07 6.264350101664849551e-07 4.388486801151849582e-07 2.917376111512098931e-07 2.078215659550175017e-07 1.354872960786104172e-07 8.953811466308779900e-08 5.300924157002068429e-08 2.274138209777131999e-08 1.206409875842497408e-08
5.069190857140022881e-06 3.292781889601902775e-06 1.729208785120107681e-06 1.200943375965747705e-06 5.586185062352431142e-07 2.379952052090060783e-07 1.343201065811726929e-07 6.850904072480005230e-08 3.675430259049818286e-08 2.151511085350650218e-08 3.568373932265064872e-08
2.278525151005991641e-06 1.946860236053709208e-06 1.293954947922908850e-06 9.899368221533997794e-07 5.867008887384484829e-07 2.712664026764416145e-07 1.232152748709317137e-07 9.709849710865704561e-08 4.409975694855542396e-07 4.133225292422326162e-08 8.582073634624426170e-09
2.314630191495422555e-06 1.670305791583027665e-06 9.818545657780716639e-07 6.932411508620635156e-07 3.698260572473903857e-07 1.937905679629001812e-07 1.246092410892329110e-07 8.476243989504673779e-08 5.041817369627397420e-08 2.534795241057794046e-08 1.322825560661986008e-08
3.060314094975623388e-06 1.525123613941680003e-06 1.143747528225871911e-06 7.059129287007168793e-07 2.799578570173323938e-07 1.806210667035455009e-07 1.164352554676196216e-07 6.328986944753192981e-08 3.676500328444240827e-08 2.683269921157095928e-08 3.507597410511401029e-08
3.486190821776021330e-06 2.253741088780891201e-06 1.721194863426869276e-06 6.458625258354215859e-06 1.179997261927792717e-06 5.263521902124155889e-07 2.713338466334629170e-07 8.250530345498913149e-08 4.696500191480952698e-08 2.917802303317221136e-08 1.793626287565091498e-08
4.043792872460458668e-06 2.815784571487824740e-06 1.523435080652664173e-06 9.019405989141710953e-07 4.270155370294540139e-07 2.152918145809855168e-07 1.540563344172027501e-07 8.911425903147668361e-08 4.727281442788723919e-08 2.700277794206995994e-08 1.623334188625773280e-08
8.006007281415483138e-07 8.175318885859880424e-07 5.447144489448949521e-07 5.206898171506304734e-07 4.532464345373544131e-07 2.478358404840124387e-07 1.802142972466531292e-07 1.108613767701575240e-07 5.288733558452518796e-08 2.119974116038630869e-08 6.990834589063615744e-09
4.757789195214755338e-06 3.366355615069500434e-06 2.416267031498884195e-06 1.158926223425571348e-06 8.682064968121785588e-07 4.611262801698774927e-07 1.712732117425889927e-07 7.027289294046108036e-08 4.221706251617299085e-08 2.074004648488702213e-08 9.576936035806082580e-09
5.609354924683399305e-06 3.826675388878945136e-06 2.660905667862750200e-06 2.064334437909860516e-06 8.585983666015388977e-07 3.586216849857953524e-07 1.881411323964000301e-07 1.233023488967738384e-07 6.816007191541075627e-08 3.136376201639802089e-08 1.579801131714385309e-08
2.035077515556698079e-06 1.190586040529623501e-06 8.344394766370321496e-07 5.583913007404004097e-07 3.689827866207851603e-07 2.397061752762477938e-07 1.399850379465813358e-07 1.007315026068112784e-07 5.295306420487413368e-08 3.196819404523072005e-08 1.881908701335651107e-08
3.122239241945488971e-06 2.371156404664601205e-06 1.419853334943768632e-06 7.070687110586810403e-07 3.368057729791065317e-07 2.321623827923365298e-07 1.701472795081543362e-07 8.212520635078758641e-08 4.390285708378134919e-08 2.636585328829185122e-08 1.125234903011830869e-08
4.750862428530085274e-06 3.482279193263134923e-06 1.746820787058260266e-06 1.027218674589447968e-06 5.473444387545782239e-07 2.237173339969076528e-07 1.207480231284595024e-07 5.375632098342476446e-08 2.937174860886895029e-08 3.823707128790184638e-08 5.422231702642807568e-08
3.233981569080100761e-06 2.081753574959161115e-06 1.481835945695549146e-06 6.633168611261176291e-07 3.622288831380974522e-07 1.836121379620076219e-07 1.690420987562342949e-07 6.864759154294007800e-08 3.971446456094678496e-08 1.997301526781565256e-08 1.005630547755926227e-08
3.650689883593171119e-06 2.406833095282384125e-06 1.501362686304754720e-06 8.560768272430070337e-07 4.698312291825832759e-07 2.533920196234569990e-07 1.307057343094173178e-07 6.076427558418649296e-08 3.732749745032279358e-08 3.114461592254138003e-08 4.118888799666639377e-07
1.547238853367398845e-06 1.323206871756497334e-06 9.410050330701359313e-07 4.063539021266940023e-07 3.051100098524128671e-07 1.966679780490993476e-07 1.088460758317755427e-07 8.463140053518227667e-08 6.016604073944521491e-08 3.437760777494259084e-08 1.553537542973394716e-08
4.248045745695935877e-06 3.022864327517228153e-06 1.842716002589952282e-06 8.998513442386383568e-07 2.321756480845869543e-07 1.249588429063868587e-07 7.900358272556763150e-08 4.426998840370281277e-08 2.548428318957288814e-08 2.521417380855771198e-08 4.588543201278102407e-07
6.730764435419261669e-06 4.513227288050385051e-06 2.896704277246364080e-06 1.619727442833209949e-06 7.333977506787936024e-07 2.243524951178907257e-07 1.139047670916764687e-07 5.457225320940734830e-08 3.133818331382397438e-08 1.773808462231292927e-08 8.798282061322100986e-09
1.277426981688611083e-06 1.128001865302826698e-06 7.092801462253685833e-07 4.165819921157020686e-07 3.177487224743017296e-07 2.280725273802842941e-07 2.309189369884240386e-07 7.900998084751640223e-08 4.775968326228436791e-08 3.340154251016557162e-08 2.004648336220012725e-08
2.000271657051123659e-06 9.146890395329101980e-07 7.389363342527503044e-07 4.718555255909953328e-07 2.302692260022961820e-07 1.475058381296993182e-07 1.402246510553793627e-07 7.446505773357962754e-07 1.010633955337873916e-07 8.020135893585703967e-07 1.199598923694886281e-08
3.233955982757768875e-06 1.878263773786873769e-06 1.211702174126380944e-06 7.509515366175644668e-07 4.273953126584615658e-07 2.724469151403262150e-07 1.661474742198849465e-07 8.866887655245827253e-08 4.922859182477019066e-08 2.225166722154959298e-08 1.313945260315623145e-08
2.110729682963636627e-06 1.757307298788558977e-06 1.076709183994526542e-06 5.682925973622668455e-07 3.514275131446377535e-07 1.754855123023967878e-07 9.731933331868894966e-08 6.555303981898927517e-08 4.241235363160609782e-08 2.283588368728992433e-08 1.243959150723097935e-08
7.667606935755070508e-07 8.710746273326265362e-07 4.151083327360310799e-07 2.900351185109814074e-07 2.110440832176955709e-07 1.378732228130110396e-07 1.065575421480997403e-07 6.571988166280815231e-08 4.580469444055892933e-08 3.124963442567023460e-08 3.400478857377109659e-08
1.675168321956065604e-06 1.090216361952359495e-06 7.267948247928931830e-07 4.752703451915319115e-07 3.472322425998917617e-07 2.007923239739846797e-07 1.219253303466091982e-07 7.367688802635041011e-08 3.985858890711069874e-08 2.870205326116293385e-08 2.482663222736293195e-07
3.868635842181974761e-06 3.425626609944659567e-06 1.820833091333763244e-06 1.016472460167460080e-06 5.492071792877424555e-07 2.779196473928883775e-07 1.320725244477102108e-07 7.380955991657186296e-08 4.019430066899927972e-08 3.327066614626975878e-08 4.315138095595856236e-07
2.681044778694120047e-06 1.585918722335576321e-06 1.032874900043439553e-06 6.215529741599584585e-07 4.503958760386905910e-07 1.847686863831728279e-07 1.088057759743676148e-07 6.066564115083179562e-08 3.144631257499551414e-08 5.390856631849398063e-08 9.111639859243276326e-07
1.900335233699611364e-06 1.498625134681280932e-06 9.106154830497259792e-07 5.642786495577431284e-07 3.173915517012355748e-07 2.168424709491976290e-07 1.208995907893847574e-07 7.438629248417099647e-08 4.107368669304338337e-08 4.748746377574490642e-08 1.473180416074518743e-08
3.061834194252299571e-06 2.331944522657860421e-06 1.123608937978530203e-06 6.534896143654692924e-07 3.547457146283392448e-07 1.879368546962439803e-07 1.128036448450034707e-07 7.222502094066443872e-08 4.641347577925998426e-08 2.682485850931183674e-08 1.233828827434925026e-08
2.252375223034864550e-06 1.740231068713590658e-06 1.220117203978043336e-06 6.795541949920587393e-07 3.743698127215149360e-07 2.076483253472859654e-07 1.177488972746655223e-07 7.247262110363811223e-08 4.390773633613028845e-08 2.214580353266071411e-08 1.137407308214001909e-08
6.330234813502606423e-06 4.051959747847300725e-06 2.395676189161662712e-06 1.222756023133061674e-06 5.158555784427376776e-07 2.494612084671748278e-07 1.098359791562515671e-07 5.729317092082104141e-08 2.770135105035859067e-08 4.923358801049358384e-08 7.957307150195155914e-09
2.335498149368736607e-06 1.799355461466594438e-06 1.719557100848943684e-06 1.289595367999359682e-06 6.960057829390285559e-07 2.724978357492164903e-07 1.786493533347997355e-07 1.023331275563708167e-07 5.324262730730148788e-08 3.277918013567558984e-08 6.138262785133912845e-09
2.019642069073010150e-06 1.791066907960397733e-06 1.321693437151110465e-06 1.274747771575940281e-06 5.649252907236477003e-07 2.488622679257300217e-07 8.930663468492973002e-08 4.330046035517241425e-08 2.090512300901674555e-08 9.751980075030010203e-09 1.015549386923949978e-08
1.857924867172173346e-06 1.512780504170539443e-06 8.155072655284993846e-07 6.809657946527446906e-07 4.554669212989065345e-07 2.449874947588001595e-07 1.333583432743714108e-07 8.484365774326615872e-08 6.001342104055256392e-08 4.155046816275757449e-08 2.415611726490507651e-08
4.132766793983504124e-06 2.911204549520237531e-06 1.937906537954245300e-06 7.533727402238776525e-07 3.103667546540939529e-07 1.974461748939489400e-07 1.147309592819630608e-07 6.119241113064529466e-08 3.315154498864624651e-08 1.880534549000428456e-08 1.020376466135440734e-08
2.461118263553014156e-06 2.100096428067686169e-06 1.139301858481561532e-06 7.841837855414150858e-07 4.664643102084041717e-07 2.072694515342318022e-07 1.154675878239866592e-07 6.180055779403526675e-08 3.347773154689526032e-08 1.935476288217792300e-08 2.249306481815580558e-07
4.790906933022419906e-06 3.792440328189508444e-06 2.806413583875091094e-06 1.856910247753881523e-06 6.547599935400906493e-07 1.654711699036150302e-07 7.741953733779320802e-08 4.869877673042427018e-08 2.765995557716995068e-08 2.719352066573539930e-08 9.377279691815296007e-09
2.815953664980357061e-06 2.366646716367838012e-06 1.282514975283927358e-06 4.470513519643537338e-07 2.423909202968171703e-07 1.683349638395686047e-07 1.113448968029048224e-07 5.800043120049838131e-08 4.000665519511333270e-08 2.362940228431789658e-08 2.689209455420265957e-08
3.795336593395776117e-06 2.878859816020796359e-06 2.615509838344841189e-06 1.927092081210210401e-06 1.215993171502794721e-06 4.292953733768820789e-07 2.287962431790844314e-07 1.178824576999941816e-07 4.344795184088181445e-08 2.311015792287639669e-08 1.098186761687879029e-08
4.416005147493059447e-06 3.354244669584944589e-06 2.088080550219059585e-06 1.286585829902518945e-06 8.414600228946094571e-07 3.776487430597634053e-07 1.740367278480048655e-07 7.763986349514223319e-08 2.391862609933999481e-08 1.055778994164131942e-08 2.199390084526302674e-09
1.699911555010038726e-06 9.798630172832814073e-07 7.078553529261121162e-07 4.985945874583167524e-07 3.120920184605816283e-07 2.456416184267220839e-07 1.622430410867532953e-07 1.206400633370589378e-07 9.146486295173239473e-08 5.957868348602564087e-08 3.081505958821631665e-08
2.159810032901653045e-06 1.844298490455471102e-06 2.061067008790565302e-06 1.875697550587681942e-06 9.133808913590201489e-07 5.343113120052331476e-07 2.636109493278573015e-07 1.071033227930443176e-07 5.557727427321847428e-08 2.462225778663073620e-08 1.576770512491498406e-08
5.066085782775201128e-06 3.726487024044981013e-06 1.941444481917023758e-06 7.947963911589828243e-07 3.628661892460058028e-07 2.025971268992856733e-07 1.011549797951148153e-07 5.850598068840852623e-08 2.604161049323694727e-08 2.462147865412992135e-08 5.826708531034802016e-09
2.478696595249165876e-06 2.043179297540639054e-06 1.966936806295959734e-06 1.551774032137478258e-06 8.810062116650648514e-07 2.181368176472102130e-07 1.292309783158878357e-07 7.444987338095776393e-08 4.670641430155370941e-08 2.105094777193588033e-08 1.611423116033988666e-07
3.128908929483323257e-06 2.205319753003820391e-06 1.134490635611741293e-06 7.800541757651342359e-07 4.806110307961788802e-07 2.722661817719629639e-07 1.669286514774645347e-07 8.001127256171468498e-08 4.014484023794711425e-08 1.831656712282224776e-08 9.303475031898789167e-09
3.484305045100342510e-07 3.438241575039062093e-07 5.561450544187475908e-07 5.094040677529710814e-07 1.120134682666794847e-07 5.848038369692596170e-08 3.837688406937333135e-08 4.034856957261534670e-08 3.160674386191759306e-08 1.785510276396867732e-08 1.057143115727230075e-08
1.025120688093769318e-06 1.202747044451850484e-06 3.668206581567937637e-06 2.148093622847718379e-06 4.323252785102817949e-07 2.202770391837393302e-07 1.110597036989560085e-07 6.836858306531691190e-08 4.499626186876948874e-08 8.235714869195134765e-08 4.572209733201631212e-09
1.654805774737446791e-06 1.269479076563859450e-06 7.778502514959929050e-07 5.072779109760249634e-07 1.599002119183500816e-06 2.085719255562244498e-07 8.785409000931960835e-08 5.775998108842185502e-08 3.799340962556175334e-08 2.346132683983034037e-08 1.507727060315909889e-08
1.558315799559588136e-07 1.027006849668321980e-07 2.136463257832142760e-07 1.927845885405793153e-07 1.159400587561324053e-07 9.066340686478475902e-08 4.716266945856248885e-08 4.060111339687118650e-08 2.326987281620833451e-08 2.149910683693256923e-08 2.257842397706107219e-08
6.133006387526619826e-06 2.568288321177024302e-06 1.475729473132053483e-06 8.454505367758152929e-07 4.097434383524591898e-07 2.316972500282485955e-07 1.517210377037332510e-07 1.027357849157546608e-07 6.757789218628341984e-08 3.730625412595600774e-08 2.193988850627951096e-08
6.383517904625172885e-07 4.758133695829449245e-07 5.068357839675984060e-07 3.759207777646197716e-07 2.490476046251311341e-07 2.173797934800114489e-07 1.806851918264142704e-07 1.119393251353825416e-07 6.303233749898345287e-08 3.662382637894401345e-08 2.517043879400026775e-08
1.742898998367249810e-06 1.274663657053746396e-06 8.244761971218511459e-07 4.912720421312337529e-07 3.467683248425779073e-07 1.967798895096826077e-07 1.205692618155324203e-07 2.770705801252919142e-07 4.793360461654683558e-08 1.701396941410970893e-08 8.461329210466266177e-09
3.173981274718123492e-06 1.805759951103768973e-06 8.589848923791243146e-07 7.219287344388978177e-07 4.409974873072414366e-07 2.869449992571898838e-07 1.719740870890262596e-07 1.013796071974269975e-07 6.415910064556670778e-08 5.588712919170346209e-08 4.161973825164704653e-07
4.549542909804068820e-06 2.777600572323179334e-06 1.897714234497051874e-06 1.230880631239651118e-06 6.254974569768097957e-07 2.475076455816369359e-07 1.276850997244811863e-07 6.461080940602377815e-08 3.141731560666118360e-08 1.796645877485381944e-08 9.092707251983844714e-09
2.117930559921152224e-06 1.659786269569851189e-06 8.486024297980152949e-07 3.984344509180022354e-07 2.147119025315350507e-07 1.583390823650989991e-07 1.873356446176575995e-07 7.465799734820408257e-08 6.429581359936905537e-08 1.865955591669242738e-08 1.055384466082372021e-08
2.179022561038105272e-06 2.007502913450918547e-06 2.514553654599473004e-06 6.816309060064979610e-07 2.989315144528374491e-07 1.853380060450507280e-07 9.263634935498010490e-08 6.089033066611525013e-08 3.524119902427201195e-08 1.489837484359181526e-08 2.055855901422273341e-07
5.873330296823185528e-06 3.800577304429618416e-06 2.455409041365863074e-06 1.509431287335117145e-06 7.742600478231834221e-07 3.109306545187995629e-07 1.247028350593948357e-07 5.885289095498005259e-08 3.334833036469192262e-08 1.822330254907445780e-08 7.068125088305792161e-09
2.651107854859462121e-06 1.717890642722287902e-06 1.114397922640214348e-06 6.084081364842099259e-07 3.918759236299238113e-07 2.393301773947317198e-07 1.460759752184925516e-07 7.332622741685697537e-08 4.052289197428897360e-08 2.247182197374366657e-08 1.392529609581619561e-08
6.187249901903039921e-06 4.428080300457833285e-06 2.351695574642108685e-06 1.344459845146477120e-06 5.740920250230098762e-07 1.961555262414869235e-07 1.034209414199969669e-07 5.266457310080678234e-08 3.757239512879012620e-08 2.287573354557626399e-08 3.265171257372221020e-08
5.401404232630333721e-06 3.131149649852212528e-06 2.055031316522944068e-06 1.358737763410426308e-06 7.347178604840322364e-07 3.496875984982452393e-07 1.574089836970810583e-07 7.864997636178817845e-08 2.865844276308162873e-08 1.306259734908079962e-08 6.626277479924532525e-09
1.762147127858060463e-06 1.155586644259498538e-06 6.879461478723974700e-07 4.706144837216545081e-07 3.279487334902900710e-07 2.108200000599171299e-07 1.462071196408031507e-07 9.752422458692624078e-08 5.595748997764543080e-08 3.843227858702688550e-08 2.490210542181588687e-08
6.400120159610170242e-06 3.319863185825306489e-06 2.259641491403123505e-06 1.757165357465703899e-06 8.916831641307135858e-07 3.021366615399171064e-07 1.331928635744801379e-07 7.629962265936278584e-08 4.469636604026570585e-08 2.864872705391252508e-08 1.824259502025718327e-08
4.836416862919106502e-06 2.689169102244865747e-06 1.519028757745483234e-06 7.357920681068949595e-07 2.968627106088118225e-07 7.033282827880839015e-07 2.768194359095072140e-07 5.821286012032284491e-08 2.792878718936337034e-08 1.167632161260013927e-08 5.208972135014054783e-09
4.535531811480052867e-06 3.564391473741330865e-06 2.157727349220702168e-06 1.035870518281963183e-06 4.040364521533271024e-07 1.914684280357893341e-07 1.330263382755999551e-07 9.215417066520505684e-08 3.626768844298356456e-08 1.521819146095521643e-08 1.018639192464351391e-08
7.123965613003716132e-07 8.070743081787218840e-07 8.040054344605702125e-07 3.773943213393488982e-07 2.092502206383912904e-07 1.073474236996682470e-07 1.077134053079753098e-07 6.802615078677173250e-08 4.663731675171715436e-08 3.146391411381909483e-08 2.536882639706670304e-08
2.843773584337045088e-06 2.105423867289052178e-06 1.272223076821772447e-06 7.868112167280183129e-07 4.989464154777159114e-07 2.612415462877301291e-07 1.750817686177242783e-07 1.332265403478878711e-07 6.980192063317165297e-08 4.503088808445987737e-08 2.782270213996078410e-08
1.312833153854606732e-06 9.668206795379734409e-07 8.014591269326071348e-07 4.852935813004831843e-07 3.194961035886444026e-07 2.203937887085919302e-07 1.327322055628846835e-07 7.197166403562642046e-08 4.973860165603090351e-08 3.081420513279615424e-08 1.464304258142692114e-08
2.765968850745454369e-06 2.910684895183640009e-06 2.521874433647987249e-06 1.648546995546495156e-06 8.474315600184458958e-07 3.355654414675914748e-07 1.524993067422363563e-07 8.062692474806954866e-08 3.841890375290579586e-08 1.947754217781519507e-08 1.180050138938095222e-08
4.751265434962120493e-06 3.709956918604506926e-06 2.281292194006749085e-06 2.400472265678796757e-06 7.284954918953358949e-07 3.851448869453227651e-07 1.086344216582350311e-07 6.889946336427459135e-08 3.103716396567670421e-08 1.830425300202916428e-08 1.277752142227289345e-08
2.739122839744970673e-06 2.035111861179246086e-06 1.169717488063542415e-06 8.182916100940855818e-07 5.553443211197364180e-07 2.903931050491870796e-07 1.538865806126399439e-07 1.220738182477934986e-06 1.302315301845154736e-07 1.786989988588867931e-08 9.289162272550329127e-09
2.166779774047034738e-06 1.524332632561843688e-06 9.702808765018965929e-07 5.978068210216308789e-07 3.488597023727726813e-07 3.126756983367108198e-07 9.907980764982581449e-07 9.177018033747616221e-08 4.065918440443640740e-08 1.987435706929629263e-08 8.619159908852494165e-09
3.697167118842793004e-06 2.964025163282628877e-06 2.309099095884573285e-06 1.425671985805307768e-06 6.093065412591380244e-07 2.447618115815312980e-07 1.036682195312269427e-07 4.784052268938938016e-08 2.093994513273542287e-08 3.699835451449156939e-08 1.674159781035438168e-08
2.661095439750631596e-06 1.582409182763322948e-06 1.110501944981228015e-06 5.370512585819663929e-07 2.902879469261602781e-07 1.959504049579243706e-07 1.277365759760620529e-07 7.369333178710248747e-08 4.527468367098048597e-08 2.157277361765302488e-08 1.402211046589765308e-08
4.702386098463699124e-06 3.579273010355700801e-06 2.034942018896266682e-06 1.164284100322186707e-06 4.460784665497553810e-07 1.529376068291527066e-07 8.051383252567105738e-08 4.787602249150445831e-08 2.185278589356092182e-08 1.248447903848889421e-08 8.103060806551200330e-09
2.118204451383121950e-06 1.380326577336154657e-06 8.429748910806450453e-07 5.633560794691431748e-07 3.315891042107345435e-07 2.078134996881954692e-07 1.350342363162651345e-07 8.518602735658629714e-08 5.683825578153809763e-08 2.629974367333849311e-08 1.004485391897816662e-08
3.900801920264905497e-06 2.359605095441019336e-06 9.123130307754878605e-07 5.734735417876741950e-07 2.123523170817372458e-06 8.473842050924878604e-07 1.024820535786313387e-07 7.993825657645896579e-08 3.581262143548217001e-08 1.385826696017974351e-08 6.694040823733494282e-09
7.870544721432573783e-07 1.029602174090752069e-06 6.219549635866867147e-07 5.876159853649220804e-07 3.678839568934827383e-07 2.399299113765864013e-07 1.226044545728428332e-07 8.633376760324781158e-08 5.270474331455717476e-08 7.735821354453253335e-07 2.103776277242733917e-07
3.182020156075921725e-06 2.423204212818097851e-06 1.859704380231731237e-06 1.282914713533938800e-06 7.368572668319834786e-07 2.861816851311342099e-07 9.286758013017605331e-08 5.548742230602748623e-08 2.583474011694451784e-08 1.544625275619750364e-08 8.676987415280307109e-09
2.424241202482256700e-06 1.172774494029851594e-06 6.544594080781792039e-07 3.827940541419804472e-07 2.475797980632301154e-07 1.591246877547416071e-07 1.096695647496023161e-07 3.559178706410719390e-07 6.521510905094317234e-08 1.281316300802024991e-08 3.074227218371896036e-09
3.351072213330318163e-06 1.611875725158135025e-06 9.470891906844754321e-07 5.250249759030790196e-07 3.469093131648453933e-07 2.350590388868072781e-07 1.361293919817290296e-07 8.679824785907857970e-08 4.945242603284289042e-08 2.059489874478362049e-08 9.520915673059582043e-09
6.348495722344967525e-06 4.783269823441084701e-06 3.266190646381098242e-06 2.182259215647687785e-06 1.291518312157972470e-06 5.800790922394382465e-07 3.177068760648807129e-07 1.283930589487811147e-07 4.903237779331001128e-08 2.717336070603605475e-08 1.677483933318167832e-08
2.089359420025795148e-06 1.131664118241183281e-06 7.123976727384715657e-07 5.164641898632047739e-07 3.907074815952715714e-07 1.995861307704035107e-07 5.494415506106794541e-07 2.282395398165880482e-07 3.614297527637353978e-08 2.756582725521575310e-08 6.693584170344276422e-09
4.371178064211528494e-06 2.934423567941965710e-06 1.369697973042522690e-06 7.184298104324950301e-07 4.484236335229093690e-07 2.729227896512423307e-07 1.366254193031976458e-07 7.404894855550853270e-08 4.414268155682993157e-08 2.899007527014930100e-08 1.913647678023769552e-08
2.193249143338540107e-06 1.459413008654804878e-06 8.265642437707711270e-07 4.517036258097747429e-07 2.312390377297356382e-07 1.573067768922425385e-07 1.359128268746302980e-07 7.768369308984092748e-08 4.466191548964101638e-07 2.010224538052787630e-08 7.756811626141932263e-09
5.754957993608005692e-06 3.221584703831187383e-06 1.642260812869374577e-06 8.760717542322472151e-07 4.490096221073724645e-07 1.798170848113499788e-07 9.855112636032056367e-08 6.214893296621519556e-08 4.586617382342011130e-08 2.768950719541439213e-08 1.711151217110180471e-08
2.461665449670988162e-06 1.440384422072030872e-06 7.936650816848643431e-07 4.454596101794261236e-07 6.562557154838316206e-07 1.383163265771304169e-06 1.577810461616314192e-07 8.266249127316768574e-08 4.903515755141129100e-08 1.422369942017977975e-08 5.129660269712090699e-09
2.381141412407920307e-06 1.679278601717144832e-06 1.004721445603541746e-06 5.584721626083708843e-07 3.832213619861868287e-07 2.048503119971784057e-07 1.154887301431592447e-07 5.877051394886376855e-08 3.351018896014019551e-08 1.750719329638884339e-08 3.941133102219936138e-08
4.247947095212476383e-06 2.316050700666300721e-06 1.431345177288731764e-06 9.320612682677849565e-07 3.457093456735130033e-07 1.979036620890852489e-07 8.793494573694365020e-08 5.328592939999435415e-08 2.939393682066697996e-08 2.755775820850416779e-08 8.102788149713586361e-09
2.620899821819057417e-06 2.237439614598911883e-06 1.368383091889339984e-06 1.125253227383026499e-06 4.949438421428181432e-07 2.693902282482011796e-07 1.314197155468625430e-07 9.580906611721699424e-08 4.413153413925168389e-07 5.556758505690701032e-08 2.150964583434695602e-08
6.887658996006213039e-06 5.119532038655297966e-06 3.214170402937375857e-06 1.728023245494254475e-06 7.395040987146467935e-07 2.197776845747728837e-07 9.324897868720042713e-08 4.500703835366521952e-08 2.781742633288639707e-08 1.848205406669157619e-08 1.390100567191189946e-08
1.883593288598986611e-06 1.697263915220684806e-06 1.937844911311513169e-06 1.501927003154100476e-06 6.580314936796124247e-07 2.811950387066847792e-07 1.261250078122621637e-07 7.323060365179065343e-08 2.975375233688542784e-08 1.389171866265033787e-08 9.326557146805670033e-09
5.028808888099351968e-06 2.521031653923357422e-06 1.635511991177797968e-06 9.207152885488692057e-07 5.721828559320281102e-07 2.549855466482739913e-07 1.481960760118581139e-07 7.715208903863667353e-08 4.019590163378263175e-08 2.268438114979603520e-08 1.450736551899075944e-08
3.136406065226303941e-06 2.047653285809473548e-06 1.553690338312252284e-06 1.115440162102010024e-06 6.549770396434849066e-07 2.925578970988071495e-07 1.563299000430226088e-07 7.078858849208874104e-08 4.150591505300769632e-08 1.399487814014773689e-08 6.321570657346640095e-09
8.302656985058899986e-07 1.262389543205605866e-06 4.866951706690565940e-07 4.030528640834973438e-07 3.127367412133012297e-07 1.810860108883975044e-07 1.372144684390302301e-07 1.118761027741160380e-07 7.151397533125138786e-08 5.786451068816443199e-08 3.393387677230983626e-08
6.482381024972721371e-06 4.206214329469596180e-06 2.803663490254545531e-06 1.886650244629206574e-06 9.858338023378960092e-07 2.294334290046624481e-07 1.027376518329133128e-07 5.331662963748200329e-08 3.018991188450218663e-08 1.423687210842808631e-08 6.332149284476960378e-09
4.211436635411508134e-06 2.184269081033381527e-06 8.882416631331078021e-07 4.451789395355961736e-07 2.550268913236450683e-07 1.594934898890880913e-07 9.901146729336862940e-08 7.106473850152414226e-08 3.503815144087375133e-08 3.845141767009197517e-08 1.236597202269911717e-08
2.581129559375936853e-06 1.955459263185140533e-06 1.037459740651392990e-06 7.295790024232566778e-07 5.208397794880306748e-07 2.183254855715768041e-07 1.302540244084429439e-07 7.679770028420457521e-08 5.408886793480663328e-08 1.485175262835186543e-08 5.084053793077413142e-09
3.402569080964509540e-06 2.617613991794663623e-06 1.490296905671707126e-06 5.377712868235943646e-07 3.314454607876809933e-07 2.241816429172346544e-07 1.195742739160003222e-07 6.752221208628120011e-08 4.133726636671890460e-08 2.329569078262992148e-08 1.424717995106044265e-08
1.196236129049200501e-06 1.218309339372882266e-06 1.135423551179753046e-06 7.880107717474533363e-07 4.352757282918931441e-07 3.129463752568077758e-07 1.671451597901820545e-07 9.070770075748599157e-08 9.141021676516754243e-08 3.102078037236594031e-08 1.453051022871649372e-08
3.298820341699937273e-06 2.255406375572211814e-06 1.912826258471889984e-06 9.866555384699144859e-07 4.817477732272661965e-07 2.715928427283970872e-07 1.565063656461774398e-07 1.009155369682938658e-07 5.292926345919353922e-08 2.299033950113596722e-08 8.812384217171629090e-09
3.277938670487387710e-06 2.027544080017733786e-06 1.225049970826967714e-06 1.012700255535198649e-06 5.517909975363472013e-07 2.812693395445770308e-07 1.281635355825795097e-07 6.977633351521360610e-08 3.633697727048825785e-08 2.658882094580896276e-08 3.141843029810213964e-07
1.915696688090453363e-06 1.104531015002800007e-06 7.307616379100468211e-07 4.959811652342087019e-07 3.107008628496182503e-07 2.273013380600835014e-07 1.376042689619858385e-07 7.398109330317322115e-08 4.359298479429027707e-08 2.318024976120744611e-08 1.395766372898208625e-08
1.704763349961506167e-06 1.062849568859805396e-06 8.670853351822093693e-07 5.431004030083925269e-07 3.820436916109050369e-07 2.582768164775495505e-07 1.670651752822492123e-07 9.271687896711558048e-08 5.710343043358827435e-08 3.370732010123956966e-08 2.111574314726608731e-08
2.895224752568796852e-06 1.367746208302064189e-06 9.307671579510353843e-07 5.566393344982497203e-07 3.886452014687923814e-07 1.833249884689080610e-07 1.132661301747938629e-07 6.538468798935914130e-08 3.057402658266236539e-08 1.608964794426277446e-08 1.192784525988839214e-08
2.941025947036868466e-06 2.180356662809548813e-06 1.432938538947141133e-06 7.017750062469483970e-07 3.758694759673964794e-07 2.349823086115526379e-07 1.253750722595437784e-07 8.709566034596696637e-08 5.157011105209776416e-08 3.053819153232407930e-08 1.891310217429648561e-08
6.217939897118597736e-06 4.164976024039712498e-06 2.829554775631768774e-06 1.774519308575325598e-06 8.343062092310269363e-07 2.688277035234289181e-07 1.048331181152796763e-07 5.675681481508648774e-08 3.092172443890033424e-08 1.707032716613246466e-08 9.670472190887080110e-09
1.702173234874089595e-06 1.283637407980842066e-06 7.163857590387260744e-07 3.827489880927953623e-07 2.837501913295841075e-07 1.899364286645522769e-07 1.250422787733200819e-07 7.709994541707748255e-08 1.573828902679271606e-07 2.328227993063824829e-08 9.396161921784515012e-09
1.097231076451733812e-06 8.052266537607352717e-07 3.779716613752496568e-07 3.987236823750461534e-07 3.305514820324432490e-07 2.444557200275897082e-07 1.303732828260747740e-07 1.242310721842391081e-07 8.125455482482131356e-08 4.419044444919631880e-08 2.502548518585663087e-08
6.596518779307178942e-06 4.889561639842048185e-06 3.540730876329878275e-06 2.104843626180085363e-06 1.261535078959760213e-06 3.255380992938616978e-07 8.713663436356745586e-08 5.487454062113541343e-08 2.784535407985072821e-08 1.452590541548068033e-08 7.792917264031638399e-09
3.810365723899449294e-06 2.617134992309079980e-06 1.658059725288306266e-06 1.225644171181531229e-06 5.966601794069387796e-07 2.892558618003846772e-07 1.282559058831613972e-07 6.451752164390897248e-08 2.570661386502712879e-08 1.301287316103931478e-08 7.741569320421361302e-09
4.441149085550787194e-06 2.913623157445125108e-06 1.538080000954265008e-06 1.020738803479340464e-06 4.057595709547653509e-07 2.060501711463385806e-07 1.212950975778796617e-07 7.049178781160269904e-08 3.520275990004627135e-08 2.112941060074753172e-08 9.449075675355753500e-09
1.784362910833817691e-06 1.374451062156059961e-06 6.995586686869306286e-07 4.387900171138276053e-07 2.436482030525182472e-07 1.487146545168585589e-07 9.309857705468842371e-08 5.282828572664344953e-08 3.440621814744151025e-08 2.184383723867398711e-08 3.638565939882924793e-07
1.917969547972118815e-06 1.454518497832406255e-06 8.541618496508923078e-07 5.103489713982007633e-07 3.569566824399824460e-07 2.860841955532990755e-07 2.058579827272635245e-07 9.900099462218266246e-07 6.406504478518905914e-08 3.202373549551516848e-08 3.091039860939217166e-09
3.623891162484601168e-06 2.792391742020397875e-06 2.337563590220662381e-06 1.792089228636475440e-06 1.237740349481927826e-06 3.622916013418354795e-07 1.912180487778368149e-07 7.790133598451760600e-08 5.299822683794670083e-08 3.026671465618278945e-08 2.111873062256739512e-08
3.782058705108940494e-06 2.626824763361641278e-06 1.533412783801216831e-06 1.385789293625878732e-06 1.010922761459446141e-06 3.788884758368123833e-07 1.408926649850826832e-07 6.167670444172041796e-08 3.384124190104846906e-08 1.901259855259972923e-08 6.137948770369982158e-09
3.889186508381325490e-06 2.676174891247796069e-06 1.469183636931301276e-06 6.918724080462192667e-07 4.817203095297777735e-07 2.520180302888479264e-07 1.516539271520625733e-07 9.015363443410843231e-08 4.665596433873717701e-08 2.507967073499703845e-08 1.727177578271213571e-08
5.050860850496873198e-06 3.058747878432539778e-06 1.499168144537208029e-06 6.475978576378946997e-07 2.194158164718995300e-07 1.308909927123830062e-07 7.895376457728888396e-08 5.493567021835226629e-08 3.369783128792776471e-08 2.284563619087559043e-08 1.503875872968397785e-07
3.023742809150057096e-06 3.332721833092125612e-06 1.412348041879719848e-06 6.978862678100571754e-07 4.311832434211623955e-07 2.320425131009364849e-07 1.156847139022508773e-07 7.396916378499675827e-08 4.639480159587190137e-08 2.184265821500233589e-08 1.002881703904641022e-08
2.863346525497501276e-06 1.773344205625228876e-06 1.217628248102138385e-06 7.072753174567360707e-07 4.328403590812726875e-07 2.328778573259317003e-07 1.334899973800225513e-07 6.601097478634392955e-08 3.977519480548136828e-08 1.822772326536939112e-08 5.888304667097927339e-09
4.048094787609561418e-06 2.554874695854815160e-06 1.489387237316945601e-06 6.024844111749494065e-07 3.253040380761204866e-07 1.910473083712995748e-07 9.608705290433019528e-08 6.369873544074763681e-08 1.339261702497871695e-07 1.872676835658574831e-08 8.734891821022540878e-09
4.130679141012473131e-06 2.309080853507387927e-06 1.459576886078550637e-06 9.581818851721046308e-07 4.841800877055834575e-07 2.609515850281658007e-07 1.313877310691419647e-07 9.025187082534902096e-08 6.245537380421976176e-08 4.741937344271365391e-08 2.642561934067520167e-07
3.192231868875881293e-06 2.208385670029701429e-06 1.191709758489683714e-06 5.167893521214709726e-07 2.328088533079155079e-07 1.878499471811819067e-07 8.448693103086787173e-07 1.453557081458876552e-07 3.345673045502909668e-08 1.397447262488998212e-08 5.544203568958822722e-09
4.704231250866224450e-06 2.693590754167880292e-06 1.729828825580580309e-06 1.053326619469386312e-06 6.473634597629020834e-07 3.470697404433182578e-07 1.689196942486768907e-07 8.436096591374079102e-08 4.095395832806685585e-08 3.125536263845000589e-08 1.396090552010585047e-06
1.773635776399057149e-06 1.245769043050168107e-06 9.492144237953974661e-07 6.242833720448430147e-07 3.867990264017823062e-07 2.548891748011024230e-07 1.409699726138746898e-07 8.513220551147410872e-08 4.885398137710078119e-08 1.934036994073772560e-08 5.822176511083053853e-09
5.831588440195022336e-06 2.854177901490926229e-06 1.355960920263714525e-06 5.214582397075273917e-07 2.870819604276860627e-07 1.690478665002617181e-07 1.224440101994225959e-07 1.012873385662413739e-07 6.675833814527704592e-08 5.125544871855598433e-08 3.819382911237285630e-08
nan 7.779020639956364241e-08 2.362449465792713651e-08 3.400579188077813416e-08 3.138077521394219808e-08 2.438360857871529898e-08 1.994600355341281391e-08 1.502424597039396021e-08 1.190023532034522474e-08 1.231716543054094436e-08 1.438474029503068041e-08
1.189627873891365387e-06 1.211139814026712605e-06 6.207288228597236072e-07 4.107401067065239966e-07 3.281325687757149027e-07 2.189891992435037184e-07 1.372855338139919151e-07 8.202865132832769595e-08 3.825227726493255282e-08 2.268199201771859086e-08 3.815950791813571312e-07
3.047461261690220912e-06 1.045274306812312582e-06 6.517236328768623854e-07 2.917347636268606544e-07 2.497311169381899169e-07 1.560773147073091743e-07 1.137454025024975508e-07 7.024234509004400493e-08 4.649184671125531369e-08 2.608879791181393874e-08 6.084100677435039066e-08
4.169204762423238594e-06 2.250188422126230992e-06 1.557411485905180867e-06 1.195760725031864100e-06 7.331874957132040528e-07 4.746041677547663394e-07 2.128409903911986032e-07 9.214798095949260433e-08 4.134352023376772821e-08 3.250220760083955736e-08 2.971108932005102762e-08
2.647923735703839810e-06 1.529031521947380080e-06 7.301037265138435075e-07 4.444821419163407345e-07 2.610449880707802986e-07 1.651759548959920751e-07 1.041190130291327205e-07 1.484378257687671783e-07 6.474299113119868672e-08 2.428851264086623294e-08 1.259838379788187133e-08
1.581130854060684298e-06 1.311787130668641020e-06 1.074655105752994232e-06 6.387821632322942506e-07 2.686252516031390436e-07 1.940066307999762230e-07 6.167738185647644745e-07 8.022469207833487732e-08 5.023025800697811217e-08 2.208336389084035294e-08 5.534816666678097641e-09
3.408493161142414748e-06 2.271210639530342689e-06 1.519593819560258455e-06 8.636068901868121470e-07 5.560742517829147146e-07 3.346970765103943471e-07 1.671661110435361519e-07 9.234778711259600604e-08 5.065428702928257120e-08 3.438355211526386777e-08 2.705514748740085352e-08
3.707725371885796892e-06 3.031208084688635649e-06 2.092499546969644484e-06 1.063527803582323312e-06 5.019495876484968969e-07 2.619603084748224802e-07 1.278351900084522313e-07 2.628349376154302047e-07 8.934797053095270076e-08 1.598873428580479795e-08 8.388297653264208708e-09
6.154639343514533981e-06 3.063211968581731174e-06 1.845993914190451479e-06 1.015679989323694712e-06 4.494593250116435159e-07 2.075163139911391265e-07 1.254166603761031441e-07 7.340963333426086555e-08 4.310130734738313256e-08 2.541736426285600769e-08 1.508659973122155947e-08
1.202439509393707880e-06 1.112665643002631461e-06 1.347173712619014991e-06 6.502554675110875787e-07 3.789262834173308388e-07 2.036728182103797717e-07 1.386999671161740931e-07 8.279024321079906156e-08 5.217378231381028618e-08 2.869358331558917807e-08 1.243891928208227581e-08
3.003521633836333795e-06 1.638567330339319642e-06 1.023669384522403702e-06 7.641901875227180136e-07 4.802650566165054769e-07 2.498373106742403985e-07 1.423545908226144183e-07 8.370766039777381392e-08 4.909344444616848799e-08 2.207797359859241033e-07 2.759886224354509057e-08
2.579561530675869442e-06 1.394427068560326567e-06 1.037665027095594140e-06 5.823955539249830492e-07 4.190305365849270716e-07 2.457066354564582903e-07 1.313727968540505580e-07 8.169269456062517146e-08 4.260180552493911409e-08 2.655834643471554267e-08 9.392348470575151651e-09
1.182302843297711893e-06 1.096818394831645371e-06 6.000916529206123495e-07 3.087124725911878467e-07 2.092200973785069936e-07 1.590589335130220384e-07 1.030752456981540592e-07 8.432446665220801497e-08 4.514819403056056226e-08 2.875678947312031742e-08 1.850755337444865485e-08
1.372712577933615165e-06 1.033782392557905693e-06 7.552905417570069894e-07 4.650054883318091137e-07 3.409331978912579399e-07 2.268104405267951864e-07 1.459980010183309958e-07 8.675679648990163703e-08 4.294091595787835537e-08 2.132306858098969260e-08 1.075171086713745074e-08
4.091230018585951288e-06 2.423213949146063244e-06 1.669049145676188839e-06 1.042252623253745598e-06 7.257342561324666961e-07 3.020379899077528557e-07 1.429162823028628222e-07 7.190794849756571620e-08 3.234557707672868939e-08 1.925388166618261513e-08 1.153777729708418070e-08
2.187530357349189464e-06 1.686563887263861405e-06 9.504545158278291328e-07 6.717303708141922218e-07 4.559127634179285193e-07 2.795353691720310779e-07 1.608080322407139820e-07 7.705104499389233394e-08 4.502218756665794232e-08 2.638929662447256608e-08 8.707053979116858119e-09
3.641929510730393464e-06 2.164248275537368564e-06 1.135341433506833821e-06 8.219296371157229735e-07 4.424771176170820837e-07 1.981306851405285476e-07 1.188295364593367263e-07 7.904082876425717950e-08 5.083245937626104042e-08 4.190086358895729961e-08 3.675730777099541577e-07
4.075673427113181452e-06 2.391075973946328341e-06 1.439733418848356065e-06 7.577225758477034880e-07 4.060330697031739889e-07 2.213790466623911945e-07 1.975553551326673710e-07 1.255325494059219797e-07 1.101508337771219658e-07 9.118444605021673971e-08 5.996948059332902347e-08
1.969000300590432726e-06 1.243676060016017424e-06 7.977763005510750952e-07 3.779111132597272359e-07 3.344591613400121200e-07 2.227062856383803144e-07 1.340512406332797733e-07 8.614111130998954357e-08 8.577840541919229328e-08 9.273638344284144467e-09 3.384897899724886674e-09
4.441014418707181792e-06 2.617348289396042598e-06 1.636168175845673211e-06 1.004207500473347582e-06 5.294327833633206814e-07 2.341348223750462983e-07 1.181769766210851275e-07 4.988790123731837713e-08 2.228490587389034719e-08 1.123543943776094597e-08 6.371606707358584115e-09
4.222630624508976321e-06 3.751610476847490869e-06 2.721900258401368703e-06 1.385015201643638796e-06 5.102352024291610027e-07 1.863885633751988211e-07 1.041472354646354679e-07 6.413692001040044111e-08 3.661933807022850131e-08 3.598051316369282613e-08 8.568276183504577365e-09
2.154061655437176337e-06 1.434207480657439650e-06 1.358998450288897443e-06 8.419688547633661430e-07 4.773618599098615115e-07 2.471640372682142309e-07 1.349280697583239686e-07 7.120263653270511734e-08 3.724840090016478844e-08 1.843140706199556442e-08 8.066753165552607128e-09
3.094403552663249392e-06 1.395600131540299846e-06 1.043710156452315438e-06 4.945990163604547905e-07 2.942508933884087988e-07 1.890607855184734883e-07 1.136388796149489510e-07 6.031930499580913935e-08 3.565352062327348643e-08 1.023701522612517698e-08 5.538156428016460028e-09
5.604986847286884927e-06 3.675320027771874129e-06 2.657934783214880894e-06 1.704683044790431314e-06 9.704920092879520123e-07 2.726873797281033906e-07 1.060836601532325976e-07 5.673319566821798747e-08 2.880796419060168715e-08 1.766458225255781090e-08 8.994044929784931318e-09
4.443059384531127686e-06 3.131310660310399999e-06 2.178957528301460618e-06 1.447855231350478366e-06 1.010538010685275412e-06 4.803054010436811556e-07 1.083737108196453496e-07 5.734763946140144409e-08 2.817118243516119113e-08 1.175139499151076018e-08 7.657252707543883706e-09
nan 2.999291248724485133e-08 4.518517647826133844e-08 2.665458973749270178e-08 2.410000968697085535e-08 3.120899370461427622e-08 2.399541681970635848e-08 1.777370612878498682e-08 1.567784566706715249e-08 1.576409663921083506e-08 1.753804711495710770e-08
2.842348425579419758e-06 2.575490596704377280e-06 1.779038198048677186e-06 1.161289907349279672e-06 3.527873947509296422e-07 1.711025696564021128e-07 7.733951406217260242e-08 4.842152371942281997e-08 2.829858761927638047e-08 1.432711360566891821e-08 9.121678549506080357e-09
3.530809223391330317e-06 2.315105604102106934e-06 1.630795962250735816e-06 9.227267367439351374e-07 4.200674454798019436e-07 2.196369153041081539e-07 1.330607937464333783e-07 8.220492805488593913e-08 3.882751573823295112e-08 2.272294923680889676e-08 1.123279052666614545e-08
4.840405930550880136e-06 3.811785247300596355e-06 2.353143864925658623e-06 1.055983471898273995e-06 3.757426419100941264e-07 1.622052986755228421e-07 8.866822237067670044e-08 5.225372271317677064e-08 2.849814301404268203e-08 9.811139373142579482e-09 7.161136952683397280e-09
1.231545019990560268e-06 9.294029598367750452e-07 7.400773737418031789e-07 4.300427219163929038e-07 3.294673514495118858e-07 2.152732002835100890e-07 1.427419785218189037e-07 8.124023775405315230e-08 4.162517201675950547e-08 2.253082855817758611e-08 1.082422225654661050e-08
5.829276278763212216e-06 4.064225805225907387e-06 2.543179288727670227e-06 1.510944081921876285e-06 6.567015480371540427e-07 2.060692197788972108e-07 1.199993518123593003e-07 2.515176882724549196e-07 5.717178677751334871e-08 4.315319206190103313e-08 2.234322960092599630e-08
3.483465041268632166e-06 2.702454377833725164e-06 1.224636912655826649e-06 8.160676786130585935e-07 4.911142418122568849e-07 2.215831325690117287e-07 1.035280575483931851e-07 7.287999228087726241e-08 4.019240678337530170e-08 2.429125791402013244e-08 1.413327459202709865e-08
3.502508674565495973e-06 2.010398760135413044e-06 1.093725431358799805e-06 7.013023569765052517e-07 4.512381383766223256e-07 2.208987967788716760e-07 3.482412831871705600e-07 6.848659445170778752e-08 3.364117300831198279e-08 2.200470151875289915e-08 9.413166941431754607e-09
1.635157854302953228e-06 1.122175758125389224e-06 8.238029466318532773e-07 4.834998462972308283e-07 3.055459853610442207e-07 2.069174327253462134e-07 1.324716534931307319e-07 8.177548800398675851e-08 4.521821927172997139e-08 1.747259812235820520e-08 1.385179411075271875e-08
1.406608627078390004e-06 1.142276420563706851e-06 6.008052760111102210e-07 4.076876462958956644e-07 3.005453567769865683e-07 1.960875977069492050e-07 1.356701277683079125e-07 6.847176958180334866e-08 3.299263367178363224e-08 1.844358704049126551e-08 8.184018283616958301e-09
2.773670464861150257e-06 1.533673107471497491e-06 9.939810108444182311e-07 6.419000300591808688e-07 4.054542177093231432e-07 2.780146007497532215e-07 1.632238544321237903e-07 9.092415605736056581e-08 5.016954927854356573e-08 2.336620327245978834e-08 1.545663609585547987e-08
4.380484022847675513e-06 2.599689866591052124e-06 2.324621353145993756e-06 9.071053528544232056e-07 4.313142375962719464e-07 2.603152936273617976e-07 1.807445736420745927e-07 1.037664268993851695e-07 2.011882095518887423e-07 2.329131596666488408e-08 1.060592758544180409e-08
4.394878946548497580e-06 3.705101361421204568e-06 2.478443887471752798e-06 9.561863212629189041e-07 5.214933124253281613e-07 2.112085444665425271e-07 7.568533512298165661e-08 4.391254694316182151e-08 2.261099456226984848e-08 1.172479043356624988e-08 6.286028083990198696e-09
1.590548786700797158e-06 1.423485463986741188e-06 9.076818159701880489e-07 5.942805797675255985e-07 3.261156832888671085e-07 1.694161314306780431e-07 1.159316218601581434e-07 7.965044274248385964e-08 3.204901194532425537e-07 4.130239216684469272e-08 2.522976239501085547e-08
5.178569089461245710e-06 3.552876234879037537e-06 2.133438266811085168e-06 1.231372454832987238e-06 3.658123685271049289e-07 1.643100508755670947e-07 1.106668971116134036e-07 6.570078185623130171e-08 3.829388294918010542e-08 2.088858977768007063e-08 1.145342191037365606e-08
4.723943615275633122e-06 3.096901605338002300e-06 2.290415137071809633e-06 1.430631034840701626e-06 6.332294949134040971e-07 2.451461184999815737e-07 1.119831870304924790e-07 5.182147063489809400e-08 2.553744453490955969e-08 1.004606244215907919e-08 8.283612486666161684e-09
3.374269611788829095e-06 1.590623614184525882e-06 1.176223299013765539e-06 7.259600248672060474e-07 3.984280767069039031e-07 2.606165066804016530e-07 1.844758679182803933e-07 3.694538577277351641e-07 9.094167809493229414e-08 4.241247999483716579e-08 3.835868560663619736e-08
2.087897082745886789e-06 1.878966330616553560e-06 2.022920377920841125e-06 1.604830301610388232e-06 8.049731313621142776e-07 4.168808069369066603e-07 2.007271535965616723e-07 6.297861601891352542e-08 3.547069264879239828e-08 1.536954289650034063e-08 7.067692197694690957e-09
2.852197451447386022e-06 2.551032777614924753e-06 1.478462421115581946e-06 8.129120929500383044e-07 3.706707623719604712e-07 2.364843352818913864e-07 1.845581603001513679e-07 3.874469502332039388e-07 9.500987578970993791e-08 1.278630941038840300e-08 8.826354150678986560e-09
2.909995864700428819e-06 1.871063857265993163e-06 1.260624534985317750e-06 6.189718242614148970e-07 3.031973682617878110e-07 1.969015540620835134e-07 1.185771400478225226e-07 7.129879966113000156e-08 4.577774049275385121e-08 2.480351466338783542e-08 1.161618252073212056e-08
3.579351319069859148e-06 1.793158790741280727e-06 1.346115647137969410e-06 1.003208653480911776e-06 5.287637823897630966e-07 2.502560724103970028e-07 1.863225694041167111e-07 9.095241244842840585e-08 7.889348308823569563e-08 1.226893217888062852e-08 2.758151366473073235e-09
3.374483324490632518e-06 2.360868902273773097e-06 1.301199333498048750e-06 9.334313627715294679e-07 5.670913184673239533e-07 2.898418247913730416e-07 1.411648850137730074e-07 5.751672431161513906e-08 2.745908094198117192e-08 1.143851899528433391e-08 4.770575790296178577e-09
3.784730117747738912e-06 2.264655906344160951e-06 1.043383814765565512e-06 6.402076407717640135e-07 3.856702439590656739e-07 2.306705026187140068e-07 1.355511661661121480e-07 7.174752209933628004e-08 3.764640118782550338e-08 1.831612228877099437e-08 1.166031380985583942e-08
2.858872741054719989e-06 1.515664525069161415e-06 9.021653502862553185e-07 5.695142317476972289e-07 3.260482434930095088e-07 2.530444016924339476e-07 1.617611733670601997e-07 1.015876682130900997e-07 6.234749580289511056e-08 1.302151302497481410e-07 3.000671238265557726e-08
1.943466907307352709e-06 1.255317904011667893e-06 1.045837545012111448e-06 6.773867592521755805e-07 5.329276496552636721e-07 2.837056807221262296e-07 1.123585113179631387e-07 6.371101681303047620e-08 3.117352593649998427e-08 1.319884480626765976e-08 2.583420844806725216e-09
1.922099095584304488e-06 1.292379973724008390e-06 7.531484628273541190e-07 5.516826337342201723e-07 3.391822374352751030e-07 2.035767607264478811e-07 1.303211322048307731e-07 7.909335497945863997e-08 5.127217874172713247e-08 2.699181350665609032e-08 1.660747756818643623e-08
3.910520078472532012e-06 2.432682768218199689e-06 1.626701174049817023e-06 6.494803266868133642e-07 2.632452386094544088e-07 1.393989395606086835e-07 9.023942363713429593e-08 6.072309494249500702e-08 3.705534404141270514e-08 3.957253351800908273e-07 1.018412210305826217e-06
1.576557865815741659e-06 1.317137010539083168e-06 9.365960445652678662e-07 6.034246238232347898e-07 4.873787659532933702e-07 3.900827195856407232e-07 1.916309546607229376e-07 9.188447287118275226e-08 4.326032084096268003e-08 5.337814740833554595e-07 3.125460729070784327e-08
1.467226857743839371e-06 8.903308400431896099e-07 6.795600159996717054e-07 4.173652871192614855e-07 2.833205399237794477e-07 2.027688293902102075e-07 1.433321100555891622e-07 7.313756155721036586e-08 4.916082863419045935e-08 2.303567614787664104e-08 8.906295544615192737e-09
1.321234120679580724e-06 7.752189505360589145e-07 8.339975105683053712e-07 5.383647064570543023e-07 3.734828851914548204e-07 2.515883124803709756e-07 1.385852881194181251e-07 7.231066152176928383e-08 3.527109273571366862e-08 2.051171936227424295e-08 1.333050193451090368e-08
2.015760173150672191e-08 7.782033943604439885e-08 4.708457498923466249e-08 4.515535083015278706e-08 2.021089637859233565e-08 1.959895412979455524e-08 1.553088478664000566e-08 1.468672054366353729e-08 1.013956046280477886e-08 7.919700410704118705e-09 7.090405528019181880e-09
1.659039634593578145e-06 8.717415209420931297e-07 5.258999839013152212e-07 4.800606485467429791e-07 3.081499003459685139e-07 1.925444767115755307e-07 1.184990049102879078e-07 6.283850826174890349e-08 3.760771104172257206e-08 2.592877073267702048e-08 1.660717119809092941e-08
4.231074531087895835e-06 2.483718506745801117e-06 1.671250400528301075e-06 8.412682492133019704e-07 2.807885073094681978e-07 1.527232166263847554e-07 1.040165922917894301e-07 6.303294375499573461e-08 3.492403263046956452e-08 1.870360119417212400e-08 8.815464736908655753e-09
3.088325144926078784e-06 1.981542881386677756e-06 1.109450626617773282e-06 4.662076914727295963e-07 2.877338145189884832e-07 2.104938871310970552e-07 1.176103417468510371e-07 5.968578505914863846e-08 3.262325672210125462e-08 1.965765688255180740e-08 9.571822453530329196e-09
4.079218571600398525e-06 3.254924048038857159e-06 2.249006079044422336e-06 1.573608801224001792e-06 9.629337611411937138e-07 4.380692818886437488e-07 1.330948708762680974e-07 6.944405513411834718e-08 2.381345863557764711e-08 1.032976446811384991e-08 4.538931310146270765e-09
3.253666281731397121e-06 2.319407390475900058e-06 1.356198528831196808e-06 6.956301733939136597e-07 3.062844752144115617e-07 1.787916202196101281e-07 8.995817239174897194e-08 5.246769868559904887e-08 6.882382257589955131e-08 1.698749891973765808e-08 7.425527342281562487e-09
2.035935505725043479e-06 1.368493512053027520e-06 7.772246563868671804e-07 5.794341470715436878e-07 3.364400322742488575e-07 2.053375421356618970e-07 1.585533542258600292e-07 9.470498250222649498e-08 5.174009548167543588e-08 2.650648461306936256e-08 1.190445998125399586e-08
5.984353159483975839e-06 4.206191917238048305e-06 2.658489401649028860e-06 1.642129071527040648e-06 8.878471709505242836e-07 3.385795490125536207e-07 9.286664126868823613e-08 4.487343709833964295e-08 2.045805368715278513e-07 1.438858670712901767e-08 6.651751059243756408e-09
2.304973743628565890e-06 1.564084700264798980e-06 8.699703424608290398e-07 3.257587561357512843e-07 2.105390133290024175e-07 1.298995303644472886e-07 7.496988291858032253e-08 7.535695878200446525e-07 1.226814892534004797e-06 2.706312472325311962e-08 8.812260058006855980e-09
4.366157476729021907e-06 3.292532160375344026e-06 2.067887043353910526e-06 1.291202275692366970e-06 6.974571444627744020e-07 2.325951321272102949e-07 1.782060736444081091e-07 1.041327303636512389e-07 4.878053947319179994e-08 3.006783595067553339e-08 9.072797862008378314e-09
3.039040185862318944e-06 1.300749977669429640e-06 5.278138109642228834e-07 4.510955708846553252e-07 2.233232493176495287e-07 1.510417095293029611e-07 9.988350645287489129e-08 6.719229103011914879e-08 4.735713041047805599e-08 2.802876301261946042e-08 1.531013278728638496e-08
3.577145074518334875e-06 2.066256699066740444e-06 1.333044445361382539e-06 8.661656235539812370e-07 3.896074533955171955e-07 5.790854462645320193e-07 1.292304543255876120e-07 7.298063187875412764e-08 4.199250305090418001e-08 3.930542747352797298e-08 1.218560877178433339e-08
1.183783399399135713e-06 1.620125791300703282e-06 1.245769558461679228e-06 1.065964468517113726e-06 6.183642630977536822e-07 3.183521069067440103e-07 1.521208062343371446e-07 4.560289278288824738e-08 1.811840728184863614e-08 7.816526163916642246e-09 3.279543476785786887e-09
2.228166029743496743e-06 1.729043729282268228e-06 1.403841566112229343e-06 6.385608536093703178e-07 3.702714813131367170e-07 1.930116903112697009e-07 1.234071557081355260e-07 7.378486970559614992e-08 6.718170904017617777e-08 1.960899890630349850e-08 5.393889665603871139e-09
2.332514586085703938e-06 1.891622805382318966e-06 1.770230530858982260e-06 9.703760140610817473e-07 4.970461396240756021e-07 2.034318113767497670e-07 1.193620824740844068e-07 8.155237513505617252e-08 2.979725661989419448e-08 6.700781268875440519e-08 1.017770203812324683e-08
3.298608577393778994e-06 2.667058302323821532e-06 1.764385479325668866e-06 1.164536913952403842e-06 3.983449493220271148e-07 4.955463472910907576e-07 1.097363128351714462e-07 5.794999063930652397e-08 4.421980060846512903e-08 1.955397660590780674e-08 9.378343424569714249e-09
2.787309581686797929e-06 2.039220953040630881e-06 1.412326121595424992e-06 8.999714313246084174e-07 5.442812672998821062e-07 2.872417524932813621e-07 1.469840569897346848e-07 7.765582603473741157e-08 3.937074155334872669e-08 2.443333475387770143e-08 1.295418668078242684e-08
2.056741852166220396e-06 1.747534474560588542e-06 1.063827045485747394e-06 6.257828150799955153e-07 4.420408631263408538e-07 2.858057951689825792e-07 1.565672266918852584e-07 7.853607360094714786e-08 4.002615055699460425e-08 1.846255193264713701e-08 1.189413019295149041e-08
3.920382918667471975e-06 2.776417248028994042e-06 2.275073413991703682e-06 1.413619653351852126e-06 8.390422150892735295e-07 2.854518341558789314e-07 1.289288174760547515e-07 6.109822163426503712e-08 2.596087549980662008e-08 1.286246421506320781e-07 8.137441099407654634e-09
5.721887992043528039e-06 5.319634213881773348e-06 2.667369904048754963e-06 1.128196753099084040e-06 5.845256110464087442e-07 2.901886552949741131e-07 1.511464222674841551e-07 5.899574578728727561e-08 2.783670761549921317e-08 1.496527451982059593e-08 7.843387671114914875e-09
3.747012968132256472e-06 1.931813656695532064e-06 8.773609349778526491e-07 6.376386295703195527e-07 5.799402867568206252e-07 9.717490194716050664e-07 2.038257405650426540e-07 8.633358541326040092e-08 5.507364696646530784e-08 2.294570432221694215e-08 1.113117303560588303e-08
4.254469801971167027e-06 3.550415103750943169e-06 2.975300406694559934e-06 1.858256946805259563e-06 8.320833263027879330e-07 1.963115688506409759e-07 1.047705250974795457e-07 5.992649672613047135e-08 2.872112865045570873e-08 1.476621914284854803e-08 7.116288181490726081e-09
3.592514329735879044e-06 2.340598573110197603e-06 1.278315187691217464e-06 6.765704921096044891e-07 2.845404066116441018e-07 1.858241287929823700e-07 1.116229874232057173e-07 6.671757143451865853e-08 3.761643919434252651e-08 2.306555622516208020e-08 8.826764549469266476e-09
1.711160229881559348e-06 1.117287799545836479e-06 7.976768642038208362e-07 5.148214410903173097e-07 3.463183415580743913e-07 2.847568368258452394e-07 2.122270496491254768e-07 1.391464811094208462e-07 7.302461527742098540e-08 3.681729071177950497e-08 1.824716210477017682e-08
3.144240359549440073e-06 2.087664019347587555e-06 1.256113512249669550e-06 6.211644301663340974e-07 4.084898566406836849e-07 2.178888389330662899e-07 1.152790024333596616e-07 7.998854557560485872e-08 5.122562673928595392e-08 4.472821400368214217e-08 1.891984813709230356e-08
5.157823724585691163e-06 3.935009432114970251e-06 2.336002498155219332e-06 1.250994406734607325e-06 5.441950812758048989e-07 2.520111267232406699e-07 1.335171577596217188e-07 7.301937290319068874e-08 4.728173152621732895e-08 2.829639853535966537e-08 2.482325353854745339e-08
3.483027389111890173e-06 2.910126178061881030e-06 1.949899726537789499e-06 1.123812027547188628e-06 7.092567899730361773e-07 2.663376680971957593e-07 9.503574751751682866e-08 5.131214057398258725e-08 3.250626488846850018e-08 2.535054244146981612e-08 2.037415395173536497e-08
3.145752881387858593e-06 2.239701746929703050e-06 1.594787412238257700e-06 8.303101920370823976e-07 4.537561196592644951e-07 2.644108704622977209e-07 1.359084433236940849e-07 7.476229659563301902e-08 4.033152319804244100e-08 2.126741991649673523e-08 7.260420019064154039e-09
2.276040378694688605e-06 1.733442013981374318e-06 1.415061052892375439e-06 8.221758138624890271e-06 7.688860623778492285e-07 4.709857717669537868e-07 1.864006131425580820e-07 8.377851973492293621e-08 3.204789770233520927e-08 1.431227839906102306e-08 7.809436213260409045e-09
2.866135632059823024e-06 1.995023169335061287e-06 1.032448243792903138e-06 5.722448910551889627e-07 3.299478721681473391e-07 1.894625674588605891e-07 1.122286689037624680e-07 6.219928007006268415e-08 3.708242560818293132e-08 1.915064604641627745e-08 8.405673514755382873e-09
1.587308562132291050e-06 1.400628848090617721e-06 8.463781129308304126e-07 4.789595586822237682e-07 3.324936456761793827e-07 2.272041905766872168e-07 1.352600263859791463e-07 7.488222570984831569e-08 4.569562122698319345e-08 2.459422902285208727e-08 1.234328010348574741e-08
1.365464987016658422e-06 1.224721919890892205e-06 1.137010545708619618e-06 1.303880597750554354e-06 4.628420873236115761e-06 4.163495835636470256e-07 2.403737914677714720e-07 1.648228162163903032e-07 3.327124642263090691e-08 1.259804827024415299e-08 3.593006486319552158e-09
1.739436063800871639e-06 1.194631372934272733e-06 9.714581024782371202e-07 5.056798317050695717e-07 3.360406221098049737e-07 1.708655691318391573e-07 1.028526997326250223e-07 6.320009749727641166e-08 2.183571216534685182e-08 1.201663503961776626e-08 3.554682566087127293e-08
1.421015180490187324e-06 1.165319635275384660e-06 8.789683702153309210e-07 5.261983381431021333e-07 3.424626340885218085e-07 2.122848791835881271e-07 1.184265739853492372e-07 6.619876620435874979e-08 3.364938992935695357e-08 1.601861080795055669e-08 6.757117252230533758e-09
1.396793058388251664e-06 1.247340343955223008e-06 8.682371926369892401e-07 4.369790843842834413e-07 3.083307105048003924e-07 2.055158607706276576e-07 1.289953713079063169e-07 9.635287294944070114e-08 5.365531943855895702e-08 2.939841390761966440e-08 8.827215355692561241e-09
1.443975866288527138e-06 1.151291992767784817e-06 8.209414538356227461e-07 4.169657416369325291e-07 3.319566052666450543e-07 1.902944116928121020e-07 1.205566887593894079e-07 7.457411496086733943e-08 4.460063933560796409e-08 2.277809542601487115e-08 8.873402205903780210e-09
3.922521927087713389e-06 2.409496745001008731e-06 1.558210938876732294e-06 8.393943567088912172e-07 4.674395987758740069e-07 2.485129753389687536e-07 1.354354079118045398e-07 1.233922983145013942e-07 2.928483260223603803e-08 1.038593127569213875e-08 1.435475018843012215e-08
1.408556763180596654e-06 8.079548300688151566e-07 6.396499557547398494e-07 5.132739254335815412e-07 3.346830462576882953e-07 2.171149803978482544e-07 1.593583628502513875e-07 1.013006568140945072e-07 5.485750942745188756e-08 3.369428609115079934e-08 2.271973151001423535e-08
9.096797017505085708e-07 5.032601012357252627e-07 5.711736592843652495e-07 5.550185584083336858e-07 3.194884552655753400e-07 2.023797264896642428e-07 1.439460773376061822e-07 1.038408973651978252e-07 8.399715747946164464e-08 4.985064647025802855e-08 3.416078837556767479e-08
1.659657508429835961e-06 1.244621686912660437e-06 9.265853048618816460e-07 5.383404866073735555e-07 3.468150841172789503e-07 2.247320971521842769e-07 1.527818743603720111e-07 3.635460000285060915e-07 5.206744670355511053e-08 2.025772660363555542e-08 1.039335798743038754e-08
2.335882677595384222e-06 1.451752882598039127e-06 7.084701466540855030e-07 4.310770901301213585e-07 2.861263569441460141e-07 2.000482382017083849e-07 1.406112601496995253e-07 8.083008426147078923e-08 4.298212452452776697e-08 1.243094366141828472e-07 1.283154156395597355e-08
3.621970202323273425e-06 1.463570296527701193e-06 9.770454608660004231e-07 6.354101023160112599e-07 3.698346898597674385e-07 1.928067392915980207e-07 1.333632385690730679e-07 2.501828017465444826e-07 7.611836831488756855e-07 3.586860459416145960e-08 1.884851764310901127e-08
3.033105119618254704e-06 1.739497977700353945e-06 1.101538370967401007e-06 6.055715645894951715e-07 3.633496305142701932e-07 1.918791048339994136e-07 1.177379895974982371e-07 6.859080982278623596e-08 3.636278504080272227e-08 3.238424881843571237e-08 7.349751054577668984e-08
4.053325146783748747e-06 2.425658489143371339e-06 1.611701810127036692e-06 7.392157435911329524e-07 4.290490238932195860e-07 2.623251352819417736e-07 1.220955510686075737e-07 5.301307139508160978e-08 3.038123183084241214e-08 1.826806353397212967e-08 2.727570973595221481e-07
5.863521636015929285e-06 3.563576860895824569e-06 1.884698102744503876e-06 9.523754829340749839e-07 4.590653891800298085e-07 2.153409764575462222e-07 1.035933298524622520e-07 6.380476685872301384e-08 3.641734978090853593e-08 2.280243006243942353e-08 1.329133468372682504e-08
4.895028970954119500e-06 2.778077469072698332e-06 1.809757296522209694e-06 1.179729913682975469e-06 5.269079098763589052e-07 2.694331897813528201e-07 1.216404134323407689e-07 6.089934131309950963e-08 2.459948620405785386e-08 1.232752377938208981e-08 6.845138965354606995e-09
2.716481487139182367e-06 1.779665638813677167e-06 1.428624083743608297e-06 6.621705287157107747e-07 3.075696050903925408e-07 2.042148420166121840e-07 1.091571337006802872e-07 6.405824006508896372e-08 3.362883001502371914e-08 1.725953767461907487e-08 7.498775616165388334e-09
3.625869778834080692e-06 1.897380252329968436e-06 1.095336167088568867e-06 5.809937144870323931e-07 2.879856508951057427e-07 1.537759025568422407e-07 8.554621876407722761e-08 4.354657473881201036e-08 2.731197835874571662e-08 1.475436439981238351e-08 8.144467146570073279e-09
3.027904442692611715e-06 2.204772801117736691e-06 1.822704386992648245e-06 1.304374280868087262e-06 8.584045536903413903e-07 7.692224723440901634e-07 2.770268627796171569e-07 5.072386173552290285e-08 1.944439529006555808e-08 9.089795655046955696e-09 4.938709480508762356e-09
5.389806582599327475e-06 4.394444524149087918e-06 2.587102494123479741e-06 1.385708570963577361e-06 4.774575775186062323e-07 1.688323492440381940e-07 7.871118714719649809e-08 4.676775312386644171e-08 2.662118487861850447e-08 1.158469311264132711e-08 7.990457546719486245e-09
3.852644984385555727e-06 1.964988023168876026e-06 9.808303325961184043e-07 6.185267117161349117e-07 3.074464380119768999e-07 1.866674096356491399e-07 1.241319724331509113e-07 7.347105747023856439e-08 4.954660833939716280e-08 2.897089637589313648e-08 2.528482780407344675e-08
4.995009632436278541e-06 4.310556900415710011e-06 3.343155466973787243e-06 1.959551700449789708e-06 1.007012543788617243e-06 3.319302646937039826e-07 1.856514056629702387e-07 1.020465815569717448e-07 5.070429431187897016e-08 2.915603596299277787e-08 1.149141209456240000e-08
5.733684292372085513e-06 4.599154453569237268e-06 3.083082949120561217e-06 2.168633215228256506e-06 1.124653630850944904e-06 5.127917652608146510e-07 2.302624959252863473e-07 1.092992183972509761e-07 7.951225320202377234e-08 7.284869234661737036e-08 5.822939337957818899e-08
4.954027249526735463e-06 3.289290428976421894e-06 2.418753050550472924e-06 1.687746602677494873e-06 7.528233501594711210e-07 1.542149988309902765e-07 2.639358650913244471e-07 5.580652100787684612e-07 2.429891972582943985e-08 1.641131416278453353e-08 6.749770412533460981e-09
3.954468457142173879e-06 2.994520441545883738e-06 2.039095856687014756e-06 2.234759131395185186e-06 7.459010433665453557e-07 3.481759054745971726e-07 1.524821112577185696e-07 4.171298565892402009e-07 1.699462117401383915e-08 4.814196061438833120e-09 1.208766313068484030e-09
2.526292562142471128e-06 1.498324001972753012e-06 9.234215860365249894e-07 6.353810723659073674e-07 3.849728048629863291e-07 2.115626858503336978e-07 1.201776713955970536e-07 1.681429494721364022e-07 3.210918412734144332e-08 1.516092499461135686e-08 6.196948008446112904e-09
6.447117112987605577e-06 4.759819366780933769e-06 2.518793897260287420e-06 1.390064591837873582e-06 3.551001470953390645e-07 1.394711416112195047e-07 7.279431886346101760e-08 4.407918942852244285e-08 2.562200823546250212e-08 1.533030310022874651e-08 8.690132693285809387e-09
3.875061751035120763e-06 2.487432908625259440e-06 1.441204963273090375e-06 8.038144199925425519e-07 3.946589235676168146e-07 2.486635022378704122e-07 1.876142526779053916e-07 1.124140821657094458e-07 4.002648001130590265e-08 1.574700666448399369e-08 6.777524755910860030e-09
2.967192322431068661e-06 1.625738382473627424e-06 1.168217811721318873e-06 5.745393337665264071e-07 3.503577186517332512e-07 2.114412864258383753e-07 1.379863453399275133e-07 2.852165397207979339e-07 4.012489366177178628e-08 2.401735688036211241e-08 1.078575004118155190e-08
2.918967513965488939e-06 2.252515466956686888e-06 1.426275998459675647e-06 8.135623560627917804e-07 3.823592061624268484e-07 2.140166070888245670e-07 1.244763323014219110e-07 6.155510943644906130e-08 3.668508416638210040e-08 3.282681760778450558e-08 5.882568153666519377e-08
1.919700613426891494e-06 1.361595989859275086e-06 9.916176409009717905e-07 6.192900174377083427e-07 3.762004810179726014e-07 2.115781631076161177e-07 1.338918350625020078e-07 7.277243126856777027e-08 5.315931583542797143e-08 3.842281257349038586e-08 2.188706432504694791e-08
2.695692608937560604e-06 2.316497641192805864e-06 1.422430630911216943e-06 6.461584940619906887e-07 4.120908372447458274e-07 2.141624093363313825e-07 1.162453170014077470e-07 1.733150194519188151e-07 2.698392672005283543e-07 1.904189215721088139e-08 1.189401909385967284e-08
4.313839335522716907e-06 3.829623504767985571e-06 3.154330849395037544e-06 2.346518132104523466e-06 1.525190376234160195e-06 7.817768031128941392e-07 2.766818275222718034e-07 1.237012195319563090e-07 6.233818539760353365e-08 3.567211773514647694e-08 2.006068947751957226e-08
9.764636913008393340e-08 nan 7.414715120619321776e-08 7.048753840937383639e-08 5.550088796770734453e-08 7.235666084058180022e-08 6.288242450892666667e-08 6.230359899179393270e-08 4.928447159157038559e-08 3.380693373515455394e-08 3.133116089047491378e-08
1.843101766190839521e-06 1.033259669845518498e-06 7.501448135515020482e-07 5.096469393267485458e-07 3.086138686004733138e-07 1.868964092228805829e-07 1.272113041695258666e-07 9.061521945776938233e-08 1.401606870830193499e-07 2.732358520679814133e-08 1.165224781729994844e-08
4.370220934024341206e-06 2.809032009614744838e-06 1.832211167230437608e-06 1.508620625049180013e-06 1.050133514261974303e-06 6.443728889934800069e-07 1.277978072458103165e-07 4.419545406005057829e-08 2.037781476999873433e-08 1.270855926624932039e-08 7.214918418659450143e-09
2.825073738756313268e-06 1.550983910028143865e-06 1.217040582781502658e-06 6.008767058893454489e-07 4.014069267574900887e-07 2.405455184794250560e-07 1.492942960416108923e-07 7.646056849110784348e-08 4.666279257763346347e-07 7.447459008029872854e-08 1.037179219833567300e-08
3.881913758823511885e-06 2.497834672403080984e-06 1.154829319672012743e-06 6.751468093442262215e-07 3.986515884691208627e-07 1.935897477104775087e-07 1.499527866652110625e-07 7.425188060110943491e-08 4.355743753446255755e-08 2.419617577746276296e-08 1.396378843600970709e-08
4.574656212165292961e-06 3.444602260624985550e-06 2.246491566248389987e-06 1.443886898597747728e-06 8.092275190497284580e-07 3.207383409776541750e-07 1.287522668261941360e-07 6.285268592859221044e-08 4.957609902544012684e-08 3.342675809930691145e-08 3.051062309639952599e-08
5.606355939082086554e-06 3.754504677251247477e-06 2.588982330049498668e-06 1.299300270473419970e-06 4.106587560033334318e-07 1.514849099624491507e-07 9.573611096809156421e-08 4.890113005203065052e-08 2.684330451261779355e-08 1.260264872228620706e-08 7.147090143003657600e-09
3.837645327373727135e-06 2.099717243856550596e-06 1.186583173599193063e-06 9.052758494029622605e-07 4.839128866240845418e-07 2.458319719317458518e-07 1.096928976077302828e-07 5.301466378854325465e-08 3.119024638966074113e-08 2.437615274199245252e-08 1.582741021262104745e-08
3.835886862050354386e-06 3.171392374559536737e-06 2.164672120943410349e-06 1.415186432384213651e-06 9.697041548838492758e-07 3.908117970410684956e-07 1.475758561933363600e-07 7.042702680078637864e-08 3.873085771865942825e-08 2.179667252724083408e-08 6.451784048599230301e-09
3.926602757159246817e-06 2.328260295454529185e-06 1.060630356159528977e-06 7.380104908172032060e-07 3.236067782895865184e-07 1.869999277503702555e-07 1.377480226579106840e-07 6.908431069377501245e-08 3.906042430366165887e-08 2.154295735004599641e-08 1.077741481631833560e-08
9.077534944698800736e-07 6.541492034218277929e-07 6.388338069130263951e-07 3.978277207834337404e-07 2.940759450281081577e-07 1.892626580955697966e-07 2.925596320240736382e-07 6.430430273464886887e-08 2.508819592372781877e-08 9.109550899197240363e-09 4.466194163642329958e-09
4.840007926313633841e-06 2.117196346869001924e-06 1.179028950674864865e-06 8.655873523123207281e-07 3.578581808795113852e-07 2.574122861522093400e-07 1.429666342127764314e-07 8.152935192905105926e-08 5.939056567380165584e-08 1.220183493087043306e-07 5.611843953404543660e-08
3.545627470576147046e-06 2.062685207336446549e-06 8.939139236942010243e-07 4.630012391160159303e-07 3.371563015236080392e-07 2.191135717655623982e-07 1.315951597415663099e-07 1.028996837897488136e-07 7.763121668385450320e-08 4.962851317413392087e-08 6.277759580702275836e-08
2.791503182736303484e-06 1.734862200934613188e-06 1.108088909045821866e-06 6.434321076323356700e-07 3.661678273478794570e-07 2.364658249757645561e-07 1.309315176100596702e-07 5.671782250260705166e-08 3.055279755778513922e-08 2.018554883378600154e-08 1.278788416318804364e-08
6.528663502236830215e-07 8.010941235630977718e-07 5.662141961790974008e-07 4.702619938186797968e-07 3.623867020771035087e-07 2.302798976619299025e-07 1.424017280619910058e-07 8.764552677761537179e-08 4.165025642506322323e-08 2.125874217463319877e-08 1.141563700628840523e-08
3.492666810455907989e-06 2.381292674141233714e-06 1.850241080134234000e-06 8.571363363883410029e-07 4.913728485328085458e-07 2.121381477736914289e-07 1.034188741991218294e-07 5.689917483530835164e-08 3.444744442037614523e-08 2.231128311985697318e-08 1.015502746478252348e-08
2.708520030702177197e-06 1.680761463534574070e-06 1.294758151442715532e-06 7.501440391842408953e-07 3.277184032310582030e-07 1.877929141194605226e-07 1.808943672546107846e-07 7.462176726496484930e-06 4.588455297417471127e-07 5.107826670680587647e-08 1.701366939115923243e-08
3.746021837087253416e-06 2.179268732713061675e-06 1.290845821938803967e-06 9.797180921253618305e-07 1.006133833119442662e-06 2.477903188914089102e-07 1.428489586677678644e-07 7.592691893320441068e-08 5.365847779883622295e-08 4.106597413169545534e-08 2.687434493816333618e-08
1.874876287524428268e-06 1.119725861868300835e-06 7.097876633607330131e-07 3.346639903283722554e-07 2.584858155391129061e-07 1.941283049403100887e-07 1.074060638173743724e-07 5.808613848448739322e-08 2.884010296035134255e-08 1.136797603977324788e-08 5.474513473068577339e-08
2.356574017025345447e-06 1.966485870530378073e-06 1.096310301636630580e-06 8.308166856267495518e-07 8.580940179901570469e-07 2.957678778713805742e-07 1.819355766486190189e-07 2.744450689228508948e-07 3.799167967961402706e-08 1.463455484929189657e-08 6.567021834698433874e-09
2.945997812056681691e-06 1.553973081711990634e-06 1.246490550255973009e-06 1.164424280118884682e-06 6.036308389561135145e-07 3.283227329072729000e-07 1.484067144773395758e-07 8.066605961149540339e-08 4.465057708680215776e-08 3.093936116906793102e-08 2.414149468098663434e-07
3.536314377677088368e-06 2.285624285810578430e-06 1.420088128807899699e-06 1.036935421370124419e-06 5.692332932538630302e-07 3.201174598926466553e-07 1.637521428776159272e-07 8.066237158870012116e-08 4.182914697356305690e-08 2.328665206982424805e-08 6.977917453163488400e-09
5.207363042179357408e-06 3.043515087514552555e-06 2.219110435210230944e-06 1.465390285358589489e-06 9.613665732248493375e-07 4.386205983166662235e-07 1.968065546970633752e-07 4.127545778042439463e-08 1.988001540388219845e-08 1.007434164177692503e-08 5.354496649050263310e-09
1.280353095998442261e-06 1.040876399216839906e-06 7.871284706401530810e-07 4.745113690517300176e-07 3.502713913047551910e-07 2.230573089525899705e-07 1.209283785877247465e-07 6.966424668062901017e-08 3.979063731817213958e-08 1.811856437801628400e-08 7.702521756093359943e-09
6.446227322241446754e-06 3.621356654945841731e-06 1.728263343625511751e-06 1.023438634284658319e-06 5.001584371174698061e-07 2.317085578463900044e-07 1.226976232016547883e-07 8.030538237894810079e-08 6.054471245890388693e-08 3.968612729319252659e-08 3.280546051225821233e-08
2.657871539507032851e-06 2.088072675664793860e-06 1.692782739426450891e-06 1.217533227756252962e-06 8.320153518203287831e-07 3.934371302937281293e-07 1.798492162630498411e-07 7.705002713186207616e-08 4.609833769310472535e-08 2.293617048386355992e-08 1.687012478188796887e-08
2.746086305116986723e-06 2.190185037667738991e-06 1.230871003470483069e-06 7.845832517948911764e-07 5.483215942514416123e-07 2.746190485549462823e-07 1.343612288105827913e-07 8.461484383425284125e-08 5.845071591708554676e-08 3.903609023362195235e-08 1.562572266031738295e-08
2.967078239788980996e-06 2.296391058414881090e-06 1.580405662440615463e-06 8.317117451809562589e-07 7.410707598950031809e-07 2.505133007881035856e-07 7.930603689958755029e-08 4.728908947040914341e-08 3.089603637801855455e-08 2.039350195289391427e-08 8.708021915512135883e-09
1.248562329559499814e-06 9.738284491019413326e-07 6.226568595631243180e-07 3.842170792749017114e-07 2.879955277029973884e-07 1.557459123644185834e-07 8.729725156761954334e-08 5.029088645631780486e-08 4.369633989848709706e-08 8.904021300236069436e-08 1.108666642697884953e-08
6.832575923752273289e-06 4.414978832915844584e-06 2.733292676630575218e-06 1.679938591309366414e-06 9.114005815534424985e-07 2.670206970588570425e-07 7.561387325844226633e-08 3.946419568171408041e-08 2.016588693975493425e-08 1.026208033153956325e-08 6.147034766270430771e-09
3.344050943378531735e-06 2.087584408762501930e-06 1.597592797553464651e-06 1.085486930487697055e-06 7.645749870076552271e-07 4.711262614361722576e-07 1.937559388650151041e-07 8.525648561926196781e-08 3.537573177530390322e-08 1.579762672004346507e-08 6.837267788330229005e-09
1.584851413760568139e-06 1.271064413531628551e-06 1.427958791150081154e-06 9.481856288072390664e-07 5.071287972593530636e-07 2.183567401787564411e-07 1.230043760408753433e-07 8.791787459917376890e-08 4.041901342075623843e-08 1.784142865498883801e-08 1.480664352136949514e-08
5.024473640636111593e-06 4.300001845545576608e-06 2.960425087915002377e-06 1.493037897383598222e-06 6.047625914448300980e-07 2.334923432263652513e-07 1.229753352014193248e-07 6.307340050466444699e-08 4.152789307295156160e-08 1.811147842288274676e-08 7.180719247746210518e-09
4.008849692212865205e-06 2.935595876049697724e-06 1.760711140951394078e-06 8.119172839005226787e-07 3.330967183940841344e-07 1.908357608333275624e-07 1.097038207994961841e-07 6.812892465596569020e-08 4.092313926804917770e-08 2.726055147839138155e-08 1.592110043897598913e-08
2.598556187738499633e-06 1.437725719288275202e-06 1.209596819418430709e-06 6.309426299636601905e-07 2.581523253690625606e-07 1.558010382555083476e-07 1.211437880017285705e-07 7.476342964181761672e-08 4.348585987666274322e-08 5.745174994828158794e-08 1.165706553312089816e-08
1.668166955695273925e-06 1.257324616982430265e-06 7.644176302510534096e-07 4.606013246788222297e-07 2.379882397449304510e-07 1.761576883563838067e-07 1.127120208749486420e-07 6.702080408386088617e-08 3.671041541366757729e-08 2.464836669041660589e-08 1.258783274095161562e-08
3.077259882755939752e-06 1.712818947655065370e-06 1.016883718179387150e-06 6.251068189951050154e-07 4.753013391885472719e-07 3.479602245650330927e-07 1.955959172209773864e-07 1.588589940318366181e-07 9.421918900591857871e-08 4.789929187531214251e-08 1.652987095605737167e-08
3.825987203089621739e-06 2.671017623393650520e-06 1.389121923578927513e-06 8.710844429726772704e-07 4.267133257117269830e-07 2.332761894129237984e-07 1.559607557808647855e-07 6.769622962552441793e-08 4.311502977031142126e-08 2.466109774453952484e-08 3.220103423609955749e-07
3.290817438025224906e-06 2.278317876863893886e-06 1.987090077804124272e-06 1.357703965327052574e-06 6.363701106857958338e-07 2.543740119286569716e-07 1.525194596485301026e-07 5.671533508631924785e-08 2.680931516614506911e-08 1.271222372783169951e-08 6.611168389458074788e-09
5.381335301867793392e-06 3.933282444029903173e-06 3.296220678812718937e-06 2.155337123381356277e-06 9.030091664482476946e-07 1.996018609524218830e-07 8.698622320638300258e-08 4.618986069744769016e-08 2.468284881613844414e-08 1.601316918181452376e-08 1.115358763036561769e-08
2.848200976768495888e-06 2.278318482372544342e-06 2.002285362046829410e-06 1.470481517173455109e-06 8.409094159605012950e-07 2.203821180211814077e-07 8.762884756715574931e-08 4.599619458313701950e-08 2.782085096380619308e-08 1.557361404163338698e-08 7.481810896927457170e-09
2.544130913492776804e-06 1.335997174093656768e-06 9.945053640389014116e-07 5.653608744172188586e-07 3.885149508989630938e-07 2.579949985687141942e-07 2.499877248578037450e-07 4.979789698433663354e-07 4.647181260059271525e-08 2.360478552255872877e-08 1.372542071824179147e-08
3.001688599987975663e-06 2.164637361799828114e-06 1.431368921471437140e-06 7.595516658207484561e-07 3.154719199794234870e-07 2.951561662682793882e-07 1.283124660488911792e-07 6.132288111179744784e-08 3.659315372632275970e-08 6.456140647874772870e-08 1.270546465045542116e-08
2.155031070949907598e-06 1.911033354144216753e-06 1.301777572536486245e-06 9.359849855223432736e-07 6.133936415856385149e-07 3.446187754977426869e-07 2.106618007024231148e-07 1.076058363153259924e-07 3.463656717664442511e-08 1.634123758290164422e-08 1.044523318288138319e-08
2.412788823753844725e-06 1.524914866613127059e-06 8.961824608943301009e-07 5.206392473604290398e-07 2.740820675310053354e-07 1.625180064353365224e-07 1.063924262379498199e-07 5.347323610562127718e-08 1.025680859460812210e-07 5.910245845182528337e-08 7.560842431891321577e-09
3.875223489977182682e-06 3.478237124978044796e-06 2.862031617706712306e-06 1.896611445973925777e-06 1.107417824682793729e-06 5.756489176317910080e-07 1.992208266459594604e-07 6.062210700570774757e-08 3.453141452113355285e-08 2.208394478936131584e-08 1.145078821225051352e-07
1.427560377559227719e-06 1.223832102469522244e-06 8.961818082552999282e-07 5.487062852777537153e-07 3.485135994268504162e-07 2.138202039890277904e-07 1.353303729859464905e-07 7.813968789986220661e-08 4.597415040600081177e-08 2.738159959423716637e-08 1.560717057164077462e-08
2.407603531679763670e-06 1.763044828058916734e-06 1.032215615443385156e-06 7.584595317779629917e-07 4.004146329928150907e-07 1.879856402246746068e-07 1.070884081224049795e-07 9.663659169342894099e-08 1.224607915176407647e-06 6.243611535312561138e-08 4.367951785099161489e-08
1.440539565502082661e-06 9.590823027798211164e-07 6.642304598898375291e-07 5.860226378399470263e-07 2.861016088780142996e-07 1.827578182349145055e-07 1.103968284207424579e-07 7.005920072951509631e-08 4.402036551147680888e-08 2.114950625628796867e-08 9.134522752654600902e-09
3.201203065235104952e-06 1.931417909779510344e-06 1.048574186679516898e-06 7.152972902089759147e-07 3.979831121401115648e-07 2.242885530882666273e-07 1.336954759293576507e-07 8.074063702794420085e-08 4.713533036007055351e-08 1.048079950962076197e-06 2.628709462476734871e-08
4.419686697517762159e-06 2.758804377211250285e-06 1.840465897256683231e-06 1.089404402693073256e-06 3.939169761579684270e-07 2.062363596955195846e-07 1.068699206399135040e-07 7.010774607573713329e-08 3.393808525533591790e-08 2.147058570420379419e-08 1.124602191525440225e-08
4.994308901567526238e-06 2.081936508214882311e-06 1.159394415318937798e-06 7.179568254787064159e-07 4.297657620516849929e-07 2.590998570525447308e-07 1.313843795887071738e-07 6.264670346960098165e-08 3.606736610431695027e-08 1.961462834396076470e-08 1.135984824114655612e-08
4.731312482281119313e-06 3.009400303749408035e-06 1.698064309694220064e-06 6.832513396422385591e-07 3.604384334830528813e-07 2.013914770137418818e-07 9.255000349583096110e-08 5.393207176018062631e-08 3.943174152854229383e-07 5.363957490984172979e-08 1.177173657066080848e-08
9.568250761945317086e-07 8.431176245542673435e-07 5.348450268436917307e-07 4.153085769065017546e-07 2.836994835170632786e-07 3.199666975299904293e-07 2.725521687004544433e-07 1.478865946273044106e-07 5.329362438219672139e-07 2.223006306220624666e-08 2.842854099537749992e-09
3.940159383068022388e-06 2.267597621955705000e-06 1.694912752895620827e-06 9.938135626151417767e-07 3.923313113382831589e-07 2.639121180885198058e-07 1.187709164204050949e-06 3.429666462411968830e-07 3.655875146041710005e-08 1.131026345098395662e-08 1.061889336281841652e-08
2.150824745415567168e-06 1.681864636850161869e-06 9.911248542717214751e-07 6.836973252008498805e-07 3.653008933119785718e-07 1.808795337569659114e-07 1.095941982891308043e-07 8.295939167735477536e-08 5.285190828881626460e-08 1.955876663095443030e-08 6.393699339194242035e-09
2.772960332072674219e-06 1.805349119378834940e-06 8.127755290833782543e-07 4.752405818165877797e-07 3.066273919079311740e-07 1.995841315855234042e-07 1.274066721675991786e-07 7.607024330922692713e-08 4.538379313808200888e-08 3.129181605108111015e-08 2.026205315208682709e-08
2.921933243679963664e-06 2.111593162166329960e-06 1.310593375843311930e-06 5.552904399714934760e-07 2.696889618237824400e-07 1.428139053377205034e-07 9.003838693440880225e-08 2.151084893009723227e-07 2.453282966210978670e-08 1.154035706332509213e-08 7.715157597400962658e-09
1.007060980469061410e-06 1.241274142733523214e-06 7.885377616053865406e-07 4.425046842474715242e-07 2.988927513032202441e-07 2.344561448872874318e-07 1.579467193361624864e-07 4.634431139874404000e-07 3.776575436660402201e-08 1.341015127520908029e-08 6.050042154923280353e-09
6.141575000665666824e-06 4.220852335559323913e-06 2.248768989485619683e-06 1.108648417322411914e-06 4.162330995108287695e-07 2.153695557139231251e-07 1.125022358269471385e-07 7.526938471572211511e-08 2.817433765890492417e-08 1.887080172639741654e-08 1.328340869834254526e-08
2.119405466416261757e-06 1.774960536773432076e-06 1.484851517844444794e-06 6.515801586465643421e-07 4.387103842816060615e-07 5.599059069940569699e-07 9.607977462326431612e-07 1.948334340769098978e-07 4.039610296801498006e-08 7.470378448872694197e-09 2.147758406742453337e-09
2.439777069540919961e-06 1.516521119819795186e-06 8.155232917471939808e-07 4.491431280009715748e-07 3.159588850476155438e-07 1.844137133737656401e-07 1.042138305968327568e-07 5.490123327714103548e-08 3.053871965164771119e-08 1.572587435216051319e-08 9.800779527785392569e-09
8.639636761650410436e-07 9.965341030334256652e-07 1.023714616495869937e-06 4.514429888833903648e-07 3.337585893828572071e-07 2.232481307303747623e-07 1.338495498563013167e-07 8.677231679617477219e-08 5.895451176246658116e-08 4.180533705165038269e-08 2.552952690509427853e-08
1.540138318554241569e-06 1.291812612226146438e-06 7.739681995177860192e-07 6.289792813721945857e-07 4.304447603202257195e-07 2.812149533399661847e-07 1.353733833947779331e-07 7.311819113569457029e-08 4.471621501333463511e-08 2.445521616032313615e-08 1.529989225074084041e-08
6.194817310888186754e-06 4.397546734453172101e-06 2.720861328012896473e-06 1.421340868214762735e-06 6.920023820120451932e-07 2.681355927784663865e-07 1.116354973755222730e-07 5.079804050386645790e-08 2.856740160957963089e-08 1.619667764608164547e-08 1.179242435889534918e-08
3.060645404487771471e-06 2.142847880136163180e-06 1.699954735286285962e-06 1.546359237780143784e-06 9.518898848652582228e-07 3.243189937806867441e-07 1.012907819114194850e-07 5.832250744187610852e-08 3.203527518155132830e-08 1.497169800634225152e-08 8.108905534158328770e-09
6.576279939151956235e-06 4.235646241273766206e-06 2.663020093240804372e-06 1.525662794597367645e-06 6.186680788896537756e-07 2.762846152653091901e-07 2.231270603443277499e-07 1.331367210252735607e-07 7.046801213193711752e-08 5.046225590973655704e-08 2.521856489556628310e-08
4.661749780496782633e-06 2.335163174690544172e-06 1.203886047604272586e-06 8.863790167492856668e-07 4.690438574781187438e-07 2.724067445581120568e-07 1.689538377701652728e-07 8.195688400070635932e-08 4.837081473307461395e-08 2.275369957776889237e-08 9.302957169794264368e-09
1.719022255002789621e-06 1.236902749493469839e-06 8.162068582482934268e-07 6.484430615274507395e-07 3.661848865993614695e-07 3.047998915765299626e-07 1.686621581624003258e-07 1.278350087311428610e-07 6.136767692165963359e-08 3.922848993953495306e-08 2.271821843388815584e-08
4.217868664047977356e-06 3.319769481943823935e-06 2.362505235580862025e-06 1.427670401624162906e-06 5.574394665793100418e-07 2.116446615065345977e-07 9.319662377599813677e-08 4.499578452530226430e-08 2.213821206618211617e-08 9.125952355924863770e-09 3.105914298799800021e-09
3.587361768406144216e-06 2.902339944257048443e-06 1.570555454477676637e-06 9.129005028340175414e-07 4.420274892835545942e-07 2.147622651213882481e-07 1.183083197851067742e-07 7.126576344947643030e-08 4.523149446984848281e-08 2.405632144025756721e-08 1.225868749135225726e-08
5.027719149067357815e-06 3.016351814330810355e-06 2.568891120997470296e-06 6.413082209093897840e-07 3.218066759289676651e-07 2.149248295438265078e-07 1.108528061766055401e-07 6.503746721297694710e-08 2.962699297798950703e-08 1.838247810207677983e-08 9.563133996275636532e-09
4.596969990163065673e-06 2.588840092445980478e-06 1.344222049879813569e-06 8.299438331865895659e-07 4.569596634440220614e-07 2.416512852754679780e-07 1.264437212037547128e-07 7.067006811232460770e-08 5.092105410332047060e-08 2.643103041685554868e-08 5.188440364206852613e-08
5.290859963009065114e-06 3.625318743797489732e-06 2.246222566485668889e-06 1.367641066969297215e-06 6.448003353490992304e-07 2.230104785996969410e-07 1.184706636863218104e-07 4.868739033362306034e-08 1.767669857740087305e-08 7.150912008462529043e-09 4.237613004704697614e-09
4.449419744669630114e-06 3.426497132159020599e-06 2.289900153104458972e-06 1.323808901595757160e-06 8.011366876553078190e-07 4.174501183566623076e-07 1.153134475201532601e-07 5.592386451454600732e-08 3.955263340669958309e-08 1.416791678944447542e-08 6.708051084775917999e-09
1.451323584693035137e-06 1.038123809442018354e-06 8.653018787895580915e-07 4.435927145317983220e-07 2.856193999044518578e-07 1.817724255807756589e-07 1.014373366585862598e-07 5.940751343262941516e-08 3.675817113480916037e-08 2.274054443277697417e-08 1.203736135934184107e-08
5.070479482046268214e-06 2.628945799584592230e-06 1.164021000375435434e-06 5.622147040555121773e-07 3.140838744396091349e-07 1.750314052377238606e-07 9.843713437342660422e-08 6.782978760076155974e-08 4.303150643186883968e-08 2.670480503914371914e-08 1.130228963832662180e-08
2.942590189691255844e-06 1.969177002699024460e-06 1.156984780608699213e-06 6.968597777681988955e-07 3.540651542261108830e-07 2.298624941297513284e-07 1.490933422106391411e-07 1.181097832659343422e-07 5.771720512476691661e-08 2.341658539076455563e-08 8.653782177183543966e-09
1.665520384309368849e-06 8.369184376913686739e-07 6.024019431402200591e-07 4.542037244147869918e-07 2.874500482654989421e-07 1.592887544946703899e-07 1.159374203478708887e-07 7.123779393666763726e-08 3.811907490385656529e-08 1.943747961574155936e-08 6.404805054373542133e-09
4.154352218673274811e-06 2.623180007763290757e-06 1.440966172327060123e-06 1.024253508288361564e-06 4.140699644854279413e-07 1.974582369790901246e-07 1.333234001343061833e-07 8.849376566411438835e-08 2.936521381380683281e-08 6.415343615810579762e-07 1.320549949363490296e-07
1.876973655280571010e-06 1.398361842857202525e-06 1.240448681905451433e-06 7.121456141190396869e-07 3.559870136584204854e-07 1.558412645858408126e-07 7.436161640651465405e-08 1.842117799042653499e-07 2.299236344479424393e-08 9.651956860712742971e-09 1.285753487357361168e-08
3.327725057907187185e-06 2.472543865673191110e-06 1.578565528473106769e-06 9.019687952616497404e-07 4.305882522332707611e-07 1.735272688381484009e-07 1.174460410809258402e-07 6.742837895917205743e-08 3.543599438005598590e-08 2.434753083782808448e-08 1.422684887855910340e-08
1.403146520341331769e-06 1.043152536886045387e-06 8.882674393142115040e-07 5.051676824776351279e-07 3.135473593534464146e-07 1.785637119316025900e-07 1.094936670406747577e-07 7.774095190987114726e-08 4.439742924142917052e-08 3.063857215159522347e-08 1.564499933286097761e-08
3.140066130528052168e-06 2.620217298943992159e-06 1.745288957744125334e-06 1.407884458152287686e-06 6.390321465459455318e-07 2.161630588422874717e-07 8.804195523647317331e-08 4.612952769229718839e-08 2.264117082989598707e-08 1.298286640070829816e-08 1.021031917747570180e-07
1.146882635021704570e-06 9.457927788695150739e-07 6.337103448606587479e-07 4.439293773904070628e-07 2.534170574694256796e-07 1.432403650884639404e-07 9.513140366125370003e-08 6.645244323407794937e-08 4.446098585943993719e-08 2.624586284086427555e-08 1.305799863647557111e-08
2.204409542717209171e-06 1.101995954745565529e-06 8.173929882123367358e-07 5.542280365694323808e-07 3.120404992440366413e-07 2.017159717664548140e-07 1.422592059533936099e-07 8.956386945450212511e-08 5.059060967815121775e-08 2.357367021003797631e-08 1.332593802044733211e-08
3.720929762567211369e-06 3.275865770980268662e-06 1.360382888563868460e-06 4.957421115428288451e-07 3.603825463150724064e-07 2.554997293411332033e-07 1.475455802035336808e-07 5.578152430219414791e-08 3.643810371083948732e-08 3.788974730364615687e-08 3.155242562857398174e-08
2.889157500741864280e-06 1.975333422151873715e-06 1.536693977510186055e-06 9.386117411863663341e-07 3.828032228106953939e-07 2.301784456050817556e-07 1.085530361172614058e-07 5.584159129738067810e-08 2.129558880046850073e-08 9.865741008237394379e-09 5.971806009270633834e-07
5.084232884112017380e-06 3.901221039209467648e-06 2.424069911960874621e-06 1.172608247343758538e-06 6.789003314311075902e-07 2.590688732106518442e-07 1.208960512311227061e-07 5.513212328196668332e-08 4.019067532698265450e-08 1.253500776941176779e-08 6.624506496577539833e-09
3.550525725399587125e-06 3.665298352227715314e-06 1.658496477590726826e-06 1.151575754451950783e-06 5.139822829781301094e-07 2.211016621927155415e-07 1.295393590596607770e-07 6.149785097941147587e-08 2.726849654150717289e-08 9.340548695530805157e-09 9.831261185638244733e-09
3.145078545574097503e-06 1.466220079990841068e-06 9.928981333086581252e-07 6.812226636787229279e-07 4.186973688990623086e-07 2.330277486026322043e-07 1.438196540657093640e-07 1.020062324438772149e-07 7.157994735988075711e-08 3.932309593763075880e-08 2.536480073023366330e-08
3.857419224077512804e-06 2.993847378716488391e-06 2.217461711281704594e-06 1.658369804820579073e-06 1.077349873143167849e-06 6.220800470785950036e-07 8.177032955977725497e-07 8.480926237640718984e-07 4.609339235677525413e-08 2.071155903586564360e-08 1.145448306770350855e-08
3.825772086274923636e-06 3.491272154388027837e-06 1.968791428185873262e-06 1.290137991720501685e-06 5.309946930193165823e-07 2.635852455097382895e-07 1.632403754094870488e-07 1.576514333241492873e-07 5.402237955826133401e-08 2.563567006523053940e-08 1.047983780814290470e-08
3.635544215069608902e-06 2.087629354959446183e-06 1.277595241721178092e-06 7.727902134290297103e-07 5.005238362073418895e-07 2.427884386358254578e-07 1.292285655506643600e-07 7.507480108510401577e-08 4.038165182125475862e-08 2.481524627870716827e-08 2.264621072111724846e-08
2.124808900729332703e-06 1.525479791343875374e-06 9.287195022882694664e-07 3.017739177379169482e-07 1.885869616411313186e-07 1.092711709235813471e-07 1.516231140351029483e-07 1.402970313255849418e-06 1.740926824651056396e-07 2.598098064097499973e-07 1.773623795222762358e-08
2.049042338565429056e-06 1.589244760487452549e-06 9.365918732120771605e-07 6.371531140956432326e-07 4.589517543175128151e-07 2.738657026777953703e-07 1.501250097799476819e-07 8.093228988550390242e-08 4.423849589266456206e-08 2.324559254756261322e-08 1.385819419976326565e-08
1.415022231267101749e-06 1.010455244976969247e-06 6.819273041082190800e-07 3.675532349590099726e-07 2.265570575182922640e-07 1.370050074620896134e-07 9.980812904988754816e-08 7.402400962033081242e-07 6.047816780341845742e-08 2.745845711957868207e-08 1.803653945336299633e-08
4.017621950795205204e-06 2.151057452735395555e-06 1.178906376230915259e-06 6.547350724113154033e-07 3.676113785008343989e-07 2.245703606794307902e-07 1.344137103558480788e-07 7.672607339039156449e-08 3.492302327719229150e-08 4.336544947173321441e-08 8.959450397447908585e-09
4.341674287270741250e-06 2.644817212094890388e-06 1.738932381549543570e-06 7.479175095295250356e-07 2.386476215543266657e-07 1.653127127846605183e-07 1.107135952531939185e-07 7.030903828578297725e-08 4.587854189076757377e-08 3.963527964648490379e-08 2.684079040973488808e-08
1.545112005692351460e-06 1.136644689628204799e-06 6.595339958626723154e-07 4.744372179116598355e-07 3.953849974295976992e-07 2.670258285244365679e-07 1.472078158174447837e-07 2.053951434688237198e-07 4.648277167685466101e-08 2.469556587786898505e-08 1.637832316642130111e-08
4.809045620876259746e-06 2.459784137309593605e-06 1.189380918970688979e-06 5.220136036956661950e-07 2.541544209103749467e-07 1.491318227196012387e-07 8.863711675911312312e-08 5.502400016031272155e-08 4.023882638862623162e-08 1.962274542601605912e-08 1.205969589234641126e-08
3.123582802417484880e-06 2.680508518590935695e-06 1.986577022239607451e-06 1.231075314105035240e-06 6.566597760609705828e-07 3.863603168265457695e-07 2.211372592757644039e-07 1.226940366113754094e-07 5.043879802956624851e-08 2.686927847642983423e-08 1.702091483736807276e-08
2.962081329850218547e-06 2.114336316367035307e-06 1.061210209496877972e-06 5.541320141762172634e-07 3.171680675835007246e-07 1.909421658737507286e-07 1.245218176594641511e-07 8.369660433109856607e-08 4.292826703378688173e-08 1.756016586587942312e-08 9.596584113012892337e-09
2.769991708947172298e-06 2.922415935915391958e-06 2.561196215987216549e-06 1.485532704357025291e-06 7.965222828582235836e-07 3.584727521625906049e-07 1.301405548511973820e-07 7.738379394945530119e-08 4.174387879151389539e-08 2.354083889054855368e-08 9.125907630660483830e-09
4.926884195615328514e-06 2.888385033182749449e-06 1.885149650391542532e-06 1.046590564161990112e-06 5.262136851945339526e-07 2.738493192395341396e-07 1.497163976047045763e-07 1.002371998187674777e-07 5.237684736575774756e-08 3.820393731679139987e-08 2.780117632548015747e-08
2.769278894520669238e-06 1.254302876945727379e-06 7.797708703632477829e-07 4.690411290143123579e-07 2.668798467151632470e-07 1.721392330545052221e-07 1.292625074308361047e-07 1.505137199529327982e-07 4.631416191657093303e-08 2.174798809338064111e-08 3.783757236746752294e-09
3.244267919401429449e-06 2.783396779818890031e-06 1.273410575324652575e-06 8.500644490437457794e-07 5.554549014316979695e-07 2.984294123049875442e-07 1.364833749484022228e-07 1.842496655352365736e-07 7.903620579105507719e-07 3.971468906304683153e-08 8.868181162148865588e-09
2.732870546004281124e-06 1.806490720249127626e-06 9.441475440167402085e-07 5.837944639523828339e-07 3.038132856360112291e-07 1.887906334548158019e-07 1.189285774308161174e-07 7.472554489292216532e-08 4.101458987424839876e-08 1.639501260799876666e-08 5.555021570986960347e-09
3.850640277171830289e-06 2.143373195821708307e-06 1.115697634876882665e-06 6.994059397064117931e-07 3.337511395346734377e-07 2.375966914417058948e-07 1.589197524110664889e-07 8.795934242781898759e-08 4.864421812107686019e-08 2.293223766925720501e-08 1.157396462209034323e-08
1.045858749889529633e-06 7.154938508806308263e-07 4.679521921497657106e-07 4.537661164315358231e-07 3.691658609919505239e-07 2.119136004464928833e-07 1.135168298335723348e-07 6.689526021057549555e-08 3.577290911518867180e-08 1.262045034990353781e-08 6.194967779384690324e-09
3.743711477370084644e-06 2.874303534295644632e-06 2.206497252552933105e-06 1.411332059003030767e-06 5.682514509315409895e-07 2.301970170811986582e-07 9.941645428124700739e-08 4.065280072322962824e-08 2.237838731522834510e-08 1.352224501745210862e-08 5.520974625126321272e-09
4.300243966822438034e-06 3.503582604306339001e-06 2.420951395934424474e-06 1.384550762309365607e-06 6.081238561979116637e-07 3.169353060479341209e-07 1.708014677398561167e-07 9.543904301822821087e-08 7.224308350235160724e-08 4.389392816129088824e-08 2.574935398349028379e-08
3.241473345623818152e-06 2.218360813835877792e-06 1.236989957062419622e-06 1.087469757911705449e-06 4.484238093874410107e-07 1.853895734911152422e-07 1.163642741908278776e-07 6.508976103549798856e-08 3.382342946165081570e-08 1.908585018438766229e-08 8.371768799270854726e-09
4.409786611759158717e-06 2.602507224782309483e-06 2.012533660348286737e-06 1.180029611410947647e-06 6.040541081182442494e-07 2.574990552453296824e-07 1.231942818347064984e-07 6.845671292225889919e-08 4.047797136897774359e-08 8.894267768229780807e-08 7.989407976805945584e-09
3.488336485257254304e-06 2.106320144063420186e-06 1.640797853901829384e-06 9.105703796079080606e-07 4.440683730837061842e-07 2.171444644416856127e-07 1.076839891421803298e-07 7.329677362415411571e-08 5.786167299333346414e-08 4.081327179723429866e-08 2.876458199731294903e-08
5.518128673962025171e-06 3.404051795073988213e-06 1.733725456711378750e-06 8.139114568693370201e-07 2.895250334454719456e-07 1.924973124928195712e-07 1.248673672831056585e-07 7.808091029601542371e-08 4.231763148577029199e-08 2.515406257565778341e-08 8.199428644918830987e-09
2.303721854530530127e-06 1.978629354907342079e-06 9.803597359817263433e-07 6.715632516350702052e-07 3.346525202046415502e-07 1.922516142896324567e-07 1.264067481617004829e-07 1.241446158540362527e-07 3.777346288444617931e-08 1.068350204743130096e-07 1.745439505028077920e-07
4.516613918677684771e-06 3.683659863269978383e-06 2.898397600269853516e-06 1.671486612760242073e-06 6.700623241002549973e-07 1.954902325243797607e-07 6.682859442227261106e-08 3.581036106251614048e-08 1.852503491394071143e-08 1.101681863054248811e-08 6.671156145151974626e-09
2.675970752318488280e-06 1.580403434378031340e-06 8.069585346615784685e-07 4.316159107849497563e-07 2.988694606834449733e-07 2.040006204441143820e-07 1.087337685655085819e-07 6.710338162639928193e-08 4.291039106664419560e-08 7.475611313131726231e-08 9.366882394268731227e-09
4.893759875751527314e-06 3.214269330882823266e-06 1.822015426385735347e-06 9.670062215419082055e-07 4.076829782425557838e-07 2.318974933742595128e-07 1.244605826901392159e-07 7.645937674937445303e-08 3.710364912646408684e-08 1.652143589581747488e-08 5.372668861989028271e-09
4.039718156418289274e-06 2.232536127649148354e-06 1.221353809557626050e-06 6.819834664327518286e-07 6.132085694007060553e-07 2.314611516924086468e-07 1.321579758295003181e-07 1.886550909648786822e-07 2.952736171726755224e-08 1.349579427062882268e-08 7.138394938952985675e-09
3.238520907285635311e-06 2.568302514773222976e-06 1.959724039085092627e-06 1.532716075326465271e-06 1.309873351413153180e-06 6.404093437805042805e-07 2.242690941970947249e-07 4.630427950323595405e-08 2.457860002175040266e-08 1.177585125549889200e-08 6.275640027096121230e-09
1.244231616821630433e-06 8.110122464904277375e-07 4.768640354613456224e-07 3.906599491862350752e-07 2.397324395414921720e-07 1.648341538693499142e-07 1.053132595736700419e-07 5.961332747752231581e-08 1.365803608671330441e-07 2.096764023298061482e-08 7.053195259310850585e-09
2.087679911946031629e-06 1.676262755284128352e-06 9.412134539074600404e-07 4.711059962721833657e-07 3.213265486499903768e-07 1.660209450846558217e-07 9.060717743693084721e-08 5.105341116319297672e-08 3.231647828683477362e-08 1.755625728189817747e-08 7.483471238924937088e-09
5.413724713944603212e-06 3.929466716559415491e-06 2.175204544900822837e-06 1.125748672913605534e-06 5.382702889935179790e-07 2.242631121519566094e-07 1.409600934993364899e-07 7.114616310552598802e-08 4.180022059988971822e-08 2.827951260479551600e-08 1.826201419881909337e-08
4.167132292959019301e-06 1.692243803500571321e-06 1.105203971189630694e-06 5.707467204547793600e-07 4.403986923408796410e-07 2.040683324649229758e-07 1.401249279372557657e-07 1.224586670170333376e-07 3.434811977104405237e-08 1.418497778528697037e-08 4.231325777726893538e-09
3.132125297097480590e-06 2.021093515072192929e-06 1.491744158122704936e-06 1.068275783430387112e-06 7.149709548424103928e-07 4.415074058154029346e-07 1.697831124961501725e-07 6.885728504609444173e-08 4.137360076682685020e-08 2.580774801754858139e-08 1.206062465611067590e-08
6.075871333247698495e-06 4.175631337853914192e-06 2.545462942453433739e-06 1.549502776173568972e-06 8.830991863179855636e-07 2.397348935187453749e-07 1.023427766774719199e-07 9.604127629788380722e-08 2.147889314253007681e-07 1.597730598577048143e-08 9.497533118975276892e-09
2.322645658075650030e-06 1.633104436847605201e-06 8.883485801934779634e-07 4.732515085932259801e-07 3.567995812445995380e-07 2.131986014786055484e-07 1.312744198352996874e-07 8.094264721160099530e-08 9.680597488389334462e-08 3.159398111756681860e-08 1.626184965200291811e-08
1.909798119943538344e-06 1.303237744158107154e-06 7.036250528903910344e-07 6.012347936459390276e-07 3.129725301236795110e-07 2.237357669853272066e-07 1.852339388494216493e-07 4.150983602875232011e-07 5.686058479646701440e-08 2.667119433703745708e-08 7.194450315647351511e-09
2.494106567508437640e-06 1.528719930924040687e-06 1.215803566096361949e-06 6.222817123107154027e-07 3.237462032635299638e-07 1.737436844843352813e-07 1.055163622281533995e-07 6.612714600062967042e-08 4.030406285170244272e-08 2.414470128384809538e-08 1.393585785157136361e-08
2.341492587576675964e-06 2.399441609671354407e-06 1.680013712327630847e-06 1.700772235499087545e-06 5.404674743506469873e-07 3.022122082545685724e-07 1.107104684882767684e-07 7.206167043650782263e-08 5.079341420695106996e-08 7.960919003126676479e-09 8.646829504148222942e-09
3.709237969310617548e-06 2.365566000659882045e-06 1.129887538775551073e-06 6.826972549202843931e-07 4.805868547487516751e-07 2.429993840527137001e-07 1.194561769277565479e-07 6.233693306237823868e-08 3.070816010873180375e-08 1.688697816385369676e-08 9.046280958934392483e-09
1.050355964977659047e-06 5.175749495923490934e-07 5.410267867834573633e-07 3.927160002539848219e-07 2.406591523479785850e-07 2.320018322504786154e-07 2.362523011491295175e-07 1.397223045861480730e-07 7.733171098002526018e-08 4.955825508099578323e-08 1.992892426144983320e-08
3.357719585019598916e-06 1.899968315996465826e-06 1.043539816422509835e-06 4.620111220563327065e-07 3.174271985802835889e-07 1.991275279271101049e-07 1.309307702595978726e-07 6.287270587806639331e-08 4.349103064540395901e-08 2.474386570244812204e-08 1.255414157882394298e-08
4.417718455413684746e-06 3.458330747568906114e-06 2.093628845713034962e-06 8.991978375110343468e-07 2.597915225830788869e-07 1.512230499465362859e-07 7.211198433368606100e-08 3.509000535229474404e-08 2.242541821643415799e-08 1.336873820178782655e-08 6.895360478650998420e-09
1.928496111654888412e-06 1.099915046983988216e-06 7.975015712196437650e-07 6.144565788574233272e-07 4.408216806123229289e-07 3.136879682407845067e-07 1.326668169589461963e-07 6.073234218792149946e-08 2.534615023674344455e-08 1.429684196431438596e-08 1.572622941615067003e-08
4.384873579075477539e-06 2.823756226211060913e-06 1.551578356985722039e-06 7.861614814170840184e-07 9.731519492432362358e-07 1.624901657262887343e-06 1.413275979930500195e-07 5.291609349240110582e-08 2.037165021443121767e-08 1.081095974161703526e-08 4.896712259125436699e-09
4.687656397416559093e-06 3.495408809510788506e-06 2.851168541841432400e-06 2.023042358366063571e-06 1.070404101944052634e-06 4.198314258147317187e-07 1.636566377703170684e-07 6.616783685563362845e-08 3.642178989979750390e-08 1.735801245072822713e-08 9.237486933460584011e-09
3.312051215156556863e-06 2.249169300670393138e-06 1.359504454054187372e-06 6.740145798324429888e-07 3.355514378746107867e-07 1.847717327056280915e-07 9.966552747200068452e-08 5.885454585576179762e-08 3.361740807560050979e-08 1.967978761797388031e-08 1.261182212642489868e-08
5.275084154518577729e-06 3.454373505357921227e-06 2.498869072646895953e-06 1.294123873720258920e-06 4.780200688058876569e-07 2.154515949272225611e-07 1.164560550966120436e-07 8.499545547481850361e-08 4.059286071027861762e-08 2.255425073138109187e-08 8.826047190598737555e-09
1.788047700704200000e-06 1.457105592241498146e-06 1.356787286599183183e-06 1.136379009609310842e-06 7.652254631505434140e-07 4.862423909053022819e-07 2.584350687141771856e-07 1.163606991117003777e-07 4.810360506772622822e-08 1.943623730289489128e-08 1.049944362710306845e-08
1.848504327026532978e-06 1.049472696849663963e-06 7.274371743284222817e-07 4.716960186790512556e-07 2.785892570786680393e-07 1.786948047876265596e-07 1.112048871084306952e-07 6.710802329553306283e-08 3.976193307955832142e-08 2.367001998351191071e-08 1.123693345091504648e-08
1.572559771959079800e-06 1.143995943660555018e-06 6.601262816724538235e-07 3.970970044416939729e-07 2.777434688502490565e-07 2.133206176191360016e-07 1.384409297743436991e-07 7.439283577692588989e-08 5.084424392051820702e-08 2.157498898740430849e-08 1.067247537831589588e-08
2.116047643716870108e-06 1.474978075183661778e-06 7.657567797193877935e-07 4.543724292500724305e-07 2.575608026446819467e-07 1.974923914565448241e-07 1.130839319607270529e-07 2.842241347957238215e-07 3.636458616888800223e-08 9.511643004968064719e-09 3.687891873928676149e-09
5.012914616444597829e-06 3.934468335509587086e-06 2.728934703775971150e-06 1.704193841639779998e-06 6.994656671493700328e-07 3.950003367306051233e-07 2.650152826427057420e-07 1.331494976022005352e-07 9.789218354086775611e-08 6.328536503408201287e-08 4.205437653368903792e-08
4.458568603244497438e-06 3.226552212320979351e-06 2.611303675294866761e-06 1.649364541202151668e-06 4.227234619637161537e-07 2.308433259763910899e-07 1.297083399717182598e-07 6.381429870420556404e-08 4.448871816318119340e-08 3.078830639023459938e-08 2.382963681786376505e-08
1.201699338435804594e-06 1.134803243879990717e-06 1.035138517880295412e-06 1.052186157642513384e-06 4.097770372701405708e-07 2.278120603460093405e-07 1.470685208122215979e-07 9.785389415797708080e-08 5.182565978297189590e-08 1.850146754218239943e-08 8.516263452398997877e-09
2.673324712453255541e-06 1.317993170260973521e-06 8.340097358386708592e-07 5.821227091848470544e-07 3.138308455097569146e-07 1.796180566834047425e-07 1.088725908328223614e-07 6.833603418176232673e-08 3.693225488739262889e-08 1.445956284247822060e-08 6.777508055219301936e-09
4.394977038076505909e-06 3.188960103150413244e-06 1.982727016132098436e-06 8.984799445723993932e-07 3.543762262931095001e-07 1.483075092493679548e-07 8.863063820620480270e-08 4.651983570455506979e-08 2.564681263219506830e-08 1.449581761799118427e-08 4.203962110853487560e-09
1.209982226814223034e-07 4.156860924750679678e-08 7.857096083966486879e-08 1.515849500650476779e-07 6.944205690578442173e-08 2.937754188386429497e-08 2.118833605230417740e-08 1.580147797414529587e-08 1.611762077389490516e-08 1.786246411638712501e-08 1.844449120704288440e-08
4.816842804853962562e-06 3.073384620446072312e-06 1.994931738475457687e-06 1.079343062974048203e-06 4.145716049165437343e-07 2.160696759491575003e-07 2.726280668615358444e-07 2.092088044088294595e-07 3.223730088399655427e-08 1.969230352236989302e-08 9.900554557443338319e-09
2.693161637453562604e-07 3.226861093011204842e-07 2.039880287557231485e-07 2.016533104194742459e-07 2.054903196790571171e-07 9.136778833525525660e-08 1.010073623668373983e-07 7.207657544603865386e-08 1.020093139290509963e-07 8.109442636576462402e-08 4.543039061515157243e-08
3.633128128779085196e-06 2.431723624068840574e-06 1.909464799038028806e-06 9.349394801035779408e-07 3.791191113615992393e-07 2.352262542733670853e-07 1.102913790225491054e-07 6.923790053342964821e-08 4.534476060975572829e-08 2.863734420367493596e-08 1.232132071367029412e-08
3.384872149614170529e-06 2.723517657752275209e-06 2.164064713203740607e-06 1.438253447322663716e-06 6.567839432818795336e-07 1.541675011279214014e-07 1.182321977782484153e-07 4.398998410037531705e-08 8.801233065087746782e-07 9.853829718282331079e-08 5.887429178778111002e-09
1.917852135975476176e-06 1.245001462453768415e-06 1.010002683813838106e-06 7.118228189251228030e-07 4.615378851540976796e-07 2.588978232608956899e-07 1.419188539384647917e-07 8.245349066529698054e-08 4.255346219756533850e-08 2.707433917166219548e-08 7.290674067826762177e-09
1.891708870241532100e-06 1.217771765281261924e-06 6.863289433453211011e-07 4.828831967060602941e-07 4.016406894980894659e-07 2.069103439072586488e-07 1.252874281872238940e-07 8.301861656230368939e-08 4.538467474550872407e-08 2.500183728420457979e-08 1.283980587215562704e-08
1.163839049306416990e-06 8.461261543707588596e-07 5.812165543992472385e-07 3.379279446935004589e-07 2.819466517491129025e-07 1.675073229319876477e-07 9.691550912789862470e-08 5.941066180490102839e-08 3.656342704023555561e-08 2.151673427022710926e-08 1.166909939370101506e-08
4.870839464664060305e-06 4.116422188525515870e-06 3.130981742034510043e-06 2.152652409892233378e-06 1.054604685334500281e-06 3.829409233224558870e-07 9.012218475344345339e-08 5.098544556025768995e-08 2.526363345138287746e-08 1.439108013928763341e-08 9.329535425524287972e-09
3.419915036106923067e-06 2.666307715907939196e-06 1.562506793184354015e-06 8.576579225827449011e-07 4.253962702229223491e-07 1.606805479960003993e-07 1.014929686320506622e-07 7.061981357423586489e-08 4.483242019229710783e-08 2.092295314271681923e-08 1.300409603560016050e-08
6.288057954936580989e-06 4.720730597718644241e-06 3.122252764472059843e-06 1.987968767658291726e-06 1.039257988426889369e-06 2.385608805473748748e-07 6.703511055961318113e-08 3.690290539135409243e-08 2.108186658685814182e-08 3.214912198499397562e-08 1.333306296284308385e-07
3.782362984752705208e-06 2.926564620585694959e-06 1.228320684795727761e-06 7.891317034698330919e-07 5.211564082192773839e-07 2.500577661925847987e-07 1.205404675547515425e-07 6.695580641791571163e-08 3.660182480697628531e-08 1.645543369250035876e-08 1.114601720971766146e-08
3.189702177806829260e-06 2.114842490227102063e-06 1.176667683042420125e-06 7.737689890433723865e-07 4.243138555281937850e-07 2.645055145721271438e-07 1.495705928742774563e-07 7.502344817557053429e-08 4.522598443923756955e-08 4.640095251108717768e-08 2.555934972345404261e-08
6.365990443162940203e-06 5.219490975400361707e-06 3.804051842217168804e-06 2.150858362421381069e-06 1.306640008190866363e-06 5.690997590861832266e-07 2.270585638708514325e-07 1.149641401965821076e-07 6.365904488691290146e-08 2.800584235029658526e-08 1.245304333519720638e-08
3.539835648352558519e-06 2.971097168303520830e-06 2.288908689360704198e-06 1.398745809192371445e-06 5.325185474385793961e-07 2.019327271226242729e-07 9.005907124590695781e-08 5.054952452484346474e-08 2.740022108790278118e-08 1.985147513549671009e-08 1.376968046053563578e-08
5.306244004464614591e-06 3.365314457321439287e-06 2.150954935939307799e-06 1.449982073966660648e-06 7.054138946576246860e-07 2.678877055111976566e-07 8.840510322995431067e-08 4.984256135999019444e-08 2.749319682770575282e-08 1.550170748487452589e-08 8.313036102970967717e-09
4.158252956628535383e-06 2.961406009462894845e-06 1.686200934782688776e-06 1.213293613281830213e-06 6.302167230360277115e-07 2.829843868213696343e-07 1.470540986665485161e-07 5.978623800687729201e-08 3.801702909409374835e-08 1.483310934912267784e-08 4.931882381313989624e-09
4.465195508447228577e-06 3.484706763566999551e-06 2.639538100758741647e-06 1.764338649264186722e-06 1.075109231651766031e-06 4.931540735304461744e-07 1.863322754260631002e-07 1.094497405279564174e-07 6.972838944043184964e-08 3.025219694122235730e-08 1.612692219814635551e-08
1.419473876921026803e-06 7.869621130157238324e-07 6.693054131939537493e-07 6.659150344973197863e-07 3.613691061951575016e-07 1.786880921459326938e-07 1.138335052875804736e-07 7.096004321779992954e-08 5.915828588454010309e-08 2.185793520144250251e-08 2.140850568533558619e-08
3.879023089829726209e-06 2.369243652908576738e-06 1.616216737983477592e-06 1.006645169383114143e-06 3.757838009566907997e-07 1.536790935813039440e-07 8.734189451249151579e-08 5.716028860977853446e-07 3.564526078338747399e-07 1.483562841173545153e-08 6.606439803247244036e-09
3.145842177233612554e-06 2.105748291188975129e-06 1.445767208676892449e-06 8.736136359630545470e-07 5.200032353287823830e-07 2.829170256847116854e-07 1.550397651621930833e-07 8.460867544096658229e-08 4.484168977336064424e-08 2.996967448482956728e-08 1.753305175940585885e-08
1.051288723757100136e-06 8.076227294427148737e-07 5.439362703777204274e-07 3.738157106299684168e-07 2.757943542405933309e-07 1.513631248856520414e-07 8.663959360227116308e-08 6.033741936589661150e-08 2.846834210558406676e-08 1.438952755879251724e-08 1.131222830321335246e-08
7.070373323453991871e-06 4.523336836042069335e-06 2.585790457149616391e-06 1.455221389931901029e-06 7.431854618275805432e-07 2.778519572226131973e-07 1.051064588700169699e-07 5.239780072644773499e-08 1.962666583786852399e-08 8.340146365646720233e-09 2.734045092890887808e-09
3.800822882745794606e-06 2.109499867826915416e-06 1.315779940273805135e-06 7.399087227637308393e-07 3.243342841387339603e-07 2.008661419365642789e-07 9.352632325133176854e-08 5.726352231100958275e-08 3.358475005550614747e-08 1.615402884101718286e-08 6.913202754685314481e-09
5.574862291356798532e-06 4.012665800221425592e-06 2.355549533857286433e-06 1.070457128726743339e-06 3.523968205978391475e-07 1.584898500196914483e-07 8.018535439106689292e-08 4.261889672231873367e-08 2.659432552235153119e-08 1.772343878477844756e-08 1.807906634162296634e-08
3.822347310970746882e-06 2.211084468141918549e-06 1.539327666691021983e-06 9.061017099703332565e-07 3.863658176950395600e-07 1.793737597201410073e-07 9.680599536251061486e-08 6.333066868921218016e-08 3.720381796118698667e-08 2.752893179082803539e-08 2.418248643533488991e-08
3.503027748130028906e-06 1.921119499198201708e-06 1.523538288123548099e-06 9.051938796063473278e-07 5.775968570879268022e-07 3.077495416158050912e-07 1.369233013142467564e-07 5.358772942278212199e-08 2.619419249055655506e-08 1.502281277510937251e-08 9.887899808332686707e-09
1.754708410704686437e-06 1.533661903961184829e-06 1.128654220110589092e-06 6.107087607514680919e-07 3.608961199762963815e-07 2.343994274274796818e-07 1.419675664409511696e-07 8.318516902512943370e-08 4.762455369530523681e-08 2.190428350445785649e-08 7.759719865158960414e-09
2.755716681203203191e-06 1.035239950937334205e-06 6.457842628007760595e-07 3.904643727243363547e-07 3.152673456733795935e-07 2.036518370970527113e-07 1.029057524674471183e-07 5.885100296861218795e-08 3.020291163094743479e-08 1.717426288066161732e-08 7.137939954099822114e-09
2.566556185345115428e-06 1.268071275690141976e-06 1.017188178743839426e-06 7.895598571143184201e-07 3.991193204242161342e-07 1.966769979601578474e-07 1.076993490436339088e-07 1.045944519527989850e-07 3.652346907497910122e-08 1.212595066013201010e-08 2.707636388219710015e-08
5.021017583554280379e-06 3.926355740958644116e-06 2.995007887935237917e-06 1.610972470033232483e-06 8.038245652025311860e-07 1.422121138385520459e-07 7.550054203933278404e-08 5.282472349302224291e-08 3.258731290397132859e-08 1.816372863685265246e-08 8.744985995582882389e-09
3.231448214584934987e-06 2.154618249250252186e-06 1.252808935698941738e-06 7.878668213852642896e-07 1.752355959248344933e-06 3.716665268713666056e-07 1.149604836145078152e-07 6.865433014460418743e-08 4.821047586266618648e-08 2.530264307095121555e-08 1.844034396484541837e-08
5.480161593074313986e-06 3.237752760045591017e-06 1.859367904282315419e-06 1.227461139169208870e-06 4.712672605338214690e-07 1.757916095340393455e-07 1.034798724831791150e-07 5.634001196424315009e-08 3.323618893563939064e-08 2.149253645000330335e-08 1.473179036638327752e-08
3.050895317542519668e-06 1.546555514487994242e-06 8.967276448330604375e-07 5.155698355608506244e-07 2.908902765819772548e-07 1.709046462230872963e-07 9.195730343084658570e-08 4.935556379707105135e-08 1.580455583722741791e-07 1.387812497778750931e-08 6.057720099809791137e-09
2.615074624448123649e-06 1.264523438936044702e-06 6.240912917194378594e-07 4.031142994749601115e-07 2.547150668646488926e-07 1.693457351942304034e-07 1.139358189604980631e-07 7.441547343756168630e-08 4.160690598523381335e-08 2.285397600441395453e-08 9.455850766007635616e-09
2.052641646228231470e-06 1.229695675626199958e-06 8.375955873737703499e-07 5.073477011554451822e-07 3.227424010761193747e-07 2.425097512934961378e-07 1.251316297466619146e-07 1.377713196714956284e-07 3.263532387010766111e-08 1.230133786053498363e-08 3.633541086151055759e-09
1.708093946656020517e-06 1.387564498085391115e-06 1.039354752127098279e-06 5.296230507746304237e-07 2.787044236791053084e-07 1.812658067664164949e-07 1.027430454850150493e-07 6.660689072977226713e-08 3.635937508003735281e-08 2.763876810028416373e-08 1.835231722352255131e-08
1.264780602299221470e-06 1.521974314848794347e-06 9.721426732328924270e-07 6.663704598915994549e-07 6.026590975893216160e-07 3.788088709565373326e-07 2.306871621838987524e-07 1.314525715489467914e-07 6.775008422269383730e-08 4.747851897314218671e-08 2.921290615785463640e-08
2.023645783882785091e-06 1.038413633610445940e-06 8.404334238420188744e-07 5.255907434250047952e-07 3.513536540287963141e-07 1.816967269202790371e-07 9.952427014363968678e-08 6.123909319893523317e-08 3.047672461073456477e-08 1.269697918166465445e-08 4.523560362563427746e-09
3.100258106165874099e-06 1.644217902337456657e-06 1.060775987090322195e-06 6.102984200273754611e-07 3.900081890467733493e-07 2.372051669892593931e-07 1.218679789242526689e-07 8.438610910522232084e-08 1.177593193143572416e-07 1.864717428092418850e-08 8.879286769272620937e-09
5.089652279787466155e-06 3.775251099781227219e-06 2.554773068660013801e-06 1.288386553081400767e-06 5.105002743706561781e-07 1.998623393672015465e-07 1.084085818835441737e-07 6.304135972449460367e-08 2.836058942616188622e-08 1.831459614721738595e-08 1.376377085396951298e-08
1.703539059697274764e-06 8.073436524143815818e-07 6.326528443909641873e-07 4.192728745197156643e-07 3.037599493575638300e-07 1.619113002402499133e-07 8.553473239558209321e-08 6.351489850181376129e-08 3.946033178723656397e-08 2.185973100230904041e-08 1.013019142956849927e-08
5.586607944467275918e-06 2.328920341540992153e-06 1.228086589131796522e-06 6.981107366278149099e-07 3.754905293593670116e-07 2.040512607884915575e-07 1.182997149461234030e-07 6.373088655095132334e-08 3.273873718706950123e-08 2.701032986905881877e-08 1.034342825530300071e-08
1.838802459367245535e-06 1.236923611513073013e-06 1.125778642941873648e-06 5.813333260949705249e-07 3.480518744960827573e-07 2.213859763958370650e-07 1.464955114888706936e-07 9.749229884785093569e-08 6.517329384186729177e-08 5.027230210145487880e-08 2.784871394471230822e-08
3.458584504758718669e-06 2.508414017754690170e-06 1.406845553806203832e-06 1.077166046260632574e-06 1.237478863671068939e-06 7.025340345945132090e-07 1.351731705374154291e-07 7.253946259063348698e-08 3.189486065141407996e-08 1.728780967069980644e-08 7.968404238026472557e-09
3.446836530498403853e-06 2.016489862479047903e-06 1.331710608803811013e-06 6.671785118485038410e-07 3.068760343650975828e-07 1.549583895518234216e-07 8.556082380597019367e-08 3.778725051856927724e-07 3.474635704571689294e-08 1.577793727342031020e-08 4.405386078836920092e-09
2.186272421459771968e-06 1.570062480770260066e-06 1.138963435645998196e-06 9.246967826245080631e-07 1.690480609261151924e-06 4.738955089856743860e-07 2.517934816374563841e-07 6.370786566592008827e-08 2.084523277788138941e-08 6.109768647914345138e-08 3.865175613607028359e-09
1.668996398505999999e-06 1.292368242445262456e-06 1.138143869971860780e-06 6.733017900001435808e-07 4.040951421859967144e-07 2.255773703948566120e-07 1.506598214329728417e-07 9.912467107932600819e-07 6.106144325510776731e-08 1.588591916384960806e-08 5.313393459378102142e-09
1.757674134216839154e-09 7.968742907738255628e-09 6.571122862544175821e-09 4.008752912315077709e-09 2.778063629037280528e-09 4.166273910189176384e-09 4.311440312331045516e-09 7.480242210636498039e-09 6.090194665745361733e-09 8.581399396909635835e-09 9.879428679296812094e-09
2.938162755341597570e-06 1.647349889503367023e-06 1.137362117855193916e-06 7.270099119093864748e-07 4.349981684230592239e-07 2.095818915868784030e-07 1.093171199442756585e-07 6.584574159188350844e-08 3.592896742142113552e-08 1.961039981014443050e-08 1.217512870884260988e-08
4.205482208096753666e-06 2.334063228849200333e-06 1.143320523006892454e-06 5.387320333580519145e-07 2.736091498414413218e-07 1.489242782120972551e-07 9.045877269330308115e-08 5.660842860593369811e-08 4.005260679036948862e-08 2.249546581755371974e-07 1.673070672728890037e-08
5.225072940462762739e-06 3.343055670935076664e-06 1.977106701625551352e-06 1.030292891320767620e-06 4.609711389547562449e-07 3.018873488789243998e-07 1.326029661153184490e-07 7.197766587186166683e-08 3.646514838878206467e-08 1.169173061512419503e-08 6.654293653910915425e-09
1.185864374078468593e-06 1.063620516601668635e-06 7.176476820195975693e-07 5.147414271877307216e-07 3.395166914566790042e-07 2.320843887094819767e-07 1.312142462448790699e-07 7.344550932386720348e-08 3.441306749110956719e-08 1.810219122372849012e-08 1.098459292524976730e-08
2.013836053485426021e-06 1.026759520989850084e-06 7.695708957672530240e-07 4.545069804456614767e-07 3.074836041441858081e-07 2.509497424909340206e-07 1.178366029715640857e-07 9.873623781119427282e-08 4.026782214982044461e-08 1.910785689621982479e-08 1.500118154326272369e-08
2.026184098988536887e-06 9.930049405617374120e-07 6.544235147586109609e-07 4.843069246925235357e-07 3.060184670566517681e-07 1.653880152571849048e-07 1.007286045739733423e-07 6.464598112237711582e-08 3.965164958772883925e-08 2.328744200909325334e-08 1.565254463955827004e-08
3.523304912484819459e-06 2.611491629210490573e-06 1.156880328277269981e-06 4.956037327426755791e-07 3.061503439502452869e-07 1.829405956394542986e-07 1.364495323819666528e-07 1.285012325613499777e-07 4.260480161604905052e-08 2.573531244565515409e-08 1.029598262125028922e-08
3.060609902347093875e-06 1.957525460878623387e-06 1.688486011964928058e-06 9.847219654216714509e-07 5.309695252557426130e-07 2.643825352375363873e-07 1.427297881839468697e-07 8.056734409792768913e-08 4.395942978857223989e-08 1.990886993407189007e-08 9.057968205626276295e-09
4.049727868255913464e-06 2.508260167789451871e-06 1.733319175287141612e-06 8.052127134106253632e-07 5.207711249415903303e-07 6.636652966583527541e-07 3.507890028896651339e-07 7.920064244072376992e-08 3.453270472703402837e-08 1.397976748577184209e-08 7.285031692660039038e-09
7.763218753907658700e-07 7.111026599571959005e-07 5.933429177409890128e-07 3.570552730996695738e-07 3.111770171649671209e-07 2.198163380240611848e-07 1.404689284848105460e-07 9.014261252960283451e-08 4.559233995555909102e-08 1.839133484531189506e-08 9.276309139768665797e-09
2.843552281398340310e-06 2.150706929670711654e-06 1.631950892563499420e-06 1.511918971190434157e-06 9.415189223798263388e-07 4.165805607335402816e-07 2.034761698142408800e-07 9.189773642505710940e-08 3.362365579481090741e-08 9.238876944056211516e-09 5.252155240694710615e-09
3.109828677375387228e-06 2.155831711473817646e-06 1.695198771289003381e-06 1.141050152746318174e-06 4.563122039117588494e-07 1.715950651232856652e-07 2.156860181302528379e-07 2.276648319505845943e-07 3.402057594764599984e-08 1.449157094597919553e-08 7.741986620355569685e-09
2.878533119469525629e-06 3.864482583880383220e-06 2.702074314818411843e-06 1.600645350629147429e-06 9.462701031845553688e-07 3.444111746364935597e-07 1.180902975912786009e-07 6.857199988906147458e-08 4.051620449804190894e-08 2.676736728283296524e-08 1.525168503885072324e-08
3.081013864770703546e-06 2.316897278351354640e-06 1.746429370867679527e-06 9.325979214056239105e-07 5.292781714257548323e-07 2.495421031761317682e-07 1.125146627222822559e-07 5.484988450939096434e-08 3.323127176861152542e-08 1.940529296559447607e-08 1.196431236463804614e-08
6.020914356053314171e-06 4.353942442685750622e-06 3.362543910074213038e-06 2.199172245927675628e-06 1.137417797206756487e-06 3.574052428658490638e-07 9.683006149992882170e-08 3.517619641000277076e-08 2.327197718988966342e-08 1.387537792339851079e-08 1.346570336364018366e-08
2.746486111995203150e-06 1.637390495299753018e-06 1.018047392308620057e-06 6.248356369443070850e-07 3.803433732345097366e-07 2.302720599764443229e-07 1.395686806630043468e-07 8.111094234051685883e-08 1.207686513038489482e-07 2.418177243129099319e-08 1.090680168518425487e-08
1.389398491985630956e-06 1.451900661969538462e-06 1.839891326567150007e-06 7.487236876775875839e-07 4.368154426979997231e-07 2.853647950294394097e-07 2.124079641722661267e-07 8.125696786197753040e-08 2.240890178258018261e-08 1.050375123448417975e-08 1.385079830431998348e-08
4.462902050665433846e-06 3.559234269846827393e-06 2.155806767378022179e-06 1.198042232643005471e-06 4.571457358655114220e-07 1.629270635599837291e-07 8.989029731889731503e-08 5.734819563033706855e-08 3.598041552008275448e-08 1.950742434322846394e-08 1.097361402838343770e-08
2.813229760058438049e-06 1.376850628145106854e-06 7.816684609425547681e-07 4.890861742513318663e-07 3.106083766970358384e-07 1.967192036506298011e-07 1.082641032115768516e-07 6.481001387417012612e-08 1.560624783378261721e-07 2.775992331916849998e-08 7.535610651817361710e-09
3.138948734529625661e-06 2.234217081307185978e-06 1.361354518397032058e-06 9.860943367021750304e-07 4.899053151065019751e-07 2.229490350954108381e-07 1.348307441859945081e-07 8.808863098988548729e-08 3.366210105952012280e-07 4.176003408736643477e-08 1.311593742854668422e-08
4.743828202046653547e-06 3.447538758270337143e-06 2.653635971730316076e-06 1.499984607142923891e-06 4.952159514642690152e-07 2.080752118692684752e-07 1.034010609762500004e-07 6.502988305971974666e-08 3.917767758263745078e-08 2.470455721618037706e-08 2.167827428912253231e-08
4.035322362650931000e-06 2.876907039801086231e-06 1.924891528282755014e-06 1.292934801535895375e-06 5.457879693220278546e-07 2.441334039201800780e-07 1.647798420551047406e-07 6.138525108786084896e-08 3.094743767432030494e-08 1.417872192895216331e-08 7.424297624789464504e-09
1.156966452039109374e-06 1.213798109174687998e-06 8.344582880853450340e-07 6.484452078969561068e-07 4.486250876466213852e-07 3.336807446247854314e-07 2.506105334144270887e-07 1.623874145472132508e-07 7.502282085553714982e-08 4.799671045059994493e-08 3.101259908987114437e-08
3.195910887280699913e-06 2.344010399003337788e-06 1.286284385785490577e-06 6.738866963858876042e-07 3.838805380558853940e-07 2.442833704199516924e-07 1.424290667874314596e-07 9.234588232708166071e-08 5.588337749973994542e-08 2.715754438780497656e-08 1.500435973815534397e-08
1.297596252773822231e-06 1.027803798410721556e-06 6.436582964534842815e-07 4.645252515089507804e-07 2.859294299148025314e-07 1.654872857066243253e-07 1.102959086375023881e-07 7.293913350681768553e-08 4.388669224401220813e-08 2.307734856656236928e-08 1.071148108437392321e-08
3.882497900245919178e-06 2.144734681022470833e-06 9.217657386050806586e-07 4.893799160515311735e-07 3.452246396093004551e-07 1.934230024227300349e-07 1.293536055377927371e-07 7.489001921750189479e-08 4.076081684723876741e-08 2.350237703747245835e-08 1.030939433065897443e-08
2.653298540333844345e-06 1.307374788750549109e-06 6.157450519710165863e-07 4.483107598649966857e-07 2.610863934452085728e-07 1.444360745643671348e-07 9.435306709604866851e-08 4.920903563641238358e-08 2.994799731268164364e-08 1.786212684828973093e-08 9.351027409080152784e-09
1.251607521494257571e-06 1.116520117670427685e-06 6.836351014796242165e-07 5.130331665693793907e-07 2.655568764697185743e-07 2.171032577734319130e-07 4.850477163998343776e-07 1.468145518883503084e-07 2.736686806800485123e-08 1.109648083228764688e-08 3.856676366612673186e-09
2.467553640371009178e-06 1.528561804439020356e-06 1.110489913907072484e-06 7.017062527109845381e-07 3.121819585302269969e-07 2.142366927760222932e-07 1.386476282377247852e-07 8.631056925953127489e-08 4.643901959099954975e-08 2.382917435746681677e-08 9.596046189601284419e-09
1.791647298963428375e-06 1.166986993936970635e-06 1.030515426893366890e-06 9.550277768948982780e-07 7.735422740871401229e-07 4.590714656062714696e-07 2.565502382185799961e-07 8.510579548012011741e-08 1.487936250319215137e-07 1.652948160768487778e-07 1.355042147486780711e-08
4.207911340940671627e-06 2.689467010104300899e-06 2.052958795457386573e-06 1.286910423351014185e-06 6.269091172362969069e-07 2.785760411786594010e-07 1.187054094203730859e-07 7.367234650378606437e-08 3.741685675419575782e-08 2.046572127836967855e-08 7.358475447795914191e-09
6.826626674076533857e-07 7.348828932935018255e-07 4.638412012334857093e-07 4.313764608305986671e-07 3.392811789173008315e-07 2.414585484830723858e-07 1.687230241342125053e-07 1.105193340585863895e-07 7.873144338534914021e-08 4.737367270533611347e-08 2.630643049855959800e-08
1.230191592744343845e-06 8.872838074572950697e-07 6.958171798487649481e-07 4.546018815970907845e-07 2.830543043153707800e-07 1.816884477309832518e-07 1.205032479271851602e-07 1.764042394737015770e-07 6.428127290872407638e-08 1.580915568195317606e-07 5.774788787583018122e-07
4.319204117475934773e-06 2.690797411796736302e-06 1.456720045452464184e-06 8.401097085809223760e-07 4.061719873676763012e-07 1.789500820449073615e-07 9.759968390477175741e-08 4.967688736254783861e-08 3.127996367271155265e-08 1.502372247159320026e-08 8.887499930627529473e-09
5.672744412809755533e-06 3.472866379094698643e-06 1.657940974361554552e-06 1.038577462579030536e-06 5.930900255342505834e-07 2.460219065573552041e-07 1.282486918292932351e-07 6.153808886597938664e-08 3.633584834908117015e-08 2.119666688162242495e-08 2.344212344520847578e-07
5.999675047334752642e-06 3.832051047793659812e-06 2.204085741699901254e-06 1.401094734274804780e-06 6.940501988546930116e-07 2.716427282986859577e-07 1.271253792415680462e-07 6.516268029635719079e-08 3.366342321754188457e-08 1.664781093312192194e-08 5.819877493983972476e-09
1.598044545676967688e-06 1.227860492600998856e-06 8.327708812337447022e-07 5.632404447566774304e-07 4.055520682126311697e-07 2.510384776415384505e-07 1.476920293599704962e-07 7.633593486954249204e-08 4.503192269223831551e-08 2.337575421481520652e-08 1.038017881913338411e-08
3.991926238177680775e-06 3.048676881253357740e-06 2.323969516620386057e-06 1.536334728593530801e-06 7.901212534604858382e-07 3.668036366474222580e-07 1.191337045202255851e-07 5.437248077595714830e-08 2.975638862209379236e-08 1.426620971612147304e-08 8.514987756724770639e-09
3.110756108479833954e-06 2.020684325057420130e-06 1.564679845905906051e-06 1.027574093725877014e-06 7.366528797777195364e-07 4.156365298424934762e-07 1.393722280037985908e-07 7.656411824468223653e-08 3.389477308923847840e-08 1.629507558137021073e-08 6.059268748428463872e-09
9.180646792530755867e-07 8.315596907686429100e-07 5.336146853494559093e-07 3.645318710197428623e-07 1.982362764586654005e-07 1.439839661152773822e-07 1.004482414880994416e-07 8.580872798105710433e-08 6.239616456058237670e-08 2.370523781946258296e-08 9.732989154445153684e-09
1.503193822379396959e-06 1.402545519336529122e-06 6.998217660866099953e-07 5.145593576360939700e-07 3.086508098804409565e-07 2.253476636057107549e-07 1.382940446747279516e-07 7.810117635777046005e-08 4.163425429536032487e-08 2.066658264321863686e-08 9.425503697714602653e-09
2.972482446238056470e-06 1.443579722751875318e-06 9.262875082917932463e-07 5.986026631616019206e-07 3.770649073707082859e-07 2.461174295525825108e-07 1.588276423582103355e-07 8.573873576152840160e-08 4.725617472619920307e-08 2.560416714745451216e-08 1.377631229924186981e-08
3.293231808703606397e-06 2.294054507677104608e-06 1.307986769526464203e-06 8.857517040718556985e-07 4.644585608576905098e-07 3.289615447188266671e-07 2.233399993277649408e-07 6.464964365508067197e-08 3.303949965925082819e-07 4.265838478920167405e-08 9.798283851852182903e-09
4.197023040495404524e-06 2.411715906440626987e-06 1.615362354544159426e-06 6.927494858222482245e-07 3.631009781317553558e-07 1.885281102893068372e-07 1.527759711849819289e-07 9.799559936804771446e-08 7.113331339302456100e-08 4.520776669070050498e-08 6.137346362360640980e-08
2.354704528591937536e-06 1.262339414686016859e-06 9.547434865636491057e-07 6.405719646516641647e-07 4.839591401308449424e-07 3.495337819235916874e-07 1.938206617241893869e-07 9.981649786771373463e-08 5.051930083173760376e-08 2.887123793601871188e-08 1.485276924791435751e-08
2.148467125723247044e-06 2.269420065463388087e-06 1.481367768002956661e-06 1.048402441812609586e-06 5.619764549093872858e-07 3.258315007810961853e-07 1.592010318651898965e-07 6.662300752715256871e-08 3.139820777528955188e-08 1.607627893789325542e-08 8.430660498709049488e-09
4.218224782341740543e-06 2.733895365066308503e-06 1.789177758474854033e-06 6.334712383241450149e-07 2.480756129676089338e-07 1.403420996599621363e-07 1.151732140677203144e-07 8.428478023404518179e-08 7.496304047621446349e-08 5.896404657826814162e-08 4.590940997376471222e-08
3.363394365149841030e-06 1.386883217071446394e-06 8.339619800552669084e-07 4.766960321598270499e-07 2.609490841394687690e-07 1.839428219876027043e-07 1.132209479962830492e-07 1.952481701447520647e-07 3.990216517550603918e-08 2.372473311378960537e-08 1.408080066071121202e-08
2.626970524807344179e-06 1.668801957359695102e-06 1.161093419336807766e-06 9.925299299581499734e-07 2.937298457862780705e-07 1.256540646909057585e-07 7.884936177437414946e-08 4.485380036012441033e-08 2.453441043301973813e-08 1.551035634007578300e-08 6.833684131235536431e-09
2.407151966586993875e-06 1.642573155859401832e-06 7.755885229232705818e-07 4.961708729785593915e-07 3.100369250149896291e-07 2.284836529476332286e-07 1.273791948491262114e-07 6.650286290749603740e-08 3.522224590971078935e-08 1.670474335932672919e-08 5.166012545197469368e-08
3.170963409467051788e-06 2.590536389254736886e-06 2.095558418819754712e-06 1.078806211069545776e-06 5.389612970621665503e-07 2.235562221658081865e-07 1.457186268694683910e-07 6.380229220249567174e-08 2.999419704451257106e-08 1.985334583302365092e-08 1.431818487214990802e-08
2.202162293111620070e-06 1.084553925267553360e-06 9.933527046725977874e-07 6.867372499940636199e-07 4.189467016034166630e-07 1.894204937541503845e-07 9.773424178490880558e-08 5.403559259714749158e-08 4.038758492466541325e-08 3.644643275358067534e-08 5.776120461483382917e-07
2.360106669432816487e-06 1.597030700864678231e-06 9.442208604780686414e-07 4.493648548298571578e-07 2.761878786240753653e-07 2.046936645904946380e-07 2.624514638006349548e-07 1.788553582537693003e-06 1.390585596637902497e-07 4.877819986147402753e-08 1.373945107364346772e-08
2.014339539927593714e-06 1.654735908283997904e-06 1.294597008385359345e-06 6.056448357936289806e-07 3.368732850621915180e-07 1.840108655303581713e-07 1.133863291090949147e-07 8.195121383002872989e-08 7.019357291702728024e-07 1.455190229054391658e-08 7.943498740473660051e-09
2.350321981256214104e-06 1.595255109366064874e-06 6.970556192342863611e-07 4.070583443814176871e-07 2.731759309164098902e-07 1.473611748927400505e-07 9.612913326650529097e-08 7.728214367576414861e-08 5.339464515197969257e-08 2.624380321293183076e-08 9.904086409864946018e-09
2.260971397500980960e-06 1.851762957402690672e-06 1.497563652990931917e-06 7.716454137434464705e-07 3.858001835722749963e-07 2.589409623283295681e-07 1.888744020690166980e-07 1.057964377279501736e-07 5.230488396798819658e-08 3.434815871441252390e-08 2.156567024205733329e-08
4.349415209164616437e-06 3.481057553065787443e-06 2.534132262997611206e-06 1.599372452427184028e-06 8.018850835457786851e-07 2.529310526227604143e-07 8.141805631079252121e-08 4.605960388683750634e-08 3.485554294952080795e-08 1.509162784743606277e-08 1.631607210266936823e-08
3.414336095254792840e-06 2.409863439224345612e-06 1.373730486739891878e-06 8.035235256829071979e-07 4.567427282694575869e-07 3.134903240142623349e-07 1.763788968037795677e-07 1.043461963855644442e-07 6.883813200852861571e-08 3.499169523975549341e-08 1.495251210700956816e-08
3.943699030170388418e-06 2.763157442544968782e-06 2.066390693687525039e-06 1.419290646300786124e-06 6.057171108876906334e-07 1.865048370963938639e-07 8.418338377556896922e-08 6.140897872838995929e-08 3.355953564183687792e-08 1.061264199633906223e-07 2.241695064571226940e-08
6.448048261860887418e-06 4.155887829639211818e-06 3.088585440255026030e-06 1.890228031771488048e-06 8.282710300800869870e-07 3.302644877892571657e-07 1.614833249398420047e-07 6.856376534112410870e-08 3.546220089728098092e-08 1.605997133039826414e-08 8.013533985378310644e-09
4.370578766471566510e-06 3.103022534819557722e-06 2.014315072426215509e-06 1.303181329114765768e-06 7.477743407655973456e-07 2.320088439650828797e-07 8.517673238978025273e-08 4.456148654417077869e-08 3.231001944173619756e-08 2.596337312117899718e-08 3.340582091580673360e-07
2.703684106918242788e-06 2.365044099524085754e-06 1.433466328768025477e-06 1.157978690176510188e-06 5.665850362672176520e-07 3.180726135622640085e-07 1.611084205646686419e-07 6.733711687395487037e-08 3.347284594867610510e-08 1.374830173246364147e-08 1.554511395925288567e-08
3.816433317272490550e-06 2.382350055256309241e-06 1.632590885645332714e-06 8.072084897938431540e-07 3.549807461887040903e-07 1.569198609353240882e-07 8.850780452483215362e-08 6.229495383192425303e-08 4.030020660562982423e-08 1.693166613752907201e-08 1.083611147792484838e-08
2.427738584957869595e-06 2.000918985422964126e-06 1.060332459685494810e-06 7.682744615060565712e-07 3.828879571401373229e-07 2.227029763309299472e-07 1.502035209314827065e-07 5.673441776012324511e-08 2.816995989795488419e-08 1.529046812885546635e-08 6.702747874752403320e-09
3.440311617880876588e-06 2.127533816583484805e-06 1.350387523789276495e-06 7.467837362925653592e-07 4.209813445905442306e-07 2.686518778674363228e-07 1.425430715467179989e-07 8.728077870223376462e-08 4.088063919423518448e-08 1.907850120729466574e-08 4.074087256253187121e-08
4.527855450219213245e-06 3.051887937117075333e-06 2.443064480718040694e-06 2.309757324605003538e-06 1.238000388678506821e-06 5.405615337063654115e-07 1.774233586340078816e-07 9.654633570597969449e-08 4.542052224348406103e-08 3.028180950411167322e-08 3.236233521396600151e-08
1.432278424590511254e-06 9.478731446860956812e-07 4.082035870609654124e-07 2.575434301902972444e-07 2.269489790131839680e-07 1.878981586688765308e-07 1.459109238263235747e-07 1.013408980103471506e-07 5.885615708913908202e-08 2.977198148917757177e-08 1.850730412769705511e-08
2.831739227337950925e-06 1.903328984950595382e-06 1.345520568712204932e-06 8.778833451747417664e-07 3.928061971260767285e-07 1.997962283342616253e-07 1.243285921302211017e-07 7.837253552711604480e-08 5.624554375940236235e-08 7.091142661285672846e-08 1.759559078174412003e-08
1.922229378795290717e-06 1.282497824960617045e-06 8.022546323800705603e-07 4.652300446853911535e-07 3.176344034952311038e-07 2.265159282154784503e-07 1.453973797338492417e-07 9.119888113299120048e-08 4.894260526865998460e-08 2.391265563744387215e-08 1.213052844377868756e-08
2.820393546524131511e-06 1.382129962489116763e-06 8.588424938346133501e-07 5.087373998465313212e-07 2.525592994831340187e-07 2.195289084750216789e-07 1.559954078018049437e-07 1.286426420040743287e-07 7.303640307124288149e-08 4.138314293337231224e-08 3.235829074944424068e-08
2.109369367926845502e-06 2.043450850183337539e-06 2.129675953391548636e-06 3.641391842670633501e-06 7.606354707535651833e-07 3.279795748100402582e-07 1.619374413755177248e-07 7.848996114799202246e-08 4.399573582027729793e-08 2.358120098754295023e-08 1.277180703992081484e-08
2.427479402696666471e-06 1.253777079782007220e-06 7.869012371365076967e-07 7.045011172525243616e-07 4.682283109268355891e-07 3.832189910284706359e-07 1.117371165841392975e-06 3.695107739806934522e-07 5.065247655783876193e-08 2.833530706787532809e-08 7.621055564484944554e-09
1.629173588534322057e-07 3.388738597837675127e-07 4.358423277053515869e-07 3.648811683707671501e-07 1.598607742619915046e-07 1.169063760030945311e-07 7.562066171004825161e-08 7.316673451099172062e-08 4.797307643651662271e-08 5.161413959933622360e-08 3.564137547213709629e-08
3.002156412927134410e-06 3.112468368422491861e-06 2.019386758189684689e-06 1.423587155655874665e-06 7.202262169410037579e-07 2.764248769943743703e-07 1.288354683189354916e-07 5.688484173236741226e-08 2.400507864170742004e-08 1.238626661883507938e-08 6.781050616871774707e-09
2.344750200235340229e-06 1.870275104054316640e-06 1.266547652869498301e-06 8.386091828238734391e-07 3.989558385838272102e-07 1.509223553367162665e-07 8.554989326950641932e-08 5.281782152174781367e-08 2.987532423457231342e-08 1.675907967472721227e-08 7.918443346400516987e-09
2.045913064067463770e-06 1.345279631265256809e-06 8.095246360006063110e-07 5.120147243455310772e-07 3.403621572933026292e-07 2.098844412492811216e-07 1.169107801209249413e-07 6.681254445041108428e-08 4.137349811617632181e-08 2.201367726115979968e-08 1.198726834431360188e-08
1.976970210208348103e-06 8.401234260762951908e-07 5.377925769301589879e-07 5.058247367166787456e-07 3.198339006615167821e-07 1.876222787778571827e-07 1.452941036055426433e-07 8.719307235595072182e-08 4.885444802001642661e-08 2.564968363948354726e-08 1.446760682849618811e-08
5.631183132294247158e-06 4.262069656675704722e-06 2.504067743832143664e-06 1.350080196198641031e-06 2.825073381212426930e-07 1.368534473480114487e-07 7.816359801879604017e-08 4.826388710001055814e-08 2.662603636548250215e-08 1.208217367332036737e-08 5.771852366436459691e-09
1.720030583693562993e-06 1.072381945505162971e-06 7.112908420753333061e-07 5.032998726297866508e-07 3.424001639673355060e-07 2.481534044047896555e-07 1.487829414597693918e-07 8.992529431488173268e-08 4.421146721558982139e-08 1.720389911873839273e-08 4.253149484813454416e-08
2.045131311035470657e-06 1.487066554828930511e-06 1.314121781426377082e-06 7.275576719273308303e-07 4.307861943222717033e-07 2.060003936624326923e-07 1.114222526344191982e-07 7.174438615787330384e-08 3.391188649377813081e-08 1.507457566490397704e-08 2.771414113679119985e-08
2.702054857648694222e-06 1.581289478630909267e-06 8.989888132989950739e-07 5.717132834468736981e-07 3.033570347267013015e-07 1.884124428677310131e-07 1.094117710542533772e-07 6.992313492911675938e-08 5.589830320885616558e-08 2.212466529154362881e-08 3.022995680782740533e-09
1.790418587886999162e-06 1.120843399575013734e-06 9.382708085440562133e-07 1.189951634896348829e-06 3.458896651618353385e-06 3.680443009971805350e-07 1.496855216023364750e-07 5.278434421724030205e-08 2.131309155915006901e-08 1.021772509883896032e-08 5.120280279387451281e-09
2.950683743841527631e-06 2.306243419991215423e-06 1.463364545522236329e-06 1.189796505811706116e-06 5.396743549257484926e-07 2.089439836229258297e-07 1.419537468241104161e-07 6.724793876347169892e-08 3.080670486816892477e-08 6.055677570853289793e-09 2.095623452380980364e-09
3.615389735348071535e-06 2.872117952177657433e-06 1.657223643765710048e-06 9.655507038877247502e-07 3.229647615614957350e-06 5.091062718368366920e-07 1.360049026945160834e-07 4.678403948597473078e-08 2.433881594075158523e-08 1.407259609196207255e-08 6.973644497526294157e-09
5.071535761952945184e-06 3.393671474933113386e-06 2.262474856385845738e-06 1.455893204231016191e-06 8.125123724062033744e-07 3.629232192275135264e-07 1.818696981590194142e-07 1.321580985907980123e-07 6.111998757580545352e-08 5.269338546900091971e-08 1.745958193334241591e-08
1.575845851989195996e-06 9.423100271321691325e-07 4.862925925455541497e-07 4.446156945720088840e-07 2.641401623505211729e-07 1.736825708763111534e-07 1.223624448228929219e-07 7.317768995804419065e-08 3.965369305725222447e-08 2.282333682985199551e-08 1.249278335080484941e-08
2.921371261507289231e-06 1.916313543397892324e-06 8.566414080165964975e-07 4.588776048816320536e-07 2.644679048609686563e-07 3.003730124260322703e-07 2.018495277589616189e-06 2.009735145419604994e-07 7.915625520753605163e-08 3.677740814522044051e-08 1.609989289347997300e-08
5.655946269736872446e-06 4.353054738114444965e-06 2.585062331810944553e-06 1.564685879332214101e-06 6.501906281700436930e-07 2.678593929698479426e-07 1.136013471585249564e-07 6.134886358090002097e-08 3.062534193296104909e-08 1.087574507472576511e-08 4.186333262334633323e-09
3.535563290712146450e-06 2.048100918312591657e-06 1.272399337375825252e-06 7.789715141127851693e-07 3.468787847595015446e-07 1.923861462067184304e-07 9.163704124278617046e-08 4.711050352698275368e-08 2.850565932756276929e-08 1.967407912229596363e-08 1.301737261079237238e-08
2.869878859343060530e-06 1.866643635864209129e-06 1.288063068846306477e-06 7.788119995912189079e-07 3.818885432281942717e-07 2.233744566345783290e-07 1.544057192785017326e-07 1.033938927090315978e-07 5.676651873059157937e-08 2.312405036095159451e-08 1.478990899443219555e-08
2.531881096362303827e-06 1.904750765492576951e-06 1.768496494347898323e-06 1.442590993807747987e-06 4.435746740953330902e-07 1.799113148038767804e-07 1.281175380493658489e-07 1.213763688237871967e-06 8.895514067879954783e-08 1.421169312501448592e-08 3.441671955857712975e-09
6.316838353445005618e-06 4.270418277007692684e-06 2.764527917184406597e-06 1.483567299656428020e-06 6.046829235417799558e-07 2.123375325103725042e-07 1.253022699672465521e-07 6.735008213744228967e-08 3.435379710811211820e-08 1.590625096383878133e-08 9.490100253494378809e-09
2.579570199934426250e-06 2.328127022459781951e-06 1.750770382528744815e-06 9.625563853374680645e-07 4.755208545269347892e-07 4.777015631998777011e-07 2.089147649355789451e-07 6.732763136804990141e-08 1.964866327775288113e-08 2.112879380395368899e-08 2.056555434128925185e-08
1.310417918110537557e-06 1.263229140563788591e-06 9.387685139736578486e-07 5.282400922744370207e-07 4.883644255643697657e-07 3.921349340994820172e-07 1.258672991474337899e-06 1.438932455069565168e-07 3.343534490264660114e-08 1.217878922039586023e-08 3.442944056578776018e-09
2.385953327386453170e-06 2.591481248847947573e-06 2.160258078012163034e-06 1.557751746574286661e-06 7.637069960466802598e-07 3.139082409762102938e-07 1.102723029386852540e-07 5.552849304351498853e-08 2.902497971815829725e-08 1.700634902836373431e-08 8.451427565252852004e-09
2.250348685155066929e-06 1.520129372307196078e-06 9.980376255314155764e-07 6.072460030704799120e-07 3.419823148150700255e-07 1.809155617859317219e-07 1.058996216219983461e-07 2.966796680786085688e-07 5.490710758841702741e-08 1.221184206156681446e-08 4.225429053258351353e-09
1.746525508807729898e-06 1.548357315333078267e-06 1.353313002994428509e-06 6.597601558836157770e-07 5.020324635457551240e-07 1.821162648331816959e-06 5.104674606188283369e-07 7.731349404596006478e-08 1.893987944597127802e-08 5.075373431545379061e-08 5.288523155753373431e-07
1.114863420982894263e-06 9.696858741552308690e-07 6.540995246861520434e-07 3.544682982017655150e-07 2.323625462296196951e-07 1.567417379860491729e-07 1.042718558686873965e-07 6.812505386605814427e-08 3.957689431209698245e-08 2.186965987029372975e-08 9.570537198507150603e-09
5.459759065485672457e-06 3.795690423564812179e-06 2.450360000272443945e-06 1.565861907723431679e-06 7.840804817450806356e-07 2.531880743567461974e-07 1.038317946026630090e-07 3.118178999896835105e-07 1.109706373431341471e-07 1.508860177118905684e-08 7.078050664226265947e-09
2.789182920902662044e-06 2.172467391142306124e-06 1.487645353406562091e-06 7.372119725083112761e-07 4.637273901445429886e-07 2.674722737590496619e-07 1.214355755972969789e-07 6.670269839740746536e-08 3.601808686942035191e-08 2.069936553470077724e-08 1.213802725415613472e-08
2.947147526562322670e-06 1.565653593521299867e-06 9.800000971563332399e-07 5.072097443599931034e-07 3.150811975318848506e-07 1.867356114445038097e-07 1.077312743497256780e-07 6.852624098544976237e-08 4.078867470360596751e-08 1.982123028553819776e-08 1.106832181680875036e-08
2.880976752221330533e-06 1.411967983973717735e-06 9.328412851996825479e-07 5.115011028759319858e-07 4.638655421617988164e-07 7.783008308801259630e-07 1.468362793379965449e-07 7.270373254858237821e-08 4.104708584904925047e-08 2.823165625283290638e-08 1.765736407633176448e-08
2.631113161335592639e-06 1.264806226205472487e-06 8.572907003867328706e-07 9.847522889111095222e-07 4.094384114685583492e-07 2.185124404752999647e-07 1.363261391342566550e-07 9.578770523625217883e-08 2.159174323795654618e-07 2.059517443463425487e-07 6.592675098364530459e-09
2.422914967768492135e-06 1.593826541506439859e-06 9.358420342554127408e-07 5.962211627267682524e-07 4.144710702375970251e-07 2.591380332100938581e-07 1.668757063800004310e-07 3.744266929086502162e-07 5.391437691574340262e-08 1.451134424828382498e-08 1.145233000900836634e-07
2.346376376336897991e-06 1.688707367184514021e-06 1.255674269712110175e-06 8.439258342883590155e-07 4.534714365580841393e-07 3.035923113271812985e-07 1.674480956542266810e-07 8.918940810849315784e-08 5.220574972059980724e-08 2.857261795234875318e-08 1.410488532816676982e-08
1.595671660812525706e-07 2.598232505299728353e-07 4.211195081582305359e-07 1.879044113849037041e-07 1.707624980297874594e-07 1.062595899986042567e-07 5.360995253972814284e-08 2.760228957165987332e-08 1.793390210975564626e-08 1.554842646428784352e-08 1.476297425332189825e-08
1.766211057550306196e-06 1.491968195510433703e-06 8.879473185303847336e-07 5.935722308807716229e-07 3.289727769024893310e-07 2.032138173165416986e-07 1.072219115446659155e-07 5.499466027551386537e-08 2.700941299988490591e-08 1.542393832908133259e-08 3.830690358532307354e-07
4.722848578914854609e-06 2.967405287807693320e-06 2.054667895985543271e-06 1.418447820816618620e-06 7.819133860631452928e-07 2.802640632337685114e-07 1.018175465081323782e-07 5.182984158418264309e-08 2.740313870367366145e-08 1.159322794843551759e-08 1.359123807378087452e-07
4.454554563076003542e-06 3.406868359224377376e-06 2.157169777155143214e-06 1.377186578723028317e-06 4.710160126229869402e-07 1.805281097702365317e-07 1.183949672474823097e-07 3.577977975288124002e-07 3.019167218170099934e-08 1.104211683590694397e-08 6.487185775981617413e-09
2.710874050710986593e-06 1.567978545554045156e-06 1.567724831625157550e-06 1.120104960190009472e-06 7.793121860186295866e-07 3.573332150444554654e-07 1.480104618181758760e-07 6.537734470453347856e-08 2.927239180678361042e-08 7.836639218648097137e-09 2.414931259432340152e-09
2.987099595174062379e-06 1.479497051741277049e-06 1.133120768985995007e-06 5.885961258537917296e-07 3.936169478224862399e-07 2.330036319157955034e-07 1.444492904435789702e-07 8.438782302602510798e-08 6.322567994060552405e-08 2.370501073807424144e-08 7.570698825108877610e-09
4.374522448021315066e-06 3.472999671096700465e-06 2.096445428705640272e-06 1.003163115181644854e-06 4.776352551806024331e-07 2.781843438931453132e-07 1.461512883924301084e-07 8.266531646006328596e-08 4.578852429482672592e-08 2.251371326520942390e-08 1.221959512433659450e-08
6.242132054032983825e-06 4.321828290084938544e-06 2.607932718066933331e-06 1.460990183438230214e-06 6.314956864748245727e-07 1.356538468247069344e-07 8.713484263954096557e-08 4.935520601695106857e-08 2.324773068175388061e-08 1.388786518380428509e-08 6.707715313066329236e-09
1.799050303465130455e-06 1.691962911739442071e-06 1.242069754921043204e-06 8.377706848599360217e-07 4.935582634024775840e-07 3.147175241410819334e-07 2.177460964227525564e-07 1.303083677618247274e-07 5.805047314188991244e-08 2.664508820167822012e-08 5.017950767527963485e-08
1.746768735599528154e-06 9.325075110786775033e-07 8.971982978230276399e-07 5.654006255778454113e-07 3.782517997666405241e-07 2.572564076352187052e-07 5.062191031107819429e-06 2.112398741408745730e-07 4.670804331622831019e-08 2.566644431416385401e-08 1.591579213136463406e-08
7.684369202115138827e-07 5.847200472578485512e-07 6.461265649889500942e-07 4.204773469001949832e-07 2.907468400876166692e-07 2.247582139442290366e-07 1.474255688050316877e-07 8.757364509427570327e-08 4.600484307097986570e-08 1.853993204874173414e-08 6.704671059611565431e-09
7.573996449678604220e-07 1.218481708783416741e-06 7.112166030518709719e-07 4.791237158206384952e-07 3.752328909996949729e-07 3.116408236971395858e-07 1.061999582886728563e-07 8.546490119339866817e-08 5.488216984017577115e-08 4.993940659370024733e-08 7.013185983772961413e-08
2.221516498179721074e-06 2.077076207766034753e-06 1.758028544455715941e-06 9.492051875424652296e-07 2.813323111625528859e-07 1.273824593776006633e-07 8.149973569131570736e-08 6.031083917857831663e-08 3.516087528203759030e-07 2.549155066091579045e-08 1.278653000617397982e-08
4.857795860782565388e-06 2.801382104921200705e-06 1.457807002689553885e-06 7.070178495977911930e-07 3.890926558489490893e-07 2.137384620761542305e-07 1.239592747912200337e-07 5.461359875761016968e-08 5.683292288350281607e-08 3.799778723044806589e-07 3.981341226111965045e-08
7.161908188952315375e-06 4.807879835953959812e-06 3.153250011807942783e-06 1.841761918235642467e-06 6.829895901339924579e-07 1.148552844381224745e-07 4.733769109233665725e-08 2.430714486898952367e-08 1.185252813901397238e-08 5.017316494636212996e-09 2.462694633750930362e-09
2.212147620350012981e-06 2.334963587219738803e-06 1.672664427527342717e-06 9.154620869716042461e-07 4.056777218014525775e-07 1.768360695515041792e-07 9.726010893224573899e-08 6.826805691925708183e-08 4.116414286240998617e-08 2.720773576709649860e-08 1.749310290820112313e-08
2.944570221652403851e-06 2.019621924208032582e-06 1.367340443421490456e-06 7.218204541258221850e-07 3.904279926080203711e-07 1.728607480094303496e-07 8.901871218306678120e-08 3.923162693799258291e-08 1.745323570716255183e-08 1.197627983902841023e-08 1.590593499107959436e-08
8.017252278897555060e-07 5.702698266602465003e-07 5.369805330107692920e-07 4.406570289021251303e-07 2.708316428904316575e-07 1.582465135565196858e-07 1.135846058814810402e-07 7.739620866462915384e-08 5.094981963319505414e-08 9.994860482765895788e-08 1.942806855207247936e-08
2.175527660442192844e-06 1.393930562944178960e-06 8.360203035093269249e-07 4.766660470498541887e-07 3.358794004785572119e-07 1.991126180441083490e-07 1.315673403627743037e-07 8.336575175160407489e-08 4.893268116418732435e-08 2.167018818062918890e-08 9.905994360219002703e-09
2.113687695459981374e-06 1.695237064599279485e-06 9.455183401315063376e-07 5.060578754790326946e-07 2.562475783305909082e-07 1.617426537554622598e-07 9.122309355400792321e-08 2.106933669400436999e-07 3.893606634424553197e-08 2.091577322786161751e-08 7.843159152490160824e-09
3.136551279972622250e-06 2.573055406668493011e-06 1.985526393205345573e-06 8.903141499319935798e-07 4.347913065711270164e-07 1.576830422724049918e-07 9.260996231841753997e-08 4.918088050805475270e-08 2.850180553317598620e-08 1.599796641094687639e-08 8.960969682683281826e-09
2.234151319908394394e-06 1.109547524716238723e-06 6.621132871588534091e-07 4.614015295097127996e-07 3.240057536954436433e-07 2.014621170632267829e-07 1.305279502997285838e-07 8.552498262335774509e-08 3.759026685272909810e-08 2.213515861695791752e-08 9.687375705891719618e-09
1.604585412731858784e-06 1.189133593510544204e-06 8.588138141189860701e-07 6.190497326502085449e-07 4.249164864372786223e-07 2.712281244231036493e-07 1.687715633163830057e-07 1.026470172481149172e-07 6.115723051880043756e-08 3.515059306090210651e-08 2.560230562420022566e-08
2.457983936485089603e-06 1.873726545246685638e-06 8.218062253961577753e-07 5.248287023317406374e-07 3.387307322719223764e-07 2.109889070669850506e-07 1.111728713910598991e-07 6.444230249021207215e-08 3.491282038943781547e-08 2.001481874552267832e-08 9.343897849151827716e-09
6.430624933779776435e-06 4.146270028635138046e-06 1.877599732017390551e-06 9.071793283527436402e-07 4.654168476847313681e-07 2.475130232893963552e-07 1.285854247696138041e-07 7.108013132389365699e-08 4.574471943688689872e-08 2.079623558381876439e-08 6.669196003703685945e-09
3.320978463809860442e-06 1.556138554524869583e-06 1.046886030341310468e-06 5.781301967198924273e-07 3.549324704786856642e-07 2.235386675237759888e-07 1.116267074509745092e-07 5.947390592620072935e-08 3.456669869518690337e-08 2.011847188216784063e-08 2.511045794385946187e-08
2.894271078021286237e-06 1.534005889846576740e-06 9.858056137743573935e-07 5.238170574156361089e-07 3.962543173295874624e-07 5.849609745733560770e-07 1.544157814888703570e-07 8.428926626260426806e-08 6.604165398306583170e-08 9.683429706962090443e-08 2.978568642583154239e-08
4.464762494536647583e-06 3.066177485168880086e-06 2.056612766182324549e-06 1.180152228256112771e-06 6.595180118680668964e-07 2.836663727603760437e-07 1.216273808634784987e-07 4.776543797472599787e-08 1.937080884841975217e-08 1.014413504517731757e-08 1.819114582806065709e-08
4.753490301042313283e-06 2.996632115483274181e-06 2.119845246006963491e-06 1.374006563629768658e-06 7.049336148655076694e-07 3.574804422388922598e-07 2.053476190657350386e-07 1.188459167540606164e-07 6.845535569308260859e-08 4.225605677765229588e-08 3.820009657824316362e-08
1.353825710143848372e-06 9.169990048248797063e-07 7.233153803399097863e-07 4.752842675327413442e-07 2.836302373827395850e-07 2.015221219877246815e-07 1.288005640894785188e-07 7.778578656927570028e-08 5.397896414936891824e-08 3.102880962388918616e-08 1.697922944070272208e-08
3.606683001492083136e-06 2.739837851214323253e-06 1.395675808814963170e-06 8.876956956295149282e-07 5.252035073518830900e-07 2.645517278180112041e-07 1.386744544194183634e-07 2.081711649577089764e-07 8.958365626997625342e-08 2.864929203991522103e-08 1.755264986989508022e-08
2.744811971402511620e-06 1.670198826650173692e-06 1.157206021722081442e-06 6.489587749109739907e-07 2.443862023301123707e-07 1.754753119003014906e-07 1.089496170655270444e-07 6.894186812647039056e-08 5.677909437204727355e-07 5.927294734046195873e-08 1.390734405735287104e-08
8.676771673367276961e-08 9.188735300493319024e-08 9.983118396806309402e-08 4.830507185555355035e-08 5.140701532838733474e-08 5.313097459423520256e-08 3.091406672817563894e-08 2.060396249503529839e-08 1.069000505155064193e-08 7.980009693574605695e-09 7.316723812765448995e-09
8.142286156321274647e-07 7.092694120138383302e-07 5.312001688688792696e-07 3.574802056898428473e-07 2.036783435334437007e-07 1.046793557773673969e-07 4.449783667256961063e-08 3.590712481375208805e-08 2.647911867531716364e-08 3.444729693797843051e-08 2.140973714466457510e-08
2.792966895607665315e-06 1.910236727720804574e-06 1.561412060021442333e-06 9.341979809753686747e-07 6.016193895936806451e-07 1.948137990909950277e-07 7.854296873537243888e-08 4.257922061280383720e-08 5.691998478860826507e-08 1.320891927914360049e-08 7.288102674890435496e-09
4.622922367545890457e-06 2.445318726758838255e-06 1.606576263398827131e-06 7.465748049690222653e-07 4.462180121537953186e-07 1.942147347287266746e-07 1.289453278086451122e-07 5.959713630134425750e-08 2.834098575932448285e-08 1.688333604691126305e-08 1.118413380886267519e-08
2.769365462612852879e-06 2.049386503089215522e-06 1.244029011567656245e-06 8.741128879103127411e-07 3.850097145134819070e-07 1.951008250053803483e-07 1.284871301302124686e-07 1.320216681742886782e-07 3.262768391248675744e-08 1.601712469118823896e-08 5.155057595012792265e-09
2.077703893018615313e-06 1.175850942064460438e-06 9.355826918471446346e-07 6.192193287551521662e-07 3.760433488113292308e-07 2.224133857496353168e-07 1.300491355073414899e-07 6.629766392217884920e-08 4.010754419923728108e-08 2.309185921254008194e-08 1.226859646437262722e-08
2.536236898643341616e-06 1.336949950219726694e-06 6.740486881321065764e-07 4.124789589019236241e-07 2.772598762122215731e-07 1.483197729799422775e-07 9.859016637007014192e-08 5.789378095993996898e-08 2.876677681462174588e-07 1.586694461001477952e-08 7.136271166026593517e-09
1.586105096007376815e-06 1.195993572088699217e-06 8.730285147608669713e-07 5.578000788301758769e-07 3.862019884931977605e-07 2.635108445407588032e-07 1.308523302718615957e-07 7.562839609021590540e-08 4.968491112780306339e-08 2.915367326261820359e-08 1.569675998425930993e-08
3.767288232013674923e-06 2.162395422548903135e-06 1.351183069244442031e-06 9.537630544411662044e-07 4.971023839896728055e-07 2.429557033828464280e-07 1.589342750177672082e-07 8.018278583903016510e-08 3.868495815876514760e-08 2.182855524568490426e-08 1.155814226182493052e-08
2.994460659376148693e-06 2.087275288849796862e-06 1.172958696916521331e-06 6.909797959280373631e-07 5.625972141947811295e-07 1.994802874971766217e-07 1.027123511145350039e-07 6.563093912720063600e-08 4.139552747068356319e-08 4.647726243740164916e-07 2.369382131353572006e-08
4.454192108597960600e-06 2.557420047053167674e-06 1.303207520790577604e-06 8.271433778725090528e-07 4.425307615336013626e-07 2.130029618771884144e-07 9.112924718375853466e-08 4.955656447724998557e-08 9.515085283936954435e-08 1.085598219976146164e-08 2.833975701650168374e-08
2.507831879201374954e-06 2.090116383846117238e-06 1.761117445594965715e-06 5.453521791693180342e-07 2.425309746779749926e-07 1.743375907070153082e-07 1.168045096698562185e-07 7.932319351845351483e-08 5.520000660883844147e-08 6.250143079279156100e-08 1.625554499581038048e-08
6.710621537787574043e-06 4.769945231308213398e-06 3.257031481800415710e-06 2.193176618365033629e-06 1.078735899560754058e-06 2.878379378801937539e-07 9.454295545039383208e-08 4.034738053675900754e-08 2.144928768108602205e-08 1.161412207783962775e-08 5.967696328565880956e-09
5.356918239195803629e-06 2.775815299706787033e-06 1.886861351328510691e-06 1.346847570115618879e-06 7.395104668873031490e-07 2.857566011658794824e-07 1.419551026418368358e-07 6.907635402683953889e-08 3.666139308671817706e-08 2.312517114855557166e-08 1.721627288875062764e-08
2.925045218214482157e-06 1.762305623042326038e-06 1.339369498420094395e-06 1.634718684052606047e-06 6.912915010788703448e-07 3.129375182795851855e-07 1.246699484174064153e-07 6.119840576987613693e-08 3.576978390113127631e-08 2.290158190674653431e-08 7.911885705494687775e-09
1.456978546919156407e-06 9.995764853920155987e-07 6.151332069977754960e-07 4.107215078050082828e-07 2.778154204108197589e-07 1.422797157886077373e-07 9.967140560827681209e-08 6.462220659078734962e-08 3.745370027038036410e-08 2.297273703379443300e-08 1.213162063230011305e-08
2.073404314695496744e-06 9.218789405596787801e-07 8.494991547746610544e-07 5.911561371881302233e-07 3.832718254105516480e-07 2.426249316702655140e-07 1.481200960525001705e-07 8.754859455674486474e-08 4.322263666132478431e-08 2.382794020444897188e-08 1.230090678299695063e-08
4.336346855050170313e-06 2.429354563442617081e-06 1.835630344338857870e-06 7.635422807175444056e-07 4.569127567768430574e-07 2.156764212333796233e-07 1.147123196128229317e-07 6.922290956172378036e-08 4.121488757455040479e-08 1.991346515115569994e-08 9.768335480465575221e-09
3.743106103966113508e-06 2.450315651088211481e-06 1.403070016159395965e-06 6.394407858804637520e-07 3.319377974000105639e-07 1.646720573435071993e-07 1.051430832340939006e-07 6.224451676843324332e-08 3.853535610636087000e-08 2.221965884227749910e-08 1.339189780575731496e-08
5.041260819738626050e-07 5.845846084601477343e-07 5.806662418763632039e-07 3.419182841077839923e-07 2.396013680126245372e-07 1.392023283238950262e-07 8.659879584106510143e-08 5.851152010885821331e-08 3.234410777990159521e-08 1.915283434030496559e-08 9.780813191560956198e-09
1.708497365798641429e-06 1.371674984550853293e-06 9.527631036814313318e-07 5.554755366914025031e-07 3.142147241313470595e-07 1.998071736368220834e-07 1.096798701712281388e-07 6.100858051941653709e-08 2.421642665824387631e-07 2.089455718297282520e-08 1.591052898871915374e-08
3.284409506963349439e-06 2.702539371752969674e-06 1.959924240213141777e-06 9.335765019286671626e-07 4.381927424545130906e-07 2.431567111020412604e-07 1.108997675695350232e-07 4.853737950472040873e-08 2.817733598631063668e-08 1.560952500813067549e-08 9.054781995845616740e-09
1.969644621687310625e-06 1.206787275913948269e-06 8.106003422417942259e-07 5.130131887947559627e-07 3.866040340586278120e-07 2.005296344840775348e-07 1.141474617914816292e-07 6.656181005806886950e-08 1.403451941016095092e-07 1.640662128982933393e-08 7.999579097341152329e-09
3.666512659718869065e-06 2.120284232952960165e-06 1.277628371809181539e-06 8.621442840720035099e-07 4.253946580611847718e-07 2.245947463066848607e-07 1.538212746013824070e-07 8.411701891035040429e-08 4.323141709237435171e-08 2.638354717926758596e-08 1.763926009633101907e-08
4.386458310864701230e-06 3.642411293618219115e-06 1.909739036474286620e-06 9.049291826809735025e-07 4.236593970663788548e-07 2.244956139227749243e-07 1.185718503609263469e-07 6.998073920146596854e-08 3.193007607863955769e-08 1.873444694231608460e-08 7.614413757929748671e-09
2.678924938232864526e-06 2.677405432835892126e-06 2.089306078714350186e-06 1.404485173922022427e-06 6.264983435662405487e-07 2.253066334662542482e-07 9.580773772828262611e-08 5.139461868666373808e-08 5.825092368930360883e-08 2.163271321882390811e-08 1.639591262087336540e-08
1.380036990283866418e-06 1.140612245751198354e-06 6.913020416776498051e-07 5.443973151203774956e-07 3.198826299797363126e-07 2.752744557654723730e-07 1.547947778498760290e-07 8.984931939502140368e-08 5.300782977419519016e-08 1.952364719447249132e-08 9.291169900630864028e-09
2.221891232150126235e-06 2.923875843208861181e-06 1.387437158971391944e-06 5.250800686923687240e-07 3.007609901895630544e-07 1.569538914584917532e-07 9.261184874909541148e-08 5.318365824590595167e-08 2.978614835310359785e-08 1.627519183153552309e-08 5.654515330296615089e-09
3.464162098989947475e-06 2.362533360075442398e-06 1.106524033527222903e-06 7.071084125150707762e-07 6.503566598440934902e-07 1.967921529832804749e-07 1.181831415311216223e-07 7.263306920488776542e-08 4.388129195577273856e-08 1.945449292654379902e-08 7.334385862214231087e-09
2.983817455083373055e-06 1.927098318381483500e-06 1.571793134857968150e-06 6.630975526004731598e-07 3.295071962865300537e-07 2.164442777442336155e-07 1.060649982731895758e-07 6.445380898429310871e-08 3.572299875529976315e-08 5.615636886298601366e-08 5.543390347133700522e-07
3.994131709682539305e-06 2.687371833078183776e-06 2.202392905556816874e-06 5.751670332138113677e-06 1.501685388741493801e-06 4.032068236883870496e-07 1.195282627437554186e-07 5.549889350861868960e-08 2.748665147459687606e-08 1.381037339566232359e-08 6.736654001183573788e-09
1.948205724602604491e-06 8.541011222515997535e-07 5.074131552602402573e-07 3.470348856905614939e-07 2.951775145370595546e-07 2.073086037196094759e-07 1.168727192938774757e-07 7.054083662854299235e-08 4.362943971428208986e-08 2.638980932127380206e-08 1.287544154238089276e-08
2.998032614391454866e-06 2.750323940194819456e-06 2.160578968859701228e-06 1.352702691102961199e-06 1.042823238578032657e-06 5.750428924217062069e-07 9.845743058738139391e-08 5.514519813235628181e-08 7.833748774886576110e-08 2.119760982327535067e-08 6.288158150513088302e-09
4.609304448750666964e-06 3.827773325828838383e-06 2.988676453106263562e-06 2.181604473472757914e-06 1.343032876946673595e-06 6.193844162876511808e-07 1.657980946385383915e-07 5.265455007071338043e-08 2.449854005947942000e-08 1.430534380906801391e-08 8.327401837345331675e-09
6.287837680615527471e-06 4.258074467494492504e-06 2.687593879210152086e-06 1.651439071814660130e-06 7.798892336394442842e-07 2.297202381111788296e-07 8.841064086666554416e-08 4.699197290549055473e-08 2.115553217077211312e-08 8.888231871475999455e-09 4.128250748614740810e-09
3.854798232758497960e-06 1.860599773914144792e-06 8.433208272370263869e-07 6.361701647759840595e-07 3.213234088209428460e-07 1.904091225977482793e-07 1.085873973378425873e-07 7.002783209877700805e-08 4.114066589729040974e-08 1.989320050032464613e-08 7.364808469081061829e-09
6.095569213440490748e-06 3.317588736951027011e-06 2.035151893668335141e-06 1.183365002536938066e-06 5.957142948095746532e-07 2.196224001788180003e-07 9.569928784775298913e-08 3.615008369542355178e-08 2.080128065609893144e-08 2.286897842925043547e-07 5.232573703078821599e-07
5.031387931834819754e-06 3.803767262534768687e-06 2.488630194496491995e-06 1.437895237580035680e-06 7.866196246254231330e-07 3.824579262869433086e-07 1.820194081271717875e-07 7.899027124809801318e-08 3.920567712444981293e-08 1.716824748048336473e-08 6.401446246278885518e-09
3.489235572262871864e-06 4.262995310281063132e-06 3.778215807759766474e-06 1.836328617355629793e-06 6.862709461641381048e-07 2.155846391683981655e-07 6.133209060838284881e-08 3.318465659599372152e-08 2.272984024884097297e-08 8.063568260611699033e-09 3.641810972707842157e-09
2.988014403215229659e-06 2.031683272613194946e-06 1.415554869129716664e-06 7.782491019597485135e-07 3.921098882231596172e-07 2.578632943522174144e-07 1.477150554888372033e-07 8.054117244872468527e-08 5.111836605998956571e-08 2.951253082526751589e-08 1.845798252116152169e-08
2.338995579493713188e-06 1.476385722546205219e-06 1.193124903031752596e-06 4.013111076628793856e-07 2.878525557982477974e-07 1.559013621890497637e-07 9.638605506397126466e-08 7.520276644705926470e-08 4.404546358995881208e-08 3.280798867049778263e-08 2.419459040908206566e-07
3.863660199299087436e-06 3.374137109369145275e-06 1.704098608944988866e-06 1.038666533218940804e-06 3.564262627598540025e-07 1.617083172191636536e-07 9.999526876715250837e-08 6.292836666821648048e-08 3.660500204217174867e-08 2.042914231913987199e-08 1.129498512934518657e-08
4.267833071633120954e-06 4.171350359348285143e-06 3.792985763778902343e-06 2.523824791603384045e-06 1.509676891593388138e-06 7.008217684753348847e-07 1.514581684965871003e-07 5.501590488474584211e-08 3.269630230045411471e-08 1.876871054564253204e-08 1.334927937500562508e-08
4.875199189078909433e-06 9.576955152380936027e-06 1.374809321867185964e-06 8.715161128762086161e-07 5.670230429303606354e-07 4.326993997804152821e-07 1.715126847078457145e-07 7.270480571830189464e-08 3.764826026340868220e-08 1.839932264349914716e-08 1.031830300799523741e-08
1.106333565454457313e-06 7.348896953671538858e-07 6.186831603001050503e-07 5.039099253110419958e-07 3.378532939612865798e-07 2.218590905864612180e-07 1.414765810325248002e-07 9.054732198240279805e-08 5.699194879936779111e-08 3.424748729412075792e-08 1.695749621655074611e-08
3.407590073213170329e-06 2.177011264735807638e-06 1.450675906625742403e-06 9.134768652936362079e-07 5.900132824030874893e-07 2.588615116722358981e-07 1.586038092056092580e-07 4.851546948505913664e-08 1.947886045419732414e-08 1.012104736772198180e-08 5.329204568895150211e-09
1.925967535611017737e-06 1.714381934868377705e-06 1.452129666578995591e-06 1.013253325200503593e-06 5.606337912361156740e-07 4.174797240408973528e-07 1.284929068861408697e-07 6.376105935323799112e-08 2.958839584884845005e-08 1.477691422342538571e-08 9.236800016204055635e-09
1.548863583807904513e-06 8.712188900491221262e-07 6.929832850168717386e-07 4.539672456049346188e-07 2.422834573962619873e-07 1.541702668881821475e-07 8.562912887116567670e-08 6.041242663212646969e-08 3.761155981620446972e-08 2.993261657095909917e-08 3.349834576457920069e-08
2.504757618129437148e-06 2.034371596267680031e-06 1.800432832977427779e-06 1.595342916037449901e-06 8.636953830301081753e-07 3.492013830541705273e-07 1.213407152777552585e-07 6.688115625197120397e-08 3.756172020485981441e-08 1.697868163899141517e-08 6.307137862697647506e-09
2.408116598302946986e-06 1.032061900597196240e-06 7.493320578133918668e-07 4.958970021486904043e-07 3.250762203831802313e-07 1.987127649755375646e-07 1.358325401601831898e-07 7.232386117411532998e-08 3.427726943247479288e-08 1.737019839652294604e-08 8.406899349361762941e-09
9.684620375107413412e-07 1.002727467024985304e-06 8.122876835837503735e-07 5.354467514551639144e-07 3.647261628364525645e-07 1.928605408208730440e-07 1.307334135356325332e-07 8.276023689241726742e-08 6.198440580013500383e-08 2.103986941843820313e-08 1.170430969484431848e-08
3.094495571580023496e-06 1.135278889806570321e-06 7.576777324262123387e-07 4.468876078712895372e-07 2.865091206389797649e-07 1.797453897596968168e-07 9.883850926989317334e-08 4.778279811781253571e-08 2.181656148574741691e-08 6.557045209236356556e-08 1.951680370093270168e-07
3.964814732294531360e-06 1.739893503393815580e-06 1.133281987370693384e-06 6.401006922354826668e-07 2.966814731448564811e-07 1.836594063716782763e-07 1.082913570599364464e-07 7.387628114043196747e-08 3.515544210740204535e-08 2.077357559078257587e-08 9.777279496776232531e-09
2.242922612161479653e-06 1.699876881437384005e-06 1.020528905946653490e-06 5.764670703478129954e-07 4.235129663660088899e-07 2.191777381531108218e-07 1.342753917562305837e-07 8.176645943698952840e-08 5.075364461586023691e-08 2.302275660073913775e-08 9.647037073226893804e-09
1.539502342413501646e-06 7.792514147869389644e-07 7.336063839292662122e-07 4.243565330675592878e-07 3.124252581493096240e-07 2.084653729108357375e-07 1.368581791284678273e-07 7.231653750602699820e-08 3.578941397727248807e-08 2.030138544977972070e-08 9.387637154927981833e-09
6.047441000807138940e-06 3.801227012161298650e-06 2.418120775667815872e-06 1.391986337852484941e-06 5.672438458368842887e-07 2.203248793213460298e-07 1.223266799207416826e-07 5.503147843909625345e-08 3.047234404432925121e-08 1.887563463026414217e-08 1.036494460329610071e-08
2.599828833506529047e-06 1.447912729907417555e-06 1.042015482406430739e-06 6.536647124317982171e-07 3.395814228211376651e-07 2.168352315134972203e-07 1.210412812719102206e-07 8.813947202401524775e-08 5.124106385245391075e-08 3.047098943915836817e-08 1.997376512251080745e-08
1.225960162371670122e-06 9.579493889291339204e-07 8.177697030258801697e-07 5.833214087096800271e-07 3.557960116422026776e-07 2.371652959875030429e-07 1.488916446830504786e-07 8.885638590551476746e-08 4.705084318863815670e-08 2.341981906984838739e-08 1.385087072068404617e-08
4.105977658152571180e-06 3.412819896545242232e-06 2.177354344487785608e-06 1.147109373476308869e-06 5.243810502434818293e-07 2.658196712922638000e-07 1.398073921089207823e-07 6.316405270886370110e-08 2.978040558078347890e-08 1.089463048305029893e-08 3.046649351736052569e-09
1.528450837596631503e-06 8.342728744500945295e-07 7.309099910613523884e-07 3.791733128594361799e-07 3.027457243886265327e-07 1.919877541287431774e-07 1.254531233054888394e-07 7.816378718509949533e-08 4.398014667604504090e-08 1.560095852761248681e-08 7.316821947892760461e-09
2.572483665252777367e-06 1.486462368137983730e-06 8.446984147337698232e-07 4.120919068027617230e-07 3.723072701296626123e-07 2.497111001961453522e-07 1.706630679161624849e-07 2.378440720139920234e-07 3.278515864450199239e-08 1.395450843866851354e-08 7.640439061639209846e-09
3.461246131034473124e-06 1.844775272081962065e-06 9.259719434682017827e-07 5.948301125524522219e-07 3.310876593853339360e-07 2.102644967582077870e-07 1.579518044325233332e-07 1.016570149677479332e-07 7.179595577526588251e-08 3.102090405625606987e-08 1.686432812965221642e-08
9.088980020648927270e-07 6.783304371906573857e-07 4.388241748451921413e-07 3.112721110585369534e-07 2.804399878082195097e-07 3.268255563168762384e-07 5.528425237066217906e-07 1.485125118170185208e-07 7.444254577045974359e-08 1.073856014956994449e-08 3.379423126284928780e-08
2.362445216131504981e-06 1.258285124956631937e-06 8.782210634454893320e-07 5.080796530860186767e-07 4.319302531030373709e-07 2.696355494446017426e-07 7.314899888099477309e-07 1.370298641760379705e-07 4.910826079735857655e-08 3.920724838813368522e-08 3.949440958223276364e-08
1.886525543572129540e-06 1.207667418795636329e-06 8.648336931335703179e-07 5.546063462416729997e-07 3.235263831159676458e-07 2.018607405003943949e-07 1.285297171331243361e-07 7.855473979711690905e-08 3.918576839258283350e-08 2.098529494009084232e-08 1.276156392300974300e-08
5.804634413835253768e-06 4.266018318738309558e-06 2.729908298245214488e-06 1.607818890420387114e-06 6.214187386127360008e-07 1.999547210712473160e-07 8.057702945382710441e-08 3.741983642432441822e-08 1.858967728689681496e-08 9.502192576226580879e-09 5.052258631853291940e-09
1.983226986516681393e-06 1.108263190021884714e-06 6.365168640432385349e-07 3.938939930010714116e-07 2.275350927451801952e-07 1.351167760124463679e-07 8.154514268252818269e-08 5.427401401679672751e-08 3.351616087667851662e-08 1.933153762681438189e-08 8.712811904338555292e-09
3.044544638855289149e-06 2.220182597484353149e-06 1.363771689034729490e-06 7.276189396847993662e-07 3.692776107608130875e-07 2.183413432229548308e-07 1.082143551788105836e-07 6.726000020095811155e-08 3.874293215019076335e-08 2.003761869726951291e-08 1.145404442383928615e-08
2.660850666146018939e-06 2.372297745439435935e-06 1.177239292319730954e-06 1.499804672706722393e-06 5.756215740369717780e-07 2.207672907691271720e-07 1.066972391245587087e-07 9.241282344706688955e-08 4.552636900175756888e-08 2.484342618944436777e-08 1.103635787822318854e-08
3.041095767260915779e-06 2.100385971488949636e-06 1.601279150076274883e-06 8.934065316726185602e-07 4.499548483275914607e-07 2.631236276335621333e-07 1.074908503683165719e-07 6.288010380478356025e-08 4.423526861747263697e-08 3.015207876406546390e-08 2.955195504407176389e-08
2.359853462038035601e-06 1.895650604476422447e-06 1.612139948326558364e-06 9.769278897810556111e-07 2.974609658479398793e-07 2.735415110825159131e-07 2.060545033442905951e-07 1.113941581537103035e-07 7.222217779074755824e-08 5.067257961889430555e-08 3.910958284566930684e-08
5.800383225894305865e-06 4.361989310341950050e-06 2.342543535693675167e-06 1.423565105683542419e-06 6.700718214860299459e-07 3.198685494419042840e-07 1.540056433186720967e-07 8.472151310363834848e-08 3.167262963670599692e-08 1.381895717612175984e-08 7.014478302679410299e-09
4.514679190522820344e-06 2.800301870201124488e-06 2.014041959034467848e-06 1.341229282411599874e-06 8.093503523896026882e-07 3.014955626624968551e-07 9.527722243845928433e-08 5.640800403705786271e-08 3.500435408106122576e-08 2.266750304528950367e-08 2.298430235113129072e-08
2.586556975960578806e-06 2.346759431670347836e-06 1.360210540537447939e-06 9.009894535000636857e-07 5.246812758684767278e-07 2.487158313156075310e-07 1.251042351811350430e-07 6.910825352784256084e-08 7.701235060002380717e-08 2.369751886408345915e-08 1.286058224703828990e-08
2.207935319553115026e-06 1.613046307189762067e-06 1.419484348696488404e-06 6.720149128979752799e-07 3.342128982619247725e-07 1.901826865413654668e-07 1.063468738743426876e-07 4.891681536861705668e-08 5.356597821640098086e-08 1.197510425062386525e-08 5.619428795125695895e-09
2.539841518819745634e-06 1.653753519454411579e-06 9.659710261936057678e-07 5.338632732865197521e-07 2.609744118700134806e-07 1.831511785017927542e-07 1.182808960405249468e-07 8.047338478299523019e-08 5.938457512906132382e-08 5.026871734787063866e-08 1.056880411512798624e-07
3.335639412224326208e-06 1.848292561084854875e-06 1.117371717817841321e-06 8.089981632968554132e-07 5.097959409949385203e-07 3.146489324372912068e-07 1.498251965952225751e-07 6.270770252624862547e-08 3.721727929081336491e-08 1.793879256529390306e-08 2.054597924805449931e-08
1.174094530516354006e-06 1.021132761511151980e-06 7.375939928209064852e-07 5.139826346522374715e-07 2.926977769905859202e-07 1.269210668061178446e-07 6.236459875456929598e-08 4.042366410366457455e-08 2.791978849271904535e-08 2.268428571830674765e-08 2.781597321962000659e-08
4.002920229680407845e-06 2.975196381276291362e-06 1.581550347649328058e-06 6.665308984997214357e-07 3.929832031853977123e-07 2.133073437014904447e-07 1.258089190012727290e-07 6.861987556168561118e-08 3.169014923505132429e-08 1.708036463004428031e-08 1.069464118391084467e-08
5.114665843900576654e-06 3.423665125913076479e-06 2.513326145224253679e-06 1.605556628861968609e-06 9.725677236091690806e-07 4.314177541872873358e-07 2.704139101199414466e-07 8.466442540808941238e-08 3.278203572892034696e-08 2.060542807458123346e-08 1.079946388616683388e-08
3.339106647858721162e-06 1.335844633497578070e-06 6.939466622357308622e-07 4.757627091637569325e-07 2.716633297572289701e-07 1.931374637552440131e-07 1.180082121698078796e-07 7.431270206186202171e-08 4.955117077311447246e-08 2.763709591090653888e-08 1.356648995516778311e-08
2.104480770432253456e-06 1.297225239780771059e-06 1.161864026001061751e-06 5.786974889950220510e-07 3.852899835544399432e-07 2.057961346147245083e-07 1.180995465936609342e-07 8.030561446834487903e-08 4.692639515783572530e-08 2.668756132089188362e-08 3.056798365912697695e-08
1.829058614197962396e-06 1.259247231675645006e-06 8.336910077278882832e-07 4.840676688663250530e-07 2.186740137849109263e-07 1.790721203640007514e-07 1.287009031650933663e-07 8.589500950164842926e-08 5.730731024081834686e-08 2.994874589548976373e-08 1.658074917537706407e-08
1.105143786420975405e-06 8.737466724976048541e-07 5.169440661315068954e-07 3.374122056189771149e-07 2.437335871357395325e-07 1.667037869317999544e-07 1.467307640958052064e-07 2.882785350352910627e-07 4.732957040536029217e-08 2.188340112178245010e-08 1.475883425035942911e-08
1.357332008576215309e-06 9.007162875026217399e-07 6.059964619492691625e-07 3.873858046313618972e-07 2.981421300559056491e-07 2.092595138388230698e-07 1.300017833786353827e-07 8.473112879870928808e-08 4.675218697925229596e-08 4.272498062075632154e-08 7.459228030983802515e-09
4.088082036489457496e-06 2.391686429888859978e-06 1.579181624815648786e-06 9.156693081975074608e-07 4.336928611084188572e-07 2.449599225334945692e-07 1.646025830484086784e-07 1.361498737601580990e-07 4.829285932091044184e-08 1.540616167955271337e-08 7.512319793837159404e-09
3.912851688113004707e-06 2.244925687720045765e-06 1.192493969034937413e-06 9.828484671547443307e-07 7.416634219764400011e-07 2.255376994810284599e-07 1.446118496633920813e-07 7.375445496382415852e-08 3.929315168525225997e-08 2.146329239961204791e-08 7.744947454242369306e-09
3.351551149072856643e-06 2.254779672164461134e-06 1.425105099038981823e-06 6.408287336360190520e-07 2.979125547081047198e-07 1.801050361167161459e-07 9.703272095666779270e-08 5.264315857364493172e-08 3.944249146173072678e-08 2.832466932740256734e-08 1.379416125154076311e-08
2.588166734474879577e-06 2.043138494370682853e-06 1.624689092912033316e-06 1.254251620900109565e-06 6.751826717099316014e-07 3.038095174477982747e-07 1.215743551903131539e-07 5.849118843020045478e-08 3.229225444395146490e-08 2.369128817231537604e-08 2.619640250347241260e-09
1.399681329500563491e-06 1.627797352368974150e-06 9.385870015394286602e-07 5.214817206690222772e-07 9.127631861707899450e-07 3.113841991715858578e-07 1.319676396674662455e-07 8.438370601016028132e-08 4.284644177998190876e-08 1.842320338488943936e-08 8.014164808291899420e-09
3.478887202787511737e-06 1.916539164658405453e-06 1.566673608859380727e-06 8.491866003090708320e-07 5.786835415791929483e-07 3.309762820437858619e-07 1.158137544812176434e-07 1.415468186344760825e-07 3.201462700146231903e-08 1.325564541800422710e-08 6.097137258654582973e-09
1.702760223790976357e-06 1.233891688602837241e-06 6.469027485569035345e-07 4.598073180727933742e-07 2.785339639781477408e-07 1.807226962293056414e-07 1.049981346370100903e-07 6.409425462688859421e-08 3.742843430528395747e-08 2.588097066038497467e-08 1.230495262809445641e-08
1.625100122441931320e-06 9.466050036727247992e-07 8.002351247818345103e-07 5.213403081144937485e-07 2.687665066336910982e-07 2.001451999494844712e-07 1.081279622409891271e-07 5.314050700379911237e-08 3.921910323805850898e-08 2.512459915312895502e-08 1.624223967880109080e-08
2.152689002238958762e-07 3.375253030276843062e-07 3.232728768931039287e-07 4.799332347806594608e-07 3.221657501687158547e-07 1.903137464253955082e-07 1.062858564352156497e-07 1.425404873867373742e-07 7.000641719196744658e-08 6.002765517411359699e-08 2.606621911063896408e-08
5.762618955126572069e-07 4.888871156907224889e-07 4.306527445541348927e-07 3.154775839306688055e-07 2.374180472382874946e-07 1.869495640748364426e-07 1.308166460540614137e-07 8.971203776028427123e-08 6.008802618098263485e-08 3.610513390587857347e-08 1.390050552626260500e-08
4.505101145182992672e-06 3.275948215818124493e-06 2.514553485026458943e-06 1.581130132763433363e-06 6.886280072864611590e-07 2.334207546809392795e-07 1.298845617521681924e-07 6.489868105489689208e-08 3.767207928005119808e-08 2.158093181342990383e-08 1.170488954027639094e-08
3.482539871624393735e-06 1.752512038822714415e-06 1.326754227034754423e-06 8.238993510121024472e-07 3.745743882906919476e-07 2.424355151326724931e-07 1.234492355523696018e-07 6.837044201356726889e-08 4.111959253921487037e-08 2.210806442342555231e-08 1.277774951579141214e-08
1.754616606122882664e-06 1.283632814235286804e-06 7.794946155164303359e-07 3.699174616585517261e-07 2.489591726152311461e-07 1.423091802264229432e-07 1.647119770293399727e-07 2.331970518570924892e-07 3.766865874930565612e-06 4.130038966793934573e-08 1.153991839428590736e-08
1.497554553318185238e-06 1.001026366071025153e-06 9.039268115047915027e-07 5.427978578097024832e-07 2.878393613276488348e-07 1.089702416053945199e-06 3.266455736898603839e-07 1.537520914335292221e-07 5.821816329784813897e-08 1.108878258156890329e-08 2.360726175444250992e-08
2.130458469657671729e-06 1.315629753814243230e-06 4.796589769769353887e-07 2.693212486785327423e-07 2.306688024419496134e-07 1.978790765340838721e-07 1.339986302466314722e-07 1.228104600027574101e-07 6.540520781163895309e-08 5.584033852718248581e-07 1.996951725640063287e-08
2.902959492688111785e-06 1.297419085587225016e-06 8.350599079325450472e-07 4.023669559627627292e-07 4.478099744873703661e-07 1.766792112028813194e-07 1.124373609570550611e-07 7.073147386098908075e-08 4.017648860578073067e-08 2.223427746709158206e-08 1.056579660014384651e-08
3.476965144527492838e-06 2.186388490267466225e-06 1.465684686917402047e-06 9.114088631892959138e-07 4.739169465029552308e-07 1.797043311924164135e-07 1.590050426844491356e-07 4.289880899483407297e-08 2.139061259617757360e-08 1.462296477744907128e-08 6.680200649212970269e-07
4.362571913082601414e-06 2.672471643231656714e-06 1.717684068166524241e-06 1.143384792132719929e-06 6.472585122962209634e-07 3.220348000057983910e-07 1.858636768912928194e-07 9.588920638975216412e-08 5.935868592399266465e-08 3.702664299860466540e-08 2.400668719923152014e-08
3.915844137810914796e-06 2.506205218419870325e-06 1.707794171090622689e-06 1.328028179515976128e-06 8.495460889127688227e-07 5.355785855976552619e-07 2.674211105938511447e-07 9.466292540043821190e-08 2.774847259099615209e-08 1.147779459058939214e-08 4.866681921119173572e-09
6.073394084479553085e-06 3.227992231233542371e-06 1.434303300511822708e-06 5.839983391591158256e-07 3.033947101615747158e-07 2.624162402646214663e-07 1.533464307764287809e-07 1.030693310999071036e-07 8.907212423175377793e-08 5.787703691253408541e-08 1.408149328857066573e-08
3.064184086278605553e-06 2.606684182792634766e-06 2.133255451042403576e-06 1.147211090036804849e-06 4.650206687578359364e-07 1.745958887339781110e-07 9.520107348672080828e-08 5.680910193181731076e-08 2.702497369349626466e-08 1.080408512001351348e-08 5.790859602464967904e-09
3.471125501879817112e-06 2.630364664297336498e-06 1.884388546031296035e-06 1.280998133582880852e-06 6.694291513877524897e-07 2.388682364633623603e-07 1.036386681489329884e-07 4.306257238144591788e-08 2.336453800200829137e-08 1.489531930481485414e-08 1.050008631006176121e-08
4.444963622314460316e-06 2.923329613979509097e-06 1.853999973088452011e-06 9.118624212306855666e-07 3.730032590541779030e-07 1.963618311180351967e-07 1.264672560383625910e-07 6.766455261991853932e-08 3.297087077431452302e-08 2.307541616931422655e-08 1.884462684014452218e-08
5.760212831763673881e-06 4.548054484272938770e-06 2.975010608502290794e-06 1.732535146926037136e-06 9.342004400771800495e-07 3.154308520361515579e-07 1.238203149702585664e-07 6.556829356799979291e-08 4.266597356551352129e-08 3.075771633566474950e-08 8.638639269400909598e-09
1.953220928229279425e-06 1.021800611880849147e-06 8.629948214704907954e-07 5.324958699393711128e-07 3.650032981058236362e-07 2.854434651836267537e-07 1.823586648593744529e-07 1.067769869557983761e-07 6.176114968790496114e-08 2.771283306858581393e-08 1.024190129050050230e-08
3.031067624510377538e-06 1.879923422516198224e-06 1.119860007492624776e-06 6.490751114911951334e-07 3.416332436770177454e-07 1.811553751792837020e-07 1.144490935994923474e-07 7.513892153687784434e-08 4.024499805171013728e-08 1.726209839788075095e-08 2.207252923620659273e-08
4.691584699800552629e-06 3.140112309698304004e-06 2.066958747473467524e-06 1.025471451895568206e-06 3.749079766125877569e-07 1.852011316973646249e-07 8.279292872084831414e-08 5.501432732179086780e-08 3.637815535131050452e-08 2.036164418398424448e-08 1.195584368766128210e-08
2.512652194755802107e-06 1.133772763789647138e-06 8.916955036533311929e-07 5.357372673520447771e-07 2.845815675399152030e-07 1.660026206250677572e-07 9.353240458781243993e-08 5.400065685849039580e-08 2.911073755829366020e-08 1.792598955202751926e-08 7.623745080111816069e-09
8.883463025411107621e-07 9.327219618833838128e-07 5.109904875323025741e-07 4.201751040815574364e-07 2.899847275307872685e-07 1.932251998846223557e-07 1.010982351032938831e-07 5.249679757995677039e-08 2.923090422072505796e-08 1.845119326512195726e-08 1.127745046977038376e-08
8.939665303302675325e-07 9.148416375580206078e-07 5.157549712329228661e-07 4.055132022177592049e-07 3.133196877145418853e-07 2.653565062560534738e-07 1.685985367969441014e-07 9.889635764602568830e-08 4.981910014899179483e-08 2.992747599211712768e-08 9.500369070729971728e-08
5.485268667484465336e-06 3.433582388907995284e-06 2.394070633553920336e-06 1.522407021331757585e-06 7.152525026322941330e-07 3.063830419856294952e-07 1.038343282005757878e-07 4.766102023785142971e-08 3.216388568072085611e-08 2.052830362557407973e-08 1.293586451869673094e-08
5.478272686740162743e-06 2.704371612112839016e-06 1.906990593684054688e-06 1.294851317503034223e-06 7.550419222613668395e-07 3.650705916233236041e-07 1.728447225490918950e-07 1.031582761462446571e-07 5.451153427831102735e-08 2.640238020819382206e-08 1.523214816313297164e-08
3.022498666297506662e-06 2.129862011936465310e-06 1.590166495122575139e-06 5.140758776059801734e-06 1.300437604782250498e-06 3.739207056817987020e-07 1.836924270923231652e-07 6.141234093366534310e-08 3.520740089400875989e-08 1.819971339320575895e-08 8.161750474225166699e-09
2.459575499040812042e-06 1.628970585539843014e-06 9.938268061435487452e-07 5.931267882859278958e-07 3.519726133315600328e-07 2.183093328404447113e-07 1.220524339502319433e-07 7.025576809747251104e-08 2.963964743849141662e-08 1.200181582492027978e-08 5.776677122386142625e-09
2.385455584185339381e-06 1.353381849339552159e-06 9.327617790440595210e-07 5.307009574757403279e-07 3.035879968364178415e-07 1.747670825228370148e-07 1.088649485734421117e-07 6.481107968140729368e-08 3.663259817605674316e-08 1.679720331965654279e-08 6.268563034783897915e-09
5.494442063155837205e-06 4.274338740558828524e-06 2.972838803514031668e-06 1.616884919417228061e-06 8.589272306347098846e-07 3.010262123112313640e-07 9.697154491013129349e-08 5.529759106715349525e-08 2.867650280321490656e-08 1.766625646543851949e-08 1.413540549159366691e-08
1.500427145707162360e-06 1.252967192113075624e-06 8.139813241247024922e-07 4.560000005107728384e-07 3.301194550882920962e-07 1.882782224035770780e-07 1.259164431974734692e-07 6.731693950375273855e-08 4.044958345314027072e-08 1.857952966312493241e-08 1.134659843079901296e-08
2.633780096987841052e-06 1.617664886200313217e-06 1.051542025961491336e-06 5.589711924120304600e-07 3.271645668718771836e-07 1.743306780270850409e-07 1.150956775688370129e-07 6.681809874544105432e-08 4.472605816882228717e-08 2.115889668801536680e-08 2.496605153720520245e-08
2.051656920258687873e-06 1.534856570604019955e-06 8.646291515856919672e-07 5.383098232279513369e-07 3.798964284455803253e-07 2.171682865905415055e-07 1.120759464974772265e-07 8.338402514713230841e-08 3.947179194775627593e-08 2.131554765131988842e-08 9.275380943251048446e-09
4.685389157948936532e-06 3.236928158573541841e-06 1.729890370522450722e-06 5.203564733104592799e-07 2.271281289535735803e-07 1.235132432039690115e-07 7.938309397897118985e-08 4.799867363118640354e-08 2.411480178287122453e-08 2.385737635187013279e-08 9.245114755348702457e-09
3.175187932062198432e-06 2.430349597518200432e-06 1.719792701965608587e-06 9.375197555147853372e-07 5.229741345151842764e-07 2.682739288618741962e-07 9.152114251520613748e-08 6.409093610137742359e-08 4.291989846445542597e-08 2.260804123292396179e-08 1.969389264492186929e-08
3.500254533633666511e-06 2.273883751073693539e-06 1.280421081199044250e-06 5.695880420164565249e-07 3.668301345339734540e-07 3.261230284665359903e-07 1.779413298495905573e-07 1.117697337176938470e-07 6.325755948297563030e-08 4.002935287044671835e-08 1.628838031708656745e-08
4.871619738591085318e-06 3.559413037296292475e-06 2.763589634058358858e-06 1.753645333809792132e-06 6.725340460260346829e-07 1.403924855136094819e-07 8.401265473263654348e-08 4.863228392311156312e-08 2.799361790293028867e-08 1.422476053435317124e-08 1.340036462706053013e-08
3.259803899192273901e-06 2.084342394238524416e-06 1.346234073490987687e-06 6.604528044186362620e-07 3.054073353773271853e-07 1.900889736376950909e-07 1.014570127129582696e-07 5.441943236705488974e-08 3.453175931004989254e-08 2.286238846700800014e-08 9.387950880749049085e-09
2.818744526766937254e-06 1.803745567788278508e-06 9.111127814069402906e-07 4.605578156373034646e-07 2.582604592969511780e-07 1.665179576172632021e-07 9.359703932648805225e-08 5.267792335590572364e-08 3.139849159699250912e-08 1.892743234440942309e-08 9.626146048786037052e-09
4.629529241663299620e-06 2.956536848958875420e-06 2.226146864075149946e-06 1.163438657577701133e-06 5.270286264789407714e-07 2.682316721525139904e-07 1.098061223476633926e-07 5.096108767956182160e-08 2.630384587085779241e-08 1.747116474096570555e-08 8.566747665761646664e-09
1.228018431686904737e-06 8.817327823422440609e-07 5.791408468376854438e-07 4.735055249986408057e-07 3.661028961829672686e-07 2.255976123325738035e-07 1.533279861445057634e-07 1.186871613561691464e-07 8.019678461199187645e-08 3.842521889585048512e-08 2.636727409222178924e-08
4.761315211651776461e-06 2.567905565959860888e-06 1.692137456952959916e-06 9.611411322301298713e-07 4.874848646297286930e-07 2.076417415334727993e-07 1.096359862366428260e-07 6.254972834309476526e-08 2.503289435604623877e-08 6.035894771049020154e-08 1.395644617160733582e-08
2.532472091843831990e-06 1.693796345296096423e-06 1.364721906995632053e-06 7.069317053957104818e-07 4.803178747651626795e-07 2.824170367948645108e-07 1.412442764335209776e-07 1.028750954996358308e-07 7.822844449086557206e-08 3.846167670129103545e-08 2.141377986194268067e-08
3.064436747923331387e-06 2.095583401394896637e-06 1.008551203072175980e-06 5.656596651969971524e-07 3.239512736365148175e-07 1.818915879790376678e-07 1.294684238059503447e-07 8.494598306328981508e-08 5.425182530725583038e-08 2.720332327803725719e-08 1.146780005247274938e-08
1.751716945272912163e-06 9.728795192406788691e-07 6.634381842250570714e-07 4.540971382542056161e-07 3.304460587339691813e-07 2.004205393659744687e-07 1.549979273258024311e-07 1.199081660309910668e-07 2.412709463287545829e-08 1.164287721553594844e-08 4.517028572128074019e-09
3.432233952910300656e-06 2.255478290913002059e-06 1.398329683704980456e-06 9.671018527754975927e-07 8.771038881684636906e-07 3.817533645596907453e-07 2.053401459802512527e-07 8.783382759934894486e-08 5.274846451728374145e-08 1.825552315248908657e-08 4.474334439069974000e-08
1.864953819652350912e-06 1.028327377721580868e-06 7.640794264020292917e-07 5.023636265549590771e-07 3.426492487030682493e-07 2.377965225449204436e-07 1.403195125042186280e-07 8.969280565100456415e-08 4.161281887121574287e-08 1.824121095947585810e-08 1.082729093135388476e-07
2.722064658135971731e-06 1.677559590125711326e-06 9.502627192765457788e-07 4.142264514647428520e-07 2.216743154425929342e-07 1.661228151402621464e-07 8.880634180213619164e-08 5.782980373760850868e-08 3.027568009493366253e-08 1.556874644888714236e-08 8.762297697014407298e-09
3.674979403921185918e-06 2.603176729241789036e-06 1.674160208598336309e-06 1.411116788879595906e-06 8.646093933378569112e-07 3.400288368838669369e-07 9.042354101938823230e-08 5.421661165227607793e-08 3.225984097279679372e-08 3.558694245916039529e-08 5.765744088352679073e-07
4.691032166263519217e-06 2.604135648754540668e-06 1.795783040145117410e-06 1.236623399563311016e-06 5.776398643738967137e-07 1.887132664127533741e-07 7.573631014717308325e-08 5.060894615729951350e-08 3.457734597349094947e-08 2.654070989342626107e-08 2.453935529333243590e-08
6.247910445857556928e-06 4.927303999826521228e-06 3.074852122362846207e-06 2.013725699291547082e-06 1.148699168561932095e-06 5.819823754277161822e-07 3.103685824492004553e-07 1.161267138461439425e-07 5.194806626499903953e-08 2.908499217955038419e-08 1.990511230807238244e-08
2.578579646391035975e-06 2.543285553953002560e-06 1.370404508340392138e-06 7.894096861417062812e-07 3.767307932395557708e-07 2.263623505818431025e-07 1.188638376062310252e-07 6.146349284933208306e-08 3.618326051728161532e-08 2.140908071608535510e-08 1.508985737340241007e-08
5.406996200243098294e-06 4.111222512403153852e-06 2.831353175558204223e-06 1.687937798284876098e-06 1.058038172586776413e-06 1.796200385464974154e-06 1.598708091205873274e-07 4.295786961041621368e-08 2.026885958289108851e-08 9.111879994550971468e-09 4.310487001605119107e-09
8.751703067064957744e-08 1.398450199646111080e-07 5.880883088130859815e-08 9.715723567788237999e-08 6.837490284175654445e-08 4.938651998808029095e-08 5.713207010063513161e-08 4.718532855051193878e-08 3.940375669912339389e-08 4.246442350142630747e-08 3.733585146936133095e-08
3.139637016975064515e-06 1.675057647505189991e-06 7.486686600917796755e-07 5.251178915019258429e-07 2.771232225147222523e-07 1.709794788714161394e-07 9.801428861867828358e-08 5.956786977915592467e-08 3.182753777056708119e-08 1.805654163871722117e-08 1.138140714507751043e-08
4.738088607222939357e-06 3.056345947190964197e-06 1.950662810059705447e-06 1.326249187962435174e-06 8.021317972943291828e-07 2.620519154448112581e-07 1.416767740123651783e-07 7.223829416453926928e-08 3.697007458944188665e-08 2.034467136391641862e-08 1.385615323414817892e-08
3.807569389980229303e-06 2.963965975343438662e-06 2.572416780203951155e-06 1.817582854839850985e-06 5.158491837307200815e-07 2.021586463449905805e-07 9.794494940688939706e-08 5.654246536643163808e-08 3.497378969604489893e-08 1.994956837610631695e-08 1.313677651862066476e-08
2.432588437935687328e-06 2.062161471134549093e-06 1.348579851060798713e-06 1.136183244901797031e-06 1.178948424885688943e-06 4.955607363053188970e-07 1.563369490881081083e-07 6.510695976567249330e-08 7.826059974372799144e-08 4.571806245244824389e-07 8.017553371946541070e-09
3.312031764947068212e-06 1.285328711669546794e-06 7.188626555488088085e-07 4.519610000632326569e-07 2.380143259662805922e-07 1.694633208320663081e-07 1.091613178966524871e-07 6.088475006686545448e-08 2.891784636080150089e-08 1.246617309081321748e-08 7.612304221452015939e-09
2.596418220463893535e-06 1.467085905095133141e-06 1.127629488404665797e-06 4.879231537513091651e-07 3.151102845356563221e-07 1.712949261991085368e-07 1.043186087573824144e-07 6.648125119160121722e-08 3.264382021681189995e-08 2.243121483309643579e-08 8.828810816813764562e-09
3.855211541122230449e-06 2.981927475354540059e-06 1.913500403554797959e-06 1.367065071764125401e-06 6.063991654851937788e-07 1.608427903833204579e-07 7.709809196579133973e-08 4.528231553071354809e-08 2.313509279037246620e-08 1.469900808192371049e-08 7.031444428643373290e-09
2.176078749384988865e-06 1.304976260102728647e-06 8.557998034281091395e-07 5.348791943866905221e-07 3.822611636806655847e-07 2.376497214938594175e-07 1.437957422543312938e-07 8.660718564818154567e-08 4.416973518967514426e-08 1.780094856292502566e-08 2.221261394968331255e-08
1.352669425776097889e-06 8.624263716766165277e-07 5.757496719063265521e-07 4.936383688215849816e-07 2.948920774406465826e-07 1.944008277552229428e-07 1.405935408595313887e-07 9.537592985441397951e-08 4.062838562441937959e-08 2.219723864701811413e-08 1.169684028359574700e-08
4.967322428302054814e-06 3.262852714807338359e-06 2.058347533251801511e-06 9.395565780286983281e-07 3.853878929311690095e-07 1.747510967019342761e-07 7.994332882534869394e-08 5.778358156035805945e-08 3.594925711314459549e-08 2.446036061211292299e-08 1.461518280896058044e-08
3.203328884639592097e-06 1.629113594908286527e-06 9.667702620040650350e-07 6.125703719442837194e-07 3.338139118701993466e-07 2.720668523295325990e-07 6.699089532441366090e-07 6.774576388265136147e-08 3.024365482677165934e-08 1.258085243491856389e-08 3.198472662359044370e-08
3.452779856121038029e-06 1.541673134757758375e-06 8.739644473489376679e-07 4.476945715974900714e-07 3.159927548855807784e-07 1.994899432211777461e-07 1.247952659141439320e-07 8.731139964755415857e-08 6.230838233382676261e-08 4.896496460384682728e-08 3.930768075439313338e-08
2.569979267101935574e-06 2.437631291632720769e-06 2.193243673823597187e-06 1.276382711574187580e-06 7.035412632840205111e-07 3.800886633174339397e-07 1.074872094159101628e-07 4.647342997423492540e-08 2.059789879211230781e-08 1.162886839649973942e-08 5.163061105346697880e-09
2.186744232606335093e-06 1.756180815762202159e-06 1.695642988967929955e-06 6.279106429339506130e-07 4.290345849912581767e-07 5.954525639257037078e-07 8.008751719119141503e-07 7.071311838479682136e-08 2.791383405598568593e-08 1.453789831056868640e-08 6.182845468377578585e-09
5.447473916963065210e-06 4.409520991670587835e-06 3.150899845263347571e-06 1.838025541188726378e-06 8.338450748221554741e-07 1.730297654383511997e-07 6.689297367651728414e-08 3.697662558957567200e-08 2.069018181461434287e-08 1.145276380269912759e-08 5.362733159627171255e-09
3.452554686460019716e-06 3.049127209075080657e-06 2.204453924122218771e-06 1.535327268882238562e-06 8.929402394156615341e-07 4.100843591934317922e-07 1.912971573421565596e-07 1.148510934677433531e-07 4.349223503422635353e-08 3.574404626252781714e-08 1.977122555409568596e-08
5.452384277386298819e-06 3.745000974840264807e-06 2.526946335467965320e-06 1.289469595072939521e-06 7.458652107874746027e-07 3.295888581909531110e-07 1.646413082035278333e-07 7.750382285301814149e-08 4.085478401368434155e-08 2.609185112546200246e-08 2.058676144369408972e-08
2.720383135743588785e-06 1.716533277068953678e-06 1.018207537195102362e-06 5.908601643049035359e-07 3.465107651453270504e-07 2.890100728665477012e-07 1.398371576502128483e-07 7.050232650341021896e-08 4.013433995586561607e-08 1.644831288532467733e-07 7.254681744800722092e-09
1.104329956331085263e-06 9.718622873722354642e-07 7.171272857671759132e-07 4.615955620964024598e-07 5.426307251446293590e-07 1.464540804204008218e-06 4.120459460128764876e-07 6.515036362828701053e-08 2.691625451809731321e-08 1.495757208461061730e-08 7.402123904802745960e-09
1.888354825769818189e-06 1.884030864662631784e-06 1.376146860856931364e-06 1.073130571860348287e-06 6.862633860245199688e-07 2.217158242089363416e-07 1.085751193929830660e-07 4.950548363542800756e-08 2.158316584927384745e-08 1.039699946684407011e-08 3.925450345654936909e-09
8.319757169005034243e-07 6.536844068146865151e-07 3.113944352961859600e-07 2.455570046227872952e-07 2.638818065188727870e-07 1.980091903600853104e-07 9.901688836381643663e-08 9.155848448328489231e-08 5.580705411544827664e-08 2.711250438152372011e-08 1.729550497014084373e-08
2.779373243189080250e-06 2.465277598593778757e-06 1.362158200326241779e-06 5.641104970357386393e-07 2.828395065041142177e-07 1.578004933546387572e-07 1.085443559152887677e-07 5.274222388316857551e-08 3.470370034888839221e-08 2.336209882176082839e-08 1.290912351443681928e-08
1.463476519186174981e-06 7.992496838282745837e-07 6.199475472405481305e-07 4.215797394833700980e-07 3.314606555054358607e-07 2.228641707249124859e-07 1.292203211200238157e-07 6.251204490250828321e-08 2.843687522187232470e-08 1.489449135159925728e-08 9.097911073538303201e-09
3.954725694829639808e-06 2.330041858682069616e-06 1.048678231336113188e-06 7.237467088752872947e-07 4.480886205262840771e-07 2.529552282231986451e-07 1.528097468559858290e-07 6.992951395685651127e-08 4.121056290514707398e-08 1.684774536690994120e-08 3.836533061856420531e-09
1.438574436600590718e-06 1.448923830779852915e-06 7.257858783471504372e-07 4.576291515068690086e-07 2.691098175476080480e-07 1.775616113256465320e-07 1.046822530731772825e-07 6.599836179094131942e-08 3.770733370826875243e-08 1.975825184118569808e-08 1.012817420048526456e-08
6.017411742237193585e-06 3.619548595775583621e-06 2.677100302427187297e-06 1.997061622967072152e-06 1.276902079889557631e-06 4.826812643577922864e-07 1.635493717066006021e-07 6.604874857951282135e-08 2.776894336288732804e-08 1.416995048911364430e-08 1.125713886078846500e-08
2.344516666295931562e-06 1.878977780646273435e-06 8.739555901008297060e-07 5.714230807245866253e-07 3.626150461350225869e-07 1.876201979305240404e-07 1.294284933186689364e-07 6.737824944694994404e-08 8.124601575182210282e-08 2.060360230092881896e-08 1.095744020520722419e-08
1.706264646353407926e-06 1.120190776110614545e-06 7.604834552766884777e-07 5.368614078422865712e-07 3.427326075271215531e-07 2.287198595078918515e-07 1.333511160548858140e-07 7.627646104621896714e-08 3.407874437707003879e-08 1.500953027174272700e-08 7.753835537669523843e-09
3.556172185201021398e-06 1.611110083855443311e-06 9.983665340243346074e-07 6.636159137743119990e-07 3.570630622852871411e-07 1.649410081893186105e-07 9.417142560712671684e-08 6.031673997045253270e-08 3.687784009087152400e-08 1.886464983466234651e-08 5.664979561628930093e-09
2.875294434603349778e-06 4.061417526274647925e-06 2.095151008386284314e-06 1.243658097214822365e-06 6.844460396178369448e-07 3.129600103532982904e-07 1.491657535852131619e-07 8.513004916269749396e-08 4.730378179451669039e-08 4.817734859680784102e-08 1.072556608270012816e-08
5.679204847406503909e-06 3.671142836148224255e-06 2.759191280188478711e-06 1.921086793598232655e-06 7.917093196050862491e-07 2.053449009762692354e-07 9.693179290939256888e-08 1.637604995706513795e-07 4.034458483297202301e-08 7.632614137904045105e-09 4.148816740056460148e-09
3.469939568729630345e-06 3.051445717345493991e-06 2.012346577852878812e-06 1.281267429527693931e-06 6.964449673657823636e-07 3.937493056423192805e-07 1.952539072902214028e-07 9.421951731406610634e-08 5.264225129264067156e-08 2.422760393336322631e-08 1.706285881734655645e-08
2.302568187441725186e-07 5.722527353360421907e-07 5.982468484949590983e-07 5.760701006539467460e-07 2.551404019789062552e-07 1.114212400086802077e-07 1.030008936305539635e-07 9.252464889377703944e-08 5.714284733945927819e-08 3.805942064305552043e-08 1.572906170797361702e-08
2.769524136203184366e-06 2.151379341147392815e-06 1.176352862771493041e-06 5.442805457150698387e-07 3.204714287209369546e-07 2.002960769967081094e-07 1.217227106853446719e-07 6.837151946274888304e-08 3.772682152375909412e-08 2.062252947142622299e-08 8.758661909045895610e-09
4.997144218064486391e-06 3.477667514697246466e-06 2.375529099824943338e-06 1.391099535502899994e-06 6.227856209143082482e-07 2.838607702641247676e-07 8.839944907457976590e-08 4.303710808713968394e-08 1.933938090577938122e-08 9.980289794787981710e-09 5.861984267740716064e-09
6.730519591645661873e-07 6.165202956743637746e-07 5.183127401075059778e-07 4.116268532054103668e-07 3.164463193833524403e-07 2.318510676023961547e-07 1.522574972463144690e-07 8.273501409173142208e-08 4.270308814095379013e-08 2.327371450488139178e-08 1.174449314514454577e-08
3.158532806551028087e-06 2.003874205737627965e-06 1.530985846181187487e-06 8.820016063804036471e-07 3.164224823881455168e-07 1.807979879030245063e-07 1.158726455356850804e-07 7.427670563712877218e-08 5.571322414232632004e-08 2.969632982245159685e-08 2.687512310421147624e-08
5.080538294004074330e-06 3.031952904680835118e-06 1.774852979771548277e-06 9.186190456702948968e-07 4.361125517657809889e-07 2.261564025953216282e-07 1.282657762401046179e-07 7.028367780998915461e-08 5.195893446084495197e-08 3.256692193079127186e-08 2.566078275348611963e-08
4.460045142145159561e-06 2.456302408155315712e-06 1.225683657023650303e-06 6.225101928387499067e-07 2.500100267924080456e-07 1.555909091337012068e-07 9.987910961128634253e-08 5.234447207223070180e-08 3.140300208088271357e-08 1.705654254724978401e-08 1.051657394901851197e-08
1.649698302942934484e-06 1.028249385307419019e-06 7.530318189306924237e-07 4.672230259276137713e-07 2.879695356868404462e-07 1.835570068402027142e-07 1.171367533437704948e-07 6.228521185231835606e-08 3.975110734174061155e-08 2.711025227317583166e-08 1.019380826860274877e-08
6.830442770897115464e-07 5.069512223875246233e-07 2.235228288301692299e-07 2.619969265282809592e-07 1.660083497286358552e-07 1.259695313882470558e-07 1.335876071879810115e-07 1.121273659235008808e-07 6.550147044234381537e-08 4.618474953336598191e-08 2.172958643695224961e-08
1.781648881656505790e-06 1.205613500483613459e-06 7.971937739536822653e-07 6.192944750802192238e-07 3.748997663974884219e-07 2.061357238824557739e-07 1.357358271589192360e-07 8.400536068190846579e-08 5.361495910866288309e-08 2.979840956217250922e-08 1.972953447505203833e-08
9.786001114118574029e-07 1.056833437201547091e-06 7.359203135251581098e-07 6.979775493254825844e-07 3.518643683040879431e-07 2.465838126778480018e-07 1.272312006589587778e-07 7.292556894426553541e-08 3.334140822150061614e-08 6.020497283999606863e-08 4.524304952233863889e-08
3.988792821178712875e-06 3.065038718785592073e-06 2.243086042982644768e-06 1.402500742498541633e-06 6.555169327868524451e-07 1.867095043233358849e-07 8.633731557283586726e-08 4.921428447601939830e-08 2.898861214657760009e-08 5.392414150405566267e-07 1.224872829936164696e-08
3.505790048144719672e-06 2.871108349899962373e-06 2.152456156390855225e-06 1.077182968096277240e-06 5.426560883848237575e-07 1.769721080503584375e-07 9.505938880855917125e-08 9.355806894509485639e-08 3.215105199111576047e-08 1.539478619394404651e-08 9.042774745583006546e-09
5.581302095194764968e-06 3.517578832539028343e-06 2.219928129004363480e-06 1.227655963599242077e-06 5.342169978952971369e-07 1.519364223871977790e-07 8.475325114905225727e-08 5.710712683538049721e-08 3.716184589985326579e-08 2.416048528728242578e-08 8.901832426905625118e-08
4.735848163382110061e-06 2.956050281624596924e-06 1.174137860528396752e-06 6.438118201751057219e-07 3.266334331308132468e-07 1.764343310893122787e-07 1.065085443139966798e-07 6.226620492263146698e-08 3.561115741487917358e-08 1.742689528053973818e-08 8.831996749828577469e-09
3.594849414172044010e-06 3.013995196742886230e-06 1.871439155561232000e-06 9.013226945261325088e-07 4.073208827900697636e-07 2.007641344724417518e-07 1.132662979574016268e-07 6.354094430073093000e-08 3.172639969192527366e-08 1.243382190153519941e-08 2.975920389909666498e-08
1.760376118571498521e-06 9.092953992782648901e-07 4.859144779066675368e-07 4.289573570331623910e-07 2.784735665637280575e-07 1.636724247865557884e-07 1.082230408974208348e-07 2.257459679814844206e-07 4.864696933363621824e-08 1.620250421603697770e-08 7.326336179562944747e-09
3.515039668330394222e-06 1.921947254364562841e-06 1.096759677400975208e-06 6.429561254335700206e-07 4.103140981064172644e-07 2.438398753546724033e-07 1.311680478288099719e-07 7.877483693254189237e-08 5.456093612046031491e-08 3.516268159299164909e-08 2.138032868071387449e-08
2.686671212921685149e-06 2.010831825948255519e-06 1.736181282293490846e-06 1.398824890984256022e-06 6.706275490943804013e-07 2.726417307425374179e-07 1.130301955071072233e-07 6.616661864788254786e-08 2.562959446968647421e-08 1.224139862022670166e-08 1.070993617195467373e-08
9.803103300190052496e-07 8.720714992821269128e-07 7.086755318340291438e-07 5.228785261475881135e-07 7.811569305888212753e-07 2.083449033664871178e-07 1.380095588155581437e-07 8.577406827379655063e-08 4.497136970870504351e-08 1.660306481691980803e-08 5.148029328062816386e-09
4.447644738461031420e-06 3.308792606791199978e-06 2.208636808039208756e-06 1.199726800176483493e-06 3.541485299026256146e-07 2.030394368515594276e-07 7.059939933969786301e-07 6.056723772300726143e-08 4.111935548110442042e-08 1.455667339394269802e-08 8.969281896065582888e-09
3.204535131066959695e-06 1.424163923654388808e-06 1.045507439007706488e-06 5.295213831834026776e-07 3.167399591740360211e-07 1.727491688204375234e-07 1.154013546984868098e-07 6.459454493242280580e-08 3.763722534747435917e-08 1.950116418629545669e-08 1.132420800685046448e-08
2.327740470715432636e-06 1.208229126416963105e-06 7.577179766071672470e-07 4.621288518326694760e-07 3.344641995875959442e-07 1.926209161949895002e-07 1.339251212247438528e-07 9.842067940673966782e-08 6.207391996122024242e-08 3.733113966963977666e-08 9.343583231513404504e-08
2.732115937632628753e-06 8.592495367035965789e-07 6.728279577199257249e-07 5.032926154631587921e-07 3.264366925783656582e-07 1.898430433660319591e-07 1.101375392788894743e-07 5.947906443182109565e-08 1.467677157823592350e-07 1.331188952874061690e-08 1.883494127099587373e-08
1.364270232567853450e-06 8.614188187643093743e-07 5.799029923158647259e-07 4.788628223994078057e-07 3.033509828149824268e-07 1.999165826381001429e-07 1.103378105389710389e-07 7.043827202841199225e-08 4.131964273490782157e-08 2.064464385834079004e-08 9.311836196261262746e-09
2.119366909057690688e-06 1.422292145251246183e-06 7.230776108509749321e-07 5.514478549642684238e-07 2.956326952908301816e-07 1.934992757770742159e-07 1.050769126982406849e-07 6.067357234160211472e-08 3.162531678080886917e-08 1.840651316035193389e-08 6.062300615295916826e-09
5.107308682051645447e-06 3.413908828302101380e-06 2.228474469167339360e-06 1.085634035055366031e-06 3.790131363889839438e-07 1.374643021909502136e-07 1.022580445473339655e-07 5.006770327249115097e-08 3.092931245724636990e-08 2.071762673728239580e-08 2.531713327384452269e-07
2.501038592976092904e-06 1.386260297128765570e-06 8.196366123631468387e-07 4.752143037682273545e-07 3.029741398398540767e-07 2.042721317456583399e-07 1.171454321352537973e-07 5.901634300894445352e-08 3.249263622563607256e-08 1.786551013284274993e-08 4.683036438988475420e-09
5.339275577148069498e-06 3.783465803968970122e-06 2.397288837759810111e-06 7.641335289042306340e-07 3.119367537381534793e-07 1.610631963842929857e-07 8.882260598392735211e-08 4.725988770544826144e-08 2.931890309901760050e-08 1.562827963953170512e-08 9.465372386256910592e-09
3.838187593089728043e-06 2.796908997784879983e-06 1.370433091110658409e-06 6.349981601378701276e-07 2.830177605643651651e-07 1.828425447378135859e-07 8.187600622724945695e-08 4.924736163412605779e-08 3.940118334650973584e-08 1.510815623028708795e-08 7.948157188696652947e-09
3.001637136882745779e-06 2.527778021143281514e-06 1.638878012867685473e-06 9.370454963336788458e-07 3.802603361777327575e-07 2.787296489437695647e-07 9.840786069109034208e-08 5.715131870228121263e-08 7.171057256581870551e-08 8.799989400010469772e-09 3.223374313836789771e-09
5.443839713867165900e-06 4.327543642129001623e-06 3.033531006831067941e-06 2.003814933354764128e-06 1.072791837955199537e-06 4.320396523265574635e-07 1.898787443525199192e-07 9.145031852495571376e-08 4.929066066590928348e-08 2.619143325850706560e-08 1.629561483653253310e-08
5.171097940509790241e-06 3.491390262624233823e-06 2.302639124800087658e-06 1.509281452142771373e-06 8.548521931980911179e-07 3.402476513281525232e-07 9.394594978250715515e-08 4.945805761999049080e-08 3.164019315205856994e-08 1.701406812774611884e-08 1.115876150748001654e-08
4.050452932197957057e-06 2.804309694256299674e-06 1.375389000056550575e-06 8.063522155930620878e-07 3.693908995887210713e-07 1.734606195150670122e-07 1.021286479055622398e-07 6.563096108481624591e-08 3.627540449552471844e-08 1.963896685323845004e-08 9.281876570520717668e-09
2.319819624638668178e-06 1.679698487691037116e-06 1.345677187362434840e-06 7.636688483249102566e-07 4.384053436290604142e-07 2.332649491817249283e-07 1.412791673596700427e-07 4.455330914935416758e-07 3.021575625063039891e-07 8.790579582697700103e-09 1.964837271011603889e-09
1.052523648961983976e-07 6.972652240200664577e-07 6.888304030132317539e-07 3.146444548977527780e-07 1.725291877673781667e-07 1.410947854005652902e-07 5.941344569858109624e-08 3.783852138758157239e-08 2.114025741748747698e-08 1.362324439343898779e-08 1.297086805306828679e-08
3.564165391182772381e-06 2.050988409230903004e-06 1.371921198239602721e-06 8.926367315939804561e-07 4.938188473579149470e-07 2.665439899893370971e-07 1.340063617482258144e-07 7.069072003036599642e-08 3.724895720271729938e-08 1.458732949309947835e-08 7.475979295167683912e-09
4.589716419461805566e-06 3.827447259660418454e-06 2.609759897319251894e-06 1.394876512994090262e-06 5.450738063670796597e-07 1.937518618971308686e-07 9.644949726131652839e-08 5.404847593708318826e-08 2.745205111018458981e-08 1.010787826452406930e-08 7.004783497418934437e-09
3.675064678217241673e-06 1.960867749980491825e-06 1.680953314609623090e-06 8.969831959843463832e-07 4.334103192662694725e-07 2.291278671399209021e-07 1.375991003293478295e-07 6.869203220252662412e-08 3.738952485595915889e-08 1.763664742619372409e-08 6.171953258363415318e-09
1.661840825060971640e-06 1.868900222822516397e-06 1.242090353225501965e-06 8.280989802498048023e-07 4.207155900745017508e-07 2.367102656715206152e-07 1.473792990852584041e-07 5.572819536976341248e-08 7.237950665966316959e-08 5.888761906896552971e-07 7.702499302422221831e-09
2.996318907072074972e-06 1.443958312623556895e-06 8.329622442483418573e-07 6.423932224166354543e-07 3.387780439018804631e-07 1.763476811135572532e-07 1.034084115490309711e-07 6.323287578829333427e-08 4.287384645952381892e-08 3.219627264946061965e-08 7.839926124366435321e-09
3.051491070148965071e-06 2.298075924004826373e-06 1.548788459402834955e-06 6.794672219340199617e-07 3.722515331552497742e-07 2.781117886941083164e-07 1.246702018051088185e-07 7.746477521648787380e-08 5.769913345433973002e-08 4.532602542418073578e-08 4.454074443305942414e-08
5.038770870856233777e-06 3.225666685059701473e-06 2.536490921064433138e-06 1.568124177621454309e-06 8.233282349879385200e-07 3.677749092500496154e-07 1.738933785080998889e-07 1.001931347824156349e-07 5.770937645443489496e-08 4.119857162408076250e-08 2.980131412943649845e-08
2.370274256931837663e-06 2.196211157926921665e-06 1.742486779792276129e-06 1.292367381318678412e-06 7.276587833053765779e-07 5.037220041518915664e-07 3.155521155082391302e-07 1.386215413180793589e-07 5.416624022215409106e-08 2.620266638779431741e-08 1.532682402226426665e-08
4.190072841343347314e-06 3.421483527368102988e-06 4.668628745389860523e-06 7.365150496018031648e-07 3.075619691653330805e-07 1.583351707427729879e-07 7.636072320769225933e-08 3.284459644093398323e-08 1.372638392601384748e-08 7.543559350589752225e-09 4.801784476409138690e-09
2.725227463787047729e-06 2.502472538299024530e-06 2.066804548930339735e-06 1.502658089720615755e-06 6.862295001314042021e-06 1.034722146008297845e-06 2.146301397298551354e-07 9.206782229552383012e-08 6.190062292908906367e-08 8.017117996029522621e-08 1.001558748163838143e-08
1.174251390913084136e-06 9.442082124462824246e-07 7.085761458840180600e-07 3.899545285469060215e-07 2.511436975131983913e-07 1.503711208315345229e-07 9.482008769782331181e-08 5.581125418380066122e-08 4.645144228748899635e-08 2.221685909320253688e-08 2.075725972593909717e-08
3.121838013628495111e-06 2.171010268262684427e-06 1.413328848476371244e-06 5.258350735892962500e-07 3.079288732681171290e-07 1.848072519407917710e-07 9.573978588497795531e-08 6.646452398515275690e-08 5.019657536185805650e-08 3.591439326322295554e-08 2.763466899124770716e-08
3.793239174426795728e-06 2.375639930844445652e-06 1.318398221918498128e-06 6.171763012831111280e-07 4.011415170368340230e-07 2.052885081458104169e-07 1.210984825884853697e-07 7.222833648018584105e-08 4.164911713221188926e-08 1.996271606493042920e-08 1.036224925397394899e-08
2.723453194266311914e-06 2.234541897140907950e-06 1.681376433512164046e-06 1.128127872862658099e-06 6.191764738447876022e-07 2.742460912785386506e-07 1.044986941873706528e-07 6.394655821648912248e-08 3.811443504397971357e-08 2.042893353969522380e-08 1.233392979844540230e-08
2.314622423148839741e-06 1.381434895853431512e-06 9.527969222236712921e-07 5.122312246445726122e-07 3.481148520437816340e-07 1.847655502230115034e-07 1.121375299567910068e-07 7.742447437916359632e-08 4.431229390687534598e-08 2.271691098246287000e-08 1.094411921344012510e-08
1.970781332600167190e-06 1.324651860365246606e-06 9.107210505674826822e-07 5.818251354719383797e-07 2.939221235021197540e-07 2.101369768671540196e-07 1.128762345623456365e-07 7.056692374864580661e-08 3.730489948253770930e-08 1.905032129946230948e-08 9.225250617249030585e-09
9.513629407781839267e-07 7.286823350005327679e-07 6.090952562892115296e-07 4.155421680979099712e-07 2.574047498407753694e-07 1.388656765446024111e-07 8.879552677589459164e-08 5.073216679312022717e-08 2.726065144801524360e-08 2.019116562966703959e-08 7.117511871196720924e-08
1.107857234180860692e-06 7.543476786989522877e-07 5.122163753748817966e-07 4.305674333085126159e-07 2.734254877330246101e-07 1.662430540225628128e-07 1.035087316961261869e-07 6.578742873217998744e-08 3.681364885755806112e-08 1.971360650259059303e-08 2.067114808254540001e-08
3.632371597307043868e-06 1.617520749547694427e-06 1.024244157875482518e-06 6.571390788918545533e-07 3.385979661562117299e-07 1.927811505301192749e-07 1.232996227156213748e-07 6.711473875330310528e-08 4.156943071507677272e-08 2.686981449208330962e-08 1.417112274130618806e-08
4.792813257190015116e-07 3.979467876590603797e-07 3.489515838449888281e-07 1.730383895845805022e-07 8.788147557899612796e-08 4.938124850117333790e-08 4.763837471212803427e-08 3.136851296993968888e-08 2.649377324453200219e-08 4.826091477380786569e-08 1.298735022427474158e-08
2.765643759911660990e-06 1.794204229497820639e-06 1.027615685002426277e-06 7.124465245141902331e-07 3.482998100836969809e-07 1.749204951356828755e-07 1.138301809625910172e-07 7.726484778772453231e-08 4.540335911656161829e-08 2.808389383319754503e-08 9.597746852401246278e-09
1.939263707165529259e-06 1.335722556646476145e-06 9.956845980203930422e-07 4.327627697928827178e-07 2.764542180934018650e-07 1.766478372081418021e-07 1.064998233489486963e-07 7.293668628162247952e-08 4.067847468594317008e-08 1.920900494680403971e-08 1.311035959424625251e-08
1.486652551815269665e-06 1.043834284467182425e-06 7.631414867425234615e-07 7.711597211811863016e-07 4.868752830175256060e-07 2.328407389883855039e-07 1.194507724006266214e-07 6.720715376334680676e-08 3.371758196649512572e-08 2.429465876007037446e-08 1.079238518695214929e-08
1.145418738668087996e-06 4.034728691234203010e-07 2.057396142813632394e-07 1.214370244825518760e-07 2.337794202599539880e-08 4.219579903030427946e-08 3.165130670932080364e-08 3.723600534119742608e-08 2.498895415481903256e-08 2.244758106997081661e-08 2.375897741971686959e-08
3.456353750227008854e-06 2.216187268656668682e-06 1.389694382865012451e-06 8.255733586345859720e-07 3.675718210936237064e-07 2.135441943483966274e-07 9.927466277325609831e-08 4.446084811204529467e-08 2.680054631424299024e-08 1.161664753256089530e-08 4.842547942376044791e-09
3.188733859265203649e-06 1.654087285680578170e-06 9.869994932339773910e-07 4.692509782459733888e-07 2.962258169960184352e-07 1.592136079573392845e-07 1.108623295891695087e-07 7.889194947273319357e-08 5.751058617277288863e-08 4.086643436490959184e-08 2.106927435877819505e-08
1.685516911013449440e-06 1.088151132607875514e-06 9.223843934445939147e-07 4.280410304563187683e-07 2.354781968455313520e-07 1.725009995501561184e-07 8.306012844526317607e-08 7.020351120463176231e-08 4.150465360389677062e-08 1.499010212773177764e-08 1.446961375228600792e-08
1.464614922756073518e-06 1.174355501119299906e-06 7.239595398984080904e-07 4.603743591931413217e-07 3.203266025592014299e-07 2.019956775740587102e-07 1.310276239099931537e-07 7.809947950606730599e-08 4.937268148075059147e-08 1.942434006213361045e-08 1.104808650002032069e-08
9.819136380419044115e-07 7.548194095307203041e-07 5.157343975355084586e-07 4.184492959230841993e-07 2.695626682812915717e-07 1.624418827202184187e-07 1.108094045865984992e-07 6.139620115043197002e-08 3.098446427125398030e-08 1.753143680601162135e-08 9.396740244818860386e-09
2.473180993492935771e-06 1.523273697392970637e-06 1.343449703679926380e-06 1.586982395600711736e-06 1.687298529791259625e-06 4.872508688940742431e-07 1.770557147117345636e-07 5.180321072921378590e-08 2.024222953968570934e-08 8.516198802938801126e-09 2.474626289241029921e-09
1.894614798865553042e-06 1.428253383993710398e-06 1.033240999172943247e-06 4.192024655628838237e-07 2.478009483969132134e-07 1.587259073830128617e-07 1.066884596464520972e-07 5.914393969357286525e-08 3.754909522825135939e-08 1.806134539963710229e-08 7.669341969890517058e-09
5.178829893199626384e-06 3.762942323044936270e-06 2.869159976161088372e-06 1.310815601170541572e-06 5.610178827534516588e-07 2.294877414019957852e-07 1.129555538086812034e-07 5.989376953732451127e-08 3.454836835532970354e-08 1.976104896596448883e-08 1.314961438294371589e-08
6.161436376701938557e-06 3.757963986994882835e-06 2.659526324650438611e-06 1.794374519328271564e-06 1.034226367467923890e-06 4.735089212593529781e-07 1.421485507133033789e-07 1.374398911005696448e-07 2.482215648333692379e-08 1.607341850472811521e-08 3.785820060877224544e-07
2.692021439820089855e-06 2.451885432350284831e-06 1.206611660530889086e-06 7.041518302062086191e-07 3.314632433122278748e-07 2.105027737812783217e-07 1.206129597183622431e-07 6.713806539519441786e-08 3.587735437094071964e-08 1.479290747403224042e-08 7.280070387409711982e-09
6.091296092211331579e-06 3.830634354981884095e-06 2.654306214198213790e-06 1.711712407106744219e-06 8.116808229597044131e-07 3.022830870104713445e-07 1.249419020864560937e-07 6.159022076355004330e-08 3.452770376052119533e-08 1.407647914565886299e-08 7.147947707425832387e-09
2.290289787598883870e-06 1.398174922782902699e-06 1.090943324749840616e-06 7.157538930117336566e-07 3.299133421344250493e-07 1.929038963239893724e-07 1.248735399644838383e-07 7.545265888085700860e-08 4.413337931380603386e-08 2.660154745135802319e-08 1.383538301928367034e-08
1.001836434271459989e-06 8.802859195659333335e-07 5.070197657362385937e-07 4.295972088604435621e-07 2.275611592774565240e-07 1.869861521326166396e-07 7.648402909392506995e-07 2.652237388757617594e-07 5.813958699364639314e-08 7.445568221151123044e-09 2.022636319515725562e-09
1.731041249958781632e-06 1.227824358753101836e-06 7.223116308613002618e-07 4.551649141257128635e-07 2.878527007735410605e-07 1.610556095985164393e-07 1.142235408321925097e-07 6.969934983876287792e-08 3.775990673374583597e-08 1.863576628214746595e-08 6.926592991039862857e-09
3.073344419394919959e-06 2.110505066031810229e-06 1.229430257576507350e-06 9.269904144325405880e-07 3.703871688733469990e-07 2.262946594233247625e-07 2.756683816111402896e-07 1.039254837515114526e-06 5.576561356370123067e-08 1.918006462881908613e-08 7.356176844598734719e-09
3.572826309125499316e-06 2.133514158397400641e-06 8.328574682622383116e-07 5.267036227086473327e-07 3.553285439898985020e-07 1.660387590751983357e-07 1.020137811956423257e-07 1.720814440444959087e-06 3.296624170031750316e-07 1.886603414110835613e-08 1.150365406719994008e-08
1.695959861651924757e-06 1.141476468101284786e-06 7.075819228121518900e-07 5.849901951863720425e-07 3.558397412082296586e-07 2.222613955103685431e-07 1.731567907205145204e-07 9.966515055817014920e-08 6.000711402062905651e-08 3.421491853482955256e-08 2.187895628441290421e-08
4.518762680700318350e-06 3.124522418714598617e-06 2.072835603572116925e-06 1.426590795051270683e-06 7.291814522725773150e-07 2.882130266254147471e-07 1.411146397753710391e-07 5.856111001262126678e-08 2.909616903925911242e-08 1.230618863018509777e-08 5.586159657127022862e-09
3.568673086704834979e-06 2.270254968512754160e-06 1.249095575455536196e-06 6.454845824143058159e-07 4.065717007915250184e-07 1.697825738118650842e-07 9.953871010713134646e-08 6.029560784548693001e-08 3.656376665303110238e-08 1.851013724102380315e-08 1.073685426402126508e-08
3.542421927824765068e-06 3.104398683921600082e-06 1.809344153307443477e-06 1.228897480326139200e-06 6.310634595182303098e-07 2.812310088742215283e-07 1.400186359100051393e-07 5.658606116437540319e-08 2.763229779317890109e-08 1.198911853296467479e-08 4.202880984150103365e-09
6.106415881102409516e-08 2.744485290591577704e-07 1.629229469065367191e-07 2.012744788941772855e-07 1.257991720157551195e-07 1.151950044046102166e-07 7.810575577246627718e-08 8.324923226409404784e-08 5.237686914057232501e-08 3.910454734396142162e-08 2.637352162950784011e-08
3.112486441309562273e-06 2.156703918059718848e-06 9.690703865137469813e-07 7.579859190884524141e-07 4.494117376891461118e-07 1.006485204442321798e-06 2.189881366892770236e-07 8.939540142398477652e-08 4.925852549066926755e-08 3.119577082993921658e-08 1.583889923003675252e-08
4.257372554640530827e-06 2.742266058404073572e-06 1.845469694532393370e-06 1.089108666539370855e-06 4.721177495397470316e-07 2.137077267843529945e-07 1.045527414576811076e-07 6.350284697082151206e-08 4.482489092545822308e-08 7.534600037541474823e-08 1.632794885657887192e-08
3.866851497626950822e-06 3.364340774456631667e-06 2.538227464647417560e-06 1.533143854593924078e-06 8.401594073879529947e-07 2.177507946687829593e-07 8.680928993729796234e-08 5.436412107018837781e-08 3.107911367420118439e-08 1.920487363454744808e-08 9.540302588210343859e-09
2.950133199329657360e-06 1.662097174104037093e-06 9.312309081990906139e-07 6.207307244334103540e-07 3.711902801561164709e-07 2.147500143973669900e-07 1.260573802800552483e-07 7.178935739590073104e-08 3.678733780651291800e-08 2.020412241657277477e-08 1.138054003037213326e-08
2.035690100167695508e-06 1.718027148368485077e-06 1.373649628055811314e-06 7.649101515884043046e-06 7.959119218981505567e-07 5.245004891334038695e-07 2.175669619659343993e-07 9.372839330391925973e-08 4.610979706028193074e-08 2.058873510740162191e-08 5.660903852542849312e-09
5.371821075818413687e-06 4.411788942581308297e-06 2.914726542134585651e-06 1.542755020838077234e-06 6.354082475110332318e-07 1.761803808407978140e-07 6.664536960120708571e-08 3.350841691586010321e-08 2.661976032522564454e-08 7.019186808728789342e-09 3.492413792039233545e-09
1.360403926229676140e-06 9.407442468015715661e-07 6.346867254208052858e-07 4.264204175213188219e-07 2.362380923770532659e-07 1.683573549632870715e-07 1.037378027792988280e-07 5.564419259219651411e-08 8.398618708875311657e-08 1.789184365376390965e-08 5.628022120438473660e-09
2.509367445438123583e-06 1.530848156996689912e-06 9.711331099184414674e-07 5.329912768090468348e-07 3.330072779322180029e-07 1.934490666041171082e-07 1.117871544301332004e-07 6.741570445713719446e-08 4.176553720109292689e-08 1.958776992261813637e-08 8.188137134825863150e-09
5.860071094238922142e-06 3.785073729425335767e-06 2.508263087219590555e-06 1.658013219447594059e-06 1.061600181351721589e-06 4.413455306724939760e-07 2.376484948415610385e-07 5.754339972682314904e-08 2.852592459886046863e-08 1.530129382921745871e-08 9.315079570682015793e-09
3.727359732519091992e-06 3.624685262428417306e-06 1.979156420345207357e-06 7.150233288635292928e-07 3.468825175884112543e-07 2.117329245348632126e-07 8.390753038939534126e-08 4.683443320298190684e-08 2.554728802354286673e-08 1.475716291141390631e-08 1.175209352487735764e-08
1.692102653439693168e-06 1.070757684810429904e-06 7.129134032804410734e-07 5.476030745773439968e-07 3.780417580029703198e-07 2.798614223627222085e-07 1.616746560815782921e-07 9.897910912547230149e-08 4.187509434250563336e-08 1.556251217260343580e-08 7.839605363437717948e-09
4.126894184705474586e-06 2.418907125825670087e-06 1.643532039263724646e-06 9.110594418098462857e-07 3.775327269616523424e-07 1.608333498122257599e-07 8.511309150749181146e-08 5.857297259677966576e-08 3.403565206049191283e-08 1.530524430825636815e-08 7.343872553487056986e-09
3.033876517812938731e-06 2.061639975095219360e-06 1.349417920937087526e-06 5.469800333278838125e-07 2.289167681673020731e-07 1.126766701212446181e-07 2.546294144526163331e-07 1.189090761830097870e-07 2.216059394641473435e-06 1.305935626584994115e-07 1.356067324577433696e-08
3.567816088308522307e-06 1.566614517529909951e-06 8.406237083350986980e-07 4.777315049542283879e-07 2.484195246806269364e-07 1.355319634939926824e-07 8.436375395165271719e-08 4.377921769519575755e-08 2.122627566594679512e-08 9.642560308213165158e-09 9.384459409023244840e-08
3.913254059390042346e-06 2.879544618440256371e-06 2.179535881426647194e-06 1.317729438068440428e-06 4.853352739789129949e-07 2.082575809700921400e-07 9.423077618429717713e-08 3.528582167030187362e-08 1.637231261085344974e-08 8.747929807211477152e-09 3.941860900055212807e-09
3.111188842751141548e-06 1.761124082733744270e-06 8.976864560926799052e-07 7.084910844156129430e-07 4.196912166959807001e-07 2.445462365944297831e-07 1.231480638616160510e-07 6.065214497186401657e-08 3.780995289515451391e-08 2.227598346951512553e-08 1.261173303128057929e-08
1.813456292030120634e-06 1.045908474849983212e-06 5.127852137335793697e-07 3.239377485447806330e-07 2.441160378758489706e-07 1.685354094155470265e-07 1.102660474089205355e-07 7.360908473102753131e-08 4.412356229327050490e-08 2.927049052211620816e-08 1.127212268642340456e-08
2.836956318846078604e-06 1.920122801682736151e-06 1.293328909900271206e-06 8.120405436686312072e-07 4.894850218554744929e-07 1.957876155366518443e-07 1.309174687341030312e-07 7.382367826384792726e-08 5.066830084114926829e-08 3.152229614125196638e-08 2.148151996859703359e-08
1.297032704628744381e-06 8.721207540431019984e-07 7.374008735511666838e-07 4.552807096732877645e-07 3.288107430693874430e-07 2.097571000697689745e-07 1.533273098766791166e-07 7.269914858986033973e-08 4.151261999585200739e-08 1.675255534134457487e-08 5.485602575934885891e-09
1.738190754307340040e-06 1.545599755223688836e-06 1.026336745894139853e-06 6.175127763860641576e-07 3.422755812364285769e-07 1.938667457986113026e-07 1.059659245756397393e-07 6.727297452722125309e-08 4.129403045742098105e-08 2.247856470757180042e-08 9.645676746417630826e-09
2.411942467896818301e-06 1.175657926613947984e-06 9.943741745229611890e-07 5.360748801426793937e-07 3.542145724480035691e-07 2.156843981397196484e-07 1.452800837121628536e-07 7.395565160593459613e-08 4.419869760490547267e-08 2.534342343674604287e-08 1.369648279752614505e-08
1.737276046618438455e-06 8.817143613667976279e-07 8.400337752009686461e-07 4.734861666926670181e-07 3.057728192315324059e-07 2.237948651840863982e-07 1.427595788099417917e-07 1.856806225287089250e-07 4.693495326874604901e-08 1.822705570801778351e-08 6.327067855225530183e-09
1.752988161522139619e-06 1.062495444616740764e-06 7.621829080153488990e-07 5.590710647491685980e-07 2.982556339973246628e-07 1.744014123834187148e-07 9.994478233482719002e-08 6.571074108755561075e-08 3.186844041949886982e-08 1.837461621160275410e-08 8.588340448803402881e-09
4.673923775712660278e-06 2.616988588141837146e-06 1.142454089303797763e-06 6.480662217072123273e-07 3.281404982427454867e-07 1.677652885436429306e-07 9.950862644058801349e-08 6.333535834358599051e-08 3.482349369569644439e-08 2.480100257043154462e-08 1.947259396104539285e-08
1.900235146836088059e-06 1.162156722332112717e-06 7.943917165411036911e-07 4.853682866712092237e-07 3.090034864661051516e-07 1.927179308184467001e-07 1.059617438301730479e-07 6.917847676097461686e-08 3.489624021528963034e-08 1.157355159271856327e-08 5.476383150751023991e-09
3.655307611262825161e-06 2.734270176394423051e-06 2.093818407735306479e-06 1.641252160864051066e-06 1.150106467231138842e-06 2.468406633636680654e-07 7.670389798826132481e-08 3.187165608066867031e-08 1.546844301205911761e-08 2.312299268098064675e-08 1.298282086460806370e-08
2.636940143304220078e-06 2.221394993711224312e-06 1.471354029006511573e-06 6.773324601147394744e-07 2.731063317645416461e-07 1.569402775558387166e-07 1.073140981452331050e-07 6.462931089898707836e-08 3.517708803914389342e-08 2.004014668500149320e-08 8.659627347900551696e-09
4.478166294756452601e-06 2.768305031523362142e-06 1.824741919230546056e-06 1.011865405857637987e-06 6.537812151943824498e-07 2.869139962426430263e-07 1.194605384747151734e-07 6.151860376027981858e-08 3.051154694937438265e-08 1.194003148234751392e-08 6.111704312962438452e-09
4.969116129216613380e-06 3.419772173446492266e-06 2.447363147905905019e-06 1.398242652766687151e-06 5.318324448369258225e-07 1.564382439677844247e-07 5.337440254670709371e-08 3.588020576777703078e-08 2.265155346090388230e-08 1.402476156753718432e-08 7.514075895882387250e-09
2.044275647856096118e-06 1.089203799530374765e-06 6.201235427019905799e-07 5.217108029630465256e-07 3.132551853836523943e-07 6.594683539239258268e-07 2.878315388303578574e-07 2.282071514577027946e-07 2.632566195930859850e-08 8.424413675889117209e-09 3.343361335284517637e-09
4.563658801353001803e-06 3.341866895361287940e-06 1.668839446461430259e-06 9.399865656886901651e-07 4.661760791484809848e-07 2.691951166240205212e-07 1.163100782110185709e-07 6.372004245686544221e-08 3.348866035561438888e-08 1.578525759730266142e-08 7.712921633534268443e-09
2.938012388930835967e-06 2.047129953267368044e-06 1.298278698635318059e-06 7.978066682991571660e-07 5.054217949883862603e-07 2.704897039859123271e-07 1.150808928162388546e-06 5.851079974093622650e-08 1.782413830386517420e-08 5.893892205187808879e-09 2.483878875073488340e-09
2.499786727482724929e-06 1.870851964850645521e-06 9.363139356931428151e-07 4.735406792070009476e-07 1.833246081448392090e-07 1.248774992163476440e-07 7.723992023253289421e-08 5.831994084982814557e-08 3.303021377725548185e-08 1.783125836598328155e-08 1.083396655316299774e-08
1.565433713642218136e-06 9.028415953056822979e-07 7.088285469377157600e-07 5.772705363482756146e-07 3.464328620412040947e-07 2.344898540113115729e-07 1.335910543174076825e-07 6.260631038659615815e-08 3.048089665358815837e-08 1.575645994017217034e-08 1.240178314876322801e-08
4.541610955927175702e-06 3.491657776081260634e-06 2.487449141759109614e-06 1.727365839652749671e-06 1.079188037685901754e-06 6.078989795686976422e-07 2.037481612640702844e-07 6.866617700144169747e-08 4.053925921560430547e-08 2.433906750509766309e-08 1.658867493910281059e-08
2.250305602510173945e-06 1.519110694030847912e-06 9.423630821860374317e-07 5.087789550172261105e-07 3.214294137808865845e-07 1.879397704364099961e-07 1.188394340424594015e-07 6.707102018593805069e-08 3.464213547780103525e-08 2.038078175094348029e-08 6.804976534476702486e-08
2.231819515857363067e-06 1.458379659584003694e-06 1.156374287323306187e-06 8.032067389283799562e-07 5.047041911822728831e-07 2.520979953247394820e-07 1.267545875979150880e-07 6.860741005376895518e-08 2.711889739241335078e-08 1.409676875781909051e-08 8.747129226362079361e-09
3.191590264023729110e-06 1.446777384504644206e-06 8.995506497463843135e-07 6.335554852479832387e-07 4.509906972473141695e-07 2.612665879851658265e-07 1.422679721648959982e-07 7.231779963691606002e-08 3.646128831283043385e-08 1.814793162630918363e-08 5.842643044694525734e-09
3.037863363749779102e-06 2.562395350426238932e-06 1.975714438888439365e-06 1.406356853228719086e-06 4.834813636122591907e-07 1.581998599367866414e-07 1.172813555946844884e-07 1.515175664039306180e-07 2.146795229621391203e-08 9.982037173452309840e-09 6.534682532593269454e-09
2.888057570403580244e-06 1.399613708294029357e-06 7.400460326375341891e-07 3.921379784632978394e-07 3.037308586939889394e-07 1.501958414957515056e-07 1.132599631880451734e-07 5.759622367827506261e-08 4.729346525835754731e-08 1.505921855383650875e-08 5.131930346304392136e-09
2.003722767982842481e-06 1.367665789620870215e-06 1.012578098072321805e-06 5.045679102651450955e-07 2.540049619868568791e-07 1.712509540669413790e-07 1.056540830323338658e-07 6.561857023550963827e-08 3.483821949281151543e-08 1.896132505728788015e-08 3.926286458025038007e-08
3.697170034334613460e-06 2.398098109394726442e-06 1.956287824963909622e-06 1.027597738179437329e-06 4.766091071709684859e-07 2.440743018457063603e-07 1.305904472018280860e-07 7.458041799766689178e-08 3.261723550755205391e-08 1.448269795598588114e-08 8.630993135179042621e-09
3.925608044642973508e-06 2.313637166242454817e-06 1.315924527764247657e-06 6.893639000344591392e-07 3.606693817148015130e-07 1.518859743296859482e-07 9.663402295810442131e-08 5.714384655571994261e-08 3.369244049849982326e-08 2.046537313169858324e-08 7.214449626198938663e-09
3.324457184885435522e-06 2.149599304392375038e-06 1.444463485654141834e-06 8.478343373600912803e-07 3.416714075131300019e-07 1.598404930133249091e-07 8.852538056262617252e-08 4.814633009032047885e-08 3.720827945075318630e-08 7.373292267827019301e-08 6.661987147945343318e-09
2.612564715264235098e-06 2.248635040957383980e-06 1.917832175131631478e-06 1.412126272921737239e-06 9.232383225881417756e-07 4.081559897851484342e-07 2.866874843900122048e-07 7.080024446519399895e-08 2.407832525489200328e-08 1.271077181456617630e-08 1.505114530672803091e-08
3.375762870907318111e-06 2.474763091356081695e-06 1.156442486319201629e-06 5.815428812784528435e-07 2.288577272310834648e-07 2.238287906302132299e-07 7.303714300878002265e-08 3.922315266020403031e-08 2.037369612801528558e-08 8.717377925645685296e-09 6.979495988046384954e-09
3.136095858985939509e-06 2.081522857353129420e-06 1.221863718723634221e-06 7.664139760433007101e-07 2.753248811380152611e-07 1.412758557395073861e-07 2.796052427883984670e-07 4.914294147846167759e-08 3.250407307175667194e-08 2.196383218310581218e-08 1.449338924490638092e-08
2.896610107011465715e-06 1.663797594382865261e-06 9.008995971258146155e-07 7.919905601811600780e-07 3.617876324341187836e-07 1.527774533474929316e-07 1.866393135269682124e-07 4.435776453048839368e-08 2.424266564440954704e-08 1.219033583418149327e-08 6.318920365383242916e-09
3.273545197915602410e-06 2.912850467842052487e-06 1.096717455452738264e-05 1.212853321205700933e-06 4.207226243916976949e-07 2.003487872954695612e-07 1.154308831451645418e-07 6.093042681894283379e-08 2.352171377884571135e-08 8.133963607190854992e-09 2.249059438397012144e-09
4.450396786614482356e-06 1.840099430034160644e-06 9.239102798442047826e-07 6.304699737377972108e-07 4.143435432352032395e-07 1.970495045290428375e-07 1.128707365463340148e-07 8.187347812064359899e-08 6.177846993254430445e-08 3.696496625973566811e-08 2.379766058742885655e-08
1.257064885399514095e-06 8.971367226570979510e-07 7.933532905674173824e-07 6.803068588119939134e-07 7.170861470890013750e-07 2.499167194835642409e-07 1.509796297592017950e-07 6.661444371340194153e-08 3.205520774058112338e-08 1.391962717157127160e-08 2.719362885627879732e-08
4.641254673232915574e-06 2.401217555834036314e-06 1.306938743589038115e-06 7.558289757982074270e-07 4.022760562714168449e-07 2.253110003001945629e-07 1.311107442551303336e-07 7.536463829148854547e-08 3.641898279910643769e-08 1.985141848769605196e-08 1.217436059515260365e-08
2.188644909389432989e-06 1.655221064068734834e-06 1.000602602090944778e-06 5.500816315673719967e-07 3.380802188559026169e-07 2.215314688172884892e-07 1.503492158299868898e-07 1.220227926662961474e-07 7.142288135634555206e-08 1.958620788023633501e-08 1.092106121592455224e-08
1.866821443616832292e-06 1.687556617973792713e-06 6.815472557970373107e-07 5.306859732156195419e-07 3.520860361203534741e-07 1.512411476030909326e-06 5.376464447394387640e-07 8.814890228591906096e-08 2.630604884564961956e-08 1.130655104673407415e-08 4.828026175419302759e-09
3.188078801746125584e-06 1.943331779620224490e-06 1.293894514222248969e-06 6.553162302357694010e-07 3.399292776871215161e-07 1.876568839200957030e-07 1.088878132874413307e-07 6.905086935473556062e-08 4.512998133416178848e-08 2.841501390411776411e-08 1.650378858523126144e-08
3.969526615430470984e-06 3.244796101604313098e-06 2.977161971534822388e-06 2.058056013304692823e-06 1.151191182036959727e-06 3.537799829134361180e-07 9.091348572078868249e-08 4.155223783869137991e-08 2.846713248595700135e-08 1.109711374201521304e-08 2.432865637476215818e-09
1.520683284700157259e-06 9.831636167219068167e-07 6.453081487899784007e-07 4.802697725942506999e-07 2.935150391800611529e-07 1.887337358435974802e-07 1.292876946448481029e-07 8.521001997095891932e-08 4.788229545564440978e-08 2.695796491622832010e-08 1.061432168639035430e-08
1.150096443021144612e-06 1.135954213599738542e-06 6.105365153938907788e-07 3.834384098735957385e-07 3.107566587386969153e-07 2.608650493029813751e-07 1.871151376007162284e-07 1.097803421138502584e-07 8.086216635069572075e-08 4.438234911957570938e-08 2.477159972298963044e-08
2.969861820624418425e-06 2.154938883912229520e-06 1.409164349894793694e-06 7.551480287145394471e-07 2.187404945328648046e-07 9.326581535959347798e-08 7.719214723844157244e-08 2.391124210815902063e-07 9.447594140832962564e-07 2.545052895106562564e-08 8.061692770639531213e-09
1.505651455537595317e-06 1.136223268616716366e-06 7.625176897554686948e-07 3.801021240121569851e-07 2.769064310444212994e-07 1.897738145485280044e-07 3.468725245230088899e-07 8.940865631732093510e-08 2.798794737851760862e-08 1.540328476320647082e-08 2.413492295944774443e-08
4.540819740900930324e-06 2.986144937619463509e-06 1.908099125266972604e-06 1.184169265028299823e-06 6.063320628335569369e-07 2.028863886230534401e-07 9.949930771531093143e-08 6.313917181735211078e-08 3.391355497764311682e-08 1.870971470172269974e-08 1.144600441738426777e-08
2.729719726438788557e-06 1.838170897711172912e-06 1.439233312426922447e-06 1.019027370509271441e-06 6.210511253501754084e-07 2.132881512566369431e-07 9.344323246603774549e-08 5.373201831434560000e-08 3.137169832242350922e-08 1.473453564976233377e-08 8.339543926527709471e-09
2.893242437372078053e-06 2.069994605189080939e-06 1.691339714243212247e-06 8.922677897579181546e-07 1.613848085182520728e-06 5.371319386568014525e-07 2.741107926710289490e-07 5.661057766895642368e-08 2.847426636825053793e-08 1.733818052907281684e-08 1.035079742790157079e-08
7.472823048529040276e-06 1.058333846005096441e-06 5.738100955648401108e-07 3.976000722881372721e-07 3.091624655522880788e-07 2.013906222230793204e-07 1.263531180983215706e-07 5.336243193880831202e-08 2.341116008568408116e-08 1.094074231930626885e-08 8.063382164067772363e-09
3.486025050589428819e-06 2.303910913793240603e-06 1.279126312793142496e-06 9.221569226002079154e-07 4.822241876455618006e-07 1.892126477036114806e-07 1.091637178228613167e-07 7.420207988433799914e-08 4.893989793509667025e-08 2.515907942748338620e-08 2.441114335573834833e-08
1.705860812420065010e-06 1.156608617845823693e-06 7.394418205386307331e-07 4.950761908129292368e-07 3.094457108692903366e-07 1.504867097398116979e-07 9.403560004307032899e-08 5.318740394067496528e-08 3.231043609313618550e-08 2.364486930519592906e-08 1.535743227903541538e-08
2.002655079687161094e-06 1.559432648158567432e-06 8.927740109045773027e-07 5.492268637574511708e-07 3.517833905639909118e-07 2.117368115233784169e-07 1.199276270873393511e-07 6.625016823131764529e-08 4.010020781997971901e-08 2.415874885998371098e-08 1.628940509758498953e-08
3.205295528046565973e-06 1.863178512896730687e-06 9.425664943635496013e-07 8.500647728463016689e-07 4.982181167187542730e-07 2.287674067642922709e-07 1.227796650763592202e-07 7.416858501381384742e-08 3.464370876442836388e-08 1.458827674822995198e-08 7.452939002208106742e-09
2.752864110925912866e-06 2.009500800735229182e-06 1.659452287625601579e-06 1.261035188475386266e-06 7.412702462139650343e-07 2.764591641986230456e-07 1.093503668077025347e-07 6.979778437633217046e-08 4.713564615486529592e-08 2.066497207732976482e-07 4.642234243305399203e-08
2.408583303628358477e-06 1.111802996945391636e-06 8.005062930802043444e-07 5.620715421691788286e-07 3.103312532379516116e-07 1.494068203638381234e-07 7.630179638885807422e-08 4.262263525172964552e-08 2.676796690807416248e-08 1.470005337570242623e-08 6.466047278914557368e-09
5.886950335583036992e-06 3.825484734805116616e-06 1.735249076520862649e-06 6.155704732065535578e-07 3.140180799568191327e-07 1.663797155188760881e-07 1.115350720638383410e-07 7.295775529306528201e-08 3.545520828490370971e-08 1.473705749772187346e-08 7.729014244725886158e-09
3.289426179681710748e-06 2.592963886101140459e-06 1.245093187978139997e-06 6.434093489026370400e-07 3.580741579272139011e-07 2.489355165358692971e-07 1.167857439723334113e-07 5.828654005443801014e-08 2.909304574648506643e-08 1.386262536530045605e-08 5.687611722376279980e-09
2.841702146193208418e-06 1.471257153660836579e-06 9.001528325891553280e-07 4.545520045137820426e-07 3.380193260394089446e-07 2.032013404192096123e-07 1.174132969264832834e-07 7.366110734656475261e-08 4.343310592043145532e-08 4.708984091888495430e-08 1.307896084538958886e-08
2.097821057017343949e-06 1.266860794767811621e-06 5.718634726851389396e-07 4.354446907290655632e-07 2.632382708344104005e-07 1.813709600784577540e-07 1.243132562962678373e-07 1.105084865980886426e-07 5.752139324887848850e-08 4.356655491908518856e-08 3.279033220516416912e-08
4.979885417933577160e-06 3.820095582226201342e-06 2.851106903820969591e-06 1.845952985340544949e-06 8.543062081630441945e-07 2.661180913331597769e-07 1.474861230302887575e-07 6.288773952517754653e-08 3.238194878592576865e-08 1.942872418459498820e-08 1.285231010621127718e-08
2.679827660896420174e-06 1.378728554044065255e-06 9.963048908988690853e-07 4.845597361272835759e-07 3.254598444996006462e-07 2.667269747200668262e-07 1.304471548437315101e-07 6.834929084167605141e-08 3.534236727110622324e-08 1.752835469743362791e-08 6.600931204738873313e-09
3.836599078695686875e-06 2.779338718928209898e-06 1.579848038248286617e-06 1.076592439438573319e-06 7.188975691791814369e-07 3.690949187070912237e-07 1.933557401218427092e-07 7.710206985719544669e-08 3.507904759841684374e-08 1.698364703874497616e-08 5.426040152433632009e-09
2.752429458012950740e-06 1.305170688765911954e-06 9.737525897682895508e-07 5.553193718263071829e-07 3.352922252518952681e-07 2.142226278388550514e-07 1.270251347805790276e-07 6.078525748342588699e-08 3.552730136073376069e-08 1.743364505207686124e-08 6.447379092564331864e-09
3.229738875899259579e-06 2.097379185158931981e-06 9.900046657429316772e-07 5.725744682526961393e-07 3.861873182857778036e-07 2.472843564884596017e-07 1.368014795233638959e-07 8.893431360028807212e-08 6.784453194396695015e-08 1.035959553323137815e-07 1.207042619988495581e-08
1.559345971713418205e-06 6.829087669192106254e-07 6.577178132214298678e-07 3.814497291828310433e-07 2.172505886448603494e-07 1.543885803827672856e-07 1.058002837359190084e-07 7.001535905428438339e-08 4.293720831710661239e-08 3.352819233513970539e-08 8.269200034196179582e-09
2.945480534480032537e-06 2.614860077109880997e-06 2.027098910670596093e-06 1.021812214880037110e-06 4.710041959595575084e-07 2.693712020376503518e-07 1.429623006542162560e-07 7.751714648811463942e-08 4.512124088397819631e-08 1.451029994622200580e-08 2.752679572683421882e-09
2.103564793894732490e-06 1.365458220229693896e-06 7.887358619485627911e-07 4.262113491320850731e-07 3.905824884519508070e-07 2.163267658484915082e-07 1.418883473728053997e-07 9.839376022575594968e-08 4.201189202583801668e-08 1.789492179575197491e-08 1.375643984185578613e-08
3.256344768387675795e-06 2.921975997840476702e-06 2.115690328084451713e-06 1.108123025499309419e-06 3.643203976398824440e-07 1.996995937274785092e-07 1.083532853326034272e-07 6.552161653826608438e-08 3.728626242781307932e-08 2.211821125830986166e-08 1.059980651937056666e-08
3.202554141486681448e-06 1.741762439632365371e-06 1.267151669762591207e-06 1.291739325363125868e-06 7.655688079684875780e-07 3.149180589359566497e-07 1.865476143369846068e-07 6.180371003189103757e-08 3.220773015772271582e-08 2.056870591364147982e-08 3.463606765966084005e-08
2.073150875885601854e-06 1.078089523520564960e-06 7.965212388128591704e-07 5.316579421645264454e-07 3.548605848992605654e-07 2.391002512906811414e-07 1.540156585418271747e-07 1.559560249618816463e-07 5.380762435452609706e-08 2.712903715965950950e-08 1.321955072240531116e-08
1.709305292385465232e-06 1.199717821743832659e-06 8.066427348636495566e-07 5.148356509563678206e-07 3.319720867173814495e-07 1.754555414582190252e-07 1.066038207928514013e-07 6.079518612179410896e-08 3.154878234847408941e-08 1.709596170661105482e-08 9.271612580763131515e-09
3.805324229024061584e-06 1.941023280963002226e-06 1.174868998976011027e-06 5.877699060775595295e-07 3.323928537334549347e-07 2.002301578862199214e-07 1.138757398588490432e-07 5.314185789039887462e-08 3.405619135904623707e-08 2.163327544701185819e-08 1.215069015725881303e-08
2.410200220488083439e-06 1.617781066478887150e-06 8.049940684683664416e-07 5.420938696436995762e-07 3.376381174091666732e-07 1.830099804314041793e-07 1.042904239831154758e-07 5.695947834187926036e-08 3.183769641972633800e-08 1.445668779979943658e-07 3.266478771787327712e-08
1.161644502773568182e-06 9.060659222384431000e-07 5.558084039662429109e-07 5.232088996408596364e-07 3.397239156870250763e-07 1.899720420170795414e-07 1.307277532802644170e-07 6.378376418379648955e-08 3.395894692743024002e-08 1.612586019850235977e-08 6.887414085253710976e-09
3.639888752414485346e-06 1.746639764677970008e-06 1.197278375071078948e-06 7.320863752285586775e-07 4.500884968835438518e-07 3.399400000811672617e-07 2.076231875934418666e-07 1.042798704252280853e-07 4.172540446512932411e-08 1.031759661478700548e-08 5.108833872158714027e-09
2.083879991845781049e-06 1.197576285687429948e-06 8.309789847618351581e-07 3.782197662945852008e-07 3.362312112038583702e-07 1.755174682608071615e-07 1.004387137757014653e-07 6.331879536266676182e-08 4.229659539284188824e-08 2.269899341928130696e-08 1.828431320906392492e-08
4.082304608881458543e-06 3.396296604944409504e-06 2.024437450983896269e-06 1.057498363623101501e-06 5.238904257969571746e-07 2.107370116880069880e-07 1.052617892147824708e-07 5.881746339678112459e-08 3.017481722004973160e-08 1.968061732469241474e-08 1.284953080328251264e-08
2.632352861599762416e-06 2.039225847424304796e-06 1.569377004761890439e-06 7.647704081932668552e-07 4.831171066836694994e-07 2.969944454614706356e-07 1.763670680098022247e-07 1.948742961036206806e-07 4.901493493715274435e-08 2.878106223309699325e-08 1.622423147659918908e-08
4.785327581783871973e-06 3.130348215902882070e-06 2.413003838225078432e-06 1.438631333328153193e-06 7.128042487200868831e-07 3.107268403708311325e-07 2.050755390876936897e-07 1.396219792304249184e-07 6.275608239812789445e-08 3.887011999670411061e-08 3.044120207386821399e-08
2.390176356708444589e-06 1.949268511602931534e-06 6.658713350963592538e-07 5.147861004563617711e-07 2.849158934111100522e-07 1.613855692010164147e-07 9.392717236929366595e-08 6.366261338703169882e-08 2.790913672238609566e-08 1.438985210850714991e-08 8.514855391983788426e-09
3.898344544251957704e-07 2.798327053636336832e-07 1.260859244124228803e-07 1.978182513981563491e-07 1.863326466878142762e-07 1.298554209780394125e-07 8.501779423510071241e-08 6.747182037766262872e-08 5.225396701138788680e-08 3.880190927086688892e-08 2.935045581839994896e-08
1.580290487443364405e-06 1.310700508681706245e-06 9.617203860933064850e-07 5.470104839325689062e-07 3.524963477657245045e-07 2.638951104800236532e-07 1.233932826416694543e-07 5.495327220145020632e-08 2.778818969492177576e-08 1.625660584626931503e-08 8.226696270239954616e-09
3.786816369800854704e-06 2.310494070947226389e-06 1.621026972583097724e-06 1.053467117868853780e-06 4.742493221196254346e-07 2.247144450915678442e-07 1.157735865477050648e-07 5.750654507648521291e-08 3.726510494983479818e-08 2.793026199233709155e-08 4.184179547699777250e-08
4.381959683238771077e-06 2.347838164087075565e-06 1.471804725088546837e-06 6.858884143086700028e-07 2.927856995852307122e-07 1.590648823520623333e-07 8.082446823011848322e-08 5.072271276337762203e-08 2.906653962806591091e-08 1.768550663227079912e-08 1.281978297722963213e-08
8.942072343273219426e-07 9.263757683360121619e-07 5.550550182056624338e-07 4.100806860399825793e-07 2.735539211955154208e-07 2.445983735794734313e-07 1.108616899521894941e-07 6.457666674202329747e-08 3.582072442993516851e-08 2.201424259737716152e-08 1.447245123567651361e-08
3.423515889283820686e-06 1.877130864088447324e-06 1.439565896972582614e-06 8.374393574748229104e-07 4.799462536489088899e-07 3.667959027796846557e-07 5.965650330237842973e-07 9.874547214563432527e-08 4.392680786162103991e-08 1.532706019408700017e-08 8.614446670911464545e-09
1.513064367314324169e-06 1.058100319357386359e-06 4.877388336785280778e-07 4.133728357683442371e-07 3.087215397205007289e-07 2.581472193146105780e-07 1.349292616166201040e-06 1.882905653259757448e-07 4.254760055349429127e-08 1.826155759267727405e-08 5.145128922940299661e-09
5.155603541842090784e-06 3.477504383444066414e-06 2.283258356722663038e-06 1.204412816666938887e-06 6.839253035863354947e-07 2.117597959918247154e-07 9.240867188754957864e-08 6.200894717755759005e-08 3.151615235020739125e-08 1.599397320138319045e-08 1.077567190342443639e-08
3.004679897822491894e-06 2.448852179735338767e-06 2.242674695554074256e-06 1.474873294294350893e-06 8.008335492132284360e-07 2.472525645756329804e-07 1.255842995387570737e-07 5.742060733749668349e-08 3.254521024000506378e-08 1.672120405600279114e-08 6.967567907899959813e-09
4.133969951932892958e-06 2.792917122769526084e-06 1.467341552459030528e-06 9.463085556260424292e-07 3.764448675915046808e-07 1.689560291281408055e-07 9.229639538905353354e-08 4.863479794650599838e-08 2.590350265679958940e-08 2.039633828558777057e-08 3.375163821008145617e-08
2.976902720939287489e-06 2.417510932268857144e-06 2.067113841475005273e-06 1.141433262059728050e-06 5.409378441907601175e-07 2.610582414409350261e-07 1.991533808489149340e-07 5.654938754998217852e-08 2.817687575557384147e-08 3.191569228555256159e-08 1.323175488898190817e-08
1.470568765995019806e-06 1.054431320018401073e-06 6.617615896057713466e-07 4.941809587917713826e-07 3.467557666231251442e-07 2.052349152648309990e-07 1.329235539548044955e-07 8.001258214358197992e-08 4.770547709838093050e-08 2.408199350727746861e-08 9.560944086755264201e-09
3.456151973241627793e-06 2.245954133564809326e-06 1.182515155401472366e-06 7.297968255466340962e-07 3.898649695569516359e-07 2.159629843858209741e-07 1.491878319636830901e-07 8.679614020776596879e-08 5.072184490424109498e-08 3.084171295288815684e-08 1.736711380950131662e-08
2.178057004119847798e-06 1.075186554449573988e-06 7.489805888943481443e-07 5.005461074363559896e-07 3.826478461293844648e-07 2.661275521764986659e-07 1.630541332989428664e-07 8.539171085851501632e-08 4.556941086160397953e-08 2.149416910473529111e-08 1.134882241589615073e-08
2.943734318257793686e-06 1.391994039408154313e-06 8.420680863716160264e-07 3.313843038202741560e-07 3.020127705403804235e-07 5.389004002127352992e-07 1.529117255665322111e-07 6.331913516815458154e-08 3.049830456068355029e-08 1.860882375997648042e-08 8.296827145920072354e-09
2.989959737146137449e-06 1.859275429682728089e-06 6.474154311873173186e-07 6.049565545933674166e-07 3.792116154213960863e-07 1.798923717488278973e-07 8.072583553793834419e-08 4.830556966637291711e-08 2.667306763388780139e-08 2.079872810746185288e-07 2.034103115909908183e-08
1.809345212409155541e-06 1.154119005457181273e-06 7.970112397863606745e-07 4.831258765890070524e-07 3.532558845900017784e-07 2.005352285508748341e-07 1.179156354872384261e-07 8.440557400167186909e-08 4.797737927536625386e-08 1.914891928478328209e-08 7.630769122210876259e-09
4.165603291978040732e-06 2.859715295032931390e-06 1.919337530350662290e-06 1.016571200094152227e-06 5.884839010829854082e-07 3.131615896004702590e-07 1.236617574264720936e-07 5.830982639555670498e-08 3.069470986388011605e-08 1.591971268665564676e-08 7.745905724610893067e-09
3.322530858577797889e-06 2.461625220951607925e-06 1.677285377899222900e-06 8.641450430777320385e-07 3.835969943540557172e-07 1.649898222044522467e-07 9.423551760517559894e-08 5.500903939804685693e-08 2.594788708352487885e-08 1.220318401299652703e-08 6.308656027336516793e-09
2.625064735358949851e-06 2.308046597679780483e-06 1.233890332988966268e-06 7.052264587433828872e-07 3.442462135285494088e-07 1.631435515222874577e-07 8.889684743094142489e-08 6.357727593267846599e-08 4.558099693996566506e-08 1.401876641450649601e-08 5.327126250056976233e-09
3.332930739661522258e-06 2.576813392023259021e-06 2.063821707602332023e-06 1.439380670812748135e-06 6.847538541221877765e-07 2.129409919938821175e-07 1.087038959475557815e-07 5.878209358123460703e-08 3.981356839867205393e-08 2.191399314790495717e-08 1.566541076288314222e-08
6.098950929766223196e-06 3.951719996356813380e-06 2.444327451815566721e-06 1.492486988003896483e-06 6.908588178394337155e-07 1.832267060516761259e-07 7.953180660681223100e-08 4.989970595620160290e-08 2.587677223793415966e-08 1.658629517241811103e-08 6.362405595185237664e-09
1.351304117736237533e-06 1.043337445022372913e-06 1.275078964038375894e-06 1.157375616593415385e-06 9.188182206792849738e-07 4.946965294419980027e-07 2.638869601645109504e-07 1.701811352692024169e-07 9.503769861329421548e-08 5.098578245701623700e-08 2.360335475674844326e-08
4.149851894618965145e-06 1.652208909065134143e-06 1.253133636984840926e-06 6.039329487214056086e-07 3.685615841975830758e-07 2.268917763798061316e-07 1.420483014487757993e-07 5.584598495579634267e-08 2.660712685734862908e-08 1.725454542415900292e-08 7.101206245654598321e-09
2.385537522324773419e-06 1.579404276431879145e-06 1.193317879748159033e-06 7.556786081579242446e-07 4.287746039530469181e-07 2.089072892703676976e-07 1.480594177706764672e-07 7.418706722161712397e-08 1.277387480166046671e-07 2.100596092853118523e-08 1.283768301249719399e-08
1.573376847533777950e-06 7.747974090083877445e-07 6.554864899467714186e-07 4.129490671237403489e-07 2.510405745583485225e-07 1.731251666208186143e-07 1.192326630151584369e-07 8.878375210800790724e-08 6.377428744361179562e-08 2.880289910898008035e-08 1.298904195713371547e-08
5.674729595028565292e-06 3.267942489015811089e-06 2.095595549370787559e-06 1.279998807504493922e-06 5.307518458617847478e-07 1.611462018011364343e-07 1.006817035961894694e-07 5.280479343760052608e-08 2.495762149137731808e-08 1.518981174186049752e-08 8.564160233219162692e-09
4.248600777706850721e-06 3.131457292067998198e-06 2.095872531154575158e-06 1.277901187201577370e-06 6.155388251927587493e-07 3.500333019755247501e-07 1.757211912294626485e-07 1.032017442973410009e-07 4.311294241552874617e-08 2.293986859551096699e-08 1.422770933305147216e-08
3.175417587694433685e-06 2.841283424006834519e-06 1.752017375423760573e-06 7.808602327533996621e-07 2.264877744588942443e-07 1.366607115956119617e-07 7.994193451729540964e-08 4.684516804940503717e-08 4.019395971764327064e-08 1.561346844503864697e-08 8.150268281025292035e-09
3.121650079233258871e-06 2.297544693607103502e-06 1.266219879408725852e-06 6.524158944737522470e-07 3.024903552181594979e-07 1.628647204547795726e-07 1.050966740927790127e-07 6.290307676829723978e-08 3.856911363512948309e-08 2.832664809475881635e-08 1.075858825121957941e-08
1.351170971660811824e-06 8.740709041693274329e-07 6.449817229325816293e-07 3.978065687921659426e-07 3.202901335023413307e-07 1.745757471302379295e-07 1.060655631864964003e-07 6.205536070103712200e-08 3.766904926225601551e-08 1.951260450389417649e-08 8.891470449474270725e-09
2.299221603681042503e-06 1.761031744481253112e-06 1.247264318438792137e-06 6.257847728270004411e-07 2.579308831071859391e-07 1.425053283088327289e-07 8.973371491266844129e-08 5.004780517316162540e-08 3.024696654741467137e-08 1.784622444084933701e-08 1.030703307168871275e-08
2.133827915901986695e-06 1.152126293755501224e-06 8.165092791802963914e-07 5.464937669948929455e-07 3.434187820901429035e-07 2.084675389546690528e-07 1.319523389535899281e-07 7.314458252823725126e-08 4.064917567942791922e-08 2.390240145770053631e-08 1.467736933576290887e-08
2.517398000752680016e-06 1.445844013400962826e-06 1.387474988007154845e-06 9.907189969995179138e-07 6.023663861113998470e-07 7.491696795633957902e-07 2.205939149952260488e-07 1.210418367623901296e-07 5.791418830706168435e-08 1.591904919806181419e-08 5.727051451046944753e-09
1.905956050058550166e-06 1.128157110104270931e-06 1.151991832903020722e-06 1.071955766750580795e-06 4.856085263743373887e-07 1.924195881762526666e-07 1.032436312706249813e-07 2.030673077650749158e-07 2.700386340595253158e-08 7.329061891568227594e-09 2.159570322269081735e-09
4.295676129642750123e-06 2.393266463989431491e-06 1.153018903554108283e-06 5.779838684277982717e-07 3.547838863370324699e-07 2.192642851072280965e-07 1.409794616993102550e-07 8.908538285899269776e-08 6.129069472260721308e-08 3.922737671604565327e-08 2.880911801470756707e-08
3.050375735423854243e-06 2.030938333461258503e-06 1.283784352403751049e-06 6.816299198789587510e-07 3.459375338716200213e-07 2.438628973590223675e-07 1.562541843453360968e-07 6.615321919679861307e-08 4.138674660562742939e-08 2.218295900295988816e-08 9.312854984474458996e-09
2.114322768996412109e-06 1.335035866219936348e-06 9.148761750351927289e-07 7.342264316827133744e-07 3.406786782754572579e-07 1.881744294496374833e-07 1.229888822605099981e-07 7.618031822432526762e-08 4.815336152145134320e-08 3.066335274997821914e-08 1.901399820644414409e-08
3.208082068493482244e-06 2.577785628918158382e-06 1.754326172770780233e-06 8.892737048684064582e-07 4.565089894869809349e-07 2.835429573233922454e-07 1.233237528870786798e-07 7.733020754131336024e-08 4.988837650075598917e-08 2.781440763498935710e-08 2.004020063085710640e-08
8.797893654030115974e-07 9.823683266485978939e-07 6.463345914645713886e-07 3.446900832004415406e-07 2.499328166841623416e-07 1.165700066744078359e-06 6.905229092893792602e-07 7.744716357977883320e-08 3.122580034061675715e-08 1.044181048038661886e-08 1.129981245111340602e-06
3.733086798565665606e-06 2.350474186062365283e-06 1.262573364910266428e-06 5.734048472377852226e-07 2.440424705230619231e-07 1.410422078000680770e-07 1.202952836665384058e-07 4.286585779876092894e-07 5.471207792657046784e-08 2.810486995159125721e-08 1.496944856169535096e-08
4.217975783076665829e-06 3.157717434283067179e-06 2.513521154617371850e-06 1.576910979778944212e-06 8.950177659028818221e-07 4.316951808101211769e-07 1.774080945509730347e-07 6.756794707355360772e-08 3.112364263913982071e-08 1.455914581798472800e-08 4.621473090052426789e-09
2.338853698833076944e-06 1.210967484196640527e-06 7.451700424251071370e-07 5.902799230574203644e-07 2.895037964647010658e-07 1.905252138640101863e-07 1.141496095003417242e-07 6.206061363486461551e-08 7.930920803747055295e-08 2.996149719619197719e-08 9.795867091132107167e-09
1.233189275768367155e-06 8.287161946078579311e-07 5.200535992321645647e-07 3.427524259929353029e-07 2.560503276262273810e-07 2.304792420489267271e-07 1.656921630275383461e-07 8.067165321664463216e-08 4.961068601966814392e-08 2.983639558304773108e-08 1.331255414592886599e-08
1.775554963291102769e-06 9.237943944857075848e-07 7.998633567483316006e-07 6.396287468473498118e-07 4.357903960418736764e-07 2.095597956368396064e-07 1.345857986986640027e-07 7.815345041734670179e-08 4.655131694941843779e-08 2.737650123145557837e-08 1.376274927840581654e-08
5.724092565776560646e-06 3.330462933599012625e-06 1.600036132543049469e-06 6.059031431937344992e-07 2.664686295205154371e-07 1.527950081438688524e-07 8.778815398488676944e-08 5.365549765469703295e-08 2.833752839863261809e-08 1.644616176949482222e-08 1.047045512432681761e-08
3.055152895521334277e-06 2.133351823650455259e-06 1.256768953651487673e-06 9.617551990864264300e-07 6.058545199798694947e-07 2.187906071840707620e-07 1.076793888677873047e-07 6.929591918020738242e-08 4.318998237621579722e-08 2.727535564002525011e-08 1.369863928397588359e-08
2.081605309776609562e-06 1.505788264630738679e-06 1.046525109871491852e-06 6.863587026683979499e-07 4.393452172088353783e-07 1.384997598248965902e-07 7.609586343532408770e-08 6.120719308635560329e-08 2.753400592970956199e-08 1.892668336116438673e-07 1.131168740986972246e-08
5.796093178566368477e-06 4.088814280391482380e-06 2.975593590840394516e-06 1.937983367700086103e-06 1.126582427652938136e-06 4.743663447727050695e-07 1.696297189743651871e-07 4.391205190341879511e-08 1.779640955233986899e-08 9.560137643371824198e-09 1.666045965202203381e-07
1.342200440991069996e-06 9.372058253276419345e-07 7.771128273003157295e-07 4.902739954663298549e-07 3.645125158242138174e-07 2.501521817086377928e-07 1.486621498567077270e-07 9.174876454950621959e-08 4.944097406957419851e-08 2.042704675700245021e-08 7.522384373584504527e-09
4.789852411425784759e-06 3.604143990624809248e-06 2.140073928092512442e-06 1.181274042817394299e-06 4.435385708467411053e-07 1.764465269753145447e-07 9.349236307029063960e-08 4.601321547952550374e-08 2.229734094337618555e-08 1.078987793090903970e-08 4.427209055217687556e-09
2.366476189244308487e-06 1.642749371240686964e-06 1.069968052225485537e-06 5.841266129459203600e-07 3.647020416802004599e-07 1.827639640402494800e-07 1.367058039897757139e-07 9.520174589226233201e-08 1.446460980886355080e-07 3.552802300463257832e-08 9.695225999823912475e-09
3.686839902580040234e-06 3.128418169058210784e-06 2.242319106827827921e-06 1.419242595470926111e-06 7.665358489017319067e-07 2.722210542918729921e-07 1.012448544803402786e-07 4.115700007346733242e-08 1.437048233079907516e-06 2.812341775349208896e-07 1.916346174408905177e-08
2.236963470553551889e-06 1.142469943893495448e-06 7.050973705618071187e-07 4.067720607668796922e-07 2.806471775223745278e-07 1.465279853184512997e-07 1.003372489607793938e-07 5.904996998330554282e-08 3.993081552174393904e-08 3.170440406486553853e-08 2.274507882695718237e-08
4.054573835990381585e-06 1.968369884727026264e-06 1.372149111973062469e-06 8.985171150841660559e-07 5.149045815524158625e-07 1.876765352557321650e-07 1.214651445479169491e-07 6.304282294967108628e-08 3.138635632962746551e-08 1.672031711507189614e-08 9.248372671426198019e-09
1.303668601173403983e-06 1.215381190300943815e-06 9.850522171928752170e-07 8.908907877222626134e-07 2.927184828709983150e-06 5.242183409187226712e-07 2.945944963383979707e-07 1.048106706531738851e-07 2.905999929685111359e-08 7.715615854218871138e-09 1.537628080350912889e-09
2.830035426962013415e-06 2.554132144991603641e-06 1.796323472294050322e-06 1.062331115357381496e-06 4.748958325883280869e-07 1.771220245208459298e-07 1.110146004743512850e-07 6.206129893944991761e-08 2.997506950165326544e-08 1.259348436589716105e-08 5.218704563608945406e-09
3.109610567414997601e-06 1.917259069381596722e-06 1.188357069241089866e-06 6.507796039637440261e-07 2.881568553572958423e-07 1.546237102206049688e-07 9.891356918601754721e-08 7.666052538607688761e-08 4.830931549681910573e-08 2.128051499968160299e-08 1.400395015332886829e-08
3.711774246696470876e-06 2.531913488388850875e-06 1.282055155400559797e-06 8.076929674329673672e-07 4.110481407465412173e-07 1.887472354759346789e-07 7.416544465551835977e-08 3.842093147490564977e-08 1.809404273327055599e-08 7.778247480741019868e-09 5.177156097697282963e-09
3.295406244174311784e-06 2.730197722632379258e-06 1.789375589023477675e-06 1.108077241263412586e-06 5.101485153341743089e-07 2.148332729377970897e-07 1.176011687592424120e-07 8.860081817315880177e-08 4.990132509215885126e-08 2.938991723034025418e-08 2.426558800982980550e-08
3.155823952318814718e-06 2.214748244199515473e-06 1.264742244267324308e-06 7.397828116421366339e-07 3.376037633264092258e-07 1.985640812673229958e-07 1.201577136588211155e-07 8.064888900724340631e-08 2.716358930523148131e-08 1.396819311671722266e-08 9.160054181633380648e-09
3.108750237082238429e-06 2.158639854247119227e-06 1.298469293141973134e-06 8.606502852275314152e-07 8.441611394042555390e-07 4.275403864452625088e-07 1.169394504276909468e-07 5.884971903628953247e-08 3.128431130560335362e-08 1.782158961529057647e-08 6.747285650043788493e-09
2.954802503780531480e-06 1.542733258185589165e-06 9.281625836709385766e-07 6.589581308268757985e-07 3.459217930889644088e-07 2.287447438741856955e-07 1.439012831413927020e-07 6.560563025361114702e-08 3.862208006235472650e-08 1.894882788127461240e-08 9.497542739995216484e-09
3.452786480456422730e-06 3.475382832012756937e-06 2.911632969326483188e-06 1.391666770948713644e-06 5.583895589427413678e-07 2.244147778574735017e-07 1.414021478855778053e-07 7.414729233512210968e-08 4.190638282486777008e-08 1.973451472548186474e-08 1.166606181484431515e-08
1.814181464261501544e-06 1.160225038690738964e-06 9.185844003150194248e-07 7.102131497359772328e-07 5.040442744484375047e-07 2.468237133393220918e-07 1.609385847898800435e-07 1.389226738090803499e-07 1.859952581373887987e-07 4.815371218028412347e-08 1.873286328798516735e-07
1.586694827943774449e-06 1.115026249252220099e-06 7.871604468734262215e-07 4.422599664044636058e-07 2.867543794804831978e-07 1.820503854310680496e-07 1.301525957346310936e-07 7.496659097755731699e-08 7.904139468634796426e-08 2.110305051038991953e-08 1.144455003140987566e-08
2.204792601323020035e-06 1.588276328745759993e-06 1.063332338766686410e-06 8.881927883089970002e-07 4.479826434439978071e-07 2.663349647498369066e-07 1.689229275186457478e-07 7.055615699595851502e-08 3.134415931189263915e-08 1.446889832413873441e-08 1.040199431980874652e-08
5.539535196881671779e-06 3.528240439464553312e-06 2.005128308335595578e-06 1.070175997978034854e-06 5.173199538350778889e-07 2.086732549517827855e-07 9.652558176840374135e-08 5.365069302543029137e-08 2.614682001193819618e-08 1.775364915142111401e-08 9.071364521914171072e-09
1.558642961146110940e-06 8.792517375428203657e-07 9.395554250658786803e-07 7.252674688705453202e-07 5.022310074229971015e-07 2.383464430696695993e-07 1.382828929933251195e-07 6.843885671476369881e-08 2.910068235755617990e-08 2.463160770737622842e-08 1.007429483998462976e-08
4.001759647888507285e-06 2.582811814094551688e-06 1.639458925330911959e-06 1.030944276718388593e-06 3.832702206372917813e-07 1.931802233020110548e-07 8.934956502845114816e-08 4.875459336565310672e-08 2.470599375271385402e-08 1.814955100022004613e-08 1.015841328395365078e-08
2.173642788294610370e-06 2.618138382648749811e-06 1.461218650843409318e-06 9.113468488389657715e-07 4.228084128171464706e-07 1.932304402472606948e-07 1.375083209498406570e-07 7.978093663667195510e-08 3.234414137410586239e-08 8.888589195067360670e-09 4.418886193842959545e-09
2.559719080941181929e-06 1.731189711754596761e-06 9.459089400556582677e-07 6.262471970385306115e-07 3.738733338994608646e-07 2.262250667445566815e-07 1.597830200220077046e-07 8.269199449683771182e-08 4.375653332988631127e-08 2.235267640359844854e-08 9.650079670160256124e-09
4.611727516735048950e-06 2.316653927611517593e-06 1.709319519487043374e-06 1.012703904825796385e-06 5.381797524564226640e-07 2.295229850322752989e-07 1.043019554700379968e-07 5.416281606124054256e-08 3.518286622467113011e-08 1.719622934737927021e-08 8.429402741882612691e-09
3.325778425066841882e-06 2.766723105071683103e-06 1.209704211187454494e-06 5.596641909008450850e-07 2.383655743170490594e-07 1.407806112671690281e-07 1.000115000603524824e-07 5.936697239313407265e-08 3.701156728786535656e-08 1.893158318631119967e-08 1.739603989682147268e-08
3.507678390425676047e-06 2.067836044547313531e-06 1.135582592162372762e-06 4.993525061871320437e-07 2.070812595513197029e-07 1.380195392329174736e-07 9.525332697670829566e-08 5.145480027973722561e-08 3.091882213407865505e-08 9.988631468799958589e-08 2.048074488903501851e-07
1.810799089888121317e-06 1.648007181232348380e-06 8.747001702026343672e-07 5.104789354147586331e-07 4.225990273972913309e-07 2.214279102346645293e-07 1.534440853659504715e-07 3.241648914743119472e-07 6.165396438299848632e-08 2.758057702169847421e-08 9.364131486694828868e-09
3.445153067641098661e-06 2.751703612672966648e-06 2.022965230120028615e-06 1.589842937417585351e-06 8.020629736380182054e-07 2.360670973962940523e-07 8.050233998119294796e-08 4.712101896374618086e-08 2.571298385686320589e-08 1.798033789249359705e-08 4.544378111760246583e-09
3.312328008548293309e-06 2.297892507428893525e-06 1.551571909065603502e-06 9.204416455616346060e-07 4.564665332031732738e-07 2.087621807940589952e-07 1.209209636958885464e-07 6.158737979877294653e-08 4.749939814206985360e-08 2.464376310992373323e-08 1.154765798092895599e-08
3.235809851407964370e-06 1.448425513896960546e-06 8.640971026345611756e-07 5.793599545918515793e-07 2.951723857794756488e-07 1.692156682063869210e-07 1.049681198608633133e-07 6.252884670968132789e-08 3.483586945874319382e-08 1.963552688232627143e-08 7.611434149843053778e-09
2.724750403114021987e-06 1.461258463849265812e-06 7.494963731318314203e-07 4.937198776556712973e-07 3.132848779486439391e-07 1.674459722250297678e-07 9.912374850190143905e-08 1.099758531914055581e-07 8.481337283878028471e-08 1.959753723688374122e-08 9.898897267883544922e-09
2.559089652889361231e-06 1.183687207441230328e-06 8.820605024086839404e-07 6.491467828685342823e-07 3.636847239838197866e-07 2.481725860015789639e-07 1.318726544153265067e-07 7.552268038367900329e-08 4.800136074909165560e-08 2.824052334669454722e-08 1.277700764813526605e-08
2.244894531369732904e-06 2.267374134302372625e-06 2.500125115381334387e-06 1.080444693673500761e-06 3.658086671287349260e-07 1.658652471444717718e-07 1.261008898409386177e-07 7.497681415918656510e-08 3.884074913925475721e-08 1.910114429381013613e-08 7.355879694552446095e-09
1.767300261003628474e-06 1.074234804461228353e-06 7.136541299188981711e-07 5.358608217761693196e-07 3.763334211359571037e-07 2.637035825463911320e-07 2.214533293006370534e-07 5.148743926810049616e-07 4.272192041810356051e-08 4.659578016304252502e-08 1.120223671086473710e-08
2.491870387902148600e-06 1.931542332103414979e-06 9.771786332475066637e-07 6.329947209065999318e-07 3.425084154979416411e-07 4.713339514150561611e-07 1.789627560718035767e-06 1.586667817257386765e-07 6.454570871159865296e-08 1.486017365077312302e-08 5.995043624159033934e-09
3.806685178039871251e-06 2.057002562223441930e-06 1.305027826522690408e-06 6.569137067989523603e-07 3.773248281683824045e-07 2.064077917540314170e-07 1.161636992412352221e-07 6.682525199673266844e-08 3.807573582354096609e-08 2.268084636264894440e-08 1.169252588500913178e-08
2.803455802964727226e-06 1.884276032671743067e-06 1.062843282356205201e-06 5.688594266865599700e-07 4.367581979968068208e-07 1.128264378866376234e-06 1.338908394493283362e-07 5.317657134162735244e-08 2.552227282374876512e-08 1.270723841450182854e-08 4.187375898985857963e-09
7.489128181726485607e-07 9.137804216679959762e-07 6.675136230198004935e-07 4.272303498508572383e-07 2.847412833831053682e-07 1.638795592070190055e-07 1.049245514170041078e-07 6.145405968394678980e-08 3.368859703257858654e-08 2.912989743286635785e-08 4.723324705386928157e-09
1.742507248897399088e-06 1.237798645890677472e-06 6.645016301568226822e-07 5.239632910357326291e-07 3.617638003358084868e-07 2.435092238552604713e-07 1.429986505700423968e-07 1.626708273500066356e-07 6.824340244718462571e-08 3.271758556225029833e-08 2.720321984246894427e-08
4.700047911029493418e-06 2.675978904472554605e-06 1.940756095644064151e-06 1.314527583080934501e-06 4.474966710103802278e-07 2.314730987813985966e-07 1.280061945722085321e-07 6.896801685724529697e-08 4.692074333589213405e-08 3.236569560999275442e-08 2.091222160959667161e-08
1.971508085969741861e-06 1.874579374203317924e-06 1.954572104072120111e-06 8.809707296280460559e-07 4.578365840487431183e-07 1.878679624474668262e-07 1.733742573251967078e-06 4.005132339304807862e-07 4.289499114080827071e-08 1.552789022307722394e-08 6.462552091338335410e-09
3.133382154691267184e-06 2.159297212757116870e-06 1.469780734103577186e-06 6.177910914620690877e-07 3.761133786144640861e-07 1.824278901673523712e-07 1.061898996379517622e-07 5.211232686981842642e-08 3.317048284465009139e-08 1.703900309559937324e-08 8.320591601175131864e-09
2.844507591246469377e-06 1.863703089223458648e-06 1.231956764472620974e-06 9.244992877152165759e-07 5.222760648815173045e-07 2.106196374899664692e-07 1.013632888388818085e-07 5.915307016971213955e-08 2.829254057048210262e-08 1.321162628648842600e-08 7.120797890411590150e-09
4.962204340190991290e-06 4.045710893128726659e-06 2.252727800282135335e-06 8.474856780914855596e-07 3.231654589829278852e-07 1.628224717581360867e-07 1.018335937796490045e-07 6.839131640027725278e-08 4.113093893956541344e-08 2.991560505072324901e-08 2.345802470393719471e-08
7.025834088980572477e-06 4.911515028323254236e-06 3.551455725006357846e-06 2.165311490652882629e-06 1.255558778442715602e-06 3.989601527029182215e-07 7.070398829871890595e-08 3.615977095349479158e-08 1.764446529502144156e-08 9.527017088888076225e-09 6.224638486200870514e-09
1.056651434260415610e-06 9.929560998243521076e-07 5.643681101211882764e-07 4.914729812211364866e-07 3.094325868830227378e-07 1.812296059099977357e-07 9.445068114380767626e-08 5.571320206522537724e-08 2.967590759040776298e-08 1.334688222986244021e-08 6.943800896406755778e-09
5.210582356920886258e-06 3.164840286807904671e-06 2.286881344047143901e-06 1.380186432669556093e-06 7.538922353424463057e-07 3.309788316482949413e-07 1.491915541625145738e-07 6.933734366976558194e-08 3.384900635484143396e-08 1.563962614780407588e-08 9.425159904220786393e-09
4.080336880947769390e-06 3.269224750857240720e-06 2.180419597011631198e-06 1.181177628667211629e-06 6.487172651764795063e-07 3.046079794138744860e-07 1.493002843293529770e-07 9.614252560132893881e-08 5.482421539761503409e-08 2.921061318512063057e-08 1.741322591210314727e-08
1.604273469082016548e-06 1.407024270175142683e-06 1.104205377271683566e-06 7.733105325583823879e-07 3.691189550943275811e-07 1.558921619236438536e-07 9.978514611614277881e-08 6.200405335921342239e-08 3.454222470333718709e-08 1.711707845341041905e-08 1.306070637391184448e-08
3.279795865803644170e-06 2.058213802911961338e-06 1.155114250754315645e-06 6.377254392715347339e-07 5.234387427722167207e-07 2.968308562279833911e-07 2.085276043237107062e-07 5.947887953305128423e-08 2.412683553382074222e-08 1.230360115940754655e-08 4.242256952228498241e-09
3.422867732098784505e-06 2.424746607934473460e-06 1.108766046546968930e-06 6.591127460096215919e-07 3.795746489326327497e-07 1.448381337017173205e-07 7.762343637439519303e-08 4.297127888514947361e-08 2.500624094463529260e-08 1.401080946478913256e-08 7.280047323200088360e-09
1.739982954768745149e-06 1.609294554056844946e-06 8.778364263467538844e-07 4.867291254433339944e-07 3.351037866713237433e-07 7.233077988546834969e-07 1.977704085741479436e-07 7.879133243782806856e-08 3.354671442092320687e-08 1.415347507769505524e-08 6.173548127626693701e-09
4.672874019785772627e-06 3.916547651397581023e-06 2.400866823469793901e-06 1.399733243673736901e-06 5.631970465059183190e-07 1.870180100080172172e-07 9.130575243455160315e-08 6.190578968698117579e-08 2.979802931607532640e-08 1.840126680833281845e-08 1.226087704553201644e-08
2.496794662228100761e-06 2.118185891779979769e-06 1.762907708978682512e-06 1.117930032046243568e-06 4.788656746128377374e-07 2.254105451801994003e-07 1.195907571523737038e-07 5.855701809929591080e-08 2.520097174660359829e-08 1.046260487473656463e-08 1.802129474139154479e-09
3.858442029233734587e-06 2.709671301977712394e-06 1.815595896807886017e-06 8.909352366313557398e-07 3.875096337075355139e-07 2.313417893658307342e-07 1.270821233972935467e-07 1.107571640943789022e-07 7.731894445249367032e-08 5.407140670265780793e-08 5.538807542920646392e-08
4.962191409078446443e-06 2.828766701896887760e-06 1.602377123343202317e-06 8.464029484841992462e-07 3.336050285141822425e-07 1.860633754025993129e-07 8.634134155223862623e-08 6.101942794179627937e-08 3.976531459830687056e-08 2.352481092736174317e-08 1.350438853441980696e-08
2.526463120023381836e-06 1.934240759305850668e-06 1.494999097794663534e-06 1.081100566753332311e-06 6.666854234820873888e-07 2.529825151135121530e-07 1.032509787968116380e-07 2.288465811651962532e-07 6.515953089436003790e-08 1.591305420945959350e-08 4.270601629544553258e-09
3.262474623482426402e-06 2.645578073913764427e-06 1.611239009008981804e-06 8.397518156279262811e-07 4.327094745399476234e-07 2.272220775041244264e-07 1.266661141718199657e-07 7.538143450257478794e-08 4.336344131516855945e-08 2.316248149813297280e-08 1.776140705525159856e-08
2.409647392401907548e-06 1.455539432256560536e-06 7.162186466670756118e-07 5.765042098696572261e-07 3.471712968858470085e-07 1.989073721448338411e-07 3.933077871735712242e-07 2.251431338731516309e-07 3.505212563931414302e-08 1.875163082157449449e-08 9.962498773656690015e-09
1.151320974477940830e-06 7.358328577178572261e-07 6.349339571516325452e-07 4.943567641454078714e-07 3.754622246848886290e-07 2.447947538676809569e-07 1.678289546308886469e-07 7.319695707006653208e-08 3.299340983560132215e-08 1.826959007454683945e-08 9.366551290797932996e-09
1.259139455544570418e-06 6.677414316214734983e-07 4.944394397725767417e-07 3.221312640714307310e-07 2.776938012716503130e-07 1.831556702552978973e-07 1.194592005329916129e-07 7.303377537411403976e-08 3.537434324923589427e-08 1.881920582599222910e-08 8.278449453749528568e-09
1.655457165958239600e-07 9.194931861510869608e-08 1.168440335525539207e-07 7.729624391211809945e-08 4.621845222862778717e-08 3.422097185210504658e-08 4.976326932280962629e-08 3.804504990230148966e-08 2.124445769163684683e-08 7.578203059964698221e-08 2.173495111361193034e-08
2.281475894928457907e-06 1.117145416360254616e-06 8.277267627902759374e-07 5.975551942857947350e-07 3.368948503553271569e-07 2.181971099169003308e-07 1.219563538622681520e-07 6.879464430575842681e-08 4.114839341081966992e-08 2.497811484681661008e-08 1.212830041147059721e-08
3.423225683829865487e-06 2.709724179163038397e-06 1.814288048780856581e-06 1.112842242337671257e-06 4.314147846672949508e-07 1.846780174153882560e-07 1.209352108614569503e-07 9.049122745269508017e-08 5.981987381079976780e-08 1.803074972654268638e-08 8.380987549147607823e-09
2.090386961234567094e-06 1.042233637598871240e-06 5.792243208011051485e-07 3.968142508415113273e-07 2.392619103583139748e-07 1.377967838929372692e-07 1.801762754299025758e-07 5.341414954547165093e-08 3.525784538611736572e-08 2.477366045271485555e-08 9.867935621739325987e-09
4.241218086061506353e-06 2.754853788002108429e-06 1.770631801451681896e-06 1.082337941926243747e-06 5.790495700492141120e-07 2.899664917325821978e-07 1.426595545077796074e-07 7.338191472152992236e-08 3.817878471432685074e-08 2.600593429149740582e-08 1.263327998033572608e-08
3.661261523335861556e-06 2.202924088681683052e-06 1.712456666000966093e-06 1.131250003377496412e-06 4.762112601943645925e-07 2.631008103476906072e-07 1.087867986005296854e-07 6.353965598468921250e-08 3.234815556237319127e-08 1.336000619384011056e-08 6.950724384621466181e-09
5.120717547289879417e-06 4.234211296167483346e-06 3.158519573076556613e-06 2.103857346958455845e-06 1.160268662382736671e-06 5.767240089068039057e-07 2.481912321078605104e-07 1.188204267715337356e-07 4.048326473168986095e-08 2.183858755228841957e-08 9.158019983766649735e-09
5.307911780638148262e-06 3.395687742029404064e-06 1.296153871440257904e-06 9.737596326943465707e-07 5.085839752682973537e-07 2.738047510381434345e-07 2.169123847687379270e-07 6.134920445808875978e-08 3.060413346548422315e-08 1.330697379992104683e-08 6.846086795645636155e-09
3.474417227892919745e-06 2.165402583871786003e-06 1.171632677881859329e-06 6.658172144816820352e-07 3.371973891704214740e-07 1.729372681427147298e-07 1.037128563470306069e-07 6.232439206644645443e-08 4.275048636708414600e-08 1.853505729579123914e-08 7.830257701014051360e-09
3.238304327367762336e-06 1.874860415951662816e-06 9.762249139982225285e-07 6.040588903878341726e-07 3.515140189428993084e-07 1.869448574654727897e-07 1.052217579077450060e-07 7.047864624543534530e-08 4.078409559510600955e-08 1.865272886458216726e-08 7.753401953082124517e-09
2.388892585305461898e-06 1.521990921896140521e-06 9.605125619121893572e-07 6.039673427376970552e-07 3.680405224368910111e-07 2.012407760591758161e-07 1.279394524636208005e-07 8.552789313699804241e-08 5.142449243299276964e-08 3.129650227876376312e-08 1.649740192434331281e-08
2.123449384271125785e-06 1.244443364275211029e-06 1.016436555082263904e-06 7.159591927410030509e-07 5.159010709246789464e-07 2.223168224499629939e-07 1.242737585907294998e-07 6.506631555307273007e-08 4.277258495634465510e-08 2.773948459309441176e-08 1.632327854589592215e-08
2.910487302444804759e-06 1.137043785002136841e-06 5.479465367936910613e-07 3.214728599278389119e-07 1.896105042044551356e-07 1.198745746035850866e-07 4.480383156266750060e-07 5.387543893412601144e-07 4.009417796469904039e-08 1.815749411958827093e-08 9.265294151535200112e-09
2.464212734903087767e-06 2.090714418387469449e-06 7.740192021279006074e-07 3.678949763094988960e-07 2.404129396196144350e-07 1.685371142214334564e-07 9.270777266557938424e-08 5.965005127682883760e-08 3.438727864380629570e-08 1.758502340546122423e-08 9.604349096998396426e-09
2.846662861899802309e-06 2.235204693901059866e-06 1.655682844567397838e-06 8.411962962802099329e-07 3.565282702376320242e-07 1.197287556237698963e-07 8.047647912986152217e-08 5.681359807298301163e-08 1.985539486709947407e-07 1.809903072551074342e-08 5.480085837574666245e-09
2.187361312121001477e-06 1.517582111714550531e-06 9.783417072965811841e-07 7.173185596063012942e-07 4.775434262568728661e-07 2.978757826783807101e-07 1.599913780598349776e-07 6.646846298233967609e-08 3.294709047444843841e-08 1.497779913243628696e-08 1.892897925227310337e-08
2.900046129993456269e-06 1.852698241668254294e-06 9.162311034756624393e-07 6.403258843986594600e-07 3.786754409897367460e-07 2.369649957860237975e-07 1.541416509903215462e-07 1.449739292108929055e-07 8.432858321767784206e-08 4.735861788739167277e-08 3.623443451839298290e-08
5.241277159104796561e-06 5.276527720863286638e-06 3.568500223602239446e-06 1.902925559506053155e-06 7.554974231537603866e-07 2.455584782050777089e-07 8.152980318251651829e-08 3.519654951347459461e-08 1.853296751283342512e-08 8.745231818058730190e-09 2.962180108224892403e-09
3.033616938161050490e-06 1.361461505664193074e-06 1.149003998255797414e-06 6.594597987027420085e-07 3.937419794469403851e-07 1.888480907459014819e-07 1.251983723472754681e-07 6.485908937120471527e-08 3.844845646532065416e-08 1.722105871553984148e-08 7.362476280621892550e-09
3.806197024685208448e-06 2.517363740111926085e-06 1.844879192453995492e-06 1.179600416500409623e-06 5.147553705520615830e-07 1.988448647075032624e-07 9.289107181900236444e-08 6.091840400992483032e-08 3.726930841937066423e-08 2.292601152865141054e-08 1.195626982786376551e-08
2.813730580944025231e-06 1.186800316782639909e-06 6.373652410993252448e-07 5.388917649226792593e-07 2.786812645644430466e-07 1.661020618209799313e-07 2.749861830182804271e-07 5.926148393106901379e-08 3.220909598541579822e-08 1.587903851560417014e-08 2.174777499542760266e-07
1.566135543443719479e-06 1.191705994001149101e-06 8.148627201766638610e-07 4.703637718670549587e-07 3.010778984926936462e-07 1.883307260328003775e-07 1.043428898332852495e-07 6.390882488270561099e-08 3.078710211250330359e-07 8.195670021788450279e-09 2.288462716422957006e-09
3.200993584868157052e-06 2.735826296280647232e-06 2.196461050339698765e-06 1.531669084388162340e-06 6.208071741058027043e-07 2.795242544970957677e-07 1.492428099834314341e-07 9.791688825664285013e-08 7.043846424954190250e-08 3.630595852081882840e-08 1.308731678967022482e-08
1.465444124938195877e-06 1.171689154805984017e-06 9.214645433325684379e-07 5.775313768397811533e-07 3.909125990378703161e-07 2.500659922567742079e-07 1.684211080469235783e-07 7.700207465380118117e-08 3.657026470442444938e-08 1.888537833597702615e-08 9.035081172071365543e-09
3.074095546854176474e-06 1.702436479233720189e-06 1.212657650510946744e-06 8.906920559566039451e-07 4.622450124285004269e-07 2.505930839917282862e-07 1.772790429044903442e-07 7.714906459851622550e-08 3.832885034509295259e-08 1.647493087443503002e-08 8.975468365078798343e-09
2.479361850461667501e-06 2.240851084988381590e-06 2.049672953083229962e-06 1.310028573716997876e-06 7.314439720034693933e-07 1.943637221993769742e-07 8.486018535769501529e-08 3.445358210187139966e-08 1.950258482664724889e-08 8.426106603732991372e-09 5.036296826836155972e-09
2.252181213771740765e-06 1.157760107882795714e-06 9.051996077279960022e-07 7.373565488201220268e-07 4.059378634730730604e-07 2.062654863241202183e-07 1.319014816272644080e-07 1.164471559103803876e-07 7.143723459035719665e-08 7.405596409695374692e-08 5.914973266113514003e-08
5.635833593636752670e-07 1.140987628145198785e-06 6.819212746880651622e-07 4.781165800580914560e-07 3.716302974515683174e-07 2.479697001150058851e-07 1.743608629400411728e-07 9.735972176827733262e-08 9.966346105358011647e-08 2.318476714179635012e-08 6.867206146042879537e-09
2.105382338843141130e-06 1.107357214967760119e-06 6.286627958220448865e-07 4.240887785352657375e-07 2.845541065516586972e-07 1.738111385412787411e-07 1.100499470260805571e-07 7.123836067934309638e-08 4.041355172605819254e-08 2.404032605374595795e-08 1.271244928721085887e-08
3.193957063203974038e-06 2.330092558308817456e-06 1.294236662785953020e-06 8.225269951799101677e-07 4.581097591059966872e-07 2.187181949028585354e-07 1.206787588002621310e-07 6.309120987973664722e-08 2.553160531753133357e-08 1.230371152085371579e-08 4.011380843315648719e-09
5.183531898774760593e-07 5.466923585985639958e-07 2.988892231022253744e-07 2.873268727501262915e-07 2.620128461890663323e-07 1.652815899528702983e-07 1.136715898779455520e-07 1.068854348079543873e-07 3.597597133604010357e-08 2.211376914172088860e-08 1.145042277061543517e-08
1.336680862530319155e-06 8.103798851374851876e-07 4.287631636758001763e-07 3.352020148542292174e-07 2.203415912636029536e-07 1.678151321783893473e-07 1.156022156514866076e-07 8.316087666830610969e-08 4.941348012920732690e-08 2.710415906816792791e-08 1.344936597096677550e-08
2.476624650043916525e-06 1.767852177419063304e-06 1.291569464449755680e-06 1.075934952652860905e-06 3.745821650040522867e-07 1.904656805685256392e-07 8.703255850351433548e-08 1.920136831484832903e-07 1.614346397488875540e-08 4.347375200112768349e-09 1.485589525665879038e-09
2.929583058007378538e-06 2.487060677672247121e-06 1.907638525393283377e-06 1.108022385999924738e-06 5.228749430796661555e-07 1.850284885133381809e-07 1.184305975304804335e-07 6.298708428369462127e-08 2.257896798715927130e-08 1.610389112787509643e-08 1.339716803025341431e-08
2.707689987669643629e-06 2.009446801522419879e-06 1.657000600051459191e-06 1.572761362386828750e-06 9.988804062098864515e-07 4.401245925986829212e-07 1.159248909430455732e-07 4.884144461310142240e-08 2.964039062891461595e-08 3.312788287215319097e-08 8.025131038190031686e-09
3.442025951127293853e-06 2.852367683299799030e-06 1.572436336056460318e-06 7.080076080961501015e-07 3.394503525147639898e-07 2.056088500334263390e-07 1.123972470706110950e-07 6.261662987759142272e-08 3.730655552152183671e-08 2.672552985529690440e-08 1.233538595290537005e-08
3.077704322388106677e-06 2.938061809809693336e-06 2.471744026289463580e-06 1.437131686980157019e-06 5.204580517605793786e-07 2.497692037541956083e-07 9.374737714158530595e-08 5.581476530268756951e-08 3.278986656489763610e-08 1.994524037221470027e-08 6.509948923183744549e-09
3.030518830858333583e-06 2.197807156499513187e-06 1.480338763649653669e-06 1.084542657955595253e-06 4.348273104581346765e-07 2.277842641992390119e-07 1.170326189819951575e-07 5.510565899673042411e-08 2.795226234116883235e-08 1.448139361850258324e-08 2.081720612667464072e-08
4.253216002241050774e-06 2.594022728191228203e-06 1.399792539593995051e-06 7.088519531117725504e-07 3.675245810236643991e-07 1.500179612740711465e-07 1.150934237977440301e-07 6.373764015756972995e-08 4.154610762367030409e-08 2.664513936929817195e-08 1.932594852240967170e-08
4.003009645724772832e-06 3.302381345176333959e-06 2.509740462846680060e-06 1.360326101390696750e-06 7.492231220439778223e-07 2.818848302894158367e-07 1.820427450160527160e-07 6.571138634427990957e-07 4.665896610318424688e-08 1.042712812824742297e-08 6.447877287238302009e-09
2.759586052006784762e-06 2.058001955498063873e-06 1.742963066743104694e-06 8.565853456698852950e-07 3.765803370184221256e-07 2.141965855262876683e-07 1.194553334036217312e-07 6.585212923743355683e-08 3.343303415161960885e-08 2.155699846035529482e-08 1.448757457733620461e-08
2.479821582956564155e-06 1.122269104466411263e-06 5.629157736256590667e-07 3.369733280285436153e-07 2.504486961863921450e-07 1.468614013510028626e-07 1.147444848865608585e-07 6.782022169766224929e-08 4.263507252879271706e-08 1.900170796717849891e-08 1.091652573727764747e-08
3.211592864097594965e-06 2.222751410758955763e-06 1.493624619138739156e-06 1.061781930110680983e-06 5.425019124869949702e-07 2.401559444639279973e-07 1.328302980689596005e-07 9.404182116760413160e-08 4.614787671664437222e-08 1.318697540680615259e-08 5.638724486768609102e-09
3.389443579565993246e-06 2.293437669816700369e-06 1.633524057658883879e-06 9.583308929572982527e-07 4.497324802065257313e-07 2.416486729127058437e-07 1.622248709352356428e-07 8.286151510724839218e-08 4.469897831071758742e-08 3.042175898186697540e-08 2.174650687006154050e-08
4.155548130805631840e-06 3.606244916589254745e-06 2.553966078061043976e-06 1.748990749419214509e-06 6.338498287160810045e-07 1.474875132446887177e-07 8.778867641929604803e-08 4.555143738180847111e-08 3.000206406747092571e-08 1.421679719559915171e-08 7.520278431636151096e-09
3.259186556013690174e-06 2.056318615312715655e-06 1.222364296868433461e-06 6.056052220725561675e-07 2.735178226607334146e-07 1.413750022279062724e-07 9.248475365501785862e-08 5.858389220747942573e-08 3.299643158167880149e-08 1.715124534866445782e-08 8.470095990232130109e-09
3.416216797281158030e-06 2.509335662628097624e-06 2.024093892732370625e-06 1.166157339399495562e-06 4.474079954831128518e-07 1.860704722569636865e-07 1.260558151869805556e-07 4.768162561586520785e-08 4.631624588687423841e-08 7.592873118505590178e-09 1.284519091129594024e-08
3.345438103836629290e-06 2.322778050837080540e-06 1.465656148305140826e-06 1.008306616797995471e-06 5.643822281825024178e-07 2.698379216823230648e-07 1.372763103117277427e-07 7.873658318176028207e-08 3.605044368560784419e-08 1.665160568185805728e-08 8.319120201075740294e-09
1.978906524168114620e-06 1.297787621618252077e-06 9.592013472303573620e-07 6.413112703822271292e-07 3.275760170312053059e-07 3.146169066056400921e-07 2.422808391322663081e-07 1.293341458683309639e-07 2.606560474090197495e-08 1.094711426482351949e-08 2.997491711960632419e-09
2.358467241360252872e-06 2.138560860806073031e-06 1.388706633705557019e-06 5.938717770846512525e-07 2.289473544517259321e-06 2.732107251926610639e-07 1.605981429100545597e-07 4.670297627157228597e-08 6.988645874907278123e-08 9.688086211513597897e-09 1.171838621336563617e-09
4.359133183640529806e-06 2.950032922681924962e-06 1.786686008513460617e-06 8.187737260493501334e-07 3.381122580599896658e-07 2.014789583842205839e-07 1.198777840106767912e-07 7.204041475978308255e-08 4.072723839232874807e-08 2.534839374671413621e-08 1.827478548550394363e-08
4.117008846881542592e-06 3.275040871330527198e-06 2.115083238513508487e-06 1.122819374838209032e-06 3.841404288735924212e-07 1.527585460999860645e-07 1.012122518082957522e-07 6.088356859971219002e-08 3.391800775895419840e-08 2.053589869538093928e-08 1.300380450903002376e-08
2.060392423391293584e-06 1.222753084025794725e-06 6.792944858774254492e-07 5.264756541765653391e-07 3.415018849422894113e-07 2.024875638811300826e-07 1.266489559224259803e-07 7.476365242710167481e-08 3.516847874420349272e-08 1.903420008589911447e-08 9.408940214766390758e-09
1.996394408334164345e-06 2.274011733912482606e-06 1.711385324171928583e-06 1.154278438138291293e-06 1.269575272891583034e-06 3.714559550818592856e-07 1.040559477308799894e-07 5.912704343503489199e-08 3.096183025519998413e-08 1.091546127903894907e-08 3.583959213024415195e-09
2.246814922653784022e-06 1.658209195122212311e-06 1.011328641352076429e-06 6.002415747868762693e-07 3.751741380696434387e-07 2.143871627753286482e-07 1.114854995254437919e-07 6.003302802924260941e-08 3.228623265202674894e-08 2.024440530552502484e-08 8.425769230836227522e-09
2.898357937581548948e-06 2.283274500304459695e-06 1.320242058561091958e-06 7.480764083213453005e-07 3.068639058681625153e-07 1.917669520248954998e-07 5.684740528756281861e-07 7.877367687864212948e-08 4.007205139179623735e-08 1.757004961768046986e-08 7.296572746439021594e-09
3.489832760009492555e-06 3.321127669602225340e-06 2.923934251063959371e-06 2.029485565464838396e-06 1.441289054620695758e-06 7.447504849953668431e-07 2.497993202261486335e-07 7.910515406545031068e-08 4.823686010322855259e-08 1.849247840679589560e-08 1.128278278684866977e-08
3.244417836011902212e-06 1.824293023375336439e-06 1.247423994190927915e-06 1.006730872644595887e-06 7.036917462607568205e-07 1.146762054902419551e-06 2.252009158312097783e-07 7.348454655104823582e-08 3.527163687000750783e-08 2.674414389897106905e-08 2.708295018055593755e-08
2.017430049197983786e-06 1.036915238693927064e-06 6.163456258492448102e-07 4.515023810905174821e-07 3.304637051369927055e-07 2.723982241686893580e-07 1.740556269726600037e-07 1.000086671274919602e-07 7.159136294679517609e-08 5.354260499442179990e-08 4.152240614469856217e-08
1.486142058208404773e-07 5.961121183541311501e-07 2.945009747773353006e-07 1.347519699023546621e-07 1.514808245105368552e-07 1.049700077806291295e-07 9.951970130566078027e-08 6.560742092420903207e-08 4.943546173024851491e-08 3.387642478036058968e-08 2.629637857188825127e-08
1.839694720184308917e-06 1.792334186294398901e-06 1.092775288024240682e-06 6.723313236002164608e-07 4.080865722581311227e-07 2.209756647424317418e-07 1.092289976391484640e-07 6.382502575467631492e-08 3.787263578506396770e-08 2.706208780675666528e-08 1.469448825942058634e-08
1.420712723049836135e-06 8.271302345190073392e-07 4.907190929350566421e-07 3.723090405223202084e-07 1.987647556348437871e-07 1.494938222412688825e-07 1.433086378163865902e-07 7.920557696668806244e-08 5.593843883443265885e-08 3.388473997777482014e-08 2.593660834876143531e-08
3.648870108464671162e-06 2.279886827878076857e-06 1.648476580392244583e-06 1.111247645094881860e-06 5.239354186268776695e-07 3.461770177674953084e-07 1.609718161500912088e-07 8.648900794769033254e-08 5.143406063237567578e-08 4.630348637720572529e-08 4.593262876529619250e-08
4.181336788525155485e-06 2.298106160810415259e-06 8.950723415577090999e-07 4.828983370003876951e-07 2.876638250700008423e-07 1.644995219931251204e-07 9.519429104236475858e-08 5.997001078635837272e-08 3.942884575277694940e-08 2.223480977073106354e-08 8.812628950825416312e-09
7.848930602347469412e-07 9.680169388251599280e-07 7.198349533608639098e-07 3.815212541736839872e-07 2.618752109705358582e-07 1.983708607081757575e-07 1.753206580641503469e-07 1.135090245845433746e-07 5.352825083275571217e-08 3.588505660449118862e-08 2.438062295449126299e-08
1.647475433079689107e-06 1.118160122776054677e-06 6.145275966018337958e-07 4.961707145015838720e-07 3.217464407284509114e-07 2.086759495018321959e-07 1.122914878464396032e-07 6.817944353183988776e-08 4.019535636189085419e-08 2.477134897561899968e-08 9.153317029278462543e-09
4.661835926129015054e-06 2.657867172119610291e-06 1.770329536024934753e-06 1.189202555656046326e-06 5.023692445913741328e-07 2.394050511195274580e-07 1.178231675774988504e-07 6.624624787344971358e-08 7.622392704234554083e-08 2.506956030446605661e-08 1.657486871679516518e-08
2.281842297377097716e-06 1.576016391078158785e-06 1.570699931079684959e-06 1.124511574950979819e-06 7.413493621963087988e-07 2.491131523473060978e-07 1.305487922003277917e-07 5.811614445187861944e-08 2.755742946032528061e-08 8.818075758242017804e-09 2.781085566096300880e-09
3.950545649013465720e-06 2.261109463519168053e-06 1.220173472506985319e-06 6.750124928771030347e-07 2.987716976488248913e-07 1.908315420506153313e-07 1.099358971508647565e-07 7.185069197470453271e-08 4.887010376429081498e-08 2.433136335402166990e-08 1.033714114287027025e-08
1.323337718637981534e-06 1.156023107738928772e-06 6.639646588994943896e-07 5.561434290046500522e-07 5.220598319968872898e-07 3.380571151891577181e-07 7.690749683245339100e-07 1.530069716900491967e-07 1.902973924688868860e-08 6.689617737087315670e-09 2.228374719794851106e-09
2.807701203026266543e-06 2.112417735324473283e-06 1.381560225291846751e-06 6.496264374691334000e-07 3.667791496130312971e-07 2.150633169394068727e-07 1.386683803725868700e-06 1.776987145932624884e-07 5.259293802221106331e-08 2.378949009895433901e-08 1.117425434675679408e-08
3.112538025790954740e-06 1.732978458594706665e-06 1.326928683425913919e-06 3.131376367256457994e-06 1.138315468040594441e-06 5.916990492016687268e-07 2.469716669394162390e-07 9.386710992441816953e-08 3.717237471706240894e-08 2.264188477473140728e-08 1.501927627527677330e-08
3.311248980695959923e-06 2.569270358224272254e-06 1.566252938630691736e-06 9.033334697651663265e-07 4.901416369535445071e-07 2.665190778102591911e-07 1.405006189600998939e-07 8.573611015941333070e-08 5.624533972139762305e-08 2.191332377377316970e-08 8.430121908921788963e-09
1.715717517636470780e-06 1.304384046474567464e-06 7.502474842648858539e-07 4.203541295630590881e-07 2.949234670531595494e-07 1.819271957524110070e-07 1.044859953959107650e-07 2.093085228444474039e-07 2.218396088784054204e-08 9.848175283940390517e-09 3.864688151788421611e-09
2.763259256078086151e-06 1.675857375410150274e-06 1.196848604059634764e-06 7.196851178618980343e-07 4.567467610132846664e-07 2.155070766249565354e-07 1.062534637428030721e-07 8.672133146636327370e-08 4.008104034348299683e-08 2.335996395448109181e-08 9.679666957245070044e-09
2.160023123135458556e-06 1.488081625095350644e-06 9.203905927470997636e-07 5.924690525374915458e-07 2.961926284114196367e-07 1.801839806997422566e-07 1.154007118761778416e-07 7.808964416749897741e-08 3.888407028564267265e-08 2.366793175896226486e-08 1.137172243520781785e-08
2.931595122992915638e-06 2.149493628658064229e-06 1.332516485315078817e-06 1.120359478914076737e-06 1.216153842110627752e-06 3.870275057914612803e-07 1.746763478558060480e-07 8.773542672240272427e-08 3.502114671423899294e-08 2.363477204319168202e-08 9.062233460596535516e-09
2.192981174613412483e-06 1.807609315415973091e-06 1.024224986094910972e-06 3.600540971422751551e-07 2.180010016051851336e-07 1.556408804902622979e-07 9.860519461315803581e-08 5.827828312629390451e-08 3.015888544567378218e-08 1.241130953862016331e-08 6.243191208345944459e-09
5.749396054111410077e-06 3.913632562340067061e-06 1.889614757760690156e-06 5.899543622961884754e-07 3.051147968736271784e-07 1.700392952611768550e-07 9.874137437623885718e-08 6.677016168999107680e-08 4.285648759361162457e-08 2.678791111982148203e-08 4.991922540669141560e-08
1.660178681698244900e-06 7.231610431425865054e-07 5.296223438610727594e-07 3.770118207574264933e-07 2.551092416439271642e-07 1.722547917305278394e-07 1.054944835126750127e-07 6.650508461801974859e-08 4.591305837926932622e-08 2.757661996072137560e-08 1.208017881144827271e-08
4.046451014544347946e-06 2.177300578191668813e-06 1.190849725384962030e-06 7.682121878062671180e-07 4.155941582816147113e-07 2.210810754452804031e-07 1.002359184662423164e-07 6.805725385614807043e-08 3.592581392653758074e-08 1.994585987514757562e-08 1.139773536587561897e-08
2.339225278708951740e-06 1.485622758362571166e-06 1.173498671879759140e-06 8.410058480884668852e-07 5.822864538305844202e-07 2.674061053344652425e-07 1.043825001626096018e-07 4.368503051078457755e-08 1.518873160058364709e-08 4.581731140450566695e-09 1.643524819107012923e-09
2.476323933378141986e-06 1.431451113829374200e-06 8.408155244320923087e-07 5.996025513068663634e-07 2.498138247557265936e-07 1.221165768860738916e-07 8.081377976415379481e-08 4.537526231937743731e-08 1.774681033558762749e-07 1.641164357348902402e-08 1.099719666395367778e-07
3.307589967203028741e-06 3.123449221702090959e-06 2.331713873962346193e-06 1.531252315787632204e-06 1.069424223651969064e-06 6.622156286904031410e-07 2.016411454844810566e-07 9.613685855015082110e-08 3.469511172580130337e-08 1.456444261627538344e-08 7.629649702881993539e-09
2.186152599458310075e-06 1.481573410001741744e-06 7.334439150424993445e-07 5.205627635179322333e-07 3.776531315501562362e-07 1.552005249282401853e-06 1.511568040612066602e-06 3.283153062419123818e-07 5.262439208521803381e-08 2.991952397461921993e-08 2.078715545104603627e-08
2.811092702027900487e-06 1.537575489682120108e-06 1.295000411089032054e-06 9.679766269698501895e-07 5.961815893104444862e-07 5.014994663785831287e-07 1.446147688657157218e-07 4.458984300500965444e-08 1.920242740800961245e-08 8.550347826263238052e-09 3.984078180992328790e-09
2.024966667502982550e-06 1.870661000941194766e-06 1.588369765001175916e-06 1.278454179208708741e-06 5.267423177874089791e-07 1.802699133740274761e-07 9.248011101564222088e-08 4.927064127977271897e-08 2.597421348778867515e-08 8.749120672126491478e-09 3.177345552027016660e-09
2.123096544812611020e-06 1.192052826682528526e-06 7.605027418116668376e-07 4.963774412463904859e-07 4.237416140363885747e-07 2.001117451890838136e-07 1.257573189343613611e-06 1.039032657799244020e-07 2.911916560756230757e-08 1.132988078270741004e-08 3.331167887169926537e-09
5.081758680864559145e-06 4.028341559658438225e-06 2.692752095748874797e-06 1.797008683699770932e-06 9.927918137729068675e-07 3.335036627072106887e-07 1.233287888528303624e-07 6.280333173320514552e-08 2.021970255923244278e-08 9.229068403635135949e-09 5.108997812156025176e-09
4.226430898752969888e-06 3.182630579165464386e-06 1.467871987042409758e-06 6.272734123657239653e-07 2.548516708976377184e-07 1.484061727047938551e-07 1.826241859236185337e-07 6.523751643331273671e-07 2.203504829518038150e-08 8.237804189522198640e-09 5.346323400368041656e-09
3.242345072939366616e-06 1.681045482851977824e-06 8.275445075974477027e-07 6.085009265570758347e-07 2.508033232463453247e-07 1.555418637191124799e-07 1.137057744753254026e-07 6.419439967613918345e-08 4.246758251266273337e-08 2.078967453044920327e-08 1.191990113999199896e-08
4.323326646783835036e-06 3.150882036351105568e-06 2.203448395763115542e-06 1.529936665044650150e-06 8.446573660534749587e-07 2.797646010800176401e-07 7.118694095243103848e-08 3.723322855118258953e-08 1.834165436299405573e-08 8.733615708483525229e-09 4.323264315215183291e-09
2.996536125920155280e-06 2.124864795007094390e-06 1.789185477618796214e-06 1.042499442336568395e-06 5.096318918265422892e-07 2.196392704914600823e-07 1.187090165300958893e-07 6.344449405746777171e-08 2.824043902444969642e-08 2.477052041782523587e-08 1.225837126073780462e-07
3.829745138062989596e-06 1.846301011158612607e-06 1.013604312613236497e-06 4.307817542938788289e-07 2.530298500159675456e-07 1.740555072135350128e-07 1.104201570732408007e-07 6.840571933981958340e-08 4.153496930937001693e-08 2.446325367904263990e-08 1.576398605745902947e-08
2.015907052019341789e-06 1.857463833932720274e-06 1.731734880230704223e-06 8.136125811406216933e-07 3.589744671778117988e-07 1.422568589455042487e-07 7.455089755308245870e-08 4.812207933988953386e-08 2.302369630679573445e-08 1.105758983079878013e-08 5.620566074086387853e-09
3.451578473783188541e-06 1.827871181115953164e-06 8.014065285934434913e-07 4.575488137408365089e-07 2.833967509990424589e-07 1.962370801516677190e-07 1.129845973962151818e-07 7.674917475979207791e-08 4.708977186060468809e-08 2.473008832280616403e-08 1.964387738587575641e-08
3.652819713856630075e-06 2.642845847312808739e-06 1.969557307348554469e-06 9.381362916423352600e-07 4.966089782249960877e-07 2.245108396329772819e-07 1.389190762353472697e-07 7.962425557950548950e-08 4.600154999014649822e-08 2.040104438609645322e-08 1.254450719804851309e-08
1.418029135815265756e-06 1.435772565009971469e-06 9.132380126163329679e-07 5.537853007150791191e-07 3.791536307043011618e-07 2.014907036219928058e-07 1.331396358774634653e-07 8.284398456543682283e-08 4.623681212976236247e-08 2.240241286855399973e-08 1.076837778426448418e-08
2.395235011072807148e-06 1.742054836272706153e-06 1.177319106735821117e-06 8.147732329049089159e-07 5.676410093409168647e-07 3.525242025811775009e-07 1.897228167019722339e-07 9.865086137218889730e-08 5.567477323035293705e-08 2.327425239927071940e-08 1.281743109489066087e-08
5.398959336466064824e-06 3.383299637256711256e-06 2.136798943992685027e-06 1.237827876652520869e-06 6.676846291421311926e-07 3.550736273696894263e-07 1.735504785041019201e-07 9.264844665208185590e-08 4.195189895129831367e-08 2.513849665243288393e-08 1.798938285832421655e-08
3.711843693270659399e-06 1.900650234812983034e-06 1.172631956728559813e-06 7.030537739249552277e-07 4.573147362008979884e-07 1.978070980623901214e-07 1.157904669314730426e-07 6.296845088881271796e-08 3.646235954405786253e-08 1.988553183992535772e-08 9.391204561192408193e-09
2.468668956090911001e-06 1.596615134717950569e-06 1.682486062237572871e-06 6.983080492488178615e-07 5.665334899238338830e-07 3.606106104327529844e-07 1.392382114212431863e-07 8.755077383823759341e-08 5.133429684817400322e-08 1.524664879922981679e-08 4.213528544534129458e-09
3.547255939793484637e-06 2.409007957298007046e-06 1.582755376526624551e-06 5.639560163807999960e-07 2.963673231929217360e-07 1.783850372833324621e-07 1.201324521015614525e-07 7.555427162057304393e-08 4.709726903676933415e-08 3.201016574970254502e-08 2.210572722464422039e-08
1.703690188471578259e-06 9.536896627651012007e-07 7.242520674690768644e-07 4.653020759357915980e-07 3.034002548358049947e-07 2.104566089595554747e-07 1.580098995111679204e-07 8.266152815355197007e-08 3.718056683363610327e-08 2.062604930904776742e-08 8.221213886246300853e-09
1.726257802185138448e-06 1.009930901146130578e-06 6.274341915151329965e-07 4.573581514429525744e-07 3.986048125061858515e-07 2.418473948608389307e-07 1.049817019371681656e-07 6.980925287847003333e-08 3.247199226135820315e-07 2.921771093902599034e-08 1.641478339943817117e-08
2.983537810958569018e-06 2.264702155139471153e-06 1.456018744962962887e-06 7.244464543607772262e-07 3.998635230186648506e-07 2.233862520149923246e-07 1.200869630791619589e-07 8.603330225531221816e-08 4.734274890115615052e-08 3.372128173283292946e-08 1.795888540792447504e-08
5.864887733964162177e-06 3.959529840269879720e-06 1.802521071051960803e-06 9.801571820095217671e-07 5.172043978022123720e-07 2.550063636409400842e-07 1.180699522430391328e-07 7.201700653564036646e-08 5.314501343516756197e-08 3.641474884123490539e-08 2.797252302361837080e-08
1.594092778656530759e-06 1.019087012650965588e-06 5.757224859870835827e-07 3.816671939781101685e-07 3.219380954631030426e-07 2.686846707586552178e-07 3.708966722364545053e-07 7.801649128566230774e-08 2.565094176060920975e-08 1.444786358150331102e-08 5.546991792301425744e-09
8.622735389463919509e-07 9.745233593929191845e-07 7.414994426432299412e-07 4.815267771543192448e-07 3.375972637837860855e-07 2.236864888558634034e-07 1.316275849819972900e-07 8.823918693491059054e-08 5.744058256425519699e-08 2.588066375924029876e-08 1.500210152006985527e-08
9.919517866816004299e-07 8.211450168079404614e-07 4.546043581703187783e-07 3.315665918413487398e-07 2.679433632909884537e-07 1.913146171548961506e-07 1.261352843364634388e-07 1.949830063408345849e-07 6.278305838591787131e-08 3.087523256712892926e-08 1.746716907788076308e-08
3.265126582388272655e-06 1.810637843744838664e-06 1.457717747863865966e-06 1.033646477034239480e-06 6.916099215894102735e-07 4.222155314332818831e-07 1.805540129846379830e-07 6.369206545352605326e-08 1.038014012050974506e-07 1.773731548519861699e-08 5.905948411772063247e-09
2.474613231074776726e-06 1.687818119584377071e-06 6.776303552248574733e-07 4.585578915875850853e-07 2.941624351866375957e-07 1.965904348077726540e-07 1.376043686204272592e-07 7.664475967956879794e-08 4.981819556542045495e-08 3.156241230486998853e-08 1.155441254290091140e-08
2.637467210397639203e-06 1.868579043384477456e-06 1.282935106959342429e-06 1.104300392103911780e-06 6.228689610586745625e-07 1.868146116316911397e-07 8.249881319932563251e-08 5.862785999647583306e-07 3.208712356792053402e-08 1.545288939119310789e-08 7.905584884043996820e-09
4.589051831803795409e-06 2.446705564785338110e-06 1.256512386238344688e-06 6.087760985479057065e-07 3.530873770055785142e-07 2.061732218727922088e-07 4.644471760757025436e-07 9.180517806185740432e-08 5.138998702496864341e-08 2.514331569107137138e-08 1.581710142680065633e-08
5.576913504419048150e-06 4.192061524991834753e-06 2.963517882953754384e-06 1.701861743516323958e-06 7.998102764474445804e-07 1.971518836120407455e-07 1.042623522302570961e-07 5.447408439005508780e-08 3.062729871113059640e-08 1.782731484110878452e-08 1.319133270393414938e-08
2.140497890377156089e-06 9.974351886784224940e-07 8.576607402853699024e-07 5.159286339984354338e-07 3.468267342151436163e-07 2.109045690145610190e-07 1.219811712838631312e-07 6.702955129708393978e-08 4.333771883461142428e-08 2.463993710375282157e-08 1.209054378562936214e-08
1.103277351574700621e-06 8.018958417423632348e-07 6.071501951882547134e-07 4.803527758719906583e-07 2.741356207570948153e-07 2.074300336961681067e-07 1.142801917742829083e-07 6.840051288141997836e-08 3.663991705590592736e-08 2.232349408735895420e-08 1.236482952415723453e-08
3.617002275517025255e-06 2.958326115643099267e-06 1.496087583040183156e-06 9.197310796464281632e-07 5.079552226572444514e-07 1.660192181911940727e-07 1.721319745923733460e-07 1.256518532810397501e-07 1.630529163962969680e-08 8.019022665451677906e-09 3.753925847933603984e-09
4.127560642028666390e-06 3.122405605581330422e-06 2.630312713679377063e-06 1.809350614030334780e-06 9.660598155859163802e-07 4.891415072745643652e-07 1.157830202688492683e-07 3.991289090105670148e-08 2.772544321375864148e-08 1.951008078230979626e-08 1.539127565964208838e-08
1.932955957652625933e-06 1.249757567839604896e-06 1.091449213928125076e-06 6.327032191164389968e-07 2.813735549044579287e-07 1.724354646598627113e-07 7.999587714170552929e-08 4.688215292386787302e-08 3.013102056366808036e-08 1.410998979048695181e-08 4.287939478126646989e-09
2.355601032063039456e-06 2.270632309968849105e-06 1.613295213173495614e-06 1.186614288642628174e-06 3.660632490211121542e-07 1.723882835619778946e-07 9.045191981242959224e-08 6.314305622830977974e-08 3.124319414590136516e-08 1.614571330691715962e-08 9.895583407200214439e-09
2.497072361614066905e-06 1.880882927501737288e-06 8.872699674139516348e-07 5.160806991440466289e-07 2.991720939746896205e-07 2.061188642461033092e-07 1.009956408659032971e-07 5.158997706063011876e-08 3.499221154276180936e-08 1.846966319288358764e-08 7.501960970636374108e-08
2.939689955896898283e-06 1.782376248504662969e-06 1.002550169158475330e-06 5.715788547289162266e-07 2.646524057492835119e-07 1.720790264979087075e-07 8.982112047555557654e-08 4.925645646555599026e-08 2.498376962097140081e-08 7.555143571127851594e-08 9.528051635612654151e-08
4.155028360723222555e-06 2.812479338138930744e-06 1.760502242928941247e-06 9.728196968753165496e-07 4.982438932828253932e-07 1.515168633062167823e-07 8.971659717436124501e-08 5.865452390909799105e-08 3.162120955303454733e-08 2.167074108407534829e-08 1.409034787190299318e-08
3.945077067902409064e-06 2.767349039041504478e-06 1.997941592245206364e-06 1.209427223095944463e-06 8.211454961396955700e-07 5.145714644686492989e-07 1.951971061611865167e-07 8.924352034089258602e-08 1.294305774801312991e-07 4.490592345295565677e-08 3.722787341343959740e-08
1.361994794756134673e-06 9.570078844501619249e-07 7.729592607880778361e-07 3.762747354076689017e-07 2.285183514025103324e-07 1.585051497968231238e-07 9.632667428172803685e-08 6.109982993467102546e-08 3.427885233799162104e-08 2.211321833848520929e-08 8.850006645246496898e-09
2.036309557972870844e-06 1.889441139150351219e-06 1.097808308872459564e-06 5.513935128727297007e-07 3.215788031979559910e-07 1.374877392553620102e-07 7.611286766969407488e-08 5.791576442171413787e-08 2.888596340421069967e-08 1.747570053842071893e-08 3.281021101850105915e-09
2.422660732375537958e-06 1.408905230415433969e-06 9.608054165955703919e-07 5.138292464395868663e-07 3.766791974300391112e-07 1.841934643309270666e-07 1.045102646574102147e-07 6.363994639707511803e-08 3.925627471509546135e-08 3.006824346790485441e-08 4.408228072158523747e-08
2.440415389316206068e-06 8.977255002184355703e-07 1.164609778383760068e-06 7.562976242483663916e-07 5.412556107508308900e-07 1.287788665661631246e-06 4.598115319452038881e-07 6.171513503253991591e-08 2.381864915994294545e-08 8.651199927267008042e-09 2.802924224513189504e-09
2.383685273590179931e-06 1.875461137146983968e-06 1.065188847098575230e-06 5.577694467146034750e-07 3.049414152725953995e-07 1.730489963542552136e-07 1.073513007202134365e-07 5.517893352000984076e-08 2.924911916695856590e-08 1.625005441802815402e-08 8.368189493569205174e-09
2.703676772648545246e-06 1.222037066417264206e-06 7.812432850449225293e-07 5.262438715083701621e-07 3.070118727358326707e-07 2.090885100175107350e-07 1.204871938452588872e-07 8.085458241739555960e-08 4.606805464431706839e-08 2.874975107259035571e-08 1.641858932664675267e-08
3.300409200310689681e-06 1.682027468301987000e-06 1.224079305852979602e-06 7.865954393314267220e-07 4.570878660179220129e-07 2.825133900280310419e-07 1.645226478890792527e-07 7.882886298938188944e-08 4.750195701374170036e-08 2.217043604019694379e-08 8.535650574907346016e-09
2.904821280927343766e-06 1.645367854989234552e-06 1.022220174621272038e-06 5.171569879101944297e-07 3.361032233986003017e-07 1.986812985904816757e-07 1.119106381943660158e-07 6.849597019649986842e-08 3.319123678559287477e-08 1.771261228964618856e-08 7.068281666171535272e-09
2.643650562411411326e-06 1.905245037731186567e-06 1.428696577465199123e-06 5.775370895586611599e-07 3.399143509244917624e-07 1.738284213906660528e-07 1.048090608831999719e-07 6.024292812096208428e-08 5.037521118893536140e-08 3.499432207567377689e-08 8.539760614411892200e-09
5.317433809514957323e-06 3.859848996735254397e-06 2.331298191128904783e-06 1.478908131329908423e-06 7.118331090291645526e-07 2.621251021436109413e-07 2.609197826471400404e-07 7.850798974116071208e-07 3.492170824664934986e-08 2.056149891714028724e-08 1.306967940129848425e-08
4.752239156354519874e-06 2.637624754242067792e-06 1.722638109856419020e-06 1.136139938680455919e-06 5.719264241889550627e-07 2.612289410196405108e-07 1.089078952720551518e-07 5.112428126546949131e-08 3.083892361571322668e-08 1.599182921204210563e-08 8.672005653069314026e-09
7.639477435281807087e-07 3.942447705742845865e-07 1.779755834614915028e-07 1.196462877505395829e-07 1.178537434473001647e-07 8.647738310063971708e-08 8.851229341002968037e-08 4.957065931795868657e-08 4.019582574848828569e-08 2.236483932181425043e-08 1.446975732592744220e-08
2.952773275390805396e-06 2.184586552849464926e-06 1.006509389579891764e-06 5.658043161530328439e-07 3.313462162788477434e-07 1.423400787135189102e-07 9.158283377354367717e-08 5.682643901102631731e-08 3.438870068048886073e-08 2.015001130118410283e-08 1.012645671796319396e-08
2.337874348609200289e-06 1.590568320115114453e-06 1.123209442319192135e-06 5.894122673540873533e-07 2.686785234765339434e-07 1.740974824505676374e-07 1.113710557290712872e-07 5.543615849970451136e-08 2.750609052468543422e-08 1.453127436709861089e-08 6.816922796381721886e-09
4.900020592667285610e-06 2.986592618784629944e-06 1.240726891507926343e-06 8.940898207768679836e-07 5.132648251993199924e-07 2.645863246196622736e-07 1.216208408975196343e-07 6.892377028952209676e-08 3.606441808985027598e-08 1.639899286051173712e-08 8.881796424643903476e-09
2.050701604267569669e-06 1.791179509597520117e-06 1.735565958981990414e-06 1.353350156129348564e-06 1.029512820153371168e-06 6.201689620306325964e-07 2.265403378527448020e-07 7.467067212258686521e-08 3.652536601827853627e-08 1.533912766574632370e-08 4.081536842737637303e-08
4.347667114783158861e-06 2.727314871200161478e-06 1.802699628913989462e-06 9.952084169232723187e-07 6.057862948337654765e-07 2.278966403113830593e-07 7.263786088109886543e-08 4.963091284104525275e-08 2.448891990519033771e-08 1.620883518102577062e-08 7.314202938114817022e-09
1.347927605125510081e-06 1.189873305402699869e-06 8.093457553761226356e-07 4.003668881321538340e-07 2.846351943379549456e-07 2.988133770434198963e-07 6.971143733538887848e-07 6.972146945089018301e-08 5.342522451329377584e-08 8.475448853083740671e-09 1.579694063071798322e-09
2.825142819302995821e-06 2.040575772208208098e-06 1.237932766354925542e-06 6.586709166989564428e-07 3.614750508330431611e-07 2.405914174505219659e-07 2.262949400184613178e-07 9.690385577925891175e-08 4.264063785028187238e-08 1.624545309560582606e-08 5.914491234412595612e-09
3.168970709515602095e-06 1.255644923760978109e-06 8.881843166774713399e-07 4.805806822879375396e-07 3.223759040495828968e-07 1.913739921502310351e-07 1.246800187301858783e-07 6.879990774379475924e-08 4.269614171251900912e-08 2.793280265429531418e-08 1.378826849710522885e-08
1.304808138236232054e-06 1.572888417483959077e-06 1.008152297265957975e-06 6.693399124997258628e-07 3.637568787868586946e-07 2.413321105121338368e-07 1.380405706071398364e-07 7.941049180733623405e-08 3.140613077911444272e-08 1.698269643725142684e-08 4.301006599482423217e-08
1.460417942297640068e-06 1.056184535835946409e-06 7.896517506058582377e-07 5.120312858346218126e-07 3.254838746811719824e-07 1.757870852748877629e-07 1.067017420486336030e-07 5.498544640300449440e-08 3.166942520385691864e-08 1.546078487534763665e-08 6.458531107615522235e-09
2.322887438499910575e-06 1.076553114527347633e-06 6.496682918576658192e-07 4.904060962967999030e-07 2.907127220924815599e-07 1.928479965695248031e-07 1.012050888378987030e-07 4.843913606542860160e-08 3.019861375832908648e-08 1.878579277839726549e-08 1.052149269004446470e-08
5.326488498475628637e-06 3.816974823893212215e-06 2.577053826953088533e-06 1.586931989488744680e-06 7.403793041597791397e-07 1.622369875756967204e-07 6.905097555056959197e-08 3.405479491408104132e-08 2.041689296693684224e-08 1.376052776508173838e-08 5.732267404219530707e-09
3.506469209846162430e-06 2.661719871689393812e-06 1.464689937793527522e-06 7.016370317849296080e-07 4.159848430444089202e-07 1.167650762782476293e-06 4.648073885355360438e-07 5.215545787028814046e-08 1.921501224155639684e-08 5.912672810968679287e-09 1.955010678979040731e-09
3.169549187248193483e-06 1.406027786564642076e-06 1.119694765201910225e-06 7.290857630177284610e-07 4.039355007385624217e-07 2.625020973959997197e-07 1.364544132748389259e-07 6.415448986887336785e-08 2.990142352555398334e-08 1.456983356099942740e-08 9.006046951832238761e-09
3.266066855224425717e-06 2.014356297228143143e-06 1.347082022945155354e-06 7.641692535385333667e-07 3.438574107943529357e-07 1.685168643858600448e-07 1.025461223706717322e-07 5.497955832893197514e-08 2.804903574982323734e-08 1.439539695498809679e-08 7.255112744725639813e-09
3.160891306816753746e-06 2.268961624482658774e-06 1.639251668948261147e-06 8.933931996458367798e-07 3.972746921072780826e-07 2.258063524722948348e-07 1.177792695917612069e-07 6.740283647437417022e-08 3.166552462354716302e-08 1.383404526387694444e-08 7.177526827435917811e-09
4.897235431905716005e-06 3.477728180690087816e-06 2.642455474785730373e-06 1.579405982039313091e-06 8.408304629198532441e-07 3.547760868759702340e-07 1.254448043927113144e-07 4.637299746371231967e-08 1.929273541374576098e-08 1.222467439746943188e-08 6.960130071679673505e-09
2.602000200654007390e-06 2.100520393015477212e-06 1.371025358363873242e-06 1.033954605219384438e-06 4.311169375412259075e-07 2.018128383387125176e-07 1.143501419691771598e-07 6.496081442623077292e-08 3.381406298197792265e-08 1.950010139703836764e-08 1.033813367463859867e-08
1.877083942375579468e-06 1.105204633866411150e-06 6.768139187847706342e-07 4.398841456413917111e-07 2.757343244012861039e-07 2.550038504913937601e-07 1.559499030355556992e-07 8.177826346028285911e-08 5.238798231969647896e-08 3.411942094133042291e-08 2.297780106648690667e-08
2.286243952967680091e-06 1.457656015366109704e-06 9.830413549127000582e-07 6.055002819470530618e-07 3.459188470203031842e-07 2.877761974091574342e-07 1.370460983121939045e-07 5.735559717252864846e-08 2.768460940061640240e-08 1.679279588857440203e-08 1.050279452695426142e-08
2.522221665994442826e-06 1.770190872085074862e-06 7.666911178206560968e-07 3.995915439435275550e-07 2.538370559677921709e-07 1.542458355548013665e-07 1.060940515365631418e-07 6.933614771670576816e-08 4.276618395300735293e-08 2.251036889379663298e-08 1.185083572630069589e-08
2.000369957068378125e-06 1.213738240176965018e-06 7.898648292468544655e-07 3.741099053201001356e-07 1.748991153182480695e-07 1.275487362191636553e-07 8.659099026160279163e-08 5.589709387262565804e-08 3.362933812195690037e-08 2.556096784852792976e-08 1.784428353912173890e-08
2.256032245575785525e-06 1.925300352955472667e-06 1.510895300738877541e-06 9.130721012190976790e-07 4.885774385244676292e-07 2.678994601708944657e-07 1.349404922507366555e-07 8.399041022722932471e-08 4.527784530120378818e-08 3.164400534223189679e-08 2.058099646830781693e-08
2.699292227999479400e-06 1.822403372404648249e-06 1.827182565367529522e-06 1.013365464839285968e-06 5.280800117051345879e-07 2.874080534415665692e-07 1.030894866666114423e-07 5.416327826647605826e-08 2.882298404434803547e-08 2.209222224550671432e-08 1.151255134341458222e-08
3.544629919970771459e-06 2.442674412476684585e-06 1.736154453089293206e-06 1.170112266854735284e-06 4.532061953511050376e-07 1.824678101307204131e-07 1.023207720850920170e-07 5.475118788035655526e-08 2.705040594687513686e-08 1.634809628903937163e-08 6.228799529497275205e-09
3.313221423959006671e-06 2.378477921664444860e-06 1.427776305835810642e-06 9.658384758415395665e-07 5.048283297728000135e-07 2.139316370423952625e-07 9.558677856981372417e-08 5.753685634517886450e-08 3.100809145855060470e-08 1.720054002934412494e-08 1.035879175038433386e-08
1.777289816451426867e-06 1.663983179791211933e-06 8.368998720302896288e-07 5.631003308882680852e-07 2.760504683642997556e-07 1.886802953753060094e-07 1.095510594430726529e-07 5.872191119980900018e-08 2.562051581438087188e-08 1.162334931452210171e-08 5.630796216591182232e-09
3.104659059435248234e-06 2.529697778258050163e-06 1.738826328517962958e-06 9.401108255331743057e-07 4.216776493819369990e-07 1.828480674364407426e-07 9.539652048401855114e-08 5.608720725269524093e-08 1.609365724328384315e-07 2.615159451684503981e-08 1.250577690256030562e-08
4.508594400431720339e-06 3.103690028502269643e-06 2.043184467892191093e-06 1.208589436096560026e-06 7.737721294607085455e-07 3.127775158658781177e-07 1.599606884668785704e-07 1.160687688087871307e-07 4.691062963286144724e-08 1.745367833479103823e-08 7.864082142568565394e-09
2.533635527410145207e-06 1.308090040017101908e-06 1.148414562384184475e-06 7.898138702755893286e-07 4.147224857408246625e-07 2.074656946955636186e-07 1.174958680878681735e-07 6.075482572414419383e-08 3.547059413557349626e-08 1.927576557557473434e-08 6.653836738715856491e-09
4.049932264609142165e-06 2.870637317450532421e-06 1.963365377925952062e-06 9.323094560259530370e-07 3.500944213799673632e-07 1.437235709694244690e-07 8.411592809995098676e-08 5.070459324320149845e-08 2.822251381845374883e-08 2.208478384226573916e-08 1.291161965153223506e-08
3.927590779401410608e-06 3.184788117936324591e-06 2.201137162137811735e-06 1.122161871760272311e-06 5.478267127362997875e-07 3.178972034190494597e-07 1.585395440035471646e-07 6.574888316443677030e-08 3.244256564154541285e-08 1.790707151869270104e-08 1.537151269648548704e-08
3.178955722401291678e-06 1.538527708990632028e-06 8.266118449241372253e-07 4.118583591743797976e-07 2.483969132982189656e-07 1.493496601758714706e-07 1.239965044061497530e-07 8.127687959129489861e-08 4.234416575827296840e-08 2.188993521448923177e-08 1.012880825618852214e-08
4.968906985870602709e-06 4.128350255226973289e-06 2.686136753115887466e-06 1.447861662467493143e-06 7.594209669010502669e-07 3.446972598195350476e-07 1.790928348524483806e-07 1.067616054068368694e-07 4.804804205270293393e-08 2.755777033905416355e-08 1.098306875141198016e-08
2.523265056142606812e-06 1.674906633813638325e-06 9.114322374427697620e-07 5.061246757670681134e-07 2.861317284963888391e-07 1.839043999135040117e-07 1.014493968312869005e-07 4.959363854759648811e-08 2.406249810475455703e-08 1.110250796795439331e-08 6.660394756874994054e-09
3.927977032970819221e-06 3.621236456296673132e-06 2.595054970308769625e-06 1.924419769428423526e-06 9.072751212730737261e-07 2.893903066425512769e-07 1.379662844878591913e-07 6.628139061941536347e-08 4.479071419582533070e-08 1.337912668996220223e-08 7.794133856207896856e-09
1.445505265003766657e-06 1.316779307885960719e-06 9.409774567608845438e-07 5.841487649217439161e-07 3.565654391144966145e-07 1.948925609356879573e-07 1.074146653537648474e-07 5.550428424101195210e-08 2.794082944730884522e-08 1.509831783888927710e-08 9.102182840111552678e-09
2.562944429024559904e-06 1.830503403384748883e-06 1.207898536040497803e-06 7.961564109960216527e-07 3.159675970864417319e-07 2.286560946018159591e-07 2.218113219073444458e-07 3.539849227311385754e-07 3.732145561388960007e-08 3.759469225688113236e-08 5.944856075018634387e-09
3.129693389815975558e-06 1.597486829487277863e-06 1.336970693981877799e-06 5.882128343202964111e-07 4.281799712186578635e-07 2.296778426310476550e-07 1.440131156849530877e-07 5.937248900524832623e-08 2.364697119795189485e-08 1.166535977190627736e-08 6.611269695206984212e-09
3.179737490302518734e-06 2.128031875535910020e-06 3.702353337469973628e-06 1.492725018731142144e-06 5.274470281910491750e-07 2.501748867591760019e-07 1.210515642169806955e-07 6.657113257043524829e-08 3.631328237318566957e-08 2.074924323936987051e-08 1.066377172587199313e-08
4.176584106056669581e-06 2.347454183935375413e-06 1.125048600664058726e-06 5.455995874344352570e-07 2.432545272336603597e-07 1.538930376171250333e-07 6.922608601179806541e-08 5.005028662150371498e-08 2.924613554668484406e-08 1.721400283454252841e-08 1.180085731621471045e-08
4.257041029454580278e-06 2.632532861255271038e-06 2.102864746188779115e-06 1.496296026932776142e-06 1.016258893880027399e-06 3.951990017146471712e-07 1.217484989811277846e-07 6.291372437213505282e-08 3.610054732452146792e-08 2.079814206315792409e-08 1.363426239113289925e-08
1.958588401210607053e-06 1.046515556990334778e-06 7.036582558936661464e-07 4.794846994676101519e-07 3.085183689754835565e-07 1.758927484147904572e-07 1.071680750910287825e-07 7.037840842356140043e-08 4.087432463293410361e-08 2.046206676001380097e-08 1.106861311815486294e-08
3.044493125229156903e-06 2.580068204314443132e-06 2.257348532593779674e-06 1.319550675033824508e-06 6.535092963638003537e-07 2.558071775681157336e-07 1.438123470600818261e-07 8.187644976655442682e-08 4.129476795944180496e-08 2.000169015219125342e-08 6.375265671124105359e-09
2.168905053195079852e-06 1.612326704979302747e-06 6.609511129307615283e-07 3.600566218056651098e-07 3.103646374435071595e-07 1.767034503821776215e-07 1.000876430374127485e-07 6.675691866740845426e-08 3.796566397957500094e-08 1.907527849773322884e-08 1.309332044334946350e-08
2.219473470737308507e-06 1.489397185681861458e-06 9.481913993777614627e-07 4.729772715983790052e-07 2.757850558188452974e-07 1.795602485310934439e-07 8.516377461844633917e-07 3.391862591189732325e-07 2.315961262403191209e-08 9.253832900743641344e-09 3.923896278122713226e-09
1.408187787091381492e-06 1.092033957059502926e-06 6.817747877038077197e-07 4.629313202280436106e-07 3.458047274724542067e-07 2.416290579524432272e-07 1.471488148027860404e-07 7.513101787570289000e-08 4.106777700781582374e-08 2.053648219516376041e-08 1.301603475934570084e-08
1.011934970287165780e-06 6.475584960744254565e-07 6.419563703720395022e-07 5.036015214912646518e-07 3.351158141201722781e-07 1.980924534608416158e-07 1.311521476340636247e-07 7.181094655925269239e-08 3.151025783689013282e-08 1.954797853271305316e-08 1.177783712846524431e-08
2.823134589336007937e-06 2.346680081442372244e-06 1.507861062510109067e-06 2.147039367506049796e-06 7.786088802081523867e-07 2.671702090354077705e-07 1.657513287285874450e-07 4.769438464565623089e-08 1.825363491036408036e-08 9.272372777904831208e-09 4.088043031651815921e-09
2.349485249035185194e-06 1.946888447004983587e-06 8.467243634655140071e-07 6.427107352057397322e-07 4.056656716676881983e-07 2.481498748629658767e-07 1.216518427219830568e-07 7.732561708879696595e-08 3.209605104305332620e-08 1.071527984767476324e-08 3.732785118121165186e-09
3.347499973991371953e-06 2.305558039103539124e-06 1.785332096053599020e-06 9.679866142400752102e-07 2.099934799183996919e-07 1.521986811645366325e-07 1.026886503817376603e-07 5.838374346462736597e-08 3.107201687699553376e-08 1.365950009719288387e-08 8.388121843223490286e-09
4.473756772999236029e-06 3.077406613279405380e-06 2.643410891598075757e-06 1.479914919589524791e-06 6.444030647090798912e-07 2.036693650891192441e-07 7.810875749193360792e-08 3.973724059883867912e-08 2.571977578047607191e-08 1.468705436527045990e-08 6.885183627205679085e-09
2.184782759915116247e-06 1.234317114253587917e-06 8.183387344604460193e-07 4.641802171877375581e-07 3.057154132242915162e-07 2.529968643218298592e-07 7.912777828296073387e-08 6.062854642629774668e-08 1.983986131287208319e-08 1.101200229256435470e-08 3.830398854668723154e-09
1.761107967472013513e-06 1.862807467712108499e-06 1.477200169380874185e-06 8.756348994334109796e-07 5.808194605801181307e-07 3.228506261660014146e-07 1.900059144644910505e-07 9.429342801115097713e-08 4.441582702570562346e-08 2.464037009840262305e-08 1.311104421444321698e-08
5.078955576935981351e-07 6.432658474826624933e-07 3.852221198890515667e-07 5.063730891077530028e-07 3.211528700703176268e-07 2.133259269281424765e-07 1.160019894419019543e-07 6.726495957883250850e-08 3.487261449403765090e-08 1.605345289500308331e-08 9.024139584658502967e-09
2.233719186616783378e-06 1.582838221469895084e-06 6.247082519890628977e-07 3.375313961921750077e-07 2.446120318710625575e-07 1.721350413395650950e-07 1.151150215907626316e-07 6.426099876529358115e-08 3.662821321640155287e-08 3.512065220455978906e-08 1.170640513920854384e-08
3.891845472698517940e-06 2.938866544358306492e-06 1.851026500860305882e-06 1.082238296789732433e-06 6.724957335079359061e-07 2.497825803506855558e-07 1.088368221766336333e-07 2.996499441973931621e-07 4.751674549129007057e-08 1.487688371598659292e-08 6.798654234469994191e-09
1.962966766046585994e-06 1.259178664592687430e-06 7.223315696009678750e-07 3.861493806308240563e-07 2.345431148916232509e-07 1.449942786940568751e-07 8.282729738765729063e-08 4.684358115044170827e-08 2.419040259723292817e-08 1.309886399641701592e-08 6.905620911467714231e-09
1.738410525508294214e-06 1.204504293486967157e-06 7.959574103774817847e-07 4.224209599903747229e-07 2.899481148323525560e-07 1.420519120164475588e-07 9.737558878428074852e-08 6.419891574820945519e-08 5.641966068968101550e-08 2.537042000084873338e-08 1.512747958524242066e-08
6.753463187316188914e-07 4.304579655498410957e-07 3.918153304370801951e-07 2.605399908022249498e-07 9.745505674910695683e-07 1.868130688566984050e-06 1.651188794733081893e-07 7.978795559899005077e-08 4.034241477883760120e-08 1.980664528262913868e-08 6.097595628653900749e-09
1.307943437591845768e-06 1.266168055033893494e-06 8.077868477606411518e-07 4.163849834406202894e-07 2.681618659537726803e-07 1.864968782059654445e-07 1.801953916795725438e-07 2.325781223781809664e-07 7.708477300140114022e-08 1.925587185535422449e-08 9.638402647457232060e-09
5.790191369513305763e-06 4.644120274517189628e-06 3.509663305049690573e-06 2.413188390484461402e-06 1.125573975736659055e-06 3.996803283400116924e-07 1.711709979667894369e-07 6.572247532556947502e-08 2.113821523425117635e-08 1.217998032667080191e-08 6.773275247034936082e-09
2.836299317577858387e-06 1.335720870747320737e-06 8.762938454071480833e-07 4.287938951615578872e-07 4.629539412817680000e-07 2.299703736172301992e-07 1.075363730432538109e-07 6.247173554637910231e-08 3.378797104147985051e-08 1.753975448141515718e-08 7.935678622180314604e-09
2.230777063966437708e-06 1.640861435864592795e-06 1.120210247612556962e-06 7.427427976442009824e-07 4.616447170431000089e-07 2.619966392677045785e-07 1.529414885324969663e-07 7.198794531742226988e-08 3.140414711613199401e-08 1.498948187781242773e-08 8.778590146518523800e-09
4.283747826054405577e-06 3.420680443064366478e-06 1.494180384685776317e-06 9.389702634040712947e-07 6.646169144427006124e-07 2.232065405899285043e-07 1.291122895662559656e-07 7.390993340849517800e-08 4.139996748608332283e-08 1.936437207174251274e-08 1.144733436771673939e-08
3.282628618516046323e-06 1.677533312495613546e-06 5.501238241204273924e-07 4.604178835168885017e-07 2.297590255424938159e-07 1.440113695452820326e-07 7.398933729760257083e-08 5.335595789850563828e-08 3.398208293781464221e-08 1.987087887643401064e-08 9.598348667268143506e-09
2.680003116782931231e-06 2.047424391923169502e-06 1.140541322298189372e-06 8.048101855971914748e-07 5.166246623852945886e-07 2.676311960779082565e-07 1.405801314182673353e-07 1.066807170699216764e-07 2.933744156875025307e-08 1.053524524026598435e-08 4.567211747488741832e-09
2.222456390198261499e-06 1.078863850183659299e-06 8.740051693060521955e-07 5.469078266740238409e-07 3.108558872658397831e-07 1.681417618539785953e-07 2.932271213921011578e-07 3.340841008716566527e-07 2.769119731206093651e-08 1.537177159974667785e-08 8.440468872120930013e-09
2.150858831273001550e-06 1.233832005710527128e-06 7.037601852711330555e-07 4.833979600779987235e-07 2.398246051015180253e-07 1.658493316380081929e-07 1.267213685435376526e-07 6.879217392926687995e-08 3.732678803875641527e-08 2.113353427753720369e-08 1.113541015064536896e-08
5.025693195497066881e-06 3.889910553093072268e-06 2.848349539672953416e-06 1.326263878217064214e-06 8.052733824286316492e-07 3.611109743908288055e-07 9.662095340253643731e-08 4.222886063062155035e-08 1.876701027309063697e-08 1.130403374137476261e-08 7.125971479948260606e-09
1.470749058725036521e-06 9.389676662179193960e-07 4.925466974088618864e-07 4.123976294873887819e-07 3.117147258147130460e-07 1.969661062884532642e-07 1.338540504944361581e-07 9.454995873250319000e-08 4.664233342526333876e-08 2.386805940755669670e-08 1.470257705401447564e-08
1.415041495998732598e-06 1.014399575620182513e-06 8.759043396064436329e-07 7.132641226028627758e-07 4.667620025120699979e-07 2.406176487564751044e-07 1.278214022441861183e-07 7.014867501121645064e-08 4.269614923230227167e-08 1.871626117793869025e-08 6.501241992742281733e-09
1.850469268411595349e-06 1.474909222347330572e-06 9.083079964330238312e-07 5.607700452194396238e-07 3.296135172523058075e-07 2.134703155107420170e-07 1.159397282836572626e-07 7.231461984929365536e-08 4.439427409455258226e-08 1.834090632245536306e-08 9.910935270132309114e-09
1.766273615119624171e-06 1.326370438500000199e-06 7.277821132697001191e-07 4.902580976795350700e-07 3.017725797849996091e-07 1.725028754294811368e-07 1.096966577163467147e-07 7.417627635629621414e-08 4.167963154525010807e-08 2.333801645432503597e-08 9.378048191983427214e-09
1.314262555481329723e-06 7.946758242849757235e-07 6.699407269881814211e-07 3.036291327388244363e-07 2.170809531538747564e-07 1.250398234189350377e-07 8.638621511741439935e-08 5.273656483685254858e-08 3.541991822966554815e-08 2.176612236823595722e-08 8.816216546256337421e-09
2.818965880239333321e-06 2.445987940490094791e-06 2.067011308207314502e-06 1.040594762177440159e-06 3.900403872856513710e-07 1.981900216483322262e-07 1.328339599757230008e-07 6.767039649118638937e-08 3.287450960086020571e-08 1.642394030850321605e-08 7.802068579269414237e-09
3.981275579948088990e-06 3.230045304695486478e-06 2.441944476296550733e-06 1.381990478257209855e-06 3.273805916667146515e-07 1.237290819690324642e-07 5.876250783973702220e-08 3.981505188438980268e-08 1.769529922287247704e-08 1.109145476392198578e-08 6.705224345160256268e-09
1.493203485418747883e-06 7.852962431821949351e-07 6.177651900842659884e-07 4.123349152298779942e-07 2.576292774487610557e-07 1.856206784784544101e-07 1.097380875411397941e-07 7.579288630113684158e-08 4.375657260716440195e-08 2.362988943077330087e-08 1.096817304724638266e-08
2.486689047760230306e-06 2.058547324652435175e-06 1.803342523968207727e-06 1.327049621015590346e-06 4.663366745339924770e-07 2.450109223524947241e-07 1.478219091624428661e-07 7.958057849358885660e-08 5.898586903363585454e-08 8.194717304553603273e-08 1.324161016398380526e-08
2.876089402606584191e-06 2.109242857269485644e-06 1.759940152715074363e-06 1.426038573119785323e-06 7.376724316856681858e-07 2.921811709765184195e-07 1.039951757303789596e-07 5.014312726098974239e-08 2.412557092206777681e-08 1.067316309056444313e-08 5.902801216479979207e-09
1.425279766731823562e-06 1.689501203306068266e-06 1.026237274644839110e-06 6.969403490517200315e-07 4.596386077237372774e-07 2.677929108062925805e-07 1.467599813801868299e-07 5.976092228556643446e-08 2.997764582110039978e-08 9.506417663509294574e-09 5.077522799545352710e-09
2.220622735996689227e-06 2.076448773745570190e-06 1.633708490232289267e-06 1.103816214392700645e-06 5.237638189754456888e-07 3.500724134489413609e-07 1.085885266799877350e-07 4.715580078188795890e-08 2.898419217484948585e-08 1.253726555361780293e-08 3.571280443984173729e-09
1.925348930673491409e-06 1.082117513808653549e-06 7.030432104311111018e-07 3.770182507211128458e-07 2.717265875848593815e-07 1.654234188932746390e-07 9.160041526278541691e-08 6.415719251697103982e-08 3.971124368283567535e-08 1.944868493038686506e-08 1.024285589540337209e-08
3.502654125618934594e-08 nan 2.336438068862137684e-08 1.696514410257091174e-08 7.262771277751659040e-09 1.651259269669598708e-08 9.338511446894281622e-09 8.599301716714206666e-09 5.870389816390188414e-09 7.047082701682372105e-09 1.247777677290056981e-08
9.931836525349524091e-07 5.448908351212854456e-07 5.130057356317828696e-07 3.799477729033775015e-07 2.274337644661104397e-07 1.969148381762170335e-07 1.357553147471012586e-07 7.967127113960823792e-08 4.961790282357101130e-08 3.094527072805510972e-08 1.671115107777205229e-08
4.927262270249034423e-06 3.360635206669080724e-06 1.760356593295234496e-06 9.531955415229103474e-07 4.467309072938434969e-07 1.362469590915391145e-07 9.872226118428052374e-08 1.210815492377182122e-07 3.382299857166715893e-08 2.388201126063443859e-08 1.459187964146426677e-08
2.140314211395666091e-06 1.035963878812264527e-06 7.363867558380960875e-07 4.527086074590126181e-07 3.000098600011222321e-07 2.092880137870095277e-07 1.115976186871984341e-07 6.273011029023486848e-08 3.397583754981861878e-08 2.094346851509845471e-08 1.349238871876180374e-08
4.531207732053621010e-06 3.297907562214120525e-06 2.386212957878567994e-06 1.675839059607327313e-06 8.886340269707158809e-07 3.776366706101783709e-07 1.553056896980946555e-07 4.476172454721641625e-07 2.720977251404495645e-08 1.068880460288010182e-08 5.363611552451154042e-09
4.843199075472032606e-06 3.012598311597729635e-06 1.631789259454112456e-06 6.022740320105398103e-07 2.231467390356393736e-07 1.764277629353719260e-07 1.156571144126900339e-07 5.522342468276385787e-08 2.879707905362291470e-08 2.542538399440895821e-08 4.486196633073131236e-09
3.112724782164635013e-06 2.518069212526488359e-06 1.657994973061282965e-06 7.945528668128948706e-07 3.774328096197023117e-07 2.061462816853668745e-07 1.224793499877972928e-07 6.028588243620941793e-08 4.456802535704156332e-08 1.694820620963705136e-08 5.898387081123241538e-09
3.400436220025880854e-06 2.832401930581808076e-06 2.113631019729661231e-06 1.568507124112342513e-06 7.296015944364084544e-07 1.935696501642048607e-07 9.202191266694418722e-08 4.864364616977968927e-08 2.546812919380111343e-08 1.588037669549231224e-08 7.700884261486417854e-09
4.371189044442727427e-06 3.421005270326364548e-06 2.725996276606779962e-06 2.082818640165677158e-06 1.317597142980214586e-06 6.051734308308375848e-07 1.352590997875716005e-07 6.189753579063686840e-08 3.028717412723336266e-08 1.606407693173406006e-08 9.124642668879257683e-09
3.109960824580906267e-06 2.135658946584647222e-06 1.457652178774238293e-06 1.077568020439997297e-06 5.254778524159522655e-07 3.021540506790109553e-07 1.777030779150503559e-07 7.502098992930788492e-08 3.614852829259516699e-08 1.531277204919711914e-08 1.035790533268835016e-08
3.298354959397025764e-06 1.975421581361489529e-06 1.230188595271022715e-06 6.305036371155636687e-07 4.213016677219814557e-07 2.594886042863327856e-07 1.989835280425971400e-07 5.844972398406425232e-07 1.990985665307372018e-07 3.243504469348839943e-08 1.418875247728051772e-08
3.308776584347132904e-06 2.459168960393518964e-06 1.802494584454807930e-06 1.208850034160640003e-06 5.056931559753206734e-07 2.162159272956065132e-07 9.851161380217144995e-08 6.757201302712698321e-08 3.578695707200819417e-08 1.479283107229738672e-08 4.743783970812704574e-09
3.248326838167169617e-06 2.134620764013035630e-06 1.306440217158321241e-06 7.666389740703604049e-07 4.190827203080140929e-07 1.973917979480328413e-07 1.154712259887776486e-07 6.011274120916745801e-08 2.756860829603804916e-08 1.594473878318762779e-08 7.077963710889844934e-09
4.262977598077222236e-06 2.516801155503952249e-06 1.532288536366699252e-06 8.315167034585630194e-07 4.784298268877828891e-07 2.463578732383872626e-07 1.285822296453232109e-07 5.881829480187671301e-08 3.701407830217570992e-08 2.018376907493457932e-08 1.457099484959846611e-08
3.006602465359015005e-06 1.870842290811185703e-06 1.394711988452508120e-06 8.633125746652917971e-07 5.066881952579631528e-07 2.663706113638044246e-07 1.507217843109459292e-07 7.254137269681971443e-08 5.804095195531129739e-08 1.307632500245521943e-08 4.294793683923577037e-09
2.187448915828297106e-06 1.660320284418099385e-06 1.121008935792886636e-06 8.266519122729108471e-07 5.847136928170025572e-07 2.223733975636089862e-07 8.926461783138888327e-08 5.119061206173449453e-08 2.029290162361717466e-08 1.342181099801205369e-08 7.146480811005945930e-09
3.738372629776027649e-06 1.925714564817772977e-06 1.232375192789226605e-06 8.386441867847165101e-07 3.961072924845878023e-07 2.148576254942781820e-07 1.243997743955225406e-07 6.722016965760222762e-08 2.966875961313742673e-08 1.641277399342193573e-08 9.309848262886083373e-09
1.133706249159187723e-06 8.113212279733708684e-07 6.837029815640778077e-07 3.731013419806315032e-07 1.997961503154872541e-07 1.408399714224361988e-07 8.738761488802288735e-08 5.516970088356471794e-08 3.670946150814605604e-08 1.799216218440861027e-08 8.470948980599397405e-09
2.123080211201250318e-06 1.324262162486949641e-06 6.817080563916901339e-07 4.097837576532606383e-07 3.003195674715703959e-07 1.866541039218598922e-07 1.132663881205688480e-07 6.608729425562737930e-08 3.826183191003194699e-08 1.755203976173782445e-08 1.047247840651690411e-08
2.355447782277732190e-06 1.531121519504959399e-06 9.547403149504235480e-07 6.550870926044841738e-07 3.622282220104747708e-07 1.927927841944116723e-07 1.459306646987840600e-07 6.419712468332368889e-08 3.505679986608156644e-08 5.682595677041467595e-08 6.936920737151698745e-09
1.743839016540367005e-06 1.216392551056879630e-06 8.866355140598520725e-07 4.634039665951892673e-07 3.091816575365921381e-07 2.337324320682301154e-07 1.305787873238016690e-06 1.705281758933074453e-07 4.909176105498399933e-08 1.500139384795340009e-08 5.801893615916302897e-09
1.216147309235217953e-06 1.066162881054918421e-06 4.672856419018234464e-07 3.219668353285155056e-07 1.711450171339661721e-07 1.430239608973741382e-07 1.024210544523653422e-07 7.156348937728920453e-08 5.667578960825322088e-08 3.476240716083791604e-08 1.520513739076444934e-08
3.866503022966971447e-06 2.804340149567284052e-06 1.773550537487404872e-06 1.151891006819882282e-06 7.665623216185921900e-07 2.659724542030540205e-07 1.104269888679746420e-07 5.705593063176339726e-08 2.426318289042064369e-08 8.910721041686585800e-09 5.837408105608199996e-09
3.432311764074676596e-06 2.290980845704073306e-06 1.796803106147883628e-06 1.252565110086523934e-06 7.422695059839236291e-07 2.590897188834875069e-07 1.241196290900018629e-07 5.750838353616048107e-08 3.019202857202714966e-08 2.097836583955282000e-07 6.399521201638404718e-09
2.949489165214189928e-06 2.238342234308543949e-06 1.592178620320126498e-06 1.068290836283662448e-06 4.408157273740154021e-07 1.644873791900870386e-07 8.871700772825994773e-08 5.234644154373395663e-08 2.382364882502567048e-08 1.108965398084980525e-08 4.771258975581547269e-09
4.610217562098176514e-06 3.172247165256707079e-06 2.582964062444435600e-06 1.625235507364763377e-06 1.033042828289825484e-06 4.493130558500275353e-07 1.160864234755542708e-07 3.366393242005827075e-08 1.622458864140840264e-08 8.293893435805057550e-09 2.930497043634660780e-09
1.165892661819037540e-06 1.265887547578107673e-06 6.025749376480525108e-07 5.424391337506258379e-07 3.386330595623592965e-07 2.021094304321356938e-07 1.049933968658292169e-07 5.671319261960404638e-08 3.353308564504441215e-08 2.100751357984898597e-08 1.367664028674736234e-08
2.910549554283140558e-06 2.031698201692528738e-06 1.175949887409792269e-06 5.662557922742709871e-07 2.976301571930101545e-07 9.690766178812555695e-07 1.480392102541930606e-06 1.201580060142045886e-07 3.498970617727384791e-08 1.396579529835948252e-08 4.523388856171886623e-09
2.621918866384808634e-06 1.512398345187578353e-06 1.065539893435070830e-06 8.297350563686973246e-07 4.695996940202813285e-07 7.196761885885828518e-07 8.519658705034561596e-08 5.099254921792419718e-08 2.372338168697722014e-08 1.355566144092319613e-08 4.301379254832790711e-08
2.184460992226280153e-06 2.397525538985417818e-06 1.104273701198833526e-06 1.469625571079932579e-06 5.123386437757680897e-07 2.350647997151406328e-07 1.633159721696740491e-07 6.917966856177457933e-08 3.297480691233464809e-08 1.193700615174875652e-08 3.294652378802590556e-09
1.481439799684140645e-06 1.926249340911937398e-06 1.246967707212754925e-06 5.497859088175673520e-07 3.398710845798966494e-07 2.052362053497980859e-07 1.145018091177217082e-07 6.596510987448787291e-08 3.592167341956956543e-08 2.469843936509032950e-08 1.267159991861307993e-08
2.064656660265054206e-06 1.164831930202491109e-06 1.054652889543057315e-06 5.902632902720829863e-07 3.667794412845524500e-07 2.433994715566048934e-07 1.780684142996903911e-07 1.084222203157436480e-07 1.755778045356888510e-07 2.743436511937747480e-06 1.631617090203001227e-08
3.283317338188469040e-06 2.369101586627652196e-06 1.790440723898528592e-06 1.018183789283005364e-06 3.856978779185982789e-07 2.514613179848433708e-07 3.368362974551267421e-07 5.984052568169342331e-08 4.731527983954128173e-08 3.589669750520053244e-08 2.887232667493024540e-08
4.044500604796899667e-06 2.678543143568344888e-06 1.908721269804093888e-06 1.421234514444906906e-06 7.165867124407196306e-07 2.454023060894659105e-07 1.323295288435237985e-07 6.797023174679900898e-08 4.392632827876475447e-08 2.150368131666201936e-08 1.372641956302903981e-08
3.427759699472987913e-06 2.499944299626581461e-06 1.466350565204512700e-06 5.875136418812462199e-07 3.098287562375490164e-07 1.640653689107627188e-07 8.968185053283246176e-08 6.755791784804110690e-08 4.909876327936577658e-07 2.999585948389311854e-08 1.219914911308177384e-08
2.316116062461858027e-06 1.657089839652024862e-06 1.223187101313121719e-06 6.282861347395596880e-07 3.521623222866877281e-07 2.657730912192346984e-07 1.496466975905857841e-07 8.758636625170263486e-08 5.194604611087336580e-08 2.736918805084183129e-08 1.265988220856565149e-08
2.576620929298616842e-06 1.466313021540584427e-06 4.406898624552264092e-07 3.289178951051502438e-07 2.601516879529413829e-07 1.599735097181837174e-07 1.311875763116266973e-07 1.363380668907424025e-07 4.708695337467501694e-08 3.262363801084012111e-08 2.972684044529791004e-08
1.983820931256133209e-06 1.240263240612935769e-06 6.194646624398960659e-07 4.560819853542013249e-07 5.825079786012066915e-07 2.036201269506044832e-07 1.075337578552664059e-07 5.020717019029790481e-08 2.156747540486771620e-08 1.177396443949902600e-08 4.051747911989422508e-09
1.004421850165771684e-06 1.205736400479769480e-06 8.425594570061179976e-07 2.428410143483308914e-06 5.508459055669360468e-07 1.919486959521098188e-07 1.038062133609779284e-07 1.684364016324778994e-07 1.008779689836342168e-07 1.196732944083158189e-08 1.210930944716858854e-08
2.693211450933975088e-06 1.881857114556718762e-06 1.022883398959011447e-06 4.413953126163891147e-07 2.322754509630184375e-07 1.344512373014102720e-07 7.730576173800926942e-08 4.644698398460870374e-08 2.938327676507103605e-08 1.407386808949185167e-08 5.931744957607559784e-09
1.860667060702548159e-06 1.102634561962579407e-06 8.568806295566157760e-07 4.923956904498099359e-07 3.087686874732761452e-07 1.845947384235362156e-07 1.096411067593564176e-07 6.716924854007873928e-08 4.058352633016438596e-08 2.218778593935805373e-08 9.836621497604454295e-09
4.349596480110284300e-06 2.892426230215624627e-06 1.905390773713165414e-06 1.033802226497035950e-06 4.737801538588236695e-07 1.784628141847326596e-07 7.747602898193269230e-08 4.939304685352085476e-08 2.636741825226020711e-08 2.554517514966323842e-08 8.123492112147374650e-09
2.813397402005917510e-06 2.055234727625983721e-06 1.720414646810600846e-06 1.237326361924848604e-06 7.350541548053779729e-07 2.699345432694076678e-07 9.049809789885838213e-08 4.589882028137518831e-08 4.508819701902283773e-08 3.122313226543923121e-08 3.136812632242403817e-08
1.188879900668475540e-06 6.787298276905015213e-07 4.747835612508388752e-07 3.726409417031819829e-07 2.397952667276824014e-07 1.571425863128050588e-07 9.621594991961015112e-08 5.099780014736193519e-08 3.010347879559278374e-08 1.741826459666996524e-08 1.035113358502919963e-08
5.179159065364670930e-06 4.011568271585279910e-06 2.578487567185815171e-06 1.349689381015098881e-06 5.277639431357987757e-07 1.655775989337374629e-07 6.544035176266985378e-08 3.668127371458658127e-08 1.999288979460222666e-08 1.075936955366252259e-08 6.463169045974367384e-09
1.774504832522663870e-06 1.177003079479648252e-06 9.786613070821930924e-07 7.134363166773061180e-07 5.208787743594733076e-07 1.543022265306123285e-07 8.793721368340056184e-08 5.387369717425848274e-08 2.607279284209292320e-08 1.786555591131441632e-08 2.802130287784510105e-08
3.201749075430660369e-06 2.218034380069846730e-06 1.287114036708488657e-06 8.669252930213124802e-07 4.140198453413269257e-07 2.343000203132913020e-07 1.324786024787194539e-07 6.321442248086456964e-08 3.195612319723991466e-08 1.434734384304854349e-08 6.257866157086530789e-09
3.321785216009509909e-06 1.764480211140383117e-06 7.781407527038641892e-07 4.781355823737124516e-07 2.829516041763856886e-07 1.657205039001890582e-07 9.928521194461841180e-08 5.985821209650098845e-08 3.458127774542023062e-08 1.669281311253976788e-08 7.683602409259951286e-09
4.339827106152952347e-06 1.404352452434211693e-06 8.618652810710436267e-07 5.769506756079738342e-07 3.450731861034913544e-07 2.168332668298212962e-07 1.419284021601099540e-07 8.647186241883182294e-08 4.181547793785517232e-08 2.198918314593366668e-08 1.354070341269511644e-08
1.238495429609394169e-06 1.040110515033916817e-06 6.993088419320538902e-07 4.670329776260583764e-07 4.548544961316290561e-07 1.986268258238039331e-06 1.609631052757947950e-07 7.672859416090284982e-08 3.389445056141845691e-08 1.286348012938121543e-08 4.196560681378109745e-09
2.525432593399931224e-06 1.483489450724723423e-06 9.505166197227131622e-07 6.355821225093910552e-07 3.651847673820899178e-07 2.391537007709294149e-07 1.835754927377158668e-07 1.381966708383303693e-07 6.839018155594321967e-08 2.838014176284032932e-08 1.489829701766264287e-08
4.272110389400966371e-06 2.461011299764141283e-06 1.241742449767778447e-06 6.098514621572119431e-07 3.846637864537224896e-07 2.152121362922696172e-07 1.317017370769541568e-07 7.751667761144131906e-08 4.706590870750732091e-08 2.505592704093523231e-08 1.131383154823913729e-08
2.167789574325281299e-06 2.042045553729487287e-06 1.785936485892174957e-06 8.462900540213230755e-07 3.767990096638141001e-07 1.633714782792018864e-07 8.370496803306226069e-08 5.044341652384739790e-08 3.040456291570873679e-08 2.126656186794574418e-08 6.251088914923577606e-09
5.218851873818525558e-06 2.988889506710166961e-06 1.896151934516286774e-06 1.253455206962169159e-06 7.650586208635154869e-07 3.998793823772621083e-07 9.979791639846247424e-08 3.805575019473146488e-08 2.306547299323737859e-08 1.511067327531405743e-08 7.072317798664663268e-09
1.025661147854345137e-06 7.438573318477327003e-07 6.527495926084310923e-07 4.023746730834396074e-07 2.547098511584882003e-07 2.217438199028446980e-07 1.275525124303257523e-07 8.865815269532923490e-08 4.823561982816307507e-08 2.341443339736331508e-08 1.118603157636193941e-08
1.844516292925933111e-06 1.679737714246953724e-06 7.936400689214724129e-07 4.802938656212067233e-07 3.002025624328661069e-07 1.903328805546848220e-07 1.032606488751935313e-07 5.292901980686082794e-08 2.849084457272965209e-08 1.275024530818656562e-08 2.274679854352030014e-08
1.226567417756814732e-06 8.117091918299390654e-07 6.617539024474921907e-07 5.257420531296664281e-07 3.155877608814094713e-07 2.140990184538194771e-07 1.250082864216249782e-07 8.172775403527124272e-08 3.785279779912461786e-08 1.694837177115941491e-08 8.781506537893410550e-09
3.674216652861577522e-06 2.925060007423709214e-06 1.956179197542080158e-06 1.482505748166567851e-06 8.652288408414009194e-07 1.949372508437267137e-07 3.142791450119716473e-07 7.713424808550635542e-08 2.966323025352302884e-08 1.294369038347626213e-08 4.842911749136736030e-09
1.763121897749420262e-06 1.335452690116638423e-06 9.051456160205510385e-07 7.346731223633067738e-07 3.872145432940239825e-07 2.065739558838269761e-07 1.089020719711898033e-07 5.025115182162366244e-08 2.463319859876327240e-08 1.437728895762231277e-08 4.984972410337751684e-09
1.507337531728325978e-06 9.072100227643573525e-07 1.232436779069918922e-06 9.786494385008912572e-07 5.664755108906324783e-07 2.917919121712148410e-07 1.511688647122314702e-07 8.293328260338551753e-08 2.946347642561733045e-08 1.403529216102963714e-08 6.908885978852200453e-09
1.834796638212720121e-06 1.485834349889574976e-06 8.318484899673656760e-07 5.391784764230998577e-07 3.596207968915440149e-07 2.277108468496631075e-07 1.487935195575071111e-07 8.686629848580783322e-08 5.422077411783549835e-08 2.656152205893415667e-08 9.034845117749707521e-09
3.127585789868670762e-06 2.257094241196253433e-06 1.238550297525607768e-06 8.737266009132844009e-07 4.131437132105892004e-07 3.229784071091162031e-07 6.546726581458095010e-07 1.969119621293893428e-07 2.470928315491207959e-08 8.873585776508215429e-09 4.827544076944663689e-09
1.616307351307230680e-06 1.707162808512425833e-06 1.617584407638319432e-06 7.302861109672472851e-07 5.692845147517137249e-07 4.178037003827173026e-07 2.448977131176888668e-07 1.108558166280006606e-07 4.807025044930801138e-08 1.261906675726108834e-08 2.782472317081024999e-09
6.956491174538200686e-07 7.986936008386168773e-07 3.754235439564799774e-07 4.648046296466466468e-07 2.355212075335675915e-07 1.759996980617355239e-07 1.109333509124001115e-07 5.330780919876199718e-08 2.996966267466004956e-08 1.699132359616915817e-08 8.944361930067773835e-09
3.042123978111904074e-06 1.201357487870024911e-06 1.060464391173479072e-06 5.998755908939984221e-07 3.677840606963871174e-07 2.093355011096037132e-07 1.159056315903536322e-07 5.094671224057484068e-08 2.372059299950494605e-08 7.620630083687423025e-09 3.177667888529911204e-09
2.674730208996861942e-06 1.811049029013703067e-06 1.085328123585520695e-06 7.667501956274950035e-07 4.115994864877287126e-07 2.420023732557353422e-07 1.081311309122415924e-07 7.728111525950974160e-08 3.456080528740532819e-08 1.605658483175270369e-08 1.021002392944857721e-08
2.732337353887394862e-06 1.429031573173748765e-06 9.810663214423385299e-07 5.922498245279180716e-07 3.924858843104020933e-07 1.585544331506968631e-07 9.151301452130738504e-08 6.780452508947105935e-08 4.558501098287138685e-08 2.533722952301563801e-08 1.182835559938477876e-08
1.565950448315698868e-06 1.332996187074622779e-06 8.822215180923270367e-07 6.466491496398713136e-07 4.406109867720624873e-07 2.600893020965563603e-07 1.495619533868282881e-07 6.664521237000224256e-08 3.914900346520075134e-08 2.139928888789981971e-08 1.332976195590400523e-08
1.598367871914269196e-06 7.351184929675583406e-07 5.755224641831001467e-07 3.589548959025549413e-07 2.250144050236663313e-07 1.737598810685279373e-07 1.023965449889834672e-07 5.853469266631369890e-08 3.329975082976485063e-08 1.868179085189272007e-08 1.175385631980886744e-08
4.537267226179377087e-06 2.600523053552217207e-06 1.532383401271092647e-06 1.035336592228890779e-06 4.111173560821077565e-07 1.719424087723872321e-07 8.412428794859910782e-08 4.247830412724945119e-08 9.032026999766689158e-08 1.891143355164301376e-08 7.613786839498106938e-09
1.692296458877835455e-06 1.088231795249830936e-06 1.006955269703629319e-06 7.622469479077790028e-07 4.601441488218043903e-07 1.887792547789034874e-07 1.164774715120661509e-07 5.620494905037615261e-08 2.915054736287375390e-08 1.112118587848573420e-08 4.903140251176164974e-09
2.243396885200366081e-06 4.332067677982970674e-06 2.048197677267983941e-06 8.288882665318100753e-07 4.114328101637509517e-07 2.518061957478341570e-07 1.208989973108993853e-07 3.843833330722925268e-08 1.793921600947814191e-08 4.614903175479911617e-09 5.686056381629398271e-09
1.474027137739691706e-06 9.795419260469094725e-07 7.900509074652981390e-07 3.659830280622756867e-07 5.339347795972912537e-07 1.880258650958177755e-07 1.115547046478454010e-07 5.312536740236501085e-08 2.997763384388263748e-08 1.176499496281334104e-08 5.408584941904752967e-09
1.858963042291437873e-06 1.440475885815623795e-06 9.394614220427510164e-07 9.075913074737018184e-07 3.610108383799274671e-07 1.781057832651070722e-07 1.054519909609245345e-07 5.750323901833831846e-08 3.390575663017523558e-08 1.752818799688245576e-08 6.448803087147898428e-09
1.608050091280818119e-06 1.266068509423539818e-06 8.416288000278649365e-07 5.329875771445345873e-07 2.455741539495175530e-07 1.774761575182407844e-07 1.106060439647675508e-07 7.129732375940715080e-08 4.341617883109599617e-08 2.470972477224868853e-08 1.286878492040791077e-08
1.889510083984272316e-06 1.947312717438820924e-06 1.345512155471497943e-06 9.538110319042620634e-07 5.850446573426694108e-07 1.903632010134252173e-07 8.924077099081248638e-08 4.617663041525702063e-08 5.072842455788956748e-08 1.866807663251923935e-08 4.048867326663090828e-08
nan 8.864419028405473279e-08 6.637349425841248081e-08 4.661704454226193707e-08 6.718178985790002384e-08 1.089768440352161097e-07 4.294173390894956602e-08 3.606321223300241686e-08 3.790641522941480274e-08 3.510314555114038690e-08 3.395664255920117528e-08
4.214438429947993560e-06 2.931825130142080385e-06 1.900920634742490422e-06 1.081588091979954912e-06 6.269303145795333156e-07 1.038693948982693711e-06 1.810195947143946273e-07 6.168266513438545598e-08 5.107674041395671871e-08 2.165790637759964235e-08 1.458637193462492528e-08
2.182485989817967183e-06 1.249909085387795734e-06 9.786866633964265096e-07 6.817255920983840961e-07 1.374162817453071801e-06 5.716007080413460973e-07 1.057079694845293448e-07 4.676314371897934919e-08 2.327581742931810074e-08 1.445131115030493244e-08 5.814120207155171276e-09
5.331088857090616647e-06 3.499792657172821698e-06 2.346302802830123721e-06 1.386852469980638489e-06 4.743551120593659163e-07 1.307341794746241375e-07 7.911189880911158779e-08 4.861204383005985880e-08 2.529186512702555310e-08 1.365787255762369408e-08 7.266232439098955626e-09
2.747160223108207988e-06 1.860151930640842156e-06 1.108007186872104106e-06 5.868409343279472079e-07 3.987740211381150662e-07 3.277980818763159723e-07 1.024704506002673763e-07 5.918010704666995589e-08 3.697816759076202290e-08 1.915390644916958820e-08 9.801955848799979981e-09
2.656203249817995290e-06 2.524924614734245311e-06 2.087297290279943991e-06 1.201033584671426162e-06 7.813687494164620422e-07 3.664450020874452238e-07 1.441057350089588012e-07 1.054509725257568445e-07 6.151014668008292518e-08 3.400279350102634800e-08 1.453357449106249513e-08
3.606832944277627751e-06 3.027970114352241475e-06 1.884420557913081444e-06 1.129763050888085007e-06 4.809405577253296382e-07 2.276582393433916364e-07 1.214192389822032326e-07 5.905861542315279143e-08 4.019850274007604716e-08 2.083493467879340022e-08 1.207467694107039605e-08
3.084279122182230376e-06 2.391301326227177014e-06 1.432935911963502527e-06 6.808230427079057223e-07 2.351324406923079786e-07 3.158746826969834155e-07 1.607610997954973794e-07 5.430786848663616110e-07 8.079398097274261933e-07 1.142387270918987342e-08 2.824366633360637049e-09
2.277145527525743880e-06 2.061839597352103827e-06 1.499214920464215026e-06 7.675860129340168177e-07 2.928107621124027519e-07 1.421187451231562662e-07 8.121505299117813531e-08 4.983180583692637497e-08 2.468784504561914909e-08 1.384756639397877042e-08 7.417631493061150576e-09
3.339138937493569099e-06 2.379126821715712776e-06 1.427039632472836278e-06 7.320237386720106022e-07 3.706329510922677640e-07 2.204907358668316050e-07 1.130403395102274852e-07 6.919905243706816680e-08 2.827655610574976036e-08 1.884039499394640654e-08 5.418703200380980468e-09
3.339652984570821957e-06 2.198783439908272775e-06 1.566254391341379033e-06 7.642474257698649709e-07 4.187322156560660136e-07 2.127154861113377150e-07 1.160208531132922977e-07 7.066197772155573340e-08 2.453878347665293280e-07 2.823264375276189338e-08 1.862562908311239978e-08
3.134871365873785676e-06 1.792480822351971079e-06 9.757608754555570778e-07 4.984879978973804258e-07 2.864090758184157949e-07 1.885175334126688877e-07 1.222365843105765789e-07 6.455252364098987919e-08 3.183590300889470639e-08 2.514017460690926250e-08 6.709916521487181958e-09
4.338278428970374208e-06 3.196405776951840354e-06 2.317463200190022275e-06 1.553128875151651753e-06 8.052905587008423587e-07 3.307757271319428110e-07 1.172650928180689743e-07 6.577794161946070409e-08 3.185731370340938146e-08 1.763223511197256503e-08 1.343744945281784203e-08
3.493377113507815490e-06 3.152851262317019383e-06 1.974802177491752903e-06 1.079060840709038368e-06 5.890909704781114142e-07 2.641538840249956249e-07 1.335339483308395877e-07 8.736306390500133088e-08 6.670181614068726726e-08 3.327514017430418372e-08 1.612996682376219132e-08
1.505244390445106590e-06 1.460388372955142290e-06 1.215118253378700232e-06 5.996591497323658563e-07 3.146268374667038446e-07 1.844477008891968531e-07 1.058848179114274982e-07 6.457547870853688734e-08 3.727867598802330662e-08 2.061350415621073186e-08 1.445550537102353065e-08
2.988775473531627890e-06 1.705733960790366635e-06 6.972067304929955464e-07 4.459315675588435825e-07 2.225866158433773777e-07 1.663232079158057853e-07 1.006020379293200193e-07 6.705638748026041779e-08 4.188981895549345956e-08 2.736459894237006045e-08 1.607749607387026106e-08
1.873041864311104542e-06 1.160552198236634091e-06 7.290601757122156805e-07 4.374673581538617455e-07 1.828169531758450491e-07 8.692178989994189876e-08 4.687584384236416443e-07 1.535187390115776837e-06 6.344560891649297611e-08 1.873211678425812702e-08 8.973312155767427245e-09
3.281005873122385707e-06 2.110388651069583085e-06 1.169579902335844259e-06 4.979456530852089099e-07 2.826390176479166005e-07 1.499440826803769274e-07 9.162889292671574348e-08 1.827190857643486619e-07 3.090180160223098286e-08 1.556241201797174252e-08 8.411693934628689983e-09
1.511724463540065431e-06 7.373494147227054647e-07 5.905848447471321681e-07 3.615485208294785960e-07 2.099127822175163255e-07 1.517624893932583455e-07 1.019973040959028580e-07 6.129783273170654953e-08 3.600065642614548730e-08 3.528421498194775511e-08 1.622523301923007934e-08
2.588240754548593464e-06 2.077000532030314463e-06 9.991912752223092053e-07 5.357975428365914637e-07 2.544492805177021310e-07 1.473290521834866183e-07 8.399070571901834604e-08 6.235238591031036662e-08 2.070838416460798157e-08 1.086251900489155895e-08 6.457244093740814044e-09
4.469518867803173669e-06 2.550246907495136669e-06 1.746143407667686123e-06 9.550625440726640389e-07 4.315620414866243192e-07 1.846473858508500145e-07 9.508104369142403483e-08 5.370476072410189069e-08 3.775761554231832972e-08 1.814117139942168014e-08 8.934492853707244738e-09
3.375270502036165808e-06 3.183296664801604716e-06 2.432052126393452051e-06 1.470414962993867587e-06 4.789715899767964365e-07 2.001597538213828219e-07 1.024619129851790774e-07 4.957623381979350407e-08 1.837709483765459175e-08 9.894562678932421003e-09 4.789704967710863812e-09
3.278901255453497693e-06 2.640420424052738103e-06 2.332882904894696300e-06 1.398129331035161392e-06 4.746916577925236239e-07 1.286879972043639664e-07 8.880593642966640998e-08 5.178509604250846193e-08 2.493431930831482713e-08 1.522560352271207459e-08 6.896997028151042747e-09
3.351335029978239527e-06 2.851705082809965684e-06 2.041652364272529748e-06 1.064306703029332311e-06 5.574267151416693088e-07 2.240120715431840184e-07 9.198458787526223614e-08 5.075469310616506972e-08 3.357047180129519644e-08 2.052662313769700915e-08 1.047682746096783973e-08
2.598964106375685415e-06 2.390791010365240018e-06 1.970137361208784192e-06 1.336455789839455247e-06 7.065495674055714997e-07 2.533331067833188611e-07 1.279833051094851328e-07 7.852292978045866061e-08 3.896002457185654023e-08 2.275025403464471308e-08 1.214884969927252132e-08
4.169958913589242096e-06 2.999778396560044675e-06 1.959521691147396921e-06 1.379784152944174932e-06 8.840118043636698558e-07 3.608078324556961917e-07 1.240942292909089224e-07 4.275588107605232981e-08 1.613522257506025311e-07 4.591514779979478840e-08 4.693054518028727596e-09
5.014152191600228825e-06 3.420252322844377231e-06 2.178817816971842448e-06 1.485864355036896981e-06 7.304522406386538479e-07 2.039958541881823938e-07 8.543375448093740977e-08 3.564145506714725719e-08 1.694325964227805636e-08 5.967227676274205521e-09 2.141125643687333402e-09
1.764477588610946250e-06 1.226195610299160991e-06 1.225981438274437403e-06 8.688037461071058145e-07 6.150830470437043205e-07 3.435741510966623098e-07 8.455336331997267409e-08 3.317471310633936379e-08 1.845096652166783914e-08 8.251864084562498361e-09 2.129020169551766013e-09
2.279446646580196978e-06 1.273696268925990597e-06 9.529519111495839707e-07 6.335767735855710089e-07 3.359074992816650588e-07 1.538112003087341498e-07 1.033031817551684556e-07 6.112019740467379621e-08 3.036512520372501380e-08 1.409590540087049071e-08 6.436997820206463257e-09
1.151434814926238760e-06 8.935767628397982190e-07 5.594754647931463401e-07 5.939376668980122477e-07 3.236267336213400665e-07 2.585482414284648079e-07 1.976128121340632567e-07 1.185865376513507106e-07 5.596656441948666885e-08 3.311673576805792087e-08 2.128795574137919320e-08
2.766467776402930292e-06 2.788635773414445526e-06 2.714512256516060332e-06 7.626881975898889711e-07 4.255249855577832053e-07 2.683153586593164758e-07 1.580201468695271596e-07 8.294684370999022390e-08 6.438846823761289600e-08 3.830358002914343433e-08 3.207105375212114210e-08
1.594806482613022065e-06 1.045742495494699101e-06 7.722403982179998104e-07 4.590306542461159495e-07 2.135565649640791539e-07 1.311937478942508903e-07 8.781793800726526566e-08 5.230769361344418226e-08 7.085510462349969673e-08 1.990393185767247708e-08 8.351914331185862271e-09
3.543122617777544689e-06 1.617023161978851591e-06 9.693358652861403873e-07 6.243373295081298668e-07 4.130480481542492220e-07 1.451678730720970978e-07 1.014214329980624662e-07 3.235494371059916460e-07 2.938132610898147406e-08 1.413241223873224857e-08 8.222583759489807149e-09
3.544414678981973754e-06 2.327932712657071256e-06 1.544951673011646022e-06 9.201235773853931769e-07 5.315309942498704858e-07 3.041420610924322396e-07 1.552264755947918484e-07 8.984258324878903691e-08 5.305905196006100907e-08 2.565096979604810111e-08 1.198687697583044150e-08
1.764846243800908146e-06 1.288282493365439801e-06 8.684119213877126678e-07 4.853169639227227018e-07 3.506647519442908787e-07 2.997415947299413571e-07 2.058437764824561577e-07 1.009006668708854521e-07 6.777115485704067589e-08 4.976691968050651686e-08 3.431425000354248935e-08
3.727926229635259129e-06 2.658057777937669340e-06 1.381501415119454066e-06 8.232519356510766871e-07 3.905493550108236544e-07 2.124696581748990683e-07 1.172774219071855648e-07 5.891577819676523582e-08 2.207709913890230743e-08 1.245072669200272091e-08 3.101935490964127923e-09
2.869780666403064009e-06 2.389460742673608300e-06 1.579749966672467798e-06 8.607848308154659420e-07 4.213771697682459985e-07 2.160274831501624884e-07 9.232243684413877245e-08 5.657692107537037034e-08 2.877623183655390553e-08 1.268262324917387155e-08 9.012482075946267452e-09
5.099996453593172122e-06 3.959536069317816323e-06 2.857220104349696300e-06 1.866526861894390739e-06 9.462300701119092113e-07 3.805992087298206264e-07 1.118273762603162800e-07 4.353221466381378263e-08 2.239667969022246455e-08 1.098500023329818086e-08 4.704544159703420070e-09
2.824943993945115625e-06 1.497824601103049673e-06 9.204666304674984351e-07 4.729380847675516468e-07 2.986275848645124172e-07 1.447831489013433641e-07 1.198403508131008261e-07 7.494741109699037917e-08 3.354085522515944862e-08 2.288710757220691633e-08 1.753376230916139789e-08
1.501632250478262161e-06 1.132966872799436150e-06 7.274385332303997708e-07 3.883402733701765123e-07 2.361942604903377323e-07 1.506402065207457549e-07 8.081336807820159747e-08 7.126562305236338485e-08 1.145709300872247168e-06 3.006406760407027666e-08 6.989739272201638138e-09
3.975497368267273701e-06 2.283408195612333882e-06 1.249862778737975935e-06 5.506766296511985121e-07 3.240706776116185462e-07 1.594836931030107459e-07 1.252824758045903487e-07 8.898093974999503790e-08 7.602461253605165921e-08 6.643860993155823402e-08 6.375432743556963138e-08
3.484262990321602780e-06 1.681939840132808453e-06 9.969311282774998351e-07 5.077033921777403838e-07 3.113537793349656267e-07 1.953516487265941612e-07 1.025435539062194023e-07 6.883378230581158031e-08 4.566681373091353587e-08 3.183924887864655717e-08 1.992289565571518585e-08
3.671832514855073552e-06 2.665823835719019713e-06 1.521636947810773639e-06 7.521993927388382430e-07 3.670798429503828630e-07 2.232311660069795934e-07 1.369000062156273082e-07 8.090014868115154747e-08 4.859207384131948112e-08 2.415861319253554590e-08 9.200791824755368976e-09
4.201965651661363940e-06 3.080817823434055012e-06 2.175144454362488429e-06 1.297818883986442164e-06 4.447129428272448758e-07 1.946221717654380175e-07 1.053830507203447381e-07 5.439747691309379476e-08 3.106602671723484602e-08 1.666855994474844180e-08 8.046326773600611483e-09
2.138150230626926571e-06 1.992568118464311231e-06 1.577964668080944290e-06 8.727171487328071394e-07 5.414145178889986150e-07 2.257038360103464624e-07 1.090813205744422388e-07 6.181392126613123198e-08 2.784038767775091542e-08 1.094950230665659597e-08 2.638838197875869467e-09
3.264698494071876351e-06 2.495597887285367032e-06 1.641597521655738698e-06 1.115239290152116468e-06 5.259005899232631961e-07 3.011886666317766669e-07 1.371508322781629541e-07 7.204579665251394508e-08 3.719525215132042181e-08 1.781302091973753573e-08 1.794297070463477852e-08
4.119508928481552097e-06 2.928270058864945154e-06 1.954717345176116176e-06 1.741817820935608925e-06 7.309544034372037332e-07 2.673003814455984873e-07 9.993316924584870882e-08 5.010251962834051914e-08 1.550730545182210361e-08 7.048430393200081902e-09 2.876638984076933884e-09
2.671773944569103558e-06 1.968277844013095084e-06 1.438662292325935415e-06 1.103502508398129513e-06 5.901319545264790972e-07 1.416258283116671611e-07 6.956786084755434866e-08 4.126987267386605813e-08 3.046657453139690653e-08 1.000862764558567299e-08 4.473588802917946288e-09
1.043780428464309803e-06 6.722044103053957243e-07 4.125852107880237674e-07 4.283181176001724063e-07 3.176882271988724389e-07 1.715192287169778099e-07 1.175167413344947596e-07 3.192376710130900081e-07 5.074192872905617563e-08 1.329026238304557957e-08 5.039154770353387963e-09
2.282831659295580350e-06 1.293716193611460989e-06 9.573239993406466343e-07 5.007719131548862290e-07 2.811068482780681135e-07 1.700081543679104536e-07 8.970350571211388473e-08 4.998162726417618986e-08 1.968020152788956026e-08 9.005751791586147114e-09 2.719060117530000262e-09
2.729607375133967421e-06 1.502749112339221119e-06 9.325133938638394076e-07 4.972042861803350764e-07 3.133377167856324803e-07 1.616833457158400508e-07 7.889416338455953638e-08 4.925304424993977406e-08 2.334264319061807719e-07 2.357390539086348191e-08 7.500366528370104990e-09
2.773575291988554632e-06 2.328876799201801009e-06 2.588745619167411701e-06 1.985293345509077570e-06 1.223983311215157141e-06 4.882075149552539898e-07 1.400608683245715874e-07 6.815687302602992664e-08 1.747232725109646940e-08 8.183831703337150974e-09 1.000141996747616613e-08
3.085523991386511122e-06 3.283989503134167012e-06 2.185380855084721483e-06 1.272185011783504013e-06 4.814639265092783201e-07 2.341538548663179485e-07 8.831302223603879869e-08 4.891080392936379577e-08 2.629082158083890012e-08 1.865633553482784529e-08 1.371168986056459712e-08
1.752992839883250545e-06 1.108011042982339103e-06 8.323150361871600529e-07 4.597883989384265602e-07 3.078997075794303512e-07 2.084487588314183564e-07 1.140806148936208085e-07 5.944467628071567531e-08 3.503607379907329688e-08 1.707897846124526319e-08 8.562242635110353182e-09
1.524734629659218775e-06 1.136254988774381464e-06 9.555733934473015286e-07 4.863075553671057633e-07 2.907545076308223581e-07 1.898366768820291429e-07 1.131718216866304256e-07 6.514191862009078021e-08 4.087434089094775599e-08 3.266946459557127379e-08 7.969580652336478241e-09
2.780768950438445788e-06 1.502350391150147752e-06 7.506551614626941255e-07 5.864922986655699331e-07 3.242411760166908120e-07 1.902768385851271026e-07 1.283787543006145030e-07 7.320783187731716623e-08 3.820606643622661923e-08 2.000538449159309339e-08 9.864973664703699556e-09
4.414043476277533900e-06 2.203488203629068327e-06 1.212953604482771421e-06 7.233226224327903493e-07 3.895811004858012861e-07 1.935119398430476669e-07 1.055241564811970442e-07 4.971690366337215645e-08 2.998193550835478328e-08 1.060035029530993204e-08 5.639041026033000018e-09
2.812075177649847694e-06 1.915109021396699090e-06 1.619581224565494860e-06 9.720125589707645503e-07 4.753297529987903966e-07 2.432801498854234482e-07 1.327055976856681593e-07 6.447080940066317140e-08 3.106656124317166983e-08 1.926804734164369101e-08 9.284872127632245322e-09
2.034270615341728214e-06 1.668592839727560819e-06 1.406597563593545377e-06 1.198285682526044702e-06 4.270638500217061228e-07 1.819412112618306678e-07 1.084261522540735574e-07 6.646698300539327061e-08 5.036437959946214279e-07 6.502910614968032390e-08 2.403528123998591425e-08
4.244250161162733782e-06 3.401000322374548047e-06 2.648023304413364504e-06 1.643506092512528932e-06 7.852851987755363891e-07 2.239045259348964852e-07 8.190501494994344252e-08 3.845966685735560645e-08 2.753553776126729836e-08 2.701371932173928034e-08 1.929192103468388452e-08
2.068913334007468381e-06 1.608579966049899456e-06 1.272690971265867838e-06 9.456248787331412476e-07 4.334992287481685481e-07 2.736153435983866692e-07 1.587370448283315729e-07 7.969371648220689777e-08 4.260760860109067841e-08 2.460037386852559604e-08 7.964441766529539006e-09
3.183741020300929465e-06 1.308992037765579613e-06 8.744457071901326815e-07 7.151374525612885580e-07 4.630842480941927031e-07 2.201726744342403385e-07 1.337937617967405977e-07 8.175665977812194916e-08 4.119271181646857154e-08 1.828108809483673201e-08 1.757807408248416840e-08
2.004430816480886655e-06 1.913664638412664116e-06 8.913254712553907141e-07 5.858724173199874191e-07 3.707820126593312750e-07 2.397002501118605104e-07 1.034621934594356756e-07 7.880274226422930550e-08 2.012252008091051291e-08 9.943801486224993511e-09 3.895925950420629778e-09
5.693588819301424504e-06 4.583767914626939403e-06 3.074769796929329714e-06 1.833519168080717762e-06 9.248600928250394199e-07 3.816277327251029665e-07 9.349914052640584428e-08 4.249701471449234630e-08 2.678474448008542252e-08 1.140619408607023087e-08 6.935267449180192661e-09
1.046975199335944302e-06 1.161846470015542893e-06 9.237114055788425354e-07 4.736355138015322701e-07 3.646872513044190346e-07 2.217680749872478248e-07 1.687293358918527420e-07 1.016144030417327495e-07 7.089190154170797891e-08 4.322238929852505246e-08 3.347855684296216213e-08
1.371086401941303689e-06 7.022273219815237056e-07 4.614358171845573632e-07 6.027983868458109364e-07 3.900093428175575556e-07 2.131454213498642712e-07 1.154095936201048848e-07 5.369387869673250121e-08 3.353190275175565779e-08 1.484420959554398077e-08 9.926666590168994568e-09
4.403696126872396927e-06 3.088326698601180582e-06 1.924831107123552094e-06 1.171531690647916782e-06 5.586431907937420904e-07 2.498698466638139212e-07 1.227430568820560331e-07 5.639023323888173612e-08 2.427960928132096729e-08 1.911568242574392390e-08 8.295657776781692432e-09
1.589358471368405755e-06 1.143386255474763599e-06 6.603202067179184237e-07 4.521853051892153451e-07 3.365832818470865790e-07 2.127266943803674487e-07 1.396978390081344375e-07 3.885288268498908648e-07 4.054203910556643341e-08 1.014100887773787391e-08 5.254012289276671295e-09
2.143026807146958950e-06 1.425597029606848367e-06 9.125579514823477746e-07 7.154772994445082738e-07 4.166686166946284204e-07 2.853356394847688098e-07 2.125094325041665761e-07 1.195956948036568758e-07 6.684041268006341117e-08 3.372084322842171837e-08 2.400812599494383148e-08
1.317094307148653280e-06 1.297675795831114078e-06 1.086718659127352395e-06 4.295937548333129024e-07 2.973319725319258742e-07 6.036205958399021895e-07 2.266981740378688631e-07 5.142778585006979525e-08 2.735259832732706908e-08 1.068089395476015966e-08 4.252638491098183183e-09
2.037401212310193969e-06 1.315544081500576428e-06 1.128023971771151571e-06 7.702516404257278369e-07 4.521276742894384032e-07 2.146073266102947314e-07 1.019630774596472721e-07 6.543317509039049947e-08 3.074871546425410440e-08 1.467028951135608765e-08 8.149678176825592330e-09
3.877683478866858331e-06 3.191944846830770904e-06 2.397438725934613494e-06 1.681645323906846286e-06 1.227128992240422467e-06 3.848453112317881234e-07 1.197374135705830966e-07 4.328015732681894241e-08 3.334404755169063320e-08 7.214542751850409063e-09 1.576992217855946523e-08
3.403606090629369805e-06 2.531767265634056886e-06 1.748088681336625463e-06 9.649141704444208382e-07 5.610155794420203126e-07 4.156493870317012596e-07 3.678510677717604721e-07 7.560878594687283976e-08 2.424932642948178817e-08 1.451208520010488175e-08 8.188456827337930764e-09
5.557435793993430805e-06 2.965289297803481309e-06 1.802060440894801727e-06 9.686351366381079379e-07 5.024601637010971872e-07 2.961092580385469120e-07 2.019546171289347178e-07 9.954160512644093789e-08 7.024683546162921473e-08 3.425906787807641437e-08 2.018993419455991072e-08
1.632446468718930684e-06 1.285585755219438833e-06 1.073313585526238702e-06 1.013726604712828281e-06 1.488624253040893501e-06 1.465876248386660842e-06 5.034554284096444246e-07 1.781402916974457930e-07 2.979619788492557911e-08 1.263538156037398839e-08 5.430562465108787518e-09
1.701595639634329527e-06 1.410175896420882711e-06 1.069121923665717996e-06 6.611328519694228127e-07 4.592980254556240772e-07 2.608469449066757019e-07 1.488727641759827977e-07 8.368101737829768805e-08 4.160765044020277653e-08 2.315207005241459426e-08 2.306788986661681968e-07
3.721049813041605194e-06 2.409148323115990999e-06 1.535516218363070634e-06 7.665143358200343030e-07 3.871160198762562190e-07 2.345918900922660931e-07 1.127781563275123590e-07 6.988330200436465636e-08 3.687221314289718389e-08 1.924959390600429387e-08 1.031201746546513721e-08
2.771287982798775648e-06 1.585973711729791062e-06 1.282139866992102542e-06 9.329035098454715671e-07 5.380837271454153655e-07 3.365489606019077190e-07 1.677981311395991859e-07 9.569804484919083168e-08 4.936068682052294045e-08 2.842273376251823984e-08 2.405736440936938412e-08
1.944609388907163972e-06 1.404252527626531953e-06 1.148232422754007928e-06 6.342946975428138007e-07 4.085968124540914205e-07 2.348802574265488272e-07 1.502621489648851741e-07 7.498807142023352183e-08 3.676488964215916893e-08 2.062021924052593310e-08 1.188287918239698690e-08
3.281608518340980563e-06 2.480628782222377940e-06 1.506561156661266363e-06 1.174733481403948702e-06 6.903556012341584199e-07 4.808918481818419797e-07 1.230767517723045318e-07 2.812320180350076061e-07 3.343523917176522023e-08 5.819886182549454805e-09 2.658746479416116139e-09
2.611358529788671017e-06 1.015371822214011038e-06 6.382339699138408341e-07 3.986332933935452692e-07 1.663853155151173116e-07 1.052423078117747762e-07 6.052753264425280387e-08 4.029244685781414570e-08 3.894069909050032246e-07 6.609045547189382171e-08 8.381943318692925604e-09
5.255427276386199546e-06 4.069762064408306314e-06 2.741672674935453152e-06 1.697314890412560791e-06 7.482577271342234529e-07 2.560627441937450017e-07 1.040077448927314982e-07 5.413948736150104142e-08 3.337444287939002957e-08 2.286832504801166154e-08 1.096619864671762493e-08
3.031887081484885465e-06 1.693056084113682916e-06 8.099554323709179323e-07 5.376349814443620540e-07 3.711461805261692416e-07 2.518867456278050038e-07 1.539427477270735203e-07 7.239862571335090034e-08 3.398770274451220593e-08 1.687495730704998610e-08 9.601190000283447097e-09
5.051199392854810760e-06 4.310658144087201061e-06 2.749925964195375222e-06 1.519133708485860086e-06 9.088813705648269435e-07 4.734992461165232150e-07 1.775793713243712413e-07 7.708186770760498024e-08 3.718715120303570251e-08 2.187855475231309122e-08 1.921024426143680816e-08
1.711962200639770310e-06 1.334598591892479835e-06 8.863352123377012663e-07 4.629273925437711632e-07 2.756684993683714400e-07 1.806030449610874888e-07 1.113788515119289750e-07 6.677773271276813822e-08 3.276920048280992281e-08 1.579362368556709112e-08 7.551170280225578045e-09
4.770016487639260267e-06 3.115369826395822606e-06 1.863746342051285954e-06 1.040109194030476565e-06 7.002053579829428117e-07 3.479832639764560357e-07 1.322898401062673811e-07 6.250868512230215049e-08 3.444402287886645148e-08 2.947595922225777156e-08 2.051239679384038243e-08
2.601795326986867502e-06 1.957163098293226976e-06 9.177044837717730922e-07 5.213378232540075777e-07 2.706088571034225595e-07 1.749049955771872541e-07 1.162771959031623619e-07 7.968940079361596740e-08 6.486815740399149995e-08 2.094832169931203225e-08 1.022377924773339050e-08
1.683256480234339436e-06 1.210351714918646042e-06 7.605488365902939560e-07 5.629739742059069142e-07 3.483664849876928196e-07 2.558993855700335339e-07 1.581418099442678657e-07 8.070422659873841259e-08 4.764292927877470181e-08 2.649910902136671340e-08 1.319674807211261457e-08
2.614281057071808810e-06 1.506785986271177710e-06 1.141857990916672922e-06 7.685181960343115804e-07 3.253948362025823260e-07 1.620552626376214169e-07 1.076232337172688184e-07 6.607194671531911249e-08 5.089976624854032229e-08 4.522137159293332100e-08 4.366026525069060106e-08
3.025429847984741692e-06 2.536906666488392050e-06 2.122149101294334740e-06 1.323278652980691737e-06 7.570656905226282999e-07 2.845313099459602060e-07 9.122920126455613346e-08 5.544740522062998068e-08 2.357416924093948217e-08 1.059829442660423902e-08 4.496102794170385776e-09
2.394609860601902137e-06 1.983369782487960654e-06 1.918716064039170384e-06 1.185596890330963801e-06 6.388152971379122486e-07 3.654214522987532574e-07 1.039861549003577658e-07 5.039397316029462174e-08 2.221574094536573172e-08 1.383632692128103668e-08 8.106862092588081323e-09
1.599498099495238229e-06 1.241475667534665859e-06 4.438153965749123460e-06 1.213941642070691256e-06 3.905127806178683358e-07 1.739702023571668280e-07 9.556528003313907121e-08 5.204550276948647383e-08 3.126109985199501806e-08 1.448773460573557296e-08 6.664477538619634420e-09
4.676500641572333521e-06 2.477135812786776996e-06 1.383061952453215128e-06 8.108814678072897843e-07 4.812202666140436998e-07 2.346259209086798202e-07 1.426560458053657900e-07 5.627382607509639491e-08 2.001153664716439127e-08 8.187728338729987277e-09 3.978068593114959342e-09
2.433693848733171614e-06 1.499746783644795569e-06 1.186307873427847830e-06 7.336103257546242239e-07 3.295760405253510085e-07 1.543960356511121052e-07 8.621982289303218646e-08 4.606533539655299307e-08 2.783271665566767776e-08 1.571813521847775138e-08 1.005754383970420118e-08
3.052356046532117321e-06 2.522719851021356787e-06 1.764742547527524377e-06 9.036711265778381471e-07 2.900714902217437043e-07 1.374799426699215995e-07 1.056404643090535505e-07 1.117847272071876541e-06 5.849827750557243742e-08 1.304036873894650183e-07 9.577563450210719737e-09
9.875151704982432489e-07 9.870402944131689973e-07 5.584575333269624835e-07 4.671846271828170080e-07 1.703789414090502113e-06 7.858977282680036399e-07 1.081330128688471394e-07 3.986366225542411231e-08 2.152458355915827700e-08 9.537499274394718418e-09 3.163775762664178499e-09
1.707105390621542186e-06 1.289097119654993956e-06 8.788144017278331728e-07 4.294810175044769299e-07 2.309132431391915007e-07 1.776591310455707844e-07 1.061855863867400128e-07 6.159068433427384060e-08 3.399840115780747566e-08 2.025751397039236938e-08 1.495518250880195695e-08
9.532320965343566636e-07 8.549293267900679003e-07 5.305027252180928562e-07 3.535613391337052997e-07 2.016325593357631238e-07 9.470306547631741913e-08 1.180740074348643473e-07 9.030376153780121125e-07 2.544983876888379849e-07 4.466793181558596354e-08 3.713033359091014145e-08
2.123695263250875026e-06 1.313043059456997770e-06 9.152486629434469590e-07 5.785549051304574281e-07 2.947149970375870255e-07 2.116003735226889890e-07 1.100068080952734109e-07 6.673145390176016214e-08 3.600593388308463497e-08 2.005999781617217665e-08 9.701430822708141350e-09
3.681059154295146999e-06 2.646245551860199575e-06 1.565043234363020291e-06 8.353810506346384337e-07 2.953749077095051737e-07 1.592830205822097679e-07 1.078619701858941787e-07 6.191726719411214524e-08 4.095299365221095945e-08 3.041018545392598387e-08 1.787942659574362750e-08
3.674278515519007378e-06 1.986518268498443890e-06 1.062732995541069558e-06 4.702660909926015341e-07 2.434729866563572824e-07 1.722191906995799326e-07 9.693136189676824251e-08 5.626231907547788526e-08 2.873176922114858761e-08 1.412206018980748545e-08 6.142328314174854940e-09
1.654408124212475489e-06 9.021667225716525886e-07 8.168886902564689939e-07 5.770187512632669293e-07 3.599419540814140804e-07 2.232722390484891249e-07 1.224713562559948828e-07 5.666723184704541913e-08 3.087175958440305582e-08 1.678475608105738308e-08 7.929712268163794997e-09
2.449959230281330521e-06 9.077235329448155215e-07 5.934102547331302425e-07 4.844526052122254815e-07 2.883173329473009358e-07 2.165144643708197661e-07 1.326261608322163663e-07 6.590870113439411076e-08 3.508348156532723426e-08 1.901748351614593137e-08 1.084597261120327086e-08
2.242780426404409825e-06 1.492004936380161282e-06 1.015981042480424955e-06 7.669701280957652069e-07 3.352998408168588213e-07 2.115165708810999532e-07 1.011963151542829150e-07 5.573272870519203209e-08 2.586651605649060307e-08 1.257228053809192042e-08 7.466794211693043869e-09
2.555601406691980131e-06 2.291141434876137980e-06 1.871701879120962815e-06 1.519432975964150803e-06 9.044056586377226976e-07 3.807322399577784992e-07 1.017088821581984078e-07 5.048637315810905858e-08 3.239659970634470225e-08 1.552406986363807799e-08 2.816242631444060602e-09
9.417506672336223904e-07 9.831042332216409521e-07 1.832744987444699573e-06 2.670781134819248442e-06 5.858859855375160519e-07 5.134739290644318010e-07 4.562556380937473942e-06 1.474965099467557834e-07 2.997021160056795973e-08 9.435599323906172091e-09 3.235977066625013975e-09
2.576137814427363217e-06 1.800816170735061523e-06 1.487880338921023619e-06 8.739958421740796396e-07 5.527195687937631081e-07 3.654097364684249260e-07 2.149792800603086322e-07 8.211188578919819348e-08 4.762614619179809665e-08 2.709701385152170097e-08 1.698389336094327194e-08
2.667263485501212541e-06 1.938295727701207328e-06 1.126879502117668900e-06 6.630921704521584964e-07 3.049861443195472243e-07 2.036507510611825116e-07 1.179101580052389574e-07 1.023782786524137021e-07 5.296484387500599631e-08 3.387988446787568739e-08 1.907257925054405043e-08
2.012938282522397392e-06 9.579888819001685761e-07 5.510076388675344965e-07 5.178405691600466996e-07 3.729896113146827705e-07 2.461092252862930790e-07 1.797058020264640135e-07 7.464537677513000628e-08 4.495179975505808303e-08 3.249041712672834373e-08 1.747605433718987116e-08
4.570967390730287689e-06 3.488945087527122933e-06 2.121549481773519976e-06 1.314958881112892479e-06 3.735197341899439754e-07 1.571455145563516285e-07 8.060977760919609156e-08 4.260744626406152425e-08 5.021876277748659058e-08 5.678376575612143239e-08 9.234162265605830747e-09
3.016213298051989804e-06 2.068894398903219619e-06 1.371922513164547985e-06 7.816719275940275805e-07 3.928119603653680301e-07 2.305711955560093405e-07 1.812707664043728745e-07 5.784035726780733843e-08 2.981925120230997585e-08 1.764116673329472852e-08 6.393890145455191554e-09
1.196618501359303746e-06 7.005035388331449178e-07 4.966575831620042847e-07 3.397641014408783396e-07 2.731727305203737452e-07 2.453771870015549979e-07 1.914273390029460034e-07 4.858713104864443609e-08 2.587216942624948757e-08 1.272922784576892322e-08 4.634140924108791648e-09
2.361129630248385055e-06 2.013673243481417862e-06 1.303050690692201386e-06 1.384918400334560130e-06 1.357793506925861536e-06 2.826862497468635696e-07 1.670492393528330524e-07 8.332989453639750223e-08 2.464833880565612427e-08 9.916384832835671759e-09 3.220591840872769295e-09
2.995720330278373374e-06 2.331867378942084973e-06 1.953376329066307655e-06 1.304553845579385508e-06 7.584217561514776036e-07 4.248989978670020279e-07 1.161423308509642402e-07 4.788647508677351471e-08 2.617707400622600700e-08 1.409734293643204401e-08 5.586406379018798719e-09
3.287462998337369941e-06 1.731816253559026994e-06 1.099944043231861548e-06 8.773692413420745473e-07 5.163732573141099065e-07 2.574029937808007609e-07 1.347164061166439448e-07 7.198904465815907675e-08 4.607796576652448013e-08 2.555768318830133470e-08 1.215031839107838579e-08
1.882051169005359125e-06 1.257975425225091349e-06 9.240263255113564963e-07 4.237466141801395742e-07 2.838709666989597531e-07 1.935376466733634348e-07 1.029115323971963525e-07 6.937686905025549813e-08 4.978425008235172406e-08 2.453843095235559398e-08 1.459420595033874716e-08
2.893701960486883690e-06 2.139705209414277646e-06 1.478961566382352227e-06 1.017933697773718620e-06 6.324495902658405199e-07 3.328243674295329991e-07 1.615122818192783353e-07 8.918283812407611902e-08 3.582439492041111061e-08 2.057832077233820720e-08 1.276183968318984757e-08
4.332427097391013015e-06 3.298439823394883141e-06 1.812992204396088844e-06 9.241221856207015922e-07 3.191871231391087842e-07 1.717197932396434038e-07 9.481145749478009959e-08 5.805645862323608356e-08 3.678101419618296332e-08 2.465207094258993734e-08 9.592129393849907864e-09
3.218267530523957129e-06 1.893763342018827622e-06 1.350593424207830233e-06 6.158898126760937552e-07 2.941054310209940563e-07 1.885204669827307948e-07 9.706152848950933428e-08 6.443142783727959133e-08 4.109255704878052536e-08 2.819225947985900268e-08 1.575699358729671075e-08
2.640054033575340722e-06 2.534508346536206198e-06 1.831710924177385215e-06 1.212747261566875815e-06 7.908850075315920046e-07 5.070005902955362504e-07 2.914005688650759909e-07 1.425324000876376457e-07 4.338777518063345088e-08 2.232421142796448816e-08 1.016861749912990899e-08
3.413000698024517759e-06 2.126651060848346095e-06 1.928336268688035211e-06 1.414306731607753250e-06 1.053595200968518770e-06 4.336349886275100001e-07 1.987818414865868299e-07 6.530504231376104950e-08 2.893281029518087469e-08 1.209206283027164085e-08 5.109599665704372697e-09
1.412128953340204953e-06 1.088079996090536888e-06 9.690218121651952338e-07 4.214836795947138406e-07 3.167775363409853060e-07 2.149520358972109401e-07 1.243812872112894464e-07 8.479135091062830710e-08 4.575364759034388473e-08 3.107345168324405688e-08 1.677399419040195203e-08
2.063728118255783165e-06 1.536293281915194209e-06 1.264365716067730511e-06 8.966940901749778209e-07 4.900841202629231245e-07 2.710131166141976887e-07 1.199123865352703405e-07 5.890219076082677915e-08 2.540377006611906083e-08 1.340769019507748841e-08 6.687365400397425148e-09
3.560067544070847973e-06 1.844336867528245613e-06 9.779098566275090663e-07 7.382877278580356295e-07 4.109638941496087420e-07 2.046019415760283746e-07 1.063223874300820692e-07 5.127332495919650352e-08 2.460883786951022368e-08 1.070570021337171418e-08 4.472747913716403671e-09
2.008249470422913158e-06 1.413324845199504957e-06 1.168633036939485010e-06 8.529656494988664468e-07 4.513034450430237424e-07 2.377198436518798385e-07 1.717047862474791838e-07 9.810552867731945418e-08 3.883108055145181824e-08 2.524796797740365100e-08 1.133269321457412609e-08
4.416569235179443598e-06 3.736721972945789602e-06 2.549568699213319502e-06 1.282774937472925447e-06 5.106585425252065904e-07 1.914989981705891326e-07 1.084121228231356042e-07 5.697616606383181405e-08 2.267516979829289517e-08 7.500918060510267688e-09 2.019514336350246789e-09
2.167568784335827873e-06 1.986720779181677620e-06 1.400822879482773927e-06 6.338893275394431110e-07 2.838960615150989459e-07 1.566989623971089644e-07 8.547093938297913304e-08 7.190053606523237706e-08 5.441036480820376488e-08 4.515707996839284413e-08 3.827899018992727117e-08
4.880747904925794140e-06 3.012383361295438575e-06 1.447857607920374563e-06 9.861948003585856410e-07 4.669974282239040277e-07 1.442570181403101922e-07 6.923575873301404836e-08 4.341009476527851812e-08 2.258884913567123534e-08 1.207792752450322130e-08 6.024234558325081719e-09
2.854552223340815742e-06 1.130391134204260338e-06 8.362964335158565335e-07 5.944844187151906798e-07 3.810681437703225174e-07 1.865784888428541780e-07 1.170213149364148685e-07 7.053340890041572774e-08 4.190840506155058269e-08 2.243148490106791817e-08 1.132897487908179875e-08
1.573942012960644434e-06 1.310051736351036082e-06 8.765574901611397161e-07 4.957232623704796865e-07 2.790651044246117910e-07 1.536818206261200791e-07 8.370062145392396828e-08 4.683616341593960409e-08 2.554004638595602231e-08 1.301180900970306150e-08 4.995545545660887208e-09
4.713693285241150667e-06 2.529085481802628320e-06 1.797409835667663910e-06 1.225381026606821545e-06 7.403116833603992381e-07 4.372068143657163405e-07 1.699272339991276474e-07 7.260262288860888148e-08 4.577209127216982477e-08 2.752052132762457668e-08 1.910667022812864173e-08
1.839401181720255477e-06 1.240812997912772945e-06 7.682129483471580100e-07 4.470463568012097214e-07 3.089545946655035816e-07 1.720197218440421218e-07 1.032162589599521126e-07 6.662503286342181682e-08 3.263728527944777419e-08 1.936235378574044705e-08 7.129377405986632046e-09
2.605302720911747094e-06 2.441327725430571322e-06 1.728167566337137438e-06 1.064580584666449568e-06 5.326005535581094652e-07 2.408229820060557821e-07 1.122379541692982693e-07 6.684579785379652516e-08 3.077748886931859747e-08 1.693800164951118314e-08 9.554629860256750571e-09
4.563105579501773423e-06 3.366586519595789844e-06 2.285893035666202677e-06 1.399029591831451935e-06 7.541321750546536815e-07 2.759150140036360119e-07 8.715575453989621717e-08 5.778681925961005137e-08 9.959855224331187258e-07 5.370704822310018120e-08 1.493346376021999535e-08
2.920827966976493109e-06 1.393472818037270245e-06 7.581805314567508676e-07 4.519153535224247396e-07 2.534930486972068157e-07 1.610287527247290982e-07 1.056107805434519197e-07 6.679181676449084490e-08 3.257871642893870100e-08 1.452357449522310136e-08 5.771181699036430585e-09
1.666460690897882211e-06 1.244984217194961116e-06 7.079392574378367598e-07 4.966269375967763488e-07 2.572370826127476530e-07 1.642726391120056469e-07 1.054712517386176691e-07 6.423605372933920217e-08 3.455993022989813952e-08 1.764032370686100004e-08 6.369537180092102591e-09
3.314666994471604356e-06 1.824991361163483287e-06 1.318219919078106051e-06 8.821647387465700628e-07 5.534434228217647205e-07 3.150841585816662417e-07 1.380283670868970354e-07 6.456954075937131131e-08 3.198686519747397954e-08 2.410697784565656307e-08 1.017999574628550771e-08
1.330406715055636838e-06 8.868323540924321231e-07 5.743033937278617383e-07 3.531950532736654009e-07 2.599741034861793082e-07 2.028355350885710172e-07 1.406357989189140669e-07 7.212976395841294767e-08 3.585618514662636924e-08 2.093986888380158061e-08 8.432656196586136011e-09
2.571362376505203862e-06 1.765363854815115930e-06 1.251565121064056032e-06 7.033207100836286833e-07 3.382900022435858185e-07 1.641053326423847705e-07 1.256275780882292509e-07 8.532378415842644929e-08 5.060738191046859809e-08 3.858093453305462082e-08 2.783209628047245936e-08
2.383957393841357284e-06 1.483407036542601433e-06 8.779590166917756053e-07 6.589539339862593632e-07 3.683246308301050655e-07 2.056005101273220604e-07 1.146677585791758908e-07 6.513493591797062950e-08 3.687937172970587883e-08 2.247486334233569818e-08 1.190769427881300109e-08
1.379200099698849301e-06 8.552401999097414510e-07 7.099964657725481188e-07 4.273356766878491969e-07 2.816592399717118969e-07 1.924269203942822771e-07 1.196059208453127227e-07 6.040781337788480098e-08 3.570583743038504384e-08 4.164879487446294302e-08 5.167380629245038987e-09
3.042334642590755251e-06 1.276089624194143975e-06 1.195284183615974562e-06 7.943611541398530586e-07 3.471801386884967951e-07 1.895573555915083579e-07 1.318355482975996973e-07 9.189775502567103224e-08 5.793129304777508202e-08 3.752761804045143575e-08 2.712932108434409388e-08
1.083375247994578008e-06 8.550750633120471915e-07 6.297257031858750721e-07 4.592386165944176895e-07 3.762256849740676551e-07 2.877513597003421657e-07 1.705840646135304826e-07 9.961340147479539045e-08 5.036381962872581441e-08 2.176588213006224977e-08 1.321800984731412169e-08
3.958320160149300716e-06 2.722237897421431605e-06 1.499334023409571613e-06 6.568718544949319195e-07 2.861182839993518008e-07 1.679973037843329805e-07 1.089827776031369195e-07 5.673429110503663871e-08 3.124743222080198167e-08 1.439485637597021766e-08 1.521195362726702547e-08
3.580397431935679767e-06 2.738559471477127696e-06 1.698625446667815501e-06 1.157965766143171523e-06 5.078346426748898252e-07 1.975235010331230700e-07 9.431201002191736226e-08 6.600592326897617351e-08 3.136044138841161253e-08 2.042533826382714654e-08 1.418974092432963188e-08
2.714390930645978805e-06 2.098497438939159349e-06 1.223394726120732836e-06 4.885152828502800691e-07 3.159965084642569147e-07 1.602425901162127708e-07 1.183921439532175748e-07 7.928987664618531946e-08 5.195362773105249782e-08 2.662704654794186041e-08 8.246314499490591593e-09
3.664893639291939390e-06 2.123501054077384812e-06 1.141411112758687687e-06 6.634998000263706714e-07 3.614265297679299529e-07 2.059994101296216592e-07 9.738814294641767600e-08 5.617137531681874845e-08 3.420277962729736504e-08 1.960509998460205405e-08 1.054117704562886588e-08
5.411174614594308375e-06 4.129276047787480220e-06 2.919718725281539169e-06 2.121333933229072944e-06 1.232721367277307760e-06 3.915603617126404032e-07 9.415825911018965748e-08 4.130978500370900999e-08 2.021697392525140701e-08 1.045900355114097144e-08 6.406113329027662078e-09
3.909746637930207880e-06 2.776720582149001081e-06 1.971655725459475476e-06 1.558669466522405865e-06 6.833908643067107272e-07 2.427831532288152139e-07 1.331849024593897745e-07 6.100622330355504742e-08 2.451726123085006257e-08 1.113648446180051329e-08 9.612502690100831906e-09
3.482879919389218668e-06 2.428741035188565228e-06 1.646658061485293190e-06 7.657133463873676023e-07 4.369737705728478978e-07 2.231122654056924666e-07 1.180090103661069541e-07 6.418560065243276043e-08 2.284388975445035383e-08 1.258673724094419401e-08 8.842972089000959093e-09
2.440342046654524815e-06 1.957760792886781441e-06 1.190777763447631724e-06 1.102785119799107790e-06 6.214063902909340967e-07 2.126230555193720938e-07 1.399751306090275180e-07 6.863350508883675799e-08 3.235598098753773585e-08 1.903350121101769178e-08 9.135274834989877545e-09
2.812148856564154778e-06 1.996837090805666146e-06 1.251372454524784579e-06 6.594859336687923354e-07 4.076000471170725881e-07 2.335680570668459996e-07 2.251143092692560997e-07 8.179705905283377615e-08 5.791446281570649912e-08 4.100863702656388652e-08 3.100263929765192102e-08
1.978280509505024863e-06 9.673496603007197521e-07 6.777621452943479735e-07 4.011595290718580523e-07 2.513899086826785523e-07 1.527157616190715085e-07 9.866147293757426179e-08 5.813346154989050036e-08 3.512226051859713818e-08 1.762968008156356224e-08 1.010258435842134737e-08
1.615557240932069909e-06 1.183310288239313077e-06 7.564154452945076253e-07 4.514729820277215054e-07 2.458588081227191093e-07 1.343217556695115055e-07 9.491566100843111666e-08 6.907209116835286451e-08 4.700290491050714448e-08 3.311312984524563978e-08 1.700776169694186130e-08
3.819688313071891387e-06 3.209293101425170503e-06 2.296002687565016529e-06 1.206813077586813556e-06 4.647472039654201426e-07 2.358768951360364342e-07 1.326909183710571296e-07 8.527252124818906580e-08 5.853992196640555005e-08 3.511998704068454621e-08 1.409151920831852395e-08
2.868759057977865644e-06 2.237631878802137438e-06 1.610462818568243581e-06 1.011881222910870503e-06 6.298455110386976667e-07 1.787210534582644218e-07 8.716006925040081270e-08 5.988810545682683543e-08 5.513579001658823773e-08 5.592007176800369456e-08 7.734721474150426862e-08
2.831841342181378529e-06 1.011744719377767057e-06 5.511443689385131540e-07 4.410969026336640617e-07 2.946500525068307780e-07 1.976278830298627292e-07 1.493021425820226041e-07 9.735189897638568895e-08 8.479341009450487080e-08 5.900016108007465071e-08 4.643371988220121641e-08
3.386784702656844940e-06 2.292053692550154026e-06 1.701724246985342857e-06 1.337653131962492689e-06 6.444728150867665550e-07 3.931235228069520166e-07 1.483700247825467992e-07 8.279648251120080535e-08 4.096713168881478050e-08 2.685845398975449179e-08 1.555096252345425732e-08
1.762517611390639418e-06 1.687679522417453407e-06 1.120425758215686722e-06 5.240422869944397156e-07 3.082138223320384232e-07 2.128791442686034942e-07 1.229041752424191084e-07 7.482490720591023215e-08 3.409772801934754739e-08 1.377193918223557635e-08 3.336154221165395661e-08
3.362592532056650638e-06 2.539091846359407759e-06 1.820648297330204099e-06 1.368872033078800128e-06 9.218266236679901094e-07 4.002207564291504695e-07 1.175400991322938483e-07 4.757320195564932520e-08 2.638646433064869566e-08 4.435310909683754315e-08 1.928307331220687294e-08
1.605629326563260607e-06 1.045214230168002969e-06 6.151894864380164402e-07 4.790052895619090671e-07 3.235023527501407031e-07 1.964543744810670686e-07 1.080644341338107248e-07 8.059856033436962883e-08 4.139530894650445994e-08 2.445482932777521268e-08 1.070559377577424189e-08
4.022957663988599799e-06 3.008512024881193860e-06 1.711852287749034521e-06 6.491299231364442776e-07 2.976589573249079766e-07 1.892893652735284808e-07 8.448171763468696967e-08 4.520057954924837377e-08 2.419581923859801326e-08 1.433584835060011185e-08 8.820395423118463185e-09
2.987233753587803070e-06 2.411805425207437968e-06 1.605570607252425481e-06 1.089747123300672205e-06 5.554834947650653212e-07 2.424066733117113668e-07 1.137722864795021219e-07 5.610469705837132787e-08 2.992487193420458221e-08 1.325245991841454707e-08 5.812245973214366476e-09
2.412926508804947089e-06 2.236022596019168860e-06 1.522614779745842552e-06 8.165074069830693080e-07 3.109081262646315695e-07 1.504457510326935057e-07 8.603734082165594001e-08 5.060772600155922647e-08 2.503974789718738931e-08 1.235558787635403229e-08 4.252422483553701882e-09
2.166570646869862356e-06 1.400529034500744965e-06 8.523292670240929498e-07 4.505465927446412157e-07 3.245439340997791541e-07 2.031599948162018004e-07 8.749001402768133690e-08 4.665924619437669072e-08 3.102138218812481287e-08 1.824779712049999944e-08 1.047417264427820274e-08
4.068925717446542351e-06 2.064343552929043831e-06 1.152398922027272426e-06 8.341336750668047033e-07 4.233287365143918198e-07 2.085138116943842027e-07 1.312866033728864478e-07 5.345126995119072568e-08 4.472232059331169682e-08 2.559181289291172394e-08 5.481567132984901464e-09
1.055183682502395324e-06 9.130017663031954799e-07 5.454489991235018233e-07 3.617515725264652335e-07 1.938669678299252748e-07 1.662266166584861199e-07 1.692198138232794400e-06 2.105796305624053443e-07 4.966640378508600885e-08 2.185956738638956981e-08 1.091630796593163393e-08
3.616233793822978771e-06 2.616181037561472910e-06 1.713697155234605841e-06 1.319684706150069297e-06 9.112976586003039382e-07 3.691558213694301240e-07 1.517995208850774075e-07 6.113869263485780826e-08 3.056488462111771160e-08 1.335157750593253806e-08 4.907910633091732271e-09
3.636743350571959602e-06 1.956647686170941848e-06 1.151381042059609678e-06 6.518131997567230045e-07 4.567278544006376753e-07 2.571859656099823228e-07 1.304328419311685641e-07 7.240577334294008596e-08 4.860178682666067857e-08 2.719482414745318933e-08 1.809866006148381508e-08
7.650250900065229398e-07 9.792921401467266042e-07 6.121074666083045588e-07 3.447497317579729819e-07 2.225563003253069747e-07 1.459679218866616270e-07 9.232818167104917287e-08 6.077954189195095380e-08 3.649945867672226449e-08 1.803304763425424932e-08 7.623702410352794425e-09
2.165534458303890978e-06 1.931459177994645052e-06 1.453706737022736833e-06 4.320835732504203998e-07 2.145634717227740096e-07 1.333854790600058953e-07 8.432517526449640920e-08 5.106615115949411422e-08 3.185792963784695792e-08 1.715780353633853309e-08 1.018712889023165232e-08
2.064672150180468723e-06 1.672519885207673953e-06 8.551629894612674407e-07 6.197777398214884575e-07 5.418375190998270547e-07 3.017785254114339616e-07 8.962987168918826270e-08 5.551303734685116165e-08 4.152744146884455193e-08 2.068440891023268552e-08 1.277241302256242434e-08
2.033504555460340593e-06 1.168586892613093471e-06 7.153736507133896620e-07 5.390411279093545081e-07 3.638070657262617397e-07 2.020828706486420305e-07 1.097329259610053727e-07 6.531494178611662461e-08 3.549261710290280933e-08 2.359000882391800778e-08 1.582844625456751134e-08
4.616696066283284357e-06 3.429530915685953502e-06 2.292004710668675942e-06 1.091223177603320112e-06 2.537923318916675437e-07 1.050919805747249631e-07 6.191992312686748297e-08 3.900295825242392640e-08 2.471919004746628265e-08 2.206968675472480967e-08 1.688995103383047470e-08
2.329945303074718931e-06 1.176390377253650798e-06 7.538823969524635428e-07 4.734949159246351166e-07 2.651318312087449870e-07 1.448717688253975625e-07 9.257828610948779845e-08 5.744579565305776469e-08 3.045988672554611472e-08 2.058827427559992742e-08 1.078892277517985849e-08
1.867790849967775675e-06 1.159466389295552688e-06 6.904922803461528747e-07 4.914672225580304680e-07 3.141630861610711762e-07 1.631494569724986310e-07 9.668804150891808263e-08 4.825001505112989325e-08 3.700499320572953332e-08 1.270603992195625790e-08 8.879175665071631321e-09
9.086312145420921004e-07 7.649378767449372509e-07 6.842065086566766346e-07 5.340556391380631033e-07 3.923819173088465720e-07 2.220385684844582593e-07 1.342870024086247318e-07 6.887306765026274889e-08 4.269119063729167714e-08 2.615818693901621366e-08 1.259250121580395941e-08
1.601702031640096351e-06 1.342888280855218393e-06 8.233714874550719858e-07 5.393775068564317395e-07 3.862817847922479695e-07 2.623819076160748889e-07 1.358690638498708525e-07 6.373665451066699126e-08 3.593862824823844595e-08 1.584120385927620423e-08 5.198564342546148143e-09
2.205459879880393063e-06 1.772022150348179906e-06 9.929435133075640499e-07 5.560923011362431129e-07 3.409998738215778722e-07 2.005152278644894977e-07 1.231188311719812003e-06 1.010621781565183404e-07 4.617303800456631968e-08 1.406356740938034608e-08 9.041826794789563064e-09
3.144840351697356182e-06 1.475726498681608361e-06 7.043947803011618213e-07 3.445443236171180812e-07 1.951597568739739123e-07 1.166831661616475625e-07 8.625499786456854376e-08 5.584597452512629542e-08 3.572267030066083867e-08 1.849529757809812358e-08 9.454231304723003534e-09
2.999821013540945680e-06 2.319901299030229509e-06 1.562486778762604908e-06 8.619539942389303606e-07 3.722695120936632763e-07 1.834218676455736585e-07 1.029887935566652488e-07 6.466713125518346340e-08 4.498705049937300601e-08 3.084602176431313285e-08 1.888257676975378208e-08
1.667287121686221077e-06 1.288044735407201940e-06 8.896531626645914317e-07 5.840910406768684206e-07 3.164524203196861644e-07 2.787080007821891175e-07 3.608122452765781251e-07 8.094203255939024107e-08 2.880289235066201696e-08 1.300020194269298885e-08 7.858635137345967769e-09
4.432027803865057213e-06 3.212140912505662882e-06 2.574039309614778228e-06 1.921531165199605451e-06 1.034747219520177645e-06 3.687110136111848216e-07 1.120868975229321748e-07 6.307867114310361206e-08 2.077226373713334075e-08 1.002682707581924640e-08 5.446686847142983682e-09
2.331546600176315087e-06 1.859344576963592570e-06 7.888733630732415815e-07 4.409999937772765210e-07 2.796894891698379254e-07 1.758958942061267530e-07 1.164732559511917934e-07 7.468875702137329479e-08 4.548848690769899492e-08 2.463776029626429355e-08 1.283149971019133799e-08
2.241418744780579890e-06 1.391275100116150890e-06 5.363786192348047419e-07 3.304003784996335958e-07 2.192104004522556239e-07 1.347833375595478753e-07 9.574175956900119554e-08 8.992123618020992305e-08 4.363372275608570570e-08 2.603237704268739551e-08 8.525558395897119209e-09
2.833164420379476199e-06 2.033514685484473097e-06 1.747357029260511197e-06 1.304219848969964261e-06 7.290600934368335370e-07 1.930499112110791476e-07 7.664740699726320221e-08 3.568951405944041917e-08 2.371880740333405435e-08 1.120712378061098616e-08 5.969842940698636332e-09
2.436226745209564418e-06 1.865074067649234866e-06 1.708280172848479133e-06 1.200559455993904629e-06 7.176398585992985480e-07 1.853658334707167196e-07 9.004173487334731727e-08 5.572835032339620007e-08 1.756085559246347589e-08 7.403786197629217810e-09 1.725025849089830330e-09
1.683841762963989306e-06 1.069239933218203925e-06 7.211092634724466055e-07 5.323550917106821534e-07 3.956154590103347383e-07 3.205548054054697565e-07 1.900682009656057966e-07 1.104476041950131799e-07 5.818599922647029124e-08 2.876384144179272250e-08 1.429036876412822683e-08
1.159376714504269300e-06 7.478758780218551708e-07 7.080695880500180909e-07 4.573543410371152101e-07 2.728107620051466553e-07 1.683114741909947359e-07 1.113074379233461183e-07 6.435827863201215353e-08 3.783200378419809292e-08 1.954188123578096041e-08 9.596874951196060665e-09
6.025227721631690497e-06 4.341686815614284813e-06 3.152504921835832474e-06 2.232758446078003123e-06 1.226655809875324845e-06 6.330851019039173274e-07 3.309224025475182120e-07 1.072858040066913906e-07 3.896044071303522096e-08 2.174500455439110263e-08 1.269892186519741137e-08
3.240498428600484475e-06 2.027027765162136564e-06 1.477618296116598458e-06 9.976441633606107169e-07 4.998619826207686562e-07 1.904324141888820346e-07 1.186036275417077632e-07 6.405356762241652860e-08 4.810747367455207536e-08 3.017931940662252149e-08 1.459349973370004211e-08
5.857394418108244776e-06 2.640605197051760781e-06 1.822202578389134486e-06 1.100311321762155122e-06 4.300123388931906657e-07 1.777572900593405488e-07 9.223139656121695987e-08 4.580298147168533862e-08 2.981337621573572926e-08 2.048253111274465949e-08 1.026895952159774485e-08
3.622829568920230534e-06 2.210772983830880887e-06 1.691341666023365574e-06 1.043924397304594274e-06 5.228628645526602762e-07 2.660105126514106770e-07 1.075647898341303322e-07 6.299041012453529889e-08 5.164234630523266152e-08 2.094130409872642446e-08 8.793717221831002057e-09
2.919856198695201359e-06 2.613913069757728941e-06 2.114324803119588878e-06 1.372195732839552318e-06 7.811872021875281023e-07 1.848882907064244200e-07 1.074137655505352243e-07 5.821566950738292661e-08 3.490106413686464558e-08 2.094608225192570128e-08 1.101551470869265907e-08
3.617279246544278775e-06 2.035436859228786149e-06 1.689457072825824521e-06 1.212732066775841427e-06 5.059312457521887039e-07 2.683351202315768082e-07 1.232767597571981138e-07 7.914885626880905237e-08 5.878544281666341663e-08 5.324243656111059132e-08 4.771236377556932402e-08
3.343189864481317682e-06 2.058439238930888246e-06 1.379427060984628143e-06 6.378616373737652833e-07 3.753044305776385735e-07 2.922594026528271381e-07 3.488237544698085000e-07 7.884491850655125499e-08 3.350792231883145955e-08 1.465163586295352928e-08 4.407583002479085854e-09
1.276603230392996236e-06 1.031219035572371806e-06 5.817194482108494828e-07 4.284189999219871469e-07 2.588783944051368086e-07 1.643672865048392439e-07 1.065555798752826470e-07 6.418017901299562661e-08 2.934873584980591990e-08 1.548498442769345867e-08 7.288513627174802596e-09
1.652922586642500607e-06 1.227542663212826310e-06 7.259828188238006845e-07 4.323999403096580681e-07 3.780733157482860625e-07 1.964737464996922589e-07 1.319263396026295032e-07 7.716564284182678096e-08 3.681590204783950644e-08 1.508639193730208137e-08 9.531398344232969436e-09
1.237451727970698617e-06 1.074792225187119665e-06 5.675779827918347113e-07 3.002341236947335214e-07 2.281436497241360157e-07 1.763198443325836451e-07 1.023582693516417895e-07 8.050146023128248032e-08 5.281759805657911530e-08 3.608445240290806197e-08 2.752658794350383212e-08
1.901025690279471009e-06 1.136305807728315376e-06 6.378191168390698310e-07 3.943382112968864690e-07 2.467962661286222382e-07 1.378653460946255265e-07 1.781534906770856311e-07 5.736136850413729928e-07 3.050149871900553479e-08 1.122291355409811452e-08 3.333804669350758888e-09
1.283409277345579225e-06 5.821727684909204042e-07 4.851866826691548637e-07 4.185151217338072487e-07 2.238073203575206258e-07 1.941803916481927549e-07 1.373843079603299929e-07 6.451265767499126798e-08 3.417315912781543084e-08 1.145171097367357851e-08 4.795952560139360078e-09
4.631634036774369437e-06 2.706156170293530861e-06 1.651310944979893100e-06 8.478203646090347161e-07 3.623581740592782414e-07 2.081598041250942026e-07 1.068417284801837098e-07 7.262053391610123034e-08 4.493742922670592162e-08 2.619861615689291369e-08 1.533831192822493768e-08
1.267438012343853409e-06 1.000359468206561393e-06 8.519341031083811349e-07 4.527714451747717470e-07 2.424863734902911726e-07 1.710054304593362923e-07 1.271159324219007877e-07 8.439066717292442398e-08 4.872926737072643711e-08 4.030439278798560619e-08 3.943414562510065774e-08
4.790863843723963690e-06 3.563914871434515338e-06 2.383545802504038864e-06 1.357362304516578891e-06 8.475715138417340625e-07 2.990209711622464234e-07 1.291074886688156164e-07 7.000785442587891508e-08 2.714559869848491264e-08 1.400081679083855147e-08 6.888201088373350102e-09
3.302945785696196420e-06 2.550785657387441084e-06 1.218334400721594466e-06 6.771524170165671487e-07 3.730969313490286181e-07 1.602349172133728092e-07 9.429758857461824708e-08 5.814607383844085360e-08 3.342887725286559105e-08 1.521480759503187628e-08 7.435417928871635105e-09
2.552238879865596944e-06 1.970367373204270817e-06 1.469603144862093670e-06 1.077558573521588523e-06 5.078862620859996488e-07 1.234112114650017554e-07 9.240629507912064464e-08 6.458990402552670818e-08 4.726074732300567557e-08 2.881060002261226641e-08 2.139218707527600394e-08
2.718452359732231158e-06 2.480494077982275539e-06 4.479700372655699789e-06 2.321173313416370453e-06 4.964476355112028321e-07 1.791613044493543034e-07 6.694647982082953293e-08 4.370659230334559117e-08 1.398203988121345961e-08 6.606635030991636356e-09 2.910543973976711601e-09
1.741609867576113360e-06 1.927079407308664406e-06 1.658434551924101669e-06 7.884720108688391266e-07 3.999656163631555091e-07 2.051789844281520553e-07 1.448535056103217938e-07 5.463252423021903937e-08 1.505655678006849892e-08 1.206673491100042316e-08 1.888205143100745565e-09
1.017539861350242899e-06 7.345918249188813668e-07 6.399354673732249702e-07 4.027875966852388913e-07 2.967270148336319912e-07 1.756724632906051441e-07 1.177771361471693012e-07 7.670561742682052327e-08 4.183883071542676516e-08 1.969628662529911242e-08 1.132316440596440335e-08
1.059996253756719835e-06 8.570457448409377326e-07 8.427430231258831732e-07 6.434434743646373065e-07 4.665202045971093878e-07 3.711253757922876396e-07 1.166159575446865732e-06 9.400390639575529935e-07 5.876489269188327469e-08 2.600759758059784127e-08 1.843229201543446527e-08
3.313473216783496109e-06 2.876750857175803872e-06 1.781201762748117314e-06 1.097334748651473062e-06 5.553272697021150630e-07 1.990651806010117585e-07 8.636916221566233346e-08 5.240225829966880642e-08 3.179348485618750826e-08 1.649710196755426549e-08 8.788063805826077403e-09
1.905694371400376421e-06 1.714852540093217335e-06 1.138119403774267875e-06 7.791039302381597744e-07 6.804002687111416489e-07 1.950169779458654938e-06 2.409716452784162934e-07 5.505133767455365908e-08 1.198147637948396324e-08 6.173034044501067257e-09 1.920831524926726464e-08
1.384425645565757017e-06 9.608371815843837645e-07 4.825193450448613152e-07 3.302740329727414447e-07 2.424656697194461073e-07 1.612629719301537795e-07 1.203283271617011958e-07 7.323246912895715063e-08 4.196842215345708927e-08 2.144575629417404023e-08 1.222529302714140497e-08
2.653615980214796799e-06 1.245967971068534261e-06 7.469204331668158364e-07 4.727370187069680215e-07 3.081770448709655139e-07 1.710547371120428094e-07 1.136158330778248374e-07 6.595657398003124075e-08 3.498975822198936904e-08 2.134289498484840125e-08 8.564610100026235574e-09
1.494992086501974348e-06 1.005566600316848899e-06 7.730312314547787123e-07 4.519512213049659566e-07 3.014129611723279974e-07 1.653335298415687398e-07 9.969856151672612248e-07 9.251257905902620307e-08 1.442923954542425238e-07 5.025666607699499121e-09 2.059426111160900046e-09
3.982228981247392656e-06 2.913327111897576149e-06 1.550574835302985071e-06 8.015948980516463511e-07 4.015884491231392908e-07 2.030869775269307460e-07 1.229525037845404972e-07 5.921250033692278830e-08 2.326263615557487993e-08 9.648297207017443186e-09 4.850303941702611359e-09
2.531786088646842201e-06 9.479444159022307273e-07 8.061542901313416700e-07 5.476170383029189185e-07 3.056181006189219945e-07 1.703952337566365684e-07 1.187883889339021012e-07 7.338203930853877623e-08 4.719374513131960116e-08 2.653000165373586663e-08 1.578534986640296036e-08
7.281168065965388800e-07 6.923665742757434349e-07 6.124737068991728822e-07 3.366026504740836135e-07 2.841105909960400622e-07 1.734547013490470453e-07 1.172354107886255345e-07 8.095040699417703325e-08 4.943251678924335142e-08 2.412689065645952352e-08 1.048528597103983047e-08
5.227348404230905152e-06 4.413669998583822959e-06 2.576862202524637121e-06 1.519143927975921915e-06 7.785959979183066752e-07 2.939837795179891151e-07 1.385407031265377797e-07 9.569481643151052426e-08 4.623809393350033373e-08 2.382352928708995325e-08 1.392362608455315916e-08
3.570951612877631174e-06 1.929218770613277051e-06 1.140424455478726086e-06 6.688403059509167144e-07 3.378398272334652767e-07 2.072312204161675780e-07 1.202243245865500558e-07 8.749270732171451912e-08 4.521210132321895549e-08 3.903520785516639083e-08 1.906169609268382865e-08
1.205711704283839313e-06 6.675603301445505758e-07 5.945283132713592723e-07 3.788538527347607200e-07 2.611095314335460116e-07 1.621383943793808878e-07 1.155518873869579245e-07 7.186088643290393542e-08 3.891863017774088457e-08 1.915565332789539224e-08 1.105026678216458842e-08
3.923883084247219985e-06 2.284918371767581437e-06 1.479317649123259529e-06 7.252022148341115057e-07 3.861046880145589167e-07 2.011497206631797225e-07 1.075450865812661250e-07 6.862118836966146690e-08 4.079387053323244561e-08 2.756400330649804361e-08 1.805034206822892344e-08
3.814008454732480418e-06 2.416403452593726143e-06 1.381943343798263810e-06 7.258159892874454802e-07 2.804453387282907099e-07 1.430803395576528430e-07 8.534500483457060661e-08 6.062937973558263327e-08 4.137303735006371321e-08 2.250010455071296919e-08 1.697249354862313376e-08
4.780610164726913131e-06 3.562619155455794060e-06 2.166618850905419476e-06 1.306392728389810051e-06 5.785317640422339887e-07 2.022689963520162602e-07 1.080919862753751508e-07 4.749590945091563172e-08 1.873744012884874836e-08 1.185123789696824519e-08 7.695900203814488314e-09
3.564554265178991766e-06 2.606505564829187035e-06 1.526515829282190347e-06 7.686007473222472230e-07 4.226491447775048379e-07 1.576555473983004784e-07 7.051433444235080632e-08 3.291481832755645065e-08 1.954479466152387882e-08 1.118629888960269310e-08 5.287319733682832392e-09
1.988066747152073588e-06 2.014728907704965506e-06 9.214960844695459069e-07 4.762929962662292853e-07 5.501621249176089763e-07 2.492311450002455734e-07 1.434171874603106946e-07 7.008982691217780628e-08 3.655725073517561722e-08 1.632433877408966243e-08 7.470524621432493053e-09
2.387151010438609485e-06 1.659946664997605183e-06 1.389220960500686029e-06 9.095429047493219028e-07 4.886940232591626466e-07 5.982263613658222657e-07 1.339481177901585531e-07 1.772802877015035999e-07 1.287852083974352078e-06 2.316335239670720262e-08 8.579777771738891341e-09
2.222920031350598646e-06 2.410694047919133833e-06 1.310572929386254805e-06 5.484274819601586070e-07 3.851811189811545705e-07 1.786830154049866361e-07 9.435081391545659189e-08 4.977223432172266038e-08 2.638340203852712933e-08 1.399921328102323960e-08 5.687888268128368038e-09
4.870612039279671381e-06 2.078737460483541505e-06 1.262196153740984086e-06 7.540939491737598917e-07 4.644343012865067453e-07 2.483725998910643647e-07 1.319458774504927918e-07 6.991356995370249115e-08 3.104725228946845493e-08 1.419971424013052314e-08 8.225943917536175045e-09
1.747202996743528953e-06 1.168734895711290603e-06 1.336580744445194873e-06 7.589545799736543578e-07 4.581175137303553301e-07 2.868339800066177291e-07 1.937640818011754204e-07 1.085025721518853669e-07 3.979029898393042872e-08 1.707869070720299872e-08 9.003640154864557560e-09
3.318561866813489838e-06 2.347295727269017472e-06 1.532394338481862365e-06 7.123356675346108168e-07 3.626897385878750409e-07 1.509303715272581951e-07 8.692048648945485473e-08 4.357443892054929680e-08 2.911554612812600366e-08 1.925813096008049677e-08 1.128214829030782947e-08
4.325694922527116165e-06 3.420040526481272811e-06 1.564541733233166246e-06 6.632424284910216328e-07 3.240159259961350985e-07 1.811368594604120979e-07 1.030528341899169196e-07 5.525849167306793608e-08 3.331944108340347012e-08 2.386132040446694466e-08 1.484106967059349040e-08
3.739410720906274077e-06 2.311224687677314942e-06 1.954045202873233916e-06 1.195372822935100137e-06 7.073381640554677838e-07 3.879756330198543447e-07 2.680100155310150964e-07 2.703310996057952397e-07 4.597139713097658486e-08 2.528799118548214152e-08 1.548756116060356973e-08
2.049732864875698062e-06 1.748466991865739540e-06 1.218473909443453694e-06 7.817273599489971865e-07 3.811549281003222424e-07 1.559679834314085992e-07 9.592544622620301747e-08 7.620205019439609204e-08 2.049380309588085930e-06 3.215910353228662803e-08 1.418656533888245715e-08
2.526849793296050074e-06 2.067707966274633504e-06 1.300464272059873025e-06 8.023182603597170934e-07 3.990411241457454712e-07 1.346014836118574065e-07 7.355945114540563158e-08 5.116453511814785718e-08 4.911931476840078647e-08 9.764848441873288555e-09 6.202563895441447489e-09
1.288593866159962193e-06 5.172545379223480959e-07 6.038696041000155458e-07 4.530727042756582252e-07 3.493964085137834365e-07 2.550530804247402244e-07 1.462753081139690872e-07 8.226704964496256753e-08 4.242044218000730004e-08 2.503809064174024975e-08 7.013798039223711128e-09
2.738718345185654039e-06 1.897755846349341786e-06 1.148001831339063935e-06 7.184036371111737481e-07 5.064707479457472437e-07 3.060198745073766028e-07 1.971412019602866979e-07 1.156553675729758807e-07 5.776716636340814077e-08 1.568766835213184354e-08 6.588500088543235611e-09
2.270823021651933203e-06 1.213839940844435696e-06 7.872260473796458806e-07 5.511908043840570261e-07 3.444926082668313865e-07 1.807907091955186802e-07 1.014668951477058908e-07 9.839293347145297465e-08 2.458296161332523132e-08 1.190416757153568023e-08 7.067932675492974456e-09
3.012275858370446294e-06 1.389050673813655687e-06 1.095878478009513478e-06 7.062055703373231349e-07 3.893881988854491697e-07 1.839444104403506456e-07 9.279978024584018885e-08 7.838024260472430540e-08 5.779865091139643440e-08 3.961065176384886672e-08 3.069910245077775446e-08
4.097169749248103345e-06 2.934575263867086008e-06 1.642502593811534147e-06 9.238672774082414479e-07 2.169917136629616297e-07 9.850711755638516943e-08 6.872613174346983019e-08 5.258908078546097846e-08 3.356866586073415197e-08 1.295364982972397490e-08 5.907625769192154915e-09
9.130109215960006515e-07 4.825191437152573023e-07 5.273964421141900288e-07 3.259418503224839783e-07 1.966235361004972947e-07 1.265391969464386316e-07 7.185814973971326915e-08 5.943983156484229690e-08 3.636208222275887005e-08 1.919976770178553910e-08 9.055456639748522204e-09
1.511467163870658867e-06 1.306881604389300480e-06 7.239161120092135657e-07 4.947183833612237479e-07 2.953166693599853634e-07 2.167341144522662578e-07 1.132834023839985602e-07 5.563802913854413433e-08 3.241405984431312170e-08 2.269350681278375496e-08 1.458613690853259269e-08
2.622912768048309315e-06 1.410391576040938603e-06 8.515545411179231661e-07 7.169329758075820108e-07 3.618046292658281420e-07 2.518704616452751747e-07 1.090088450808220049e-07 4.917411713528054029e-08 2.345458894384704125e-08 1.366967968808835082e-08 9.437893419042886168e-09
3.706711334322444530e-06 2.732541234449020595e-06 2.288512600389832678e-06 1.385863124177866119e-06 6.704370283267681907e-07 2.041481133458989228e-07 9.797581698135123415e-08 5.542614197663151415e-08 3.384574864211140108e-08 1.639761460136215659e-08 6.723272751913876874e-09
2.137857678888268524e-06 1.116451526221706796e-06 6.498008586713949986e-07 4.665686147771673701e-07 3.369587942013968935e-07 1.952955194028246559e-07 2.798651317729504899e-07 1.160972502621751111e-07 2.022341363427694844e-07 1.262058573763334755e-08 4.224742659109898542e-09
3.228421204949454186e-06 2.939655061666668217e-06 1.316833014992930926e-06 6.778835826094249089e-07 3.127208206629503146e-07 2.137489592543836617e-07 1.395344819872403871e-07 8.616569793400956406e-08 5.346396978843566610e-08 2.980379585525611936e-08 1.381509528547323993e-08
2.560149622791061504e-06 2.089725427594241993e-06 2.179865039956811806e-06 1.572963249406924585e-06 5.807882705672031450e-07 1.927692571410527469e-07 8.687565931617704098e-08 4.357083938160419663e-08 2.582045711928262966e-08 1.515201814408701250e-08 6.511222118345554934e-09
4.485067951807889806e-06 2.326524243738993514e-06 1.645939119389439611e-06 9.644009332282628090e-07 5.651966206529856664e-07 2.486001723025869342e-07 1.118143371446275698e-07 5.060221670631143441e-08 2.389382575471253261e-08 1.124319602098349569e-08 5.548260113538939535e-09
3.394362996391228085e-06 2.200782212470627620e-06 1.188653597309949332e-06 5.436008973358655525e-07 3.354036080425112711e-07 1.846517339329659376e-07 1.053304637684063492e-07 7.024682644908900488e-08 3.987098137074042888e-08 2.629596136376188270e-08 1.700146566116374688e-08
1.884325243548142431e-06 1.720356512411891457e-06 1.709942297054725891e-06 1.348086077218543242e-06 7.825780791934597081e-07 2.272643585973438514e-07 9.988580994410384337e-08 5.253900445199291343e-08 2.271794316076398509e-08 8.623866963159889106e-09 2.224869458804168629e-09
3.431382036243597715e-06 3.040984299112782530e-06 2.366761691230219735e-06 1.491570544138754713e-06 9.284009466703027180e-07 2.354356338447946728e-07 5.981219710133230487e-08 2.997770155151727968e-08 1.616687938961729153e-08 9.240382805242569761e-09 3.897593053028886960e-09
1.296115302385537415e-06 1.229614992054122031e-06 9.277104025807299868e-07 3.442181074821778562e-07 2.047487611894611888e-07 1.453339599526089931e-07 1.137574663742893147e-07 8.494518289453997702e-08 7.170776047557420424e-08 2.318166503753570371e-08 1.153466760839113220e-08
1.676668985647460777e-06 1.037224636854563495e-06 6.867605542696708203e-07 4.990905577736821835e-07 2.952412171226187753e-07 1.806229070391732842e-07 1.066896125963484311e-07 5.510527498050831051e-08 3.062600051731027723e-08 1.105154789585102098e-08 4.752834871592378511e-09
3.351764191060776785e-06 2.531707334708592156e-06 1.863057503867142889e-06 1.298660963927938261e-06 8.976593115817440228e-07 3.218289480100074952e-07 5.716798010718587157e-08 4.851845857798638995e-08 1.621999946119876121e-08 7.933155905627750459e-09 3.708037553203364034e-09
2.969429209839509042e-06 3.209072933746123663e-06 2.121775978144590277e-06 1.234758053803718864e-06 4.575374454973007748e-07 2.183894104730793783e-07 1.124757781777105923e-07 6.900402596779872105e-08 3.555514657806635992e-08 1.755837194855918313e-08 9.200483081910813815e-09
2.121409190036233332e-06 1.685522880070597006e-06 1.460005735253457824e-06 8.566801760935685222e-07 3.833376352474957619e-07 2.181604392397490166e-07 1.353039224565784593e-07 8.223666639034670630e-08 4.187332436693599411e-08 1.973975512750246473e-08 9.235069404997691519e-09
2.116381689336073598e-06 1.037254852155883204e-06 6.909645373383001233e-07 3.840623779685836105e-07 2.907701739430099275e-07 2.123649435491435972e-07 1.514124736655677335e-07 9.639797233573591319e-08 4.729176735058471943e-08 1.928286894365362394e-08 9.411480097532844366e-09
1.907998492510321066e-06 6.564416313216839568e-07 4.307249454057494542e-07 3.493159750593623632e-07 2.212370087463733653e-07 1.556565384930654692e-07 1.011161868254009732e-07 7.291675445672290285e-08 3.248966227106376466e-08 1.621197004912711044e-08 6.689744628821706702e-09
2.046000170249986910e-06 2.331366890049070940e-06 2.159199043343045837e-06 1.640609664375103588e-06 1.023288993182266032e-06 6.108142779593650323e-07 1.711222125347281310e-07 4.681853962479519815e-08 2.332592426815430138e-08 1.548019715081544073e-08 8.683842536754810618e-09
1.900995762769160306e-06 1.116267914377993620e-06 7.330558475531669867e-07 3.052162467298487089e-07 2.078926917558590470e-07 1.182992142347041623e-07 7.449410661451456082e-08 1.307744788843887848e-07 1.538080330940163795e-07 1.458092381920617151e-08 1.716578961226845706e-08
3.308842079178342204e-06 1.461647341607678382e-06 1.017314249102283573e-06 4.685575177092276756e-07 3.056380497334636624e-07 1.726289298695657813e-07 1.107052794792963235e-07 5.723428104179584991e-08 2.736043743627428386e-08 1.281330049925652360e-08 5.144403220415049051e-09
2.152324937853195808e-06 1.055125211227259725e-06 7.202609347711181145e-07 4.425277341651582081e-07 2.958410870337068885e-07 1.675467242797539020e-07 8.616525520511286913e-08 5.692234007494856647e-08 2.806614552723489822e-08 1.369281739899549531e-08 8.214146266281919866e-09
3.702090675353845730e-06 2.055020310707228466e-06 1.399229774777786618e-06 7.304931278358607806e-07 3.441047387646903324e-07 2.117802874080838940e-07 1.171175698486015615e-07 7.282339225652416190e-08 4.155598586141832968e-08 2.778559555702941467e-08 1.501432850509647992e-08
2.279281215386529164e-06 1.478774305976033523e-06 7.917863257303025241e-07 6.963277398797287825e-07 2.012244023301011852e-07 1.137886384677999362e-07 7.531746745638919896e-08 1.207167148298229614e-07 7.596681316852374738e-08 8.744978354065148121e-09 3.670895516753516800e-09
2.523566813074962910e-06 1.419159794545492769e-06 1.026832404831146079e-06 7.575042344001149185e-07 4.656916937986551204e-07 2.403342886715023881e-07 1.434472047164097725e-07 8.319906914455437964e-08 4.812505914754573921e-08 3.246297307529684718e-08 2.266400686521654325e-08
1.180181252638649620e-06 9.027315402851048435e-07 5.588673919522265378e-07 4.265248826378727307e-07 2.469566615584851852e-07 2.175149144857628387e-07 1.367003561219624419e-07 9.168815242759435725e-08 4.157645975933842708e-08 1.958973655244381904e-08 6.010684077826833315e-09
1.917106923877951398e-06 1.747373623322379598e-06 1.626593727889382929e-06 2.495436504458229294e-06 2.409340013128404842e-06 2.945698046473305837e-07 7.113767670389544958e-07 1.112916884755057360e-07 2.470520378123568969e-08 9.767622904636563143e-09 6.343056100836936186e-09
2.979135202927584079e-06 2.397664055475698874e-06 1.699807666457808684e-06 1.190238464829216280e-06 6.002322384183566011e-07 2.343753896119577340e-07 7.637498479908459803e-08 4.124757022342450274e-08 2.393452394562820012e-08 3.610299998066708419e-08 6.580600434663644971e-09
5.272619534664643094e-06 3.521672765662810779e-06 2.350601944868370398e-06 1.288277804533180738e-06 4.101715231564792176e-07 1.417632905333635609e-07 5.712559878987989118e-08 2.497838475280498579e-08 1.286569392019345991e-08 5.677498406325446210e-09 2.887210238616174640e-09
3.856425908217172050e-06 2.842966978148854601e-06 1.735397790659726612e-06 1.004484184461703355e-06 5.409179274205443408e-07 1.449752915651469300e-07 5.194847801239169153e-08 4.980659666887138639e-08 1.641407767966734523e-08 9.447990299471371882e-09 2.424068822990516823e-09
2.355904677521384028e-06 2.063491728703794890e-06 1.488742946953386161e-06 8.539030792654455559e-07 3.511033891747931092e-07 1.552805958993078627e-07 9.882629800106645089e-08 6.166749805998239877e-08 3.046502040997026109e-08 1.710363224244350482e-08 6.603203278033831635e-09
5.995001940493976100e-06 3.717032194547022609e-06 2.520379534036375536e-06 1.574686882925459509e-06 5.153128835947878086e-07 1.531441608042380993e-07 8.837626926145890723e-08 5.425010078685801757e-08 2.831654201852257003e-08 1.802950232698808285e-08 1.067815641318464846e-08
2.774867097101840753e-06 2.072823034190110824e-06 1.569132822745423923e-06 1.270150685890897473e-06 7.467613179059820572e-07 4.254815666795400023e-07 1.991927015533421164e-07 8.413842617416108354e-08 3.481470060266970715e-08 1.403218236999365412e-08 6.435018524385339375e-09
2.668769027521458634e-06 1.805902662581022104e-06 1.300208263340131234e-06 8.275542909323014443e-07 7.485027973251983887e-07 3.824040348377266543e-07 1.251630933936443880e-07 7.539684745131367062e-08 5.867265415156251122e-08 3.439825327374680049e-08 2.690662321284077429e-08
4.421607640167831870e-06 2.033713612380969947e-06 1.527708530715869711e-06 1.049754684003811897e-06 5.301840367609458418e-07 2.665554557763301573e-07 1.391545586360228150e-07 7.642390569950946338e-08 4.035020473952602295e-08 1.580091578790797599e-08 7.519287010822483584e-09
2.646813530447110962e-06 1.499629905621352839e-06 1.134504339231943738e-06 5.887081297708694631e-07 3.672779274950831227e-07 2.277757817585288707e-07 1.178783154291959714e-07 1.067291101236688395e-07 4.745426105614953922e-08 1.947807381541760220e-08 5.604521020356665797e-09
1.619791091140332727e-06 8.660307750579333333e-07 9.230439477865667158e-07 4.741225593089582105e-07 3.071104900751892941e-07 1.855937174091325240e-07 1.360569174060371566e-07 8.093909994788421985e-08 3.900778300486587467e-08 1.578520807637017353e-08 9.826074252669132622e-09
2.996256139393626204e-06 1.754686100024278597e-06 1.124954931722299635e-06 5.100086041248093160e-07 2.801876831486275830e-07 1.386981052484676647e-07 7.785896119967290312e-08 2.153821608142265016e-07 2.432689680246127616e-08 1.278898725844397680e-08 6.063650039530409583e-09
2.573930272898048207e-06 1.626808141666072008e-06 1.325011693928140989e-06 9.901106787572388134e-07 5.839950412346441662e-07 2.859794678879803159e-07 1.224105201008310958e-07 7.273298083773109656e-08 4.901812746679777940e-08 3.408315191842138038e-08 2.466032814917855176e-08
1.202478676597752071e-06 7.265861280859304666e-07 3.909362782399733577e-07 2.396218708902812632e-07 1.975274387398086279e-07 1.351700297522304900e-07 2.049853296105871224e-07 9.043016602512795807e-07 2.312822395149129295e-07 1.424503469722022545e-08 2.357544355235275986e-09
2.624998467006777016e-06 2.320241095197666075e-06 1.746929930300308011e-06 1.043038231564402289e-06 4.134212249205384650e-07 1.866967704920477193e-07 9.103673376293876925e-08 5.015897710918949717e-08 4.097123980923158420e-07 2.236385553003187695e-08 1.019900206875937669e-08
3.317707706698848574e-06 2.992109444693337619e-06 2.440914989505319795e-06 1.659315493260903427e-06 1.056872507667092976e-06 3.334415348738061823e-07 8.140255065181468299e-08 4.920214772776715802e-08 2.562848940110364432e-08 1.310401596942805924e-08 5.591477325464404616e-09
9.161605233404228168e-07 7.283795864019575215e-07 4.922310196742945521e-07 3.969050500078947860e-07 2.618011761108343730e-07 1.622434568634688991e-07 1.086161504051564119e-07 7.661690004126150106e-08 3.292435388765165213e-08 2.229407905242664405e-08 5.823482411023392008e-09
4.477494967784932693e-06 2.762144515944321884e-06 1.576181728732975558e-06 8.073052288437699596e-07 4.468199832971256762e-07 1.523723523021128188e-07 7.808276090282520892e-08 4.744302538292199090e-08 2.712338839180349591e-08 1.676590094374222984e-08 8.123098081307191380e-09
2.456852898539964192e-06 1.434567201775723068e-06 1.240391810381444512e-06 7.552021160303848045e-07 4.018427671999634972e-07 2.124610603375515680e-07 1.239359592935971199e-07 7.618584647979338429e-08 3.786646934049473486e-08 1.917309862839567844e-08 8.265288307143643417e-09
1.497258353496050720e-06 1.023876792224325814e-06 7.152523386003356203e-07 5.027642268929044538e-07 3.460716432237275590e-07 2.101031932577298622e-07 1.130736248263688603e-07 6.590961185410161354e-08 3.125294069939174560e-08 1.339820892237193911e-08 6.802065804849853164e-09
1.840238117513286367e-06 1.019689253705604317e-06 7.082982871773776885e-07 4.568812390491220281e-07 2.825090183658904312e-07 1.820082304809393896e-07 8.736808046935358637e-08 5.520344695201287860e-08 3.424353523165666809e-08 1.914493465300908807e-08 1.286045052112505996e-08
2.621005444494573888e-06 1.551574656252278035e-06 1.060740812865053879e-06 1.431600318455632439e-06 5.155939045210932930e-07 2.253400570768189001e-07 8.971686958419818354e-08 4.973175406100244522e-08 1.919239450025419170e-08 1.197824079991836103e-08 6.687815438390595343e-09
4.577236309080655624e-06 3.191852545655964765e-06 2.236259288431364445e-06 1.569690622397537393e-06 8.282098070633351589e-07 2.157026266914480851e-07 1.065719596417573644e-07 5.948720133777802833e-08 3.483373205802589945e-08 1.853614784206272854e-08 8.896449061242179373e-09
2.457267053307959987e-06 1.151243379257489340e-06 9.595866056225811788e-07 5.282151213322564930e-07 3.049654548258383141e-07 1.951483731871175170e-07 1.257492479146161370e-07 6.418425423967976052e-08 2.723322762223198062e-08 1.143027235197712254e-08 4.679913565973347441e-09
1.591583241134045524e-06 9.568664460537560361e-07 8.239006604954208071e-07 4.410838039289435290e-07 4.673521945157742738e-07 2.379516388402606183e-06 5.533840255856572529e-07 3.236822267066431643e-08 1.444706080242895610e-08 6.721888838246325857e-09 2.879581278569333653e-09
3.139837282413228753e-06 2.249608214446570135e-06 2.022940169328350693e-06 1.333952497939393217e-06 5.859799144798799146e-07 2.081213124617675102e-07 1.302574140099928109e-07 6.616258682968415274e-08 3.401920446835765730e-08 1.920073740084882629e-08 1.054023748579553708e-08
2.669206341424271840e-06 1.714225851554266917e-06 1.732890937102818165e-06 1.029041327589124019e-06 4.440997660849587391e-07 2.653355552167821363e-07 1.699089828206407809e-07 8.519729990740600592e-08 4.536565269195318454e-08 2.252656669807081596e-08 9.706148119846893758e-09
1.787924099383271111e-06 1.082043492058853313e-06 6.756443022758773821e-07 4.132485624217507238e-07 2.635579347490070771e-07 2.023753076714434533e-07 1.199635646300335962e-07 6.479910321663516119e-08 3.454603469255048411e-08 1.651199325247161688e-08 6.428935106593863326e-08
2.525923283738908874e-06 1.346427894412013664e-06 7.638972592777386236e-07 4.982286737543751520e-07 3.466213719093566917e-07 1.690223290305858489e-07 1.035190903979781632e-07 6.067215203488740550e-08 2.828707700515499140e-08 1.476541664393829292e-08 7.556024412861926767e-09
4.442360064564230666e-06 2.816689987225068788e-06 1.573329924190292684e-06 5.855066057837593475e-07 3.082643077583797149e-07 1.908379461245131755e-07 1.076015813617398346e-07 7.865107787951972669e-08 4.445288540262237524e-08 2.307214191445892881e-08 1.512561115921893806e-08
3.666473695462141115e-06 2.536207222986486869e-06 9.793228113135569228e-07 5.464020132803480720e-07 3.101941171234491815e-07 1.951898966720397349e-07 1.255175038085213467e-07 6.619835942182207706e-08 3.348364556798962250e-08 1.062586685186295142e-08 5.659508613387693635e-09
4.435956495698480960e-06 3.956678641692118752e-06 2.693054025136503257e-06 1.518990523213061413e-06 6.019376214038728281e-07 2.041106244465238006e-07 8.449416733522706546e-08 4.789680207888306509e-08 1.666208845002342226e-08 9.356161215648657061e-09 5.070684719346179532e-09
6.707783295810249519e-07 6.347051174001100604e-07 3.864762246599151813e-07 3.952154937391636428e-07 2.742892199355030791e-07 1.692939753195550071e-07 1.042960197698551688e-07 6.050282609821132617e-08 3.694550965221522818e-08 1.722185951854090288e-08 7.806205545185124653e-09
3.173992582470872819e-06 2.862409166009437124e-06 1.414793316440075005e-06 7.516318241094930509e-07 3.337685164408652639e-07 1.662878991145173100e-07 1.013491210468982344e-07 5.593118354001309887e-08 2.949056612102085123e-08 1.695384288405115578e-08 1.262117668112789358e-08
4.944528893371522561e-06 3.960069478362098991e-06 2.881336839521101617e-06 1.562434642941793011e-06 8.359733637026409983e-07 4.016660111008057138e-07 1.907071377818947196e-07 9.120341340006540243e-08 6.073057001396444150e-08 4.850692789355216090e-08 4.698247594614826866e-08
3.789893264214302769e-06 2.772424806030676049e-06 2.011591982532534556e-06 1.275457677410742374e-06 4.104920161322436798e-07 1.513214847689424033e-07 8.453600975582142488e-08 4.336730994873115377e-08 2.412754183555079559e-08 1.175259043932390614e-08 6.558660453745616412e-09
2.852394381812550921e-06 2.073543969123540042e-06 1.286392135295229346e-06 7.804882355630182202e-07 3.188194605247111743e-07 1.878451336501874451e-07 8.719543124157634693e-08 4.723931519288922945e-08 3.013451920475524672e-08 1.655956056221529913e-08 3.970583232220202673e-09
2.744606062139287070e-06 2.078460691399603790e-06 8.405830605973205501e-07 5.676534932892361776e-07 2.842771452778932144e-07 1.735642897781336407e-07 9.669438290498769738e-08 6.143005340625912546e-08 4.294260448339507459e-08 2.393305738076351291e-08 1.607642369531058297e-08
2.573778516177720032e-06 1.799510987056528893e-06 9.709628545901869716e-07 5.277188529190904979e-07 3.418781280055936735e-07 1.910723413329335508e-07 1.273688945310835366e-07 6.549619141480698736e-08 5.998789916706188160e-08 1.416208979744328087e-08 6.682570645622004967e-09
1.734837416766589685e-06 1.007525771423831657e-06 7.845131400872332599e-07 4.011964538199231451e-07 3.049964099080066023e-07 1.905631998239344558e-07 1.257466249106670189e-07 6.115457259286618273e-08 3.398153327682836613e-08 1.650968488333885274e-08 9.889998828779407665e-09
2.704824958131757704e-06 1.793081213483432162e-06 1.429004901474462000e-06 7.924395570917662277e-07 4.581776417547645991e-07 1.963861937165382650e-07 1.014625804064109197e-07 6.216919813750690112e-08 3.456244159898063278e-08 1.767007652949024447e-08 4.843366733792568212e-09
2.448398493099669593e-06 1.355997590882645559e-06 9.038498084937586680e-07 5.824761656327096535e-07 3.346748673498742031e-07 2.049833336228502130e-07 1.100808412921345932e-07 7.176621578603042311e-08 3.558256435159650258e-08 3.069575196838774381e-08 2.354441490741168768e-08
1.648898511165061734e-06 1.068020845338753991e-06 7.020216041727792934e-07 4.877983237754795928e-07 3.231786865352851287e-07 2.100080497390358520e-07 1.300665207669769270e-07 7.638832868911387902e-08 3.915928922694534195e-08 1.643288461968581191e-08 8.493239927487851058e-09
1.062227781928678506e-06 4.225982056300553853e-07 5.425595992662692377e-07 4.453219870354334277e-07 3.078526808513638543e-07 2.257578508359506734e-07 1.630317184523140947e-07 7.170520031842329931e-08 2.989283523681154447e-08 1.185925443102600643e-07 6.708710956954216164e-09
4.493638481674935114e-06 3.136320606284295111e-06 2.412701151442101056e-06 1.506158042704403742e-06 7.853007081278243110e-07 3.473696185161095199e-07 1.669473739306850699e-07 7.798810432743223577e-08 4.868438130086232437e-08 2.445485657833163681e-08 1.319178523706709578e-08
2.739729993999576021e-06 2.661482073656342891e-06 1.837001261531087507e-06 1.329169943723881386e-06 6.367506144258190116e-07 2.186985569529270170e-07 1.079338802769039845e-07 7.486043782954832804e-08 3.837950570922807968e-08 2.062556789881776876e-08 1.287290964202632037e-08
3.036102207742621414e-06 2.092645731159656036e-06 1.270388362319254205e-06 7.146444712191958922e-07 1.247367559778769574e-06 1.013653670621587505e-06 6.710772755627145456e-08 4.155208791337452484e-08 2.158407897971258016e-08 8.764485463372127329e-09 3.444982433095514680e-09
2.283028269764990974e-06 1.760637061679811492e-06 1.494522716486711772e-06 1.116837850609616941e-06 5.917798305944932384e-07 2.779948619078816973e-07 1.295653614372147385e-07 8.574118505498165905e-08 3.396192754245814689e-08 1.784039041805904847e-08 1.042590584869615403e-08
1.297770683213987994e-06 1.045694988323501183e-06 7.136179476639257299e-07 4.066075585813685230e-07 2.319760868694812590e-07 1.770682300202893457e-07 1.306168420003430154e-07 7.997527495305713440e-08 3.844563638609158883e-08 1.762157142013364519e-08 9.905264236678506754e-09
1.918215438726244780e-06 1.374845869484988410e-06 9.021455013669527783e-07 8.225396929129758915e-07 3.987659609559892456e-06 1.057050509970758361e-06 1.420183214477004766e-07 4.944108962059693084e-08 1.805031608917211579e-08 7.640401780224066965e-09 3.878920866614073091e-09
2.097380269050898131e-06 1.399243962892849277e-06 7.752867529880940287e-07 3.446711653285076660e-07 2.273597334830797543e-07 1.292098871989340428e-07 8.790520624595419914e-08 5.593342363150819430e-08 3.446649920648207782e-08 2.326298496182324215e-08 9.375087251352420541e-09
2.480799543721228401e-06 1.360156451913524202e-06 9.418820076224783607e-07 6.427655553657634383e-07 3.614452282587833337e-07 2.346932144004668853e-07 1.530795051474521797e-07 1.110861247154893189e-07 7.080670453216585792e-08 3.321410364240304714e-08 2.340754429194179397e-08
3.429004682856699238e-06 2.538062691092801113e-06 1.775611340523397586e-06 1.043431809165954207e-06 6.144000772544515137e-07 2.390020023212906271e-07 1.265894486000073357e-07 5.511368568208316912e-08 3.199704414831202738e-08 1.839371806974308673e-08 1.250975491490519458e-08
2.297733106637861191e-06 1.022654594244672035e-06 8.832877625213141018e-07 5.470676230671681190e-07 3.083621296594150801e-07 2.138188930086925956e-07 1.280430529096217806e-07 7.908836916188125926e-08 4.392597915381084245e-08 2.528854069522327333e-08 4.342422021023821261e-08
2.233915490270286076e-06 1.797934481127298896e-06 8.193248603376195056e-07 5.531247447766949302e-07 3.785085667280159297e-07 1.906694176198291197e-07 1.048477700312868292e-07 6.869087502995367838e-08 1.841099925135452726e-07 3.188811281107641522e-08 7.910416074426281648e-09
9.571098989464181017e-07 8.943037265284746794e-07 6.561351729466231180e-07 3.410685325209771877e-07 2.755523385618466550e-07 1.933233256339258149e-07 1.156073383564151119e-07 6.642781861562709884e-08 4.525144592399625898e-08 2.667141320425070292e-08 1.973387748984747191e-08
3.953283811615917203e-06 3.269322637968238742e-06 2.186431060702506632e-06 1.512283744681400117e-06 7.801645328213600615e-07 1.721501224135257288e-07 7.633741535591997593e-08 4.660890823506757878e-08 1.592807545611128033e-08 5.967902906957998191e-09 2.608644162732142535e-09
2.044453282011430935e-06 1.084918394959923382e-06 6.558490640745547077e-07 4.848191927805657989e-07 2.918946338424352256e-07 1.671029445746996980e-07 1.140356275959117789e-07 7.669425998025182576e-08 3.266186589921877110e-08 1.929810513742729947e-08 1.250563623204356522e-08
4.824150542700759532e-06 2.821834918694998642e-06 1.714989205447659673e-06 1.190685493875044207e-06 6.116584578963768254e-07 3.277333067948030549e-07 1.371169207415924038e-07 7.906502305741656935e-08 3.731780375890101250e-08 2.036330591803051076e-08 1.491895503248777498e-08
4.314344254306583732e-06 3.219805415409821984e-06 1.676770800272152258e-06 9.917670041623869402e-07 4.290785857890252495e-07 1.615395676785288650e-07 2.432738493902278869e-07 5.016273966702719972e-08 2.030214643479399168e-08 9.922799616827101499e-09 7.791685568297767267e-09
2.107981050835180049e-06 9.506482092492521708e-07 5.273311386252081439e-07 3.568079704909818256e-07 2.706895310261319094e-07 1.736808110974773535e-07 1.364950490488285888e-07 8.200168913939064567e-08 5.326189551560028442e-08 3.308201687774171301e-08 6.393700788720122422e-09
3.650083458233913577e-06 2.483960894432012297e-06 1.371727512170986719e-06 6.832284248616469768e-07 3.727179386525690614e-07 2.187589313019027602e-07 1.385308998637875657e-07 5.497022962683103481e-08 2.287467047753937677e-08 9.550246837033323108e-09 6.623805843236604479e-09
3.017917220690948216e-06 2.086581209699108786e-06 9.724273896104785996e-07 7.874344120466244730e-07 3.440114535834676852e-07 1.681357007238153171e-07 8.990749938943120202e-08 5.366356287118590247e-08 2.723038448693750270e-08 1.475528256555760999e-08 8.069455453800643209e-09
2.434824984217526069e-06 1.764686523027687755e-06 1.528797583890097477e-06 1.190131707826193371e-06 5.110931374428807618e-07 1.970317876960724940e-07 1.686658900519141911e-06 2.874607246908071305e-07 4.021630481348057450e-08 8.872020168162830482e-09 1.876772298558384078e-09
3.523826596384164126e-06 3.175711032066862383e-06 2.681230666350464450e-06 1.722902008557132884e-06 9.172573456669063618e-07 3.613224337562550964e-07 8.551577101416469313e-08 3.926039067771038686e-08 1.928703011994206453e-08 9.210440969321602576e-09 5.404536191767684780e-09
4.070502596331093242e-06 3.251390947780997194e-06 2.564007686482821557e-06 1.539496791185930661e-06 9.123295081478564098e-07 2.869712310351967072e-07 7.587864975643563794e-08 3.419537883216492916e-08 1.571222729237512522e-08 8.639248716298887890e-09 1.376056335517701628e-08
3.794960528280024909e-06 2.035814556079642193e-06 1.044515175215855341e-06 5.952544568690185385e-07 2.677456028882563795e-07 1.523344976758123795e-07 8.541329890251989943e-08 5.048218345098009132e-08 2.958401814114567053e-08 1.631245747393430409e-08 7.874943804447554601e-09
3.130969013982701265e-06 1.419962884765761615e-06 8.395804152565339613e-07 5.901803484728884887e-07 3.868450129537878030e-07 1.986210638124025404e-07 1.116643721825299482e-07 6.983882463134591127e-08 4.535050103282432996e-08 2.269270733183842773e-08 1.117699560806943971e-08
1.522545324558843874e-06 9.496904002815723841e-07 5.551110207879717154e-07 4.838063049811715487e-07 2.981649306734981385e-07 1.890008321466154860e-07 1.322828773138334341e-07 7.720474481555047292e-08 4.397924940834499146e-08 3.929714206794510193e-08 9.262533225684429565e-09
2.364405807614783466e-06 1.363394863893264475e-06 9.122413886701083321e-07 6.177186846809484666e-07 4.041921824711968539e-07 2.225983534036956934e-07 1.252861117343737602e-07 7.109050182289239000e-08 3.634440900590588337e-08 1.517928957423472298e-08 8.346978187210034006e-09
4.054952316172765459e-06 2.601046743748242229e-06 1.570702523121364148e-06 8.013886510714687042e-07 3.444970568637245874e-07 2.016190233645989308e-07 1.134488037010766757e-07 8.842386463032542533e-08 5.837895635930639532e-08 3.432419433755925827e-08 1.519236008030231031e-08
4.266844861116065915e-06 2.437061377059105858e-06 1.668917222305426978e-06 1.032159194285831943e-06 4.636091470272969963e-07 1.715113482482706489e-07 1.040913068581219986e-07 4.900155424656628924e-08 2.128345868190930361e-08 1.788547445055271303e-08 6.880902835250226688e-09
3.185846105580509281e-06 2.472262147189473690e-06 1.650488817868912127e-06 9.456753537326251197e-07 5.283218068520363662e-07 1.875694321890468837e-07 6.811205398157318739e-08 3.870573212441707956e-08 1.978663229341450480e-08 9.434209147163903708e-09 5.150299869282137850e-09
3.510818644576065194e-06 1.637702430559018380e-06 5.538248655720035573e-07 4.385193807518336565e-07 2.756690309380120758e-07 1.906946283344211031e-07 1.150904267844963496e-07 5.300539382442492986e-08 3.040811738991713594e-08 1.810538448297289817e-08 1.019246397280342664e-08
3.910627213705924690e-06 2.817499261595467857e-06 1.424963764710302736e-06 4.974192359664285882e-07 2.305465083162675657e-07 1.528472507320393828e-07 9.192113631569159815e-08 6.396861482188105626e-08 3.438759614827689619e-08 1.799231526249986569e-08 9.506027114735171687e-09
3.207067987768239177e-06 1.810925078681536914e-06 9.736929941070345646e-07 9.222965416866904501e-07 5.059663391793716985e-07 1.907318779962706969e-07 1.090098614571279388e-07 5.441408569838050205e-08 2.530781729583266113e-08 1.172067280343761981e-08 6.125080605548552489e-09
1.637068178472692390e-06 1.195634128634302911e-06 1.263798721545606737e-06 1.012095903527264118e-06 6.163676261763702828e-07 1.740531874181637484e-07 1.462662020872953603e-07 7.540112153438848418e-08 1.899222241420975890e-08 9.247892356786056493e-09 2.639418136746726317e-09
2.298900836450395993e-06 1.661801781314285983e-06 1.304386354388505219e-06 9.820025091990237064e-07 4.055414669961919962e-07 1.272378657137863308e-07 5.294508894891532437e-08 1.768556598709864164e-07 8.634688085351734214e-07 1.641141290776290289e-08 6.145109444117299023e-09
1.341171054891545796e-06 8.185279892426959784e-07 6.161014035412197734e-07 3.843561580146810611e-07 2.517206184290579206e-07 1.773781688288720736e-07 9.768475380800493300e-08 6.563727012972941628e-08 3.634283833628443274e-08 2.253256522815291782e-08 1.065046347919676321e-08
6.141988419364210871e-07 6.785390803318603464e-07 4.534410405319527612e-07 2.913617189012636177e-07 1.798027819305952738e-07 1.244696284137964027e-07 9.219003178486145712e-08 6.191696982406657983e-08 3.870212902271282733e-08 1.754674082962918767e-08 6.835307057728617230e-09
2.254923682909335966e-06 1.256858083074060194e-06 1.179000070740343323e-06 8.597260740307314494e-07 5.403325583272628092e-07 2.717208079746829992e-07 5.083616290061304146e-07 9.742135169025400310e-08 5.529326784477495589e-08 1.535745284751172101e-08 8.191801178942958784e-09
3.530463749041627451e-06 2.009358665052692294e-06 1.125295867589383088e-06 6.136719157917445924e-07 2.622223078899480095e-07 1.910727568266649231e-07 9.261729046335626586e-08 4.870361478389571349e-08 2.164660004075514916e-08 1.496198067078043452e-08 9.652051616881460185e-09
1.726786642748149435e-06 2.868490602265282400e-06 1.746298311029402871e-06 1.409714454319504373e-06 8.679508950696835516e-07 4.248734228137013449e-07 1.198494638903103904e-07 4.397813935798142177e-08 2.506590107604327864e-08 2.707225695488895920e-08 8.354237583276945340e-09
3.885482942514628909e-06 2.819268330765948544e-06 2.032934417963360497e-06 1.677957917857944200e-06 7.673074506479381386e-07 2.788936637456145468e-07 8.779771660858628241e-08 4.451246602060940825e-08 2.497706443517418127e-08 1.671666975949049448e-08 1.044950327299467531e-08
2.621980032037121683e-06 1.655481179729088149e-06 1.110521782351442255e-06 7.432671065482333352e-07 4.382882476175006070e-07 3.113273359781670842e-07 1.745252697458394885e-07 9.517854178661747269e-08 4.091512884642945666e-08 2.518934449208283969e-08 1.043592885663708011e-08
3.512148129392558057e-06 1.823144440965923357e-06 1.124876676196471738e-06 6.354015566741542821e-07 3.236338545779777469e-07 1.413538442184639051e-07 9.248829237581798490e-08 6.257853067167773455e-08 2.696339469025200708e-08 1.137023155913236390e-08 6.700337912006040826e-09
3.517969748361650439e-06 3.067772264770844724e-06 1.737451661126164473e-06 9.495472180359954551e-07 5.154699070623389543e-07 3.168679552369717055e-07 1.916406451354999379e-07 8.459104020258332722e-08 5.540708737942190282e-08 2.707321002548037670e-08 2.672985884570866041e-08
2.459636510371587650e-06 1.550683773176746065e-06 1.359557437819803961e-06 8.756724090631234454e-07 3.956683619328241291e-07 3.153450796996862368e-07 1.404695213601632757e-07 8.616072290102576260e-08 2.668683784676914645e-08 1.257937438104305183e-08 4.117171203706299088e-09
1.026139844616270804e-06 1.240968844291667659e-06 6.485774132827581671e-07 3.899571419539144607e-07 2.380084021156783618e-07 1.808989877532632666e-07 1.250508577150414806e-07 7.282402629650362428e-08 3.798026588208956477e-08 1.722555421044070185e-08 8.363755123211320951e-09
9.279665257754935616e-07 4.446242650610872551e-07 3.575748214356925821e-07 3.111620228611681977e-07 1.924598028559942256e-07 1.270938349516108309e-07 7.887452196436790110e-08 5.158994547825450189e-08 2.693165407580901346e-08 1.519972286738691853e-08 7.591312906382168692e-09
5.499276644437404845e-06 4.172006934341525368e-06 2.172539767228540817e-06 9.143068387462241720e-07 3.378845275658696935e-07 1.298401861235902759e-07 7.786079130238118779e-08 5.494218374433846627e-08 3.605271198080325505e-08 5.753346242206343967e-08 1.394983061656070158e-08
1.001048134219775127e-06 1.448484694225180895e-06 9.538953586831964277e-07 5.751873342973594076e-07 3.797662482818590677e-07 1.891445690675918947e-07 8.776106962238547592e-08 6.751119054854322428e-08 2.590173460882704353e-08 1.553593594014548920e-08 9.556556950431446852e-09
9.967021543366351426e-07 9.961294032028799734e-07 6.032318426879653419e-07 4.426689874866877250e-07 3.056365926912874654e-07 2.285141991176389379e-07 1.338348347412734594e-07 6.676823004155201509e-08 3.959510023816512783e-08 2.558038047729485035e-08 3.734554987138004991e-08
3.600584081150750317e-06 2.932067488842391276e-06 1.673262182502876860e-06 6.409694452314900811e-07 3.747464195701612999e-07 2.135262675140173827e-07 9.770869748472142434e-08 5.573877252813138921e-08 3.327308383088618272e-08 2.169315381842727504e-08 1.385199535105949419e-08
6.353807728887203194e-07 8.072308969888641976e-07 5.665816231739116861e-07 3.334764175803971581e-07 2.685419698367763214e-07 2.023144927879405463e-07 1.223205289854150317e-07 8.228531266496970579e-08 4.220085040567434034e-08 2.730961399221841129e-08 1.771507911089226852e-08
3.351991005805299349e-06 2.668716049441128458e-06 2.016302912571565178e-06 1.167237685040572066e-06 5.142853132640689531e-07 1.848281677152648915e-07 7.351392180999199497e-08 3.131084391520257691e-08 1.616445168115732368e-08 1.076446569498126116e-08 5.676815132427606627e-09
2.318106931237516225e-06 1.818980506750157242e-06 1.501855839767189474e-06 6.448279832768220403e-07 3.203360802836442187e-07 1.638135919841224891e-07 1.052048792200345619e-07 7.037978725309616491e-08 4.133785687199014082e-08 2.423119272622972908e-08 1.527971490950538582e-08
2.579713716085048292e-06 1.952844913076847848e-06 9.369059831101843519e-07 4.629657561281511413e-07 2.851093057851734000e-07 1.733759088095603294e-07 1.008617867403006795e-07 7.133104127945089488e-08 3.883855005225506730e-08 2.532008406374228130e-08 8.739875759024247769e-09
2.922916339637351296e-06 2.288866062667130497e-06 1.830045085997089510e-06 1.144576850004198429e-06 5.100028176351454738e-07 1.879802104755441362e-07 9.741897345621491168e-08 6.089549806148945379e-08 2.415449481077450856e-08 1.257502124142809384e-08 6.329899325784612266e-09
3.588531598896580232e-06 2.604711301908860042e-06 1.506168556472971071e-06 9.553269025086159189e-07 3.787092669074625197e-07 1.588016522899025614e-07 1.512479477889586993e-07 4.443633739442814450e-08 2.549986783765973756e-08 8.678626253371452817e-09 3.849800988201285157e-09
3.893625426819080003e-06 2.338600214285607306e-06 1.183823161599412871e-06 5.014844041431637639e-07 2.342369235829271150e-07 1.589921741019535916e-07 9.856581752446721871e-08 5.543831545265655206e-08 3.223451959985142134e-08 1.707737737308091493e-08 5.592840164693674447e-09
3.059936082369733208e-06 1.791202934381066307e-06 1.306425648932801990e-06 7.946399318967252882e-07 4.082970843322555360e-07 2.111527491129571914e-07 1.103571879680044625e-07 7.127410839650567971e-08 3.577905261547397427e-08 2.510707296205648865e-08 1.128717546214671312e-08
1.647253424880373980e-06 1.108202573914718874e-06 8.265073757770005951e-07 4.614758993136100048e-07 2.664449098339023107e-07 1.534177397767600604e-07 9.767428295129338129e-08 5.859787223990615271e-08 3.884462202840568005e-08 2.104736865243741574e-08 9.312314273931547129e-09
5.060795736860509762e-06 2.796822861197826108e-06 1.649845842656071194e-06 8.979578237758682229e-07 6.122663193516812543e-07 2.332102332145007773e-07 1.055342829939694478e-07 5.612368952249782253e-08 3.185609971921241242e-08 1.613224222818202981e-08 1.005513596218548798e-08
2.259615119173413726e-06 1.378625442357958440e-06 1.117690328231988742e-06 7.378175719003096804e-07 3.540362886508576223e-07 2.419886690532799615e-07 1.342194467169356702e-07 7.539801740570569350e-08 5.452548572403811793e-08 4.958501239475348549e-08 3.924882404217703921e-08
1.319593840030751934e-07 2.644799864437958705e-07 6.420602841622089448e-08 5.276498395506094279e-08 4.528265684877533250e-08 3.163558995607585039e-08 3.606756769708073927e-08 3.407377244326481984e-08 1.492756113619756633e-08 1.267084355787676322e-08 1.042677049877313494e-08
9.332493549444186626e-07 7.157235184634340219e-07 5.276943828605797532e-07 4.236267185424396297e-07 2.916235322629303172e-07 1.692434752215261990e-07 1.189240950262978457e-07 9.065563040290441237e-08 6.187447656731435358e-08 3.215494667111747380e-08 2.209754634773103090e-08
2.816590374917308390e-07 3.064961914156122782e-07 2.889815212134185763e-07 6.191729486985357416e-07 5.833159288736825729e-07 3.852534043231516971e-07 2.483714477220679014e-07 1.424677070688846085e-07 5.332489368440099186e-08 2.428324006815164248e-08 1.448954585430321130e-08
1.810081013697622994e-06 1.551261755538862399e-06 1.137535655319300897e-06 6.595260308826542582e-07 4.963686649824651128e-07 3.387472313924696456e-07 2.508797696913671807e-07 1.331467360184337295e-07 5.418770649774653764e-08 2.968984105694584846e-08 2.173326525500961702e-08
2.718135480120581308e-06 1.566252169768660131e-06 8.595583792704341132e-07 5.021412386757883090e-07 3.230872692284564421e-07 1.751806122234136559e-07 1.037805048284956531e-07 5.352816922652480592e-08 2.800569493909794877e-08 1.451305517827713040e-08 7.475196565345617872e-09
2.879427199546357427e-06 1.805551715875100011e-06 8.511216531619298047e-07 5.179388676332028783e-07 2.666685726835083131e-07 1.894108585220049274e-07 1.156050298032004162e-07 8.006130890692092645e-08 4.845823777582809761e-08 1.983965801143217653e-08 8.051104466667662680e-09
1.235601751017262292e-06 9.288970757479921280e-07 6.037223997237190082e-07 3.521507842517520871e-07 1.342117016628718495e-07 8.558636477694983140e-08 1.454233015436778096e-07 4.610859541760546687e-08 7.130957481637343613e-08 8.334134586454178242e-09 2.011463423940166833e-09
1.638095357191530061e-06 8.005066440668106386e-07 5.345033444776140152e-07 3.846154879200710628e-07 2.417824155901017657e-07 1.658698986244851944e-07 1.202472532367821271e-07 1.025038820861352946e-07 3.813893569520522700e-08 2.033835063278688759e-08 7.457333303017643125e-09
3.036963105912944173e-06 2.492953837559625180e-06 1.629231844017050036e-06 1.066765241152064977e-06 6.632400682213971908e-07 3.632502916348666758e-07 2.158085674050958774e-07 1.189006430275656838e-07 4.824120505619385729e-08 2.919044270885046445e-08 1.973079442478767186e-08
1.469206444045304963e-06 4.719332060499111526e-07 5.523352255727927672e-07 3.255753509020383680e-07 1.954729027427973454e-07 1.144183509466374557e-07 6.190548984450264592e-08 4.181080741795648749e-08 2.598149488530180133e-08 1.520318601606439371e-08 6.877427161692516238e-09
3.853520341274984613e-06 2.626456954616854804e-06 1.581237441666131245e-06 8.578096023925672283e-07 5.173624753524156280e-07 1.877673915074066485e-07 7.613411953455217664e-08 4.109200544366002874e-08 2.456912947071844135e-08 1.417427970390352310e-08 7.543672936405356505e-09
1.647680553979995721e-06 1.099976444772123205e-06 8.023762518621898293e-07 5.819219029578909548e-07 3.328650614984402099e-07 1.487270498217654495e-07 1.166139407307449406e-07 6.139656736162378419e-08 3.979845589362286910e-08 1.689714937955496757e-08 7.581647794537115493e-09
2.015921824370424886e-06 1.116072403876914519e-06 8.133926055735756456e-07 5.222845301060816224e-07 3.110576886668265934e-07 1.473043015295874053e-07 8.067173018687792378e-08 5.558109118826529405e-08 3.033745917792162606e-08 3.998059171713283254e-08 6.427610858537507869e-09
3.201666848122047921e-06 1.625787300538832864e-06 9.879730734367729119e-07 5.602367639037228538e-07 2.789679227175694094e-07 2.203440103246347614e-07 1.146141942449952526e-07 5.194773080243782360e-08 2.887277237586202611e-08 1.662684784026222062e-08 9.346290177347013367e-09
4.924071614806248044e-06 3.994858265633276750e-06 2.395372965057854094e-06 1.537518358738159983e-06 6.897945952963366243e-07 1.751658387514984731e-07 6.204054614072969379e-08 2.601301733619090207e-08 1.509951281017094309e-08 6.449154561562702843e-09 3.114041278032826412e-09
1.616242936278222565e-06 7.568531793615385387e-07 7.193235559066913207e-07 4.389034736854397517e-07 2.874720055384970535e-07 1.545310445723141129e-07 1.008135690543548754e-07 9.280249844426550457e-08 3.916292635571542000e-06 4.987506376843555421e-08 1.521612967260038540e-08
2.272450038294089921e-06 1.573208869506223011e-06 9.485726229539594336e-07 7.246490867611173237e-07 4.540659658984174232e-07 2.664442249813189753e-07 1.319381132302084536e-07 9.047373684109264093e-08 3.607681150183300959e-08 1.876969128479791045e-08 8.812410483779813637e-09
2.987598356626225815e-06 2.053488028088708589e-06 1.584472146030387733e-06 1.052206512483093777e-06 3.909645963748983682e-07 1.758467257088560205e-07 7.786223282533359816e-08 4.280850764618601158e-08 2.198540282625715516e-08 1.372785887045222535e-08 8.066388991044012099e-09
1.035759625368264165e-06 4.265338400990594460e-07 5.552827901152470274e-07 2.954151501788864401e-07 2.092175380820285560e-07 1.529991146695858403e-07 9.670533950640203921e-08 5.191055341323296479e-08 3.750801547017445858e-08 2.261993271850216760e-08 8.698570562482380694e-09
2.232513778036561771e-06 1.431614802623654154e-06 6.618174450224426963e-07 4.330087480384789553e-07 2.733185312844439669e-07 1.388244287493892030e-07 8.962092289336350598e-08 6.212950760162743784e-08 3.328230711346926328e-08 1.768345834761239936e-08 8.946568220777175872e-09
2.703717671309398996e-06 2.308427800841524949e-06 1.571130211681735406e-06 9.385230104725438283e-07 2.362978584001012839e-07 9.401856552329260052e-08 5.997258763562783165e-08 3.838796549415125069e-08 2.014972995734989436e-08 1.073124837075799245e-08 6.075193069986076703e-09
3.329215605734572377e-06 2.459107710322632421e-06 1.639181956642529858e-06 8.146805678883925391e-07 3.490069955741144630e-07 1.750436135640826116e-07 1.319030088149203823e-07 9.904865487173232670e-08 6.366173120551997962e-08 4.031601436325303047e-08 3.129442604821624440e-08
4.631915702145866764e-06 3.714824223028411054e-06 2.444133082202800829e-06 1.621882540746132971e-06 8.192186557366367520e-07 1.964127798222597935e-07 5.296211367690511024e-08 2.510941204683327455e-08 1.381097677869135554e-08 7.716573966667116497e-09 2.698223169536996066e-09
3.059219795721216570e-06 2.182766331245820008e-06 8.723270749465335407e-07 5.306558697855241263e-07 2.287628840890151932e-07 1.208187056438463729e-07 7.862134553323272458e-08 4.465234586916108333e-08 2.648448864985726688e-08 1.581831636841974112e-08 1.005005313419474428e-08
3.310466772641323439e-06 2.428048470691378939e-06 1.752713424762543061e-06 8.408153647448332331e-07 4.380057865842806298e-07 2.469513455936196746e-07 1.319374996825300258e-07 7.277696500531459827e-08 4.467076134803349321e-08 2.237047944014240520e-08 1.096969521334289353e-08
2.949234373739344706e-06 2.410120644299046615e-06 1.787151999659404625e-06 9.038421220394912638e-07 3.285913324956407673e-07 1.649618749448062098e-07 7.068999010652099384e-08 3.886214132342790021e-08 2.205838570682789313e-08 1.122039279895394412e-08 5.585734715440194831e-09
3.892431715449097029e-06 1.579785754192049782e-06 1.067976528658975715e-06 5.359273059635866659e-07 3.040382102738552610e-07 1.756149568230010083e-07 1.114387646753044556e-07 7.495593802877261046e-08 4.046998058423188763e-08 2.534290923415189680e-08 1.586412149506478205e-08
4.343246075549374281e-06 3.166157850587681259e-06 1.839268371547620828e-06 9.538192681894426166e-07 4.108696218467806116e-07 1.205815043301831719e-07 8.922845592387632493e-08 4.007879520302550241e-07 2.263753685866689013e-08 7.937847359807360875e-09 3.616882775758544970e-09
2.316709802865712109e-06 2.129677830991247466e-06 1.166620854521180247e-06 9.907556650378192901e-07 5.727537916810188613e-07 2.491357080948634693e-07 1.302571666899660591e-07 6.922178242294900064e-08 4.171303539733591502e-08 3.611904233965941199e-08 3.647256828457923394e-08
2.264209780608405733e-06 9.354632820074700704e-07 8.181535372414661934e-07 5.662612928505095588e-07 4.118748075134343301e-07 2.502336400699053714e-07 1.165012738830641490e-06 1.417204063183066352e-07 5.412968385619016470e-08 1.838782686872056717e-08 7.104209637544420328e-09
3.942984461231483566e-06 2.356043715847936568e-06 1.535876733825908548e-06 1.072094465402019423e-06 5.815295277651334621e-07 2.666773244642937353e-07 1.146235539841447258e-07 6.494798489923777337e-08 5.870206677175495840e-08 3.885322362212150523e-08 2.763099405562795820e-08
2.126452469674474279e-06 1.670447683942944386e-06 9.418096604196305230e-07 5.072723187739543921e-07 3.268044479640926089e-07 1.798486089114026524e-07 1.150432255773101039e-07 7.379910095605372747e-08 4.980623275367382675e-08 3.548324344947695038e-08 1.914916342885092893e-08
5.393940995497879919e-06 2.870884595111483123e-06 2.075365229625005745e-06 1.330054137886793892e-06 6.432986278539808862e-07 3.026418012066591354e-07 1.403715409246078577e-07 6.489162181138386957e-08 3.372685091034040812e-08 1.367605397032973140e-08 6.139756862168855959e-09
1.764139043925727432e-06 1.211918081531780879e-06 6.389145067208732482e-07 4.613841875569530818e-07 3.414868112222399471e-07 2.337639969703433023e-07 1.242327069337031753e-07 6.452961344895518436e-08 5.330415169000186374e-08 2.232788667905450155e-08 7.097752299051307930e-09
1.895854605401023198e-06 1.007920624363081284e-06 8.832774735937531527e-07 6.459505481363069901e-07 3.960270989780568621e-07 4.398614221275784012e-07 1.207146804878647029e-07 7.463306794322682180e-08 4.874074906166670068e-08 2.191815149968831349e-08 6.661715042010428418e-09
2.278137247565725215e-06 1.026766842607421998e-06 7.083236142593079795e-07 4.425121244691035076e-07 2.921258017081162327e-07 2.013051201955326592e-07 1.162731428355937381e-07 6.222119946651097169e-08 6.479460835102334376e-08 1.620571889123132738e-08 8.265149909851854799e-09
2.286458574379704875e-06 1.597266223874500021e-06 1.066010019210328515e-06 5.111399654321464574e-07 3.019428090991710290e-07 1.758988844665383971e-07 1.110881702113252737e-07 7.386828763294417102e-08 3.960616783633035614e-08 2.088069317130826601e-08 7.565313948045296344e-09
2.962310925015735465e-06 2.268669237548085464e-06 1.664775171854752979e-06 8.653036515714255870e-07 4.456112413048413672e-07 1.827477009775031923e-07 1.036118673235452601e-07 5.069301026305316169e-08 2.823605141237452802e-08 1.680382785508805909e-08 4.076437859240289385e-08
3.470378583182283792e-06 2.567762988796072691e-06 1.853973877126219297e-06 1.108698384549675185e-06 4.269611188365140541e-07 1.742749508979848852e-07 8.040496394993025405e-08 5.051254400025400795e-08 3.109016949499505625e-08 2.160358489543738866e-08 1.445219811044924619e-08
4.201104669216276517e-06 3.547560280329640283e-06 2.710492917242434554e-06 1.665557725631142724e-06 9.669840320135820761e-07 3.206594034356360516e-07 1.043098866302777280e-07 5.752739222306333619e-08 3.708972538440961587e-08 2.027448900128510164e-08 1.010402285323812145e-08
2.804539801564354612e-06 2.214651964887067932e-06 1.179125873025274202e-06 5.425370484276006795e-07 3.920730696001571001e-07 2.003412362278907630e-07 1.015451105507154798e-07 4.530697056112211801e-08 2.873884533395436996e-08 1.036954935019916589e-08 4.128931510597948635e-09
2.180644102184274163e-06 1.436368173855745932e-06 1.092435878290463304e-06 5.580176094851776387e-07 3.183506509974604572e-07 1.436652480204619430e-07 9.846766859391156912e-08 2.389467452426415381e-07 3.069172860726994877e-08 1.388990809940502995e-08 4.951502359173848690e-09
3.321856588853040931e-06 2.107720703386370253e-06 1.701749308850223382e-06 1.222513992734918695e-06 5.262767311187272567e-07 1.932459183686928773e-07 9.210894884949231181e-08 4.775187772181446545e-08 2.633817230190551079e-08 1.383632693154039569e-08 7.693009861968619017e-09
2.365956894191142726e-06 1.457665897728380673e-06 1.051497973381567979e-06 7.400958379643143496e-07 5.392335870387800605e-07 2.521518791719173322e-07 1.183749768511122631e-07 7.372987937069396074e-08 4.335653803118936184e-08 2.685135004759297053e-08 1.396265591280229438e-08
4.809768861996685570e-06 3.583706144923559345e-06 2.404350760174863080e-06 1.569341787585270563e-06 7.904832611612644246e-07 2.462299118428688770e-07 7.718339604036714596e-08 4.189645953742409868e-08 2.240378916401645778e-08 9.027299450214362896e-09 2.710133761777480263e-09
3.039741911839014911e-06 2.196918212642808308e-06 1.559399801933354360e-06 7.326887933519428189e-07 4.081652296840611473e-07 2.214561202808466973e-07 1.265642095633629215e-07 7.077931278440625098e-08 3.519971021227239019e-08 1.705406323841138774e-08 4.713264669775427326e-09
3.473054553998153829e-06 2.654051497383631231e-06 2.168098341649947289e-06 1.549007151573191126e-06 9.440967611973312474e-07 3.050647541770282912e-07 1.376015966426493305e-07 6.775916987202936175e-08 2.954057486527990586e-08 1.772469377266135640e-08 1.365261322682364814e-08
1.224709858177299322e-06 9.997210524470767603e-07 5.701289052948775623e-07 4.522577146004200661e-07 2.652428286505232089e-07 1.684044448729928391e-07 1.131077965163612345e-07 7.434916984775038798e-08 4.758403473037848653e-08 2.730573085667827000e-08 1.653448897667250887e-08
4.425331618170288279e-06 3.268285836683926994e-06 2.277174066314686009e-06 1.619052503597046058e-06 7.452780640801781590e-07 2.177218007822550552e-07 9.244789301237907288e-08 5.017927117784698084e-08 2.625056757937176897e-08 1.282048354576559902e-08 6.806041286529166651e-09
3.383354945088636932e-06 1.927282076208940526e-06 1.382116920543681691e-06 8.316479925205034741e-07 4.452805161366187315e-07 2.261269114524712281e-07 1.118340943433604001e-07 6.088467541917776362e-08 3.024236076825583519e-08 1.536058237390382836e-08 5.520023522239487796e-09
3.075021879190787451e-06 2.004747585338031979e-06 1.333208093015403535e-06 5.167501441924013746e-07 2.783707325493272093e-07 1.749919082151303213e-07 1.048614524905202872e-07 5.497650850885105792e-08 2.923435575011518226e-08 1.298677265557904065e-08 8.207354562805078480e-09
2.065403795815209980e-06 1.444932576388236846e-06 9.170927016645736521e-07 3.831524589970694375e-07 1.868719080132635743e-07 1.112491041316519611e-07 8.039415374365588236e-08 6.780714186285251995e-08 4.832116986050173460e-08 3.237761709161182861e-08 1.846699177239496784e-08
2.418941071426992962e-06 2.312267340168188110e-06 1.521826090075155506e-06 7.234588990479748054e-07 4.306693412758222200e-07 1.694036276526083096e-07 9.277989776718608738e-08 6.428679490165164907e-08 4.810507805809952312e-08 3.769899281906074599e-08 3.092818689924243401e-08
1.773480166906786347e-06 1.114898024047875510e-06 6.074544363068750616e-07 3.172404545308532891e-07 1.977315244261497738e-07 1.566651963956684423e-07 1.046399823764632675e-07 8.367665657269711900e-08 5.052611622160222462e-08 3.115004583424439299e-08 2.235816525979956702e-08
2.874809815086979817e-06 2.020838160313221909e-06 9.911911982724415582e-07 5.322575716912259014e-07 3.021177442168956276e-07 1.879116625004370843e-07 8.595997588905001537e-08 5.101338335756643004e-08 2.969111037632877732e-08 1.408668475295694431e-08 7.216794221114815750e-09
2.630645042663523235e-06 2.200139652761185908e-06 1.307461728364310622e-06 8.186363378522041668e-07 4.841927149428804376e-07 1.175540172419420267e-06 1.776420304207830187e-07 9.929739973679220193e-08 2.336521525314966330e-08 9.641307124416850062e-09 4.517387062051851271e-09
3.050955809028986938e-06 1.803349871561381588e-06 7.913019328967452767e-07 4.969546263405608315e-07 2.612767375852437464e-07 1.705557876540047037e-07 1.146060519858932261e-07 5.570128592536528215e-08 3.251285016718656890e-08 1.688743603566185489e-08 5.993217720620527618e-09
4.058837500048862026e-06 3.123341343826190394e-06 2.205436096422989785e-06 1.514287317753623104e-06 6.971584385962008445e-07 1.457693727798509122e-07 6.396971301900427034e-08 3.077662649603757322e-08 1.774139980221301741e-08 8.537651037332741910e-09 4.401572662523422396e-09
3.054044783579237375e-06 1.757077621226204920e-06 6.903883960715653190e-07 3.781778974484541925e-07 2.076775787180733123e-07 1.154294881909742098e-07 8.030374986388390510e-08 5.043935863456976150e-08 3.417009229519219688e-08 1.667332536467521320e-08 6.031063360581451445e-09
1.934827801935368358e-06 1.291554879814388468e-06 6.713118110332534536e-07 3.772744673027615448e-07 2.042362424617858003e-07 1.275560303551731277e-07 7.456086580630082861e-08 3.721872224799288488e-08 2.068498283982774138e-08 1.025483092636671674e-08 8.611435385618674901e-08
1.283538551861314613e-06 9.485729126031592494e-07 5.831143407980994357e-07 2.792685709265381987e-07 4.094802444296230746e-07 3.983249480048755596e-07 4.859561696350398887e-07 5.762511389013535810e-07 1.856265577576003958e-08 4.881932295788478798e-09 3.059384600476411008e-09
2.373059538865825816e-06 1.464154261402480930e-06 1.104100715525360850e-06 4.321525338692660718e-07 1.152417312083029752e-07 6.884444145734036785e-08 4.914870158986172013e-08 6.748058353043415564e-07 2.444923348297454334e-06 1.243831398909289515e-08 3.508597303830065470e-09
1.237516497823308433e-06 7.166317982082856031e-07 8.061723674409978923e-07 5.635322540419150960e-07 4.491209831402439927e-07 3.140196104226091593e-07 1.682489362193993139e-07 9.873857075060689869e-08 5.042597657611466368e-08 2.689095585812165204e-08 1.751529971120442899e-08
1.952041092060507473e-06 1.426202685100895704e-06 8.616954718658208021e-07 5.137379046746797552e-07 2.932565970038247879e-07 2.046549754929656749e-07 1.190987117082990988e-07 5.631842606908819462e-08 3.215311753836430546e-08 1.602425855566161516e-08 9.057271853432818838e-09
4.124801770940429499e-06 2.609873259012516050e-06 1.285563488776824430e-06 6.008961817066259644e-07 3.480489043031047492e-07 2.138044914327433964e-07 1.133537127484816147e-07 5.696440235937862486e-08 2.236394537764733992e-08 1.046877501503577818e-08 4.958641272175184148e-09
1.752993640591790366e-06 1.079592898896054633e-06 5.839220907157398905e-07 3.931509571087570458e-07 2.472356732105872761e-07 1.547987329424505364e-07 1.078010131475091147e-07 6.743885385585214382e-08 3.700975241023882080e-08 2.960554969903724210e-08 1.139188729795560906e-08
1.270576857288140459e-06 1.057888150529934164e-06 6.457323235444982509e-07 5.322483833067099177e-07 3.746786746479288250e-07 2.006836879386599704e-07 1.433848933538595732e-07 7.753239691562328265e-08 3.710327662585409611e-08 1.794738151797044853e-08 8.176595459084488195e-09
1.339684913856896934e-06 7.259725755477288314e-07 6.609548263217397829e-07 4.696094146343807461e-07 3.561589991560587294e-07 2.295015097628380096e-07 1.419196720512613132e-07 8.320058184102399673e-08 4.658927750627224119e-08 2.016267423434525901e-08 1.043358602231356896e-08
1.497335134423840692e-06 1.125178171363709969e-06 8.262856982433428591e-07 3.825499049775666174e-07 2.424149979623591626e-07 1.648883545759902136e-07 1.099662476158410378e-07 7.365906786946803384e-08 4.077595397014302750e-08 1.915992941454167123e-08 1.022776916876910764e-08
2.837249515656575749e-06 2.453153372293702662e-06 1.614278416866827682e-06 9.990796518671879652e-07 5.895237775017673795e-07 2.895322467747033419e-07 1.155284625934146687e-07 5.945275024318814485e-08 2.583626773659367770e-08 1.186439432019380100e-08 6.229739472372351880e-09
2.766532519697758653e-06 1.522796649705283967e-06 1.278276802730893959e-06 1.121875036515530805e-06 1.571499652378252427e-06 1.191331070290263346e-06 2.342657443597919476e-07 6.169356420836896986e-08 2.746312280417901431e-08 1.214789573994468793e-08 6.179372979882350486e-09
4.183774522183320992e-06 2.164065086049018581e-06 1.654927465273767003e-06 1.305862477068875432e-06 8.312559152907588276e-07 3.839147635060581081e-07 1.270749873946943749e-07 5.888216432619409871e-08 3.561674136140714160e-08 1.517669177304236767e-08 8.013569478463214462e-09
2.366923148037218898e-06 1.762066384379083521e-06 1.232909268149876801e-06 5.902728026070214011e-07 3.364472764048853920e-07 1.923161883443799391e-07 1.043789238512792787e-07 5.137568345845135935e-08 2.446689914587127034e-08 1.097287757398763878e-08 5.774576747002665893e-09
3.215665397453102620e-06 1.890938978178168208e-06 9.643038981841360466e-07 5.940642543928190333e-07 3.006983647224386695e-07 2.001553526660090769e-07 1.187306219479487515e-07 5.823815119866368343e-08 3.630336418659918887e-08 1.516984281319237507e-08 8.890958184732462653e-09
1.276829509673677700e-06 1.649975895975467488e-06 1.031180584552675499e-06 4.991877239422197146e-07 3.108385124157125456e-07 1.749996395181572179e-07 9.817890756359015530e-08 5.796508188611897746e-08 2.790737996277023684e-08 1.536507384065618781e-08 7.145027306068017531e-09
2.149291619272445706e-06 1.368151414894842266e-06 7.028485661068236230e-07 3.840630851373236086e-07 2.133534724156329623e-07 1.420345958681285684e-07 9.580484034587276694e-08 5.970853414430550841e-08 3.230934011496443766e-08 2.083295518898422166e-08 1.220796719664097041e-08
2.015086521394582787e-06 1.437513420248028589e-06 6.051451722364336816e-07 4.153923766474780785e-07 2.786378672780520685e-07 1.583904790626471338e-07 9.655686642013683792e-08 5.517367114585463249e-08 2.806133062866100928e-08 9.766146205528775805e-09 5.461356221379114356e-09
3.092654405154561212e-06 2.659829925703468864e-06 1.404367334547938346e-06 1.002058940227480049e-06 4.386037765741090412e-07 2.241808235435614312e-07 1.045120353503943007e-07 5.468854425587046973e-08 2.419840755385857528e-08 4.050724390256199343e-08 3.867359319821239696e-09
5.178658550457700877e-06 2.443436957727116687e-06 1.612006262625476061e-06 9.560933328866029354e-07 4.455136780371324667e-07 1.922003226820195643e-07 7.507163852070577109e-08 4.133619407399495465e-08 2.527538666145443450e-08 1.494112673813094201e-08 7.748804187577344543e-09
4.029413924477938361e-06 2.507893777141651790e-06 1.550546492925183917e-06 1.027818483995874163e-06 5.151896049689892166e-07 2.597311649569357873e-07 1.266581387685224884e-07 6.500523541499480359e-08 3.369453251732064239e-08 1.886516942823950762e-08 9.470208557899046351e-09
2.578425415685949441e-06 2.174577968620004422e-06 1.346645649448561806e-06 9.010438575377175739e-07 5.138916859432695243e-07 2.547846955807739042e-07 9.426088305675179367e-07 7.810512170538693533e-08 2.745298402471814781e-08 9.916232955790596712e-09 6.152730255529096679e-09
4.557507535863308583e-06 2.858203604234833487e-06 1.892108451932890866e-06 1.252480188428353875e-06 6.386653538359156582e-07 2.119983420421104680e-07 1.122974060142951038e-07 6.571127151538034892e-08 4.297210367618487217e-08 2.785640551059034373e-08 1.402417049002759173e-08
4.036923471498901941e-06 3.305154735438048538e-06 2.747018481958596225e-06 2.126786686083004038e-06 1.343371166970183847e-06 7.144452504699882180e-07 2.287910603044266122e-07 4.590604891275309841e-08 2.055517760886534606e-08 1.261360004388383520e-08 8.621346359602862450e-09
4.470729333858117883e-06 3.405296460938766724e-06 2.250176701849855837e-06 1.396024086304084803e-06 5.165136632880578634e-07 2.505229034981389562e-07 1.371140241892840709e-07 5.486083064955920255e-08 3.159621899057214692e-08 1.660066951591763150e-08 7.311098713036990264e-09
2.464792532758441040e-06 2.691795829607316496e-06 2.191811324940620263e-06 1.224091487422219023e-06 6.325445103530384354e-07 2.131224343443487578e-07 1.133710538654153855e-07 5.373470659416046902e-08 2.208898186289999594e-08 1.054635774558491818e-08 4.073655391693793868e-09
2.183130011778588055e-06 1.324397347711504485e-06 7.111677911514019666e-07 4.920860509081191893e-07 2.732971919666114670e-07 1.551606684566718137e-07 8.919400071046113786e-08 5.262119034552366460e-08 3.119300814901541874e-08 1.364486923257301305e-08 7.847987658315051523e-09
2.547609230928987825e-06 1.721145000282639963e-06 8.538716046783153171e-07 5.993268599419600837e-07 3.482958657924733291e-07 1.872474801802557877e-07 1.123521216242968471e-07 6.252361996032493294e-08 3.601857903898603599e-08 1.472975955322782964e-08 7.641723828287106498e-09
1.270507678987302510e-06 7.054512366931701445e-07 5.557279492371266472e-07 4.242646465850549019e-07 3.080668811235161908e-07 2.169354081433173404e-07 1.399775962747070269e-07 7.499796712597372475e-08 3.646870494784414061e-08 2.275237658588388669e-08 1.352046807249010360e-08
2.120728117009305197e-06 1.844772598654110628e-06 1.591685705846548304e-06 9.631249251620122393e-07 4.861357732946190794e-07 1.792928720431870882e-07 1.027439965619822023e-07 7.787767681151473180e-08 3.540299422839924546e-08 1.914145553170946296e-08 7.103015221859331152e-09
1.475590563002928270e-06 1.085928605683072097e-06 1.038952879794291578e-06 7.513405622775385810e-07 4.717265561614127195e-07 2.717175974122264431e-07 1.668995263529882687e-07 7.787384979458474116e-08 4.324076685289196818e-08 2.490300354598585629e-08 1.128164636471080531e-08
4.268694517284486826e-06 2.880833257505833946e-06 1.664775455687292207e-06 7.921202123804015998e-07 2.617480195281983491e-07 1.438289874175359871e-07 8.841719906558665855e-08 4.588272081608818479e-08 2.188813968577533935e-08 1.079023431916319523e-08 7.976006689421038489e-09
3.281638292170089345e-06 2.016545003051563098e-06 9.074744091475257349e-07 5.079923520983778409e-07 4.466804962840728007e-07 1.952194637602519680e-07 1.090465903013690472e-07 6.581374036485787312e-08 3.877610844093706007e-08 2.425421236808501769e-08 1.052387622702852592e-08
1.570204682542035503e-06 1.070165582206289178e-06 6.529169063581199705e-07 3.857470496786325392e-07 2.322129242926958399e-07 1.449518173090534285e-07 1.124764832764357131e-07 7.559823374960884344e-08 5.014564332751793485e-08 3.346006176350558516e-08 1.824842573471501410e-08
1.563285066042177966e-06 1.206500495904431506e-06 6.344412916181698131e-07 3.876227970762169322e-07 2.631996851700171379e-07 1.531314214586172957e-07 8.950906675384664290e-08 5.101058148395774183e-08 3.355853800695020435e-08 1.600922412382624098e-08 8.096583590662797739e-09
4.454687710643577737e-06 2.666507810349715303e-06 1.218145519795715334e-06 6.498568238240016848e-07 3.807253555313034082e-07 1.718295749742246725e-07 7.629463039024833193e-08 4.286697633263446557e-08 2.510062450910390547e-08 1.374025469276512705e-08 6.769683161760174323e-09
2.736681084638468428e-06 1.869382624953267519e-06 1.410766140095690688e-06 6.658144658320510535e-07 3.216220784495022911e-07 2.092845967830309802e-07 1.394518753641999410e-07 9.072906981657796052e-08 4.973700442001168148e-08 2.914079169804640863e-08 9.877135265827310868e-09
3.561535528005381026e-06 2.303959936120627469e-06 1.044102017110904244e-06 5.984661370008176524e-07 2.809814662115592266e-07 1.412266891482229652e-07 1.008986308426114653e-07 4.940006982035392186e-08 2.908240390239826790e-08 1.401119120061984805e-08 7.157510545097081098e-09
2.991505812079266170e-06 2.513786272009308616e-06 1.677887097548404232e-06 1.063633547870991597e-06 5.438925086807545834e-07 2.614631061242190799e-07 1.154495852030128680e-07 4.784709524944507396e-08 2.793653679886014035e-08 1.876597598792012868e-08 7.410547380604598022e-09
3.193006501058529489e-06 1.730748818131308169e-06 1.205230242888097665e-06 5.793620786824194940e-07 3.503377674183214075e-07 1.965053041437608829e-07 1.018827264268707756e-07 6.575177070535124656e-08 4.223529667887144568e-08 3.367225056339847137e-08 3.562655126903016884e-08
1.416345548994215031e-06 1.055198668871763674e-06 8.241703691120177409e-07 5.349604504635768556e-07 6.303960133398149772e-07 1.042245589545388466e-06 1.596623247311953697e-07 7.435914030359347215e-08 2.679445116637152126e-08 1.670042480073618453e-08 1.058556721723256996e-08
4.151044325508117599e-06 2.723398109252901450e-06 1.484703256313113252e-06 7.555655408049047608e-07 3.233511762972002217e-07 1.327456504947525704e-07 8.948780263990795098e-08 5.096953560235657470e-08 2.908880877786506557e-08 3.475753057675871812e-08 1.220173179266295053e-08
4.984202081794023820e-06 3.165956223909096288e-06 1.488634867810772932e-06 5.029534177533282279e-07 2.286627950319207923e-07 1.268403966690332053e-07 7.439913837863511043e-08 5.618446397470265070e-08 4.378391880501799930e-08 3.295338285087513504e-08 2.052762221307393593e-08
3.473437444294596311e-06 2.170025055443305617e-06 1.395943676285487888e-06 9.120519596646433843e-07 4.445846133024330404e-07 1.911847100052015578e-07 9.299765564498681921e-08 1.916253587364671942e-07 5.673439740624338849e-08 1.342442075145132404e-08 4.384051138612731760e-09
4.255382424019900758e-06 2.875058872909400938e-06 1.450698115128706211e-06 8.449706236104242579e-07 4.237159480858470577e-07 1.939903370916408488e-07 1.210209694796524992e-07 7.847118461355384169e-08 4.910214699289196000e-08 2.045103258050615157e-08 1.254386824901828870e-08
3.634443893337653768e-06 2.447205295503253495e-06 1.908384399208698399e-06 1.329200048869408467e-06 7.902757637280472008e-07 4.608430744691023804e-07 2.397735968971454319e-07 7.830388446195017042e-08 2.909526681207959226e-08 2.305939432172982940e-08 1.864090623870822895e-08
1.542967793694242226e-06 6.756837131438444537e-07 5.110413569131583189e-07 3.958104936799445648e-07 2.947377549060929643e-07 1.953561464204635214e-07 1.088074298336444903e-07 5.591984735741766333e-08 3.880207528777909283e-08 1.715192445475631522e-08 9.718310849126664755e-09
3.024254407834298539e-06 2.087901713412544983e-06 1.122375231926817397e-06 4.822755367862080484e-07 2.147394614633463511e-07 1.179080402141187313e-07 6.744347690400775488e-08 3.933916515150154584e-08 2.780398820787163755e-08 1.515964322929577616e-08 6.361207335721175780e-09
2.066486659078984156e-06 1.385350798595836999e-06 9.016409018308112126e-07 5.030769255667397310e-07 3.054461051101307255e-07 2.112487055346481788e-07 1.081043606636877511e-07 6.454043610275670440e-08 2.963954863059720680e-08 1.727719206327555628e-08 1.048839367791684599e-08
4.001252150639217208e-06 3.355082486019259056e-06 2.272720450148781049e-06 1.486066676744390426e-06 5.565359472310544358e-07 1.767380265862957639e-07 7.775838261443634654e-08 1.543213988379160508e-07 2.117805253549466218e-08 1.169238653086779026e-08 7.837968069734333430e-09
1.510010092181675567e-06 9.932677762553375315e-07 9.486884449516016268e-07 4.470389018405217473e-07 1.516493552108653591e-07 1.018316074499561558e-07 2.966433617665313105e-07 6.742526483441456644e-08 4.726453912456260257e-08 1.286782196734808855e-08 4.037215178973463356e-08
2.768666788058067150e-06 1.836911109739247689e-06 1.295462003622179628e-06 1.010595882992648923e-06 4.477499137138776983e-07 1.552663936193979034e-07 7.069895061602838208e-08 3.676948428743981538e-08 2.029449044797356097e-08 1.161212235759653076e-08 6.534463242215938851e-09
2.542219021761371081e-06 1.576403749143101559e-06 1.117377793825656488e-06 5.954019431555924401e-07 2.548440140256028678e-07 1.339691627989810912e-07 9.751108778853357303e-08 5.690468797181277389e-08 3.867808915146209313e-08 2.741915163846718163e-08 1.751227735402195048e-08
1.822333732192020753e-06 8.203997631553821605e-07 6.361758640990354642e-07 5.095369089658773895e-07 2.939583904742790551e-07 1.543823054328480836e-07 1.010880879359911230e-07 4.696166184163143970e-08 2.399300314888984621e-08 1.544184858690132860e-08 5.043814232650202519e-09
3.188925327769376276e-06 2.580836400606959919e-06 1.581224185567820138e-06 1.014515992693855484e-06 6.097084779133281042e-07 1.597283089065131806e-07 1.143741395703624765e-07 9.531401925773957104e-08 6.424835299261942211e-08 4.196312613524888446e-08 2.824915846898938556e-08
4.816852311305678847e-06 3.229005512467331800e-06 1.730311539665285946e-06 1.078152645827739617e-06 6.530956590990637533e-07 2.528178294912844260e-07 1.230125261735163856e-07 5.203475373394777522e-08 2.874806218749722167e-08 1.535197996925503435e-08 8.244056517950040031e-09
2.108306326213527342e-06 1.698574549674493851e-06 1.420691701665250228e-06 6.668120139569790644e-07 4.643127492730056799e-07 1.969380349994812263e-07 1.214172066967224649e-07 6.432715964515045150e-08 3.538499518814439814e-08 2.001226225356217970e-08 8.995946727418719053e-09
2.550056780307679925e-06 3.268594357846306720e-06 2.395643423349321952e-06 1.643056585085221835e-06 1.046985208287543136e-06 5.634287785349426761e-07 2.872095849174436880e-07 1.165846963734222871e-07 3.573704660293911428e-08 1.913214360357340202e-08 1.690707560098364487e-08
4.672763512941307882e-06 3.289963074764596671e-06 2.063394262963380286e-06 1.079825881606665315e-06 4.735243371578885068e-07 1.698335281823915970e-07 1.094401374211788744e-07 5.557744451662697192e-08 3.272589392269350385e-08 1.913052767774422358e-08 1.048226390047604136e-08
3.612809538911841590e-06 2.186072598384429332e-06 1.306650501070465976e-06 6.470264128198245536e-07 3.456646645203260040e-07 1.758598364646184845e-07 1.028641364760820322e-07 5.911622422027255578e-08 3.652515647829823810e-08 2.214801345936996715e-08 1.432591007597837375e-08
1.908671041002258106e-06 1.574882802296017293e-06 8.314469514454175177e-07 5.478848465390645354e-07 8.006681897580223087e-07 1.937309395213147851e-07 8.666623635856607896e-08 5.339190456493747344e-08 2.994339132796990094e-08 1.231306463521024630e-08 4.161939067803064123e-09
5.596476164591489935e-06 3.544786660966216651e-06 2.230501807042494755e-06 1.378611686276233388e-06 8.366391795056835324e-07 4.715303886837632892e-07 2.372639608386952711e-07 1.185781708272152609e-07 8.783627084492631664e-08 5.803654610428644470e-08 1.095468183381574957e-08
2.756158950934622435e-06 2.564474327644784680e-06 2.100155124476831349e-06 1.536909885454068974e-06 7.654955841166821642e-07 3.063816071074101046e-07 9.317678751407204745e-08 3.846523238983260888e-08 1.406445446798594510e-08 6.802254957165092732e-09 3.511766905718827323e-09
3.547014970750607536e-06 2.662268313674784613e-06 1.661344755108847879e-06 1.077406379066932548e-06 5.445331031873717871e-07 2.039732183561559067e-07 8.632732878919509052e-08 8.976770226432396779e-08 2.575466159619538872e-08 1.110812180038933246e-08 3.163467425126592178e-09
1.387069849122457486e-06 1.128198427770421744e-06 6.131538958632619418e-07 4.473986425622159415e-07 3.298042414437676356e-07 1.514880416771813507e-07 1.018858240573192225e-07 6.542681120484898588e-08 4.005302813363572341e-08 2.406408868711567242e-08 1.118497126563732058e-08
3.555538409253672371e-06 2.302808213120749458e-06 1.355663497997049507e-06 8.422873100169810947e-07 3.754777864324983980e-07 1.574392509409027181e-07 1.114550139675250999e-07 6.681781938560977894e-08 4.089024211537238765e-08 2.869678310942446989e-08 2.306801713374857425e-08
2.564051983246652322e-06 1.795636204955905108e-06 1.700717222703014774e-06 1.082268342004622401e-06 4.182942860057948222e-07 1.875117410356481545e-07 1.015026436577325129e-07 5.348196344161363051e-08 2.658656482778752002e-08 1.180967250936852622e-08 4.840740217666491773e-09
3.644869048766148065e-06 2.057631515693424871e-06 1.161611125596196675e-06 7.138351117580505925e-07 4.082700309096188803e-07 1.658835883674702285e-07 8.248110385061221627e-08 4.027409167236778510e-08 2.124128978561884084e-08 1.431526672742234106e-08 8.320254531143680392e-09
1.109011283982727253e-06 8.079204709238530737e-07 6.158326019103985173e-07 3.749789311114578098e-07 2.424838289228197916e-07 1.748971482340063399e-07 1.110431341113869040e-07 7.329977935889590022e-08 4.130056109093121306e-08 1.992292761611674326e-08 6.932126146505770035e-09
1.390613900331519268e-06 1.175162971709945985e-06 8.376271621603252239e-07 6.428286814436090210e-07 3.866072322206357874e-07 1.828327558429066707e-07 9.439374520034844445e-08 5.828212025021181596e-08 2.538378086501573155e-08 1.091196330542293017e-08 4.204126761201207366e-09
7.072899773504261579e-07 6.519763230112937497e-07 5.002155712813693528e-07 3.106290745996257925e-07 2.025566133066231253e-07 1.263592115783838728e-07 8.539056398099998568e-08 5.105513751613731311e-08 3.404766306204929597e-08 1.765812872909892490e-08 9.748379416845451296e-09
2.700358883860141675e-06 1.231308077673627030e-06 1.296968457921712097e-06 8.701728609459168054e-07 3.802675126470202822e-07 2.075771049877352973e-07 9.926933210110504252e-08 5.642649472452054076e-08 3.034934187028906614e-08 2.218999517810447026e-08 1.138124969408411807e-08
2.954784865780040382e-06 1.781528172697567768e-06 9.674527907128696055e-07 4.517555871732440155e-07 2.469233866446835963e-07 1.370389217270856887e-07 8.163158290890972820e-08 5.646039114817446411e-08 3.869457065281267185e-08 2.521272012642151589e-08 1.775122936214514627e-08
2.628357327261515497e-06 2.250375713736350277e-06 1.780844496684644880e-06 6.753625623901752020e-07 4.458644061662338076e-07 2.036314087367338023e-07 9.334057215912948350e-08 5.750516165537085775e-08 3.782151861090260595e-08 2.026371098388652087e-08 1.168339477292836171e-08
2.940994802110727828e-06 2.296971158936453765e-06 1.714883193519929155e-06 1.491984475338108213e-06 8.836621127351523865e-07 3.001439885158237422e-07 9.066149213167240157e-08 4.285116616557441156e-08 2.494634005435895451e-08 1.359236663793229228e-08 6.930524422402770681e-09
1.065045886842928414e-06 9.660157921681259278e-07 8.000606479722266898e-07 4.877572074733536699e-07 2.617468566628714690e-07 1.589561247826689093e-07 8.424101353039142543e-08 5.056578394517255814e-08 3.063541303136860656e-08 1.601082253375626959e-08 9.602488172689678174e-09
3.527711881256603889e-06 1.898197848036244030e-06 1.215204080168226255e-06 6.573290845038305326e-07 3.678362763446390527e-07 1.991232185413163622e-07 9.912084544732974436e-08 5.409032434778978989e-08 3.591962399374751310e-08 2.118674583597609796e-08 1.457530529540811481e-08
3.035109058240237174e-06 2.433441554228972100e-06 9.130057331086197207e-07 6.415540856407331158e-07 3.765074403493989259e-07 2.266140979827943306e-07 1.217396156550288256e-07 7.305150765724573555e-08 3.932771903249183936e-08 1.691106976229921610e-08 4.321001519742236064e-09
1.526591393529884261e-06 1.243590571832328496e-06 1.206234931578591652e-06 6.274366639631875585e-07 3.164386828414585474e-07 1.672291335121619664e-07 1.103874795622705536e-07 6.891789691578785770e-08 3.993600732653376872e-08 1.684876937518178920e-08 7.037552506239394752e-09
2.935417833476913521e-06 1.665344245897998763e-06 8.557386921138643941e-07 5.146806696970897904e-07 3.182294051987955328e-07 2.033637171914105991e-07 1.157912288875714289e-07 6.865435053199145645e-08 4.816135951985428425e-08 2.668744595712136835e-08 1.308609577773011212e-08
3.698053143351860209e-06 2.421162467989288437e-06 1.690845679836858995e-06 1.306154777581204624e-06 7.117519152014623023e-07 2.772162050701361162e-07 1.039452043003914807e-07 4.578103876381679456e-08 2.855724197579786650e-08 1.269716004326701786e-08 4.829507169606038494e-09
3.056919596314462090e-06 2.115511150790477310e-06 1.691752899448656596e-06 7.614623143801183372e-07 3.858058789039688225e-07 1.910488082790601899e-07 9.122180418123464843e-08 4.416164965153792097e-08 2.891112758512567884e-08 1.777866427160606969e-08 1.208805017089340177e-08
1.051391878935516527e-06 6.768530379500926449e-07 6.234178088142858554e-07 4.824750412004608561e-07 2.565543262095511075e-07 1.636303069055363367e-07 9.290423199671943193e-08 5.327852150735688630e-08 3.516191585129325514e-08 2.128115000212938652e-08 1.240716468013511143e-08
2.505017294623293004e-06 1.492992254535497618e-06 9.734067210963881104e-07 5.015178205060419806e-07 2.060579318658789993e-07 1.384438694590001066e-07 6.430279443097140647e-08 1.066101093277319082e-07 8.269201012616520688e-08 8.204687263409049781e-08 8.137830421592563244e-08
1.575671233630348102e-06 1.888812286619963443e-06 1.103100617472577349e-06 9.468191617674111401e-07 5.311303996585504712e-07 2.166787990816582275e-07 1.050312581230411893e-07 6.197943886079217954e-08 3.723112445345546607e-08 1.531959102045637460e-08 9.427468665707604276e-09
4.251977256312056877e-06 3.223442960009177504e-06 2.361362221369806141e-06 1.186359614599985220e-06 4.352012928495264080e-07 1.779454783040128664e-07 6.658407090365805104e-08 3.463888222022727468e-08 1.886704711108064969e-08 1.045932385929522977e-08 5.300647136085522403e-09
4.921624718077759857e-06 2.361684746277025215e-06 1.373468360262701190e-06 9.368881692650353874e-07 5.116890935329425856e-07 2.796139994123442162e-07 1.294488993017313611e-07 5.299086617117439168e-08 2.572020294591615211e-08 1.316426617912821824e-08 3.721015517008735342e-09
3.364045570994988667e-06 2.682621154781304699e-06 1.986970783184658045e-06 9.487565675454134295e-07 4.078573695869333613e-07 1.736069552236231530e-07 9.077809935157927148e-08 5.070504822516974473e-08 3.099317633228594451e-08 1.651067815769512282e-08 1.133169601456280837e-08
1.678263491018790055e-06 9.949911934273729395e-07 7.171122898194439051e-07 4.735522006027505396e-07 2.726483075615449352e-07 1.737611896977368662e-07 1.184339018381696592e-07 6.343862306867113032e-08 4.347664604313517844e-08 2.316337688957556525e-08 1.002686562320349604e-08
2.343890828614713719e-06 1.781816452955923900e-06 1.150036021771805740e-06 6.830197358304375361e-07 2.248899279682694321e-07 1.116403925281199786e-07 8.013880957418225643e-08 1.407566708634656131e-07 5.729970506978363009e-07 2.339164789439418761e-08 1.163240548444113114e-08
1.553772042165611741e-06 7.027959064431556127e-07 4.775312860463090596e-07 3.579084326109770243e-07 2.598978218531615762e-07 1.473209135371752735e-07 9.982446324881334058e-08 5.384306802370878600e-08 3.126951822384785201e-08 1.148384455585977860e-08 4.278030100653599235e-09
3.564017544694374951e-06 3.127234390834259606e-06 1.920915701335861052e-06 1.140160756181204755e-06 5.104965782917270405e-07 1.989260767366028020e-07 7.785299719092365302e-08 5.612853539613808563e-08 2.919825372282464373e-08 1.714538865851859511e-08 1.259758722704345134e-08
2.970380973753455165e-06 1.864152086041228611e-06 8.049086587868424434e-07 6.129758938000736572e-07 2.154909400088160259e-07 1.236096240361034748e-07 9.880781227056580209e-08 5.205032007861340145e-08 2.385009070631573833e-08 1.284528854677164183e-08 7.258037272153048906e-09
3.283554708825349562e-06 2.144333996163692110e-06 1.471583468183356143e-06 7.795018039583842038e-07 4.167861881364075666e-07 1.195772023311396469e-07 6.053544244505410714e-08 3.134404786974340046e-08 1.962459295018317136e-08 1.278884714804630989e-08 6.644099974431091471e-09
1.217566277163298593e-06 9.387412906387844656e-07 5.603433588370617865e-07 4.146974844372403725e-07 2.519272128229941568e-07 3.492979239208225077e-07 4.263626216411910694e-07 2.410320857009695879e-08 1.886402028882568417e-08 4.744575511868741442e-09 2.042251627787357702e-09
1.872960451781843286e-06 9.654132741311835710e-07 6.049794121557479642e-07 3.847389639346921088e-07 2.296146998568884949e-07 1.568199915405379046e-07 9.872062722224369530e-08 5.059790379239216840e-08 3.979818994525022991e-08 2.879950027242574998e-08 2.060280317373241252e-08
4.329626389680530757e-06 2.813686086397545577e-06 2.105411929056023355e-06 1.249509430834760466e-06 5.602501419270622473e-07 2.534975037075495784e-07 1.055193745186420722e-07 4.850628936970674741e-08 2.325727911410051681e-08 1.119609003960700621e-08 6.514347261660844816e-09
2.966614031196329397e-06 2.279980041294136957e-06 1.844830841550881923e-06 1.088123303613003828e-06 4.812583370148386528e-07 2.055223324569160074e-07 8.099630792601296747e-08 4.838227987278443199e-08 3.264335706183296958e-08 2.251025541955307374e-08 2.325920186738216727e-08
1.807975612397303700e-06 1.392695429198578893e-06 7.514058454655545522e-07 6.024027018536162975e-07 2.955037771685616298e-07 1.779306607495695158e-07 9.991492157500872286e-08 6.022777187534688121e-08 3.998091360507230268e-08 2.159850002950022838e-08 1.393894990139955041e-08
1.699919507307883721e-06 1.247993918213509813e-06 9.919259859465535047e-07 5.223936607921975661e-07 3.958194110592603714e-07 1.693016774659109582e-07 1.032716727918535695e-07 6.456650308106120736e-08 3.190124101046974046e-08 1.458280297792411516e-08 8.956678458273203702e-09
4.307095127598050603e-06 2.756528164719225719e-06 2.096105994453640427e-06 1.241246062569784329e-06 7.867228756706012714e-07 5.472724176245069455e-07 2.641025704868472687e-07 9.856304006841338875e-08 4.142954073988213463e-08 1.617527138086187429e-08 8.422031192241050085e-09
1.648035559681100321e-06 1.337520792661603608e-06 1.050886835112267192e-06 7.311011194816654026e-07 3.590010822192977095e-07 1.963519082340708257e-07 8.809708864813919497e-08 5.194935508257005698e-08 2.835769943549178728e-08 1.876034185594634783e-08 1.134818165522004827e-08
1.403161856689524929e-06 1.232787454493196467e-06 9.445208457453941135e-07 7.723325239596518289e-07 6.335672775455428428e-07 2.273939327082370129e-06 7.582726460189951269e-07 1.482248106354409848e-07 2.877919162892560011e-08 3.012397512197367176e-08 4.795338338963037032e-09
1.821552992618371324e-06 1.620305013984233488e-06 1.374744315562198501e-06 8.144132515684605255e-07 5.636572517425927658e-07 2.605258428167473063e-07 1.378992818228128042e-07 6.799525607523559382e-08 3.346356065461830899e-08 1.689986439699313783e-08 8.511421868862307590e-09
2.098845034294315377e-06 5.769760162135134706e-07 6.134552454370215653e-07 4.561524010162161738e-07 2.738937247860064290e-07 1.860712606146775054e-07 1.276052242913790712e-07 8.172957251451632062e-08 5.268954126563442247e-08 3.174814341100250487e-08 1.306328793066602552e-08
2.558134293218082932e-06 2.267942240452363707e-06 2.053336675289656096e-06 1.481541708901835786e-06 4.439605137389979392e-07 1.710688776997947571e-07 6.630010693487776026e-08 3.588354632334842171e-08 1.718796643824799177e-08 7.031660358670382899e-09 7.034585954601404903e-09
3.491303138015036618e-06 2.589522289688276323e-06 1.664464327885023000e-06 1.069975827254951418e-06 5.681631140053274602e-07 2.185186909013444483e-07 7.941633021356189474e-08 4.432389903122367719e-08 2.562452584208563655e-08 1.156029065967119368e-08 5.881695599378171017e-09
2.197477445355870256e-06 1.688352953584697651e-06 1.003444112190512458e-06 5.202902254057162131e-07 2.786041515841601793e-07 1.841471382864341823e-07 1.486508787783527163e-07 6.985248400753659924e-08 4.395788588750125857e-08 1.659999712596519660e-08 1.013764785371415570e-08
4.311232462218380052e-06 3.229430155055920440e-06 2.005806668905577716e-06 1.156189124598269301e-06 4.288002203597251309e-07 1.291180628459486840e-07 8.199039869811098551e-08 5.514826453296981631e-08 4.036879575532611930e-08 1.630576674225364033e-08 7.096938153536444373e-09
2.540146669416249174e-06 1.375930149365806872e-06 8.076420197604572493e-07 6.152428736933811059e-07 3.936101602972550295e-07 2.444011605921785383e-07 1.317114419835473603e-07 6.143585848191007409e-08 3.554188260205989862e-08 1.703198208047150237e-08 6.872512347768965473e-09
1.547828854461123978e-06 1.066322687105071567e-06 7.849180506493534938e-07 4.391910526932068491e-07 2.852742158103762231e-07 2.067122032964291328e-07 1.305244742728859943e-07 7.664215582939511280e-08 3.414389897707152828e-08 1.683019624546550806e-08 8.139336923936165900e-09
3.047961568492330073e-06 2.179207501657277904e-06 1.564860989979016442e-06 9.329186769627850619e-07 3.914916390755243527e-07 1.937617736248692898e-07 9.811997612016893491e-08 5.537037154157302206e-08 3.359044170822074777e-08 1.410438804907512494e-08 7.758705443316587216e-09
3.520560736461734696e-06 2.663934404902245407e-06 2.198474049274093074e-06 1.188526828902100092e-06 3.075450129884983906e-07 1.261862590575570557e-07 6.786902126949616540e-08 3.912445311125125509e-08 2.439638315681826889e-08 1.402332823396955454e-08 7.698366504739671995e-09
1.524931547271895654e-06 1.219028578686063872e-06 7.516805136782582176e-07 4.755355103025741977e-07 2.639171169456066884e-07 1.678016071012517905e-07 7.881739223769522227e-08 4.227411409172973925e-08 2.646995669699200655e-08 1.861047152977240636e-08 1.102149935200039511e-08
2.549766073246511353e-06 2.156068773817776964e-06 1.480107267061264645e-06 9.094878135441422049e-07 2.838736425485004100e-07 1.343183728589887097e-07 9.408129503435236606e-08 4.927661595967538369e-08 2.786593509710739606e-08 1.547448837458044229e-08 9.661374453537352562e-09
2.772023053537510564e-06 1.598731192527842457e-06 1.283077307577326007e-06 7.845372307954595660e-07 2.407353667840772190e-07 1.071316854889966252e-07 5.512523643200226947e-08 3.735548518580914266e-08 2.856787386173859793e-08 1.554205668083507325e-08 8.630344606206292313e-09
3.143716241347787081e-06 1.437520564131458724e-06 9.070306056848951849e-07 5.478525733020711017e-07 3.379231501202356810e-07 1.945050623694595128e-07 1.081982601429575661e-07 5.103043861758235774e-08 3.059033717327744020e-08 1.625932165924584869e-08 7.137091878616544055e-09
5.057221232097735307e-06 3.543402314917966830e-06 2.351248830084458851e-06 1.490133423807996315e-06 6.883377393490688806e-07 2.195193088299794484e-07 8.112234991076606084e-08 2.902549253298451183e-08 1.271326985193052399e-08 7.720972682951110776e-09 3.866470426913818335e-09
4.996086160097534248e-06 3.217247043110892660e-06 2.376634117992448836e-06 1.391787998160687908e-06 5.906518575626607709e-07 1.965120869186336223e-07 8.842955711858815904e-08 4.401443034159632172e-08 2.530642486433800035e-08 1.090390648257689578e-08 7.650389702061976800e-09
4.703204374556521094e-06 3.981050589916569378e-06 2.739964297261939435e-06 1.409823726540920240e-06 3.968028957667386436e-07 8.220004306113773170e-08 4.744568710663739451e-08 3.050868859439400715e-08 1.441139012972307541e-08 7.194291160242331429e-09 3.765048610528977609e-09
1.263530318428209593e-06 7.023406732018790606e-07 5.216243690103226860e-07 3.321830983067613617e-07 2.093231542420077459e-07 1.360919612373699086e-07 7.177712144832502008e-08 4.778591141300375909e-08 2.492924765954951375e-08 1.272150793774444987e-08 1.368057209162921622e-08
2.877165812579320802e-06 2.371814549731661599e-06 1.000794202402205071e-06 5.296349832729351207e-07 3.797358157050586815e-07 1.965149502535835992e-07 1.047200530879588867e-07 6.262376744358237377e-08 3.107733575147286583e-08 1.438252643910173917e-08 1.059080044642932311e-08
4.127342968333618615e-06 2.922235696748334178e-06 1.584896396963188600e-06 5.378254946287787143e-07 3.620547222171772021e-07 1.545748680538559070e-07 8.231260757163210354e-08 5.102435992353500374e-08 3.448944632514947393e-08 1.596055346431719331e-08 5.595387595978128861e-09
3.167903243037652093e-06 2.145699916957900841e-06 8.349159648914660045e-07 5.158333275947317753e-07 2.164406799313471090e-07 1.290148042210494185e-07 1.036910035358876061e-07 5.646351822005229785e-08 3.920098558091359829e-08 2.364992345641552971e-08 1.112982484462182947e-08
1.010989607403300159e-06 8.965736398890295879e-07 7.813878037468483871e-07 4.019562057702414485e-07 2.549056467657281929e-07 1.451097617795514870e-07 1.013720446230775454e-07 6.869828556970415522e-08 2.546635741716965825e-08 1.232867903067326101e-08 6.390623545488948917e-09
1.797901527907220679e-06 1.121850118397925393e-06 6.935582527956288305e-07 4.200496955742758558e-07 3.629329057564361934e-07 2.050853107764145392e-07 1.112982396614982303e-07 6.179424124451238352e-08 3.732775339184531532e-08 2.133064582013066491e-08 1.413636146572629021e-08
3.264521354503657649e-06 2.486729112340312839e-06 1.477709741432005572e-06 5.455246503240461757e-07 2.683270204764501145e-07 1.191270180430982318e-07 9.731320786787794079e-08 5.514220609339708657e-08 2.827206239028762246e-08 1.674148582103378701e-08 1.036952090166737511e-08
4.561540310008238429e-06 2.394634792006862570e-06 1.732169184316906296e-06 1.174104023070161850e-06 7.266639937512934507e-07 4.241174980638187894e-07 2.027146796680954894e-07 8.398406398484136607e-08 4.418835927223854354e-08 1.663297491174390441e-08 9.131278438671277869e-09
5.552116300476067252e-06 4.010292433412084424e-06 2.747599011270841404e-06 1.621993364139102670e-06 8.600302476439494413e-07 4.625640783895140337e-07 3.105749783410790579e-07 1.501925610372172473e-07 1.307663545907133740e-07 1.146964052123644446e-07 1.182821724684359826e-07
4.123697795836614179e-06 2.694964173102003926e-06 1.180395802569630054e-06 4.966200846925553628e-07 3.630913089303822441e-07 1.668079617322147573e-07 9.605716348774143013e-08 5.326895121569783305e-08 3.040560838059893071e-08 2.067430010629473039e-08 1.255244835392286136e-08
1.722324502154873786e-06 8.070220423475247857e-07 5.715959518299871366e-07 3.304245838132044285e-07 3.381914762130574201e-07 2.424763707455837572e-07 1.645721275387987268e-07 7.165035142729196326e-08 4.421818253724016706e-08 2.724901435546197462e-08 2.730866850770294584e-08
2.526851384947608094e-06 2.459764189897250301e-06 1.919196038262849578e-06 1.514747740271547370e-06 6.972301003207889490e-07 2.195099479401126082e-07 7.211781115470569766e-08 4.105328039911007323e-08 1.759185311583932499e-08 9.911184866969342661e-09 4.128282726452228245e-09
1.677420323872462943e-06 1.232762000001407012e-06 8.568111929949650712e-07 5.255763259097012970e-07 3.214453115464354537e-07 2.072161573056063453e-07 1.318317873676079651e-07 8.745300394232756176e-08 5.298020781419337244e-08 2.941135945786130688e-08 1.844133298962409101e-08
1.587768563178686535e-06 1.056470769035761857e-06 8.719130880383017796e-07 5.470707687370437813e-07 3.784017560856533654e-07 1.963220125611021196e-07 1.155268417490468574e-07 6.574364593053252109e-08 3.115923251572353641e-08 1.591631208876779084e-08 8.146103161622944325e-09
5.113113757143419665e-06 3.706081858279347674e-06 2.364278439743122963e-06 1.259737969501776992e-06 6.485707501643836950e-07 2.910862206450478765e-07 1.240136663399175186e-07 7.100777498234619296e-08 5.447794826534552127e-08 4.336898969255158381e-08 2.554476690126897273e-08
4.758217319314689114e-06 2.818567624694906971e-06 1.606107864369281914e-06 8.454909494255056087e-07 4.354740505160348600e-07 1.904779757997806141e-07 9.657555424930863752e-08 5.619274188344370320e-08 4.293908436858516131e-08 2.724582724459544005e-08 1.500062083465744294e-08
3.596051275135488568e-06 2.643826410616698727e-06 1.826508917757459905e-06 8.173535316665759600e-07 4.468166072922669190e-07 1.719885682402345451e-07 8.524245066683614514e-08 4.731130193065488457e-08 3.007389549042815044e-08 2.067582727901664026e-08 1.259049882314498413e-08
1.805761676759564338e-06 1.255143577728979907e-06 8.338776495331209437e-07 5.883463675949464139e-07 3.379488129657159849e-07 1.865352339460754185e-07 1.019444065011907778e-07 5.397535888380507631e-08 2.699082415403687894e-08 1.822669984855119925e-08 9.541542542586455904e-09
3.496187371952230747e-06 2.617165816288193423e-06 1.319392940552245611e-06 8.286756602702911905e-07 3.387090333091067074e-07 1.808524270296528740e-07 1.079358714103808618e-07 6.080150468801479816e-08 3.493519790182231532e-08 2.148753834445303053e-08 1.257173187140990064e-08
2.595578838193130579e-06 1.864709338699219882e-06 1.314436688637633657e-06 1.257288950048159706e-06 6.381194738170321983e-07 1.915970422101103460e-07 5.466842540099526720e-08 3.195409973482203713e-08 2.409083590875272506e-08 1.367277409059090676e-08 1.012410955157795575e-08
2.976625288246334810e-06 1.434225522506944780e-06 8.321637034823874811e-07 3.607486990587711592e-07 2.250901084612054765e-07 1.623383592914707997e-07 1.084159595426613783e-07 6.304699295721270947e-08 3.880219349656594259e-08 2.271327975309079209e-08 1.108110413407024613e-08
5.691381727306756943e-06 3.445976684855404424e-06 2.298208671316190709e-06 1.113294872569125067e-06 4.344644482859169531e-07 1.522044612737773628e-07 8.012875809939726297e-08 4.529482925037675656e-08 3.009508083346826866e-08 1.385602615405319264e-08 6.502879530666097488e-09
2.301100874087848195e-06 1.215163017288744025e-06 7.809474255127239634e-07 6.384030318840135413e-07 3.367780147123166163e-07 1.815589772181094361e-07 1.111333214527209981e-07 7.319135688569996595e-08 4.364101722154346809e-08 2.877763503977277362e-08 2.375149302361376686e-08
2.321454198413225242e-06 1.145875678241715019e-06 6.882661945004274021e-07 5.139278416513674367e-07 2.601670480473919881e-07 1.597163823979047202e-07 1.121854134580022663e-07 6.375351354200012713e-08 3.099160502203056628e-08 1.656636770649216078e-08 9.733866134350610549e-09
2.191634347302066015e-06 1.669094516856317748e-06 6.895147202494024528e-07 4.631428034263780224e-07 4.002375528688450016e-07 8.952370015478896977e-07 1.275291775342564330e-07 3.756433478834723432e-08 2.217482163377501633e-08 1.700350885475000959e-08 7.757654193582209700e-09
4.088136954976903308e-06 2.554629566000427289e-06 1.250186640565404803e-06 4.945882939558721138e-07 2.685240533798709404e-07 1.333718101359132759e-07 8.669065622873930324e-08 4.631926054105999296e-08 2.543805484891224194e-08 1.375465752646365988e-08 9.405640089076373010e-09
1.541504919488697918e-06 8.769935243207299173e-07 5.567349604718844662e-07 3.707131622490884588e-07 2.309680715780285182e-07 1.675041448661908822e-07 9.115690769381180125e-08 6.043582647851696006e-08 4.737496725359519100e-08 2.061491149203328080e-08 7.352552539592969600e-09
2.163771275985551658e-06 1.053546999500437733e-06 6.350797780779715882e-07 4.468662324811626976e-07 3.053286162293508503e-07 2.259366842021144345e-07 1.477676839626945467e-07 1.003612967850602676e-07 6.909116745028724444e-08 3.681265900984718217e-08 2.169738462576053096e-08
4.578663393549280933e-06 3.159644130318242972e-06 2.070653151409809282e-06 1.066668977883055674e-06 2.794631552803070769e-07 1.131008493641020982e-07 7.818607901733354144e-08 4.788687544772965864e-08 3.201128781687053090e-08 2.042354905541779888e-08 1.311143035667632671e-08
1.971370287739916511e-06 1.081089387388879656e-06 6.907709088328535586e-07 4.737582208459178583e-07 2.878352179192090773e-07 1.966739966319175914e-07 1.308004368087318379e-07 6.905583022960581509e-08 3.168947439708280439e-08 1.912548683528081206e-08 8.768397239621111311e-09
3.350779391755402253e-06 1.748609272583250627e-06 9.503102140179538422e-07 5.526495525093947933e-07 2.895556581756613776e-07 1.648276255319149740e-07 2.476061312363261355e-07 5.698555075470505934e-08 3.869657651161812693e-08 3.366399317324027113e-08 2.348190558440598227e-08
3.344943941378105333e-06 2.059650336300790503e-06 1.229450452014483508e-06 6.469715588351584612e-07 2.901516167320571977e-07 1.256800536933589408e-07 1.134722274775057993e-07 8.905774921829802453e-08 5.700380859282458601e-08 4.512497590816219411e-08 4.316376887847332207e-08
2.990063438159276610e-06 1.929841621133396074e-06 2.189416242705821544e-06 1.560147970125680048e-06 4.489082750823487585e-07 1.638496296758740534e-06 8.393943879554142338e-07 8.582205868677538344e-08 1.423849245833481792e-08 3.770566654851491536e-09 1.342772660676329924e-09
2.900621184212723004e-06 1.481759193895422708e-06 1.018960333177446736e-06 6.836794764493051295e-07 3.554765215132016822e-07 1.778545519050315026e-07 8.082239925677067821e-08 4.299241352200313985e-08 2.526254175454647711e-08 1.408214639226793946e-08 7.836370826753471683e-09
3.840939012537811285e-06 3.137065992475195527e-06 2.735716247826016875e-06 1.386501771896033750e-06 6.794537621558066293e-07 1.918479886399686440e-07 7.832842247681107912e-08 2.815168945155534836e-08 1.293003448609318152e-08 5.686556122457601928e-09 2.606976495077666704e-09
2.176410048780247847e-06 1.660048332341377336e-06 1.253307877366240336e-06 6.024757378422119798e-07 4.106991030230874912e-07 2.429621935922299394e-07 2.907794393022123462e-07 6.983120098269853113e-08 3.205847509098635101e-08 1.730908851757438494e-08 8.752599680668880546e-09
2.101768955494844351e-06 2.067946464043186527e-06 1.176410798535095773e-06 6.587489707837158731e-07 3.154824737156726831e-07 1.870873644330414483e-07 9.322820920063612168e-08 4.546762041083989620e-08 3.069763046165132877e-08 1.785861235225702118e-08 1.155148547318285376e-08
2.977730359551143165e-06 2.070312964907259021e-06 5.884968080451822434e-07 3.568913980101186064e-07 2.187723455834145120e-07 1.069942273139358093e-07 6.866423973846420017e-08 4.103994714809770404e-08 2.837855173198790799e-08 1.653370377887823016e-08 1.184941373006045346e-08
1.415413206060160174e-06 8.887983556924336911e-07 6.705769024799834471e-07 3.938580175163550045e-07 2.158576779868995730e-07 1.435178710427154318e-07 8.543458309640118349e-08 5.313769488320112588e-08 2.830655168024449935e-08 1.579765561060808808e-08 7.935623068294658155e-09
1.966504191704298786e-06 1.422447444780366664e-06 5.391390884769526814e-07 3.117421893659959060e-07 2.067679063401331396e-07 1.308105552826377351e-07 5.965073042897892942e-07 1.623238609691581972e-07 4.068928002519151210e-08 1.487566114565894028e-08 2.852169821101962681e-09
3.223826817446799852e-06 1.824833478208633300e-06 9.461016980638976775e-07 4.498794601549322810e-07 2.672945936055836032e-07 1.691854255215325280e-07 9.798653914730696831e-08 5.946556441530550620e-08 4.142356220938629994e-08 2.129954942459553800e-08 1.263611035444377909e-08
1.893118008429502906e-06 1.505720546832848780e-06 1.246085096014709953e-06 1.142123127530828534e-06 8.537252211873959653e-07 2.265955315712123305e-07 5.684124166198155335e-08 3.367485430872085303e-08 1.487394906862782865e-08 7.589368993154730860e-09 3.653957873266665163e-09
3.496390348777899205e-06 2.337020350206762593e-06 1.332259379583402059e-06 5.561862451708635293e-07 2.784625484238149981e-07 1.449567468482368432e-07 8.876402798201998756e-08 5.814323143189786209e-08 5.099898318622982528e-08 2.903094737488378911e-08 2.053656103605444995e-08
4.367839341847106864e-06 2.750500706604140730e-06 1.575438810236930311e-06 9.682718330757849968e-07 4.065230143205284817e-07 1.661102240891290569e-07 8.763680729233419860e-08 4.812968581207926285e-08 2.345641735942951977e-08 1.559914041603693237e-08 7.885277425203827534e-09
3.183862039261826104e-06 2.186549973779863721e-06 1.197795555189108220e-06 5.781512120334194481e-07 2.715023475792682629e-07 1.494318022778402607e-07 8.991437031308616694e-08 4.413404718818126838e-08 1.807035900087359964e-08 8.745053323334674427e-09 4.120847233040188768e-09
1.678588821995796824e-06 4.871539287992003873e-07 3.566610168525478184e-07 5.157878041169229620e-07 3.796887545352825376e-07 2.098663869947002561e-07 1.225314064281554523e-07 7.257566693372698803e-08 4.173579499669583843e-08 2.975071184112793982e-08 2.270618602796585952e-08
2.908994754684954719e-06 1.515430093144249001e-06 1.020360283617087888e-06 6.290783492851039435e-07 2.844080445026574508e-07 1.366715454614388385e-07 7.292139647694065691e-08 5.075895231826191234e-08 3.380292358364786068e-08 2.208767872410151599e-08 9.382409709119298133e-09
1.855974883815786690e-06 8.680339660455655665e-07 6.388710715077400531e-07 4.041397681358894659e-07 2.647355316047599399e-07 1.644518637131808852e-07 1.055436490183565466e-07 7.228825420457122852e-08 4.846288472087192073e-08 3.034188557406989081e-08 2.041119927387083908e-08
2.932691413788800678e-06 1.842762183362100334e-06 9.618276775986068342e-07 4.344692917891214314e-07 1.965827740679065337e-07 1.063200089748041262e-07 7.311542317483805828e-08 4.175937198989210343e-07 2.141023909408032006e-06 2.695907342126650614e-08 7.138384582089490121e-09
9.645127865377852882e-07 7.741811245982457806e-07 6.328460976642306729e-07 4.213618825460927887e-07 2.743512337684472860e-07 1.647871887767346643e-07 9.247455424645808896e-08 5.798725681708306389e-08 3.250391077772867397e-08 1.520202916336168130e-08 8.463017274378598309e-09
1.522672721237309078e-06 8.025814730347067255e-07 5.407312783333718681e-07 3.767386664394405893e-07 3.623369116585953460e-07 5.739402788397558941e-07 1.967259260321678302e-07 4.513147949731196204e-08 1.780033161167803371e-08 5.642181946565104642e-09 3.509371114301998896e-09
4.352785288427167247e-06 2.477891065494068932e-06 1.720380495988171664e-06 9.848744636783663409e-07 5.472930942914315052e-07 3.318721991178685019e-07 1.328619177406891044e-07 5.598484625407925724e-08 3.298358551497751249e-08 2.287193130828327502e-08 1.997300119874491882e-08
1.493987412527719825e-06 9.864093073618137007e-07 7.345403872497832259e-07 6.870348244769252437e-07 6.288353458072307763e-07 2.526863022839992952e-07 1.200049665457544757e-07 7.596723024047667227e-08 3.393246725175041667e-08 1.309277856794371790e-08 6.113256036356398215e-09
2.671325487673736326e-06 1.930339765715663756e-06 1.813547957931591278e-06 5.643310956937886727e-07 3.726073626110053757e-07 1.495603241114648850e-07 8.348532918783110299e-08 5.223333789971494242e-08 3.474428832270722704e-08 1.665524115020006772e-08 7.259883934255672084e-09
9.807427023440324772e-07 9.766370136517842360e-07 5.751579867248070159e-07 6.710620067186351925e-07 3.090804148533953610e-07 1.553485813076624428e-07 8.420782024031762444e-08 4.571085006004634760e-08 2.056356888741455742e-08 7.072821267442918846e-09 2.279320552762816450e-09
4.773137977557250374e-06 3.744617331290855003e-06 2.249476174334977802e-06 1.325333755555450947e-06 7.068824880539869814e-07 3.487087736235523565e-07 8.772354926205462017e-08 3.215483814948986739e-08 1.910663189082160103e-08 1.106566029576056589e-08 7.680701909330174149e-09
3.783262423738302728e-06 2.328162982648125234e-06 1.328384597710485294e-06 7.111532944172896663e-07 3.351076282010957986e-07 1.844672165733029703e-07 1.035587411308342257e-07 7.316911906918600167e-08 4.394446420357423952e-08 3.109287488783314005e-08 1.794419486030724133e-08
4.720001825924351672e-06 2.997640467419344672e-06 1.737050375904559763e-06 1.052062098415818849e-06 4.092445552869573288e-07 1.436908066625807734e-07 7.530519710627253702e-08 4.683526009179259554e-08 2.281421400764566058e-08 1.239194646095180814e-08 6.240463276347952005e-09
9.983627572915342843e-07 7.466524220464106061e-07 4.205919807429649097e-07 3.211457521106089334e-07 2.121196760246728378e-07 1.240711257349762884e-07 8.634279440678827584e-08 6.658501752083999592e-08 3.393762731235028750e-08 1.636379775579434497e-08 9.215270858133603711e-09
7.505201781158956903e-07 7.456618664688356618e-07 4.223441768930754511e-07 3.550078278289546761e-07 2.349697404305891480e-07 1.126218333453169532e-07 8.007519797448684910e-08 5.114472895730070717e-08 2.796557653136121231e-08 1.750900796357926812e-08 8.426434702784124584e-09
5.978682081895578672e-06 3.728869610358126032e-06 2.412257661384698451e-06 1.453882466985706738e-06 6.884903899039284956e-07 1.771621263276050691e-07 6.958304761245317474e-08 3.409387462246213304e-08 1.728547568132053134e-08 6.608422223434220411e-09 4.525797643966080047e-09
1.365987891429943698e-06 9.548287259334386341e-07 8.147078712207723355e-07 5.460883316332308950e-07 3.705447704528241576e-07 2.221236770143860380e-07 1.105968586917310400e-07 6.375170031557142635e-08 2.324491633290257345e-08 1.159788094444958496e-08 6.240807257527081391e-09
1.996629691546121842e-06 1.204995165932720535e-06 5.223472585078912998e-07 2.385511289753869641e-07 1.811253654893850936e-07 1.121642703869945548e-07 7.641883508798868532e-08 4.991270359831727291e-08 3.188226539275210031e-08 2.618964897721113661e-08 7.643754301431488909e-09
9.621790063365369347e-07 8.564295140030363853e-07 5.770648991249861604e-07 3.839117685021649741e-07 2.327084462598570804e-07 1.658104326544667623e-07 1.074597513421084224e-07 7.493573691008933433e-08 3.821224512794499537e-08 2.336738298875684173e-08 1.850979463957774914e-08
3.724792201387084191e-06 4.650541010924575521e-06 3.644814310764478842e-06 2.784308325969482347e-06 7.159371752755744005e-07 1.821863537463420622e-07 5.356446221885847472e-08 3.725053566935538665e-08 1.873624062383004154e-08 8.501385433887114696e-09 3.343391364446464953e-09
2.380712246067950342e-06 1.894936305114195437e-06 1.226251932637294387e-06 8.879714582471263338e-07 6.048764311611958470e-07 2.932974156466157991e-07 1.292375832582888321e-07 5.513583833578619367e-08 3.717561305228058797e-08 1.353118614665076173e-08 1.001469080539255226e-08
2.270669915951439445e-06 1.890449106831823812e-06 8.164006363965272601e-07 4.779991673039331707e-07 3.669455228936335192e-07 2.317485416474724833e-07 1.503072386035354201e-07 9.024369210762354807e-08 3.141717454221753199e-08 2.409283126309403357e-08 1.583413681248085046e-08
1.598101959757150055e-07 3.273116724407170271e-07 3.399875644332013095e-07 1.399146974940653765e-07 1.063008113787051313e-07 5.506762844800127226e-08 4.508312969841535761e-08 3.501404056140080928e-08 3.120599525395197544e-08 2.982561364386542207e-08 3.261466126570382534e-08
2.437202687261182443e-06 2.132010971313907200e-06 1.783455963843183583e-06 1.202784279545186177e-06 5.462992505688085585e-07 1.727803918570734160e-07 1.479172991550764460e-07 4.634812079898301582e-07 5.461531858514130370e-08 2.834429794388646401e-08 2.236059072068411220e-08
4.296844498276857317e-06 2.606659044589163133e-06 9.350390718863977500e-07 4.147577308518690427e-07 2.355564506277733466e-07 1.722672798478398218e-07 9.195883180436480619e-08 5.640935702041388153e-08 3.169635069074404650e-08 1.958576900091877264e-08 1.576219069500466822e-08
3.116645531416093540e-06 2.165307407212192045e-06 1.257166965233509331e-06 7.959740378057027485e-07 3.917230693542367277e-07 9.600572057187061136e-08 2.940165602679779678e-08 3.076800207042250645e-08 3.181683233102879955e-08 2.338272697305779174e-08 2.021504790809091801e-08
