1.920417196340947841e-03 1.729372421436777474e-03 9.804979128418839923e-04 4.920152344009083491e-04 3.969885218764405825e-04 3.474384906454750302e-04 3.695918702560867090e-04 3.730294371558879685e-04 2.602344756140262741e-04 1.528606836953046047e-04 1.345136298439870287e-04 1.512034410050538274e-04 1.201817447662695775e-04 6.016725548549191533e-05 5.308305468011762488e-05 5.416623922874575013e-05 6.983338839716383029e-05 3.279053729975763329e-05 3.796911555852299148e-05 1.447064685230152013e-05 1.245212610043337931e-05 2.894007175305843608e-04 1.329765676526728144e-04 9.862895492908268559e-05 2.012887261708773713e-05
1.202468208202702197e-03 8.770806587412330281e-04 6.220239444290001510e-04 6.652391238225115752e-04 1.079327927473524998e-03 8.562798152064455800e-04 3.355355824824242513e-04 1.643536681908597697e-04 1.259312401430706825e-04 1.091261238083417916e-04 1.108474705871330407e-04 8.493168695260888245e-05 5.943963873178955760e-05 7.212895870591640971e-05 3.493676576100771013e-05 2.571344714223731858e-05 2.071977123927257243e-05 2.694683936668122314e-04 5.420498982509961133e-04 1.426168803224882667e-03 6.498184107657600068e-05 3.003594865815006117e-04 1.565908624986328340e-05 1.753511875332959893e-05 2.715881743194539479e-05
1.061951020319853002e-03 7.327402570737102548e-04 6.110840059044605338e-04 3.753702833298920788e-04 2.315713950578516351e-04 1.674205167031581987e-04 1.374283990001632717e-04 1.170751577301562877e-04 1.031063754686936240e-04 1.052243283401678063e-04 1.140766158606845222e-04 2.176467803257837487e-03 1.149231255000320463e-03 1.203912542965972438e-03 7.997187842560297901e-05 3.227704133118164409e-05 5.935701209921327460e-05 2.149133204201794482e-03 2.816747809530941718e-04 2.698008352675059231e-05 4.311119116096910273e-04 1.860220123707716049e-04 1.208013879543769748e-05 1.386276160613396030e-05 8.717612008470958490e-05
2.997465344524443635e-04 2.895719568522603176e-04 2.627388906658639149e-04 2.260775684983676683e-04 2.036283731021438484e-04 1.707684704784266324e-04 1.450765015284822689e-04 1.245753046135995954e-04 1.068817215234269788e-04 9.313635868544936777e-05 8.400094048855108746e-05 5.931550251076594905e-04 3.502846230829503513e-03 5.261336691374894213e-05 7.454325196512646468e-05 7.603000528127869891e-05 5.991969485126859838e-05 1.780715423555042536e-04 2.882168402656096618e-05 3.779488912545778644e-05 1.454298980970270882e-05 2.495229592987372963e-05 6.155951007810663575e-05 5.367906360604851914e-06 8.853810685784017454e-05
4.964697231731419547e-04 6.231352996025607809e-04 6.790771194645659967e-04 3.014807745995161142e-04 2.519179567565783622e-04 2.149862548279178186e-04 1.953535031282466639e-04 2.042898660644717882e-04 1.876477346910600925e-04 1.232056086361926436e-04 1.066011056284607626e-04 1.066251769119091569e-04 5.311505199594342819e-05 5.402434505605586816e-05 4.064895026548744062e-05 4.116230505413007851e-05 4.277528562482687874e-04 3.372932116965664023e-05 4.198749566890144113e-05 1.971717179964770043e-05 5.402723199868105202e-05 4.515331390950430617e-05 7.599545049467018477e-06 1.319281545678164907e-05 1.585093004352307669e-05
3.445880010649789984e-04 2.495088493123827486e-04 2.149603016901541295e-04 1.904736722421281243e-04 1.729938384907136041e-04 1.547679547109468182e-04 1.439498273092137438e-04 1.266783059571682606e-04 1.111908142599820563e-04 9.693740100949730678e-05 9.109633013968374861e-05 8.269118308925219930e-05 8.248832564704272488e-05 1.066123171474662226e-04 1.331480197053229377e-04 7.541567782421183938e-04 3.206422108737756868e-04 2.999617299781774025e-05 6.023288379890277751e-05 1.862100312142264899e-05 1.621766867088464780e-05 5.512417447548983800e-05 9.060391718230654363e-05 1.970621462156596612e-05 3.256623848353418297e-05
4.187417263113662287e-04 3.438732427943206921e-04 2.993895396450918533e-04 2.522846950609651897e-04 2.091493780026346724e-04 1.675748625122513503e-04 1.398996431421220749e-04 1.115914703566182469e-04 9.316987568889005501e-05 1.042787129934195879e-04 1.876101683813165624e-03 2.094028329237035044e-04 4.708902156626147462e-05 6.527512915958602223e-05 5.236958778082111219e-05 1.166375911633079775e-04 2.284076924830970930e-04 7.909487440884097336e-05 1.512087618314795298e-05 7.053535733573260274e-06 1.124212372868791273e-05 3.379639636533953479e-06 8.055874483551570344e-05 1.539093661126456251e-05 1.964588515870373866e-05
8.686973224029284450e-04 5.968774697715802493e-04 6.085085052663645640e-04 6.515342775211566085e-04 5.213578580641122385e-04 3.147266345499029469e-04 2.227887337870935016e-04 1.818414361407271265e-04 1.530516462339973267e-04 1.084622016808050107e-04 8.110684123172165775e-05 6.984181062334118178e-05 5.338272006546534120e-05 5.957323727484758379e-05 4.187581878285402556e-05 3.323392597717922294e-05 3.485787467268705727e-05 4.377029735965618147e-05 2.422243907273529895e-05 3.869130445682241658e-05 3.176531361802293409e-05 2.283357020405165898e-05 1.501055119095712953e-05 1.297740002042306766e-05 4.341878018911549814e-05
8.994174400868431727e-04 7.381311755347216841e-04 5.161032511662372920e-04 3.434399107420211487e-04 3.044854613840947306e-04 2.809067014963984423e-04 1.949568863906252138e-04 1.380394527063574111e-04 1.604551237165717037e-04 9.778659025287819240e-05 7.340725208284627973e-05 4.919560405891671632e-05 3.641003669482179462e-05 5.795242480836366718e-05 2.966379827732002690e-05 1.573961635667912442e-05 4.133105301438410971e-05 4.152902240674720858e-05 2.063772986458836233e-05 2.028250948241893910e-04 2.303871227801837539e-04 1.562445280234924669e-05 4.471076737586526838e-04 3.928012523923642974e-06 3.874638364539317534e-05
1.609505154667290050e-03 1.184396840845364143e-03 9.217304177464678968e-04 6.169543093271089192e-04 3.965950437836950602e-04 4.870767126192587651e-04 2.482487880269171159e-04 2.218763147873159254e-04 1.838347109827164014e-04 1.448185735598493901e-04 1.674656210138190872e-04 1.058982048839597411e-04 1.005734239499906198e-04 1.800981284144165988e-03 2.658673858955764332e-04 3.468436473446044339e-05 1.450386535308774854e-05 3.790509074480619763e-05 2.900873364985540943e-05 1.692129924256338246e-05 1.406882364120968171e-05 2.040904722285522476e-05 3.075308744499155724e-05 4.032272766524405737e-04 9.806908109143468654e-05
4.792692794075732450e-04 6.693148251791435034e-04 2.814800758805371733e-04 2.916264726068119374e-04 2.647968606958017702e-04 3.101933497539275373e-04 3.672660278138039302e-04 2.054188052116864350e-04 1.640552542585608207e-04 3.614043321350231090e-04 1.454887710653476798e-04 1.762159646838863680e-04 7.746823928914481155e-05 1.041245947605220091e-04 5.188118392025159404e-05 4.786590282090933041e-05 4.621072749791410323e-05 6.519423598740116399e-04 1.361680364680834948e-05 1.054972950309199281e-05 4.459961180543908516e-06 3.690553410342725004e-05 1.480624574926236893e-05 1.313817347322208999e-05 3.771126338793380337e-05
5.387442547858718343e-04 6.689645183467406121e-04 6.052296558151070696e-04 4.989835267291760530e-04 1.117425336909899517e-03 8.107980990052911056e-04 3.893531518085833879e-04 1.977528544123393413e-04 1.010727038542470459e-04 9.197096856328449593e-05 8.027045907828938285e-05 8.552544676556054647e-05 7.321983801664894468e-05 5.996506569673168446e-05 4.340593196364198975e-05 3.419364932091385967e-05 3.815942692183414600e-05 1.489709695860031452e-05 7.329836432378261749e-06 1.912276396668972204e-05 1.654289789790718831e-05 5.634664698335855589e-05 5.889402114478722416e-05 3.069915911417378708e-06 2.896548022004593348e-05
5.124762051747342893e-04 4.162989994000923098e-04 3.560432127966839800e-04 3.007992708183576799e-04 2.478250424120731683e-04 2.143598634432936285e-04 2.495244968871784211e-04 1.819682043483735259e-04 1.394310251803545467e-04 2.734237260333559545e-04 1.240238417942872591e-04 8.846487807743727040e-05 5.488643036361343515e-05 4.473473969461209634e-05 7.425902962520729799e-05 2.727021182356812747e-05 3.394620344244729938e-04 4.857628568010010403e-05 1.348440937327361200e-05 1.121455029537571752e-05 1.863825541094985995e-05 3.887817815126177123e-05 3.088422017141331848e-05 2.550870090824757983e-04 1.897108128560473354e-04
7.526472288332780158e-04 6.804794029972529744e-04 3.601574877572527741e-04 2.999456113554823267e-04 2.285370461468176336e-04 2.021220265380264155e-04 1.223396001766006199e-04 1.049245074974599365e-04 9.760798284382667209e-05 8.907169262316472897e-05 8.667404576182562083e-05 6.511984923803368016e-05 4.403279936202783823e-05 5.465360607550694052e-05 6.786525084411608303e-05 5.215262115024824595e-05 2.466084605986883075e-04 4.505242960422936913e-05 1.121172057102304905e-04 1.017184409480224031e-04 8.185961086276715218e-05 3.111795253504254851e-05 3.725622257464661726e-05 2.132664988345499887e-05 3.093010998339124623e-06
8.986390291792037714e-04 6.946213948747262086e-04 7.726359897045158558e-04 6.125830395165563543e-04 3.028958882188610030e-04 2.254288693547619633e-04 1.937345973542729924e-04 1.921219988694022971e-04 2.324176506501568886e-04 1.639457650519628650e-04 1.099654683516944852e-04 7.410008036769555654e-05 5.500227542827513031e-05 3.492497424995764471e-05 2.584040387895131610e-05 1.607134396423998688e-05 5.769545554527136152e-05 8.223965253345947321e-06 7.309628894727428784e-06 2.648525399111389543e-05 3.414100246475775842e-05 7.469810718474943398e-05 2.779277601095025589e-05 5.409079628891981067e-05 6.593678199300204866e-06
4.260511928422516521e-04 3.919294296988710025e-04 3.319075635693009190e-04 3.342100081329919337e-04 2.894415228465992769e-04 2.580293016569956666e-04 2.274554258617101775e-04 1.670696986131455734e-04 1.280266174295018099e-04 1.017819259702901159e-04 1.394997395982517968e-04 6.588569084764043019e-05 4.429167681629451038e-05 3.505232153935171276e-05 5.969910103816812634e-05 2.481453007661854794e-05 2.076696773557227402e-05 2.331945856702917206e-05 1.674984850724627484e-03 7.681990673239764533e-05 1.584210628827782284e-05 3.113755643204586956e-05 3.191366901020188939e-05 2.786894509371770721e-05 1.055585391303526336e-04
5.769192171606182633e-03 3.388730896246628949e-03 1.352511959837994276e-03 8.466410784562435369e-04 1.395427050307587388e-03 3.309241919495161527e-03 1.215685570435451508e-02 1.659690150628431509e-03 1.862438452112531446e-04 1.162265706671239700e-04 7.754114737420559397e-05 5.582625108000226568e-05 4.053113259242582404e-05 1.047858057987035402e-04 6.485193736226081826e-04 2.773340818891755939e-05 7.941264917677779540e-05 7.073544157263118187e-05 3.547768391407780833e-05 4.305421519523380266e-05 2.536589163459892983e-05 3.922349534432355625e-05 1.771106683100796909e-05 6.253636404895208858e-05 5.473832755075938036e-05
3.791674504098193829e-04 3.221785913584253400e-04 2.732636467699846175e-04 2.263095090431919889e-04 1.904548042168847943e-04 1.546542408811396878e-04 1.339128928749236565e-04 1.107511233308227110e-04 9.415875260351103506e-05 7.546600718535135242e-05 6.099241845520215159e-05 4.940032959722818052e-05 1.258638608204046879e-04 1.220310069502935691e-04 2.769892500491162737e-05 4.753107062861042557e-05 4.244336971921544794e-04 6.533026055770435896e-05 2.905810706335552470e-05 1.883605230108312235e-05 6.521763862587194111e-06 1.087514766522646683e-05 3.333953487309400691e-04 2.598324657880784518e-04 1.833100049900051725e-05
6.172742407168375347e-04 6.244007158618999215e-04 7.050837295567764394e-04 7.523535582747765439e-04 4.958050964826198406e-04 6.603304965129198510e-04 3.438901037505388836e-04 2.071587517004787836e-04 1.991633686405401625e-04 1.211232693577642415e-04 1.387211009470669919e-04 1.120205694764578943e-04 4.697909721211957157e-05 7.467339433143743883e-05 9.023193370862576208e-04 2.093214033578702678e-05 1.828088873409492419e-05 1.155583500430174267e-05 8.418361632813951541e-05 2.689621234944749586e-05 3.798681784123806291e-05 3.738960681991302076e-05 6.011779304703429941e-05 2.366703382113731878e-06 3.146385542692298160e-05
1.319447520512707439e-03 1.131718996870444789e-03 1.026608844138626655e-03 8.269626301696315256e-04 6.960853862410852719e-04 5.278912149615641244e-04 3.725395962200570683e-04 2.028820532505571620e-04 8.104021037112074796e-05 7.729981727336928017e-05 9.867633880790508674e-05 7.939465075638160816e-05 6.507587454119661803e-05 1.350133321624651930e-04 6.461956201404246778e-05 4.485702266554247853e-05 4.731885133839706671e-05 1.967053344413326546e-04 9.026547820554768229e-04 2.767108684476029528e-05 3.372665742133559337e-05 5.502443770887596714e-05 3.195015164901026831e-05 6.728274500722370214e-05 1.408533990757913387e-05
5.614208037235052587e-04 5.616460880247191962e-04 5.041574307225058166e-04 5.332451989769214275e-04 5.982165736840094157e-04 1.822395686365214159e-04 1.476966919097985294e-04 1.298957810978758484e-04 1.044598489430654062e-04 9.107435706361591385e-05 8.061416461421728802e-05 7.154778788938113607e-05 5.568580337565082769e-05 4.621002462984100632e-05 3.725885498542679160e-05 5.881548246106938491e-05 4.286742805504789757e-05 5.903065494837502988e-05 6.361094120107338705e-05 2.382319811033526766e-05 2.699736911533241802e-05 5.136677194338442042e-05 3.113625999301894345e-05 1.397821790954680372e-05 1.063672306507168553e-05
6.504899857273411948e-04 5.973538413669030262e-04 6.392852509639162769e-04 7.068448384430811148e-04 4.318408564000460518e-04 3.813142451504605889e-04 2.408072503534469037e-04 1.652719863336015555e-04 1.334406124405824838e-04 1.229411521814680031e-04 8.331403306068257790e-05 9.188718546810617418e-05 1.881336008780574033e-04 4.537306980281821656e-05 2.271643171732506378e-05 1.832177661828654209e-05 4.779477165033543654e-05 4.178176082929983435e-04 2.347808949837057221e-05 1.321233490925017034e-05 1.294129466741670496e-05 2.076329626627575466e-05 5.721072872394774049e-04 3.337658513993942507e-05 2.005520606613811851e-05
2.148294274802284472e-04 1.835547199531491246e-04 1.581471805534005477e-04 1.442890045587678330e-04 1.271733208807070527e-04 1.117954066656983179e-04 1.022585315992562420e-04 8.818978684179989188e-05 7.643711770936145028e-05 6.810851496820188975e-05 6.426307008789852932e-05 9.631528877371442899e-05 4.307424443543660775e-05 4.241497808647646617e-05 3.851942414254813847e-05 7.166792551285398091e-05 8.322451194589338048e-05 2.511721563558520396e-05 9.477474297019530607e-06 2.481927053537908966e-05 3.409200969878252641e-05 2.020218443994414303e-05 4.209895223440927338e-05 1.202225884712019861e-05 8.633932869196288490e-04
5.471196640591892467e-04 4.730158258520944709e-04 4.105518942383153884e-04 3.550474611394855828e-04 3.067169796484335098e-04 2.596920538959117202e-04 2.136027144912444544e-04 1.700615721331545703e-04 1.305356930407558427e-04 1.055459677866184292e-04 8.613325105348991050e-05 8.266649375913348509e-05 8.938869448613273757e-05 5.354041616068735119e-05 6.043326825123504964e-05 2.476634992186667276e-05 1.379943378736008767e-04 6.803489227361098773e-05 8.414550259822093715e-05 4.542417229982826351e-06 3.592155644847393493e-06 5.132075645491588126e-05 6.911365716382624597e-05 3.048345461351882092e-04 2.667843170308592868e-05
4.017613161825084973e-04 5.446413582982921912e-04 4.016032379025203259e-04 2.147412040178087059e-04 1.758576923132883153e-04 1.610043690613791327e-04 1.471762968953601865e-04 1.193962484683247114e-04 9.763545213421594084e-05 9.052921301791393648e-05 8.041077141539638886e-05 6.871179665263348253e-05 5.453814530039743810e-05 3.178995701709950262e-05 3.825973516817967717e-05 3.512277167820175328e-05 8.583465517186342230e-05 1.050776858975328322e-05 8.236923129517995597e-06 7.369894771609536908e-06 2.569939164861990630e-05 9.125015065436938345e-06 1.675957265879348960e-05 2.011769519655375537e-04 6.145499861477946230e-05
9.965561727745600711e-04 6.594092498354553987e-04 5.004007590570261300e-04 3.976438130341175027e-04 3.420113612608609906e-04 2.650188642256818519e-04 2.219502618079097710e-04 1.886140932414318353e-04 1.954666168924905833e-04 1.564583893595128102e-04 1.507285699632781098e-04 7.258202134282598877e-05 6.016889752486060235e-05 4.181275804362536704e-05 3.721359301493102901e-05 2.299067250894710880e-05 3.560848558917996550e-05 1.899603752411563751e-04 6.777580490332868826e-05 1.587556799367038373e-05 2.996706357606384319e-05 4.211000548347127526e-06 1.648231322539335845e-04 2.467932507332658285e-05 1.679558495245009168e-04
2.430274137030954517e-04 2.384567530657207934e-04 1.923565671075007973e-04 1.747749184243102538e-04 1.543266254221279451e-04 1.327108061213258820e-04 1.115210571926598607e-04 9.201086983843959348e-05 9.255878461279209968e-05 7.124738578248236600e-05 9.416865933175603209e-05 1.036023810006287126e-04 4.263309222902945028e-05 2.984727481314571729e-05 2.182965467437234815e-05 1.583103699043415124e-05 1.352416077693605532e-05 6.428266348570331424e-05 2.510025479842432347e-05 3.883308428108297973e-05 5.253976656655893389e-05 2.636763876622801533e-05 3.922008969666363914e-06 5.542994693994347132e-05 4.569351732344506577e-05
6.178690494487463700e-04 5.326061684651101644e-04 4.699366423934527308e-04 4.031449972935990771e-04 3.385398641570167835e-04 2.790329868971592846e-04 2.301287505107068210e-04 1.835412800811287370e-04 1.444044760013751382e-04 1.117067790709980798e-04 9.256019724306574720e-05 9.379041356919919960e-05 6.705886571253076296e-05 3.501121590204037359e-05 3.941530831123899413e-05 2.018036351878389506e-05 2.396598623186164118e-05 4.414651006849146589e-04 9.809451917244145502e-04 7.475428496116909164e-05 8.968666131926846593e-05 4.277217305153982745e-04 1.446502251814012414e-04 2.505254129563377224e-04 1.992535102365769050e-04
1.763051659700223556e-03 1.034431592444307090e-03 6.697601608606967632e-04 5.300896613067149817e-04 5.134721694618770999e-04 2.714308473444442525e-04 1.751293914627320453e-04 1.434444636989579244e-04 1.240822904027164366e-04 1.144705671661197267e-04 8.068925611176436404e-05 5.974657231583557884e-05 4.682114003661175987e-05 3.923756481383264391e-05 3.308217958760735776e-05 3.236687092254535310e-05 1.738218612892878165e-05 7.269077059975468530e-05 3.260845180030830313e-05 1.054311177749045723e-05 2.278298618884780851e-05 1.265442859218344603e-05 8.772412632286741133e-06 3.665210101867477633e-05 1.621294725749180261e-05
3.841485861160874224e-04 3.428036403101735667e-04 2.791967004587907978e-04 2.119868239627811693e-04 2.202864809616690491e-04 1.867342697222004169e-04 1.531467939417554657e-04 1.020937321438651196e-04 6.935753166935522277e-05 5.930789869716029586e-05 5.014219325760978701e-05 6.535819484002628127e-05 4.149177927205842148e-05 3.306122748419485283e-05 4.764184816401609865e-05 9.617166267441458049e-05 2.660385268837714380e-05 4.939875569376489246e-05 3.118844781217546013e-04 2.941769566188536609e-05 1.517888787129920359e-05 1.760602688163015193e-05 4.336537792314655571e-06 1.048698489353308683e-05 3.801993428449245929e-05
7.476865289951390445e-04 6.217813882071860851e-04 5.148380204750884143e-04 4.113728164490646237e-04 3.269535813037519859e-04 2.771928459882740613e-04 2.286821431900578640e-04 1.855463486787898089e-04 1.613281779073113848e-04 1.162149507122020201e-04 8.391628059212657444e-05 6.124991336313590623e-05 4.144332264897568211e-05 2.847557689650641706e-05 1.791682189677154023e-05 1.095988913940460093e-05 6.742297499772484039e-06 6.132521927551686713e-06 2.187866207785728356e-04 5.469635015781979220e-05 2.376909130499754456e-05 4.056966024857833089e-04 2.416721329460529968e-05 2.537963088250237955e-05 1.297072142848022742e-05
3.493367608093574128e-04 3.196546299943961683e-04 2.385083606490118083e-04 1.991287993149730374e-04 1.516038713010987805e-04 1.331145095321339196e-04 1.218423707297841958e-04 1.092889948506331493e-04 1.086030937833580090e-04 7.775854103929813064e-05 7.044512085504586762e-05 1.907631112177081553e-04 5.681553706188314254e-05 3.254378490271116854e-05 2.450697019307622950e-05 2.262772534729363746e-05 1.598341785072201967e-05 1.683146872214242727e-05 1.945856315448463275e-05 1.217516403359018905e-05 2.771212688294441979e-05 1.122107260644245948e-05 2.501651243224869850e-05 1.391589442915835709e-05 5.715508817756780426e-05
1.102359548155563496e-03 9.146506286099423443e-04 6.861533731088957774e-04 4.358822521174495423e-04 3.653698342015811217e-04 3.670199909803073123e-04 2.755451667232058032e-04 1.500388662780891274e-04 2.136487133321234976e-04 1.519008091784930699e-04 6.438325063095327091e-05 4.591496193177519532e-05 3.554937197522913022e-05 3.155829067082407171e-05 2.991375258762036932e-05 4.098427519206421753e-05 2.959213056515609501e-03 5.611627632052011775e-05 1.279881609032664544e-05 1.188395465612456795e-05 2.172214003601142553e-05 2.715119852306319037e-05 3.163239048466118497e-05 1.483614677158288876e-04 1.571262637883660959e-04
2.794099738029295638e-04 2.465612587745278066e-04 2.001267157828675897e-04 1.833485599730259907e-04 1.448762718775126635e-04 1.165639056584949235e-04 9.594338303749478801e-05 8.509658870067571832e-05 8.776187461425481501e-05 3.618164519331622188e-04 1.146817791396657037e-04 5.175962250979577659e-05 7.028047602027014226e-05 3.628195702131962102e-05 3.066015404454761328e-05 2.273233861465886682e-05 2.367501910679497597e-05 2.263713004474650619e-04 1.889674247951699619e-05 3.806980252113732042e-06 1.623633734065798643e-05 1.918211680760392622e-06 1.526169286791397564e-06 6.244348144609212166e-06 2.178003401616472715e-05
1.190853482168695559e-03 1.167708764355936124e-03 8.737340133826665368e-04 6.814365942572897517e-04 4.549660807146362626e-04 2.590733033722518713e-04 2.213797634633113518e-04 1.573091001015031036e-04 1.051188340417106334e-04 2.964799487335748746e-04 1.918237693805899279e-04 8.904245819287810802e-05 7.095070144923828342e-05 7.927320403570645992e-05 7.003720774630616767e-05 3.451992331648750210e-05 2.701851898214962519e-05 1.677523430739802582e-05 1.151766801003371749e-05 7.360823777797319804e-06 4.884666626885729503e-06 2.875566874452690779e-06 2.024956209640884565e-06 1.045936343838640363e-04 5.340719467944414619e-04
7.882593660890595960e-04 9.361952678296377173e-04 8.902327559044232808e-04 4.876742393968068012e-04 4.004186805255995096e-04 1.641900993287153223e-04 1.094124541085157802e-04 9.158696759371799895e-05 7.367380350625371761e-05 5.607095343094232722e-05 4.425269679935777886e-05 4.515511985147912757e-05 4.456023593167241951e-05 4.143625183683638595e-05 2.735806692197415864e-05 2.004407704890056780e-05 1.640749269306223204e-05 2.826735204037408476e-05 6.789925297491176366e-06 6.326932401776852506e-06 5.123478826747786315e-06 8.030345092483458133e-06 5.086442234405510728e-05 1.965436771599262617e-05 3.941127047836822446e-05
2.839236176871551666e-04 2.256557868000747522e-04 2.017209864302402656e-04 1.690588622239811844e-04 1.432630318403215039e-04 1.199367243883391737e-04 9.682906248871994540e-05 7.671347966099227654e-05 6.740811244505950516e-05 5.129979940989966373e-05 4.299647715887661246e-05 1.038272555908009454e-04 5.577309948059033996e-05 4.596021901477930139e-05 2.154710072406670681e-05 1.821812739278620111e-05 2.098333807384991610e-05 1.971889232595313505e-05 3.492198973762458675e-05 1.387469797899777811e-05 5.975599936977358742e-05 1.831524768682566448e-04 8.141419707429038905e-05 1.992027995574517630e-05 2.182682905484980667e-05
5.217507334412633136e-04 4.999826060002247712e-04 5.670107364065628524e-04 2.796841050195511482e-04 1.697990532635970564e-04 1.361524435936075186e-04 1.126002055883809405e-04 9.709490617893561603e-05 1.217893433595389847e-04 2.891974885607544502e-04 6.376407270419873511e-05 4.776555382182613474e-05 3.702993846593612072e-05 3.650131202385137222e-05 3.313347107699480480e-05 1.175032657143432180e-04 3.468782759412196871e-03 4.859670460733943445e-05 2.104905714689336900e-05 9.515118496986391312e-05 9.551189846857986712e-06 3.001609720259377462e-05 1.928537840035738856e-04 1.779301430806858075e-04 1.565153019185558045e-04
2.124081666664961456e-04 2.118879621016648695e-04 4.609982777335699814e-04 4.310819711662512471e-04 3.398028408253673908e-04 2.475175185147468677e-04 2.019952321928511344e-04 1.827168829872746097e-04 2.951792566536429055e-04 1.479177444591531373e-04 9.431409088322903489e-05 1.209413636984929595e-04 7.249550645421626847e-05 5.498811110527645075e-05 4.823147712391002160e-05 4.059722260972480155e-04 8.120009411259528900e-05 2.675887810419113968e-05 8.189080061575023783e-04 1.769331712602901781e-05 1.695649012838416583e-05 3.993025764156580395e-06 3.775450553850507254e-06 1.777809334910751855e-05 1.472534971348484184e-04
8.318311976557200230e-04 6.476675533656234968e-04 4.529968016296444982e-04 4.117708836237055059e-04 4.174889115842561442e-04 3.027401549290234051e-04 1.785685290140542035e-04 6.744403196219935317e-05 6.490895505841632685e-05 6.867429183672838096e-05 6.950175071833730484e-05 5.059392351058965114e-05 2.034252720060656457e-05 1.780887975365127220e-05 2.309681762498648429e-05 6.985396350802982744e-05 2.874963494670370345e-05 2.778754175895804465e-05 1.254820066416278053e-05 7.866282083254329992e-06 4.531809757667191857e-06 8.413697776893171672e-06 3.884325160534199136e-06 1.978168768224680238e-05 7.122523264212345757e-06
8.923717690375817559e-04 8.687030579487439686e-04 7.837374959215529088e-04 7.959156173996955082e-04 3.172697973565496163e-04 1.828070300368050743e-04 1.474880239558073710e-04 1.179589662245685195e-04 9.567093666412261729e-05 7.989492149954560598e-05 6.245140142594763353e-05 4.942081305941638150e-05 3.870027530923679862e-05 3.100450830902894540e-05 2.548718555820225879e-05 3.103895226386105028e-05 9.575888797527806555e-05 2.499447276255287219e-05 6.534455655998336369e-06 9.296721191549212532e-06 4.229880940207037554e-06 1.647766452997836899e-05 2.903087140855642250e-05 1.231135872667338033e-04 5.061860564316466362e-05
1.254372019107198371e-03 1.052331418781555757e-03 8.072052227528545400e-04 7.549964137735569415e-04 5.268514178002546263e-04 3.975942440875397600e-04 2.746043673812072314e-04 2.005841966569177088e-04 1.598276688952505759e-04 1.742337773547552020e-04 1.674085328540371735e-04 9.154071023485795347e-05 7.856980376900565724e-05 5.089579995757736601e-05 3.457129678393480797e-05 1.599038180259372953e-05 2.836652037031944513e-05 6.397892824267798352e-06 4.844828229761626179e-06 1.808233056572028832e-05 2.877048091828362443e-06 1.571591518456760925e-05 9.898459571879767550e-06 4.105313558259420518e-06 2.116955125034154371e-05
4.823757800198805569e-04 4.098294787028849040e-04 2.848028183238276610e-04 2.731979148928188731e-04 2.422914579857463069e-04 1.715197424057993754e-04 1.331713877546543022e-04 9.793319120056412873e-05 9.017799047109400481e-05 6.486045989883418360e-05 5.079377518991413096e-05 1.870824865042509293e-04 2.733862446665224761e-04 6.642471470898756239e-05 6.173156584529318350e-05 8.842760358444105850e-04 1.900983582558131058e-05 1.460957713318207038e-05 9.868260068585979529e-06 7.549248307451165825e-06 2.698968883964841301e-05 3.238487779234180454e-05 1.058803825443152449e-05 1.324309231360600025e-05 1.874676099473413860e-04
1.438518474857624317e-03 9.435603280737104226e-04 7.086725998291057991e-04 6.665389310261527053e-04 5.367301406799532748e-04 3.797655191859745471e-04 2.017316489398875547e-04 1.234668612257177754e-04 8.105570917016753857e-05 6.153111129256480852e-05 5.230955277305982535e-05 4.645768317179743234e-05 3.011169461286768910e-05 2.317295704506006462e-05 1.855147941983174077e-05 2.723381335839579012e-05 7.180597509454192959e-05 9.246143770673085030e-06 3.923127290319804351e-05 1.965768884630136187e-05 2.229972898340202293e-06 1.278428322231320997e-05 1.480950735116794580e-05 8.763471510895342863e-06 8.403562617645033927e-06
5.817806260166515520e-04 5.742808043904290864e-04 6.001097146613661474e-04 6.244949610574901692e-04 5.523187516505558090e-04 3.672326470271303840e-04 1.985535028217474225e-04 2.093678014011630853e-04 1.294604188427176945e-04 1.090733348866740191e-04 1.494879066819531906e-04 3.903521745704468897e-05 2.724864579172463507e-05 2.100517260538421554e-05 3.480467829784807923e-05 6.209097910178443258e-04 3.235540115617561768e-05 9.069027230687691442e-06 7.969263034057115042e-06 1.004712684836949938e-05 1.298720337977377774e-05 1.343907303221145098e-05 1.156622981832614735e-05 5.515976903411973922e-06 3.564166237049253369e-05
6.350362622901665382e-04 5.604666048306582377e-04 3.468984285578783646e-04 2.137473432726956404e-04 1.789044863564464292e-04 1.810603315306195309e-04 1.291994749455042382e-04 1.867331193308411231e-04 1.203844695642690508e-04 2.046845427402985390e-04 2.111781388796967406e-04 1.316850673748317714e-04 1.052602754596533157e-04 1.046005753161707424e-04 7.991121995070386451e-05 8.648709581218832966e-05 5.453553043234457825e-05 4.089867045532246580e-05 1.422516412746354210e-04 1.171431592533103000e-03 1.254300910451786088e-04 2.420878913688783004e-05 6.287861122689302298e-05 5.543446011544284866e-05 1.901161004272935637e-05
6.659163106288869911e-04 4.792697421750841342e-04 3.399771102483041801e-04 3.220177005376313392e-04 2.725357212005133367e-04 2.181960362561670506e-04 1.766148882759291166e-04 1.811649732047911304e-04 2.503719562457405149e-04 1.150123215677470017e-04 7.067905217385005753e-05 5.234535051773304460e-05 3.848434090708421836e-05 2.796178906501849341e-05 6.413199319730807438e-05 1.686261910537068394e-05 9.166709502842814510e-06 5.741591113012721229e-06 3.630863457257127587e-06 2.646215901330915597e-06 2.358647532487646405e-06 5.062445986144462068e-05 5.693185980432150641e-06 1.200215104430553994e-05 1.183303264480360502e-05
1.357693211643328825e-03 6.965514458800722364e-04 6.047739466214886251e-04 4.364015884903652692e-04 4.789626428565735153e-04 2.793420603459712990e-04 2.015785572743358084e-04 1.395185758278650603e-04 1.056238465239337703e-04 8.408961226139613770e-05 6.773269344854659913e-05 5.793575549839087129e-05 5.424431932790915132e-05 3.924176114034558113e-05 2.538488282376336207e-05 1.507002734867287135e-05 1.023856903310451318e-05 2.897619690552538126e-05 1.546706371574630020e-04 1.460274384684333987e-04 2.950772797187111189e-05 1.968422216316645761e-05 2.646354927718839019e-05 4.512536962713873893e-06 4.699848034013921847e-05
7.147512618199490910e-04 3.942588748748772202e-04 2.881950249113969889e-04 2.859635187305282849e-04 2.318768925218788867e-04 2.290751473089186420e-04 2.001501394059990190e-04 1.423004537244582221e-04 1.050740401774432042e-04 8.861404738179900749e-05 7.118341799069820546e-05 5.071269513116927874e-05 4.023536662281797764e-05 3.439109366939921246e-05 4.403229337459682038e-05 4.296038319990194026e-05 8.228293859663250004e-05 2.347286159572557339e-05 3.167249411924979335e-05 6.319181478209958715e-04 5.438361918037802172e-05 6.615334686960080336e-06 1.760062323635339877e-05 2.492673265367375743e-05 3.208585474574834364e-05
3.242639315875607640e-04 2.245331107960797624e-04 1.635660830432127133e-04 2.333222192384429381e-04 2.126228176923523438e-04 1.572482855656628822e-04 1.390763662250745934e-04 6.253919528779626133e-05 4.256599228537998600e-05 4.411915060969230889e-05 4.001013654904633982e-05 1.017093103019840842e-04 8.159293874272027737e-05 8.513475139615042078e-05 2.153044052547793842e-05 1.612823209305975253e-05 1.218595238394020620e-05 8.092786077772713474e-06 1.833471424418420720e-05 3.450463257384685788e-06 3.335525090301790044e-06 1.856834921118294266e-05 7.795577988551613330e-04 3.332067771054098552e-05 2.474390812770049970e-04
3.324443803474592257e-03 3.390884239165899150e-03 2.027376199407055109e-03 1.254795875114428578e-03 1.061239934991941788e-03 5.474962274416067445e-04 3.504338452418583136e-04 3.156281134516938209e-04 2.833807112666686238e-04 1.398132172215200118e-04 2.710247104855431459e-03 9.654294088101565870e-04 9.289729521476683221e-05 8.461387786140776401e-05 1.296329399401970951e-04 3.882024426336681431e-05 2.480345410124968841e-05 8.041049996402989072e-05 1.542995566862789640e-05 1.774246966503580613e-05 4.175050974175955305e-06 2.401949766895946362e-05 3.086542977909828616e-05 1.718481394983068932e-05 4.954404381121498978e-05
1.699282923878914870e-03 1.360333833361536057e-03 1.430720653339709065e-03 1.170627904311293205e-03 1.190233674039892870e-03 6.822222838684368013e-04 5.557685018264577710e-04 1.237059125853461538e-03 2.004778136225061208e-03 5.624956218625842656e-03 2.955750836336979099e-04 1.421969510588676786e-04 1.057432703729397559e-04 1.323142418102610989e-04 8.025360753257704033e-05 1.411299245957766335e-04 1.715866167003030952e-04 7.434687770858685034e-05 2.652543874846227217e-05 1.230328549150559439e-05 5.224318097290586515e-06 3.696497568156843652e-05 1.010331920355119292e-05 4.461270320130735677e-05 5.673782396065150095e-05
6.414634089070732348e-04 6.290652840294868285e-04 6.971625712131725508e-04 4.732056253548852596e-04 3.469736861184647640e-04 3.182918894870743337e-04 2.680141333346781635e-04 2.262444826150055062e-04 1.728640706899135348e-04 1.018566367275189582e-04 7.799510489357952764e-05 1.728653801455493359e-04 2.030206665632114642e-04 8.867094660388032622e-05 7.525149111177859256e-05 2.509722891381543797e-05 2.986042973070966418e-05 5.847398385565583112e-04 1.325193430785141820e-05 5.054428836031655570e-06 2.292991670779811783e-05 5.848786500481518964e-05 3.113679791676504041e-06 2.190894249600757712e-05 5.937210002599195506e-06
3.609320896093658865e-04 3.213359100517964120e-04 2.872642934659064892e-04 2.440987077742439370e-04 2.108724247077769186e-04 1.778657235823663931e-04 1.488340361116767779e-04 1.215367789838287188e-04 9.790906691677798686e-05 7.771639772811571355e-05 6.095629663350375448e-05 4.659613693084636046e-05 3.502079686933616933e-05 2.709246845264304764e-05 1.966629434300708499e-05 1.350354509501305804e-05 9.239227073151146086e-06 1.881890882990055282e-05 6.909633975461076103e-05 1.350353404787914219e-05 1.084190003321558082e-05 1.324443748726760049e-06 4.269142536015637557e-06 9.240432847280737963e-06 1.300763479544506488e-05
4.423142531299077349e-04 3.356971146334874708e-04 3.246613626856685131e-04 4.090888155930894813e-04 7.085520522664323813e-04 5.395081234105812999e-04 2.412662457496130323e-04 1.234546150882133550e-04 1.052855771363444312e-04 9.265381013354111162e-05 7.524682481221184793e-05 5.883652000191315562e-05 4.502123264798631961e-05 2.892667784487377468e-05 1.799079564433802761e-05 1.103503378470890047e-05 7.263192981223524402e-06 5.287090942887776211e-06 1.834321261216211575e-05 1.731573658067528791e-05 5.359026707731767285e-06 7.336324308111079101e-06 9.380705049691308298e-06 2.859895352616901302e-05 1.459445577260918933e-05
3.005945117062993298e-03 1.813403150934020814e-03 1.060125613375237624e-03 9.153050537252342689e-04 5.724467815473657795e-04 4.310866992285777746e-04 3.856027278350662225e-04 2.909823930433514273e-03 1.254788999245504653e-03 2.879848730495217007e-04 1.180429764639675643e-04 8.337264746903933496e-05 6.169348354070281946e-05 4.436970189519545661e-05 2.826362658449994996e-05 1.588043267395668122e-05 1.022465978411397965e-05 7.856526148691535974e-06 1.824361031554982217e-05 9.498602484154987659e-06 1.405520339490833775e-05 3.940779439379762230e-06 1.807299335037728481e-05 1.397245423601944879e-05 1.843568990933804432e-04
3.461071433295538364e-03 3.759082004585449603e-03 1.332098521687622231e-03 6.483285016971255654e-04 4.739186147117673128e-04 4.112981867914333321e-04 3.100900513227227719e-04 2.421615961781301257e-04 2.041912636216848629e-04 1.959721900928823124e-04 9.982949159565747410e-05 5.827334199646696269e-05 7.275978209665755030e-05 1.131189317784605923e-04 6.100884647953090835e-05 4.179120480393008150e-05 2.044170261147221720e-05 2.086452532283264698e-03 1.118941648675409346e-04 5.027771110334190052e-06 4.678965452345485712e-04 2.150528557541165085e-05 3.835357648852659203e-06 2.421900783614930709e-06 2.116892071438941096e-06
7.560841454599346451e-04 8.313389921164992397e-04 1.040245740310130661e-03 6.220667058080623897e-04 4.592472344997058161e-04 3.593642628827419254e-04 3.155883484318501597e-04 3.424929520728734605e-04 2.493224563049185557e-04 1.428769119016906391e-04 3.659708634934478273e-04 1.183291515428714572e-04 7.115512149925555421e-05 1.352026452766009080e-04 3.345240580265911251e-05 7.759323750637718261e-05 2.732297447714900540e-05 2.519745099772965002e-05 9.294515119739109950e-06 1.563561948950011507e-05 1.879363275719375971e-05 1.109168500179205050e-04 3.317191489029009820e-05 1.999986316357314488e-05 5.048245346577632430e-05
3.483468548834048177e-04 3.004501072767479892e-04 2.479434211711414545e-04 2.147899763894094887e-04 1.814061247194631685e-04 1.669165578630668297e-04 1.332272030293928892e-04 1.587195582369659128e-04 1.123662033556133692e-04 8.271554545148025761e-05 8.063551185658333941e-05 4.851346178050164218e-05 3.500744887777388465e-05 2.755649352133019550e-05 2.350381101211331545e-04 4.997832046285121147e-04 1.138487731255278631e-05 6.212367359690576522e-06 4.245089497688448788e-05 4.081886797593488993e-06 4.706658662358894157e-06 4.512076136172913524e-06 1.088433425843706766e-04 1.930471509368699329e-05 2.659338726925541228e-05
4.440637958882139155e-04 3.796310376679518854e-04 4.313379492256978341e-04 1.052182374530205057e-03 1.383351771882648622e-03 5.829098250982898098e-03 9.249678154945804561e-04 2.309045303416647460e-04 1.426898444596317401e-04 1.581796429789170079e-04 2.349686303514680755e-04 1.766975784224408775e-04 6.985697468128810260e-05 5.897770681189853481e-05 3.123572653182832580e-05 1.997826143568359178e-05 1.447180115969174867e-05 9.568397747532866022e-06 8.346366342562137146e-06 1.296388739154066556e-05 8.419900019635820007e-05 3.472226849119842313e-06 1.102804525949145876e-05 1.130819692730370194e-05 3.698803204287684282e-04
2.918421652719246744e-04 4.920861238970978538e-04 4.128622972907443822e-04 2.788162630078445969e-04 2.320299038958933795e-04 6.686213055518182161e-04 4.258540798709957551e-04 1.710320536964262642e-04 1.051416153879474298e-04 6.333824824960462515e-05 5.099406747503976996e-05 4.459449048263998389e-05 3.751680570849887916e-05 6.030315012360004255e-05 3.092590552956772453e-05 3.101192955073079987e-05 4.233955802088649290e-05 7.949345855613318201e-06 5.625793828822749832e-06 1.032121660686167037e-05 1.504290914317388509e-05 2.064337105186676852e-05 1.421046645573982537e-05 5.965245803157057504e-05 6.149036940701224521e-05
3.359061702613604767e-04 2.936216828819444456e-04 2.563585823212429708e-04 2.363779165791382347e-04 1.885320176377930173e-04 1.701993038096817862e-04 1.607240343200731520e-04 2.652421078680045736e-04 1.515645532950237037e-04 1.046312258990957024e-04 9.972347982426940855e-05 7.848922876311762071e-05 6.448589858895925370e-05 6.373255450701772811e-05 1.280481614385366130e-03 1.508795450437628932e-04 7.268948937573238296e-05 1.712905697479683018e-05 3.436983605983474210e-05 4.139152626812859403e-05 2.945877427579247712e-06 2.230965984787184738e-06 5.211829561054986619e-06 1.206997827173185352e-05 2.681675572519664702e-05
9.142694350631730936e-04 5.155205245079802316e-04 7.309956568566799593e-04 8.712426010413791468e-04 4.197582290559748186e-04 2.706605603841144244e-04 2.091173789462380062e-04 2.117065863325924319e-04 1.854799861234979132e-04 1.692986908876958126e-04 1.517279195144509288e-04 8.224600782775465095e-05 1.699238460335563122e-03 1.442856701321015215e-04 7.152004408731712322e-05 4.544862059145487435e-04 1.789859691808073333e-05 1.185934066144664398e-05 9.145613041257768565e-06 3.019380010830409800e-05 2.219203462884986386e-05 3.654405530542394639e-06 2.100894924112226914e-05 3.575309905365271236e-05 2.901774944740611537e-05
4.018475776518381365e-04 3.664916698211722538e-04 1.489892226036246942e-04 1.010107367432739966e-04 6.416514326491430198e-05 5.590335436963596072e-05 5.360732435370372997e-05 1.477811949126653943e-04 1.011053138019666318e-04 6.611730057235741282e-05 4.066910652602506807e-05 2.673373504614274011e-05 6.447797205194194926e-05 7.018150977466843920e-05 1.879607829375004455e-05 3.223733865743685429e-05 1.000252008644561362e-04 2.269042307722672638e-05 1.524576486183474008e-05 2.895490219919837638e-05 3.946469618057457571e-06 3.158053000020081102e-06 7.253720046435494982e-06 3.432534237921100895e-05 4.577262568300683224e-04
1.994660913251028120e-04 1.756386937665239533e-04 1.542537963422158315e-04 1.228767548766483122e-04 1.099401760999182384e-04 8.983186315010271712e-05 7.646211178265018070e-05 6.355883331519097056e-05 5.176856647693087068e-05 4.193276657920015329e-05 3.318224117907521409e-05 3.232162824076982908e-05 2.357747503925409610e-05 4.722465021700775255e-05 7.633085849832299107e-05 1.485718374713859348e-05 2.768242525979099124e-05 5.251677668030382834e-05 1.135833867905145849e-05 6.043465586610874365e-06 2.426632118697800590e-05 3.107950464319071150e-05 7.790724925424058047e-06 1.358172329031840849e-05 1.411903545120436580e-04
1.682120863305934825e-03 1.410629245121695560e-03 1.150486169449779989e-03 1.017016447566766344e-03 1.561238914994417422e-03 4.999500106833882490e-03 5.087049115278252827e-03 4.955846027109382093e-04 1.778572090711517473e-03 5.216896280860444657e-03 7.948592974259035410e-03 1.348862933177734889e-03 4.016497709788189978e-04 1.519258285409572171e-04 3.279217349439816968e-05 1.761480351782982235e-05 3.838137241998364988e-05 6.136741248127116523e-06 3.909933304445907088e-06 3.032508292791956098e-06 3.921570153775888435e-06 8.554864071023146697e-06 1.292751033254885035e-05 5.933789462490464203e-06 1.653691902467618343e-05
2.312209529237381803e-04 1.398295701567742297e-04 1.098790773516218757e-04 1.036168287152657003e-04 9.278294982985403117e-05 8.581298648009948226e-05 1.133728501478116030e-04 9.582062202240926177e-05 9.596316902697021162e-05 9.726747461848623850e-05 9.135505828499443403e-05 7.139225372234037558e-05 5.024296826295160612e-05 3.849849768741362961e-05 2.757102224462439010e-05 3.847687736840494705e-05 2.182690731995246753e-05 7.676785038771999448e-06 4.825051988462522006e-06 3.285463302195065970e-06 1.040202231687686519e-05 1.877324601183356791e-06 9.928581473259191374e-06 2.862471200475879886e-06 3.835691180261088242e-05
1.985077156440627564e-04 1.852750702721993456e-04 1.721722522784914229e-04 1.614442479084240490e-04 1.372282542657815877e-04 1.236446847837444768e-04 1.027846097142573104e-04 8.858228280395557359e-05 7.444510281266067072e-05 6.177288572991407269e-05 5.131817648354673576e-05 4.395172188581105625e-05 3.681930794775044422e-05 3.049280082369353767e-05 2.776978892873415070e-05 2.342999035745929154e-05 1.919554813771822706e-05 3.807336955169846651e-05 1.871362311076868803e-03 5.200732567329303989e-05 1.574058572602629000e-05 4.395660527893114684e-05 8.420524673695727586e-06 5.872393341102268402e-06 1.673801768539155387e-05
1.057259062746582082e-03 1.070877870383646260e-03 9.467320381822214243e-04 8.831901356433132649e-04 7.085468771504525344e-04 6.171312871766913193e-04 3.378392665859380464e-04 3.011379135002866317e-04 3.057693395597597648e-04 2.161018466489688251e-04 1.119681604661108403e-04 7.726377354427656154e-05 3.324956289008638207e-05 3.055674846331477370e-05 2.377900551226742119e-05 1.778423603141829522e-05 1.349452834161249326e-05 1.023688870511101911e-05 8.452537609540247267e-06 9.469796942176899945e-06 2.542447828679290464e-05 1.948750404594891528e-05 4.640745529668851877e-05 8.362779786696814986e-05 6.469444884770691421e-05
3.021520503413128544e-04 2.465534928324919343e-04 2.186906665049672739e-04 1.974602333094334285e-04 1.658927245835756790e-04 1.440253586178372939e-04 1.230049145100899056e-04 1.086853569397566081e-04 9.380701895759469499e-05 7.439333744272816947e-05 5.757115224829102262e-05 5.877405996200449486e-05 3.396440286790096364e-04 1.178830156637623703e-04 4.035227807488716851e-05 1.577661726086581611e-05 2.813111675030753722e-05 3.534310404164361734e-05 8.648513741961592514e-06 3.733852988276084546e-06 1.560144840370251024e-05 1.997217129404412811e-06 1.757363593062815315e-05 3.998496392357408645e-05 3.837028584021952250e-05
1.536093040495634934e-04 1.441714434019763624e-04 1.374128581355984742e-04 1.206311134832462691e-04 1.200060597414904845e-04 1.080973910877111984e-04 1.007818394393110542e-04 8.645803587477078297e-05 6.950350350151085856e-05 5.502342092568104784e-05 4.160339450500123872e-05 3.358327024588831007e-05 2.078608268291264792e-05 1.476709983376127442e-05 1.126574939658136489e-05 8.107699723781773560e-05 1.184071953601226982e-05 6.695705326980985444e-06 1.079282494096583829e-05 4.174958501839732336e-06 7.255630202887522511e-06 5.193060412581210563e-06 6.394649694604146883e-06 2.683719502939556435e-05 1.559757646353708858e-05
3.898372704045241586e-04 3.457549814284969938e-04 2.536653127343987935e-04 1.959787498900901275e-04 1.609433640325244282e-04 1.297384121998189116e-04 1.149561563762639498e-04 9.939459088433517172e-05 8.851551975712416932e-05 7.751330991653640511e-05 6.488946909795455383e-05 5.991227777086980739e-05 1.821261560777533801e-04 6.535418611809834814e-05 6.381896664266854271e-05 6.578607041274885678e-05 1.627167492052537226e-05 2.774748629897941482e-05 8.416014979880956400e-06 7.084283695312178991e-06 1.112352320609878725e-04 5.258175282511498105e-05 1.534243624672655123e-05 6.279747125548051433e-06 1.206788111005053016e-05
1.834691987421618756e-04 1.768852417848474040e-04 1.395777261829941581e-04 1.264793732250478790e-04 1.057033002048980778e-04 9.113715730489917351e-05 7.690683033134149691e-05 6.469023436052503799e-05 5.394700264095599333e-05 4.562903899516776484e-05 3.742904641451025294e-05 3.085213485520729829e-05 2.559048204863598381e-05 2.080362320714561531e-05 2.328081382531754122e-05 1.188953413650027722e-04 1.311771101275229266e-05 5.711314616312014257e-06 5.885381109166161172e-06 5.291040125551991981e-05 5.252329501021963418e-06 8.724714108686630758e-06 1.938385172109673341e-06 6.564018106679311526e-06 9.021069502076600180e-06
1.953084253344059169e-03 1.836425629037025846e-03 9.160355193266845686e-04 9.641100046640470453e-04 7.089005363705205278e-04 5.420799104190611017e-04 3.586862802607652121e-04 3.002129859517417500e-04 1.328333011176217296e-04 9.352883407276209977e-05 8.530326174204503654e-05 6.855860405491518100e-05 6.720206358358819451e-05 5.450828757617959914e-05 2.987451132318747773e-05 3.985261480724133521e-05 1.684121141682411109e-05 1.403579138962508357e-05 1.166800624273918735e-05 1.340359451503241552e-05 3.389472349413042102e-05 1.663706118148785458e-05 2.890515254779065164e-05 7.698207547803898260e-05 2.103268303978262987e-05
1.049716457055966225e-03 6.164520071746629627e-04 4.432960108190412253e-04 2.968447788535453981e-04 2.683678800522396198e-04 1.534821318405436147e-04 1.147825041703234367e-04 8.359986128308965851e-05 7.081962433044324760e-05 5.638688819234092907e-05 4.616863554338682753e-05 3.610942401285191831e-05 8.342721240803893797e-05 8.601059387330346707e-04 4.459280865658105130e-05 4.603245284155726432e-05 8.681945069858485419e-05 1.356886913187094273e-05 3.350381969570871005e-05 2.355185625051962685e-05 2.064020224253846695e-05 1.030407021106737075e-04 2.987918697021867861e-05 1.126931051616204192e-05 1.733087348696661379e-05
3.334092497461350196e-04 2.881325873261463477e-04 2.380160051865935517e-04 2.836749603356586869e-04 3.076600029590994558e-04 2.404936393002525638e-04 1.002835382098943919e-04 8.360718144977323063e-05 7.509050605540068307e-05 6.603003106073731859e-05 5.010785979748622558e-05 4.073600236327766196e-05 3.143703426744039084e-05 2.553531870230492550e-05 1.921637327263577274e-05 1.432764696864344176e-05 4.124832146270095661e-05 1.972440961249025772e-05 5.697991308357975325e-06 3.325024472515027558e-06 1.325729639981379311e-05 2.036184195937328813e-06 3.423766524178968588e-06 3.494405088388003881e-05 1.087541326440153081e-05
3.248591412922723575e-04 2.657502558330258067e-04 2.034618494533893247e-04 1.695651453190227863e-04 1.318034930471699573e-04 1.145210872137513407e-04 9.679508115326505423e-05 8.860550918338012103e-05 8.588423336519448461e-05 3.667164840684067274e-04 1.295344168074254306e-04 7.062155168319167009e-05 4.489485509845532826e-05 3.050847819511739453e-05 2.101375528057416707e-05 2.681701716059450326e-05 2.282380501636136998e-05 1.872887038662256190e-05 4.877981367398073713e-06 2.735242342530712886e-06 1.972610768719386419e-06 7.345530646094979299e-06 2.001820845666415198e-05 1.609392735221294566e-06 1.780960327694723202e-05
4.269581921670809275e-04 5.270820944780386800e-04 2.856829268867964208e-04 2.525321924817200436e-04 1.839025931847712700e-04 1.659124177973867137e-04 2.135914671508692118e-04 1.877603919574013819e-04 1.149205679002072517e-04 9.573736754184921825e-05 7.150835075531846048e-05 8.991303960666839992e-05 4.233764243266393570e-05 4.466030475272202301e-05 4.728309079277617116e-05 4.108009685325670376e-05 4.632892438630224562e-05 1.498566107196850792e-05 5.498925901418379034e-06 1.050300676837533391e-05 5.757870811298541486e-06 2.554340589868956285e-06 1.753200625784440011e-06 5.707920909979069664e-06 4.420874220538031994e-05
1.417459352363161255e-03 6.924192436689996901e-04 4.506624937985736481e-04 7.708781446407649831e-04 1.681045446290850781e-03 3.941946111323503359e-03 1.324078232010486578e-02 3.098785051754751260e-03 6.069448560453152494e-04 5.345267498289690009e-04 5.053085959731498395e-04 9.990092500362271857e-05 6.803826871468785875e-05 4.693779762359132909e-05 2.596619532868177564e-05 1.568621148595873531e-05 1.037095001046370737e-05 9.169486743269780759e-06 4.981177752990226862e-06 4.130213026553542273e-06 2.231644160995553444e-05 6.967587762838742478e-06 2.829853082539036599e-04 1.049412006816653064e-04 1.711674564583318082e-04
3.157215693269999133e-04 2.628937291243576158e-04 2.293111546023168161e-04 2.246121599040060081e-04 1.827370299425995427e-04 1.602470697047170408e-04 1.403617766256090712e-04 1.313439384044222760e-04 1.435796952697600477e-04 8.251727373824941693e-05 6.187370541236089779e-05 5.098848097090815485e-05 3.899184310981822742e-05 4.160677213017416418e-05 2.236090174116499348e-05 1.947617369712102212e-05 1.730758822540680457e-05 3.611610951988365866e-05 2.945759228075150519e-05 8.285371108615443767e-05 4.363804190062019539e-06 1.236651410497689540e-05 2.371242371002820958e-06 1.431897266551354579e-05 9.620469379588651089e-06
1.626036894205459761e-04 1.144188019415541389e-04 1.123336959965541147e-04 1.396544766544442285e-04 2.780978769999918241e-04 2.966176386882200377e-04 1.429174844060363068e-04 9.367328918325695342e-05 5.461951140536428433e-05 5.706397645872286496e-05 5.252566900907889837e-05 5.420935519158826812e-05 6.407411079667376655e-05 1.752232834034619252e-04 1.433314065104419942e-04 1.992698193809708213e-05 1.369261237140624047e-05 1.168981287719144924e-05 6.082819982149986960e-06 4.099220818351120983e-06 8.402838268657526847e-06 6.100791778865560657e-06 2.084316149416825468e-06 6.156616130773542503e-05 2.047156873281826377e-05
1.441483249422169247e-03 1.619789068311923343e-03 6.498059252550172872e-04 3.853262786473901722e-04 4.598935417203894763e-04 2.929123825107543978e-04 5.352293800007242681e-04 6.908127840076414266e-04 3.361560167930185798e-04 1.345129691542728005e-04 6.601605103616789926e-05 5.577457415216228120e-05 4.034515069135068810e-05 9.939613099996156512e-05 8.266285151482069299e-05 1.483549238745566572e-05 1.092993664592157609e-05 6.620452547367968366e-06 2.679824334612417909e-05 1.278082649914667919e-05 3.779900604217235237e-06 8.899801399277173489e-05 4.082109448254525591e-05 1.551723311131897545e-05 5.384926594897392201e-05
6.037632992400821484e-04 6.947643740832340660e-04 3.739756387718980299e-04 3.022892410206988066e-04 2.146720320939230397e-04 1.671029044082266953e-04 1.220357906223530338e-04 9.931730936328608502e-05 8.070621750056094698e-05 9.064885512318568439e-05 1.474377739049078685e-04 4.588264499137347413e-05 5.163223661807200853e-05 1.773429972305551154e-04 2.028021175403109744e-05 2.507757640946116424e-05 2.693204748458126842e-05 6.711691557360971791e-06 7.002089086252788362e-06 2.477879354685043540e-05 2.707686269033758908e-06 1.858730224429007828e-06 1.438721278700926991e-05 3.247515962336642149e-05 3.077406745059794356e-05
4.898109817384047916e-04 4.759748270818688065e-04 2.264052972662714924e-04 1.979343082133903356e-04 1.575591202075957359e-04 1.350859015184902154e-04 1.209652601650265170e-04 9.874599550418930016e-05 8.729194836221688372e-05 7.428593742231670322e-05 6.629066526940312809e-05 1.093824703297242000e-04 5.144392892215919329e-05 6.317106616155114085e-05 2.390119280312553643e-05 2.159708621406604108e-05 1.545161462643039344e-05 2.007011905618865711e-05 1.238079279067407315e-04 2.303472492047237466e-05 3.532347145704397250e-04 1.171243717117932887e-05 9.171491313073176365e-06 9.160155692583796898e-06 1.753368160182880057e-05
5.120289374258687933e-04 2.896664592133153782e-04 3.435543824748013260e-04 4.800255696017013897e-04 3.425518168506382034e-04 1.336277728664003945e-04 8.318590636133271765e-05 6.574203508135814222e-05 5.578690182330730592e-05 5.162959115236708500e-05 4.881616989633785129e-05 4.011862097991343682e-05 3.609421415385433515e-05 8.927781322387740449e-05 3.043540918231295037e-05 2.559071011624895601e-05 1.664275071282552939e-05 2.019318746065152577e-05 1.134895959474812307e-05 1.739669730099222686e-05 6.659517043740619807e-06 1.995846948653786683e-05 5.548744051790263849e-05 9.892755554079914055e-06 2.608030617614093648e-05
1.128276233673486699e-03 8.643110201869066023e-04 4.946475514552839663e-04 3.656429682911390084e-04 2.644182312258855404e-04 2.344194084858616247e-04 2.490868814794128792e-04 1.779992358981162277e-04 1.439063056708161741e-04 1.120877817852126296e-04 8.412672543114935566e-05 8.736858954984387429e-05 1.788300831266279706e-04 6.803941601643483279e-05 4.870879174791633556e-05 3.993367394882961046e-05 9.408415967818802608e-06 6.039197049693100289e-06 4.760983675560685833e-06 1.980922739470454005e-05 3.268778230454433980e-06 8.722119176841723739e-06 8.670912238505575661e-05 2.129438916408629812e-05 1.257414046568466410e-06
5.390699836103950496e-04 3.539349941198999283e-04 2.558485736223056685e-04 2.549090616921140858e-04 2.262966759952849934e-04 3.429891190010258628e-04 6.110719421687800914e-04 3.701518882851844903e-04 2.167454336850064580e-04 1.537736331937072714e-04 2.268338846225045771e-04 2.035113419222641805e-04 7.888440418963469584e-05 5.013564818743788075e-05 1.225936756761018169e-04 8.653597351899450078e-05 1.358132956007852593e-04 5.474616722799438540e-05 9.437587700469522142e-06 4.022277399272759812e-05 5.822487951581512437e-06 5.508510781156881412e-06 1.920515311106230457e-05 7.674264753204025386e-05 1.167535250030202903e-04
1.759323083068421419e-04 1.079255024508413846e-04 1.082772972809423830e-04 1.581505001410969083e-04 1.203353006673533521e-04 1.545980840793893785e-04 2.234709928622676889e-04 2.147883727295772280e-04 1.697201883994132251e-04 7.528747206215057205e-05 5.910607505854574984e-05 5.215301773353663104e-05 4.270275068779052656e-05 3.562623771818544194e-05 2.684742366776462363e-05 2.185253850718869398e-05 1.448349708048904962e-05 1.067953767702569408e-05 9.077143484048874294e-06 9.462483400526201812e-06 1.724968085507611512e-05 5.268137381530579638e-05 1.008143967115038240e-05 2.556596079849018642e-05 1.557460196803221803e-05
8.466110565156079919e-04 6.975726769616204768e-04 6.615023197857137615e-04 6.955289377433422323e-04 5.769418757251395169e-04 3.723524478524817727e-04 2.819346339642938367e-04 1.868315204165516908e-04 8.777584527438993039e-05 9.123877626829417491e-05 9.044548621178490988e-05 7.423661821702878339e-05 1.701726661912509643e-04 1.206921781910853434e-04 3.352990302243556546e-05 1.704988984772806731e-05 1.263626762359877734e-05 1.019748844494345346e-05 1.061212931065160642e-04 1.075113988695669813e-04 1.442295762290033803e-05 5.831155477239911248e-05 1.076730111366600592e-04 1.836025675015909352e-04 1.144803261091857318e-05
1.181602238088840656e-03 7.416215841563275103e-04 6.978722683795131549e-04 4.949172872567667589e-04 5.740976284574683328e-04 3.857468250123910480e-04 2.092830533959517990e-04 2.641535452142071590e-04 1.485518701798039403e-04 1.222469884622302610e-04 9.956621295354545155e-05 5.841549563126252170e-05 3.433018199621300665e-05 2.447440198882678785e-05 2.582028905019083295e-05 1.934044853591928054e-05 1.684095057817768323e-05 6.836983099118226033e-06 6.358487221981406572e-06 4.190963495495393586e-06 2.014423407499660109e-06 3.570198907314507661e-06 2.036194476619315718e-06 1.623590941792356875e-05 1.184448468544128545e-04
2.871832787124688397e-04 2.647029907760326830e-04 2.397955931828039326e-04 2.098485222929636804e-04 1.820145899754528867e-04 1.541541794499741555e-04 1.341154683145839431e-04 1.091384275963686973e-04 8.683510115580415597e-05 6.795928115768790187e-05 7.007927985095708243e-05 1.000868486733853824e-04 3.429304029530728438e-05 4.654216868061551216e-05 2.020184572825600399e-05 1.637533047942646655e-05 1.327693430319361648e-04 1.034051917979117000e-05 7.461728029260687086e-06 7.369873560086518489e-05 3.478591808250356136e-05 8.198882260099823842e-04 2.167975549122272980e-05 5.774201637675813485e-04 1.910301414649065671e-05
2.748085023365719995e-04 2.831173425870201605e-04 2.382624833309821065e-04 2.038925320882276776e-04 1.680435094511520714e-04 1.487491162463227298e-04 1.334323580925452597e-04 1.135463857134393377e-04 9.874432309985317570e-05 9.941037004466123930e-05 1.796756780057381041e-04 3.556104425070526123e-03 3.379123872297367195e-04 5.547078121726544742e-05 4.207458529562927520e-05 7.822546663187696862e-05 3.848092558906393611e-04 2.804435136744929405e-05 3.415470769431052089e-05 2.027573386346119528e-05 2.089713036526849688e-05 8.498632315488517793e-05 2.646642246787670182e-05 3.486316922468554903e-05 3.251237617274820046e-05
4.012417189769559769e-04 3.140794247004643439e-04 2.417185170583234087e-04 1.926962533443893984e-04 1.617490253104347775e-04 2.462691018313492575e-04 2.432645546964220216e-04 1.262641492576962456e-04 7.462253134368684111e-05 5.499558516253529359e-05 4.253695017646954934e-05 3.289641513002985736e-05 2.401598559854460467e-05 2.091860560465595367e-05 1.111252607516988422e-04 1.788726141706583050e-05 6.301418162131494193e-06 4.935527564333798792e-06 3.950532011830639354e-06 3.341131286639433498e-06 2.986100897841793475e-06 2.610946563072363179e-06 4.260940518448277914e-05 6.548054265280346014e-05 2.507854839761470601e-05
2.221755813608559331e-04 1.543974812863830269e-04 1.204094801723005402e-04 1.231164468843876135e-04 1.005840003464463937e-04 9.177320256940977704e-05 7.731777160506633165e-05 7.999410028331273455e-05 6.784038017521918751e-05 6.483741094669459072e-05 5.912502612270558887e-05 5.158576118709955254e-05 1.994403855713736042e-04 1.003939259702346106e-04 1.570989611724578339e-04 6.855040583492234851e-05 2.015737751234120866e-05 9.978173094400855255e-05 1.126928014480165889e-05 2.219756632111089778e-05 1.884196156972857032e-05 9.486377916365765542e-05 1.626513019767134697e-05 1.147991683012489950e-05 2.287401226667622005e-04
4.111497196348462102e-04 1.524661875442538900e-04 1.209704356657453033e-04 1.006583242269530360e-04 1.059934228010861337e-04 1.229313563398728710e-04 1.233624146428645744e-04 5.458692021195226578e-04 2.701889663323850236e-04 1.780227974865293528e-04 6.170596328929680565e-05 4.123622704888572443e-05 8.422324814938180382e-05 3.984619732327085944e-05 2.695531259080799342e-05 2.504049261912783656e-05 1.404474265870355582e-04 3.204020613586494029e-05 2.035794158430148995e-05 4.214085992332357971e-06 2.831988075844583535e-06 2.267762417601464601e-05 1.943833776562072901e-05 6.711804919309650262e-06 5.880459835735348218e-06
2.943574956072307386e-04 2.251158011958480983e-04 2.448637279123774043e-04 2.337649059282946140e-04 1.776701870294626075e-04 1.588788758237260896e-04 1.196651567829102225e-04 1.026478188275882481e-04 8.706169124326581838e-05 7.276549777386647671e-05 8.070453644182934427e-05 1.007035225549752307e-04 4.095436603021127567e-05 4.636143737218561384e-05 6.464929432934308096e-05 4.583297850156458264e-05 1.612747920140914445e-05 1.174586277403354877e-05 8.286728988121749463e-06 4.950951205864275610e-06 3.860112112697742965e-06 3.396419218886380424e-06 7.270589339225549497e-05 1.530728761951904659e-05 3.042733718483922253e-04
2.293661922855403268e-04 1.839630259485916237e-04 1.643702214936621430e-04 1.453656374554389134e-04 1.243361784579930494e-04 1.138957585992748478e-04 9.837842730459197757e-05 8.546040484368824808e-05 7.587335783366990481e-05 6.609429888028633211e-05 5.606498818996687758e-05 8.190618960341331726e-05 2.525318426559963704e-04 7.526712522863054846e-05 2.456302746166838492e-05 1.210359687764063647e-05 8.354262049208494275e-06 1.656439982518289968e-05 1.741920945626560202e-05 3.171941442979661634e-06 1.343127498558207410e-05 2.098934855893194642e-05 3.119845823932634166e-06 8.776137354881744681e-06 2.133429451396545061e-05
3.926609464609444192e-04 3.708610315108998995e-04 3.376582372255984977e-04 2.906364156616553099e-04 2.539907358600138184e-04 2.147575512433532276e-04 1.784746148242436533e-04 1.434591223065561554e-04 1.146084098939586572e-04 9.348422246430220309e-05 7.507104037592553052e-05 5.561669365112251374e-05 4.103879486525107529e-05 2.895566667051521968e-05 2.413240550572635397e-05 1.859764631092233089e-05 5.719287450246346265e-05 3.465514087936595909e-05 1.316718670275138784e-05 1.383468523082982449e-05 1.182146229993065962e-05 6.193911602374106132e-06 8.673371273278651097e-05 5.802025634276717996e-05 6.104149156888443437e-05
8.718555417039594059e-04 1.322808018993978235e-03 6.422672452075770845e-04 4.818692489492808987e-04 2.832464105680567844e-04 2.595664124117077315e-04 2.233026119528011609e-04 1.698256474655543099e-04 2.397339761503363743e-04 2.459159185906865681e-04 1.695603257679818626e-03 6.477425017787027690e-04 2.339452464678300290e-04 5.006565333756327220e-05 3.073277113105055803e-05 2.353324084109158001e-05 3.204556412922677367e-05 1.261037902732077291e-05 1.437391657475668494e-05 1.908013055592711955e-05 1.294817578742020914e-04 5.723443624154797278e-05 3.188568934195347757e-05 2.486462418874187973e-05 2.987086242036741685e-05
4.835509076372367077e-04 3.888829019351144390e-04 2.642008936609633978e-04 2.065333790136488715e-04 1.646163226937664265e-04 1.273375013090863826e-04 1.104114074957741545e-04 8.831769426597313628e-05 7.012028766144612227e-05 5.704697288700850581e-05 4.401083942341700708e-05 3.623797028777359482e-05 5.973510802151377484e-05 1.079940592997360570e-03 9.063029877069677255e-05 2.717840926079130562e-05 2.385077532368094243e-05 6.278527598776331795e-04 1.987549000347414529e-05 3.435356770268272294e-05 1.330080567117580732e-05 3.201025016238443020e-04 2.884219037186834056e-05 8.405000774638137309e-06 3.669279228675965027e-05
4.114734481594915956e-04 4.326153832985403318e-04 2.871314644901793237e-04 1.236278262777371908e-04 7.876804592251836711e-05 8.171929323385205743e-05 5.712886865677468376e-05 5.317170736787694301e-05 4.569901379045365996e-05 4.267069902159552022e-05 3.643628024299506437e-05 1.009636162399850818e-04 5.403499953268843341e-05 3.273391963740344697e-05 1.410643978070356475e-04 9.683329438388697699e-05 1.550205987221288511e-05 1.208050404363379934e-05 3.863380663077617850e-05 1.178452548070755255e-05 5.353892976358534259e-06 2.534399663826092746e-05 1.925253128623967739e-05 1.748636310508550404e-05 6.201965637637860032e-05
5.929890757641859784e-04 4.312863640193311887e-04 4.059382221248463503e-04 5.499326256882536420e-04 3.217137784755209721e-04 2.519922487420698382e-04 1.709010031314196255e-04 1.318867272437999070e-04 1.042634626364690657e-04 7.575699174348208046e-05 5.930862111232209223e-05 1.317442241636901509e-04 1.274458949081046352e-04 5.762611232877732238e-05 7.188761807253385232e-05 1.923667442764488564e-05 6.908556581973762797e-05 6.046720783961997088e-06 3.949248962406957585e-06 2.936551440834557849e-06 2.656338519227040355e-06 2.361584069726443081e-06 2.411466153220935046e-06 1.415765670743830881e-05 2.091773069210909320e-05
5.962131311942240556e-04 7.042393977266102768e-04 5.120753958392187900e-04 3.658317087914732691e-04 4.283894443679465676e-04 4.094728527679222753e-04 4.485124294102091911e-04 6.170133526335701540e-04 3.570903480199584578e-04 1.700203651641973574e-04 9.189443751431027420e-05 8.006489154114582467e-05 6.116506182795530030e-05 5.116530159873682509e-05 3.608512060639967493e-05 2.796427238429447339e-05 3.862300226080630117e-05 1.883428989020157838e-05 4.473176778418209352e-05 1.291079642050111681e-05 9.872175958599922451e-06 1.554672303701655036e-05 2.121993319299814111e-05 1.543802892521984693e-04 2.118505244466610725e-05
2.393681917705419132e-04 2.208145834477588329e-04 1.446174125478015993e-04 1.327108885723747187e-04 9.828067383378193188e-05 8.646668442705778923e-05 6.643913956997937211e-05 5.471804128736597561e-05 4.534594835964415204e-05 3.944606289313488148e-05 3.661456689083865244e-05 3.515327498054576669e-05 3.264797315838150962e-05 5.639033994888554326e-05 9.159232539203695047e-05 2.573188407400710121e-05 1.679241561030158356e-05 7.802394575639318817e-06 7.343849352170009867e-06 5.808276419320784984e-05 2.102254452392992331e-05 1.547780720898095326e-05 6.402387341659913656e-06 7.026842604866266701e-06 2.010490123114897648e-05
2.187344274272756716e-04 2.537009370514338295e-04 4.633544674799805300e-04 2.781246421462265825e-04 2.370211151441640530e-04 2.210129155161710162e-04 1.856914467652413738e-04 1.339757362406899588e-04 9.745878348476986065e-05 8.166184492345382343e-05 1.077709297284699995e-04 6.008131652900551030e-05 4.598692666214600693e-05 3.677889273429613419e-05 3.961071925714464267e-05 3.971065918590955629e-05 2.734067906092555849e-05 1.478526921734142983e-05 8.934218720022153387e-06 1.047988074976299687e-05 8.710140895266279518e-05 5.225118922766019822e-05 8.830113270417627502e-06 6.551427056242472885e-05 2.474101557134739595e-05
3.399530922331852711e-04 2.575673531386879381e-04 2.875988964309662615e-04 3.200274740200964130e-04 2.613473319698866827e-04 1.311817870160792224e-04 1.068687156406614706e-04 1.506557301214418753e-04 3.862026508591922115e-04 9.447961035241372592e-05 8.130228185275303920e-05 4.959324506982969557e-05 4.071972667514426014e-05 2.606216060154546531e-05 1.815185537058185266e-05 1.390645073638038448e-05 1.090691393505208233e-05 3.026660478687671831e-05 2.489025198439351609e-05 1.098876938214428342e-05 1.427610079301039755e-05 5.055087005869237868e-05 5.922738647696189769e-05 1.998456783539321848e-05 2.753926481294876965e-04
8.441656835168918687e-04 8.821658844127645621e-04 5.891399667588487817e-04 4.747324643466037104e-04 4.039396700876067363e-04 3.616162945218616941e-04 3.572256611558683576e-04 2.955339026908539819e-04 3.539724937006025131e-04 1.306350031099988429e-03 1.926563270965014213e-04 8.393529454302786847e-05 1.543592589689789013e-04 7.319577412272180983e-05 2.126889331074218156e-05 1.578795465159701851e-04 7.476141588127270901e-05 8.174972117442754166e-05 2.420815047805492911e-05 4.003430003987782043e-06 4.100256833419202485e-06 2.648191571914163098e-04 1.385822241973504480e-03 2.158958097429246073e-05 2.081540737408504481e-04
1.081112753403030432e-04 9.117587372675862089e-05 9.738635157444046450e-05 7.711854287673698856e-05 7.406147010204128689e-05 6.064042350909507788e-05 5.315920717162031007e-05 4.381187233052211193e-05 3.405237048236833369e-05 2.626560694615752455e-05 2.068756530993271899e-05 1.977579625044227930e-05 1.947837130006283482e-05 2.188641915835516731e-05 2.775682258523315431e-05 3.616694304967803367e-05 1.007524362311213893e-04 3.305738607798053654e-04 4.442883474466516352e-05 2.620096371404497727e-05 3.802932568616583259e-05 4.944235005357975623e-05 3.030298487303604622e-05 6.558158741144416042e-05 3.334086860513425159e-04
2.717635758581838441e-04 1.491586354459640607e-04 3.161365685445455460e-04 1.689961915566029970e-04 3.154127707886626546e-04 2.446788191499457005e-04 1.884069847897738826e-04 1.575388824822012009e-04 1.242173009799278909e-04 7.518896755793135715e-05 6.426782506359134063e-05 6.036647506971688012e-05 4.470203730767218994e-05 3.433428232068770213e-05 5.930146594471020387e-05 5.472007786159372334e-05 3.402610586432113675e-05 2.261379004611762652e-05 3.552460507306984169e-05 7.130319031217002650e-05 9.674329931743017415e-06 1.424944416664672216e-05 2.660129503951483092e-05 6.911461364415106634e-05 1.884605396025964327e-05
1.795462723005429725e-04 1.503652815328438189e-04 1.302151517435935334e-04 1.340022194789904379e-04 1.876622733802641796e-04 2.538776793596497620e-04 2.263218731461992539e-04 2.392955865916564250e-04 2.416943657208025804e-04 9.261616931844225123e-05 9.151956947715154066e-05 8.830766298040371555e-04 4.662137547177964405e-04 4.760751093188320067e-05 1.123974754431931989e-04 5.901617762337952483e-05 3.138704109505403904e-05 1.773125125767858315e-05 7.895019653719842311e-06 2.975277549303092508e-05 3.815875070048333303e-05 4.489395018382540500e-06 3.620315412176067183e-04 2.121721415637517632e-05 1.112012442985372049e-04
2.650459233926476038e-04 2.659094140592448358e-04 3.082568956903547551e-04 2.753090838634038003e-04 3.346942299919367547e-04 4.900054471753564856e-04 8.037160759895046200e-04 2.166159115056566671e-03 2.312334659085463814e-03 3.547831076814974074e-04 1.144989288111152866e-04 6.650251562158738649e-05 5.273120385260307227e-05 6.752240448679488322e-05 1.376204277040867202e-04 2.776949640559176372e-05 6.441796235237188086e-05 1.294058182657976882e-05 4.090561751532816709e-05 4.507848874575415082e-04 3.542971358770832796e-05 5.644608533667888270e-04 2.039755975616683445e-04 1.737049788395885486e-05 2.734928496349180407e-05
1.593359784465170912e-03 9.466895536025077100e-04 6.740079443822042868e-04 4.343469901352153589e-04 3.288951941676570515e-04 3.642563671693366863e-04 2.129983345486681154e-04 9.683224240824520740e-05 5.674455902044770735e-05 3.781022547943696641e-05 2.423076031925093849e-05 2.087359692853595354e-05 1.978573786570591108e-05 2.104206145938083421e-05 2.401809261739080349e-05 1.817213031402091123e-05 1.699954004418507207e-05 4.630447647020930504e-05 1.269513377040104142e-05 1.094264819376829771e-05 1.478312800742276560e-05 3.822615882668349753e-05 7.831523817239578823e-06 3.701372046751323760e-05 3.730394527006254712e-05
2.402092536027996389e-04 2.106621992912204315e-04 1.698701107378477635e-04 1.550168817939993990e-04 1.297046094720235665e-04 1.091049081470562849e-04 9.573882755093272552e-05 7.584400957939314717e-05 6.612069839664192058e-05 5.779645970693256192e-05 4.531784769249518459e-05 3.479970987445561470e-05 5.402317009409123125e-05 2.045103846908155916e-05 3.111957579733973088e-05 1.370096665651750065e-05 1.000336738238526305e-05 8.484656222741394455e-06 7.425355876360677338e-06 1.422458294339001272e-05 4.100428103090175695e-06 3.135120402552447124e-06 1.091540162381014486e-05 2.869148664086524888e-04 7.064206260240309837e-05
7.719871409566282259e-04 6.198665982939823406e-04 6.281605937373470512e-04 4.151872589514508526e-04 3.853559378515012518e-04 2.982127894730844100e-04 2.224934709264905243e-04 2.480243323922590171e-04 1.567252904193913363e-04 9.005413268159810527e-05 6.393587657801402271e-05 5.428358531787426231e-05 4.758906069572382526e-05 2.832191072631024529e-05 1.887654948973700663e-05 1.479124167711610051e-05 9.969132501833312740e-06 6.401143052242764199e-06 4.217780195583187192e-06 1.649324923069964241e-05 1.078331696574130326e-04 5.761405736692602986e-05 6.776129071831643537e-05 7.261241535155292095e-06 7.873931836231893547e-05
7.300307031682880948e-03 3.725991792728095085e-03 2.609206791933522864e-03 1.507088897348285265e-03 8.357671480058313958e-04 4.329314971471458847e-04 2.848390057531679630e-04 2.425775796994575502e-04 2.769143065796223781e-04 2.368280460509496915e-04 1.370206620882574418e-04 1.034348383073686851e-04 6.942456600749945998e-05 5.106954154712364775e-05 5.019059025822342803e-05 2.102259630592164612e-05 1.090078820494255018e-05 3.612194844045811022e-05 7.030181442165889987e-06 1.164755683460772851e-04 2.382734942305091594e-05 1.414042280345858701e-05 2.051302690262983455e-05 5.223567157919776761e-05 2.006517901526726894e-05
2.648420193107223967e-04 2.298710170212020292e-04 2.190162997100507142e-04 1.443338237504222733e-04 1.212720565553197674e-04 1.021714593656415621e-04 1.299415369653404999e-04 1.244820252428676971e-04 1.334306329148722873e-04 7.180842169093981761e-05 5.026342456015155103e-05 7.776442110033017963e-05 8.720694568912068631e-05 2.349524188928164668e-05 1.674134298864039312e-05 2.741415892337023069e-05 1.029673032229470956e-05 3.821142417462694541e-05 1.634557125681138616e-05 7.119833169380377447e-06 4.809710568852645483e-06 1.977901598470131980e-05 3.099670450919081047e-06 2.120589542028966708e-05 2.980037863990802808e-05
7.517486991487142911e-04 6.886425136729042856e-04 7.330503131030395450e-04 6.905029244452454617e-04 7.902846013682140536e-04 6.042032676286165221e-04 2.593124473578124018e-04 1.318317616837427493e-04 9.681630558643891443e-05 6.964355449679508888e-05 6.589762533933865693e-05 1.412425402891841610e-04 1.032914213984547161e-04 3.778756649176430091e-05 3.440980654416200569e-05 3.107826351992995381e-05 1.740325338140631670e-05 1.080547907139415844e-05 1.574056593931777703e-05 2.415279571116443749e-05 7.519067972085974696e-06 1.416612739473312887e-05 9.048767610865193024e-06 2.877483557217615326e-05 2.247123845558360268e-05
2.354202277693024346e-04 2.208643203890704493e-04 1.997402898806775761e-04 1.794155646085276719e-04 1.637206200354126727e-04 1.413243992951973202e-04 1.253435175450409039e-04 1.518906995422021438e-04 1.173249001677590888e-04 7.424933457311326003e-05 6.019176696804864158e-05 6.227092233481865342e-05 6.827968874239737150e-05 6.850178376265763942e-05 1.019393927198481109e-04 1.970795152604007947e-04 1.546979104923488534e-05 6.543048456407938995e-06 4.709904803866696983e-06 3.503703802963570746e-06 3.208730374705169396e-05 4.486563947860546656e-06 2.733891267159483567e-05 5.762674899226797400e-05 3.209345701249314913e-05
6.580512250173675779e-04 5.159597131576337207e-04 5.596557858557528074e-04 3.392716173025435390e-04 2.629212451920726989e-04 2.121742068364837095e-04 1.794990344467446209e-04 1.639683583953661320e-04 1.532657327248011119e-04 2.077513952303942262e-04 1.183520031385632427e-04 1.538005456888693874e-04 6.202068578097927798e-05 8.321523670168883002e-04 5.733269256299160780e-05 1.669467002021951928e-05 1.286164227833861166e-05 7.962909976226670468e-06 8.574648767483470746e-05 1.368678232407887467e-05 1.489367864333736486e-04 3.586279313096143681e-05 3.246616961106753150e-05 3.845059741970693201e-05 3.024770259230459747e-05
3.212890475309568652e-04 4.240744953730091931e-04 7.150922264931229393e-04 4.064973065246346891e-04 2.155853496164670060e-04 1.318434763594788855e-04 9.340061262234878540e-05 7.220789290073619990e-05 6.307059921677236978e-05 4.851400781651494902e-05 3.846965274853308232e-05 3.459126975529427532e-05 2.397488072019127967e-05 1.897656724600178354e-05 1.357670701904060857e-05 2.124456652816910206e-05 6.600043670300492619e-05 6.273626081118167767e-04 9.939692545725559373e-06 7.579167313998195835e-06 4.787032669490362513e-06 2.623444904116240103e-05 1.072712113825737984e-05 7.184959148464284451e-06 9.710285830220100314e-06
2.810164463909483831e-04 4.484431055451178140e-04 4.631737446480077439e-04 5.088199510676600463e-04 4.868294873270925089e-04 3.112838191123639634e-04 1.115879656578774599e-04 2.508257943268727081e-04 4.062625650651390018e-04 9.920678192932868460e-05 1.236060979927590712e-04 6.181974429045558757e-05 6.300217675702586323e-05 5.395934099927494220e-05 9.840148888607635179e-05 3.673882004387463569e-05 1.329004797194665109e-05 1.031567913978819465e-05 9.250642091102012735e-06 5.104225191279023268e-05 4.025003233655060320e-06 2.828943985923790572e-06 1.837773817561960240e-05 7.009947924397400960e-06 1.060180164317845629e-04
2.648935695533977033e-04 2.530497549138001280e-04 1.603304915693410911e-04 1.731314242122826311e-04 1.330971263911862165e-04 1.287644631238032121e-04 1.183972360398970446e-04 1.043273415643067921e-04 1.066979829108796800e-04 9.510963952770924593e-05 9.196752392749409045e-05 9.797161820829282668e-05 1.249925185611337156e-04 1.572979063769818051e-04 5.809723437240537025e-05 3.195501420117865306e-03 8.995857249958156068e-04 1.723926687727938564e-05 2.644812835860652455e-05 1.434155213083477959e-05 7.290349270670949729e-06 7.775417125138152230e-06 1.668743062836748972e-05 9.627723158411141170e-05 8.587030274402181695e-05
1.648662512583428026e-04 3.032184370359664537e-04 1.198254199763356894e-04 1.362306582118788967e-04 8.079370367659497679e-05 6.359826638391209046e-05 5.039385618248483752e-05 4.295629830928158718e-05 4.196834068709325076e-05 3.907620037734179763e-05 3.252022842020428075e-05 2.944832675055154256e-05 2.801805649034250266e-05 4.007321723878548705e-05 3.255167679060528240e-05 2.487690420367839620e-05 3.762298564104003790e-05 1.493348824790261236e-05 2.304508451853303167e-05 2.291924556112803017e-05 9.393165374186859793e-06 3.721095238642500456e-06 3.438870061722657109e-06 6.794085024448624332e-05 6.095712184604215280e-05
4.079202801282752152e-04 3.803010891044631098e-04 3.958537688672718173e-04 2.956347423608251244e-04 2.495518310717522521e-04 2.014740327396368370e-04 4.664515515123426816e-04 2.519192329530251136e-03 3.646808326764336156e-03 2.460359042947295096e-04 6.759321622693663118e-04 3.241646640154658169e-04 1.777219488798690889e-04 1.029722639145716094e-04 3.220090480144531173e-05 6.719353841793318169e-05 6.024392938256922076e-05 1.229492989589132804e-05 6.954110527046720442e-06 4.718510565139373245e-06 4.849297054928008619e-05 6.613399096158854265e-05 8.920529258933626072e-05 5.582908228743562936e-06 4.140138908867954144e-05
1.479311687946152816e-03 1.362364947885004885e-03 1.482726837470346075e-03 2.125518179801583630e-03 1.100953612335447973e-03 5.674945242806551157e-04 4.441393661428396505e-04 2.882830095965867269e-04 1.510147846561587744e-04 9.758499631614715730e-05 7.338478172624973239e-05 6.143773114094948872e-05 5.228911573859035635e-05 1.754634162386371418e-04 8.513677216824678911e-05 3.294494610508053180e-05 1.186379958288820115e-04 1.117988226543816912e-05 2.336214049915513066e-05 4.133774273848350381e-06 3.116011145773935684e-06 3.393088362766007144e-06 7.706249564350314341e-05 2.124596670441095909e-05 5.758756853227300343e-06
1.018114992540725301e-02 4.604761749669438256e-03 1.647370376739463408e-03 1.488219299473345471e-03 8.512453128795671297e-04 1.686463669140940381e-03 1.748881287633704054e-03 6.263588559219235427e-04 2.404979373813858354e-04 1.310712360952668914e-04 1.083243369247040397e-04 9.570292123350896438e-05 6.557057463891964317e-05 3.422966732893573626e-05 2.161886491384398777e-05 1.396545344196575768e-05 9.192001163451360483e-06 6.555694876310032926e-06 1.983958133639815950e-05 5.797842331712188823e-06 1.655945678924423885e-05 5.953690977943682842e-06 2.239061440740130625e-05 3.889182891124733744e-05 1.984531230280960374e-05
4.313645061331457015e-04 3.716012158885661880e-04 2.864116833155263197e-04 3.385030109926700256e-04 2.067164086745595431e-04 1.663234536589638696e-04 1.729632091042634630e-04 1.223223305551448463e-04 8.783881113067137307e-05 9.444551811527525983e-05 8.447380442059305983e-05 7.666039482190288817e-05 5.096778721077913576e-05 4.060326306751079947e-05 3.122956813454863149e-05 2.047845353059386442e-05 1.380617910570312963e-05 5.015117781885852294e-05 5.641861115169861924e-05 1.117755146267794975e-05 4.977901204011040337e-05 6.019853928771140817e-06 6.760587617232011206e-06 1.445973994371281165e-05 1.485751160450611468e-05
3.326722544922287254e-04 5.016060813306094917e-04 5.988844666970899846e-04 6.644138271290972930e-04 9.174587488069227284e-04 2.957315072691183442e-04 1.231632375888629170e-04 8.997002541426934303e-05 8.085803856655037511e-05 6.500814530073700315e-05 4.708702591667756151e-05 3.942427587632158431e-05 3.372474368116615945e-05 2.809851150191440986e-05 2.857053551767437319e-05 2.048686165550175079e-05 3.511037297595685590e-05 2.460038790273530118e-05 1.044106525260124561e-05 5.122487648988213434e-04 1.140241045416146140e-04 2.934851052132377224e-06 6.584403066563950211e-06 2.290983832013881229e-05 1.790489370217733281e-05
5.649284844664842053e-04 4.737022719736622318e-04 2.015772186060177124e-04 1.320858544134064741e-04 9.977017820849128711e-05 5.984388771918530009e-05 7.290489831499494624e-05 1.076392775892096655e-04 8.682170222023603509e-05 7.686746110787536044e-05 8.091870367342386466e-05 8.531181871227673541e-05 6.040970142738680574e-05 4.803601729129059058e-05 1.027644768334929183e-04 2.495635419087883057e-04 1.164734971908310890e-04 3.635439717569168629e-05 9.819440761721751171e-06 6.376209967179441691e-06 3.703388379662739615e-06 1.455924139425612360e-05 3.877893352724128666e-06 2.937017539302241379e-05 7.968996261196609210e-05
4.193907283892692639e-04 3.400303281360221065e-04 3.891776580269350693e-04 2.562721603962764359e-04 1.398917301053904309e-04 8.669569973270397180e-05 6.833103384817330818e-05 5.257691486400983854e-05 4.413265598499072333e-05 3.183866105980258328e-05 2.497698033330332802e-05 2.224588090389801478e-05 1.893084959680174463e-05 1.756548590063778859e-05 1.310724170302306283e-05 1.216969615266154813e-05 8.732707926034223946e-06 7.035825579397853256e-06 1.290131819939863583e-05 4.137430724361478554e-06 1.315611429173992180e-05 2.185666170690821932e-05 5.369655529822280483e-06 2.997397549285328925e-05 4.032039207655321064e-04
5.851127688712143542e-04 4.206363783784323215e-04 2.852566418703420957e-04 3.509377107603823035e-04 2.090861957127874038e-04 1.670032555635433231e-04 2.213071428464375193e-04 2.396530549794547631e-04 2.160455804219272051e-04 1.460939565452450020e-04 7.403964293654115151e-05 9.568580022413865121e-05 1.936332457108748992e-04 2.364153596496632330e-04 7.759727333627536522e-04 3.763952657110497378e-05 3.101368634006118293e-05 4.965169494734875453e-05 1.589804357281680166e-05 3.028178635026553906e-05 1.924410392479630706e-04 8.910843592510726515e-05 5.077200503949437629e-05 1.249162141423344069e-04 6.317348683738046732e-05
1.583620467094862998e-03 1.048631522920808606e-03 7.151105045793155340e-04 6.454580257591455887e-04 4.731219015405550583e-04 2.548126836095841816e-04 1.450303453690416191e-04 1.418756001314946762e-04 1.145787149997360397e-04 1.106104959404887220e-04 7.860753134593787179e-05 4.544584439994786134e-05 3.367513709941241494e-05 2.540234366277366218e-05 2.061820655788358515e-05 1.461217088312078773e-05 1.795823244809105544e-05 5.910921831784897697e-06 1.866551419089823891e-05 3.487573471015320158e-06 2.553512536103658133e-06 2.670961162475062097e-06 9.627252367098452156e-06 7.934677861121462486e-06 9.392882752821337950e-05
2.168485666108998361e-04 2.341862254862382665e-04 2.365249453195636224e-04 2.826359025429896654e-04 2.531975365500111082e-04 3.370489231263269552e-04 2.740056097741146277e-04 2.387341603156690193e-04 2.275423828976696908e-04 4.131563393576909550e-04 6.119465740286360246e-05 6.232429565155168374e-05 1.701983076327254316e-04 3.708729248568775472e-05 2.671935591881216304e-05 1.760896049696094632e-05 1.227365759669271692e-05 1.104689014527930508e-05 6.655959072477895215e-06 4.299938848168178821e-06 3.620378631075615671e-06 4.670449822743090879e-06 5.432141592798352422e-06 5.978103489317536731e-05 6.151336484390127108e-05
6.118690494228934233e-04 4.256670970360246849e-04 6.511390163644962528e-04 6.018105800856231313e-04 6.348551995584672232e-04 2.948128720547606879e-04 1.719424816628967569e-04 1.206920723732092618e-04 8.435789315994030003e-05 7.431236566424407187e-05 6.283406131949036719e-05 5.694225385085640998e-05 4.475667602525629880e-05 8.655947090883542435e-04 5.507067620438554223e-05 8.091633519162653933e-05 2.030962054315766247e-05 5.851978814492652634e-06 3.456943672321397669e-06 2.944140643664905248e-06 3.216932805386831429e-05 5.992162760115018184e-06 5.491845616755758336e-05 1.477208995823097718e-05 1.377726924536175626e-05
2.091801646229577891e-04 3.377591925385765295e-04 1.789945361622483891e-04 1.692175003220864845e-04 1.841868464730294481e-04 2.315345840541383415e-04 2.266165880946280494e-04 3.237203752359965147e-04 1.100159038412362397e-04 7.817010219375711061e-05 6.388509485958382699e-05 3.672244829113947167e-05 3.197394322271652556e-05 2.760172252702096959e-05 2.145598811495543531e-05 1.658205074461891688e-05 1.250314419627823296e-05 1.752581393993067897e-05 6.280364798692726875e-06 5.837422408139093162e-06 6.780214492878960536e-06 1.228394347572325653e-05 4.606985976888623168e-06 2.466743159806629302e-05 4.660806559317403838e-05
9.108172889014320376e-04 8.199015778998609361e-04 7.309685199496031467e-04 8.591567340097648869e-04 6.811306855641346015e-04 4.367666277287080966e-04 3.422676680391191885e-04 2.178768148306279781e-04 1.570626825615718467e-04 1.869361908109469993e-04 2.028812755225679475e-04 1.107173512020838033e-04 7.461002204366124066e-05 5.367803480745277447e-05 3.695357211291454166e-05 3.201663836177750757e-05 4.718854994578115071e-05 1.249302416546165324e-05 9.268296062849756329e-06 1.486534776229467348e-05 5.133498269995943487e-06 3.550760918473552422e-05 6.725548251013677755e-05 7.970852982915499580e-06 2.680541317914788231e-06
5.875545404582474974e-04 5.931092351151878196e-04 4.591458736277756946e-04 4.575914097340373111e-04 3.864477919111287897e-04 2.952735634546038062e-04 2.629822993676849221e-04 2.226853979848783158e-04 1.106378965750453441e-03 1.172154923988475914e-03 2.396172329737182723e-04 6.216017146898569919e-05 3.787720425866798675e-05 1.057291734542400833e-04 2.228524298134898737e-05 1.896930773890759635e-05 2.701186100114650788e-05 1.542376829846257106e-05 1.781881997905137861e-05 2.847597394802685997e-05 1.079645373209330594e-05 3.718902834539916750e-05 2.134211406801510088e-05 4.627369674957993595e-05 1.307134911506918878e-04
2.344804342851983161e-04 1.750070772162478001e-04 1.636369136493024984e-04 1.398257648717451474e-04 1.187767494096836173e-04 1.038757878611740372e-04 8.232895023475283731e-05 7.280024358733980033e-05 6.126776286184344624e-05 5.097961613440046537e-05 4.163029429190831992e-05 3.749800818319165189e-05 4.436122311444355086e-05 1.105574546571372075e-04 2.864207852166127786e-05 2.387087433577199280e-05 2.321637056900695037e-05 1.465682436512683575e-05 2.896965230584831017e-05 8.400814312531012929e-06 5.920647873228846307e-06 5.071953109588589074e-05 3.627515429507523073e-04 1.618680838352876730e-05 2.160477306231744352e-05
7.498671293455125807e-04 3.633550756419434398e-04 2.466867397986959661e-04 3.223630915762833301e-04 3.258530755118632270e-04 3.322605282569391890e-04 3.324852697495392600e-04 2.680466553651529083e-04 1.899686610181557068e-04 1.410985172254344486e-04 7.315961583410725603e-05 4.544178307397234547e-05 3.945085780224166311e-05 3.291871604078081210e-05 2.405302468791446123e-05 1.697564771324283197e-05 1.045090086180598977e-05 3.267670948841351869e-05 5.054536872826847029e-05 5.511648599966195418e-05 3.340709077364127865e-06 4.484164782462191709e-06 1.682839180653209575e-05 5.220670622394447187e-05 3.694691583683401882e-06
3.454339483305821101e-04 3.371013015044528843e-04 3.499625564467536863e-04 3.946637104282055340e-04 3.097971696768572021e-04 2.996994667012538738e-04 2.431555597854022756e-04 1.412432928029496272e-04 1.387657620295635317e-04 8.735195809172384765e-05 1.258483020691499585e-04 7.679928317627575753e-05 1.910516287494786131e-04 1.264335107785978713e-04 3.752092085883039155e-05 1.940737291544078832e-05 1.781311663376614581e-05 1.069165304498473168e-05 1.954086575731627676e-05 3.878384259408395338e-05 6.921340923743633541e-06 3.126442038181704731e-06 7.143465053412250567e-06 1.547498036187034952e-05 2.093023421013586848e-05
2.435579288878559311e-03 1.366029880422382726e-03 1.296350556947766701e-03 1.654417329679400139e-03 2.493410744511429661e-03 1.896560822776144134e-03 5.125167454740012923e-04 2.361140352724787003e-04 1.427323034934639635e-04 1.146378679008898079e-04 7.801863027933077211e-05 6.547354612080739141e-05 6.095848819435319008e-05 1.133341495981802073e-04 2.047422282943440401e-04 2.998684845378093059e-05 3.769034839170539092e-05 1.107011904959836447e-05 7.981675724197853967e-06 6.699412625371908413e-05 1.515949881404565636e-05 2.880714000747305672e-05 2.293511013200876756e-05 5.895367206064784475e-04 1.146441096784805400e-05
3.027192885336403528e-04 2.577898915453268980e-04 2.165310424037256089e-04 1.655684607480808264e-04 1.421805861930411266e-04 1.164617717727335118e-04 1.008173457563097259e-04 8.683285573685790501e-05 7.406758529849771853e-05 6.189213721973866049e-05 5.629880270615741840e-05 1.135403726187203847e-04 9.419118775712417239e-05 3.213506645463225301e-05 1.688091395934847438e-05 1.332555960124728051e-05 1.069376544158267174e-05 9.851129540863915598e-06 1.057115955960355423e-05 8.216292449405869004e-06 2.340516573449930937e-05 3.570721681228211924e-05 2.524887515370030118e-05 2.002008765518806547e-04 2.752074007654336390e-05
1.064580019798371359e-03 8.152250645015289435e-04 9.871023382847347611e-04 8.163721226697183463e-04 3.814211943913156590e-04 2.971553859195243748e-04 4.778804309524731686e-04 3.136701916848166709e-04 8.671623329356036632e-04 6.244764503041976868e-03 1.586526076952731725e-03 6.404996042819589928e-05 5.784507673622460585e-05 3.590843310893152723e-05 2.477093577747988985e-05 2.015066837044518302e-05 4.791394943276201053e-05 4.791942235654171486e-05 6.685604646640807137e-05 7.201023692238890368e-05 3.565911703220038303e-05 1.374515096584952156e-05 3.230865510966921282e-05 2.547153038037847312e-04 3.114281466866672892e-05
3.819929850495457275e-04 3.390088433552608071e-04 1.979910902345867116e-04 1.695124239055868201e-04 1.379606366459610884e-04 1.136565845229891718e-04 1.192501273324145082e-04 7.753001041304326908e-05 6.857752947613144094e-05 6.085290996874722399e-05 4.866447705948698000e-05 4.590995410703652461e-05 4.241266006085422008e-05 3.580298698445288002e-05 5.350976460012361093e-05 1.293264585652363760e-04 4.415055290093908535e-05 8.364416327240946857e-05 1.915001629301018912e-05 2.190364915420748668e-05 1.322750889052078618e-05 1.267514385068017045e-05 1.219280448287742060e-05 1.457424073128994204e-04 2.571432480029778420e-04
3.402361712504701303e-04 3.143036571216370413e-04 2.635208740893326502e-04 2.135266860491988566e-04 1.852896781009238491e-04 1.763737062061641989e-04 1.707916531452307967e-04 1.828877995491103904e-04 1.253521663835007155e-04 6.954293151410628076e-05 5.352085531353805597e-05 4.024922789301068981e-05 3.028121115537121366e-05 2.218142923361070100e-05 1.727196218178300393e-05 1.939596975600770744e-05 1.515875132581157103e-05 6.018981010321285347e-06 4.125115291028411384e-05 3.295788955626199472e-05 1.438673387063304795e-05 1.321539036107276246e-05 5.075033549767313414e-05 1.891789547487945531e-06 3.533409061337371173e-06
2.412498647250182278e-04 2.122161676953861849e-04 1.720501761512203541e-04 1.616430986004814281e-04 1.460507578333918781e-04 1.231929629689434318e-04 1.219516353082585953e-04 1.345992864696882250e-04 1.297613655497105033e-04 1.222283600587303854e-04 6.717307489532139215e-05 5.139938248647276525e-05 3.697734493298663493e-05 2.410398089550820261e-05 1.951209431886062937e-05 1.695670472350090742e-05 1.375298442017776267e-05 7.458525067063517535e-06 5.752907473480182886e-06 2.698655890554557180e-04 2.818722814955451227e-05 1.709288245970924723e-05 6.744879272896410504e-05 5.368305948437779892e-05 4.095925949527228074e-05
9.212409097262558430e-04 8.278995083129866419e-04 5.622915315299291481e-04 4.310840914044853072e-04 3.016598485380291949e-04 3.421878854933442667e-04 2.621483709945774776e-04 2.861264803126813291e-04 3.073677996357121510e-04 7.582573328655865764e-05 5.318577863616932096e-05 4.056757411533778952e-05 4.370806415839483997e-05 5.552520930539151482e-05 4.188287578589670109e-05 1.867577145663709391e-05 1.248776241118135168e-05 8.590119677139489645e-06 5.978965047296989870e-06 1.794439968033226327e-05 8.516842744784414737e-06 5.706587665587366362e-05 1.202753393205171760e-05 2.603412855736987011e-05 2.012067277910656093e-06
9.343823629833669826e-04 6.408484722316739723e-04 4.264807405864776374e-04 3.731374368547153817e-04 1.639980380582373317e-04 1.459824867080140192e-04 1.458848831543139361e-04 1.529253975618259252e-04 1.161316658900358908e-04 9.327031843293857980e-05 8.108236334911603390e-05 6.422620493586652648e-05 5.611113722120813623e-05 5.469037956722479151e-05 2.811983507403390892e-04 6.028978848174341629e-05 1.572471306058380891e-05 3.689943562937397759e-05 3.185371496386013720e-05 1.731717916116201801e-05 7.848838186073400018e-06 4.049904360608614886e-06 9.536813459334365109e-06 1.457013403579605719e-05 3.423876212464333521e-05
3.638863807739347407e-04 1.619419440500805950e-04 1.619802119672960825e-04 1.381774660656513655e-04 1.804024786735159704e-04 1.399949607043195112e-04 9.451197883342386428e-05 1.044717363612671242e-04 9.426760805352797645e-05 8.070864917904110381e-05 1.366921834507725021e-04 1.636860183998156519e-04 2.324564076973000448e-04 8.074656058528707422e-04 1.302422662020663081e-04 3.292372897221053346e-05 2.491160468261387559e-05 6.719291268578811438e-05 3.672452899466885237e-05 1.235912346612636902e-05 5.205975103300454238e-06 3.640051557274334937e-05 4.706865755250143232e-05 3.767087786833526601e-05 2.426111805950553475e-05
3.310218935745777493e-04 2.722317742848791625e-04 2.048241368184728814e-04 1.651245853351806072e-04 1.445619108209917356e-04 1.187033103591414950e-04 9.973667220017510204e-05 8.171811863085597203e-05 6.683198528865272000e-05 5.303551253256475243e-05 4.161958440952472939e-05 3.348737353372140970e-05 2.622765024808995955e-05 1.791604474811768610e-05 1.268030015954530944e-05 9.438175246023892999e-06 7.794345801248745285e-06 7.695178786764146061e-06 1.740163128833019585e-05 8.724363371178305587e-06 2.566934468640118348e-04 2.637434773770636184e-05 1.420826740273923032e-05 1.006548319248950673e-05 4.052693655856825887e-05
6.168043500136267910e-04 6.598344216247782612e-04 1.878773945743172609e-04 1.637331268596478671e-04 1.164600034430496170e-04 1.133005847061356440e-04 1.009411321781771031e-04 9.583993869438996074e-05 7.017972372469072492e-05 5.544110130551907462e-05 4.551343657088077429e-05 4.036324536051950592e-05 2.800370551850481297e-05 2.163410420791637967e-04 5.232743226280717240e-04 3.216929369902271971e-05 1.369338871529549410e-05 1.317032436464134010e-05 1.160309667702825748e-05 4.734976723467912789e-06 1.533537150649999289e-05 2.852829470205447919e-05 3.548455845471178312e-05 2.301872926656068610e-04 5.162311303232455876e-05
2.814135334679607214e-04 2.487400433961896437e-04 2.085627979695907949e-04 1.901950308135720081e-04 1.517543491542426115e-04 1.319417805885454915e-04 1.342226646740841132e-04 1.861984951105547903e-04 1.465495793223732990e-04 1.652187592841304316e-04 9.297112947816250027e-05 5.838292470829583382e-05 4.662550488072261242e-05 3.783019230789767627e-05 3.623473875073862107e-05 1.087217249102962374e-04 2.631501156858347110e-05 1.382315012372885033e-05 2.710488379432295986e-05 9.515964425312410364e-06 9.742676759733101923e-06 1.448364890060152601e-05 2.474048185123720484e-05 8.554323952078881352e-05 4.985417330884422553e-05
2.450575721916195744e-04 2.009839391516267295e-04 1.717264390281087643e-04 1.409460646639840761e-04 1.167216407946732601e-04 9.748300046226901863e-05 8.869664659357606414e-05 8.248705406396760213e-05 5.553961810966199657e-05 4.339880564518604179e-05 3.421190616599447640e-05 4.652737001143721724e-05 5.960353775777759653e-05 7.459060362980270674e-05 5.420129266873525324e-05 6.961954262859177095e-05 2.093995207931961577e-05 9.313666690403350009e-05 2.509480434874945470e-05 4.812962189462511111e-05 8.860881375775305217e-05 9.081135453190160691e-05 3.849712185623370224e-05 1.085483403964130472e-04 3.623652971882930355e-05
3.724303615913372592e-04 4.085949918612021914e-04 4.174223762492793748e-04 3.854721401105020155e-04 5.703788605400939016e-04 5.424647810389235207e-04 3.543870901791014438e-04 3.083358432298115726e-04 1.824154677749414294e-04 5.887770837674689449e-04 2.290581727002870152e-04 2.645305973628364594e-04 7.314802823182604136e-05 3.052835390730533377e-05 1.712478219972585243e-05 2.060314125327191936e-05 1.112178333536114454e-05 7.662667557127960708e-06 5.053820490856818935e-06 3.477727211773130058e-06 1.870400444957088869e-05 1.309538158069439899e-05 1.219430416520843029e-05 5.152934501081823487e-05 1.705472473557274250e-05
1.754420716669147879e-03 9.357395036459305098e-04 1.344003476600918534e-03 7.381844486951317412e-04 8.400828532554603439e-04 5.811524714773088360e-04 4.718424747895328167e-04 4.156448822833585751e-04 3.639406796578350460e-04 1.431611847964731207e-04 1.023143324638875256e-04 6.147456650656876178e-05 7.829104865617456165e-05 8.854149201582779726e-05 7.710736043459125015e-05 2.428194502493766148e-05 2.013071964008580222e-05 2.141885557253824562e-05 1.843520485494482136e-05 3.460102488163287627e-04 8.437734626530167818e-06 7.822955200655394719e-06 7.346959020950370690e-04 2.127518411681690442e-05 4.417562900031090549e-04
4.016635821994366299e-04 3.164787059615969890e-04 3.140780008199313867e-04 2.775323127360055341e-04 2.904444867334715066e-04 2.295359975614582465e-04 3.053567175831545808e-04 1.700926737921865388e-04 7.184475215794298346e-05 5.229620407623038360e-05 3.945818938196693021e-05 2.939764632878034509e-05 2.166281323854430961e-05 1.512459632708297865e-05 9.967301083852627666e-06 7.016132175514307370e-06 5.837683531184977282e-06 2.117026030112376366e-05 3.627340054200567885e-06 1.341193706298932628e-05 2.363635336828841621e-06 1.490290560123519178e-05 4.762413670494988437e-06 1.912888672719201280e-05 3.671993278873767472e-05
3.784268970303575580e-04 2.129902584749762912e-04 1.501662039614537090e-04 2.379894697210972244e-04 1.738302591680042310e-04 2.471534375181236288e-04 4.533747364071500350e-04 2.495616833979878084e-04 7.266890381676705023e-05 1.060171560465438624e-04 5.597055064646354029e-05 8.197455722922518970e-05 7.620026475084088835e-05 6.632795408660249173e-05 3.579330029844619919e-05 2.980749810871720734e-05 3.222060554671630600e-05 5.664270977264565011e-05 1.269479433131055686e-05 7.213469098724985640e-06 8.958670541975834531e-06 3.901115292260263031e-05 1.495016995645115377e-05 3.133849703795390314e-05 4.710765496981502532e-05
5.344587605870806469e-04 5.028825820460272209e-04 5.293998249137232175e-04 6.358176156168859200e-04 1.202908303457146059e-03 4.019336436916161651e-04 3.088227135970105213e-04 1.792822582969249277e-04 1.985632980088745112e-04 1.493948115823597067e-04 7.576105002201351756e-05 8.748203933675756578e-05 4.554970830039755525e-05 2.377830991809588119e-05 1.983248714047933827e-05 1.483487366067472845e-05 1.190649162828420747e-05 9.741204579945969569e-06 8.157782021378985366e-06 1.645951555585022829e-05 4.680901722413757430e-06 4.585559037920481863e-06 2.098508245291826199e-05 2.742682606645187687e-05 1.192833598829262648e-04
6.647053191987416839e-04 7.433076671924657890e-04 7.349419453434237904e-04 5.690056884688760161e-04 3.965515987781967084e-04 2.564665205916702570e-04 1.921322233473705151e-04 1.018929912007135138e-04 8.428739734292398620e-05 6.956330284540021742e-05 6.067777331158471848e-05 5.741861350557343584e-05 5.342424902890980022e-05 4.709124163569275797e-05 4.140322117896462549e-05 5.560730977826191195e-05 8.073040355399791162e-05 2.687975292473380543e-05 3.478720986711773410e-05 8.488593531272578617e-05 1.034250044151750411e-03 2.406678146064662575e-04 6.070178511252441824e-05 1.986683735162797981e-04 2.001655746951583767e-05
5.976030958665125813e-04 3.326525267472909262e-04 3.073471420474078227e-04 2.724450023011238753e-04 3.074722195717227691e-04 2.753600685829427574e-04 2.186679308371804729e-04 1.458356180853125344e-04 1.384621597054533468e-04 1.379120969835715815e-04 6.613782244374862376e-05 5.053746315829728546e-05 3.894630619529102850e-05 3.017727351164769650e-05 2.243479998124414343e-05 1.745563817953732711e-05 1.431818882774460443e-05 1.212070263480070011e-05 1.154787778564271356e-05 1.855052261204275988e-05 1.066894944536543896e-05 3.411746604386926634e-05 4.202999042005500411e-05 5.538554428023432564e-05 3.975175631937228276e-05
1.364232874340005832e-04 1.410894341854617849e-04 1.276968996518763574e-04 1.289735172528737523e-04 1.166543597518150465e-04 1.061928271319582647e-04 9.669579633464401409e-05 8.484276440042607943e-05 7.618014463532466472e-05 6.190545032541770049e-05 4.814814902966727618e-05 3.742703914004255177e-05 4.629064247495007109e-05 8.422700078347073274e-05 2.383774940786030408e-05 1.216318049693294183e-05 9.654874264280210688e-06 2.741713140530776936e-05 1.391847453548247534e-05 5.999754567639891646e-06 7.367177325428379470e-06 4.098764654037562038e-06 1.005734929565502145e-03 2.597121229877815898e-05 2.492116365108877759e-04
1.158134523355708280e-03 5.935575661408316796e-04 4.713191447197224711e-04 3.244145679374053578e-04 3.017664693925218916e-04 2.233838193187276486e-04 1.723677994802961318e-04 1.138293565530875214e-04 1.105155063615068778e-04 1.099498473544108815e-04 1.002563308669008908e-04 7.468602461317581920e-05 5.508077430229011952e-05 3.786402225422206744e-05 3.029087102447893264e-05 1.172996275468449364e-04 1.181412734364825451e-05 7.339318796243447617e-06 3.025727155845492396e-05 6.031287938630309657e-06 7.603461599509050135e-06 4.344252759759977261e-05 1.218454050032566123e-05 3.064808365697027051e-04 1.272318302488213213e-05
6.172387737233025378e-04 2.636871861221219714e-04 2.830430042308410129e-04 2.414040411543888921e-04 1.663374651618934770e-04 3.292677266606001854e-04 2.406958304758108943e-04 3.022562594777388162e-04 3.098763035658593521e-04 4.570796442402884959e-04 2.283961929706346565e-04 1.194553264218416243e-04 4.787197891998027667e-05 1.902731764030510904e-03 4.182133484193004662e-05 2.622161296203780819e-05 1.924508131655739275e-05 8.869411559589223488e-06 6.429132046772681648e-06 3.776805629425486309e-05 5.445546622336948571e-06 2.523106425950664405e-06 1.903529736810280129e-06 2.321284799745793593e-05 4.183433831509730928e-06
1.431805284307437643e-04 1.348380958196533446e-04 1.429963490190751675e-04 1.147838644506103255e-04 1.010099686791009161e-04 8.667458968230414311e-05 7.485155433884861968e-05 5.973249048638341863e-05 5.859888757487174412e-05 4.930673909136378593e-05 3.917434891740621307e-05 3.715312210452826545e-05 4.832451494641215795e-05 5.417468731206395228e-05 4.139673830134723133e-05 8.484282856374333046e-05 2.479747174336105475e-04 2.959325384464312663e-05 4.144958786426419420e-05 2.230975985931228116e-05 4.508272164052249152e-06 1.472844019154675223e-05 3.584618473338584420e-06 5.092820058157966024e-06 1.297933447705621249e-04
7.683255234819061927e-04 7.271708048895858274e-04 7.131488607139512123e-04 5.324842197671261074e-04 4.406959626066589962e-04 3.594353643008461256e-04 3.097498008298611976e-04 2.450525840091149913e-04 2.551379264318294243e-04 2.904779451419302458e-04 2.437117732627381000e-04 1.255563796095309046e-04 1.072815395165254137e-04 1.872080585612251921e-04 4.543998693201190073e-05 3.378166969067193643e-05 2.358136160057039592e-05 1.519960762200515101e-04 3.436165703137899525e-05 5.893280451292898378e-06 3.802429922047724931e-06 3.140972433956204409e-06 3.287363525087958653e-06 1.652090546326706239e-05 7.683357910272353947e-05
8.579105079164220599e-04 6.606976459705049716e-04 4.031697060428126363e-04 3.421776789941838358e-04 3.056216158804573170e-04 3.875663222234681723e-04 3.051821188261539196e-04 2.779229095326924337e-04 1.512451322022427709e-04 1.440576154319087021e-04 2.735343988588829611e-04 3.058197494035302054e-04 1.933896510540839908e-04 1.140721688618168649e-04 4.604962183033848130e-05 3.157649925760687215e-05 1.739444473188268161e-05 9.917331324973741900e-06 6.397136793588498244e-06 2.746938686010718200e-06 3.640454761461719595e-06 1.283146233379017808e-04 2.189069643258172453e-04 2.874900438601321538e-05 2.810155866752909204e-05
1.895588807534752146e-04 1.537331532490578394e-04 1.497791956918063504e-04 1.219431235133685269e-04 1.091017458311916582e-04 9.001517949177319483e-05 7.112092206337667093e-05 6.036830471972024994e-05 4.992012959730318157e-05 3.991549948462794060e-05 3.215720698953103548e-05 2.472848959003337501e-05 1.951666987237421220e-05 1.524377514205423837e-05 1.871132901719688190e-04 3.657224821566827633e-05 7.419476612271277695e-06 6.068323767663028420e-05 1.168881083009188206e-04 6.025522039908479428e-06 6.922459074722796705e-06 5.699888724603307112e-05 4.278436470837186965e-05 2.112915519855031432e-05 4.070147621231073697e-05
1.174682481885055757e-04 9.727314654402452996e-05 9.812670575342063170e-05 9.421309048743079504e-05 8.580601468615405144e-05 7.078893727516752680e-05 6.665150279831717805e-05 5.492499127844301522e-05 4.376556411028640844e-05 3.681591268822791076e-05 2.952699378482986090e-05 4.426751731394210532e-05 3.044451558021486651e-04 1.638291800383611925e-04 3.505771205998538080e-04 7.613218515696549313e-05 9.057490226895029909e-05 1.141238591688366664e-05 2.527388115384595732e-05 1.218605820611037989e-04 6.622164001268881353e-06 4.927039498653159313e-06 2.059385123605104307e-06 1.458935697648029883e-06 4.316833205971836445e-06
2.043311150354062283e-04 2.005858294725369122e-04 2.794176192387114806e-04 4.138448762037035228e-04 1.874913631009872091e-04 1.215124009875070179e-04 1.170809028391682103e-04 2.005036001026390912e-04 6.031948791162861681e-05 4.841452227760998208e-05 4.036757160732890840e-05 3.435453908161581677e-05 2.657013656053408519e-05 3.861895615725648157e-05 7.952281353956758281e-05 1.113006976142090162e-04 2.122233808327028001e-05 1.084094975426320416e-05 6.519543998383070382e-06 5.016595059129925892e-06 2.732598232374803016e-05 3.141184464758977587e-06 5.623076988236495367e-06 1.319303823583727051e-05 3.557613244101208211e-05
2.340898080582657953e-04 2.194233000456615780e-04 1.865255035762045739e-04 1.600339364104628331e-04 1.341313946008581269e-04 1.082256002368261322e-04 9.107706357884604086e-05 7.508844803182134278e-05 6.137489547197800730e-05 5.261092742730465085e-05 4.751507217652083126e-05 3.935784355705366616e-05 3.349466881642421449e-05 2.585496958090524865e-05 1.836316172658058356e-05 1.233260177827546335e-05 6.124648760570723812e-05 3.076094403437542191e-05 3.778157985996966296e-06 2.423146300827765196e-05 2.834619836944542507e-05 2.885605302463770358e-06 1.575105406629554746e-05 1.104508232068954385e-06 1.598945535783060318e-06
8.562117964900321917e-04 6.686440070604713791e-04 6.580817436214696616e-04 9.293216381454479308e-04 5.868171679893858595e-04 5.345829401503823753e-04 4.826622611698033619e-04 1.299313835704454280e-03 8.746303455600697553e-04 2.008960456284499614e-04 1.374707044209369966e-04 1.845239198098869973e-04 9.480824552934130178e-05 4.896360809837009185e-05 4.549837319998942969e-05 2.024812990410375328e-05 2.904260911199252790e-05 1.113101140384620094e-05 6.848257669023361812e-06 4.355366501082067516e-06 4.704629851884492765e-06 1.203969375894348768e-05 9.214291908499543332e-05 2.983790924442472888e-05 1.229985981016106615e-05
2.267259795478882727e-04 1.924279518064731344e-04 1.725958567736746814e-04 1.461813050142369327e-04 1.329389149626882493e-04 1.062629262334169165e-04 9.181978596991900016e-05 7.645985442479298318e-05 6.344375877197572038e-05 5.069969963026214806e-05 3.870995668477040987e-05 3.017139250736904771e-05 2.294549875849371845e-05 1.791160775767828179e-05 1.218149951859059490e-05 8.201790362830970192e-06 2.066566052163962467e-05 4.635297099571160319e-06 3.870501226937093345e-06 3.258214242796108254e-06 2.650065066342556596e-06 6.630479230268036676e-05 5.408994348951584727e-05 5.790875549500841302e-05 7.131603714906140773e-05
4.885051137544399761e-04 5.276878670105165405e-04 2.511568536808572792e-04 1.515720787673912283e-04 2.917486952881155333e-04 2.085116147598440879e-04 1.145723440435398460e-04 8.046243143754861328e-05 7.101022104125399837e-05 6.832979351360489732e-05 5.538773665590319848e-05 1.360969478463414464e-04 2.115512032953683133e-04 3.747005242654829690e-05 2.579192891641588194e-05 3.464398580241394310e-05 1.351503386222604726e-05 9.056458477612912685e-06 6.014883743040234704e-06 4.784662146764224273e-06 6.098923462820326786e-05 4.235294690619189484e-06 9.486679648117252254e-06 1.060465465303608447e-05 4.421159901262208445e-05
1.002860307753440519e-03 7.558301226505229628e-04 7.178910045867272806e-04 5.535924987532355379e-04 4.319070075534658113e-04 4.244823175180182859e-04 3.234135282786106775e-04 2.991384648609727486e-04 3.525180547410164227e-04 2.087097293512402748e-04 2.706818836526849251e-04 1.084666903901666812e-04 5.236609532137239743e-05 2.850840600451612835e-05 2.484566009958387694e-05 1.357158951381667124e-05 7.984958707141687458e-06 5.946152082664247849e-06 9.470522019021467605e-05 8.931039636203893446e-06 1.116373653310318942e-04 1.036756849199578501e-03 1.386178010231657944e-05 1.191324204926961915e-05 2.324208246735660153e-06
2.286288121553658233e-03 2.800251288594390268e-03 1.980736782171269895e-03 2.903487368260208087e-03 2.791333711128287341e-03 7.028118014249487740e-03 5.080707087686832032e-03 9.331533997667655232e-04 4.145137635535173768e-04 1.517996870936218949e-04 7.708443028295083985e-05 5.619448095392679492e-05 3.892284190996884871e-05 2.817825842922856160e-05 1.372053267770267958e-04 1.588661346193023455e-05 4.110011696266346827e-05 4.128903572282312072e-05 5.501006888433143781e-06 4.803085887069603199e-06 9.575424715385396412e-06 8.381744979448659655e-05 3.665434348517331308e-05 3.295553183164322389e-05 7.206366814809645176e-05
4.935519256343313954e-03 4.894305556073156108e-03 3.828728071668312336e-03 9.272401597590117575e-03 1.833110177147850199e-03 7.749039658149188894e-04 6.307070121372315317e-04 3.975756407727273596e-04 3.463197979134124689e-04 3.551747036037443709e-04 4.271244628142337944e-04 5.943100220134088979e-05 3.649956123177373240e-05 2.795827533554060739e-05 1.241070055628473658e-04 1.192199014084960209e-04 1.459267004279117919e-05 1.123208853637191726e-05 1.062921788472366841e-05 2.085625025859397369e-05 1.475851603641178291e-05 1.661172750521364781e-05 1.011098905811685853e-05 2.579859092799287128e-05 3.341431698077735576e-05
2.904860573498190229e-04 2.624631854221094675e-04 2.204568493625240033e-04 2.382352120629976130e-04 2.135806461871712068e-04 2.405033949081944542e-04 3.783395453136452567e-04 3.579521705512158682e-04 4.198609270939631581e-04 8.353581762592620892e-04 2.122793055713070322e-04 2.497804461723507580e-04 8.411115683292183401e-05 2.670601688425941700e-05 1.474877588218914469e-05 9.913265759261021259e-06 7.100961461746723208e-06 5.831942381104488625e-06 1.149692939157673413e-05 4.647479693957028168e-04 1.781283784655879294e-05 6.841061149384940073e-06 1.604350324293348908e-05 7.339364328666194218e-05 3.863899127668772620e-05
1.062750625183142100e-04 1.253659863190009229e-04 9.174843767334216530e-05 9.315821032002156250e-05 8.666224221322230278e-05 8.145564437912908783e-05 7.352191704513580883e-05 7.395031700938198315e-05 3.227160174042674988e-04 2.069576396316074088e-04 1.277940539443959750e-03 2.753148590391851910e-04 1.396992802358907454e-04 5.367893412231705143e-05 2.900785430035510284e-05 1.138365570493720659e-05 7.068388055820004475e-06 4.640594966032064260e-06 3.843228171088678970e-06 3.094952351526241732e-06 3.483399388460226665e-05 1.254495328491222114e-05 4.552978088574038883e-06 1.073928994213230821e-05 2.339746645531040454e-06
2.139671029972227499e-04 2.829019258794697803e-04 2.198806937594209663e-04 1.260022006508051658e-04 1.009601345123411348e-04 8.282107586543212632e-05 5.901699118788228518e-05 4.964223808684424278e-05 3.941735679253616139e-05 3.554452106725933123e-05 2.782773754891280571e-05 2.271203090534025331e-05 2.162262928364041525e-05 1.662095980303895734e-05 1.256920728852285316e-05 1.030913243316905626e-05 7.887534712376495982e-06 2.244993265977572545e-05 1.791511006037180709e-05 3.550763338579080161e-06 5.063643221305556206e-06 9.329367190828917220e-06 1.670134865381920227e-06 7.108443464356048935e-04 4.487436031600506420e-05
1.573478649611790474e-03 1.003555871986962396e-03 1.028199789808959810e-03 9.184214829003272502e-04 8.186842527447038250e-04 5.582421684705906944e-04 3.060795022264602974e-04 2.038204426259288774e-03 2.017826388336915917e-03 2.767449080708687622e-04 1.393999276654456112e-04 1.006173926042044253e-04 5.185497552031518437e-05 3.867968336474125231e-05 2.446955045647098860e-05 1.774119254230875528e-05 1.169737354437770276e-05 8.163433992730289055e-06 5.416755156116778656e-06 3.580941027851309354e-06 2.682585909571605333e-06 8.176336880055521232e-06 1.380902978592573098e-05 2.401622831305268992e-05 9.261411893585663789e-05
1.205570929679172613e-03 1.179855593358106408e-03 1.159808160277970819e-03 1.008187221250716982e-03 2.667205626273269539e-03 6.761333983469931808e-03 1.069867970024972843e-03 3.531996606237499357e-04 1.936693284406441125e-04 1.190460868749358594e-04 1.850927633294034659e-04 1.822584785049724586e-03 3.483755535983481502e-04 6.499435617499846579e-05 3.777286575658335703e-05 3.750011829202656144e-05 3.584453913243910918e-05 1.441814442964914846e-05 8.411737955476883793e-06 1.793318081751681871e-05 2.595968254738510706e-05 1.596839970093816654e-05 1.243100522991806628e-05 1.619929830120779977e-05 2.683677340019731414e-05
2.797803389003010325e-04 2.793391851431338189e-04 3.043051585866571470e-04 2.465709533354577148e-04 1.814095900955036539e-04 2.138787148150647524e-04 1.613521266774871810e-04 1.089197168087799946e-04 3.459961833220781113e-04 3.343195731034655314e-04 2.930746346963658891e-03 8.863039605303930316e-04 8.495172976676582273e-05 4.456953581261651105e-05 2.502197819899288630e-05 1.938345898570728752e-05 5.743745976877771597e-05 1.199250945012564308e-05 8.212504476380434124e-06 5.738487736078080102e-06 1.914770288083601806e-05 3.309841403420432854e-05 5.093812540209878591e-05 6.466031612354784318e-06 6.907792372537060284e-04
1.176634720161699125e-03 9.134475954911383446e-04 4.504790904106257036e-04 5.480738922905340448e-04 3.788836865602809010e-04 2.416458073364574199e-04 1.884435211040360594e-04 1.405170245048830097e-04 1.343867745488278910e-04 8.004889172648832138e-05 2.224110098625306552e-04 1.171537632258295904e-04 6.455831653812562721e-05 4.096716090896039368e-05 7.058757875909558728e-05 2.545045149129333852e-05 1.714050752507992404e-05 1.014782299954709578e-05 5.669529022212642670e-06 3.613365194953865559e-06 2.834033365183021907e-06 2.961937813686642238e-05 1.904934794015740215e-05 5.801961813107640907e-05 5.300386397340869899e-05
6.311748201600910716e-04 6.409693786179901723e-04 6.336453843819976487e-04 5.276117736706061913e-04 4.203354191304423549e-04 3.390546800519275141e-04 2.768797303937421271e-04 3.279774730262154949e-04 5.406791900440753845e-04 2.515139990047914097e-04 1.773299705942825129e-04 1.098396886195685701e-04 8.935235981980611981e-05 7.621750118382679959e-05 5.552133215239816181e-05 4.455462539680002821e-05 1.558414267200642327e-05 8.520562802794117693e-06 2.885110117230230882e-05 4.776244402505905707e-06 3.756101075031913433e-05 9.308567693476774228e-05 2.412752002944464353e-06 2.078821920935728949e-06 1.709154033382574600e-06
1.492279216096182616e-03 1.225583163664280837e-03 1.510713520687233247e-03 1.210015342397659103e-03 1.114087414376968869e-03 6.331823705232436346e-04 8.202170106062947434e-04 1.378884914233404618e-02 2.071372062023905686e-03 2.657445060892272160e-04 1.230175137877203813e-04 1.006294678791927883e-04 8.880157443069350157e-05 8.006661666116936878e-05 1.612649449971698210e-03 3.772566136028931809e-04 1.291646701140275802e-05 7.909699627936815340e-06 5.304044225560597930e-06 8.235608338325826070e-05 1.836949057501980899e-05 1.061332883154247015e-05 3.506731720342163301e-06 9.898104852170444592e-06 2.211341308069845312e-06
2.965587225175591712e-04 1.995623210511195253e-04 2.463381879508792240e-04 2.462246833725283439e-04 2.350563910990866631e-04 1.252394550128503668e-04 1.100842377897942148e-04 9.672939497518779836e-05 6.721816933612109963e-05 5.641089277956216213e-05 7.063842943557650550e-05 5.751972658154953360e-05 3.304714520744633820e-05 2.239483067330510726e-05 1.963534578485179574e-05 4.067544507437363644e-05 3.534917585181431465e-05 2.156364095033455535e-05 8.726155281845325622e-06 5.876137534928699995e-06 4.277905066520052506e-06 1.229880219931494710e-05 1.334580634679276114e-05 2.340337850697185986e-04 1.063100879894875395e-04
6.638274280483319944e-04 6.452056528121694881e-04 6.168601054072603935e-04 4.061937065100831358e-04 3.356737203037143350e-04 3.242041943693771216e-04 2.524014717613893644e-04 1.661163629076913451e-04 8.168438345226107229e-05 5.316515900269163183e-05 3.919347390736426775e-05 3.802837628879924203e-05 2.967039367244087011e-05 2.296935185914176770e-05 1.781308000456771924e-05 3.207369205209525270e-05 4.394091238454061598e-05 5.634548534839100579e-06 3.632290427545269032e-06 2.635446329306045738e-06 2.487153093643566483e-05 2.217298029270126727e-06 1.973156898451021817e-05 6.187783540495047513e-05 1.519969110024301697e-05
6.578180392782914578e-04 5.971601146249847511e-04 5.727736292812540039e-04 4.845322842007071594e-04 5.409028285272950631e-04 6.101780270064539966e-04 6.596678086260648281e-04 7.047901159024095837e-04 3.692580868331227445e-04 1.591526895596263283e-04 1.305735258376487719e-04 1.103757151689354379e-04 9.715336297044521393e-05 7.326782769532433597e-05 3.757516410958077488e-05 2.530031400752801951e-05 1.502495226853920190e-05 8.800312429372727878e-06 3.835179379604967010e-06 3.851913623373075125e-06 3.740957567325033830e-06 2.464865566411379391e-05 5.215425372173637219e-05 4.624123305951288450e-05 1.116190711101576417e-04
1.375649460413554993e-03 1.257355182065795097e-03 1.265153158934327702e-03 1.068162297742535592e-03 1.076589091707644708e-03 1.831401321951359748e-03 2.243171271527151858e-03 6.951552144393627862e-04 4.089199166931079704e-04 7.174433018712012217e-04 3.688591110900659494e-03 1.805730103718579697e-03 1.012897773528773792e-04 1.064786213098042569e-04 7.680724655895565067e-05 2.415778949766478670e-05 2.841179066438545466e-05 1.577859066884773644e-05 1.504863055963053535e-05 3.454656059767400088e-06 3.183501017183934768e-06 3.317649482844360491e-06 4.943570033476108003e-05 1.476723434007211127e-04 7.775151985619865131e-05
2.485615168338550177e-04 2.013848104218758021e-04 1.998047410216460763e-04 1.781764870516129855e-04 1.816338266179028983e-04 1.335020941841698458e-04 1.746999887158147348e-04 1.889180563059644172e-04 7.268723011358677228e-05 5.513427406951661115e-05 5.051735402410705846e-05 4.112357091902762903e-05 3.019990363394114535e-05 2.420889478407304063e-05 2.039414127365839555e-05 2.749430328509894390e-05 1.155653403180480297e-05 1.549315756743303128e-05 1.721514784312840231e-05 3.730484287454583495e-05 1.337110268524632912e-05 3.903848002677896118e-04 1.929723722294583786e-05 6.418682179001429683e-06 3.079958819918172491e-05
1.154447396322079824e-03 1.049474490023094694e-03 1.104306722641005189e-03 1.487123408963116544e-03 7.678856167302717216e-04 1.285919638335603727e-03 6.883190018003054094e-04 1.590875695520436875e-04 1.090684145755571453e-04 8.853765397344086710e-05 6.735292105379947481e-05 5.676993537232412226e-05 4.337493219407820408e-05 3.512340299676511822e-05 7.746079697178584131e-05 6.654759545022725031e-05 3.907800640850275770e-05 2.639814898965315367e-04 2.039933305923409136e-05 5.370058443499043787e-05 5.817172993823530901e-06 5.530665165476902754e-05 8.456021849957051824e-05 7.971662184387495010e-06 6.195986010625997159e-05
2.131521609451618286e-04 2.035941837858321773e-04 1.743071854749277442e-04 1.220944440079776560e-04 1.031257386425235421e-04 9.296320960756700494e-05 7.525973125096533051e-05 5.172806543008827824e-05 4.209602173532766748e-05 3.144359025532846399e-05 2.604929505854267649e-05 2.423855043775564148e-05 1.828540789843069840e-05 1.579407512529428591e-05 1.548873895113825694e-05 1.508055596340108588e-05 1.955593699176276057e-04 2.122342739076788745e-04 1.459040681532675052e-05 2.271756815496491820e-05 6.943778004163670221e-06 3.236711703049596810e-04 2.084003840142503543e-05 1.740850693684271988e-05 2.403252590489508833e-05
6.330161207003963180e-04 5.182288643909837298e-04 3.861041439984389478e-04 2.435526546139444193e-04 1.088822454883034917e-04 7.682384031165591755e-05 5.762681834964758189e-05 3.997857877062500892e-05 3.721740411658284818e-05 3.339557455983392236e-05 3.081421582217100716e-05 2.939073315734422358e-05 2.643661701841883998e-05 6.327343165310417240e-05 2.017372849990037634e-05 1.440075394939168240e-05 1.114390159225826881e-05 9.831973885507082288e-06 6.402624002430596762e-06 4.918328330347697760e-06 6.759250685281845517e-06 3.855836786807506481e-05 2.467542489663046335e-06 2.090636383455632717e-05 6.464197723630551846e-06
7.604875483221394412e-04 7.128759998982083608e-04 6.294349705185921457e-04 6.722942730665091128e-04 4.520386346991830603e-04 5.315080849721835667e-04 5.226283282686930692e-04 3.612978196601279181e-04 3.562883035819851404e-04 3.159123457159273012e-04 1.736022817243216285e-04 1.067365873555845956e-04 6.223782680350004818e-05 4.000664438924688039e-05 2.910214020058802693e-05 2.376439159035460954e-05 1.505470893679601388e-05 9.838648509488085600e-06 7.853162527323975445e-06 1.984552082441596107e-05 1.792331433964659829e-05 2.551521338273501341e-05 9.053675460646067340e-06 8.738469329319147063e-06 7.972855809915075563e-06
1.529370812813723285e-04 1.282711562088934823e-04 1.245599357915170549e-04 1.184814955047933577e-04 1.426987920519483016e-04 1.580338150552194117e-04 1.062626880747755354e-04 1.368807774080594804e-04 1.646711515508220722e-04 7.359390722249618128e-05 4.774950457325549176e-05 2.578374176181794024e-05 1.920229035051323492e-05 1.648697472477609656e-05 1.455307386212868961e-05 3.904896075430477659e-05 1.379968096631981082e-05 3.196235338551510843e-05 1.544598392990580480e-05 1.928013413199182783e-05 1.883858702962777588e-04 3.118629986868778550e-05 5.438918182249466600e-05 5.915336891949952389e-05 3.142693297077499759e-05
1.191096037940506634e-03 9.428791785100790971e-04 7.609269192832795840e-04 1.210613473709939904e-03 5.890823006988823475e-04 4.307949394152477086e-04 3.410503256593078658e-04 2.625335353705404500e-04 2.158534436561264933e-04 2.537580680967241472e-04 4.733433732803292654e-04 1.060750771433620820e-03 1.416073713877328514e-04 3.998752021648309938e-05 2.082224451583795455e-05 1.090905099270040855e-05 7.751585628969388119e-06 5.405667655800251167e-05 2.211400127120124868e-05 3.836018112022531759e-06 3.587905766168746690e-06 3.145036685012108279e-06 4.229628784217171981e-06 2.366636806270255074e-03 5.043385270712738414e-05
9.620044812367603212e-04 8.706356554165472356e-04 7.914727302965352549e-04 6.780613925980990891e-04 4.102383938580876350e-04 4.802966395280480424e-04 3.353220321508046278e-04 2.170831811477119243e-04 1.635335564468422926e-04 1.258806268386548834e-04 1.112906203393639970e-04 1.176090329715878132e-04 1.743939515344589282e-04 1.188485255629202216e-04 3.781324400553888340e-05 3.022719461611560220e-05 2.216755897082327471e-05 4.377191389726737023e-05 1.015105325294832573e-05 6.901644145792609029e-06 2.823910745547903272e-05 3.133732181824403184e-05 2.201148998089448431e-05 3.388672968673044544e-05 1.919994247266616059e-05
1.190175294156697178e-03 1.145830625526169299e-03 8.080740449600766658e-04 6.972575303438662171e-04 6.464792912103960090e-04 4.122056639336272210e-04 3.023116696024880264e-04 2.750160057513840670e-04 1.201164494830452256e-04 8.418717568352786424e-05 1.200001951190560336e-04 5.870579434301537695e-05 3.771493936684208227e-05 2.467242274456262619e-05 2.689983245079126018e-05 1.707310975955545244e-05 1.031383566518335080e-05 1.932387049785286878e-05 8.216843150956675641e-05 4.000816956384493643e-06 2.868277084858352711e-06 2.343965652073152142e-06 3.711392516458507521e-06 2.553686593825898385e-06 1.272723916249895858e-05
2.220802707769269644e-04 3.467643062216437476e-04 2.263190923070280145e-04 1.106085822580711668e-04 9.639337682009614628e-05 8.063243529494167636e-05 6.797444878240211979e-05 6.725242490373083810e-05 5.914041380393288464e-05 5.663853084070533193e-05 4.767654010503265407e-05 4.751855394526061457e-05 4.466063295015764817e-05 3.106794325985635772e-05 2.098815291460675442e-05 1.182327128754899136e-05 1.882910207687519698e-05 1.884631006077405169e-05 3.579714406854153277e-06 4.313817718373291865e-06 2.505817028590508748e-06 2.383329623106656973e-05 1.958404339264415235e-06 1.052964639650945951e-06 9.467200788894223002e-05
1.040451497719925079e-04 1.039911403642827928e-04 9.748915013693633174e-05 8.807299160036866287e-05 7.916755044659643480e-05 7.099059347528297872e-05 6.381782437715260374e-05 5.483630582358439438e-05 4.878141127597275013e-05 3.942170028708854516e-05 3.163648806531580993e-05 2.556888719802405112e-05 1.932040821731299495e-05 1.439086455342645843e-05 9.789500119546831918e-06 7.049885937121979691e-06 7.449584138613824934e-05 3.920789824872544717e-05 4.582943518968995728e-04 2.511881762796370869e-03 2.106807398927526656e-05 3.637653071420152016e-05 1.751413557757781236e-05 1.092338649641598088e-05 9.723602381666820354e-06
4.341886534600278530e-04 5.215145912795199692e-04 5.217629006218023379e-04 3.063718776932214307e-04 2.927845132383515925e-04 2.771014835175011860e-04 2.616019488581739221e-04 2.354233624293277727e-04 2.606290043577604780e-04 1.683134505759060801e-04 1.457555504460816354e-04 2.470274833200122996e-04 1.812514870430070564e-04 5.777986116315715208e-05 3.818440786503848823e-05 1.977395861981207572e-05 1.213024074659672087e-05 1.243778522537342785e-05 5.906669203854281761e-05 2.252992418098970220e-05 2.942187718950566305e-06 8.648291521916064682e-05 2.215007148395377679e-06 3.426843497530150976e-05 3.965079409894445983e-05
7.065910884616413441e-04 5.960165650405885307e-04 6.840236516232527184e-04 3.852917714729168618e-04 4.131565013302450308e-04 7.333656356361338254e-04 2.592426701787477520e-04 1.851491838562854331e-04 1.350180667751620198e-04 1.207212823936625295e-04 1.104827086218921256e-04 6.159740165960966569e-05 1.603512872698929152e-04 1.269111468876676972e-04 1.134756548286589147e-04 5.275065194363442122e-05 1.538137775375992398e-05 4.966617424800663687e-05 3.375761817843362224e-05 1.133908188975796769e-05 7.497500342665287516e-05 4.092482771550289846e-04 4.722507314826580144e-05 4.763669327323634043e-05 6.596751016521917930e-05
8.223099369605656834e-04 6.823666356285930596e-04 4.240719246121036094e-04 8.582430543595087179e-04 9.955406721552666118e-04 5.743985968180387270e-04 4.575577669266095503e-04 3.870431399345566187e-04 1.873178846660568777e-04 1.480618631762992674e-04 1.303114507298999702e-04 8.017286973194126943e-05 1.964518068492253377e-04 2.441768646776856550e-04 3.481580323462481397e-05 3.304002009732700976e-05 2.580139688432204714e-05 1.265444762317113198e-05 9.825145407275353714e-06 1.773932591569477604e-05 1.911788379157881509e-04 3.855276482888118987e-05 2.063077526389246828e-05 5.679564288072902619e-05 1.321700992403960116e-05
6.033422939309819686e-04 4.497151816965161224e-04 2.956522655157649000e-04 2.353019555348094690e-04 1.266775554407666301e-04 1.066778193056574522e-04 7.611448238170899602e-05 7.361567718469634494e-05 6.185861134538112765e-05 5.259194859064595903e-05 6.858769601230960762e-05 4.125772673730506107e-05 3.981277905899325144e-05 3.591016217824807171e-05 4.007190601546510187e-05 3.347368549195667140e-05 1.830274437851259380e-05 1.250996196190015467e-05 8.679760242210651886e-06 3.479404353123687586e-05 6.689252378331057044e-05 7.182603575777727447e-06 2.749639603133291314e-06 2.076614169980441435e-05 8.998434734561275988e-05
7.734423006709274448e-03 8.695721676954253077e-03 5.243016114544338073e-03 1.264318478710769328e-03 1.601013531970726239e-03 1.871682339847860130e-02 1.813540628763696044e-03 4.518307725814007256e-04 2.334051183818565422e-04 2.163591146417736199e-04 3.780703455264160088e-04 9.508962247995998989e-05 4.999986326386754882e-05 3.200139569251815374e-05 2.598617150152277960e-05 1.599308182611930646e-04 2.192164665200507429e-05 3.697108452337699472e-05 1.289274328089697421e-04 6.144662984392754981e-05 4.709770864468615104e-05 4.156210993059328046e-05 1.290153848265870163e-05 5.705745628659631339e-06 1.454580168118572403e-05
2.328341516636616240e-04 2.286066279291384408e-04 1.944955552910144917e-04 1.905350857098752639e-04 1.628178970710043904e-04 1.306516213496015922e-04 1.089496418077297275e-04 9.508196530249992740e-05 7.137653466588140887e-05 6.008328151836403404e-05 4.711863185120698122e-05 4.492118197433199152e-05 4.562885136602516141e-05 6.416862512331720516e-05 2.084346962181680681e-05 5.347321561269862197e-05 7.494532603439473504e-05 7.513549343048618092e-06 6.733312359063547820e-06 1.028242811294459116e-05 2.156699010694763962e-04 1.705071210871640522e-03 7.475685404646379914e-05 1.651424067949559143e-04 3.405326725508387494e-05
1.079050664270349682e-03 1.002347621165626318e-03 6.878925304490364273e-04 7.966760755844587904e-04 8.257890086788540265e-04 5.022576325898941898e-04 3.125727231777476679e-04 3.861331500240416763e-04 3.977633693939594539e-03 3.732695408869831722e-04 2.004213935018927162e-04 7.471442287878226046e-05 6.284192343430734990e-05 5.473151671389368599e-05 4.541517414675631250e-05 4.932759936939973760e-05 1.777742841483593108e-05 1.052560908579227851e-05 6.383591856218602539e-06 4.772367897067637433e-06 6.163886104330909477e-06 2.149096871599795713e-05 9.010097975656581289e-06 2.884986133841074645e-05 1.193770367770721568e-04
4.244025126167365954e-04 4.425371531289456757e-04 3.673569577778301341e-04 2.966932161456908639e-04 1.928521734872936527e-04 1.651842707296606637e-04 1.234537987536265939e-04 1.277449216189021817e-04 1.530157696494808097e-04 1.090662354904033707e-04 6.702707801791757305e-05 4.271602966892138153e-05 3.012106283618308001e-05 2.135436825825378536e-05 1.476287974950047943e-05 1.107327119544372175e-05 7.455442136757188349e-06 5.502390003576241051e-06 5.857289476880002182e-06 3.142084622432910353e-06 7.233962625673331854e-06 6.080522318782671486e-06 3.493519011963531871e-06 5.769715387031473223e-06 1.015375937761300241e-05
1.857818244857318733e-04 1.653888943458975338e-04 1.348112409386570810e-04 1.190429036497899818e-04 7.556900859032791970e-05 6.052970508447239815e-05 4.588156951457637097e-05 3.934660570165671032e-05 3.234505144860329475e-05 2.379087490710927579e-05 1.899778450443353702e-05 1.379758198279798117e-05 9.960111913944448572e-06 7.539982547996764785e-06 5.717377455638915841e-06 4.602189833441617172e-06 3.881558638516739563e-06 4.022087328000974704e-06 3.652690221638230794e-05 1.889872048179335265e-04 3.924132248582960608e-06 6.273019759528447032e-06 1.385974729185982417e-05 2.146345656023639966e-06 1.995797582920041186e-06
1.718293019363638483e-04 2.917748979195075349e-04 1.176951464392849236e-04 7.109973896739324949e-05 5.623579775533692085e-05 4.613054530403160524e-05 3.493460542409474937e-05 3.542971061378473034e-05 4.470910833780509836e-05 6.523278121670845792e-05 3.127809130126460473e-05 1.832752455278538969e-05 1.338278448775657169e-05 1.255028475563932078e-05 1.112273424714189715e-05 1.088439473027180914e-05 1.106113140675848716e-05 9.743356083979639134e-06 8.244384214051295379e-06 3.190907691633617689e-05 2.235198730545088881e-05 2.011233485224592704e-05 4.003557413249561993e-05 2.064878682809532303e-05 5.254322692855509773e-05
8.393120123847553748e-04 2.279654796670777352e-04 2.057696081425317903e-04 1.622539438588611112e-04 1.379424341607850702e-04 1.301413383892939752e-04 9.088090287338096895e-05 1.482840789506712420e-04 1.709516905992238000e-04 4.396522500678361331e-04 1.094314073583030442e-04 4.073567725142937800e-05 2.635720366259896726e-05 2.106329277253545784e-05 4.465867744180286152e-05 1.773133916085164899e-05 1.559446961863534422e-05 1.759671596560647200e-05 3.079815185655778391e-05 5.156462729355666469e-04 1.007306890890096993e-05 3.144336828976258206e-05 7.410580343848690622e-05 1.070062476188273913e-04 2.721558634840737792e-05
1.009620466061928118e-03 1.043354102215485885e-03 9.479867750782342874e-04 8.644143219136151031e-04 7.643306558368603192e-04 5.011732378565809422e-04 2.711224676384337245e-04 1.681215892811469621e-04 1.605717467725763443e-04 1.741761932103539192e-04 5.939877748835254313e-04 2.105719130704742856e-03 1.338806012311800886e-04 5.734627911067320904e-05 3.470702633267395461e-05 4.851646780855406173e-05 2.798462516213105560e-05 1.056321506393418082e-05 7.915223438760074577e-06 5.384498217258354685e-05 5.231481852288005047e-05 5.023783033562928785e-05 9.181127699571107722e-04 3.739140263458468484e-05 2.838859069769312791e-05
6.514278408475091290e-04 8.414458264514801866e-04 6.181459699766050702e-04 6.384144240210546132e-04 5.469617119991498477e-04 3.854043906905897958e-04 3.211412560222346021e-04 2.343196958528573272e-04 1.738394560064963847e-04 1.532107106509460540e-04 7.856708091932790110e-05 7.705957004051372939e-05 4.919452097923139805e-05 3.683811246021788442e-05 1.752765383021232339e-04 1.931987471253118627e-05 1.341791825175523927e-05 1.181694193276921810e-05 1.080649533585786091e-05 1.970575358843864878e-05 5.392814153466762172e-05 4.199545240563059710e-05 8.613735892947147182e-04 5.793542074274710699e-05 1.093951565204455222e-04
2.386384154567400024e-04 2.062877634716354252e-04 1.781794303748324409e-04 1.601995676262217170e-04 1.360463822749921159e-04 2.085937001704957195e-04 2.363400395612345005e-04 1.367451112963772989e-04 7.913947416121229006e-05 4.893090593676340596e-05 3.636845489534941758e-05 2.835956386101090259e-05 2.315632983174876951e-05 2.012079506727962899e-05 2.141194078339038494e-05 3.632425923187204551e-05 8.079433499259788311e-05 1.138287067787938552e-05 8.244564235866578847e-06 3.155731493310409366e-05 4.227704843984996910e-06 2.833660816299986697e-05 5.069855647989444014e-05 2.010519729728606764e-05 2.771145803303231881e-05
7.268025785424542034e-04 9.747701828221059985e-04 1.335874618387153682e-03 9.766982490647529991e-04 7.268688055317883883e-04 4.153934644256347892e-04 2.103032651984676601e-04 1.906707259199526912e-04 1.068231134684057091e-04 9.283487255416981282e-05 5.364682895625730980e-05 3.255175223838944494e-05 2.328595305201072160e-05 2.014168489862140779e-05 1.860116870138873874e-05 2.914950341388676023e-05 1.408264357709761849e-05 1.152965587560738789e-05 8.387125081741389680e-06 6.101742875487521833e-06 3.288780400692361992e-06 2.305938772436134571e-06 8.726489919425485582e-06 5.782545333258372794e-05 2.450946390972184738e-05
1.253334165379973325e-04 1.112352740722094275e-04 1.216158227805332330e-04 8.954387840941128269e-05 7.580709291795286050e-05 6.214811352323446178e-05 5.618643438382719409e-05 4.780898060290178318e-05 4.584364426322269458e-05 4.154002589581619077e-05 3.673877962107874036e-05 3.345511118241594590e-05 3.092052426678099103e-05 3.718753553066046807e-05 4.513479470392405809e-05 2.185850221005706566e-05 1.270497236951407737e-05 1.009913483734761434e-05 8.325731866149341167e-06 7.414964487851108635e-06 1.082633236859291173e-05 2.877263610399489506e-05 2.764823579369881613e-05 1.098408801627142966e-04 7.005725272354465722e-05
8.810213691243430232e-04 4.996852272334205945e-04 3.395706772306863281e-04 3.111340532578158748e-04 3.287663494561931252e-04 2.208637578089251926e-04 1.829744813588900579e-04 1.254486725462356986e-04 9.800793959740386799e-05 8.235530986331331897e-05 8.053008366559465136e-05 9.307540661573299938e-05 2.456666196255190954e-04 3.426752780656904901e-05 1.970561668414152885e-05 1.572274157724464915e-05 1.640593204687967792e-05 5.416753390787359214e-05 1.886572101696732228e-05 2.960425755968180343e-05 1.401407495314175635e-05 2.692510188331052152e-05 5.781830883801017298e-05 3.614666638289460750e-05 4.654243589573099155e-05
7.772207064789988205e-03 4.602473922539141588e-03 3.793134270902641554e-03 3.652055112199893011e-03 3.163767146766210351e-03 2.009139269650291309e-03 1.787048569560127425e-03 1.403422847749656588e-03 5.008883042280354563e-04 1.503994747446010338e-04 1.587384770633132075e-04 1.240008088331135826e-04 1.718609747982494692e-04 5.433881017151775765e-05 9.028433313498240051e-05 7.488670429220597709e-05 1.193468414627503005e-05 8.401174075701744144e-06 3.175222555737345525e-05 5.634204045519031494e-05 2.333062275126743278e-05 8.574955668327331239e-05 2.646476437885795504e-05 5.384560019373365346e-06 1.505059501271029606e-05
5.397410813190014946e-04 4.803781644716097806e-04 4.374838834203864440e-04 3.073724773619777298e-04 2.659389876706346910e-04 1.377215634688784811e-04 1.420075730833516453e-04 8.542704439636335614e-05 7.245261185181789897e-05 4.537401701547172367e-05 4.084932494877021111e-05 3.075696224442086386e-05 2.971067270077751659e-05 6.806622896010729770e-05 3.400449468308823844e-03 1.313555985452021901e-04 1.794464105995024060e-05 1.043297287258225612e-05 6.931803212443518803e-06 5.153714092261425043e-06 5.322380985881826537e-06 5.732512695264885071e-05 1.976559366072743807e-04 1.368601251392647148e-04 2.939478796324997365e-05
2.705754148658615034e-04 3.061879957052821965e-04 2.935833184241788815e-04 1.292048635598254868e-04 1.334419337691632407e-04 1.470284251226883297e-04 1.263635604466674237e-04 1.349604860416879850e-04 1.637221295350662828e-04 3.322722521393897498e-05 4.026891712274517388e-05 3.582858711206925103e-05 2.911593560593370863e-05 2.492596016444259907e-05 2.368308898429367495e-05 2.289083085773669577e-05 6.660351366691176619e-05 1.597575653385838710e-04 1.532022162591273741e-04 1.077133400605397083e-05 1.031290087478906749e-05 4.565382453549592215e-05 3.026560001282499400e-05 2.283441951404895906e-05 4.866548920639484190e-04
4.443805514379801013e-04 4.468648702583710589e-04 4.389649993528609560e-04 3.280005540872579588e-04 2.825791666753746530e-04 2.632758359471146876e-04 1.936018362883577695e-04 1.295733105442513800e-04 9.356397188010488926e-05 7.140572747687421666e-05 3.937727116476487659e-05 3.140604667172336792e-05 2.432091385780468397e-05 1.829008009826458178e-05 1.478253416241730133e-05 1.115662493496617667e-05 8.594472829266911149e-06 6.333841441652872782e-06 4.962666066841489412e-06 4.132748834090258300e-06 3.632723185218495219e-06 1.230763059147897619e-05 3.645555758583943779e-06 1.066513156127704182e-05 1.385299725275788692e-04
2.211513343919040836e-04 1.751948936222993850e-04 1.241374980470118835e-04 1.254367817289855089e-04 1.085142980876669343e-04 8.905810279687767256e-05 7.765458408397141394e-05 6.261849443556238718e-05 5.249330961406977489e-05 4.308215409092561887e-05 3.585491564525120230e-05 2.751021475343219612e-05 2.189912064288922135e-05 1.570478818146265636e-05 1.408916828541184920e-05 4.308851732050340204e-05 7.002426690050447708e-06 6.111523531747633392e-06 7.141070349936334812e-06 1.872884292989176086e-05 6.095035709996013259e-06 6.275968808003687200e-06 1.246568038431236196e-05 2.790620464870456505e-05 5.407989413591962364e-05
3.414901563076457123e-04 3.616748295087529532e-04 3.671492680899026448e-04 2.301430875685456852e-04 1.517003749692660602e-04 8.535376543248754204e-05 7.087865801128021015e-05 9.335044147797190201e-05 1.676788513069351456e-04 1.686036814864097283e-04 1.043926075007430557e-04 1.019484108227850997e-04 2.111824063120431455e-04 6.242162330020037061e-05 3.748360704529415905e-05 2.592363744849443660e-05 1.815132323555020960e-05 1.024672133953744504e-05 7.108070799820122950e-06 3.335578308582012142e-05 1.632983345516649432e-05 2.210449915699472138e-06 8.002796194345250012e-06 6.248537668323466202e-05 1.725915640641579728e-04
8.440923870528657322e-04 3.925966957634407237e-04 2.498022048007172155e-04 1.849525349949794433e-04 1.367841616869528722e-04 1.276500397373805809e-04 1.271928032052722425e-04 1.968180782878119683e-04 7.387412022105537825e-05 5.710205827335680559e-05 7.153739268585398384e-05 8.017731485083170084e-05 1.061290864506529377e-04 8.109452700715391973e-05 2.596661256895018671e-05 1.533303956091330896e-05 1.700316634301552324e-05 1.040253485918130937e-05 6.875300199308247608e-06 4.643388834270853425e-06 6.761598666412565835e-06 5.660085520863059039e-06 1.183065967268929033e-05 6.422574318937668714e-05 9.008155921909160018e-05
5.339173269497354780e-04 2.864720394657467150e-04 3.470231846775283300e-04 3.650812587826927674e-04 2.876769045299537608e-04 2.470627599733609217e-04 2.431109027859268748e-04 2.334113532519050955e-04 3.469950705646136758e-04 1.023298741519989034e-03 1.810414604070397263e-04 1.513403817639719410e-04 6.758543683075787008e-05 9.051090911202999960e-05 2.600681815434965623e-05 2.431684790080967240e-05 1.302026207977199500e-04 2.486431064174382814e-04 1.874662605298615839e-05 1.104704823454023799e-04 2.164318456147557506e-05 1.088556463637497858e-05 9.493004809496441323e-06 1.908813630127338296e-05 7.753528735940858909e-06
1.198446036428010278e-04 1.231002800242576715e-04 1.061800167180932216e-04 9.891165976769098974e-05 1.016831085744277776e-04 9.157432624258134515e-05 8.720268220321847287e-05 8.042547779791436868e-05 7.615450222765925722e-05 8.200326935887577420e-05 1.726028360535132567e-04 6.120170945706663397e-05 4.275821936297317960e-05 2.945252382551519931e-05 2.072532484558950002e-05 1.963405531957200813e-05 6.182812970052143254e-05 2.052291838899151797e-05 5.887093341138449122e-05 1.018852320425754800e-04 1.872267726095794556e-05 7.400520119328533956e-06 3.080961695083441685e-05 1.769596387580256371e-05 1.287016254120392784e-05
3.260590351195287212e-04 3.926580588176275741e-04 3.635695547543001701e-04 3.066489983808748485e-04 4.752984074422070639e-04 5.530880652983422279e-04 2.367597066263061754e-04 2.058520949856693886e-04 1.600145337588752771e-04 1.095956324999214669e-04 8.097271714234695436e-05 1.292082187733009212e-04 1.860079212368968490e-04 4.610654508138259307e-05 2.704490937895738436e-05 2.127139032410788088e-05 1.412876976935709171e-04 5.020772299274106994e-05 5.149061778369644940e-05 5.165238304075604616e-06 4.183715327738844473e-06 9.081389730536479970e-06 1.866236289289006296e-05 1.322733134503096082e-05 2.751169650395925219e-05
4.404149257559111948e-04 4.275367053069821510e-04 3.381663974387052519e-04 1.058419327278414769e-03 4.085533474945029293e-04 2.431162888436399323e-04 1.292672711296694098e-04 5.988601940876299017e-05 4.896960035106532705e-05 3.655813092510211079e-05 3.515045345167816402e-05 3.229185626856354724e-05 2.510849712392914016e-05 1.861080778191100165e-05 1.291191336513355855e-05 2.302040703561624449e-05 7.614702328730073213e-05 6.513350609966701821e-06 5.997775507574162737e-06 5.318295524520449057e-06 6.350462395249475425e-06 3.861999428199458977e-06 6.206234459581815130e-05 1.452102294020812887e-04 2.372713079072569410e-05
4.372406783491979208e-04 3.490526076179190649e-04 2.686879536998777892e-04 2.371496665081183929e-04 1.871223238438696234e-04 1.505855983946462618e-04 1.282646770765740916e-04 1.038276322300500854e-04 8.385404812095935260e-05 5.989908696847769760e-05 4.537677605657203288e-05 3.450908774395485408e-05 2.584425357340006221e-05 1.859058830282131413e-05 1.359076779453077057e-05 1.014902333186220646e-05 7.585144664799964851e-06 5.946743078811403300e-06 4.566759655978192529e-06 3.510730785609412128e-06 1.424257950847064328e-05 5.783378821419692155e-05 7.353029651263208368e-05 1.218498242969144392e-05 9.652508244818327170e-06
1.040421438873298304e-03 5.522722784827007944e-04 5.588171968537494197e-04 3.739992145645740836e-04 3.107121374899700817e-04 2.795244296177502451e-04 2.165464689885877620e-04 1.819244296047368775e-04 1.086990185673695765e-04 6.183483378922133235e-05 4.820664702313683586e-05 3.697362205752371646e-05 2.899408908880640094e-05 2.271349221617935925e-05 1.804599987671868424e-05 1.545275801510107003e-05 1.525085310808821732e-05 1.663400409596561209e-05 2.233384299979768498e-05 1.152684114407612843e-05 2.004651710223084765e-05 2.553925196072563344e-05 5.446975326780100244e-05 5.191597600514635195e-05 1.414244392672877931e-05
2.030513088892694595e-04 1.311289821201789608e-04 1.017535370174702870e-04 1.008697185238123880e-04 5.485797044790101417e-05 4.766793921370428294e-05 3.839944732222458639e-05 2.706863775458103057e-05 2.173104882956041983e-05 1.813099637580556624e-05 1.549994684116631535e-05 1.341983668425689950e-05 1.321313231783417158e-05 1.126649346245471083e-05 1.154238645115178057e-05 1.735588420465209171e-05 4.856290257084023074e-05 9.968512651319273591e-06 2.594326412733745905e-05 8.595168077974051066e-06 2.416388980549994105e-05 2.018054144636679994e-05 9.793795088888116536e-05 1.476401178041304500e-05 7.783331247773472579e-05
2.777895600169363269e-04 3.177502631599327001e-04 2.640890109816679526e-04 2.458752362781530215e-04 1.848313448816817995e-04 1.222495369907440003e-04 6.211592295885127047e-05 4.197112885922357279e-05 5.959759758033815100e-05 1.131136202664444884e-04 1.308407961888577182e-03 3.235745905176820158e-03 2.617509940498491004e-04 2.852967783179445797e-05 2.238947869403283322e-05 2.883157549255989963e-05 3.172595055818277658e-05 1.092271506812679116e-05 7.066296570423522036e-06 5.239749831293999227e-06 9.012220622458296847e-06 3.938126331150080547e-05 7.458127611746464835e-06 2.170645207180616946e-05 8.556731229518071876e-06
4.383860118940291375e-04 2.784596727761137888e-04 1.790857585054936546e-04 1.638050208318318323e-04 1.701109220906793745e-04 9.260942723254767309e-05 7.731540392724495139e-05 7.589179940167232194e-05 6.811025263051239927e-05 5.856568376763150366e-05 4.808409822510138808e-05 3.799047144794248697e-05 3.656720160125956869e-05 2.733133206045056075e-05 2.219556824815261729e-05 3.813041942066940819e-05 3.856182475352946774e-05 3.658798071701151958e-04 2.241139090559608651e-05 3.313746849911202193e-06 5.060112102782091898e-06 4.982220037016495026e-05 1.734181473969855561e-06 1.427126718619730979e-05 1.757177140590155686e-05
1.188894617372221398e-04 1.103139438165923029e-04 1.039123979296856530e-04 1.023804716318250983e-04 8.236419726375386087e-05 8.583972447406427921e-05 1.113713785589372099e-04 5.411547771231590802e-04 2.913194053845208809e-04 9.453359742779905608e-05 2.696791301152025319e-05 2.084889762672100381e-05 1.792307444295176329e-05 1.410483135361538866e-05 1.022299399706384376e-05 6.847375040701159430e-06 6.575780929521780302e-06 9.335497110941794462e-06 1.205775199191836062e-03 4.149363277091856609e-05 6.159799888811577311e-06 3.406544804001760365e-06 1.624596320706705877e-05 2.789080312579628727e-04 4.223340580381733295e-06
4.446664114732062304e-04 6.979094919125986831e-04 4.369863055314121753e-04 3.295052561680563959e-04 3.171301967019040540e-04 2.029861832649176162e-04 1.582042756264284515e-04 1.151102807739103615e-04 1.166273886297675881e-04 9.891390091502627591e-05 2.043467573495207415e-04 7.298886539635711368e-05 9.620900277736962923e-05 3.969876542819001964e-05 2.156902693419197086e-05 1.856163235819597562e-05 1.474608034024031213e-05 2.086927508427284463e-05 1.001998347593542176e-05 1.258490981022594777e-04 3.112973611152396240e-05 9.320569349110955230e-06 1.026018777719951876e-03 1.396647014389708141e-05 3.976171126687821898e-06
4.004249896075714804e-04 2.301876453313828649e-04 1.484016497408744025e-04 1.025628227498338228e-04 8.073595255565285060e-05 6.764412676064073947e-05 6.143915421770854200e-05 6.020848730403936176e-05 5.838321348531940851e-05 9.832825709305620593e-05 1.898029185618764741e-04 4.454547956227913040e-05 3.230541969221949818e-05 2.283490483554260461e-05 5.279889701823349421e-05 1.495555284931654973e-05 1.137210054960582265e-05 9.958138232641411660e-06 1.140624786003894459e-05 1.496531224360573882e-05 3.643973757815542716e-05 2.975705531508610247e-05 4.311748090649381352e-05 2.332038971659820592e-05 2.347573304582927986e-05
2.946989272404585444e-04 1.552501072001250849e-04 2.962838018602095749e-04 5.282713681934285161e-04 3.281503208538774099e-04 2.303998905942580366e-04 1.721077206682535183e-04 1.525236820969772379e-04 1.130014742089407081e-04 1.316314338502903294e-04 1.710287226568903455e-04 2.015821534214025715e-04 1.056144210783722931e-04 7.402239542091301717e-05 4.347189399887200611e-05 8.610179648923919514e-05 5.632556172530028067e-05 1.173004829017466918e-05 5.844543240782266958e-05 1.831998756108319475e-05 2.226488802693421004e-06 4.287790933695415623e-06 3.077647897990559521e-05 6.926013634303683717e-06 1.047656088087437111e-04
1.437453212309852799e-04 1.312071506066511391e-04 1.364300700512440412e-04 9.131105917063577838e-05 8.369855069140330985e-05 6.253547005975965416e-05 6.050938258778580604e-05 5.940697977186196291e-05 5.328364403631663884e-05 3.804593187425770346e-05 2.615800051670352764e-05 2.046127300458704549e-05 1.770681557504570324e-05 1.588019087857582757e-05 2.028047737700080599e-05 9.195656023129489287e-05 1.168130539903892209e-05 7.087337933555394587e-05 7.091493363900197346e-06 1.884702928122959924e-05 3.242030351748473176e-06 8.974630353555095318e-06 8.960619988621962211e-06 1.437653036558083024e-05 4.532326397201662851e-05
1.082006908966224494e-03 1.129532227650731965e-03 8.086132593570771743e-04 1.087268945627222752e-03 1.000519078827731079e-03 3.290799165305210452e-04 3.471352012880035069e-04 2.490821209508926101e-04 1.992459248418789093e-04 2.752564850425482626e-04 1.871082874646744828e-03 1.495911518240203406e-04 1.433081143760747504e-04 5.787220704599689477e-05 2.967146688634728600e-05 1.968655915047823560e-05 1.496914664434874016e-05 1.132029299141115016e-05 2.488732483770890382e-05 1.400711591262892982e-05 3.318332745302517546e-05 6.189064114305035849e-05 4.990453720009465841e-05 1.084033239827364843e-04 5.015968758655777512e-04
4.159383058787629391e-04 4.446232591214822481e-04 3.972922025980737785e-04 3.591805224219458319e-04 3.411819950932982060e-04 2.467563207499898757e-04 1.575276678186160245e-04 1.251622921156290275e-04 1.741280046390943765e-04 1.058116127637694607e-04 9.212490607917364605e-05 7.463691427732516181e-05 9.640513306289883019e-05 1.984177531092572698e-04 7.078942999877890947e-05 2.779183703598037564e-05 4.245828609411356116e-05 5.565585924491662703e-06 4.272797876199497762e-06 3.794218000278822595e-06 6.627830220861882522e-06 7.500112008465571582e-06 2.855938739837835598e-05 4.363957677725432639e-06 4.450523379120307344e-05
8.788543975758718405e-04 6.923569574695492661e-04 6.722622858404090360e-04 4.407993041511917192e-04 2.846047860574352217e-04 2.517418224463668030e-04 2.411431175601875827e-04 2.134798483508902763e-04 2.629352384299290146e-04 2.722331572780973727e-04 2.243828439413384922e-04 2.768128547411358663e-04 6.036171467138822449e-05 1.388499595564326278e-04 3.104740728533898612e-04 2.448535465761276012e-05 9.498747636442859960e-06 6.288504730831695743e-06 4.727604543467042450e-06 2.454723500520623392e-05 3.344667627606921043e-06 1.074405218402087719e-05 8.729203767385852313e-06 3.845882540875887628e-06 1.071892194372933651e-05
3.100169999689058372e-04 1.202620524671520777e-04 1.964782633691624010e-04 2.623542572147479434e-04 2.156144849169291337e-04 2.460469040323093890e-04 1.604592083248077927e-04 1.196322417249026361e-04 2.434380324816984385e-04 3.928771446440516455e-04 4.365455506091955418e-04 2.828763579712784268e-04 3.536759071343608968e-03 2.356289599273542808e-04 5.132237261151702040e-05 3.339210278341479674e-05 2.214166472982728053e-05 5.287692071912938310e-05 4.565212854160815995e-05 1.141508378621965033e-04 4.612138226428138041e-05 2.155024337470139913e-05 1.009634083822308120e-04 4.077460623498557155e-05 2.406155385123500562e-06
1.170371842086152109e-02 8.971712693784529569e-03 8.189236636953312054e-03 6.908883398734913354e-03 5.908202688535741862e-03 3.414983244855279623e-03 9.541117843222222950e-03 6.889040771922648985e-03 2.535481222043953990e-03 8.666309033808042598e-04 1.228194836818567780e-04 8.475399863561272726e-05 5.567902264080953564e-05 3.335992901491062408e-05 2.141444527839630685e-05 6.718175832172565073e-05 1.199363902919399495e-05 7.593646522410347577e-05 7.818493130556499675e-05 5.421903730743592757e-06 2.963727184091987895e-05 5.070000335118727551e-06 8.520472967495434859e-05 3.848906764987994393e-05 1.606219069428350409e-05
1.285328865772599740e-03 1.332210122461118407e-03 7.275611131154843684e-04 4.069299629946021308e-04 2.386325728892761807e-04 1.454297762427216370e-04 1.375636923215736566e-04 7.953924384339710577e-05 5.667248853289300845e-05 3.901709787072246791e-05 3.545264712105756453e-05 5.111406958739769872e-05 2.951659136610006406e-05 2.615770566852512665e-05 1.960744813717132354e-05 1.391046961541480352e-05 1.014330980088229230e-05 8.647874513504270912e-06 7.428714903652050282e-06 6.236312306847389836e-06 5.286670594914047211e-06 8.651090929531495048e-06 2.947251477854023795e-05 3.251572121907942906e-05 3.941612444366724777e-05
1.623784717692444343e-04 1.806837742308442898e-04 1.454036903769656140e-04 1.589052225432417936e-04 1.223537368779859696e-04 1.008296975891817250e-04 9.099853134514146815e-05 7.596804842445082522e-05 6.601024879133859122e-05 5.504322332999281276e-05 5.133653863267774415e-05 8.075189773364793136e-05 4.329608998226853724e-05 2.338796952904060618e-05 5.477977978806311939e-05 9.203934422605018837e-05 1.434521935399240551e-05 4.865536523191679186e-06 3.449845569288538820e-06 2.519477718186078355e-06 1.649649665948819739e-06 1.347264480133067718e-06 1.249269650693082026e-06 1.825316140166425007e-05 2.235661141150336919e-06
6.767546482256301885e-04 6.543319578950402724e-04 4.739420054205020294e-04 4.338556730910553033e-04 3.232826706709274168e-04 2.241384452926607914e-04 2.295957330147307008e-04 1.093447451981482537e-04 8.976048955879966198e-05 5.638597403890722591e-05 4.768401256083151801e-05 3.893151064408382486e-05 3.230100062056768541e-05 5.129369865219167386e-05 6.773273699948338179e-05 2.110834676240491817e-05 2.015799378418961792e-05 8.223084231319832021e-05 8.660657704899409897e-06 5.561359405790656806e-06 1.934318601356008923e-05 2.988052387383958089e-05 1.729278580913477261e-05 4.055003741141189602e-05 1.165627239339425298e-05
2.865412388948451153e-04 2.041046994448793576e-04 1.616805819945460454e-04 1.510062030493843511e-04 1.340798948790819707e-04 1.143322751894333906e-04 1.130938555583351250e-04 9.960933321182107868e-05 8.934082319452234938e-05 7.790854235882188888e-05 6.204973332179185546e-05 4.276673605861327403e-05 3.095991505749030387e-05 2.652227922276923928e-05 2.730053477924566986e-05 2.073225921921780106e-05 4.278567903165952528e-05 4.039718788739790715e-05 1.315106570658784009e-05 6.160009007521211195e-06 8.273423965525528742e-05 1.521632171113791135e-05 7.327366300524102815e-05 3.673958516372314003e-04 9.088069831826945050e-04
5.385780317820398422e-04 3.935958211057618357e-04 3.406730768689127608e-04 1.653124330525495276e-04 1.482458478503302006e-04 1.229794714684518742e-04 1.086878928335637391e-04 9.820017162169502006e-05 8.512135693315848572e-05 9.548449490865885026e-05 1.478793613207404832e-04 1.136261189786535617e-04 2.233821527835698907e-04 3.248005331840729364e-05 3.829431371135301340e-05 1.410513949368123712e-05 4.892508686341609444e-05 8.232836657291934634e-06 1.918098878369846284e-05 4.943085533571405127e-06 5.087192281250642415e-05 2.733722164265806002e-05 6.190945456342960109e-05 1.043028715569729327e-04 1.955852173454936045e-05
7.079567753181631147e-04 6.712674475454820334e-04 7.661819110762819107e-04 4.961081387624409781e-04 4.295877209910798733e-04 3.122060401971763020e-04 2.964532206600507943e-04 3.355068509258491067e-04 2.437481106374503304e-04 2.163470324926101453e-04 1.525857317456215108e-04 2.875577461782327597e-05 2.716030773207995177e-05 2.256054231368239928e-05 1.734348856552497744e-05 1.503858000778277819e-05 1.236551907782046330e-05 1.178504007044188493e-05 8.534627399391528658e-06 8.513038167488393821e-06 3.785671934609750290e-06 3.124727994635347587e-06 5.920302800639259028e-06 1.018512142061200194e-05 1.836671472324469087e-06
6.075616747851324533e-04 5.043342608640774636e-04 3.539982382871625791e-04 2.188695388406581362e-04 1.285830548224592472e-04 8.307638777121994849e-05 6.365541275804620684e-05 5.401376093706306789e-05 4.611174471138951259e-05 3.771764909511377711e-05 3.640994440272619784e-05 3.193170144155147946e-05 2.949901733842897133e-05 1.964235999320154019e-04 4.810275399217325679e-04 1.070294724763292142e-04 1.936338049586423793e-05 1.245229971383576095e-05 1.542960006660124735e-05 4.196638378758707597e-05 1.538738138934088204e-05 7.624707366668689169e-06 1.701089382775127608e-06 1.756125960176101907e-06 2.430480684892770020e-05
7.327479270835009608e-04 7.368531438940597407e-04 9.401824892509170334e-04 1.136451030294781351e-03 5.980708356176873746e-04 3.642574450809562409e-04 3.069813572771065073e-04 2.200437755354479072e-04 2.041451065601257182e-04 1.031086701853154439e-03 3.271710743323322972e-04 6.754918654503817843e-05 4.876745428402751246e-05 2.904991414005923846e-05 3.248092483243287919e-05 1.664009796719220286e-05 3.330812374474676987e-05 1.105934912761960645e-05 4.749221143976389625e-06 4.683379152506855722e-06 6.706402107200427463e-06 2.180929900759141961e-05 3.262849074202892269e-05 1.675668641361700311e-05 5.020886060742686440e-06
2.819499106491953760e-03 1.770121182799356098e-03 1.813290643578798281e-03 1.037296661582458139e-03 7.677279129696010186e-04 6.306122976234855484e-04 5.431583972781658422e-04 4.643246133581017303e-04 2.864478442260680715e-04 2.462071323603086631e-04 2.024712617280296774e-04 8.656838557726526779e-05 6.779367003296063953e-05 6.099634498064646321e-05 3.843419426096254571e-05 1.581652434138600328e-05 7.485803048569400550e-06 4.912375932880610299e-06 4.229466695759586863e-06 3.738761903653890453e-06 1.570839914448877157e-05 1.204107244308630153e-05 2.466074315625750089e-05 6.772699358295534002e-05 5.261730995948143955e-06
1.661197897334650920e-04 1.406072118937527380e-04 1.390828172447172739e-04 1.276547779167483464e-04 2.641786539930907518e-04 6.641490376564211130e-04 1.739521118047909071e-03 1.142200716449486442e-03 3.996052892143734043e-04 3.186235437572241722e-04 1.436428530730163116e-04 7.646786563895041102e-05 4.053305479008171880e-05 7.598482324140592233e-05 2.408370310493181644e-05 1.692839411865807307e-05 1.223728376996358173e-05 7.089619600044555425e-06 4.121279596101473457e-05 2.675407708094396154e-05 6.552634417193337356e-06 2.493279015861091621e-05 7.906114938990866102e-06 1.260658569568412024e-04 3.300914628672856863e-06
7.460718057170422990e-04 7.588829146045821764e-04 5.005516600373388159e-04 4.566017512059780659e-04 2.524606595252686320e-04 1.834780205176151616e-04 1.230155549389922473e-04 1.358298990287092154e-04 1.245687212077963956e-04 6.613536985499479160e-05 5.556488194214050547e-05 4.245399771290112170e-05 3.404114096134342262e-05 3.092675096640620851e-05 2.248058297614130080e-05 1.627614687581176314e-05 1.535910861399046850e-05 1.714412525667372326e-05 2.505515608001627508e-05 1.333024212902758332e-05 4.807309635950899370e-05 4.803699544461912112e-05 1.168962907678286245e-04 3.813803173639421305e-05 5.795701539742231919e-04
2.022260516443289075e-04 1.546615608128359238e-04 1.267229103672740890e-04 1.228905665297426442e-04 8.763121103864359351e-05 8.245978124549402854e-05 6.943708430616478443e-05 5.932187529369226602e-05 5.273264856178749588e-05 5.551887156316344342e-05 6.112233166684297181e-05 4.036620124518850892e-05 6.288780232053618996e-05 2.070168114464585811e-05 1.763210517990124683e-05 1.980455099847253808e-05 1.231952738134214760e-05 9.099688519650399177e-06 2.299198516332256361e-05 1.023035647439180589e-05 1.120036320497386627e-05 1.378033806973122518e-04 3.121749822452625821e-06 2.333080946161092400e-06 2.536940772388903467e-05
4.437739783861826257e-04 2.178002987045578689e-04 3.194450112369060608e-04 3.572501138882629526e-04 3.296255092764215468e-04 3.484821450698940876e-04 2.785069066938800574e-04 1.930852146866210320e-04 8.383855090858350148e-05 4.962554413053648619e-05 3.280460102038232698e-05 2.711667592656287547e-05 4.465522559828775712e-05 5.295154444216724788e-05 4.630140983529076822e-05 2.492710092483542449e-05 1.739123404374523353e-05 1.383612884698908567e-05 1.010922465926801002e-05 8.144237972149590238e-06 1.010315109984667552e-04 3.937845339467317278e-05 9.905171425260540861e-05 4.536458644410160806e-05 4.258612053126342788e-04
1.803302212788230404e-04 1.613171415724400646e-04 1.257800364015904874e-04 1.037312342421171718e-04 8.414038854377292479e-05 7.325317552325331927e-05 6.584203329858174419e-05 5.192485766001280628e-05 5.004412036310459868e-05 4.368975246705425686e-05 3.720288618252544003e-05 3.015426831695715328e-05 2.495637130808239782e-05 3.327198092613478723e-05 1.850087237607894001e-05 1.490902640500004221e-05 1.180729828811277074e-05 8.516337472894516423e-06 7.509926709484203937e-06 6.212585559744593051e-06 5.810268880822604034e-05 4.248005159724870893e-06 2.714151540755401521e-06 1.940550830874672225e-05 2.621198552314224736e-05
1.162508750303869413e-04 1.684305014117906533e-04 1.288733212096444380e-04 1.291884660317135151e-04 1.289936871369501393e-04 5.568348203039426942e-04 5.119290055688815620e-04 4.495049133652422014e-04 1.022809865241380183e-04 2.831330835773705775e-05 2.938774729246641774e-05 2.869723457379337619e-05 2.573266557136909277e-05 2.173998803102258751e-05 1.999991532750524070e-05 1.418642290042038572e-05 2.214344931561406066e-05 2.690284589263656662e-05 2.653232828269897069e-05 7.901618113234001991e-06 4.439337003284005568e-06 2.059825886274510509e-06 1.481823831261654927e-06 6.455752818413756787e-06 1.588248666088844891e-05
1.014301407206632567e-03 8.996593989823433932e-04 7.531472473022428294e-04 5.157380688548015950e-04 4.078107804265647222e-04 4.589825353152065276e-04 4.621840472922389507e-04 2.158170774158914707e-04 1.251205567707855848e-04 8.227785322658106117e-05 7.752225154279877785e-05 4.373138389173206132e-05 3.129503218104883903e-05 3.989796941030050151e-05 3.451788609931486922e-05 3.320124026719890062e-05 1.885572050945996802e-05 1.629384583552618036e-05 2.155584112001587469e-05 9.889565014019884601e-06 2.189188718695015697e-05 1.434125277899650952e-05 1.476292232385929578e-05 9.483462312419157220e-06 4.886264863900215008e-05
3.916146465480380167e-04 3.496431277429889431e-04 2.334925325501187429e-04 1.684300941696100287e-04 3.016444039891339217e-04 2.390507040720962892e-04 1.960102858093353884e-04 1.613384500816874884e-04 1.610952634086103687e-04 1.861110158843952878e-04 1.075436269077778703e-04 9.886719250091385077e-05 6.322492520405645095e-05 4.013475052728516260e-05 2.211601264284766526e-05 1.624413428320756203e-05 1.344796040925039871e-05 2.680057823223171975e-05 9.752113834625203678e-06 6.442829027191599607e-06 1.865320705203774902e-05 6.591888085599596054e-05 7.411546240700888721e-05 4.708016124731566039e-05 1.679671958645727428e-05
2.904767186742669770e-04 2.853529083601815080e-04 2.630770546386425844e-04 3.100632425762102741e-04 9.053118136230156468e-04 4.036045036600142445e-03 9.630794351566611790e-04 4.900104343425862362e-04 6.610772358112673632e-04 2.773852614878611505e-04 1.253787503577991069e-04 5.396569121945947331e-05 4.081623598143990463e-05 1.887440029949807697e-05 1.192069874642548282e-05 8.541676799835484614e-06 6.830319634472529534e-06 5.735906272725424736e-06 8.289491273216077598e-05 5.548027306922510172e-06 1.044285567132111043e-05 4.423657637600757329e-06 5.520681601687462949e-06 3.264314657397059084e-05 1.852041329129886773e-05
9.944275522745947907e-03 4.717258413803926236e-03 1.877037174235959447e-03 5.182541967719365289e-04 3.145257088983044935e-04 2.467260327101668867e-04 2.099594195838390409e-04 2.070707088206581552e-04 1.112722452220245642e-03 2.079804667043378525e-04 4.149583552295179299e-03 7.696087144772415520e-04 1.276324611074440302e-04 6.732484754072184366e-05 7.610003575570672453e-05 4.667810145511739478e-05 2.840965405480423540e-05 1.689071290510670543e-05 1.405968266353724647e-05 1.163773738170346631e-05 4.388226999421739033e-05 3.714313762519552800e-05 4.506412849041088471e-05 7.048860166399521657e-05 9.517943504489930688e-05
2.082845169116366634e-04 1.602202282007466369e-04 1.357534404407838464e-04 1.206442516818005960e-04 1.010090740480741177e-04 8.645271553490529830e-05 7.505615923026275841e-05 7.335533986685641053e-05 6.950112592180990973e-05 7.489861450509894636e-05 2.306540158695783338e-04 4.819238272141608450e-05 3.353666927456062951e-05 1.830319902573270013e-05 1.213477013123191637e-05 1.961071427330441996e-05 1.935692412094262353e-05 3.039531665553663701e-05 5.531504000368250543e-06 4.686028665508606666e-06 7.614624766626170124e-06 2.377993843756290543e-05 1.208491397811559776e-05 1.347155369180673933e-05 6.254154723735427419e-06
7.010403661889182689e-04 6.982954021872602021e-04 6.504016365549763687e-04 4.827956460585735026e-04 2.637240234765039553e-04 2.255234953136115122e-04 1.694585042725891969e-04 2.115046625881561893e-04 1.836173374637778291e-04 5.899760297748920558e-05 2.529779908952852383e-05 2.008381727400533511e-05 1.689307067791472901e-05 1.519388566489691557e-05 1.382574685168975444e-05 3.458455022821196439e-05 1.121573643865319110e-04 3.534502640056867636e-05 2.464680840259918926e-05 8.452351246896900450e-06 3.282707547407095859e-05 5.235276893762095465e-06 4.870467153180063070e-06 9.506222912266167220e-05 1.206333806332038077e-05
1.041482359744423040e-04 8.668297067936371852e-05 7.201621301890204739e-05 7.733550360100511264e-05 6.726529606275173483e-05 5.602388647218717560e-05 4.612363985612568334e-05 3.955719530456670949e-05 3.077920970087038145e-05 2.533404792857294350e-05 2.411039176058337973e-05 1.944197897691262328e-05 2.108063452046621042e-05 2.641222089901275276e-05 1.339282860000276588e-05 1.019402697718806933e-05 1.092453336893925799e-05 2.389041995378053139e-05 2.778119590537403614e-05 5.864513213046802697e-06 4.422671660239258991e-06 8.486079800572926673e-06 3.220368242174501816e-05 1.115873278624179583e-03 2.011176142478747649e-04
5.083809766523347514e-04 5.304310732729257492e-04 5.439836698738996761e-04 6.138177437062963164e-04 4.147307411930472405e-04 2.573650330912967518e-04 2.250728866393508494e-04 9.936906865192967145e-05 6.939156083982625414e-05 5.789440581524781182e-05 4.193644875369258477e-05 3.268298134952386309e-05 2.726362723222117539e-05 2.207022319114870933e-05 1.760905345723627448e-05 1.528668399922564596e-05 1.207948511347420782e-05 9.207420410622791412e-06 6.294716188963541393e-06 1.573891723612047227e-05 9.788447594530971728e-06 1.225005141392199671e-05 2.215124293692323170e-05 2.172526807870464396e-05 9.993454563966353357e-06
1.459009685823001298e-03 1.470783714897198327e-03 1.226507150847902039e-03 9.897033748225230430e-04 6.207283481239285255e-04 3.973936261971229718e-04 2.605844684873699483e-04 1.734011012735312300e-04 1.158766708737947628e-04 1.235867011826096069e-04 1.607835018669420289e-04 1.092624872153855612e-04 7.923217384849636565e-05 6.054359377501415559e-05 4.125764392558757608e-05 2.751101644719677566e-05 1.730002383885837115e-05 9.344195890745513039e-06 3.556695455354330973e-05 1.048543027303769630e-04 4.732483454799427491e-06 2.388239938909801234e-05 1.918364822260990970e-06 4.714174779558022042e-05 4.135785746652418689e-05
2.226032166292004006e-04 2.142127340842387914e-04 1.988018684032065995e-04 1.950382654191501171e-04 6.369165029784058449e-04 4.941668838153600750e-04 2.747988710624020927e-04 2.939769052984757703e-04 4.689854617957668788e-04 5.966846268005139391e-04 3.772204710321478533e-04 2.699453253168927324e-04 3.088470757484031750e-05 1.745290064563333407e-05 1.042628125020108984e-05 5.452635807035491611e-06 4.895885738696737684e-06 3.783251172011820942e-06 3.547416826661786800e-06 8.488992757555232046e-06 2.087476818002552005e-06 1.626978045339685335e-06 1.883259712014993335e-06 9.934687867875778610e-05 4.361693641213650220e-05
2.438761541579271945e-04 2.035220592511257959e-04 1.903148744894599521e-04 1.546744540786691052e-04 1.277939339219080848e-04 1.003144073396539527e-04 8.442163896772615238e-05 6.905533419304653601e-05 6.156011994157433212e-05 5.185733768954086238e-05 4.608504601181225653e-05 4.105304368798643719e-05 3.451384910721031759e-05 8.489986022841450341e-05 3.195239384290996703e-05 1.500672639513581746e-05 1.009025100767925142e-05 8.027176569008027344e-06 7.482318180939426252e-06 1.047002316249684801e-05 2.628073492808240982e-05 4.263908832766789592e-05 7.534864279104207089e-05 3.355902619002323537e-05 3.197010436688230411e-05
5.387804287702667840e-04 3.889135383722172037e-04 2.856723207652197226e-04 3.262635496113371579e-04 3.479226758562119453e-04 2.611162409013662771e-04 5.534596400487467108e-04 4.592302831388236722e-04 2.970882419828411937e-04 1.651314774190380883e-04 1.820289351206315495e-04 6.500022311880618059e-05 4.366971656032286907e-05 2.973987259170570365e-05 2.570688608152607533e-05 2.355654419904935876e-05 7.320275310423660934e-06 4.799020542902800222e-06 4.009752051830129502e-06 3.493426392150864512e-06 1.110710301756239363e-05 4.079192902193788656e-05 2.588013356075611451e-06 2.501585700112854047e-05 6.272954003277012835e-06
1.191171672434025112e-03 8.742455605448681746e-04 7.189490693775811309e-04 4.547775252165006752e-04 4.056259161593076044e-04 3.229884753609590020e-04 3.551889880944876748e-04 2.705697350406416520e-04 2.506486381370534697e-04 1.378680905351558445e-04 1.069783269066303919e-04 9.403608600280542816e-05 7.368585141939676083e-05 7.228148755032951683e-05 6.839353313342664100e-05 5.506252271568477829e-05 3.218380861233126144e-05 1.354551357013497644e-05 7.021275563179122470e-06 1.564838112931661373e-05 1.705341398053403148e-03 6.678622875392242796e-05 4.567470955272734113e-05 3.391237386389736924e-06 1.449284108922384903e-03
5.394281700001540359e-04 4.396369959789381884e-04 4.911324881999639888e-04 2.348848788716812244e-04 2.266199666842657907e-04 1.462872910767669008e-04 1.381920420668065347e-04 1.038275981679415914e-04 9.441287516329346821e-05 5.596863735399156139e-05 3.976080661143905113e-05 3.109443712978517273e-05 2.337489273841043504e-05 1.993398408669204894e-05 2.104610143495691502e-05 1.113420130830847006e-05 1.325527517844100550e-05 4.790497824123701396e-06 5.255189767831536411e-06 6.153827581270877845e-05 1.681943705362930370e-04 3.505144192115909764e-05 8.686790866713169827e-05 5.400860324074595545e-06 6.227710018060034543e-06
2.583004516769294313e-03 2.286595311650066638e-03 2.008323192117322711e-03 1.608280840763163426e-03 1.312745797935017033e-03 6.792263448083832398e-04 4.519800202059840680e-04 3.614065146627584170e-04 1.940254812403762027e-04 2.188504599795571633e-04 1.103794100440547897e-04 5.528697444010957456e-05 4.012552762695838627e-05 3.052559480243526821e-05 2.354286417419370733e-05 1.566533960480321239e-05 8.691992705014291211e-06 5.450391484510624886e-06 3.483024348507097621e-05 3.184857856657154634e-06 3.886536004897024543e-06 1.026858956851622560e-05 2.391385244846836025e-05 2.365984131407770487e-05 3.115124400168638791e-06
1.291470607335569931e-04 1.174148465349064479e-04 8.204317639832571561e-05 7.657731069682512885e-05 5.872137956736479168e-05 4.974084323216299030e-05 4.272187015207508202e-05 3.686342671238823887e-05 3.645895291250568005e-05 3.288526247164245075e-05 3.125267277536529633e-05 2.609885859348083789e-05 2.435131214309437959e-05 2.387161670402588182e-05 1.941087245150654609e-05 1.610105377821631668e-05 1.396642138116719093e-05 1.911033153424960627e-05 1.237610310265264778e-05 4.252632914532512875e-04 4.717654665916617989e-05 1.218902657633939207e-05 1.631335387857650517e-05 5.037889007783778001e-05 9.543510560680307090e-05
9.401378724195497572e-04 1.104010643608332532e-03 6.097407829946322388e-04 3.064139698090398867e-04 3.173976850782394415e-04 2.870201891523704971e-04 2.915070713605722222e-04 1.471466638201222063e-04 1.374433091115351204e-04 1.799434836247151804e-04 6.214607867800852313e-05 3.016940769477954274e-05 2.273316213954047931e-05 1.602991051118869115e-05 1.368503436684138725e-05 1.360303220793010621e-05 2.774707419576559364e-05 1.355153160005500806e-05 4.966960693478954437e-05 4.702754513770495131e-05 1.463314850217498737e-05 3.696337967070145188e-05 4.939574495276028999e-05 6.632053490402735080e-05 1.288653353540341001e-04
1.726049621039221955e-04 1.563532216024450788e-04 1.377459936869995631e-04 1.229551531880085336e-04 1.055627513295061683e-04 9.696655325627159935e-05 7.946680681465200858e-05 6.812755051174646588e-05 5.832853289519927576e-05 4.717928134915919043e-05 3.845289371014658854e-05 3.029850409514611215e-05 2.387389962548211426e-05 1.956315702739719431e-05 1.771108672986244489e-05 2.579206880440035844e-05 8.840936508335300750e-06 7.432833070890428257e-05 4.269946549614430162e-05 7.072629725330444485e-06 1.323098505177858349e-05 3.213406569432201293e-05 1.752078129958520520e-03 1.778706595225950006e-05 3.045728682957521768e-05
2.599907444932006320e-04 1.726135421368127734e-04 1.486360266957775377e-04 1.161438280494304855e-04 8.735347872016312209e-05 7.692792997714890902e-05 6.222188468043323957e-05 5.201293750474582795e-05 4.347408827400484315e-05 3.643107773653487142e-05 2.809376775438828327e-05 2.224817483980889504e-05 1.659638632788436433e-05 1.176841497688164183e-05 8.150150658570249544e-06 6.280381422693246270e-06 5.776122567017540223e-06 3.351798244661628593e-05 2.780018777354244057e-05 4.463193918178728250e-06 6.371022023135426953e-05 2.782404592866276905e-05 3.342304442035283474e-05 3.443541800011430632e-04 3.348139320523154489e-05
6.255121602136584722e-04 5.459493495550884340e-04 2.731712206941572891e-04 2.308645574185938174e-04 1.679047015409575931e-04 2.411252374716000755e-04 1.640887889876267833e-04 1.639123710940519163e-04 1.801267293699853505e-04 8.290542549530373817e-05 6.975860219563643377e-05 5.998936347424351916e-05 1.215199164652781919e-04 2.945482819462411339e-05 2.302805578975543506e-05 2.093456078381088751e-05 1.594769579665752902e-05 1.348265929307191578e-05 1.301816919686545485e-05 2.747011213576905708e-05 3.728035934827092133e-04 2.992587084628739444e-05 2.702358366684696916e-05 5.634965203676970931e-05 1.259350053077375593e-05
1.892842131301742206e-04 1.786302211978480587e-04 1.756037534155384318e-04 1.338928959834216907e-04 1.226658806597341210e-04 1.085076499367984006e-04 1.200041929852657598e-04 1.320294314339074857e-04 1.594515642065849235e-04 2.567976791279069746e-04 6.075597876856312946e-05 3.506922102591244925e-05 3.530610670900548656e-05 2.044504923028234148e-05 1.628116482430089782e-05 1.576198811657487418e-05 1.633408198047877466e-05 1.347478166367700571e-05 9.595249731939270739e-06 8.425290365799978029e-05 6.843070658641736725e-05 4.010632110964562657e-05 2.672886052541841940e-04 2.113467210389053188e-05 5.351060056876585512e-05
5.105137634078460787e-03 5.286549579850373208e-03 4.248618639025799303e-03 3.111827664606216584e-03 2.082464768101736745e-03 1.040134402469990995e-03 9.425725696667099909e-04 7.699157996561271531e-04 4.211262591852966714e-04 1.271037965884943785e-04 9.603487358156318962e-05 7.034809557370301600e-05 5.431677232626306255e-05 4.081810021509550061e-05 3.063668870725194307e-05 2.395974026803042317e-05 1.840930424540146155e-05 1.032224867377351003e-04 1.442679309015782406e-05 6.327534812491410029e-06 1.012384056946322755e-05 6.746291518244466455e-05 1.460105555123199748e-04 8.651171198581844918e-06 3.101055284682164258e-05
1.506499571730258308e-03 1.346536537264556585e-03 1.054289510309060120e-03 8.551891813085958638e-04 6.749548939928773014e-04 4.391635008891901066e-04 3.910907047770108107e-04 2.332406810575870452e-04 2.209335487572008743e-04 3.704459962706800570e-04 8.357468146278052012e-03 1.607883325150364588e-03 5.743130037592600627e-04 1.435617477628642455e-04 3.872406598901969958e-05 2.079224857185225984e-05 1.232524877244075747e-05 8.029027612007881977e-06 6.391389818267829734e-06 6.246668521824941798e-06 1.657999387264454561e-04 2.399951280735846510e-04 8.696225891164781644e-06 8.442658997980560800e-06 4.159404407025070585e-05
5.058701485988254714e-04 3.453493252128983894e-04 4.418500962396883984e-04 3.141828580910044832e-04 1.816159789187107019e-04 1.543194954912817233e-04 1.273761286061277900e-04 1.029270895764975043e-04 8.609759950102801587e-05 6.726599795951119891e-05 4.982155941869917908e-05 3.671790882894969318e-05 2.627425139642535753e-05 2.089879083564477209e-05 3.373309827162484348e-05 4.311381399534636584e-05 8.505551718111943786e-06 5.853401410614882786e-06 3.097160802672771328e-05 3.229070706091883810e-05 4.469914953024763540e-06 1.857528505954885614e-05 1.945126167710553037e-06 2.397800685413327925e-06 9.599255607166574266e-06
7.761054646734708408e-04 5.335686389818291436e-04 5.586110410453446222e-04 8.652019221045592796e-04 8.659408327789342927e-04 5.903169501181995205e-04 2.794263691646528308e-04 2.130394390438881231e-04 2.471056845949150043e-04 6.924735327507341618e-05 5.472140410099044254e-05 4.615247319055762064e-05 3.381640035175692349e-05 2.583602356609941773e-05 1.985663099283800818e-05 1.466946518785507207e-05 1.248991611559515982e-05 1.152055526522988756e-04 1.177887955359459918e-05 4.844740923792825244e-06 2.439460354714355814e-05 2.433036949471821417e-06 2.190964023454394200e-05 3.759909167879436806e-05 8.920417914315242858e-05
4.955260874299483032e-04 5.773408067154520065e-04 4.056501492944638567e-04 3.345817290901021215e-04 2.908630245666148930e-04 1.343756766176774410e-04 1.233259095279359331e-04 1.732580005827398842e-04 2.792982694955019047e-04 2.398853259810611392e-04 3.009343382477215958e-04 2.148778253389121865e-04 3.692243165134121330e-05 2.667421645603458341e-05 1.937532253095445876e-05 1.436395230008330421e-05 9.403386990608391649e-06 3.111741926551680223e-05 7.133535483057467417e-06 2.513976060784416001e-06 2.470788526387648663e-06 1.254567913083625478e-05 1.031283167779852104e-04 7.166319238568297287e-06 1.334746809086506265e-05
7.283045404480086504e-04 6.465023490672497939e-04 2.922267558070732623e-04 3.337061291127017240e-04 4.100440255933644838e-04 4.820585342438400830e-04 9.646452851969038308e-04 6.213082959333699265e-04 2.149325034958211075e-04 1.105670576907993223e-04 1.484517712603734569e-04 9.302917363475595336e-05 5.115451765884491270e-05 2.558683045233761918e-05 2.410872524563853841e-05 4.637767061640398131e-05 1.704907964972687977e-05 2.052603297843386685e-05 7.856802173750738051e-06 5.216105833429250256e-06 5.563683211745580386e-06 1.224120783136279549e-04 9.574192228511629139e-04 2.604684030437391445e-04 4.630057829284508201e-05
5.283371166572986555e-04 5.257418169858524845e-04 5.585943879773888621e-04 4.048153640500929610e-04 3.325948163383080081e-04 1.995386138484598281e-04 1.394622613063263767e-04 1.035793342729052734e-04 7.695655988230800932e-05 5.656829024248939626e-05 8.016125621088756898e-05 5.833383146400206528e-05 2.836167462092497153e-05 2.131082767525564118e-05 1.832995941642682838e-05 8.544093489440820826e-05 1.715898633584584079e-05 3.533040233833948441e-06 1.837902586385790761e-06 1.295197491817780673e-06 1.052550370543908711e-06 2.740813700864290626e-06 4.275316726002380616e-05 2.404113983150076022e-06 8.533053340843659961e-05
5.959152475894078814e-04 4.387064150181702992e-04 3.926548773001643029e-04 1.888249253709052891e-04 1.259845435592623437e-04 9.155193366777833637e-05 7.089059952725198794e-05 4.639204557416453127e-05 3.092961628239845347e-05 2.497821432214251928e-05 2.207950568293329835e-05 1.958371622180673163e-05 1.865271157651426484e-05 1.035989003024845746e-04 2.182431321601032185e-04 2.480040985247148006e-05 2.232775248388529641e-05 1.764184086047613310e-05 1.919313698201562584e-05 3.730223700097599671e-05 1.811916607533732744e-03 1.785239461065655397e-05 5.852555009909225412e-05 8.452032914025663210e-05 2.774261024985814978e-05
1.573127334718565484e-04 1.415708978101062768e-04 1.320394210596946799e-04 1.187274217287761450e-04 1.075416906738440643e-04 9.636681849917416416e-05 8.322706873684325164e-05 7.278236443461007547e-05 6.401522360579885108e-05 5.266767680383383150e-05 4.355231988187704858e-05 3.492858832946507609e-05 2.696697434936185620e-05 1.963958702650079311e-05 1.509500940210094463e-05 1.165426963648891327e-05 8.996553293560078781e-06 8.269040880169202458e-06 6.202614605432815262e-06 1.529087473369373029e-05 7.877909607539291699e-06 2.688423760940145861e-04 2.942223457198900018e-05 3.611657612607116426e-05 6.486157623962440463e-05
5.471990154426828890e-04 5.808894364163313647e-04 3.108443757245933723e-04 3.937178308646901710e-04 3.370520355323554981e-04 3.163179559284412632e-04 1.756883618996240269e-04 1.667114005178899278e-04 1.219247495969263669e-04 2.149452750139194839e-04 1.266842072062687805e-04 4.949309934166968515e-05 5.236666325882753247e-05 1.422512044422708421e-04 4.624140826056700202e-05 1.422712481104290224e-05 9.459408012096856802e-06 6.619061528949129286e-06 5.107688232465773158e-06 4.181933928842835873e-06 4.029998962225707812e-06 2.546170236172204231e-06 9.386906283816760725e-06 1.269035626112099032e-05 2.755348644736768958e-05
2.302496862550873133e-04 2.134569831544299895e-04 1.721365111113793279e-04 3.991705844669924514e-04 1.037593802553500718e-03 8.260485987420817557e-04 4.802021500289160427e-04 6.909844098951121658e-04 1.328139709878358669e-03 6.213186754282285819e-03 3.998605464333534099e-04 3.173045171782826451e-04 1.740660301776578546e-04 1.385271030453766176e-04 1.126989268317757126e-05 6.091125054457519388e-06 4.188637771688536055e-06 3.457546391077673952e-06 3.118923856409647200e-06 2.547569474934467909e-06 2.238253993718611847e-06 2.047281453698131149e-06 2.239014322478577577e-06 1.356612914629037229e-05 3.013107513598288129e-05
9.131293132759145869e-04 7.003452826229390532e-04 5.573917205886101201e-04 6.053888881073331155e-04 5.406623749837728959e-04 5.222990471068706449e-04 4.343726019635954874e-04 3.084273478860619783e-04 2.127575206541316478e-04 9.533958035257237163e-05 5.479737385612679226e-05 3.553753581072049462e-05 2.748841000979616978e-05 2.419264206509251109e-05 2.440933060272142734e-05 2.879578757393228363e-05 1.081992633676691568e-05 4.174693307361831886e-05 9.684297430427491564e-06 3.129463171050938467e-05 6.477928841127656172e-05 1.576964046051778487e-05 1.356408579313635102e-05 2.664366328892316108e-05 1.539960711075005580e-05
2.200542177304456483e-03 1.842917574766128261e-03 1.458229224298825729e-03 6.853142488694423254e-04 8.005835100009916355e-04 1.115787307159503807e-03 1.442974408965107735e-03 8.353653233859907514e-04 3.754671551998105651e-04 4.002223244956965259e-04 1.911915190658858743e-04 2.858314599032291147e-04 7.546779655136315952e-05 3.363646562099847817e-05 2.100632204626584011e-05 1.432381188850431231e-05 8.084553864116875296e-06 5.074233280120608249e-06 3.482665079577093056e-06 3.483218984953255325e-06 6.847937585095580613e-05 2.057678176771940341e-06 1.782310119483749448e-06 8.408574000393736461e-06 1.449388877307781023e-05
6.724524738470306559e-04 5.427042094662428264e-04 5.888710937604216614e-04 4.247502898202608866e-04 2.597149078896502056e-04 2.440835405807553987e-04 1.986436829656601023e-04 1.195885895277788691e-04 7.724741729118274249e-05 5.410999647567934872e-05 4.412203625517591973e-05 3.635304877417038747e-05 2.896952861266051399e-05 2.250215195611888371e-05 1.997587489264365400e-05 1.717171641613630676e-05 1.225968824769338027e-05 1.296385279354179515e-05 1.605851111720767068e-04 8.270692096193637969e-04 1.229582834161243815e-05 1.575675539460115224e-05 1.893887337737597542e-05 5.302130551253512379e-05 2.272178314187591874e-04
1.434556682105216248e-04 1.294528601384524675e-04 1.194592465480270665e-04 1.068364656766751774e-04 1.082020156909765859e-04 8.628181930960339321e-05 7.633390931773814778e-05 6.433530340703201512e-05 6.090486343642106704e-05 1.898749390318422254e-04 9.277828462886230710e-05 4.362921621619589264e-05 2.133592257953681898e-05 1.724574168851973892e-05 1.320985265085662762e-05 6.773653390201021156e-05 1.494106613477432465e-04 2.392372255366039530e-05 5.375704084541346419e-06 4.545007161136432163e-06 1.122849483765868581e-05 2.232513473337273730e-05 7.234768824317785237e-05 4.262739677526324278e-05 2.330725153372900063e-04
2.540695572495881580e-04 2.636317542964632457e-04 2.215047843675974017e-04 2.236215380889075707e-04 2.067859931074142769e-04 2.298906474207713273e-04 1.844572262391504464e-04 3.743652415910608128e-03 2.078703966787357089e-03 1.750777967644613652e-04 8.749777862880802812e-05 5.791192280387629041e-05 3.311048733227961937e-05 2.614212873830501130e-05 5.729038356724483548e-05 1.498877213327466567e-05 2.271848798034935732e-05 1.795337085293042213e-05 5.320296652653953315e-06 7.044327457685127612e-05 7.226015547648586365e-06 6.305481400470893034e-06 5.296821103942139000e-05 4.667032483181010605e-04 1.262493391301444971e-03
2.559019013957040110e-04 2.282023757002764395e-04 1.976263707959724394e-04 1.640857306794627206e-04 1.193029442168255127e-04 9.411609643852577624e-05 7.836696518549008620e-05 5.897402690889874899e-05 5.004479764698878050e-05 4.508564561658820534e-05 7.304980388675308823e-05 5.605676494109929325e-05 1.992650344850251028e-05 4.743049405228668948e-05 8.280498618677658489e-05 1.420953951460567519e-05 3.071956421165394127e-05 3.700194195173267840e-05 4.737617707533582616e-06 4.540214197370127204e-05 3.052675610359033390e-06 4.791748686805114989e-06 6.234164554855867841e-05 1.284180342511269271e-06 1.397761041261789517e-06
3.115585884619528055e-04 2.869750051384479584e-04 2.445629548161653492e-04 1.875091956637639284e-04 1.632737380767042669e-04 1.233402526968739457e-04 9.787728959091114512e-05 8.334980709493178535e-05 6.752034177075399502e-05 5.385469057333030048e-05 4.368787112000253859e-05 3.635458367325623634e-05 2.903750810718702498e-05 3.843189714756258441e-05 6.342440633326371568e-05 1.134737574578261565e-05 7.045937717956522204e-06 5.485983506210406120e-06 4.834058310621773621e-06 3.640820752192014152e-06 2.730869999484522001e-06 3.828868593355920985e-05 9.864802382309601067e-05 2.015284697707639140e-05 1.213076651847725548e-05
3.403366480365655465e-04 3.372570277103238766e-04 2.787208244060917204e-04 5.024300026468097452e-04 4.397955163403792934e-04 3.634813896695709414e-04 3.276800866808237127e-04 3.544803099670249826e-04 1.447286107988738550e-04 6.519210799608780285e-05 4.473399230818910291e-05 2.999437288535111392e-05 2.245510244967352867e-05 1.555754087910586416e-05 1.135102146500354195e-05 7.486117521387916231e-06 4.933960776525240598e-06 3.145675813794485187e-06 2.271817113481828478e-06 1.867233661397513956e-06 1.533162388243594532e-06 5.156900213885213327e-06 3.203501700730866842e-05 4.821271031110975246e-06 3.365626702615774759e-05
8.478249902344440906e-04 8.394799160293409937e-04 1.076390907151519253e-03 8.928896257221844704e-04 7.348972694423060127e-04 5.336743281992937377e-04 3.433010120123456115e-04 2.555395529118377278e-04 1.479592490143015265e-04 8.485535105660082188e-05 5.252132085339998835e-05 1.035671239924912076e-04 6.825802663618043989e-05 3.389519209561378223e-05 1.924467144771162036e-05 1.703171675791481044e-05 1.754873963184264160e-05 1.448425990842927567e-05 1.160463786948762657e-05 4.729576218637775322e-05 9.651497607644316941e-06 3.612574821748982081e-05 5.074943513598462912e-05 1.413373546128093372e-04 4.114435786970807449e-05
1.198208827336630903e-04 1.293973450542882102e-04 1.255199923770402323e-04 9.536179220736230226e-05 1.048028570885728883e-04 1.039230125282130464e-04 8.443740822229662863e-05 8.103658391619995296e-05 5.986632614772975343e-05 5.205121544982438354e-05 3.380774517004601258e-05 2.572884387746166162e-05 1.877595068116678716e-05 1.462613934383452960e-05 6.617212312079805115e-05 8.945009931096196300e-06 7.884759964980180087e-06 6.850531100456923923e-06 5.215199053874042956e-05 2.888324037391115895e-05 2.973582362173461727e-06 2.269006545796191622e-06 1.204076385975786268e-05 1.290201753702714981e-05 9.890801572299712878e-06
1.808413817135423650e-04 2.971193123661464435e-04 2.398395650664394323e-04 6.135648654962955455e-04 3.847336200991707464e-04 2.031228987560565003e-04 6.134219949451087846e-04 1.397441772532675638e-02 9.273533312390846300e-03 1.168891576430995682e-04 6.298480211560620007e-05 4.423720699801581149e-05 3.284580282920333263e-05 2.466092124803571649e-05 2.111796531974278538e-05 1.040900845381528871e-04 4.954853348083080753e-05 9.979697981313497603e-06 7.000711942884613326e-06 3.139003486890678944e-05 2.687680214459707442e-05 2.902770747536458419e-06 1.785992738590512883e-06 1.371298610991990504e-05 5.136984388151569409e-05
8.469668881120877724e-04 5.369858942047234197e-04 5.789073135893039708e-04 3.176552220641331616e-04 1.397089532195907148e-04 1.012159927745711957e-04 7.006438078705206230e-05 5.955108170716096126e-05 4.902179808130409730e-05 4.165369838724751066e-05 3.773161758448642813e-05 3.504780699876186068e-05 3.067758132593875975e-05 3.019132584604627091e-05 5.465607704528617315e-05 2.217955759202537002e-05 1.605383965905944849e-05 1.018975202521428258e-05 1.751468205333545661e-05 2.044281911739070831e-05 1.350218074864655986e-05 4.974200480121460078e-06 1.169361586103720591e-05 2.622915876294497247e-05 6.420236305674199774e-05
1.256204638958658467e-04 8.045085033665005567e-05 9.808636611150772376e-05 8.470230283516901341e-05 8.283621028371564285e-05 6.750517494921617727e-05 5.796961940101314609e-05 8.837092519634393083e-05 1.460036517161339854e-04 5.507045465098931445e-05 4.219591259975676207e-05 2.524832281061604336e-05 2.442427574976333010e-05 3.042155161148655536e-05 2.267217593962347853e-05 1.482294118780481810e-05 1.000220956051271294e-05 8.527101248658018747e-06 5.762667656881080593e-06 3.845685953940589911e-06 3.110932815167982587e-06 1.856483441924196103e-05 4.695782133616976562e-06 1.925251928605651550e-05 3.208881197477988839e-05
2.277540786545733211e-04 2.310221123417601061e-04 1.020861055622697525e-04 7.002301581009348597e-05 8.622503429979210064e-05 8.417824942365484549e-05 8.071636166075241646e-05 4.607288571044785750e-05 2.778175736565367560e-05 2.076309349657682479e-05 1.481165931036060224e-05 7.859887988613088337e-05 3.645306905123126473e-04 3.107053482466910879e-05 1.960011703210546124e-05 8.063082093776269364e-06 5.605036775215518014e-06 4.113229631040133564e-06 2.870279825524260293e-06 2.488432880020010750e-06 3.275722251696755759e-05 2.162681635375106719e-05 2.242970908479994816e-06 4.725797775075908516e-05 2.772312714819310950e-05
2.039360027467687891e-04 1.614426807359968454e-04 1.528267908938453728e-04 1.254012342527939484e-04 1.097005939022874937e-04 9.327468491015668121e-05 6.908035536153142966e-05 6.177601389003922402e-05 4.664775160577797742e-05 3.695820406658410014e-05 2.860024699820758979e-05 2.205687925176720931e-05 1.754371704439116304e-05 1.428103158125185957e-05 1.203777701386615187e-05 9.015480159715999532e-06 3.896420011203812747e-05 7.754679772358901783e-06 3.544301521051783788e-06 3.725757903129818223e-06 1.866829068192655920e-05 1.186287484267100210e-05 2.489899848033502478e-05 1.149687822407471129e-04 5.991823643799110475e-05
5.753028586690608513e-04 5.008255461674050203e-04 5.653125239018993997e-04 4.346442297861444659e-04 3.261064564636672637e-04 3.676382965819850377e-04 2.085152758851140889e-04 1.223105138671597744e-04 6.505355588410522826e-05 6.558210280647218057e-05 5.968821612306361371e-05 4.682778505615847899e-05 3.695650319840806838e-05 2.846850650777849130e-05 1.847220999944564383e-05 5.958225483914127808e-05 1.521193041948956674e-05 1.010586265672645372e-05 1.215246569559287889e-05 1.783853928483018902e-05 4.442608005936852914e-06 3.814985444930179429e-06 2.699980872773245674e-05 3.983633534704160676e-06 1.906161399900942297e-04
8.068575516444548507e-04 8.012836599158983672e-04 6.058616178661966473e-04 1.038138454483421031e-03 7.092029387453986124e-04 3.791955535815727031e-04 2.720622775077286546e-04 2.544405788074548020e-04 1.887959066457747977e-04 1.379479060950461336e-04 9.696532315145980549e-05 1.070196396424665430e-04 3.457784173714898763e-05 2.526098897035141837e-05 3.263720992820077165e-05 4.366326612269393488e-05 2.981499526935699017e-05 1.868122134193958165e-05 2.052973248551720353e-05 1.008652221738809306e-05 1.054527393743862258e-04 6.518408660472152722e-05 1.213310218054794540e-04 4.260711640713943496e-05 2.630226355540350762e-05
6.558247112654250850e-04 5.546833225469112059e-04 5.245395875552841302e-04 4.357694436336551698e-04 3.861553245494632643e-04 4.261293049846407040e-04 2.928096798333815328e-04 1.819320082533587633e-04 2.581225659456131338e-04 9.284826974641753410e-05 4.745405317578192352e-05 2.294161133176255199e-04 3.074099853336958988e-04 6.792357460658244195e-05 3.123171021859033868e-05 1.466934562961960515e-05 1.133937188539886505e-05 8.220213899457817287e-06 1.429239103147099513e-05 6.037275549709666988e-05 7.999798810027165794e-06 8.970194649032918737e-05 2.573030714354991171e-05 3.762150304471775639e-05 1.268532051603110962e-05
2.004185812239336515e-04 2.011972734559049655e-04 1.837961436318746096e-04 9.108550324638767671e-05 1.290668090945604478e-04 6.312304953674488961e-05 7.125302620925106820e-05 7.918292350215205800e-05 2.446940776191168618e-04 1.690606302497068072e-03 9.220643160426671885e-04 5.421395288214248497e-05 5.563465578456234433e-05 3.687535598544714962e-05 2.691033334247778811e-05 2.799227253975706796e-05 1.890718395604355765e-05 2.162208669248354533e-05 9.349265356956712393e-06 6.895240069198229473e-06 5.399579648285451600e-06 2.855067192137680364e-05 3.198285791851433963e-04 1.213806178856747771e-03 6.229513214747477036e-06
1.234439543236417753e-04 1.215447756217447826e-04 1.339905827145231011e-04 7.908484602918273597e-05 8.766472585996377541e-05 7.002155626710086257e-05 5.612247629017009382e-05 4.966109853024165509e-05 4.289938065881394907e-05 3.494550709112587654e-05 2.815441569979210926e-05 2.243995012215621362e-05 2.579805989081526449e-05 2.140094027506015293e-05 1.191009401610624843e-05 1.652393993085952848e-05 8.308884896774814018e-05 5.402578082247795742e-06 3.102975152291823443e-06 2.616492076268614383e-06 1.766275924122888012e-06 1.294604914573930781e-06 1.024175752346151660e-06 8.052329852778858277e-07 7.592924984410400770e-07
2.189237185173125604e-04 1.825692288748204833e-04 1.560471179653128977e-04 3.950910283321918195e-04 3.387961391374907948e-04 1.991541047213018860e-04 2.531593105595944049e-04 2.075087665460513986e-04 1.309090481500278997e-04 8.355217684765036356e-05 7.577299696529758146e-05 7.521527722983211242e-05 3.818383616742627084e-05 7.517731702965808871e-05 3.003912932034095675e-05 5.710016161332515864e-05 2.700142253705893513e-05 1.024672293174574214e-05 6.688853609247208458e-06 4.867632757239250300e-06 4.372177233131862000e-06 1.563412193324931123e-05 7.283385634330472224e-06 3.517432690107143763e-05 2.957854838042004927e-04
8.552165798948791918e-04 6.192248681710231691e-04 5.550299630029031841e-04 5.685759067872892284e-04 5.767733745629694420e-04 3.650765666372377677e-04 4.699298514533003417e-04 6.377222101050599411e-04 1.916765708631611035e-04 8.701165325090794091e-05 5.772915332090767582e-05 5.272606847099845965e-05 4.721884313644072469e-05 4.351463201273614252e-05 3.990914061459361825e-05 2.543809086071490672e-05 1.274016326938023570e-05 7.876786295611893702e-06 6.675489100401104544e-06 4.140115505705666739e-06 3.591263624585696858e-05 4.692052272042305081e-06 2.182448818048598845e-05 4.045628177607951356e-05 7.134659577419307256e-05
1.141979266753472065e-04 1.095771282110530597e-04 9.068637637459020463e-05 9.145238933012304981e-05 9.273470730275760619e-05 7.937298051427151295e-05 5.871295393316681613e-05 4.377342533585602266e-05 2.855482996005345034e-05 2.244092738203592961e-05 1.957404702405092576e-05 1.405168668725348155e-05 1.105863937846259074e-05 9.574432659719207380e-06 8.098847717213389252e-06 7.470857596039918795e-06 6.558532822293899917e-06 7.076984340823151396e-06 6.982608272071538927e-06 6.888140056322005118e-05 2.067345998659141603e-05 3.819241380610570540e-06 1.353460340832150962e-05 1.456867879105071164e-05 2.409311943436098571e-05
1.104855160669952893e-03 8.369621818681656153e-04 6.269864799198690943e-04 4.087224422912323196e-04 3.917439999208861151e-04 4.013969573687052443e-04 3.545548684737374586e-04 2.718498280957749001e-04 2.009894919685693132e-04 9.040245121532765381e-05 5.181628455545356129e-05 4.331405145954130513e-05 3.603136080689988167e-05 3.368155072076475250e-05 2.563014504442055606e-05 1.600124510623072006e-05 1.004989842077392119e-05 6.444823133778492376e-06 4.276828215153041740e-06 2.828125457225133302e-06 2.042666632309836206e-06 1.359175175148725108e-06 9.683382908947381522e-07 8.496381882345185628e-07 6.687668856328568357e-06
2.621714867818518684e-04 2.376107133493654414e-04 2.026288497550180043e-04 2.058467202417939746e-04 2.474986325304764771e-04 1.443919672067930167e-04 1.663878833677227115e-04 2.209334871441571329e-04 3.293695692124924993e-04 9.077395932597307740e-05 4.623679113594615842e-05 3.275410548435583381e-05 2.052799609300763253e-05 1.511624696634765844e-05 5.911267658533946365e-05 9.593153732372556631e-06 6.540229528822873916e-06 3.031441218201986140e-06 2.132002250367357331e-06 3.461650667780743253e-05 1.977409938620345076e-06 2.033571303579549345e-06 1.830336972187013802e-06 1.311405576221757373e-05 8.453794170758541302e-05
1.913228292276055354e-04 1.680770858703718046e-04 1.502670119410003157e-04 1.277289250355883785e-04 1.162471456806381530e-04 9.840064314189955232e-05 8.300901734471797849e-05 6.905472545706439573e-05 5.923271174595551937e-05 4.797542994189364505e-05 3.970054240480741184e-05 3.270259323228644801e-05 2.419206840099678217e-05 1.672527060732553210e-05 1.173480176847860276e-05 8.122050755926254144e-06 6.527228150355496124e-06 1.226534523237428425e-05 4.375025208641225543e-06 3.901776226496371058e-06 3.135861613468870660e-05 3.508323752430477513e-06 1.648923288952370672e-05 1.298944235618039981e-05 1.057043571001069476e-04
1.829846117040153167e-04 1.718021589786930634e-04 1.527768596143831497e-04 1.322979951172749565e-04 1.145555297067136493e-04 1.008020499343535421e-04 7.611859746780402336e-05 6.269961578431021128e-05 4.546510174281984324e-05 3.656487011902539243e-05 2.822021114427525882e-05 2.557474189418920582e-05 5.831617027277069803e-05 2.957501184467317175e-05 2.426052525933655615e-05 2.560672181340558417e-05 1.948250905512122116e-05 9.608386417044592419e-06 6.807505859624624769e-06 5.279886333931660351e-06 3.699535611820822796e-06 1.375543377210362405e-05 8.793989505081361603e-05 2.344761496980012952e-06 5.370995223054849836e-05
6.435107931110734490e-05 1.315131098592552778e-04 8.818650187115266729e-05 7.552013797013218117e-05 7.305476607530442495e-05 5.650593379999219407e-05 3.811454061931883079e-05 1.796816005228964684e-05 1.594917454531047230e-05 1.123455094509172119e-05 1.318396016611178212e-05 9.405189225270579965e-06 8.461921822067301847e-06 9.916994360957058250e-06 1.342677384957329840e-05 9.626037641963826398e-06 7.190868631358640816e-06 6.131811907730812816e-06 5.387393894772113260e-06 1.003516060849559846e-05 3.240642123896085007e-06 2.921122077195816029e-06 1.852394386851692653e-05 1.230889984589724059e-06 1.069635529716228530e-06
3.315091567334527275e-04 2.754136601495402984e-04 2.570789259012658083e-04 2.443263986452789559e-04 2.098103922858935463e-04 1.825552564503404992e-04 6.723360660688607179e-04 8.526000696008658852e-04 6.615693888532430973e-04 4.166404966458711091e-03 1.133954559106401536e-03 2.546148332588550481e-04 1.351965640730693656e-04 2.752144952459987224e-05 1.523998563333661986e-05 7.275672497344444398e-06 4.523731551675984157e-06 3.500838083411527762e-06 9.296152040600978895e-06 3.353421516979199800e-06 2.642153694960516045e-05 1.339544315096044818e-04 2.707839781298168653e-06 1.563800861921895639e-06 3.264854593120769408e-05
3.024757917586137703e-04 3.060172931809348323e-04 2.384511611285708107e-04 2.266651429727007078e-04 2.910245035277631833e-04 3.277816391621257578e-04 2.934370901981404227e-04 3.967335871413902194e-04 7.345928447836592892e-05 5.861968526312905998e-05 4.852419624322193404e-05 5.533991992011737634e-05 1.120415324568744560e-04 1.789015888419341635e-05 1.221541717190530426e-05 7.830738457580969206e-06 4.996737614277502626e-06 3.589124197705679743e-06 2.924434313989767492e-06 3.046429632020875556e-05 1.977684165755301588e-06 2.022027002598593722e-06 2.772494594518475440e-06 1.238151471887113800e-04 3.857570946577711774e-05
2.090363916761330508e-04 1.673944057094662295e-04 1.608178367853224319e-04 1.355263504257185972e-04 1.197614701838293648e-04 8.950140368661048884e-05 8.042656017662948059e-05 6.236825525123418097e-05 5.071277141327154987e-05 3.944258841081823809e-05 4.882813437074258115e-05 1.996532542563948765e-04 2.443299750437412745e-04 1.347363119559287731e-04 1.687846212415965521e-05 1.234895975805776657e-05 9.208637086754623639e-06 6.790091014199660298e-06 5.991719060980294794e-06 5.286579849701633372e-06 7.613694214096255156e-06 2.267165651504625905e-05 2.320475388683080850e-04 1.303452807880112771e-04 5.282861732328662877e-05
1.609703870498011707e-04 1.450766705972966102e-04 1.266610083507549553e-04 1.107920892729552992e-04 9.764145440583161595e-05 7.876835875330023525e-05 7.078846084219525634e-05 5.478583662580851924e-05 4.572271111559042425e-05 3.703301978564496079e-05 3.608726574812727507e-05 4.779685970282008319e-05 9.976769854917363325e-05 4.663110612055188853e-05 2.211091345653317847e-05 1.611385466368984944e-05 1.651209660252329019e-05 1.678949470434525930e-05 9.884123772833737276e-06 2.305679688287954923e-05 5.078515501430222565e-05 1.189325765071309800e-04 5.011063124368372081e-05 1.174400550206656363e-05 5.137790616384154698e-05
4.330012394147818061e-04 4.268775602565928404e-04 2.820346846631115959e-04 2.213628165632688374e-04 2.043494544620570350e-04 1.982414548364010609e-04 2.246233084294842035e-04 1.694978860300984456e-04 3.000689586310924901e-04 2.328721985538144380e-04 9.469364094192679398e-05 1.568847825628986352e-04 4.024276362778279799e-05 2.421163421829058209e-05 1.782824509595832253e-05 1.329265758457503637e-05 5.022719779261660740e-05 9.708053460305043257e-06 6.280347350007271627e-06 7.840863626443047093e-06 5.640715905663577258e-04 5.503143903291993991e-04 5.557417201520464021e-06 3.606791148414206820e-05 1.423911336091051123e-05
8.858113642381557431e-05 8.342582305537586955e-05 7.737946397765248739e-05 7.406312960063057339e-05 6.989071712796232920e-05 5.483387206202691526e-05 4.720304801440426267e-05 3.447209282897822615e-05 2.774266813253041072e-05 2.264624446670710761e-05 1.809749010400419413e-05 1.487390304994895172e-05 1.211720287920866801e-05 1.014374810258292402e-05 8.893912107874915224e-06 7.884466919166687216e-06 7.002599128266980442e-06 5.081055577469745462e-06 3.115789377820533303e-06 2.352574508137892302e-06 1.900140946894121954e-06 2.310503074910322146e-05 3.658051025105917020e-05 2.489629855469072193e-05 1.523095772464368904e-05
6.252720938089980718e-04 4.122795023363521900e-04 3.432106594739000108e-04 1.629675996023284275e-04 1.712922811740766966e-04 1.043000127941267073e-04 1.956279698069646363e-04 5.796859404284614809e-04 4.890640397405504256e-03 6.890808904065776888e-04 1.063001077147294381e-04 2.764725385085876146e-05 1.944099098816024911e-05 1.641914542437266451e-05 1.363992396487016939e-05 1.214681738471254260e-05 1.141450093078694732e-05 1.097033306260664722e-05 6.966269952169437890e-06 5.123210142385340779e-06 3.353221488855557861e-06 3.482628038732333268e-05 2.034286172788501671e-06 2.650060921349675123e-05 1.084095625549305817e-05
6.950796893323483950e-04 6.511555648986725939e-04 7.278572606880272028e-04 7.218815922322551620e-04 5.516237105980434071e-04 3.958135554007244481e-04 3.157038596290445654e-04 2.494445939303202684e-04 2.141500064515763891e-04 1.346944754156444689e-04 7.999067906923575035e-05 6.890842268175550718e-05 4.214174446644620108e-05 2.757653268555807278e-05 2.136803704686223395e-05 1.877910125293584626e-05 1.364844980872169992e-05 3.213492629596622805e-05 1.568173562094849835e-05 6.205752947174933945e-06 9.899725089474190339e-06 5.538557988561039332e-06 3.268439150520516831e-05 4.844008366119326549e-05 8.286797353427450814e-05
1.263077971175331164e-03 6.468034242117893335e-04 5.965490579478440435e-04 4.569797505684244595e-04 2.551339102056817657e-04 2.724754134125959818e-04 2.618511406193707591e-04 2.521542489870381661e-04 2.503289063717591871e-04 2.159394578247072973e-04 3.009301611038846073e-04 3.370852576179041572e-04 4.180579209571659013e-05 1.726736654246011679e-05 1.371562427489140751e-05 1.029306970956293036e-05 1.107770057691678041e-05 7.528277758731852121e-06 5.846416954908909477e-06 4.212911180453450024e-06 3.384542145326012655e-06 2.816818166973641408e-06 3.151303733994186983e-05 2.052978459723794285e-06 2.658583806054934327e-05
1.321468544120271639e-04 8.696764473852015029e-05 8.683226613891416811e-05 7.901727467496780807e-05 6.423515881554113266e-05 6.017463774583243163e-05 5.212250376471601809e-05 4.354811706066900304e-05 3.782449365565186775e-05 3.243458285879203482e-05 2.642612558953020418e-05 2.091440191723337801e-05 1.593676150751636807e-05 1.247338614484030624e-05 1.017153762785665710e-05 1.042420499267533468e-05 6.877471536903972078e-06 3.726295926565846014e-05 3.752572363193623354e-06 2.997442932248025409e-06 7.469819742700033634e-06 4.065550495112575744e-04 1.197905240623400020e-05 1.202223217032002544e-05 4.683143659452453002e-05
1.470738048855304647e-04 1.417355930261076421e-04 1.230154879847383115e-04 9.976895891345772312e-05 9.650684283838595779e-05 7.740844207770385891e-05 6.647555262500520811e-05 5.513744049609113857e-05 4.475807474316717517e-05 3.666111138155947973e-05 2.712660747577371858e-05 2.139952171158043730e-05 1.558091159427230045e-05 1.093691886836916120e-05 7.476263110287677069e-06 5.245587151586530391e-06 3.554559372414419160e-06 2.270464104095960708e-06 2.541499745016849142e-06 2.639743546749657296e-06 2.354591639713594564e-05 1.948067224260280243e-06 1.570498810064934564e-06 2.366690353529180555e-05 4.955491546333448607e-05
1.350500696049505768e-04 1.304542711757785908e-04 1.126868017899787554e-04 9.859402645263076065e-05 8.924460184928843885e-05 7.770864555032866937e-05 6.520821457109537826e-05 5.544539551264305140e-05 4.611230407796175262e-05 3.628613663098885576e-05 2.989040016863612928e-05 2.294489848250766550e-05 1.663974021999679642e-05 1.251782176770147595e-05 9.253270029344539552e-06 6.735897011588102197e-06 4.876873518425579552e-06 3.599740654163312514e-06 2.818743502711414341e-06 2.393137859854924134e-06 1.958189762123172220e-06 1.796297738518677990e-06 2.128613947086490665e-06 5.861311759043914517e-05 2.404189193542785182e-05
2.516748515433936493e-04 2.632351021655004075e-04 2.859113147404839135e-04 5.637271568442063697e-05 6.112459800037548842e-05 6.108552466797574773e-05 5.553364479318454887e-05 4.385155065043014441e-05 3.065115435849964393e-05 4.084671391896109997e-05 3.479860874026345261e-05 7.032630134824650414e-05 5.389471064058435837e-05 2.567626110258125333e-05 1.918177637402848651e-05 1.471574911052173930e-05 1.546495412744613849e-05 1.206617268446927425e-05 4.312406189000185394e-05 4.706784563904916207e-06 3.196219300277847683e-06 1.498403592959184926e-05 4.359985513740587206e-06 4.071479669576469519e-05 3.672246397173351549e-05
7.481527165312085821e-04 5.918215837626991747e-04 6.616375978590455492e-04 4.683198394238664354e-04 5.448537111930705631e-04 6.985255750999888689e-04 3.474284878276834624e-04 1.887297846796660535e-04 1.457049828664301432e-04 9.225467223765088163e-05 5.310002035522149919e-05 4.035009493431969456e-05 3.050716603831516799e-05 1.682596491220929942e-05 1.032921298715217871e-05 6.250395461901087901e-06 4.878378191539378657e-06 3.894227805435523042e-06 2.959667654229362538e-06 2.401770592398465126e-06 1.047901179849749779e-05 2.660490026102846963e-06 1.330032232987132335e-04 7.198247567619403253e-06 1.806892552915126450e-06
2.285636424225264850e-04 1.448057953866468657e-04 9.837603053249010501e-05 5.473166924912865791e-05 4.547638105443850787e-05 8.245833265125597630e-05 3.280359662589736711e-04 1.832156679096228185e-04 4.787950541014229257e-05 2.742362971639764651e-05 2.190380317255249365e-05 2.031021059296670710e-05 1.806414249533376832e-05 2.345601038294224130e-05 1.528574217932496233e-05 1.340012174902617824e-05 8.930498817534496139e-06 7.531680136113273053e-06 5.542003967508361367e-06 4.275220734768516585e-06 3.492905361083561827e-06 2.166086057743397652e-05 3.546705823186239076e-05 1.783433192573928035e-05 1.480645072435544214e-04
5.397522893201105176e-04 6.419103451892830669e-04 6.762496008847514303e-04 6.470088254442868392e-04 4.739056945704464563e-04 4.560518642890355376e-04 4.574579862515067131e-04 1.662432752307735026e-04 7.631314216024199224e-05 4.363627763088051835e-05 2.572195463487668920e-05 2.033179662584750795e-05 1.808719107501000615e-05 1.711213112412418759e-05 1.438937058400590112e-05 1.225070730158169690e-05 9.604662200259306238e-06 7.847456830832710609e-06 6.605740263711771279e-06 4.908689484225791539e-06 1.938961217247402879e-05 6.746276122288711870e-05 2.660561899611154550e-06 2.035482595068988698e-05 1.674365966886189595e-06
1.923641427437366611e-04 1.661294553257110760e-04 1.536725262070801762e-04 1.380261985283950271e-04 1.255476181736566008e-04 1.065772544051461936e-04 9.012297556889002365e-05 7.549071794554646224e-05 6.014403427093097440e-05 4.829249516069408158e-05 3.651615983432959670e-05 2.729646570825012205e-05 2.042837088569325930e-05 1.535760798527652300e-05 1.388961865214574925e-05 6.758210307471814457e-05 5.658930456313306989e-06 3.445636892616777718e-06 2.476086947520649211e-06 2.359911168178977548e-06 2.249869673004776254e-06 3.795449375987156521e-06 5.018487675560354406e-06 7.379111368179067793e-05 6.340129166412303546e-04
1.500692673919312042e-04 1.446931165614076260e-04 1.250536642720453256e-04 1.067916540234203833e-04 8.901819601178013780e-05 7.401192757694822751e-05 5.840671162734644253e-05 5.332901248298516946e-05 4.187666869427412379e-05 3.583903050639329662e-05 2.938947447451399224e-05 1.958814952206471542e-05 1.426948862928226406e-05 9.426273224217943407e-06 7.374195169562784150e-06 6.582202597618427492e-06 6.541290980280482519e-06 4.000082425054529570e-06 3.116048912323710453e-06 3.354139439784975310e-06 2.785294020594575359e-06 1.870980225320024580e-05 1.757253654005693828e-05 1.583544649721535520e-06 4.814029001162237268e-05
1.943368736507866744e-04 1.713164738873411766e-04 1.173155492161929753e-04 9.459755731089314280e-05 7.675970698447848932e-05 5.804671569948865301e-05 4.661648054979068370e-05 4.058333402723829044e-05 2.854874730920885410e-05 2.203583292075248881e-05 1.745257352528094895e-05 1.312645888305407760e-05 9.567639482839887757e-06 7.903831659778360808e-06 6.751886707101158449e-06 6.052429923163911124e-06 5.713260767287991716e-06 5.327337175490860331e-06 4.923775612922513138e-06 3.804443656938943982e-06 2.987206661466166154e-06 1.903683939144299215e-05 3.168701316271892865e-06 1.839530080568631791e-05 2.045782800029404490e-04
2.289056007184272091e-04 1.997647470530280339e-04 3.165162903770345139e-04 2.820236276651279955e-04 1.506132220732380974e-04 1.680603558483136117e-04 1.604408852495283334e-04 4.463285248750058307e-04 1.804893212287725715e-04 6.430309722184416590e-05 8.356067509348071704e-05 8.903739486242495140e-05 4.949201686697538618e-05 5.087150426451315639e-05 5.978556387000758882e-05 1.370001613141550807e-05 1.158398027936926878e-05 8.615057286433446413e-06 6.839485541856751247e-06 5.212565114659780379e-06 5.171621872582857239e-06 1.270285510758955087e-05 1.839078585764732503e-06 5.468198215745460899e-05 2.351319659810186268e-05
1.176573344623610748e-04 8.510815391590313369e-05 7.143173258086394652e-05 7.170868964812117461e-05 5.175613326146970701e-05 4.191848475842081719e-05 3.391683507475702999e-05 2.629337335135605380e-05 2.062704802470673355e-05 1.627910216293873753e-05 1.235849141570178227e-05 1.219335693880859150e-05 9.815933850186837767e-06 1.097502148267645635e-05 1.059487676784749162e-04 3.524186733071796497e-05 8.825771899300407941e-06 7.201996709698122500e-06 1.084176036731181995e-05 3.723440733840893712e-06 3.869167236953070774e-06 1.844517922939094081e-06 1.555280295383261179e-06 1.529884730108700205e-06 1.263540118191978219e-06
